subject,true_param_sampling,source_subject_idx,source_draw_idx,b1_true,b1_est,b1_refit_q025,b1_refit_q975,b1_refit_q25,b1_refit_q75,b2_true,b2_est,b2_refit_q025,b2_refit_q975,b2_refit_q25,b2_refit_q75,b3_true,b3_est,b3_refit_q025,b3_refit_q975,b3_refit_q25,b3_refit_q75,b4_true,b4_est,b4_refit_q025,b4_refit_q975,b4_refit_q25,b4_refit_q75,a1_true,a1_est,a1_refit_q025,a1_refit_q975,a1_refit_q25,a1_refit_q75,a2_true,a2_est,a2_refit_q025,a2_refit_q975,a2_refit_q25,a2_refit_q75
6202,independent,9,2270,5.343837,10.08,4.205,20.74,6.526,12.79,13.232568,10.9,6.765,16.56,9.176,12.33,0.86940694,1.343,0.7024,2.065,1.11,1.563,-0.38586393,0.02691,-0.7363,0.7864,-0.2306,0.2878,0.1100627,0.05698,0.01412,0.1693,0.02687,0.07372,0.066560321,0.1112,0.04316,0.2341,0.07673,0.1347
160,independent,41,4002,12.250349,4.274,-1.782,14.22,1.538,6.283,7.2602538,6.18,4.228,8.966,5.354,6.844,5.5410382,4.242,3.128,5.588,3.802,4.657,2.4417599,1.529,0.8359,2.299,1.269,1.77,0.037142553,0.0845,0.003168,0.3214,0.02161,0.1167,0.16647127,0.187,0.07364,0.3212,0.1439,0.2265
2069,independent,24,1537,10.562435,8.359,5.602,11.83,7.204,9.384,18.997771,13.46,8.441,20.19,11.31,15.25,2.025594,1.552,0.6434,2.538,1.228,1.865,1.5119029,1.044,0.01901,2.225,0.6596,1.399,0.29544435,0.2544,0.1322,0.4057,0.2036,0.3002,0.18476289,0.2023,0.08359,0.3665,0.1481,0.2476
3897,independent,89,2254,18.829461,12.0,7.313,18.53,9.937,13.72,9.4399197,12.67,8.379,18.27,10.85,14.27,0.43294442,0.4234,-0.5928,1.473,0.07027,0.7691,-0.34722719,-0.8557,-1.81,0.01725,-1.163,-0.5294,0.17084594,0.1984,0.07503,0.3856,0.1385,0.2462,0.39615964,0.3174,0.2086,0.4367,0.2785,0.3541
260,independent,129,466,18.067581,16.7,8.986,26.49,13.34,19.64,23.057454,15.59,9.695,23.67,12.97,17.83,0.52628991,0.5767,-0.3022,1.518,0.2619,0.8785,-0.81157153,-0.8167,-1.986,0.2835,-1.197,-0.421,0.082708373,0.1241,0.05388,0.2524,0.08676,0.1503,0.034689868,0.1362,0.05323,0.2701,0.09572,0.1676
5776,independent,34,1409,-11.281215,0.1603,-4.195,5.029,-1.08,1.287,1.5923029,4.953,-0.6973,18.75,1.403,7.145,4.2452231,3.29,2.488,4.216,2.985,3.566,-3.3727638,-2.983,-3.816,-2.264,-3.239,-2.711,0.01,0.1099,0.00376,0.419,0.02828,0.153,0.071517958,0.08651,0.00314,0.3855,0.01369,0.1213
5277,independent,8,4787,9.8409025,19.29,11.43,29.26,16.05,22.12,7.0649295,8.78,5.662,13.56,7.385,9.867,0.95107311,0.7242,-0.2772,1.764,0.3623,1.067,-0.57822907,-0.5789,-1.488,0.3106,-0.872,-0.2855,0.19247302,0.1141,0.05048,0.2217,0.08282,0.1375,0.64616571,0.5614,0.3212,0.768,0.4867,0.6443
5053,independent,147,1493,19.579844,13.11,6.154,23.79,9.674,15.9,8.9050047,10.95,6.379,18.3,8.817,12.58,4.0085093,3.387,2.339,4.665,2.965,3.769,0.81314355,0.4707,-0.3494,1.332,0.174,0.7654,0.019711757,0.03434,0.01005,0.08968,0.01899,0.04406,0.14647406,0.1311,0.04675,0.2713,0.0886,0.1632
1850,independent,72,4367,3.1054297,2.941,1.508,8.852,2.051,3.003,6.380338,8.322,2.779,20.05,4.818,10.71,0.031967581,-0.09913,-0.5366,0.35,-0.245,0.04449,-0.80554029,-1.073,-1.595,-0.5925,-1.242,-0.8953,0.061950794,0.1705,0.01335,0.4359,0.08667,0.2344,0.029338141,0.04185,0.006688,0.1448,0.01582,0.05541
7,independent,14,2509,7.3712496,10.25,6.017,18.79,8.005,11.71,12.232466,11.02,4.904,21.9,7.544,13.59,4.0486264,3.455,2.214,4.933,2.975,3.891,-2.6430746,-2.714,-3.713,-1.851,-3.013,-2.378,0.15109735,0.08517,0.02336,0.2105,0.04875,0.1092,0.022231723,0.04352,0.01139,0.1288,0.02196,0.05474
156,independent,101,1103,7.6980281,12.35,5.1,23.83,8.402,15.53,13.401597,8.132,4.127,17.45,5.906,9.356,3.0623696,2.38,1.61,3.257,2.082,2.656,-0.47259675,-0.251,-0.817,0.2988,-0.4406,-0.06036,0.077122264,0.03267,0.009036,0.1048,0.01646,0.03967,0.027811852,0.07313,0.01691,0.1753,0.04252,0.09405
150,independent,109,3792,11.00314,15.63,9.82,23.91,13.05,17.75,17.343658,16.13,9.568,25.03,13.22,18.57,0.16308444,-0.1287,-0.8019,0.5251,-0.3569,0.1036,-0.14677245,-0.09078,-1.087,0.9132,-0.4175,0.2398,0.10922414,0.05949,0.02711,0.1082,0.04395,0.07145,0.069184199,0.09545,0.03781,0.2089,0.06417,0.1159
4504,independent,27,3007,15.554431,14.92,9.15,22.56,12.46,16.99,12.682734,15.13,9.945,21.83,13.02,16.95,0.37085249,0.4564,-0.4723,1.474,0.1199,0.782,0.85115273,0.6966,-0.1083,1.548,0.42,0.9658,0.10511568,0.1452,0.05537,0.2967,0.09915,0.1806,0.21866269,0.139,0.07029,0.2316,0.1087,0.165
5861,independent,14,4278,2.1525798,5.303,-1.378,15.3,2.582,7.336,-2.9812805,3.441,-4.46,19.78,-1.268,6.829,4.7316176,4.622,3.408,6.076,4.13,5.068,-2.8229073,-3.241,-4.159,-2.453,-3.515,-2.933,0.03486915,0.09961,0.004531,0.3652,0.02611,0.141,0.01,0.03731,0.001159,0.1644,0.00624,0.05171
378,independent,122,1339,14.783374,13.07,8.189,19.33,11.01,14.85,20.00928,16.23,9.934,23.94,13.62,18.51,0.34908667,1.338,0.1941,2.655,0.9064,1.745,0.12580938,1.038,-0.151,2.281,0.6155,1.448,0.35588804,0.3675,0.1899,0.5569,0.3017,0.4295,0.19779443,0.2312,0.1093,0.3815,0.1816,0.2769
3373,independent,82,876,1.0410811,2.242,0.5267,8.08,1.229,2.493,12.376254,11.36,3.607,23.72,7.046,14.82,0.7217034,0.9585,0.545,1.39,0.8131,1.1,-0.091503909,-0.08047,-0.5413,0.381,-0.2349,0.07463,0.12716825,0.08315,0.009763,0.2231,0.0418,0.1119,0.01,0.02082,0.005627,0.06714,0.01011,0.02559
1688,independent,69,4696,16.38392,21.69,13.35,31.41,18.46,24.7,25.402915,20.76,12.64,30.81,17.43,23.77,1.6480504,1.276,0.07703,2.627,0.8298,1.698,-0.26768956,0.5041,-0.6772,1.728,0.1023,0.8902,0.14741775,0.1208,0.05443,0.2288,0.08857,0.1452,0.11606764,0.1164,0.05034,0.2137,0.08547,0.1417
5888,independent,103,2263,13.4329,12.83,7.41,21.41,10.31,14.76,18.219265,16.69,9.581,26.44,13.6,19.35,0.56283085,0.7589,-0.2446,1.855,0.381,1.112,0.39355364,1.216,0.3085,2.252,0.8786,1.527,0.092623773,0.1281,0.04791,0.274,0.08536,0.1588,0.060784784,0.07106,0.03088,0.1412,0.05041,0.08616
49,independent,134,183,6.1465848,4.774,0.5938,16.63,1.688,6.473,8.4375531,9.127,3.074,20.8,5.416,11.76,-0.22011817,-0.2097,-0.5838,0.1638,-0.3395,-0.08091,-0.78618832,-1.03,-1.57,-0.5403,-1.202,-0.8484,0.01,0.03793,0.003047,0.1559,0.009639,0.05098,0.01,0.04091,0.007532,0.1623,0.01578,0.04833
580,independent,54,3253,12.440599,14.18,8.597,21.41,11.8,16.29,15.99609,16.93,10.55,24.52,14.43,19.27,0.31290955,0.1773,-0.7972,1.179,-0.1677,0.5151,-0.87088492,-1.425,-2.705,-0.2807,-1.831,-1.002,0.23471091,0.1835,0.08111,0.3368,0.135,0.2217,0.18871247,0.2871,0.1554,0.4345,0.2389,0.3311
353,independent,18,4646,14.107127,15.37,9.714,23.43,12.94,17.45,11.754275,12.88,6.616,22.53,9.771,15.43,-0.28610451,-0.727,-1.535,0.02391,-0.9802,-0.4567,-0.79189145,-0.3824,-1.219,0.4222,-0.654,-0.107,0.040888234,0.06389,0.02733,0.127,0.04527,0.07714,0.11614843,0.09924,0.03558,0.2283,0.0625,0.1239
83,independent,31,4987,23.023948,20.61,12.77,30.08,17.41,23.44,15.970612,21.96,15.3,29.59,19.33,24.43,2.5989361,2.011,0.807,3.387,1.557,2.442,-0.27384873,-1.051,-2.262,0.1034,-1.449,-0.6483,0.17250621,0.1432,0.06678,0.2509,0.1088,0.1717,0.15978816,0.128,0.06563,0.1987,0.1031,0.1514
5264,independent,61,3125,14.58092,14.18,8.873,21.74,11.86,16.08,19.94165,16.4,9.407,25.67,13.38,19.06,0.81137021,0.07583,-0.9486,1.092,-0.275,0.4342,0.45350588,0.1363,-0.8387,1.145,-0.1944,0.4645,0.23307691,0.144,0.04812,0.2803,0.09656,0.1837,0.088794591,0.09097,0.03405,0.2056,0.05978,0.1109
377,independent,32,4347,9.3770681,7.954,4.8,14.0,6.412,8.915,3.6805092,8.62,2.961,20.56,4.954,11.22,2.8234959,2.493,1.649,3.5,2.166,2.789,0.9203109,0.6911,0.2084,1.206,0.5205,0.8574,0.056159822,0.072,0.02081,0.1498,0.04691,0.09169,0.12547216,0.04373,0.008032,0.1508,0.01746,0.05637
5128,independent,153,3869,-2.2017875,-3.405,-6.391,-1.875,-3.878,-2.663,11.054649,12.73,4.478,24.26,8.738,16.09,0.17151729,0.4579,0.004304,0.939,0.3003,0.6133,-0.036447164,-0.1446,-0.5929,0.3139,-0.2971,0.007256,0.092509051,0.1427,0.034,0.3272,0.08724,0.1837,0.01618733,0.01862,0.006395,0.05137,0.01075,0.02232
3835,independent,150,864,6.0667326,7.4,4.951,11.38,6.294,8.197,19.301123,13.7,8.123,22.63,10.94,15.89,2.0809641,1.955,1.056,2.989,1.609,2.272,-1.0168352,-1.478,-2.324,-0.737,-1.741,-1.197,0.17619076,0.1587,0.05529,0.3291,0.1068,0.1977,0.024465947,0.0799,0.02824,0.1634,0.05239,0.1015
3432,independent,63,3813,4.0868901,4.156,2.9,5.62,3.671,4.616,2.2258137,2.328,1.386,3.653,1.883,2.496,1.4591216,1.444,0.831,2.129,1.214,1.655,-0.45160537,-0.1305,-0.5931,0.3003,-0.2821,0.02489,0.30615945,0.4132,0.2123,0.6253,0.3366,0.4856,0.55809518,0.3101,0.06476,0.5839,0.2164,0.3988
4331,independent,42,3089,8.6690318,10.11,6.852,14.4,8.746,11.28,17.072992,10.64,4.911,20.79,7.558,12.86,2.9442993,2.727,1.811,3.775,2.379,3.053,-0.86215339,-1.25,-1.886,-0.6878,-1.447,-1.043,0.19238589,0.1359,0.05901,0.2317,0.1034,0.165,0.018300194,0.04293,0.01319,0.1045,0.02545,0.05451
1484,independent,51,2574,-5.1899941,-3.918,-6.187,-1.932,-4.597,-3.182,-3.3461608,0.4482,-5.394,14.81,-2.326,1.217,4.161148,3.726,2.677,4.919,3.329,4.093,-3.7704155,-3.453,-4.46,-2.604,-3.752,-3.123,0.11530856,0.2735,0.07285,0.5195,0.1906,0.3474,0.32330358,0.09861,0.0006295,0.4144,0.009973,0.1485
94,independent,19,4312,8.721455,7.539,4.626,13.5,6.055,8.45,8.5099786,8.957,3.177,20.57,5.353,11.48,0.80990703,1.149,0.4935,1.887,0.8996,1.386,0.41175162,0.2876,-0.1364,0.7249,0.1362,0.439,0.098233688,0.1269,0.03332,0.2799,0.07756,0.1652,0.020506386,0.03274,0.007018,0.101,0.01492,0.04292
3779,independent,10,111,3.0807574,3.412,2.311,4.757,2.973,3.81,4.5353295,10.1,4.295,21.07,6.888,12.41,1.9551064,2.005,1.261,2.874,1.724,2.266,0.32369441,0.3535,-0.2175,0.9389,0.1544,0.553,0.60037808,0.4852,0.2306,0.7595,0.3821,0.5852,0.16751149,0.05668,0.01457,0.1633,0.03015,0.07075
5154,independent,84,2667,28.78775,17.27,9.989,26.9,14.11,19.95,8.8901572,14.24,6.922,25.16,10.71,17.09,0.93178187,1.093,0.1749,2.118,0.7605,1.408,-0.19023087,-0.2897,-0.9298,0.3233,-0.4999,-0.07759,0.051586077,0.1012,0.04139,0.2138,0.06951,0.1229,0.09073727,0.06244,0.02118,0.1563,0.03771,0.07691
1993,independent,24,1260,13.052889,12.32,8.333,17.45,10.64,13.79,22.709752,18.87,12.63,26.62,16.29,21.17,1.5755817,1.434,0.4872,2.476,1.083,1.761,1.3301415,1.19,0.1834,2.333,0.818,1.545,0.22799543,0.2523,0.126,0.3923,0.2033,0.2987,0.11628029,0.1118,0.05104,0.199,0.08457,0.1345
3882,independent,131,124,4.1398242,2.419,0.8254,5.382,1.66,2.914,-2.1244403,-2.381,-7.812,-0.2765,-3.023,-1.187,1.6266222,1.165,0.7396,1.623,1.003,1.322,0.52727218,0.5614,0.1779,0.9486,0.4294,0.6912,0.029029158,0.08617,0.01536,0.2329,0.04363,0.1147,0.011738285,0.06349,0.004445,0.2481,0.0182,0.08466
65,independent,45,984,12.823423,14.79,9.636,21.48,12.62,16.68,17.841596,18.66,11.28,28.27,15.47,21.4,0.063853963,-0.0185,-1.109,1.033,-0.3846,0.3496,-1.2608628,-1.644,-2.929,-0.5049,-2.046,-1.217,0.24532516,0.2484,0.09216,0.4229,0.1871,0.3063,0.11548053,0.1051,0.04127,0.2152,0.07263,0.1282
859,independent,116,4616,15.743947,17.08,11.3,24.56,14.72,19.13,25.963271,22.41,14.33,32.36,19.02,25.42,2.3777332,1.804,0.8222,2.963,1.419,2.147,0.66256574,1.314,-0.1042,2.849,0.8115,1.8,0.18328755,0.1155,0.05554,0.2037,0.08804,0.137,0.12871472,0.1649,0.09924,0.247,0.1386,0.1878
159,independent,52,2302,8.8186989,6.855,2.188,15.62,4.499,8.416,0.72015999,2.184,-2.735,16.73,-0.6028,2.97,3.3583536,3.314,2.409,4.383,2.961,3.636,1.4279108,1.723,1.265,2.223,1.557,1.879,0.030711655,0.1047,0.009511,0.3455,0.03556,0.1474,0.01,0.04252,0.0007252,0.2164,0.005192,0.05409
4863,independent,46,2671,6.558253,9.345,5.561,16.52,7.377,10.68,6.0862374,6.153,3.694,10.68,4.939,6.943,3.8919923,3.644,2.546,4.921,3.213,4.041,-0.06608853,0.0601,-0.4903,0.6148,-0.1309,0.2433,0.24008801,0.0869,0.0248,0.2059,0.0514,0.1123,0.11567328,0.1245,0.03323,0.2768,0.07888,0.1585
2486,independent,1,4738,13.242065,12.48,8.294,17.61,10.73,13.96,18.970205,15.43,8.66,24.83,12.34,18.03,1.8016784,2.275,1.286,3.433,1.894,2.627,0.50904089,0.5701,-0.3859,1.577,0.2394,0.8921,0.12713689,0.1671,0.08614,0.2764,0.132,0.1966,0.060493872,0.07311,0.02824,0.1577,0.04835,0.08999
145,independent,150,3809,15.756753,14.2,7.788,24.85,10.87,16.78,1.3953834,1.739,1.024,2.554,1.471,1.979,2.3409456,2.575,1.602,3.685,2.218,2.905,-0.68686841,-0.7265,-1.163,-0.3019,-0.8718,-0.5796,0.063027576,0.07834,0.02459,0.1846,0.04786,0.09925,0.46371281,0.3424,0.1447,0.5683,0.2639,0.4163
4033,independent,82,2688,1.2590476,4.777,0.9035,18.54,1.791,5.784,17.478666,6.43,3.206,14.3,4.512,7.498,0.38455469,0.5652,0.1731,0.9833,0.4252,0.6994,0.20281248,0.5132,-0.02782,1.08,0.3167,0.7036,0.050633598,0.06627,0.004522,0.2287,0.01844,0.09471,0.01,0.099,0.02091,0.2578,0.05266,0.1308
2316,independent,50,4685,10.722397,9.609,3.424,20.82,6.132,12.19,13.03368,11.7,5.07,22.64,8.225,14.44,0.94788148,1.098,0.6084,1.633,0.9182,1.272,-0.66689298,-0.7573,-1.33,-0.2324,-0.941,-0.5639,0.016352433,0.03526,0.009016,0.1068,0.01744,0.04406,0.022876889,0.03499,0.01076,0.09667,0.01961,0.04343
349,independent,55,2914,17.708442,16.39,8.667,26.65,13.02,19.26,1.9458344,2.696,0.8292,14.75,1.349,2.272,1.3452581,1.051,0.286,1.931,0.7618,1.32,-0.44393545,-0.1996,-0.5854,0.1773,-0.3291,-0.06752,0.022302069,0.03531,0.01569,0.07534,0.02458,0.04184,0.22523843,0.146,0.004672,0.3826,0.06204,0.2103
391,independent,106,1859,0.69609875,4.704,-2.376,15.04,1.869,6.956,4.7532222,6.338,4.2,9.265,5.413,7.081,4.6786563,4.759,3.473,6.257,4.266,5.208,-0.92699355,-1.16,-2.046,-0.3701,-1.441,-0.8594,0.16629241,0.1008,0.004451,0.3783,0.0289,0.1383,0.6191367,0.445,0.1865,0.6939,0.3581,0.5333
3795,independent,153,4993,-2.9196121,-3.452,-7.469,-1.401,-4.172,-2.368,11.599735,9.647,2.07,22.53,5.318,12.99,-0.10254655,0.1239,-0.2633,0.5241,-0.007956,0.2564,-0.081376107,-0.2071,-0.6167,0.1973,-0.3428,-0.0697,0.050717798,0.07094,0.0157,0.2014,0.03523,0.09182,0.01,0.02111,0.003778,0.09288,0.007583,0.02185
336,independent,117,1566,6.8480351,9.511,6.223,14.35,8.081,10.62,23.833259,17.14,10.33,25.73,14.34,19.53,0.65453593,0.5439,-0.02434,1.167,0.338,0.7415,-0.04403962,0.3822,-0.3375,1.157,0.1244,0.6369,0.10512946,0.1032,0.04245,0.1849,0.07708,0.1254,0.040721438,0.08214,0.03485,0.1675,0.05711,0.09899
5613,independent,51,3113,4.1546504,6.228,1.526,13.29,4.172,7.791,12.830954,7.599,0.8956,19.62,4.095,10.08,3.9269622,3.985,2.912,5.24,3.56,4.369,-3.8654175,-3.758,-4.98,-2.779,-4.115,-3.361,0.021125718,0.08889,0.01223,0.2361,0.04512,0.1191,0.01,0.04838,0.002651,0.2121,0.01184,0.06226
5074,independent,132,949,-3.5999958,-1.173,-3.878,0.3826,-1.692,-0.6132,2.4294337,6.064,1.703,18.37,2.829,7.919,1.3438708,1.15,0.7276,1.604,1.001,1.291,-0.66419252,-0.5866,-1.015,-0.1856,-0.7247,-0.4444,0.015464403,0.08751,0.008834,0.2895,0.03603,0.1159,0.18074085,0.06942,0.005948,0.2628,0.01754,0.09822
2902,independent,109,3157,15.422195,12.95,6.816,21.54,10.14,15.18,6.1158695,7.092,4.204,12.2,5.633,8.103,-0.17999945,-0.4181,-1.363,0.469,-0.724,-0.106,-0.41637244,-0.0656,-0.7674,0.6539,-0.3124,0.1798,0.062189921,0.1474,0.05369,0.3197,0.09657,0.1829,0.19419568,0.2302,0.07404,0.4606,0.1489,0.2959
275,independent,58,4983,16.807357,14.7,9.285,21.79,12.41,16.69,21.683655,14.79,9.02,22.75,12.22,16.95,2.4907086,1.882,0.6948,3.198,1.451,2.3,0.77200932,1.336,0.282,2.496,0.952,1.706,0.081358773,0.1193,0.05295,0.2236,0.08699,0.1451,0.050701617,0.131,0.04775,0.2806,0.08647,0.1634
537,independent,132,3906,1.1292002,3.518,-0.6068,15.45,0.8472,4.796,10.327921,9.175,2.526,20.95,5.287,12.13,1.5177233,1.82,1.325,2.351,1.639,1.992,-0.41870828,-0.4253,-0.8233,-0.02418,-0.5614,-0.287,0.048314641,0.06064,0.001395,0.2927,0.007812,0.08018,0.015241194,0.02866,0.006446,0.09816,0.01276,0.03512
4733,independent,13,2875,16.984877,16.55,9.846,25.12,13.74,19.01,20.225632,13.34,5.717,24.75,9.585,16.43,2.1037315,2.112,1.274,3.057,1.798,2.413,-0.6583451,-1.326,-2.053,-0.6804,-1.55,-1.088,0.049273774,0.06002,0.02659,0.1218,0.04233,0.07214,0.01,0.0264,0.009396,0.06954,0.01582,0.03182
3371,independent,153,2949,5.1727327,3.9,0.7992,14.5,1.581,4.815,2.5394074,9.01,1.412,22.11,4.413,12.57,0.38902749,0.7604,0.3543,1.192,0.6187,0.9034,0.39368908,0.2723,-0.1122,0.6531,0.1403,0.4026,0.011572409,0.08977,0.004357,0.3436,0.01896,0.1305,0.014118654,0.01528,0.00225,0.07039,0.00496,0.0163
279,independent,77,4155,0.60179624,2.372,-0.03675,6.66,1.202,3.224,17.628454,9.276,2.347,21.88,5.025,12.4,1.2601699,1.191,0.7654,1.638,1.039,1.34,-0.34526899,-0.4135,-0.8391,-0.01205,-0.5519,-0.2711,0.15464344,0.08538,0.01199,0.2637,0.03697,0.1152,0.01,0.03335,0.005421,0.1551,0.01109,0.03685
134,independent,129,2641,12.738425,17.31,8.791,28.35,13.48,20.64,18.59411,14.28,6.927,25.22,10.65,17.26,0.42732723,0.928,0.1038,1.831,0.6334,1.213,-0.70449346,-1.179,-2.027,-0.4286,-1.439,-0.9043,0.1281341,0.1088,0.04432,0.2357,0.07391,0.1305,0.032927181,0.07125,0.02356,0.1832,0.04212,0.08759
465,independent,8,90,16.011051,14.43,8.522,22.4,11.91,16.65,7.6568797,6.897,4.55,9.878,5.927,7.729,0.61453416,0.7597,0.0001336,1.597,0.4853,1.022,-0.057786963,0.2191,-0.453,0.8971,-0.008142,0.4492,0.073488865,0.09323,0.03895,0.1863,0.0655,0.1132,0.60030943,0.637,0.4241,0.8302,0.5651,0.7124
3081,independent,61,3954,11.761109,12.38,8.305,17.64,10.75,13.79,16.121168,17.42,12.1,23.78,15.39,19.29,0.84354735,0.5953,-0.358,1.583,0.2527,0.9263,0.40977326,-0.2726,-1.213,0.654,-0.5897,0.04004,0.24177203,0.1905,0.07561,0.3363,0.1425,0.2318,0.1622682,0.1429,0.07396,0.2232,0.1162,0.1678
548,independent,154,895,1.2006999,3.567,1.424,11.65,2.287,3.757,21.448492,15.45,7.822,26.14,11.88,18.46,0.92264002,1.029,0.5903,1.521,0.8653,1.182,0.22272931,0.2767,-0.3091,0.8782,0.07408,0.4763,0.3644572,0.1561,0.01102,0.3826,0.07585,0.2191,0.017657735,0.03721,0.0151,0.08258,0.02492,0.04452
6430,independent,51,3029,7.2781155,6.422,0.4669,19.43,2.53,9.071,6.5787322,6.18,-3.292,20.18,1.833,9.784,3.3959115,2.391,1.767,3.11,2.151,2.609,-4.194506,-4.076,-5.293,-3.062,-4.444,-3.674,0.030174183,0.04011,0.003384,0.1733,0.01021,0.0511,0.01,0.04213,0.0005313,0.2546,0.004963,0.04517
6137,independent,21,551,5.2034194,5.777,4.077,7.736,5.143,6.362,16.661179,15.87,9.817,24.03,13.3,18.02,0.92532407,1.074,0.4305,1.784,0.8378,1.305,0.3668299,-0.2456,-1.253,0.7167,-0.5769,0.08805,0.34395896,0.4669,0.2946,0.6295,0.4102,0.5253,0.078357458,0.1136,0.04514,0.2336,0.07891,0.1386
3207,independent,82,1094,-0.081693153,-0.2209,-1.112,0.5202,-0.442,0.03073,-0.14662424,4.305,0.06414,17.94,0.9585,6.15,0.34405651,0.5765,0.2148,0.9557,0.4445,0.7061,0.1280933,-0.08512,-0.4526,0.2762,-0.2076,0.03892,0.2152383,0.1811,0.02659,0.4271,0.1021,0.2434,0.31423584,0.04602,0.001836,0.2231,0.007016,0.06005
3986,independent,149,3375,8.8049667,9.074,5.95,12.94,7.812,10.21,16.795651,19.76,11.83,30.1,16.27,22.82,1.3855962,1.677,0.9959,2.444,1.418,1.918,0.52936295,-0.05149,-1.139,0.9992,-0.411,0.3164,0.22545297,0.1625,0.1057,0.2398,0.1387,0.1828,0.11792748,0.1232,0.05277,0.2295,0.08899,0.1503
1786,independent,21,3667,5.7651521,9.157,5.467,16.13,7.361,10.41,14.527954,15.68,9.909,23.97,13.07,17.74,0.75064254,0.3127,-0.4377,1.057,0.05861,0.5673,-0.013119758,0.02995,-0.8891,0.9604,-0.2854,0.3404,0.34374953,0.1619,0.03905,0.3644,0.09679,0.2124,0.085897073,0.09976,0.0408,0.1932,0.07083,0.1223
499,independent,14,2386,10.549446,7.03,1.146,17.73,3.769,9.307,2.2040779,5.436,-0.02432,18.79,1.456,8.191,3.6496822,3.67,2.663,4.891,3.262,4.038,-2.2549289,-1.966,-2.556,-1.444,-2.146,-1.773,0.013580157,0.05082,0.004188,0.2583,0.01346,0.05763,0.026334872,0.0497,0.0007806,0.3246,0.004603,0.04946
264,independent,32,3896,3.329248,3.911,0.8672,12.73,2.03,4.744,2.6467542,4.596,1.446,16.57,2.269,5.089,3.0634116,2.742,2.014,3.62,2.452,2.996,0.41737805,0.3514,-0.05135,0.7663,0.2069,0.49,0.20046856,0.09842,0.004596,0.4319,0.02182,0.13,0.13355098,0.07669,0.004319,0.233,0.02075,0.117
257,independent,72,3107,4.1454559,2.039,0.3563,5.895,1.139,2.531,15.443877,9.622,1.721,22.43,5.014,13.22,0.49724316,0.5684,0.1863,0.961,0.4321,0.6998,-0.7256455,-0.96,-1.39,-0.5563,-1.102,-0.8127,0.017767077,0.08231,0.01002,0.2732,0.0317,0.1089,0.01,0.01443,0.002059,0.07175,0.004828,0.01519
320,independent,111,4510,5.1484227,2.608,-1.765,11.05,0.6989,3.74,0.59087742,0.9523,0.152,1.984,0.6362,1.205,3.5063183,3.543,2.668,4.585,3.204,3.857,-1.0382363,-1.057,-1.496,-0.6433,-1.196,-0.9127,0.056337764,0.1028,0.003198,0.3891,0.02832,0.1431,0.65164142,0.2757,0.06509,0.5828,0.1737,0.3571
5202,independent,8,4758,11.438189,17.26,11.24,24.76,14.8,19.45,6.7548449,8.548,5.519,12.75,7.207,9.646,0.76454207,0.9771,-0.1259,2.168,0.581,1.355,-0.059855212,0.2422,-0.6112,1.136,-0.06565,0.5452,0.27679047,0.2518,0.1443,0.3732,0.2105,0.2899,0.57723144,0.3495,0.1775,0.5603,0.2753,0.4169
106,independent,21,113,4.1339926,4.362,2.96,6.042,3.813,4.848,7.5497757,10.98,6.793,16.89,9.138,12.46,0.90863404,1.278,0.6755,1.925,1.064,1.488,0.4479107,0.4482,-0.4319,1.369,0.1395,0.7484,0.37975549,0.4164,0.1853,0.657,0.3295,0.5028,0.25245448,0.2463,0.09984,0.4448,0.1784,0.3033
5305,independent,66,3441,10.186786,9.533,6.272,13.83,8.135,10.7,6.2917738,6.184,3.769,10.52,5.045,6.965,0.58811486,1.176,0.1629,2.341,0.7945,1.535,0.52836351,0.1837,-0.3748,0.7556,-0.01793,0.3814,0.24927685,0.331,0.1685,0.5283,0.2644,0.3901,0.16603635,0.1353,0.04284,0.2758,0.09197,0.1699
143,independent,63,980,3.7345349,3.888,2.667,5.391,3.407,4.281,13.351929,10.36,5.201,19.45,7.782,12.2,1.1927585,0.9792,0.4389,1.59,0.7816,1.164,-0.38521939,-0.4794,-1.042,0.03245,-0.6586,-0.2933,0.38209595,0.282,0.1051,0.4766,0.216,0.3442,0.025656287,0.04349,0.01353,0.1126,0.02612,0.05343
4473,independent,25,399,19.372703,23.63,15.05,33.68,20.2,26.83,19.778608,19.18,10.78,29.49,15.76,22.24,-0.14499536,0.2509,-0.8392,1.348,-0.119,0.6255,-1.0164236,-0.484,-1.529,0.5149,-0.8232,-0.1374,0.17312649,0.2067,0.1035,0.3488,0.1624,0.2441,0.46169442,0.505,0.3185,0.6741,0.4461,0.5681
5705,independent,104,769,7.9989285,7.493,4.79,11.26,6.321,8.465,10.146846,9.632,5.169,18.86,7.213,11.19,0.42180016,0.2321,-0.4405,0.9423,-0.001871,0.4618,-0.59073677,-0.481,-1.19,0.1772,-0.7032,-0.2459,0.14397981,0.1607,0.06057,0.3246,0.1131,0.1966,0.06743218,0.1431,0.03298,0.3285,0.08034,0.1899
6138,independent,2,4925,4.4902957,6.81,4.625,9.688,5.887,7.6,5.594227,6.736,4.525,9.439,5.859,7.523,1.2504811,1.91,0.9896,2.962,1.56,2.237,0.62957128,0.5441,-0.0719,1.18,0.3324,0.7528,0.76809247,0.6411,0.4458,0.7961,0.5861,0.7023,0.56317327,0.418,0.276,0.5695,0.3661,0.4675
212,independent,35,2524,8.0046592,9.76,6.145,14.54,8.215,11.1,5.6130296,7.453,4.836,10.82,6.369,8.381,0.99706281,1.493,0.4756,2.68,1.099,1.864,0.040780671,-0.006436,-0.6938,0.6609,-0.2359,0.2245,0.24540403,0.2521,0.1119,0.4469,0.1869,0.3082,0.37576421,0.3895,0.2451,0.5715,0.3298,0.4419
7086,independent,151,224,9.694911,11.64,7.565,16.92,9.921,13.12,12.277968,15.46,8.997,24.76,12.55,17.77,0.78846422,1.297,0.2973,2.393,0.9361,1.637,-0.12102891,-0.9663,-1.871,-0.1404,-1.249,-0.6671,0.19388778,0.2002,0.1118,0.3132,0.1654,0.2297,0.056321788,0.1045,0.03705,0.2131,0.07006,0.1319
5514,independent,30,35,2.7094763,3.744,1.96,5.866,3.057,4.36,8.3702224,10.9,5.664,19.84,8.236,12.86,1.5303263,2.389,1.715,3.187,2.131,2.623,-0.31185853,-0.7849,-1.626,-0.02471,-1.053,-0.5031,0.31321144,0.276,0.1129,0.4672,0.2117,0.3362,0.094262084,0.09234,0.02944,0.2113,0.05749,0.1167
6290,independent,103,4360,12.287181,10.57,7.272,14.85,9.191,11.74,22.416365,17.75,10.26,27.27,14.65,20.44,1.1828968,0.6541,0.1389,1.189,0.4705,0.8308,0.37119,0.04526,-0.8961,0.9796,-0.2721,0.3599,0.12295083,0.08509,0.03607,0.1451,0.06522,0.1029,0.042826483,0.07735,0.03189,0.1588,0.05413,0.09382
394,independent,37,938,7.8508244,9.827,3.83,20.45,6.515,12.26,12.28166,15.56,9.602,24.07,12.85,17.79,-0.061836164,0.1308,-0.3789,0.6543,-0.04277,0.3039,-0.70097916,-0.4695,-1.18,0.213,-0.6994,-0.23,0.038667987,0.04278,0.01145,0.1275,0.02207,0.0533,0.042641541,0.05417,0.02352,0.1047,0.03902,0.06541
103,independent,45,2646,11.740458,12.0,8.111,16.79,10.43,13.42,22.214986,22.38,14.09,32.47,18.99,25.36,0.097816865,0.001977,-0.7538,0.78,-0.2593,0.26,-0.80547429,-0.6468,-1.885,0.5058,-1.035,-0.2288,0.13676078,0.1719,0.09262,0.2795,0.1385,0.1994,0.11837909,0.1191,0.04979,0.2235,0.08586,0.1453
215,independent,143,2049,8.5447055,11.59,7.548,16.67,9.891,13.1,5.6020663,7.968,5.119,11.86,6.737,9.001,0.65039926,0.8837,-0.03365,1.87,0.5481,1.207,-0.20170038,-0.2438,-1.147,0.6685,-0.5584,0.07445,0.27410845,0.2248,0.1144,0.3584,0.1816,0.2647,0.43437231,0.3884,0.1955,0.5857,0.3201,0.4546
5841,independent,30,4042,5.0139354,5.965,3.501,9.52,4.911,6.798,16.478026,11.63,6.726,20.01,9.187,13.47,0.90032342,0.7888,0.2883,1.325,0.6064,0.9651,-0.60085196,-0.5488,-1.197,0.04323,-0.7544,-0.3319,0.086386983,0.1741,0.05595,0.3524,0.1171,0.2192,0.037121611,0.07159,0.02542,0.1526,0.04786,0.0885
6239,independent,2,1801,5.3629455,6.219,4.006,9.156,5.289,7.005,3.4276984,3.46,2.324,4.89,2.982,3.87,2.1497089,1.72,0.9374,2.634,1.421,1.994,0.28304443,-0.01182,-0.506,0.4856,-0.1821,0.1569,0.70759512,0.7455,0.5872,0.8841,0.6955,0.8004,0.47947491,0.3127,0.1292,0.5695,0.2318,0.3806
1120,independent,14,412,0.97657171,1.873,-3.752,11.43,-0.287,3.263,12.148881,12.67,5.16,23.85,8.922,15.63,4.7935635,4.113,3.066,5.363,3.7,4.479,-3.7539141,-3.543,-4.801,-2.508,-3.93,-3.117,0.055770836,0.09724,0.002484,0.3847,0.02218,0.139,0.028241709,0.02948,0.007239,0.09143,0.01432,0.03656
1487,independent,3,2490,14.250462,13.89,8.963,20.02,11.9,15.68,21.05406,18.28,9.826,28.66,14.65,21.44,1.0320268,1.287,0.364,2.283,0.9573,1.608,-0.24790321,-0.5004,-1.418,0.3642,-0.7953,-0.1934,0.23737358,0.3166,0.1686,0.4626,0.2625,0.3716,0.028353738,0.05074,0.0214,0.1091,0.03486,0.06141
2267,independent,125,3366,7.5521124,8.877,5.575,13.81,7.369,10.09,8.4097408,10.62,3.734,22.61,6.616,13.63,0.60151895,1.071,0.2428,1.968,0.7716,1.353,-0.43000811,-0.2482,-0.6849,0.1814,-0.397,-0.1001,0.55494788,0.5839,0.4011,0.7656,0.5174,0.6519,0.04246624,0.03565,0.008974,0.1066,0.01756,0.04517
11,independent,38,2672,30.06898,19.86,12.41,29.29,16.81,22.59,29.327054,23.54,15.05,33.56,20.2,26.52,1.1973375,2.416,1.024,3.987,1.905,2.91,0.87717954,0.3972,-0.8203,1.631,-0.02172,0.8066,0.17429769,0.1703,0.08135,0.2899,0.1323,0.2026,0.15322536,0.133,0.05885,0.2442,0.0982,0.1605
226,independent,27,4659,19.988215,18.49,11.07,27.55,15.44,21.14,10.630368,12.44,7.962,18.6,10.55,14.08,0.40538123,0.8689,-0.1451,1.989,0.5026,1.211,0.85476041,0.9269,0.0368,1.899,0.6051,1.234,0.12269,0.1264,0.04908,0.263,0.0861,0.1547,0.17650223,0.1696,0.06325,0.3326,0.1169,0.2121
536,independent,14,2911,6.8114165,4.628,-1.306,17.01,1.527,6.487,20.021675,12.15,5.69,22.76,8.806,14.79,4.3483832,3.967,2.93,5.21,3.566,4.326,-2.2518772,-2.384,-3.365,-1.572,-2.676,-2.061,0.042012502,0.06079,0.004062,0.2086,0.01885,0.08431,0.01,0.03227,0.009995,0.08323,0.01839,0.04027
68,independent,85,4436,25.498986,19.76,12.55,29.0,16.69,22.43,15.625015,12.33,7.596,18.74,10.24,14.09,1.7085797,1.714,0.3449,3.22,1.202,2.192,1.9533847,0.6967,-0.3132,1.742,0.3423,1.043,0.1597698,0.1584,0.0687,0.2807,0.1179,0.1939,0.20913917,0.206,0.09144,0.3808,0.1515,0.2491
287,independent,28,3781,6.3471293,6.599,2.703,17.48,3.794,8.219,26.181345,17.31,9.447,27.65,13.93,20.21,1.121676,1.106,0.5816,1.67,0.9151,1.287,-0.97879763,-1.346,-2.471,-0.3572,-1.703,-0.9658,0.071778361,0.1404,0.01458,0.4321,0.04085,0.2156,0.034404176,0.06487,0.02819,0.133,0.0458,0.07776
3932,independent,105,3165,15.355561,17.19,10.96,24.24,14.84,19.3,15.134485,18.39,11.33,27.12,15.43,20.94,0.30553674,0.3098,-0.4029,1.022,0.07434,0.5526,-1.6701732,-1.094,-2.415,0.1334,-1.513,-0.6546,0.16637731,0.1893,0.1141,0.268,0.1629,0.2146,0.31903123,0.2594,0.1573,0.3748,0.2215,0.2948
2575,independent,74,4592,3.8684864,3.133,2.005,4.424,2.702,3.528,6.0666621,5.033,3.425,7.145,4.364,5.604,2.6145368,2.358,1.621,3.208,2.078,2.62,1.4044922,0.8634,0.1766,1.616,0.6109,1.111,0.51801541,0.4386,0.2389,0.6406,0.3678,0.5091,0.15808791,0.3329,0.1312,0.601,0.2393,0.4148
1457,independent,49,1275,13.190165,11.17,5.493,21.32,8.127,13.42,4.9272229,3.328,1.298,9.533,2.033,3.743,1.7835908,2.628,1.697,3.737,2.245,2.965,0.36309668,0.001596,-0.3928,0.4027,-0.1341,0.1333,0.016736675,0.04068,0.01237,0.1052,0.02287,0.0515,0.020019638,0.09049,0.009199,0.2686,0.0359,0.1262
4065,independent,58,3676,17.903319,12.27,6.809,21.08,9.517,14.45,11.671379,9.952,6.958,13.66,8.734,11.03,1.9670314,1.734,0.778,2.835,1.363,2.082,0.86450271,1.156,0.4522,1.952,0.8987,1.395,0.056642008,0.1191,0.03773,0.2854,0.07007,0.1517,0.1825521,0.1606,0.07537,0.2637,0.1262,0.1921
97,independent,64,2192,7.5020494,6.828,3.132,16.29,4.616,7.908,6.7335522,4.27,-0.9733,16.33,1.628,5.665,2.5513211,2.116,1.4,2.993,1.84,2.371,-3.8450149,-3.832,-5.009,-2.849,-4.179,-3.445,0.043299109,0.0578,0.01048,0.1468,0.02934,0.07788,0.021914173,0.1768,0.002247,0.5699,0.02919,0.2837
4464,independent,99,495,6.0152993,5.675,2.568,14.41,3.757,6.438,10.119283,13.02,5.159,24.25,9.134,16.23,0.159775,-0.1604,-0.5967,0.2768,-0.31,-0.01192,-0.70831,-1.033,-1.621,-0.4937,-1.221,-0.8346,0.051212609,0.07803,0.01095,0.2129,0.03624,0.1066,0.01,0.0237,0.007945,0.06384,0.01385,0.02851
47,independent,40,904,4.8260284,5.737,2.711,9.652,4.466,6.815,1.7837568,5.632,-1.097,19.79,1.31,8.746,4.152222,3.972,2.795,5.368,3.51,4.39,-2.8307481,-2.644,-3.363,-2.012,-2.874,-2.399,0.28867252,0.188,0.03657,0.4251,0.1128,0.2462,0.14293841,0.03479,0.001193,0.2073,0.005014,0.03815
350,independent,126,4780,4.3809974,4.857,3.302,7.036,4.195,5.396,13.999493,19.7,11.37,29.9,16.23,22.74,0.30397309,0.131,-0.4523,0.7364,-0.07629,0.3354,-0.18052919,-0.6659,-1.923,0.5538,-1.091,-0.2329,0.28022565,0.2481,0.1,0.4356,0.1846,0.3041,0.21739869,0.2269,0.08566,0.4288,0.1625,0.278
576,independent,151,4898,14.790244,14.53,9.575,20.72,12.5,16.3,9.9223752,13.47,6.213,24.25,9.788,16.53,0.87338922,1.824,0.7537,3.019,1.421,2.2,-0.055963173,0.1359,-0.5043,0.7702,-0.0836,0.3552,0.13814091,0.1646,0.0746,0.2758,0.1278,0.1976,0.065865637,0.05426,0.01882,0.1342,0.0324,0.06783
5065,independent,127,3374,20.932669,18.5,11.48,27.19,15.61,21.04,4.4384027,5.183,3.623,7.06,4.58,5.717,0.89975757,1.197,0.0724,2.397,0.792,1.589,-0.23414727,-0.0585,-0.6335,0.5158,-0.2553,0.1368,0.072729066,0.08925,0.04247,0.1682,0.0665,0.1056,0.38539577,0.4366,0.3058,0.5826,0.3893,0.4815
3503,independent,103,892,9.3127752,10.42,6.76,15.61,8.826,11.72,21.385845,17.66,10.61,27.28,14.55,20.27,0.56665789,0.7531,0.02587,1.553,0.4957,1.001,0.61547403,1.356,0.3067,2.537,0.9476,1.73,0.1141248,0.1207,0.04399,0.2448,0.08428,0.148,0.044582404,0.08507,0.03472,0.1746,0.05874,0.1037
1884,independent,143,320,14.489364,16.71,10.69,23.67,14.36,18.84,6.3277018,8.116,5.472,11.39,7.039,9.065,0.35922352,-0.08076,-1.07,0.9038,-0.4248,0.2622,0.044567444,0.1387,-0.5812,0.8799,-0.1106,0.382,0.14403009,0.1743,0.09168,0.2792,0.1409,0.2033,0.330799,0.2572,0.1326,0.4128,0.2057,0.3026
3860,independent,61,2496,16.523408,15.67,10.48,22.78,13.42,17.55,16.979103,12.43,6.986,20.84,9.83,14.48,0.5425136,0.474,-0.5542,1.536,0.1087,0.8413,0.22431411,0.03951,-0.7343,0.7989,-0.2373,0.3229,0.19467898,0.1374,0.05364,0.2524,0.09859,0.1703,0.10168343,0.199,0.05619,0.4202,0.1214,0.2621
189,independent,5,1667,19.339786,18.41,12.17,27.46,15.65,20.62,36.322368,18.98,11.45,28.69,15.7,21.81,0.95049706,0.5474,-0.4023,1.534,0.2081,0.8789,0.19307544,-0.8748,-2.145,0.2936,-1.276,-0.4477,0.12177353,0.09515,0.03845,0.1882,0.06663,0.1167,0.073530315,0.1154,0.0446,0.2367,0.07945,0.1424
2565,independent,109,1333,11.145397,11.52,6.627,18.32,9.37,13.29,12.408996,11.79,7.355,18.0,9.842,13.34,-0.28248432,0.5355,-0.199,1.314,0.2682,0.7953,-0.36516332,-0.4656,-1.435,0.4967,-0.7899,-0.1345,0.09751379,0.08469,0.03597,0.1767,0.05926,0.1021,0.11308425,0.1633,0.06743,0.3095,0.1175,0.1997
4909,independent,32,3033,3.1959053,4.09,1.634,10.6,2.757,4.589,16.623029,13.42,5.297,24.85,9.574,16.55,2.8205688,2.643,1.907,3.514,2.349,2.907,0.67801681,0.7008,0.2507,1.188,0.5356,0.8602,0.12565401,0.1543,0.01293,0.4011,0.07768,0.2101,0.019474103,0.02571,0.009257,0.06645,0.01557,0.03108
6158,independent,66,3983,5.6031048,8.199,5.755,11.34,7.175,9.12,18.022381,15.07,8.521,24.32,11.95,17.62,0.61547848,1.939,0.9877,3.058,1.574,2.272,0.53849748,0.5695,-0.1553,1.333,0.303,0.8217,0.32370573,0.3917,0.2385,0.5415,0.3384,0.4459,0.042352452,0.05439,0.02249,0.1135,0.03764,0.06632
4359,independent,117,892,14.196419,15.38,8.383,24.9,12.22,18.05,19.339576,18.19,11.15,27.46,15.12,20.84,0.56731119,1.25,0.3149,2.318,0.8896,1.575,0.43343727,0.3845,-0.2941,1.075,0.1523,0.6145,0.046672066,0.06616,0.02589,0.1388,0.04496,0.08095,0.04871774,0.05818,0.02616,0.1143,0.042,0.06924
571,independent,21,1005,4.236076,5.563,3.401,9.819,4.475,6.191,11.405207,14.0,7.722,23.01,11.14,16.34,1.1718086,0.6807,0.09593,1.305,0.4676,0.886,-0.3586373,-0.4239,-1.219,0.3349,-0.6891,-0.15,0.38444706,0.1734,0.04285,0.3703,0.1109,0.2245,0.1089185,0.06727,0.02575,0.1513,0.04475,0.08088
85,independent,63,3714,3.1437353,4.284,2.931,6.014,3.751,4.751,5.0689684,8.218,5.048,15.08,6.669,9.031,0.99843732,1.45,0.8342,2.147,1.219,1.667,-0.53944166,-0.7427,-1.25,-0.2558,-0.909,-0.5725,0.39897334,0.1855,0.06926,0.345,0.1346,0.2281,0.081761179,0.06953,0.01603,0.1357,0.0455,0.09067
8116,independent,104,1083,12.117696,12.21,7.749,17.83,10.39,13.79,10.269118,10.26,5.948,17.1,8.202,11.82,0.52660522,1.075,0.05799,2.162,0.6958,1.438,-0.59497821,-0.6538,-1.387,0.04298,-0.8925,-0.4105,0.12902217,0.1961,0.07572,0.3859,0.136,0.2436,0.058512033,0.08973,0.03348,0.1832,0.06164,0.1108
4211,independent,2,4983,3.4421668,4.239,2.75,6.694,3.577,4.698,4.967979,6.643,4.322,9.927,5.632,7.437,0.95580994,0.8903,0.3562,1.473,0.6929,1.075,0.79895002,0.8718,0.2165,1.595,0.6309,1.101,0.32752211,0.1654,0.05083,0.3264,0.1142,0.2088,0.42485164,0.2401,0.08799,0.4296,0.1772,0.2967
4559,independent,98,62,14.09744,12.68,7.685,20.37,10.4,14.42,7.6328425,6.146,4.23,8.551,5.367,6.845,1.3913117,1.005,0.03715,2.087,0.6328,1.356,0.37773335,0.353,-0.2826,1.009,0.1273,0.5771,0.1704341,0.1863,0.06442,0.3398,0.1353,0.2307,0.31430603,0.3447,0.171,0.5206,0.2836,0.4055
5594,independent,100,4081,21.967319,16.93,11.49,23.56,14.76,18.92,24.176522,16.24,9.242,26.36,13.15,18.81,1.4052503,0.8257,-0.08884,1.824,0.496,1.137,0.46889573,0.6204,-0.2626,1.56,0.3042,0.9222,0.096568164,0.09107,0.04992,0.1411,0.07492,0.1054,0.04668078,0.0751,0.03043,0.1616,0.05171,0.09064
1175,independent,89,1615,28.075439,17.36,10.9,25.81,14.66,19.7,17.580762,21.38,13.25,31.25,18.15,24.31,0.88901746,0.07096,-1.044,1.184,-0.3077,0.4446,-0.30684581,-0.5574,-1.797,0.5976,-0.9573,-0.1402,0.13311772,0.1479,0.0539,0.3125,0.09924,0.1844,0.23209718,0.1457,0.06268,0.2709,0.1055,0.1784
116,independent,74,4554,7.5104665,8.15,5.625,11.38,7.129,9.042,3.9100606,3.679,2.476,5.11,3.213,4.101,2.9620789,3.058,1.896,4.37,2.614,3.462,1.044576,1.091,0.556,1.689,0.8899,1.28,0.25722007,0.2047,0.09908,0.3316,0.1616,0.2439,0.17791342,0.2313,0.1035,0.3841,0.1799,0.2775
4029,independent,98,455,26.309101,18.54,11.55,27.1,15.65,21.1,9.6263416,11.02,7.48,15.48,9.565,12.33,1.4089636,1.486,0.2244,2.88,1.013,1.935,0.021846926,-0.002192,-0.7756,0.7316,-0.2502,0.2519,0.086151568,0.1429,0.06097,0.282,0.1007,0.1741,0.22556801,0.1775,0.1074,0.2653,0.1492,0.2022
5587,independent,46,4659,7.7365636,7.857,4.088,15.31,5.992,9.007,11.021317,14.53,8.496,23.84,11.75,16.73,2.675675,2.403,1.599,3.347,2.079,2.694,0.3028704,-0.0744,-0.6724,0.5043,-0.2716,0.1283,0.093932037,0.1038,0.02238,0.2536,0.0594,0.1359,0.044931151,0.04628,0.01761,0.09701,0.03126,0.05711
4146,independent,115,4286,12.499912,11.08,6.676,16.76,9.256,12.66,15.390029,15.47,10.54,21.76,13.42,17.25,1.0406599,1.197,0.6304,1.804,0.993,1.392,0.030265246,-0.01869,-0.7753,0.7457,-0.2826,0.2412,0.10260011,0.138,0.06909,0.224,0.1101,0.1627,0.10101241,0.1045,0.04962,0.174,0.08136,0.1247
220,independent,104,1164,5.7067349,6.684,4.447,9.593,5.76,7.472,25.930823,13.71,7.643,22.81,10.92,15.96,0.24248145,0.4312,-0.1215,1.006,0.2371,0.6194,-0.61775449,-0.3458,-1.206,0.4538,-0.6212,-0.06309,0.17173309,0.1807,0.07584,0.3139,0.1378,0.2187,0.018950627,0.07191,0.02774,0.1558,0.04799,0.0885
5064,independent,117,2830,6.8660377,9.646,4.685,18.61,6.996,11.52,23.481027,17.25,10.42,27.06,14.11,19.82,0.27692661,0.5699,-0.04714,1.231,0.3462,0.789,0.12063359,0.4459,-0.3603,1.276,0.1567,0.723,0.082809028,0.06214,0.01817,0.1488,0.03707,0.07892,0.038278639,0.04794,0.02076,0.09459,0.03391,0.0582
6010,independent,37,2388,4.314649,4.282,2.468,9.374,3.207,4.627,14.709119,8.528,2.198,20.26,4.678,11.43,-0.72598633,0.02352,-0.4672,0.515,-0.1489,0.196,-0.35429034,-0.5107,-0.9511,-0.08201,-0.6612,-0.3585,0.19893417,0.1679,0.02131,0.4477,0.08003,0.2305,0.01,0.02632,0.005192,0.1016,0.01073,0.03126
4646,independent,20,1999,34.994779,20.73,12.88,30.06,17.7,23.54,14.996239,12.47,8.369,17.58,10.76,13.95,1.837884,1.878,0.6861,3.195,1.449,2.286,-0.30937295,-0.5149,-1.42,0.3573,-0.8152,-0.2081,0.098352918,0.1945,0.09136,0.3298,0.1478,0.2349,0.21206195,0.1784,0.09485,0.2757,0.1443,0.2095
2922,independent,64,2563,8.9193202,13.11,8.154,20.49,10.81,14.96,17.102373,8.547,-0.09484,21.33,4.577,11.73,2.0202235,2.791,1.842,3.879,2.421,3.14,-3.7455209,-3.865,-5.071,-2.843,-4.229,-3.468,0.077311664,0.06252,0.02711,0.1186,0.0448,0.07619,0.01,0.03678,0.001853,0.165,0.009211,0.04554
959,independent,75,1087,13.028157,11.53,4.197,22.83,7.794,14.44,-2.6374383,-2.584,-7.371,-0.2398,-3.545,-1.383,1.2015967,1.363,0.8796,1.878,1.19,1.533,0.031624709,0.1331,-0.2481,0.5136,0.0007439,0.2634,0.01,0.02079,0.00634,0.05703,0.01189,0.0255,0.047881959,0.04506,0.004295,0.196,0.01572,0.05229
2734,independent,128,1239,22.254425,19.44,13.3,27.2,16.93,21.62,9.3724423,13.09,7.518,20.67,10.63,15.16,1.4383547,1.931,0.9026,3.097,1.556,2.296,-0.074988039,0.1404,-1.013,1.268,-0.2271,0.5085,0.12168243,0.1532,0.07788,0.2377,0.1244,0.1808,0.24646477,0.1692,0.07081,0.3325,0.1204,0.2049
411,independent,125,4291,10.914686,10.24,6.837,14.68,8.801,11.5,4.7036341,9.729,3.024,23.3,5.4,12.87,0.75005568,1.458,0.3925,2.632,1.056,1.844,-0.77652386,-0.8953,-1.397,-0.4271,-1.056,-0.726,0.28215574,0.2668,0.1189,0.4436,0.2053,0.3237,0.061941938,0.0363,0.007615,0.1148,0.01546,0.04752
419,independent,47,1379,10.073384,13.22,8.237,20.43,11.06,14.96,19.558173,19.84,11.84,29.96,16.52,22.81,1.3997628,1.77,0.6063,3.119,1.332,2.172,0.72772799,0.3572,-0.8594,1.584,-0.06317,0.7734,0.21707903,0.2368,0.08661,0.4123,0.1749,0.2941,0.14245684,0.1412,0.05344,0.2918,0.09566,0.1744
4354,independent,25,4072,21.121136,20.38,12.31,30.52,17.11,23.29,29.203776,20.66,11.84,31.24,17.02,23.89,-0.34247029,0.266,-0.9247,1.479,-0.1302,0.6594,-1.1982118,-0.4245,-1.535,0.685,-0.8035,-0.04917,0.080786407,0.1659,0.06752,0.3177,0.1186,0.2027,0.35227205,0.3334,0.1358,0.5558,0.2549,0.4059
6940,independent,51,2742,-0.37073963,2.761,-2.201,13.6,0.483,3.944,9.43196,10.39,2.458,22.9,6.088,13.78,3.7342296,3.691,2.776,4.769,3.341,4.009,-3.013434,-2.357,-3.082,-1.74,-2.578,-2.119,0.16078742,0.07796,0.001983,0.3491,0.01483,0.1053,0.013261739,0.02255,0.003312,0.1115,0.007825,0.02368
1288,independent,54,2219,15.26024,17.64,11.15,25.38,15.02,20.04,35.054888,23.31,15.37,32.97,20.14,26.26,0.67255718,1.924,0.751,3.185,1.492,2.33,-0.55861441,-1.037,-2.462,0.3134,-1.507,-0.5501,0.32545338,0.2234,0.1079,0.3805,0.1705,0.2688,0.097858223,0.1653,0.06917,0.2913,0.1221,0.204
532,independent,74,2872,5.0835261,6.277,4.309,8.616,5.535,6.949,14.204811,14.3,7.697,24.07,11.23,16.74,2.3449989,1.982,1.232,2.852,1.685,2.252,1.0208141,1.289,0.562,2.096,1.005,1.552,0.295631,0.2789,0.1521,0.431,0.2289,0.3246,0.059955193,0.0718,0.02838,0.1528,0.0484,0.08804
318,independent,139,4311,17.388226,14.01,6.215,24.93,10.25,17.16,1.962832,2.457,1.564,3.457,2.126,2.772,0.97281914,0.6367,0.05914,1.251,0.4342,0.832,-0.35580236,-0.3665,-0.7896,0.05438,-0.5116,-0.2232,0.024017359,0.04103,0.01552,0.1015,0.02554,0.04996,0.30221156,0.3403,0.1512,0.543,0.272,0.4062
3242,independent,44,3767,8.8381267,10.84,4.531,21.22,7.558,13.38,1.9732612,6.415,0.1146,19.97,1.645,10.01,3.7656516,2.956,2.115,3.949,2.626,3.258,-0.49192864,-0.7256,-1.112,-0.3499,-0.8598,-0.5897,0.033767579,0.03221,0.008738,0.09627,0.01666,0.03956,0.010403217,0.02816,0.000472,0.2099,0.002586,0.02235
632,independent,131,2769,0.11261715,-0.451,-4.962,2.577,-0.9686,0.3862,11.619136,5.34,1.805,12.5,3.277,6.701,1.384889,1.722,1.266,2.223,1.553,1.886,0.54170366,0.3462,-0.05043,0.7568,0.206,0.4842,0.11249532,0.0671,0.003382,0.3167,0.01592,0.08387,0.01,0.04106,0.008031,0.1302,0.01885,0.05168
386,independent,32,2115,3.6837876,3.216,1.666,7.522,2.418,3.434,1.319769,4.553,1.029,17.83,1.734,5.62,2.6467806,1.58,1.016,2.196,1.376,1.773,0.59895424,0.5773,0.1757,0.9916,0.434,0.7152,0.33321132,0.2181,0.01524,0.516,0.1073,0.3092,0.53299304,0.09944,0.004076,0.356,0.01749,0.1511
55,independent,18,2861,9.7091669,11.01,5.562,20.18,8.219,13.08,7.1316947,14.26,7.35,23.96,10.93,17.05,0.2878143,0.2982,-0.26,0.8697,0.1062,0.4859,-0.74458746,-0.4341,-1.122,0.2235,-0.6621,-0.2017,0.075164617,0.06254,0.02128,0.1473,0.03861,0.0786,0.18076015,0.07456,0.0291,0.1624,0.04946,0.09126
77,independent,113,639,4.1187107,3.493,2.37,5.206,2.992,3.854,19.23526,7.777,3.683,18.23,5.217,9.062,0.15474366,-0.04163,-0.5496,0.4695,-0.2136,0.1332,-0.62933388,-1.087,-1.801,-0.4665,-1.305,-0.854,0.11464682,0.2627,0.07894,0.4726,0.187,0.3331,0.011277771,0.07809,0.01257,0.2116,0.03579,0.1072
3225,independent,98,4914,23.558857,17.38,10.71,25.88,14.47,19.88,15.189851,18.47,9.872,29.33,14.89,21.73,1.2368676,1.914,0.7459,3.262,1.464,2.34,0.12208059,0.3937,-0.5414,1.33,0.07376,0.7108,0.11992794,0.1932,0.08531,0.3562,0.1409,0.235,0.1304685,0.07976,0.03393,0.1643,0.0558,0.09611
554,independent,69,605,18.644351,17.81,11.78,25.64,15.34,19.97,21.794847,22.13,12.94,32.83,18.46,25.44,1.406669,2.468,1.08,4.043,1.944,2.953,-0.19632165,-0.9681,-2.116,0.1021,-1.332,-0.5791,0.13281166,0.1369,0.06407,0.2276,0.1064,0.1635,0.12831803,0.1817,0.07698,0.3282,0.1339,0.2207
7658,independent,108,1342,3.2875959,2.801,-0.3166,12.22,1.011,3.341,15.463329,8.318,2.122,20.62,4.487,11.05,3.0972378,2.567,1.941,3.279,2.331,2.789,-2.3752479,-2.197,-2.917,-1.589,-2.412,-1.964,0.01,0.08973,0.002562,0.3666,0.01806,0.1267,0.01,0.03722,0.004121,0.1594,0.01095,0.04558
6462,independent,63,3739,5.8580291,7.6,4.988,11.86,6.39,8.442,8.5298062,14.31,6.627,25.4,10.67,17.19,1.0913649,0.7481,0.05809,1.489,0.4965,0.9909,-0.57757512,-0.4939,-1.094,0.07562,-0.6896,-0.2931,0.18578658,0.1596,0.05001,0.3219,0.1081,0.2006,0.065236922,0.04453,0.01467,0.1283,0.02553,0.05244
3008,independent,52,1834,5.8194808,6.713,0.9021,18.23,3.154,9.211,7.5374128,9.101,2.859,21.22,5.168,12.03,2.4039596,2.324,1.747,2.979,2.108,2.528,1.2578,1.19,0.6729,1.773,0.9913,1.375,0.033110081,0.04332,0.003283,0.2223,0.01083,0.04792,0.029638596,0.03309,0.006318,0.1222,0.01303,0.04141
598,independent,60,557,5.743245,6.701,4.605,9.236,5.862,7.455,21.743244,20.28,13.18,28.99,17.45,22.88,1.2438205,1.464,0.7135,2.322,1.181,1.735,1.7232203,0.9375,-0.2277,2.19,0.5289,1.345,0.4385099,0.423,0.2656,0.5878,0.3651,0.4801,0.19511204,0.2859,0.1434,0.4476,0.2298,0.3376
468,independent,129,3333,13.721628,17.96,11.04,27.44,14.94,20.49,9.4719987,10.4,7.098,14.3,9.087,11.59,0.73429114,1.603,0.5407,2.825,1.192,1.993,-1.0285759,-1.444,-2.292,-0.6903,-1.709,-1.162,0.12634755,0.09525,0.03874,0.1835,0.06776,0.1164,0.12490209,0.1517,0.08623,0.2403,0.1237,0.1745
4172,independent,76,3838,4.5323207,4.947,-1.031,15.77,2.023,6.822,18.925801,10.68,2.99,22.33,6.882,13.78,3.5733055,3.479,2.64,4.468,3.149,3.778,-4.1984217,-3.769,-5.117,-2.695,-4.163,-3.322,0.053400008,0.053,0.001855,0.249,0.01047,0.06865,0.019238795,0.04278,0.005037,0.167,0.01468,0.05307
4066,independent,8,190,6.7258326,8.668,5.654,12.44,7.41,9.771,6.2635369,7.565,4.933,10.91,6.452,8.546,0.77747112,0.9169,0.1815,1.745,0.6405,1.176,-0.29449235,-1.073,-2.099,-0.159,-1.404,-0.7292,0.28513464,0.2369,0.1354,0.3706,0.1939,0.2736,0.58333599,0.4731,0.2449,0.6873,0.3993,0.5512
495,independent,74,1049,5.921248,4.668,2.433,7.454,3.756,5.465,5.799202,6.338,4.478,8.494,5.623,6.995,3.1409864,3.313,2.367,4.444,2.938,3.647,1.2663382,1.837,1.118,2.668,1.558,2.097,0.4199625,0.3716,0.1619,0.6237,0.2848,0.4501,0.18161108,0.1948,0.1092,0.3017,0.1593,0.226
3798,independent,57,2548,5.4902268,6.598,4.645,8.969,5.811,7.31,11.364916,10.06,5.765,17.41,7.953,11.63,1.0848335,1.494,0.7531,2.345,1.213,1.755,-0.62284446,-0.1753,-0.7306,0.3765,-0.3593,0.01709,0.27806485,0.2018,0.1055,0.318,0.1622,0.2372,0.078521046,0.08924,0.02895,0.1987,0.05799,0.1117
4788,independent,37,1628,3.4435119,3.165,2.188,4.364,2.773,3.51,12.059334,13.16,6.42,24.02,9.799,15.73,-0.66680351,-0.7182,-1.311,-0.1672,-0.9031,-0.5227,-0.71012622,-0.5053,-1.088,0.05741,-0.7004,-0.3084,0.2920108,0.2715,0.1109,0.4775,0.2032,0.3305,0.034585133,0.03725,0.01359,0.08667,0.02356,0.04568
271,independent,118,835,16.539529,14.78,9.767,21.17,12.7,16.56,6.8932734,10.23,5.06,19.52,7.478,12.14,0.93845817,1.321,0.4022,2.342,0.9754,1.654,0.0046505246,0.2175,-0.3534,0.8108,0.01981,0.408,0.082246123,0.1919,0.07709,0.3451,0.1408,0.2353,0.11152889,0.0867,0.02501,0.2023,0.05147,0.1121
5285,independent,146,4031,4.3147681,2.615,1.335,4.217,2.098,3.065,13.500903,14.78,8.371,24.71,11.71,17.21,1.7242896,1.917,1.372,2.547,1.7,2.115,0.86539244,1.321,0.5693,2.188,1.032,1.585,0.15787591,0.3004,0.1206,0.5147,0.2262,0.3682,0.042723326,0.04829,0.01777,0.1083,0.03139,0.05965
2470,independent,77,1660,-1.1060278,-0.3879,-5.646,5.475,-1.249,0.3963,19.309673,12.92,4.939,24.15,9.146,16.14,1.2126732,1.242,0.8188,1.681,1.097,1.386,-0.4081889,-0.2917,-0.7978,0.1897,-0.4575,-0.1216,0.081080074,0.07175,0.001382,0.323,0.01303,0.0984,0.01,0.02255,0.008214,0.0588,0.01355,0.02714
1505,independent,8,1815,14.890425,18.17,11.93,25.39,15.76,20.38,6.512125,10.73,6.245,16.73,8.788,12.41,0.49920009,0.66,-0.3319,1.757,0.2886,1.013,0.36964786,0.2799,-0.6508,1.2,-0.03339,0.5919,0.11720784,0.1078,0.05826,0.1662,0.08755,0.1259,0.60052815,0.4246,0.2256,0.6389,0.3512,0.4956
1842,independent,132,3522,-3.5147982,-0.9736,-5.65,2.632,-1.625,-0.1778,13.043733,9.66,2.691,22.05,5.504,12.8,1.5551085,1.61,1.154,2.096,1.446,1.772,-0.36234326,-0.4529,-0.8693,-0.04236,-0.593,-0.3091,0.023027396,0.07989,0.002545,0.3279,0.01839,0.1091,0.011670202,0.02766,0.0057,0.09872,0.01157,0.03379
3189,independent,28,488,1.9101365,3.606,1.507,10.87,2.306,3.925,12.037069,15.49,10.17,22.59,13.25,17.42,1.4229765,1.368,0.8565,1.949,1.175,1.546,-1.1507549,-1.231,-2.331,-0.2359,-1.577,-0.8621,0.26733304,0.135,0.01091,0.4061,0.0586,0.1847,0.090135768,0.09448,0.04193,0.1791,0.06972,0.1135
533,independent,153,3838,1.0049297,4.244,0.2816,17.15,1.085,6.022,12.282296,8.79,2.208,21.1,4.731,11.85,0.19861289,0.1578,-0.2087,0.5354,0.03008,0.2821,-0.015128068,-0.2599,-0.6838,0.1567,-0.397,-0.1198,0.010191566,0.05186,0.001581,0.2894,0.006031,0.06235,0.01,0.0249,0.004683,0.1004,0.009572,0.02952
2762,independent,51,70,-0.61683973,1.916,-4.243,14.73,-0.9354,3.534,0.10240937,0.2104,-2.516,3.359,-0.6514,1.002,3.8193512,3.652,2.769,4.714,3.31,3.969,-3.6383944,-3.029,-3.872,-2.311,-3.279,-2.757,0.1940533,0.06607,0.001908,0.3073,0.01324,0.08564,0.18232447,0.1212,0.0115,0.3652,0.05054,0.1666
413,independent,66,4694,14.009291,15.76,11.02,22.23,13.74,17.46,6.3156753,9.052,4.583,16.82,6.814,10.7,0.74300184,0.4238,-0.4012,1.297,0.1321,0.706,0.16889857,-0.1292,-0.7904,0.5374,-0.3628,0.1003,0.11857113,0.1012,0.04998,0.1664,0.07975,0.1204,0.20392744,0.1168,0.03383,0.2963,0.06939,0.1454
5513,independent,55,2826,7.7474073,11.87,6.344,21.28,9.18,13.81,6.0734565,5.066,3.323,7.604,4.314,5.668,1.5172965,2.38,1.55,3.346,2.059,2.671,-0.26551658,-0.1501,-0.6698,0.3754,-0.3216,0.025,0.061703437,0.04269,0.01569,0.09091,0.02824,0.05278,0.07662193,0.1917,0.06751,0.369,0.1349,0.2371
405,independent,86,3382,21.608713,22.11,14.52,31.42,19.04,24.85,29.860617,20.49,11.38,31.37,16.77,23.89,0.13479298,0.2919,-0.8462,1.424,-0.09828,0.6832,-0.010254945,-0.3629,-1.501,0.7287,-0.7493,0.02386,0.13725128,0.1317,0.08103,0.1976,0.1116,0.1491,0.17503424,0.2399,0.09407,0.4569,0.1701,0.2973
5379,independent,68,2028,1.4939745,3.028,0.9181,12.65,1.518,2.861,10.917688,12.96,7.234,22.6,10.07,15.13,0.54547089,0.4464,0.0656,0.8406,0.3088,0.5817,0.00069144365,-0.1517,-0.6674,0.3485,-0.3242,0.02088,0.11204933,0.1538,0.006059,0.4235,0.04826,0.2308,0.02909131,0.03348,0.01161,0.07436,0.02105,0.04224
3990,independent,142,4788,5.6106573,7.653,4.63,12.43,6.236,8.667,2.8101282,3.456,1.708,8.341,2.516,3.715,0.9992889,0.6939,-0.09191,1.601,0.395,0.973,0.76329175,0.6152,0.1905,1.047,0.4627,0.7641,0.32069708,0.1833,0.05505,0.3624,0.1231,0.2328,0.28319826,0.1923,0.02867,0.3968,0.1272,0.2509
5970,independent,108,895,15.495785,8.231,1.661,19.25,4.773,10.86,11.251218,8.284,1.363,20.86,4.08,11.45,3.0027003,3.306,2.452,4.33,2.977,3.608,-2.2190675,-2.075,-2.731,-1.511,-2.275,-1.857,0.014596084,0.04538,0.006395,0.1683,0.01736,0.05734,0.01,0.02396,0.002566,0.1149,0.006886,0.02642
73,independent,77,1005,5.8028094,5.55,0.3991,17.99,1.818,8.032,17.817249,10.65,3.978,22.56,6.983,13.34,1.5606942,1.372,0.9388,1.844,1.212,1.526,-0.68348839,-0.9515,-1.511,-0.4491,-1.13,-0.7608,0.01,0.02743,0.001841,0.139,0.005789,0.03175,0.01,0.03162,0.007893,0.09761,0.0154,0.03871
4382,independent,127,4569,12.820287,15.41,10.07,21.81,13.27,17.33,8.5853328,18.25,11.44,26.95,15.35,20.79,0.96616269,1.636,0.5926,2.818,1.243,2.01,-0.72236043,-0.7399,-2.087,0.5068,-1.171,-0.298,0.1539614,0.1892,0.08966,0.3229,0.1455,0.2258,0.36192839,0.236,0.1,0.4174,0.1762,0.2869
246,independent,109,1194,15.3978,18.44,11.61,26.89,15.71,20.96,14.697504,15.1,8.154,24.88,11.93,17.72,0.042400197,-0.6927,-1.927,0.4648,-1.101,-0.275,-0.11416371,0.1857,-0.5905,0.9974,-0.09275,0.4482,0.060255803,0.1441,0.0589,0.2691,0.1038,0.1763,0.048968578,0.0511,0.02037,0.1148,0.03402,0.06158
1787,independent,12,3493,17.528054,16.53,10.5,23.97,14.12,18.68,17.946923,22.4,14.63,31.85,19.2,25.27,0.19470353,-0.004312,-0.9346,0.8976,-0.3132,0.3088,-0.15863638,-1.498,-3.023,-0.09801,-1.991,-0.9704,0.092878518,0.1938,0.09172,0.3391,0.1484,0.2308,0.19233438,0.1733,0.07571,0.3026,0.1298,0.2097
481,independent,20,4468,36.060793,24.86,16.28,35.27,21.45,27.97,26.488724,21.55,13.35,31.01,18.27,24.55,1.4030111,1.098,-0.2049,2.531,0.623,1.541,-0.20687982,-0.08043,-1.369,1.198,-0.5098,0.3536,0.076001464,0.1183,0.05698,0.1891,0.09409,0.1402,0.092135683,0.1761,0.07291,0.3303,0.1277,0.2159
6071,independent,12,2786,19.314936,15.67,9.545,23.36,13.07,17.97,34.754437,23.23,15.0,33.27,19.79,26.3,0.39325922,-0.6219,-1.636,0.349,-0.9516,-0.2832,-0.85177209,-0.5442,-1.919,0.7537,-0.9776,-0.09493,0.082881206,0.1284,0.05865,0.2449,0.09412,0.1533,0.20231774,0.1425,0.06116,0.2442,0.1071,0.1742
2506,independent,15,1185,6.0370183,10.63,5.612,20.93,7.823,12.44,10.53602,7.435,4.781,10.97,6.312,8.405,-0.60078092,0.09102,-0.7403,0.9416,-0.1988,0.381,0.047810891,-0.2299,-0.8117,0.3117,-0.419,-0.03467,0.23776856,0.1629,0.03353,0.4005,0.08373,0.2224,0.13130347,0.1454,0.06793,0.2584,0.1099,0.1738
813,independent,66,3629,11.395707,13.41,8.177,20.14,11.3,15.27,22.834255,10.94,5.275,21.11,7.777,13.27,0.83290292,0.92,-0.04514,1.962,0.5721,1.257,0.28384419,0.4878,-0.03657,1.034,0.3013,0.669,0.14064936,0.1734,0.08996,0.2849,0.1387,0.2025,0.024076993,0.04834,0.01414,0.1235,0.02727,0.06185
4784,independent,24,3138,10.502033,13.09,8.632,18.72,11.23,14.76,19.823759,17.55,11.78,25.0,15.18,19.64,0.9345165,1.514,0.5385,2.575,1.168,1.846,1.634074,1.145,0.0105,2.392,0.718,1.547,0.25312423,0.1598,0.08839,0.2518,0.1312,0.1848,0.15065037,0.1566,0.06963,0.2783,0.1179,0.189
5631,independent,134,4211,9.3858432,7.654,1.579,19.18,3.833,10.45,6.5517855,6.145,3.061,13.42,4.442,7.047,-0.45994165,-0.5389,-0.938,-0.1469,-0.6718,-0.403,-0.8854384,-0.7339,-1.255,-0.236,-0.9014,-0.561,0.011190756,0.02186,0.003648,0.08912,0.00795,0.0262,0.057190276,0.1169,0.02132,0.2792,0.06209,0.1585
5331,independent,40,22,16.949262,7.759,3.817,14.8,5.958,8.989,5.0737328,5.181,-0.335,18.42,1.523,7.536,3.4343748,4.123,2.89,5.6,3.624,4.581,-2.7787453,-2.623,-3.376,-1.963,-2.851,-2.369,0.01,0.1142,0.01747,0.2888,0.05916,0.1531,0.015527824,0.05594,0.002021,0.3056,0.008225,0.06628
500,independent,58,1400,7.7178343,9.967,5.285,19.97,7.233,11.77,11.002463,11.18,6.991,17.4,9.257,12.69,1.6167432,1.638,0.8311,2.575,1.318,1.925,0.94710799,1.298,0.2675,2.469,0.9133,1.651,0.1355349,0.1254,0.02956,0.3062,0.06677,0.1687,0.19181696,0.1813,0.05412,0.3638,0.1224,0.2294
364,independent,81,2852,18.993688,14.25,8.317,22.59,11.62,16.41,27.359138,17.54,9.552,27.96,14.06,20.61,0.49559316,0.748,-0.2225,1.823,0.3883,1.094,0.091710407,0.1252,-0.8412,1.135,-0.2087,0.4466,0.060307924,0.1312,0.04922,0.2804,0.08734,0.1622,0.03627981,0.06764,0.02684,0.1457,0.04566,0.0823
6565,independent,120,3132,21.908422,20.29,13.66,28.36,17.57,22.7,18.95616,18.13,11.83,26.21,15.44,20.49,1.2667622,0.498,-0.5018,1.542,0.1552,0.8362,-0.081523854,-0.6531,-1.789,0.3921,-1.011,-0.284,0.18571478,0.1783,0.08488,0.2973,0.1405,0.2112,0.09773693,0.1145,0.04834,0.2206,0.08168,0.1403
4168,independent,54,2512,8.5288726,12.92,8.648,18.01,11.25,14.46,27.200429,16.1,9.129,25.48,13.0,18.79,1.1849575,2.944,1.619,4.429,2.448,3.405,-0.44622892,-0.6555,-1.483,0.1234,-0.9225,-0.3852,0.26556213,0.372,0.2268,0.527,0.3182,0.4234,0.084078739,0.1195,0.04782,0.2344,0.08307,0.1476
173,independent,123,219,13.841328,16.79,11.1,23.65,14.5,18.83,8.6607071,9.516,5.988,14.27,8.027,10.79,0.60235379,1.139,0.1627,2.225,0.7792,1.475,0.092987909,-0.09316,-0.9434,0.7321,-0.3736,0.1944,0.1432092,0.1268,0.05455,0.2233,0.09569,0.1532,0.32734691,0.3451,0.1984,0.515,0.289,0.3984
444,independent,57,370,4.8737197,5.356,3.691,7.46,4.686,5.947,6.5809682,7.791,5.169,11.1,6.708,8.746,1.0017604,1.037,0.3554,1.788,0.784,1.279,-1.3356836,-1.55,-2.433,-0.7631,-1.832,-1.251,0.1970342,0.264,0.1286,0.44,0.2073,0.3139,0.19770881,0.1593,0.08273,0.2628,0.1267,0.1876
5141,independent,108,2615,10.377372,9.047,6.118,13.76,7.713,9.99,24.029983,9.543,5.62,17.29,7.537,10.86,3.1588804,3.012,1.879,4.312,2.577,3.416,-2.8105869,-3.136,-4.491,-1.98,-3.544,-2.693,0.074570947,0.1238,0.04271,0.2291,0.08995,0.1529,0.01,0.06413,0.01907,0.1391,0.04099,0.08207
5540,independent,125,247,6.4531227,6.787,4.593,9.643,5.898,7.567,8.9076687,7.262,3.033,18.73,4.487,8.656,0.40266172,0.782,-0.04668,1.654,0.4844,1.069,-0.54081202,-0.2137,-0.6826,0.2516,-0.3718,-0.05168,0.62579557,0.3723,0.1964,0.5799,0.3004,0.4386,0.03713322,0.07468,0.0114,0.2105,0.03154,0.1037
382,independent,36,1304,13.531547,15.24,10.12,21.32,13.23,17.05,20.555775,20.39,12.32,29.95,17.11,23.33,2.2139034,1.826,0.7156,3.086,1.404,2.217,-0.1366237,-0.06831,-1.013,0.8784,-0.3908,0.2469,0.2917713,0.2256,0.1323,0.3403,0.1886,0.2588,0.10866178,0.1091,0.04723,0.208,0.07885,0.1318
507,independent,2,123,5.3376553,6.829,4.7,9.411,5.991,7.592,4.9001291,5.57,3.746,8.197,4.787,6.194,1.664834,1.208,0.4571,2.057,0.9237,1.479,0.72145896,0.8704,0.1287,1.663,0.6017,1.134,0.4087008,0.3694,0.2213,0.5394,0.312,0.4234,0.35943187,0.3812,0.1414,0.6335,0.29,0.4699
2106,independent,98,4157,19.304492,19.18,12.3,27.35,16.43,21.71,10.264127,15.33,8.946,24.38,12.45,17.79,1.508494,1.205,0.1288,2.384,0.8144,1.582,0.47776105,0.7193,-0.0603,1.598,0.4362,0.9871,0.12069304,0.2315,0.1054,0.4072,0.176,0.2778,0.18441485,0.09912,0.03421,0.2393,0.06165,0.123
3504,independent,144,1179,1.2219931,-0.1825,-2.464,2.537,-1.021,0.5108,19.251041,10.7,4.797,21.25,7.85,12.65,2.7502904,2.678,2.029,3.413,2.428,2.905,-3.5992334,-2.649,-3.562,-1.878,-2.919,-2.355,0.14854797,0.1551,0.02385,0.372,0.08694,0.2065,0.029256177,0.06187,0.01046,0.1642,0.02815,0.08587
372,independent,24,1096,10.366387,8.516,5.965,11.64,7.506,9.425,22.095898,17.24,11.15,24.79,14.76,19.4,1.5917345,1.6,0.8628,2.415,1.327,1.863,1.5904541,1.368,0.3356,2.523,0.9948,1.721,0.30626831,0.2897,0.1425,0.4452,0.2367,0.3408,0.16044072,0.1815,0.08525,0.3034,0.1411,0.217
5196,independent,126,1802,3.9168033,4.58,3.179,6.384,4.004,5.087,17.530656,19.98,13.36,28.23,17.16,22.46,0.13620385,0.2329,-0.4244,0.9141,0.0007154,0.4561,0.65556519,1.092,-0.05293,2.256,0.6856,1.48,0.35093492,0.3766,0.1805,0.6012,0.2966,0.4528,0.14631574,0.2291,0.1289,0.3438,0.1905,0.2653
274,independent,101,697,12.832895,11.35,4.869,20.4,8.377,13.85,15.582796,12.17,6.196,21.91,9.165,14.39,2.952283,2.847,1.999,3.844,2.517,3.151,-0.36553954,-0.3784,-0.9463,0.1697,-0.5657,-0.181,0.02471432,0.03485,0.01095,0.09198,0.02058,0.04254,0.029403533,0.06044,0.01758,0.1601,0.03353,0.0766
232,independent,24,1178,13.636327,12.74,8.006,19.71,10.6,14.45,18.468248,14.46,8.929,21.81,12.07,16.57,1.5165016,1.257,0.384,2.217,0.946,1.562,1.2918845,1.149,0.05798,2.36,0.7577,1.52,0.17237182,0.1514,0.05649,0.2851,0.1087,0.1865,0.18011346,0.2182,0.1014,0.3819,0.166,0.2616
424,independent,122,4512,12.724832,11.53,6.986,17.69,9.601,13.18,25.672988,20.63,12.41,30.45,17.51,23.41,0.10130712,1.62,0.5952,2.757,1.235,1.99,0.39182085,1.293,0.2042,2.554,0.8778,1.685,0.40006783,0.3132,0.1527,0.5004,0.2489,0.3719,0.10621531,0.09634,0.04147,0.1846,0.06972,0.1163
5709,independent,112,614,37.673629,21.74,14.1,31.23,18.71,24.49,22.435374,17.91,11.88,24.96,15.53,20.06,0.63983767,0.9588,-0.17,2.189,0.5592,1.352,-0.16763416,-0.5388,-1.432,0.3386,-0.8353,-0.2351,0.088313042,0.1856,0.08209,0.3285,0.1396,0.2246,0.13901304,0.1771,0.08817,0.2849,0.1403,0.21
3789,independent,11,3129,16.277732,11.9,6.983,19.89,9.542,13.74,10.922366,13.08,7.893,21.02,10.58,15.01,1.6409261,1.36,0.5999,2.194,1.072,1.629,0.28581727,0.3229,-0.4715,1.143,0.04878,0.594,0.10374357,0.1482,0.04848,0.3036,0.09646,0.1877,0.10978699,0.1345,0.04313,0.2953,0.08434,0.1706
5341,independent,142,1203,14.59908,16.07,11.23,21.8,14.15,17.81,3.3004457,4.773,3.046,7.883,4.008,5.257,1.4066669,2.657,1.402,4.056,2.181,3.101,1.0500648,1.126,0.5664,1.752,0.9206,1.32,0.095830609,0.1574,0.0847,0.2585,0.1258,0.1835,0.2032378,0.2417,0.04613,0.4638,0.1575,0.3194
485,independent,125,3431,7.0535318,10.26,6.765,14.61,8.863,11.49,6.1174121,10.78,5.421,20.69,7.925,12.7,0.52556015,0.8575,-0.03439,1.864,0.5235,1.173,-0.80995234,-0.7777,-1.442,-0.1628,-0.9861,-0.5611,0.45157685,0.3386,0.1986,0.5077,0.2842,0.3866,0.078770676,0.0637,0.0189,0.1482,0.03865,0.08079
5278,independent,137,4959,17.774523,16.84,10.29,25.48,14.05,19.23,11.928479,16.45,10.3,25.27,13.74,18.71,1.8236131,1.667,0.4591,3.031,1.211,2.094,0.0049773079,-0.4719,-1.421,0.4411,-0.7847,-0.1459,0.20372207,0.1346,0.05273,0.2768,0.09206,0.1657,0.14783372,0.1238,0.05032,0.224,0.09011,0.1514
435,independent,88,2738,2.7121033,2.116,0.726,4.623,1.448,2.552,3.6768148,4.239,2.268,8.968,3.181,4.725,1.2505055,1.225,0.7831,1.699,1.065,1.38,0.28018636,0.1517,-0.279,0.5823,0.002458,0.2992,0.070866255,0.1039,0.02214,0.26,0.05998,0.1323,0.093449416,0.1292,0.0245,0.2937,0.0765,0.1706
5009,independent,138,337,15.666128,16.09,8.758,26.3,12.71,18.89,7.834575,6.761,4.325,9.887,5.755,7.615,0.66343486,0.9291,0.02752,1.942,0.5978,1.24,-0.71580047,-0.6719,-1.247,-0.1444,-0.85,-0.4799,0.070011582,0.08248,0.02874,0.197,0.05207,0.1012,0.13324998,0.2039,0.09138,0.3601,0.1546,0.2441
5200,independent,7,3820,15.635951,20.78,13.3,29.79,17.67,23.57,26.208934,20.91,12.92,30.47,17.73,23.84,0.1479614,0.1754,-0.8469,1.227,-0.1957,0.542,0.38659865,0.2463,-0.8346,1.367,-0.139,0.6233,0.16853217,0.2131,0.1092,0.3439,0.1685,0.2526,0.13773967,0.1757,0.07771,0.3029,0.1347,0.212
2844,independent,103,2773,8.7683388,7.252,4.942,10.42,6.275,8.033,10.083287,12.09,7.04,20.17,9.73,13.88,0.62189233,0.6526,-0.005645,1.383,0.4136,0.876,0.016964682,0.3417,-0.4947,1.205,0.05005,0.6304,0.18822755,0.1857,0.06739,0.3316,0.1386,0.2272,0.14772924,0.1092,0.0325,0.2691,0.06597,0.1364
591,independent,69,351,14.146651,15.54,9.573,23.09,13.15,17.7,27.498369,18.98,12.13,27.62,16.17,21.45,1.4744771,1.602,0.5276,2.82,1.196,1.98,0.019328815,-0.5177,-1.662,0.5378,-0.8881,-0.1386,0.24508897,0.2771,0.1919,0.3797,0.244,0.3074,0.096283311,0.1296,0.04939,0.2323,0.09303,0.1611
2606,independent,141,1756,7.7730183,8.218,5.606,11.99,7.113,9.107,6.492221,8.144,4.319,15.67,6.151,9.5,2.0063032,1.73,0.879,2.677,1.417,2.021,0.077061924,-0.2918,-0.8579,0.2629,-0.4854,-0.09593,0.12374999,0.1578,0.06034,0.2871,0.1138,0.1962,0.14260887,0.07349,0.02236,0.167,0.04532,0.09342
3198,independent,67,1920,4.0043884,3.333,2.276,4.585,2.919,3.698,2.0707418,5.297,1.42,16.43,2.509,6.712,1.3899478,1.267,0.6768,1.934,1.044,1.473,0.59708702,0.5362,0.1353,0.9521,0.3966,0.6783,0.25192389,0.2386,0.1036,0.4207,0.1819,0.2864,0.093834453,0.05735,0.005796,0.2034,0.01754,0.07971
476,independent,54,2956,10.50846,15.47,9.289,24.34,12.7,17.74,21.271536,23.1,14.32,33.68,19.55,26.39,1.2349267,1.489,0.5039,2.555,1.113,1.839,-0.57507105,-1.095,-2.444,0.1612,-1.523,-0.6494,0.33469585,0.1544,0.057,0.2912,0.1071,0.1951,0.24487101,0.2333,0.09974,0.3852,0.1806,0.2814
5791,independent,94,1518,4.8745576,9.567,3.365,20.97,5.903,12.26,4.3543012,6.112,3.485,12.75,4.508,6.927,1.7345851,1.491,0.9389,2.124,1.28,1.685,0.62343192,0.6568,-0.0107,1.393,0.4051,0.8994,0.09904501,0.03054,0.007387,0.09218,0.0147,0.03866,0.17369005,0.2021,0.0331,0.5137,0.09082,0.2878
3368,independent,72,3591,0.92952949,9.106,2.074,20.7,5.191,12.09,11.171539,7.917,2.005,20.37,3.922,10.73,0.45489649,0.5694,0.1689,0.9826,0.4341,0.699,-0.15784422,-0.366,-0.7974,0.05826,-0.5104,-0.2202,0.12354033,0.0143,0.003378,0.04939,0.00657,0.01714,0.013106636,0.0345,0.005227,0.1318,0.01177,0.04387
5863,independent,96,2077,10.371334,13.77,8.238,21.77,11.29,15.8,11.603174,13.0,6.745,23.0,9.92,15.4,1.4984176,1.882,0.82,3.065,1.49,2.251,-0.40329338,-0.3577,-0.9586,0.2121,-0.5616,-0.1546,0.080741401,0.08098,0.03234,0.1605,0.0572,0.0984,0.040829397,0.04932,0.01776,0.1124,0.03149,0.06078
501,independent,58,2409,7.6954775,9.885,6.807,13.48,8.7,10.98,10.215558,9.966,6.868,13.59,8.767,11.05,1.8561693,2.293,1.282,3.444,1.916,2.644,0.41481229,0.5334,-0.1782,1.3,0.2877,0.7715,0.16771009,0.2023,0.1084,0.3184,0.1638,0.2362,0.16679816,0.181,0.1113,0.2701,0.1528,0.2061
4458,independent,47,3922,8.782151,6.893,4.57,9.797,5.962,7.732,20.472388,15.99,9.242,25.23,12.91,18.55,1.2461689,0.7203,0.03695,1.463,0.4706,0.9583,1.017165,-0.3636,-1.541,0.7835,-0.766,0.04185,0.30620404,0.3023,0.1673,0.4656,0.2496,0.3503,0.15600115,0.1274,0.04672,0.2757,0.08352,0.1576
2865,independent,70,1731,8.5271672,13.71,7.761,22.0,11.0,15.97,11.864235,11.56,4.78,22.71,8.058,14.34,-0.11995947,-0.3372,-1.107,0.4012,-0.5853,-0.08098,0.1552121,0.6097,-0.006293,1.274,0.3839,0.8285,0.088514524,0.06648,0.02565,0.1515,0.04374,0.0811,0.032241163,0.05454,0.01681,0.1517,0.03016,0.06688
241,independent,10,3079,4.0562138,6.064,4.155,8.524,5.286,6.72,10.304536,11.31,5.869,21.21,8.444,13.32,1.7714884,2.403,1.507,3.438,2.052,2.731,0.13294448,0.4251,-0.194,1.089,0.2012,0.6397,0.40653293,0.2104,0.07171,0.3871,0.1535,0.2599,0.06356814,0.05638,0.01586,0.1424,0.03276,0.07116
3049,independent,151,2926,10.932611,11.75,7.637,16.89,10.09,13.21,15.07428,15.59,7.939,26.85,11.81,18.65,0.69640202,0.9852,0.04459,2.001,0.6396,1.313,-0.076509079,-0.3135,-0.9609,0.3145,-0.53,-0.09722,0.19703433,0.2524,0.141,0.4039,0.2046,0.2941,0.033181469,0.05348,0.01883,0.1237,0.03323,0.06671
3111,independent,90,2258,20.080057,15.34,8.269,24.79,12.27,17.91,15.562033,11.84,6.06,22.25,8.814,14.06,0.52067705,0.2998,-0.2832,0.9259,0.08136,0.5126,-0.22430058,-0.3132,-0.9849,0.3164,-0.5327,-0.08823,0.025462934,0.03186,0.01442,0.06439,0.02262,0.03797,0.028164708,0.06566,0.01868,0.1672,0.03734,0.08346
4940,independent,89,2526,15.998553,11.82,8.155,16.37,10.28,13.16,10.414581,8.78,6.119,12.04,7.691,9.748,0.48786855,0.4982,-0.1652,1.166,0.2711,0.7231,0.20624624,-0.1962,-0.9546,0.5506,-0.4562,0.06949,0.16714307,0.1694,0.08811,0.2608,0.1396,0.197,0.26981968,0.2603,0.1121,0.405,0.2106,0.3101
6299,independent,33,4845,-3.6525799,-1.266,-5.948,6.873,-2.837,-0.2142,1.9642952,3.823,1.012,13.78,1.822,4.433,3.2545277,3.79,2.841,4.919,3.407,4.132,-0.77593798,-1.086,-1.56,-0.6518,-1.236,-0.9269,0.011387654,0.1015,0.002291,0.3734,0.03246,0.1385,0.063924883,0.06932,0.005239,0.2364,0.02196,0.09721
2751,independent,70,4859,4.0583845,9.599,3.586,20.67,5.959,12.3,21.129748,15.87,8.489,26.44,12.4,18.79,0.52719574,0.416,-0.08746,0.9303,0.2421,0.5865,0.031159379,0.4943,-0.1066,1.14,0.2775,0.7023,0.08092821,0.04322,0.01041,0.1266,0.02076,0.05636,0.01700698,0.03402,0.01428,0.07215,0.02309,0.04133
407,independent,4,2390,1.926625,4.297,1.245,9.249,2.904,5.314,8.4383806,12.95,4.31,25.81,8.44,16.75,2.9418761,3.894,2.803,5.223,3.453,4.284,0.25897972,0.5829,0.1033,1.077,0.4114,0.7475,0.12966081,0.1375,0.02094,0.366,0.07071,0.1829,0.022250108,0.03285,0.008711,0.1138,0.01578,0.03826
300,independent,155,2463,6.2150081,5.745,2.119,14.37,3.675,6.797,15.793301,13.02,6.947,23.31,9.91,15.46,1.850056,1.439,0.974,1.96,1.261,1.61,1.6713959,1.701,0.9895,2.499,1.433,1.953,0.022381011,0.06579,0.01001,0.1856,0.03029,0.08899,0.025185595,0.04455,0.01551,0.1047,0.02788,0.05499
3717,independent,3,1649,9.9465843,13.31,8.324,19.52,11.24,15.14,19.16283,18.01,10.44,28.21,14.62,20.9,1.1271625,0.2249,-0.5187,0.9782,-0.03162,0.4803,-0.61644642,-0.8997,-1.928,0.01076,-1.222,-0.5553,0.29437014,0.2113,0.1091,0.3471,0.1671,0.2483,0.053552,0.09068,0.03521,0.1967,0.0597,0.1127
297,independent,103,1764,7.3539444,10.32,6.496,16.4,8.507,11.66,11.465709,12.06,8.29,16.72,10.56,13.38,1.0192193,1.671,0.7473,2.698,1.322,1.996,-0.080839819,-0.08281,-0.8529,0.6789,-0.349,0.1862,0.17227944,0.1521,0.05159,0.3113,0.1012,0.1915,0.13880356,0.1864,0.09267,0.2947,0.1512,0.2196
5366,independent,42,248,6.2288002,6.549,3.991,10.29,5.431,7.445,0.73166156,3.475,-0.05489,16.56,0.8697,4.199,3.0489931,3.218,2.288,4.289,2.859,3.548,-0.7139334,-0.7642,-1.155,-0.3955,-0.9024,-0.6264,0.17733943,0.1707,0.05843,0.3116,0.1215,0.2129,0.076092682,0.06026,0.002696,0.2265,0.01404,0.08496
3716,independent,3,3244,9.7790327,15.16,9.684,21.9,12.91,17.17,18.485481,15.44,8.908,24.28,12.5,17.85,0.8231952,1.79,0.7193,2.94,1.4,2.165,-0.46458236,-1.151,-2.308,-0.11,-1.518,-0.77,0.24605654,0.2681,0.1445,0.4179,0.2166,0.3134,0.058123674,0.1134,0.04744,0.2332,0.07929,0.1371
528,independent,82,4166,0.90986249,2.197,0.5595,9.171,1.158,2.243,-1.7757051,-0.3076,-3.02,8.438,-1.161,-0.2654,0.47761909,0.6064,0.2251,0.9952,0.4695,0.7404,0.26679224,0.4236,0.06548,0.7965,0.299,0.545,0.11612085,0.1097,0.007736,0.3116,0.04765,0.1538,0.021540664,0.07183,0.001807,0.2794,0.02324,0.09455
5820,independent,149,2089,16.863367,17.7,10.46,27.3,14.5,20.35,9.4350394,13.1,8.851,18.54,11.31,14.68,0.78392039,1.11,-0.07178,2.405,0.6797,1.511,0.45482891,0.5464,-0.4372,1.645,0.1814,0.885,0.1103583,0.137,0.05368,0.2729,0.09479,0.1691,0.20789592,0.2051,0.08876,0.3653,0.1536,0.2489
250,independent,3,567,8.3835933,8.237,5.559,11.68,7.096,9.218,14.825021,15.12,8.974,23.17,12.46,17.4,0.87175182,1.055,0.1033,2.123,0.6937,1.394,-0.31816066,-0.08231,-1.174,1.052,-0.4482,0.2884,0.34728228,0.4575,0.2665,0.6409,0.39,0.5247,0.077171877,0.1803,0.06021,0.3567,0.1222,0.2288
6069,independent,93,3443,8.5043135,9.085,6.161,14.03,7.743,10.01,13.044234,11.73,6.869,19.15,9.508,13.39,1.7311958,1.22,0.5723,1.95,0.9753,1.454,-0.12787101,0.02804,-0.6414,0.7024,-0.2044,0.2528,0.19418008,0.109,0.03796,0.1983,0.07928,0.1355,0.048817869,0.07829,0.02627,0.1654,0.05302,0.09725
4348,independent,57,1259,9.1631301,10.98,6.437,19.74,8.573,12.56,11.676347,15.74,8.953,25.4,12.6,18.34,0.94581641,0.8463,0.143,1.648,0.5809,1.093,-0.7655796,-0.657,-1.416,0.0648,-0.9127,-0.3973,0.11717114,0.085,0.0234,0.1918,0.05152,0.1104,0.054188667,0.05731,0.023,0.1202,0.03902,0.06999
290,independent,92,4124,4.4656731,4.226,1.397,9.032,2.849,5.162,8.8006943,12.37,5.423,23.98,8.606,15.26,2.1610483,2.489,1.777,3.346,2.215,2.733,-2.786415,-2.556,-3.487,-1.771,-2.842,-2.244,0.069159425,0.105,0.01573,0.298,0.05037,0.1396,0.024730813,0.0295,0.008976,0.08066,0.01638,0.03688
5892,independent,107,523,-3.9509501,1.631,-3.126,5.977,0.2859,3.106,-3.5438578,-1.034,-4.758,3.899,-1.987,-0.3399,3.2295601,3.26,2.462,4.162,2.957,3.537,-1.993011,-1.771,-2.268,-1.302,-1.945,-1.597,0.025576915,0.1138,0.0123,0.3474,0.04608,0.1567,0.069762627,0.08312,0.004195,0.2882,0.03005,0.1109
46,independent,146,4271,1.8668292,2.863,1.612,4.327,2.383,3.296,23.837911,19.25,11.35,29.55,15.86,22.21,1.7328614,2.493,1.737,3.39,2.201,2.765,0.48914715,0.8261,0.04347,1.718,0.5215,1.11,0.65285978,0.3474,0.1547,0.5921,0.2661,0.4191,0.038678067,0.05259,0.0249,0.09807,0.03874,0.06302
5517,independent,127,1709,14.833372,14.24,9.09,20.87,12.03,16.18,7.1101758,10.05,6.094,16.03,8.298,11.41,1.3399274,1.271,0.3375,2.3,0.9218,1.606,-0.63538269,-0.5874,-1.311,0.08663,-0.8223,-0.3367,0.10405497,0.1477,0.06054,0.2853,0.1056,0.1797,0.25000237,0.1386,0.04473,0.2813,0.09599,0.1715
568,independent,44,2198,2.2583117,3.388,-1.985,15.07,0.9653,4.45,9.9119538,9.404,2.351,21.84,5.191,12.62,3.2268269,2.834,2.114,3.687,2.559,3.079,-0.41177423,-0.1142,-0.5241,0.3044,-0.2562,0.02464,0.065884895,0.08393,0.001591,0.3745,0.01206,0.1211,0.012894505,0.02499,0.004711,0.1036,0.009528,0.02848
341,independent,11,2673,14.838554,13.65,9.286,19.08,11.88,15.17,11.766372,9.847,6.616,14.03,8.486,10.99,1.3622906,0.4967,-0.2682,1.288,0.2212,0.7627,0.26381155,0.4168,-0.2731,1.153,0.1695,0.66,0.16260877,0.1751,0.08438,0.2788,0.1395,0.2078,0.1187363,0.1633,0.07314,0.2733,0.1286,0.1947
383,independent,19,4458,6.4833113,7.57,5.114,10.61,6.57,8.467,8.1148768,6.385,1.865,17.71,3.37,8.21,0.50778063,0.9969,0.2635,1.847,0.7182,1.254,0.43626621,0.4872,0.07688,0.9121,0.3475,0.6236,0.14291613,0.1774,0.08687,0.3014,0.1369,0.2107,0.019118994,0.0486,0.00703,0.1681,0.01833,0.06357
4842,independent,84,1531,19.323358,20.43,13.07,29.63,17.34,23.16,9.450004,7.576,5.265,10.81,6.619,8.322,0.69015775,0.5088,-0.3599,1.414,0.2053,0.8077,-0.10051859,0.2252,-0.379,0.8535,0.009343,0.4347,0.096586438,0.09286,0.04016,0.1855,0.06624,0.1119,0.10533469,0.1865,0.06057,0.3253,0.138,0.2322
339,independent,11,872,15.491726,16.7,10.64,24.59,14.18,18.89,6.5159865,7.249,4.52,11.45,6.002,8.184,1.1197484,0.7282,-0.2627,1.761,0.3757,1.069,-0.20897149,0.2447,-0.4039,0.9258,0.01481,0.4628,0.15501683,0.1879,0.08257,0.3395,0.1402,0.227,0.19088393,0.1682,0.05737,0.3281,0.1167,0.2093
5177,independent,135,3448,6.7244435,7.112,5.006,9.712,6.257,7.855,21.309074,19.35,11.43,29.44,15.99,22.28,1.4585106,1.462,0.7591,2.275,1.19,1.714,0.88656228,0.5163,-0.6277,1.707,0.1143,0.9045,0.20836806,0.1769,0.08577,0.2932,0.1383,0.2105,0.11028794,0.1358,0.05136,0.2799,0.09268,0.1685
6053,independent,65,298,23.380004,9.248,5.309,17.15,7.193,10.6,3.5787261,7.325,1.413,19.87,3.315,10.14,1.3236117,1.856,1.111,2.741,1.566,2.125,0.66182194,0.9041,0.5021,1.331,0.762,1.042,0.010740194,0.07188,0.01986,0.1532,0.04443,0.09408,0.026750907,0.03483,0.00319,0.1557,0.008715,0.04457
474,independent,16,1606,21.456355,15.51,7.735,26.17,12.02,18.42,5.2314587,6.18,2.954,14.27,4.279,7.095,1.1105574,1.337,0.4992,2.303,1.019,1.633,-0.38468368,-0.5886,-1.081,-0.1312,-0.7461,-0.4266,0.028973651,0.04732,0.01986,0.103,0.03219,0.05701,0.095519307,0.08306,0.01569,0.2005,0.04482,0.1114
4588,independent,130,4662,2.4401541,5.778,2.318,17.51,3.361,6.393,3.1237881,5.01,0.9064,17.64,1.978,6.565,0.74013861,0.9754,0.5061,1.482,0.8065,1.137,-0.050352231,-0.3989,-0.8,-0.01541,-0.5327,-0.2611,0.15025032,0.09483,0.01124,0.2562,0.04051,0.1331,0.04771819,0.05883,0.004686,0.2478,0.01518,0.0767
197,independent,24,1625,9.453018,10.5,6.661,15.31,8.939,11.85,30.950234,21.67,14.55,30.7,18.65,24.35,2.7197153,1.743,0.882,2.728,1.417,2.05,0.97304935,0.173,-0.9305,1.297,-0.2113,0.5501,0.49133968,0.5597,0.4257,0.6978,0.5115,0.6064,0.068281169,0.116,0.05054,0.1923,0.08919,0.1397
4735,independent,10,269,2.7762085,4.495,2.92,6.451,3.861,5.051,11.942485,13.64,7.519,22.94,10.69,16.01,1.4588126,1.936,1.281,2.685,1.687,2.167,0.028465278,0.1366,-0.5184,0.8174,-0.09781,0.3599,0.71090681,0.6002,0.4015,0.8021,0.5303,0.6692,0.077378735,0.06897,0.02543,0.15,0.04539,0.08474
317,independent,149,2997,15.748094,12.09,7.687,18.74,10.06,13.66,26.284475,21.26,13.57,30.72,18.08,24.08,0.29442944,0.1996,-0.4624,0.8698,-0.02405,0.4196,0.43788663,-0.001703,-0.8492,0.8297,-0.2856,0.2804,0.093665579,0.1223,0.04528,0.2375,0.08433,0.1536,0.073155275,0.1112,0.05092,0.2049,0.08272,0.1335
4583,independent,45,1500,14.921684,12.77,7.919,19.71,10.57,14.55,22.686695,16.98,10.43,25.08,14.27,19.39,0.14284641,-0.1833,-1.044,0.6919,-0.4713,0.1032,-1.1477028,-0.1753,-1.225,0.8502,-0.5188,0.1785,0.076315454,0.145,0.04788,0.3035,0.09451,0.1844,0.14544913,0.1748,0.07561,0.3287,0.127,0.2129
6774,independent,76,3240,16.706042,5.893,2.513,13.49,4.131,6.816,12.092237,9.349,2.066,21.92,5.158,12.48,3.1953196,3.281,2.337,4.403,2.906,3.625,-3.4091957,-3.062,-4.117,-2.205,-3.368,-2.711,0.01,0.08837,0.0116,0.234,0.04219,0.1218,0.015049473,0.04084,0.004203,0.234,0.01047,0.04108
1734,independent,15,4174,16.157036,8.803,5.707,13.13,7.432,9.954,15.936214,10.22,5.995,17.69,8.121,11.68,0.14894701,0.392,-0.3922,1.256,0.1109,0.6633,0.10627944,0.0005746,-0.7624,0.7565,-0.2525,0.2541,0.11993844,0.2107,0.09294,0.3789,0.1567,0.255,0.087653785,0.1854,0.05106,0.4072,0.1121,0.2429
342,independent,13,988,7.3826912,7.678,5.311,10.48,6.735,8.53,9.2363692,6.981,3.489,14.7,5.018,8.17,1.9925538,2.157,1.299,3.11,1.835,2.465,-0.28800057,-0.1831,-0.7022,0.3362,-0.3581,-0.005681,0.12516831,0.1962,0.1108,0.2939,0.1649,0.2244,0.029725996,0.06999,0.01765,0.1653,0.04054,0.09063
3205,independent,128,674,18.516701,11.33,7.437,16.8,9.639,12.73,5.7381383,8.15,5.584,11.41,7.116,9.074,1.6378548,1.339,0.459,2.341,1.012,1.638,0.090952094,-0.1504,-0.7253,0.4077,-0.3385,0.04296,0.17116747,0.182,0.07312,0.3252,0.1347,0.2231,0.23084846,0.1441,0.06446,0.2555,0.1093,0.1722
340,independent,139,4961,6.8702741,6.281,4.065,9.325,5.346,7.087,3.7682231,2.754,1.545,4.433,2.246,3.163,0.19397902,0.04514,-0.5561,0.6515,-0.1599,0.2485,-0.74951492,-1.144,-1.68,-0.6615,-1.312,-0.9665,0.066521791,0.2034,0.08017,0.4011,0.1442,0.2489,0.094785087,0.2716,0.1032,0.462,0.2045,0.3324
516,independent,134,2129,3.9223833,9.058,1.783,20.83,4.972,12.33,8.6190251,9.398,2.477,21.93,5.16,12.64,-0.50544495,-0.5722,-0.9573,-0.1989,-0.702,-0.4395,-0.79020305,-0.8138,-1.281,-0.3689,-0.9681,-0.6554,0.023284551,0.01782,0.003419,0.06562,0.007635,0.02163,0.020776551,0.03069,0.005397,0.1301,0.01114,0.03547
395,independent,124,830,15.790067,16.5,10.11,24.08,13.96,18.82,10.061377,12.71,8.06,19.01,10.68,14.4,1.0459173,0.6173,-0.5174,1.828,0.2115,1.009,0.088661362,-0.1965,-1.058,0.6365,-0.4855,0.09954,0.31036975,0.1995,0.09939,0.339,0.1549,0.2366,0.29774392,0.3998,0.2579,0.5587,0.345,0.4523
445,independent,129,2217,13.204973,20.63,12.04,30.85,17.17,23.82,19.035632,13.84,8.236,22.65,11.11,15.93,0.20629602,0.9497,0.03634,1.945,0.6228,1.269,-0.7680873,-1.068,-2.095,-0.1734,-1.373,-0.7309,0.11604418,0.08908,0.04034,0.1624,0.06561,0.1077,0.047414799,0.1128,0.03725,0.2402,0.07249,0.1437
4678,independent,35,4382,6.538238,8.873,5.897,12.92,7.59,9.95,13.195039,16.33,8.903,27.19,12.81,19.16,2.0071559,2.08,1.037,3.246,1.691,2.451,0.39181845,1.02,0.03777,2.114,0.654,1.365,0.42622491,0.3526,0.1832,0.547,0.2864,0.4153,0.063052904,0.06645,0.0252,0.1442,0.04395,0.0822
235,independent,61,2572,9.2138287,10.24,6.603,14.88,8.735,11.54,17.713445,15.39,8.466,25.47,12.13,18.13,1.0805082,0.375,-0.4722,1.255,0.07582,0.6629,0.17094932,-0.04002,-0.8793,0.78,-0.3172,0.2452,0.34068587,0.4542,0.2799,0.6462,0.3863,0.5204,0.06750953,0.1047,0.03569,0.243,0.06455,0.1318
5365,independent,102,2710,1.0109465,5.602,-2.217,17.47,2.159,8.302,4.107087,5.536,-1.22,18.86,2.078,7.822,5.34174,4.694,3.468,6.152,4.211,5.138,-4.2393744,-3.453,-4.494,-2.579,-3.754,-3.114,0.017056522,0.07473,0.004614,0.2895,0.02129,0.1008,0.076812094,0.05365,0.001226,0.2402,0.008877,0.07384
15,independent,98,4360,23.323674,19.09,11.05,29.1,15.74,22.02,16.568209,18.48,11.83,26.43,15.87,20.88,1.8699946,1.143,-0.2699,2.685,0.6343,1.628,0.10615067,0.1888,-0.8515,1.252,-0.1668,0.5437,0.10497513,0.192,0.07615,0.3721,0.1355,0.2368,0.10564825,0.1023,0.04496,0.2209,0.07195,0.1203
3055,independent,35,2379,6.0261459,8.351,5.76,11.34,7.358,9.263,24.162147,18.96,10.95,28.97,15.61,21.9,1.7894437,1.718,0.9677,2.553,1.44,1.975,0.38244309,-0.2514,-1.347,0.7825,-0.6008,0.1078,0.32467831,0.2176,0.1367,0.3212,0.1849,0.2455,0.033213161,0.101,0.04253,0.1979,0.07118,0.1233
5363,independent,73,4236,0.53433924,4.886,0.7299,15.66,1.87,6.784,-3.6686155,-3.406,-7.658,-1.488,-4.108,-2.28,-0.14015439,0.02183,-0.3545,0.395,-0.1055,0.1514,0.78158628,0.5859,0.1596,1.039,0.4327,0.7365,0.039956816,0.0381,0.002642,0.1894,0.008339,0.04493,0.045689553,0.09361,0.01648,0.2951,0.04089,0.1225
27,independent,12,4501,19.065636,17.75,9.762,28.13,14.38,20.68,17.343788,19.02,10.97,29.46,15.57,22.01,-0.65212383,-0.538,-1.577,0.4609,-0.882,-0.1747,0.19077152,-0.1109,-1.262,1.027,-0.4957,0.2768,0.11606774,0.1162,0.04995,0.2359,0.08225,0.1391,0.14642224,0.1177,0.0463,0.2504,0.08001,0.1437
5,independent,135,1007,8.5132338,8.824,5.767,13.45,7.448,9.903,24.629284,21.72,14.91,29.73,19.07,24.14,2.1410818,2.168,1.158,3.364,1.766,2.54,0.94940911,0.7435,-0.04928,1.586,0.4642,1.014,0.22956987,0.1619,0.06267,0.2887,0.1207,0.197,0.094524675,0.1058,0.06772,0.1507,0.09146,0.1189
3596,independent,53,838,11.65647,14.38,8.389,22.17,11.9,16.58,24.893175,23.09,14.93,33.17,19.8,26.06,0.57068691,0.8723,-0.1099,1.911,0.5216,1.214,0.43031307,0.0443,-1.168,1.246,-0.3608,0.4578,0.22831091,0.1709,0.0835,0.3086,0.1294,0.2019,0.10357954,0.1174,0.05153,0.2107,0.0868,0.143
6281,independent,100,114,11.485647,9.043,6.014,12.72,7.776,10.16,21.144717,18.97,11.15,28.93,15.67,21.9,2.0025959,1.918,1.129,2.815,1.625,2.189,0.42595083,0.4645,-0.5045,1.478,0.1187,0.7965,0.34251244,0.3719,0.2513,0.5079,0.3263,0.4139,0.05509528,0.05806,0.02625,0.1136,0.04203,0.06963
133,independent,140,4953,10.588303,15.71,10.4,22.44,13.58,17.56,15.755591,17.59,10.21,27.31,14.48,20.28,0.39720068,0.2255,-0.6369,1.127,-0.07138,0.5137,1.5852043,0.764,-0.4032,1.984,0.3466,1.171,0.19343953,0.1589,0.07076,0.2572,0.124,0.1906,0.095060337,0.162,0.05723,0.3252,0.1089,0.2031
1231,independent,55,3828,1.7129579,3.171,1.286,12.67,1.961,2.966,0.18384629,1.165,-0.01803,7.736,0.427,1.047,1.3045819,1.814,1.261,2.459,1.606,2.002,-0.69885851,-0.5884,-0.9625,-0.229,-0.7132,-0.461,0.26209646,0.3266,0.008783,0.6751,0.2041,0.4605,0.1703536,0.2178,0.006079,0.5609,0.1026,0.3078
5094,independent,116,332,26.784261,22.82,14.93,32.23,19.77,25.62,14.784557,19.53,11.75,28.42,16.33,22.45,2.4966957,2.847,1.762,4.063,2.441,3.222,0.98757485,0.2814,-0.6854,1.296,-0.07342,0.6351,0.10033745,0.1205,0.06291,0.1996,0.09495,0.1416,0.2779699,0.3927,0.2063,0.599,0.3205,0.4613
418,independent,51,4972,11.896426,5.853,0.4779,18.35,2.082,8.393,11.53974,8.698,1.706,20.95,5.07,11.42,2.6151443,2.323,1.737,3.006,2.096,2.533,-4.3236746,-3.756,-5.081,-2.7,-4.135,-3.318,0.01,0.04945,0.002499,0.3054,0.008112,0.05017,0.033039224,0.05495,0.004097,0.2211,0.01599,0.07202
3170,independent,149,4663,14.170491,16.05,8.803,26.06,12.76,18.93,14.79769,14.84,9.057,22.73,12.38,16.92,0.23018614,0.1943,-0.5803,0.9881,-0.07257,0.463,0.79191887,1.201,0.2156,2.282,0.8324,1.545,0.055983739,0.06648,0.02617,0.145,0.04467,0.08111,0.14056194,0.1572,0.06031,0.3037,0.1115,0.1927
4870,independent,76,319,6.8826814,3.95,1.715,7.129,2.977,4.742,-2.4744162,3.668,-4.31,18.14,-0.03154,6.2,3.7829328,2.869,2.073,3.815,2.557,3.152,-3.1658965,-3.428,-4.402,-2.58,-3.727,-3.098,0.055809169,0.1422,0.03115,0.3631,0.08086,0.1836,0.015619715,0.07591,0.0003486,0.6127,0.003249,0.06315
6109,independent,20,293,24.136625,20.82,13.19,30.52,17.68,23.61,17.994022,15.0,10.28,21.02,13.07,16.7,1.5962837,1.591,0.4493,2.86,1.161,2.0,-0.26561129,-0.5568,-1.492,0.3025,-0.8523,-0.2482,0.091125593,0.1109,0.04887,0.2087,0.08158,0.1337,0.16215051,0.1956,0.08542,0.3157,0.1539,0.2361
2432,independent,74,4270,10.105956,9.091,6.305,12.63,7.946,10.09,14.022078,16.24,7.877,27.23,12.47,19.46,3.1623285,2.407,1.299,3.681,1.973,2.806,0.6276143,0.5995,-0.04685,1.307,0.364,0.8276,0.24784264,0.2536,0.1149,0.4268,0.1961,0.3037,0.034919271,0.04234,0.01747,0.09507,0.0283,0.05142
4653,independent,88,4334,4.9784095,6.302,2.524,16.48,3.797,7.622,13.518513,10.4,5.302,19.43,7.661,12.37,1.0039282,1.232,0.712,1.823,1.031,1.425,0.047821438,0.004956,-0.5986,0.6232,-0.2073,0.2198,0.046257415,0.07441,0.01002,0.2382,0.02855,0.1016,0.027783441,0.07783,0.02218,0.1909,0.04483,0.0999
2016,independent,153,851,-2.7446494,-1.408,-4.106,-0.1252,-1.799,-0.7694,2.6672166,6.746,0.7493,20.01,2.244,9.99,0.4404548,0.5815,0.2017,0.9696,0.4502,0.7121,0.20866473,0.4042,0.02674,0.803,0.2739,0.5327,0.014150243,0.08536,0.007685,0.3637,0.02657,0.1063,0.01,0.02968,0.001718,0.1728,0.005085,0.03068
2608,independent,20,730,30.85484,22.79,15.06,32.16,19.69,25.57,21.473156,19.62,12.01,28.82,16.66,22.35,1.5385053,1.873,0.662,3.149,1.441,2.291,-1.0516514,-1.246,-2.473,-0.1471,-1.637,-0.8402,0.078544853,0.1312,0.06187,0.2203,0.102,0.1572,0.17487915,0.1989,0.07783,0.3608,0.1448,0.2448
352,independent,55,533,9.9573247,7.682,3.61,15.79,5.433,9.174,1.6926737,1.437,0.1923,5.468,0.7398,1.619,1.2349925,0.8851,0.382,1.434,0.7011,1.06,-0.69095324,-0.4156,-0.7952,-0.048,-0.5462,-0.2816,0.03615281,0.06852,0.01813,0.1701,0.03871,0.08756,0.041960137,0.1328,0.01168,0.3858,0.0578,0.1822
2307,independent,58,1178,9.2809509,8.033,5.389,11.76,6.895,8.94,28.179512,15.12,9.005,23.47,12.4,17.39,1.9309478,1.462,0.7278,2.303,1.188,1.716,0.40749688,0.7821,0.01324,1.603,0.508,1.05,0.1046416,0.1192,0.04746,0.2176,0.08868,0.1449,0.029761948,0.09749,0.04467,0.1778,0.07232,0.1179
508,independent,44,3321,17.270314,13.34,6.979,23.22,10.25,15.75,15.561651,12.1,3.578,23.95,7.895,15.63,2.8110451,3.292,2.275,4.509,2.901,3.645,-0.22633882,-0.4349,-0.8655,-0.0234,-0.5775,-0.2879,0.019269438,0.04477,0.01541,0.1082,0.02729,0.0555,0.01,0.01609,0.004765,0.04955,0.008604,0.01903
2414,independent,136,2010,22.264641,20.36,13.04,29.11,17.45,22.9,15.804616,17.31,10.25,26.33,14.27,19.93,0.54830558,0.7635,-0.293,1.924,0.3642,1.136,-0.38717885,-0.6647,-1.608,0.2207,-0.9676,-0.3508,0.11662304,0.166,0.07089,0.3086,0.1204,0.2014,0.10314624,0.08616,0.03558,0.1832,0.05959,0.104
4553,independent,47,3690,8.7036751,11.4,7.077,16.71,9.61,12.99,23.031643,21.69,13.32,31.95,18.33,24.73,1.3828127,1.183,0.269,2.179,0.847,1.501,1.0370426,0.8687,-0.2883,2.105,0.452,1.267,0.38628325,0.5064,0.3216,0.7069,0.4359,0.5762,0.15071887,0.1941,0.07872,0.3621,0.1398,0.2394
7070,independent,86,2577,26.873457,18.96,10.65,29.51,15.43,22.02,24.49759,19.52,11.9,28.87,16.47,22.24,0.38494619,0.1382,-0.9893,1.308,-0.2652,0.5321,0.74819403,0.5918,-0.674,1.934,0.1341,1.026,0.11870228,0.1778,0.06994,0.3635,0.1222,0.2171,0.2081226,0.2229,0.09685,0.4069,0.1644,0.2701
541,independent,125,1101,6.3897379,7.219,4.836,10.08,6.304,8.049,10.213687,9.641,4.551,20.29,6.6,11.71,0.67740991,1.202,0.4409,2.044,0.915,1.469,-0.24825928,-0.2283,-0.8715,0.3897,-0.4466,-0.007234,0.54483031,0.4656,0.2889,0.6373,0.4059,0.5264,0.043311944,0.07617,0.01656,0.2192,0.03688,0.1004
3936,independent,81,3820,14.839067,12.93,7.181,21.46,10.25,15.03,12.665933,13.63,8.491,20.82,11.4,15.46,0.64328452,0.5026,-0.1714,1.255,0.2473,0.7423,-0.98491224,-0.9262,-1.873,-0.06006,-1.234,-0.6077,0.073943319,0.08548,0.03292,0.1813,0.05769,0.1051,0.073437065,0.149,0.05261,0.31,0.09991,0.1854
783,independent,30,4043,8.2515474,8.448,5.102,14.87,6.753,9.561,25.658721,16.54,8.441,27.61,12.9,19.62,1.3003577,1.248,0.5887,2.018,0.9952,1.474,-0.95092416,-0.2741,-0.9923,0.4147,-0.5145,-0.02964,0.048706591,0.08508,0.02456,0.1863,0.05328,0.1091,0.04046108,0.04581,0.01872,0.1037,0.03043,0.05472
4578,independent,6,3334,9.1244462,11.18,7.234,15.91,9.604,12.57,13.395223,14.59,9.125,22.1,12.18,16.58,-0.45089158,-0.3176,-1.02,0.3684,-0.5594,-0.07647,0.2597281,0.4773,-0.3694,1.378,0.1777,0.7694,0.21861181,0.1764,0.09368,0.2823,0.1427,0.2059,0.14263143,0.1577,0.05207,0.3021,0.1086,0.1999
5887,independent,103,2573,5.4578679,11.24,7.235,16.71,9.51,12.65,10.062616,8.1,5.215,12.07,6.853,9.128,0.73034358,0.2996,-0.4506,1.078,0.04218,0.5538,0.39990997,0.4856,-0.2791,1.316,0.2129,0.7435,0.26838665,0.107,0.04946,0.1984,0.07922,0.1278,0.15645192,0.2055,0.0806,0.3931,0.1461,0.2532
1780,independent,90,2064,16.51438,18.59,10.94,28.36,15.36,21.37,14.321594,12.11,6.623,19.93,9.593,14.11,0.20804376,0.7102,-0.06738,1.545,0.4323,0.9806,0.05641426,-0.1463,-0.7674,0.4692,-0.3648,0.07187,0.037882642,0.05521,0.02574,0.1048,0.04097,0.06543,0.030013541,0.05144,0.02176,0.1114,0.03512,0.06175
4565,independent,51,1875,-3.5843075,-1.045,-4.359,2.191,-2.078,-0.03402,17.597346,15.27,6.257,26.65,11.47,18.63,2.6598303,3.012,2.277,3.875,2.741,3.266,-4.583217,-3.296,-4.381,-2.398,-3.633,-2.936,0.019677686,0.1376,0.02552,0.3314,0.07871,0.1815,0.026211359,0.02314,0.007183,0.05897,0.01384,0.0278
6093,independent,75,3991,5.8251512,7.487,1.621,19.18,3.683,10.26,5.7341812,8.485,0.5911,22.03,3.479,12.33,1.0189102,1.251,0.8039,1.751,1.083,1.408,0.043290655,0.1696,-0.1972,0.5384,0.04589,0.2934,0.01,0.02813,0.003818,0.1242,0.009174,0.0327,0.013750667,0.01184,0.001324,0.05848,0.003546,0.01313
5771,independent,116,262,22.978485,21.5,13.69,31.03,18.4,24.44,26.77869,21.29,13.48,30.42,18.16,24.08,3.2097398,2.735,1.135,4.51,2.135,3.298,0.53944158,0.7386,-0.3956,1.93,0.357,1.111,0.20932555,0.2021,0.1247,0.3063,0.1706,0.2293,0.11976013,0.1364,0.05724,0.2679,0.0968,0.1667
329,independent,29,4671,5.0441928,6.071,3.949,8.848,5.183,6.831,7.8213078,7.419,5.096,10.19,6.511,8.23,1.4962496,1.582,0.9112,2.386,1.318,1.816,-0.075102101,0.3342,-0.2734,0.9746,0.1177,0.5451,0.27155575,0.2356,0.1089,0.3932,0.1856,0.2789,0.1820331,0.2054,0.1212,0.3104,0.1717,0.2352
176,independent,50,2553,1.3484752,3.709,0.3407,14.79,1.124,4.986,7.4146062,4.714,2.489,10.78,3.396,5.284,0.69200064,1.022,0.6347,1.442,0.8721,1.164,0.098663442,0.09949,-0.3573,0.5602,-0.0545,0.2541,0.076798738,0.06335,0.001858,0.3449,0.008536,0.07665,0.024769704,0.1196,0.01909,0.3133,0.06049,0.1621
583,independent,29,3863,4.5386501,4.886,3.25,6.802,4.272,5.462,3.0409012,2.795,1.917,3.81,2.463,3.107,2.4159588,2.402,1.592,3.334,2.097,2.681,-0.57429563,-0.556,-1.049,-0.08701,-0.7235,-0.387,0.3397221,0.2366,0.1281,0.3777,0.192,0.2763,0.45899371,0.5342,0.2977,0.7601,0.4536,0.6178
957,independent,114,3609,32.354293,23.66,15.59,33.29,20.47,26.53,17.954311,18.95,10.89,29.18,15.57,21.89,-0.57586122,-0.845,-2.001,0.2304,-1.214,-0.4589,0.83326175,0.7411,-0.4251,1.991,0.3129,1.149,0.080286752,0.1037,0.0514,0.1709,0.08125,0.1231,0.17181095,0.1615,0.06624,0.3164,0.1147,0.1975
3434,independent,146,569,3.6416225,4.217,2.978,5.648,3.754,4.652,6.3348968,8.645,4.902,15.93,6.725,9.914,1.4345753,1.835,1.133,2.664,1.564,2.076,0.27848548,0.08003,-0.4903,0.6676,-0.1161,0.2746,0.34751651,0.3118,0.1697,0.4778,0.2559,0.3642,0.12137978,0.07359,0.02058,0.1719,0.04462,0.09384
5673,independent,98,2374,17.824411,18.54,12.08,26.6,15.92,20.81,15.292494,17.0,9.513,26.47,13.93,19.74,2.1444264,1.558,0.4745,2.721,1.15,1.938,0.36900354,0.4681,-0.3502,1.339,0.1823,0.743,0.15745737,0.1244,0.06151,0.2088,0.09669,0.1484,0.094511806,0.0848,0.03799,0.1611,0.06153,0.1029
72,independent,28,3799,8.6815828,12.66,6.066,22.61,9.43,15.28,12.187532,14.85,8.659,24.32,11.95,17.08,0.96286012,1.186,0.6151,1.832,0.9693,1.387,-1.8662813,-1.322,-2.379,-0.3862,-1.648,-0.9762,0.032838439,0.02716,0.01036,0.06267,0.0176,0.03305,0.15282918,0.122,0.04045,0.2669,0.07819,0.1527
3859,independent,122,636,16.397682,18.16,11.99,25.82,15.65,20.4,20.468635,14.56,9.091,22.19,12.17,16.55,-0.53815136,0.1664,-0.8085,1.198,-0.173,0.4885,0.12616367,0.3444,-0.7028,1.459,-0.0226,0.6965,0.19540653,0.224,0.1226,0.3418,0.1856,0.2592,0.12670192,0.1451,0.05312,0.284,0.1012,0.1791
3264,independent,127,1154,20.37024,20.93,13.04,30.77,17.64,23.82,5.1313508,5.416,3.655,7.581,4.699,6.049,1.565338,1.973,0.5476,3.556,1.442,2.468,0.042930955,0.2674,-0.3813,0.9381,0.03584,0.4885,0.083586241,0.1746,0.07753,0.3004,0.1316,0.2111,0.49069158,0.4153,0.2234,0.6182,0.3424,0.4857
8016,independent,3,2195,6.1000347,8.019,5.039,14.63,6.55,8.794,11.69503,13.48,8.244,21.34,11.12,15.39,0.40577652,0.7124,0.01493,1.484,0.4575,0.9564,-0.53630757,-0.09897,-0.9866,0.8024,-0.4101,0.2097,0.31643995,0.2363,0.05361,0.4336,0.1654,0.3041,0.13226452,0.1514,0.04744,0.2953,0.1033,0.1916
555,independent,124,4301,21.227512,17.22,11.43,24.28,14.86,19.33,23.035977,18.83,10.53,28.59,15.44,21.96,1.721949,1.702,0.6568,2.889,1.301,2.075,-0.021686411,0.3129,-0.8313,1.493,-0.09788,0.722,0.2239199,0.2318,0.1511,0.3197,0.2028,0.2602,0.085754685,0.1187,0.04739,0.2452,0.08212,0.1457
255,independent,123,419,8.6113784,9.768,6.629,13.65,8.502,10.87,8.9183807,9.157,6.396,12.54,8.093,10.12,0.64386566,0.1678,-0.4808,0.8444,-0.06176,0.39,-0.052664066,-0.1273,-0.7857,0.5313,-0.3516,0.1015,0.18992745,0.1923,0.09652,0.3083,0.1542,0.2265,0.26452368,0.1873,0.08606,0.3188,0.1415,0.2265
7182,independent,93,2877,16.669515,18.03,11.09,27.48,15.02,20.59,23.378957,12.94,7.636,19.67,10.76,14.86,2.0172189,2.171,1.021,3.467,1.733,2.576,-0.53438385,0.01763,-0.968,0.9558,-0.3058,0.3468,0.10027482,0.1302,0.0537,0.2589,0.0906,0.1601,0.03394372,0.1741,0.07336,0.3525,0.125,0.2072
244,independent,85,3878,21.248038,20.42,13.16,29.43,17.51,23.09,25.065937,23.75,15.51,33.68,20.57,26.66,2.6136824,2.045,0.6391,3.579,1.524,2.545,2.2770758,0.7806,-0.3619,1.96,0.3806,1.172,0.20316038,0.2184,0.1209,0.3306,0.1811,0.2533,0.13750455,0.1492,0.07212,0.2487,0.1159,0.1783
588,independent,82,4283,2.9218798,4.213,0.3623,15.08,1.713,5.405,9.2659366,10.14,1.947,23.85,5.201,14.07,0.40045586,0.5964,0.2222,0.975,0.4623,0.7289,-0.066576182,0.2239,-0.1722,0.6237,0.09442,0.3539,0.031395698,0.06804,0.005657,0.2249,0.02304,0.09524,0.010025707,0.01643,0.003045,0.06863,0.006146,0.01903
517,independent,152,1703,17.323755,13.53,8.792,20.31,11.56,15.1,14.432102,16.1,8.074,26.96,12.48,19.23,2.63001,3.406,2.173,4.846,2.93,3.848,0.55998433,0.879,0.3007,1.519,0.6615,1.082,0.044828318,0.09437,0.03572,0.1684,0.0697,0.1167,0.034027126,0.04344,0.01684,0.1026,0.02809,0.05236
6703,independent,31,722,27.7874,19.95,12.31,30.11,16.58,22.94,18.028383,22.13,14.57,30.96,19.2,24.88,2.063136,2.418,1.092,3.91,1.906,2.903,-0.1563093,0.1694,-0.9456,1.322,-0.2112,0.5395,0.098019841,0.1102,0.04781,0.2171,0.07872,0.1332,0.13560038,0.111,0.06386,0.1669,0.09264,0.1275
4862,independent,111,2155,0.52746651,3.558,-2.417,14.77,0.5962,5.551,1.3760465,1.283,0.7014,1.928,1.077,1.482,3.8824269,3.98,2.965,5.199,3.587,4.339,-0.90382777,-0.7724,-1.21,-0.3664,-0.9164,-0.6266,0.17624431,0.07107,0.001876,0.3275,0.01197,0.09805,0.36313036,0.5367,0.288,0.7828,0.4494,0.626
184,independent,4,59,6.2710027,5.095,1.511,10.87,3.507,6.258,12.975206,11.97,4.93,23.04,8.317,14.89,5.0055545,4.241,3.046,5.696,3.747,4.67,0.067463584,0.153,-0.3545,0.6642,-0.02475,0.3293,0.12948868,0.1257,0.0184,0.3112,0.06594,0.1701,0.01769171,0.02817,0.009773,0.06922,0.01682,0.03478
4386,independent,80,3717,12.612202,13.56,6.107,24.68,9.921,16.47,11.243769,9.866,4.962,18.18,7.329,11.8,0.51456231,0.6993,0.05856,1.409,0.4668,0.9197,-0.0038933686,0.2066,-0.3124,0.7352,0.02871,0.3805,0.032591163,0.03859,0.01324,0.1031,0.02304,0.04682,0.022100602,0.04232,0.01438,0.0966,0.02673,0.05271
2558,independent,153,2689,11.187932,5.684,1.52,16.53,2.696,7.416,17.448714,11.31,3.318,23.44,7.153,14.62,0.08222727,0.0822,-0.3217,0.4906,-0.05865,0.2212,-0.067438704,-0.2385,-0.6622,0.1768,-0.385,-0.08937,0.01,0.05264,0.006033,0.1909,0.01652,0.07151,0.01,0.01947,0.005441,0.06436,0.009809,0.02317
202,independent,99,2809,7.7972577,8.615,3.406,19.01,5.542,10.72,3.214375,8.354,1.012,21.42,3.603,12.02,0.16406064,0.1041,-0.3628,0.5826,-0.05573,0.2651,-0.67910896,-0.4815,-0.8654,-0.1111,-0.6068,-0.3536,0.029409461,0.04364,0.0101,0.1291,0.02139,0.05667,0.01,0.02234,0.001898,0.1413,0.004866,0.02027
5986,independent,1,2508,12.877694,14.91,9.745,21.83,12.73,16.76,23.443155,18.06,10.11,27.75,14.74,21.06,1.6678063,1.729,0.7269,2.875,1.339,2.091,0.37107493,0.2853,-0.7561,1.406,-0.08177,0.6451,0.12410641,0.1328,0.05075,0.2369,0.09812,0.1623,0.061591651,0.1531,0.06396,0.292,0.1087,0.1882
6215,independent,63,1079,13.989194,12.6,8.825,17.56,11.06,13.89,17.172966,14.47,6.769,25.35,10.86,17.39,0.86717415,0.8103,-0.01041,1.67,0.5304,1.084,-0.36325503,-0.2275,-0.8584,0.3857,-0.4323,-0.01967,0.065095837,0.1048,0.04867,0.1817,0.07967,0.1254,0.024261003,0.03035,0.0118,0.07078,0.01964,0.03652
3448,independent,97,761,9.5171842,7.306,2.999,18.68,4.35,9.02,23.525632,13.46,5.452,24.75,9.652,16.64,1.6418787,2.212,1.519,3.016,1.951,2.45,-0.14614659,-0.2158,-0.7294,0.284,-0.3911,-0.04144,0.01701366,0.07684,0.01041,0.2561,0.0277,0.1054,0.01,0.03117,0.01066,0.09165,0.01776,0.03693
6591,independent,142,2413,7.6178203,10.38,6.444,15.48,8.727,11.8,1.9829556,3.319,2.003,5.419,2.726,3.726,0.99355871,0.2299,-0.6702,1.149,-0.07488,0.5309,0.5282784,0.7706,0.3109,1.263,0.6017,0.9336,0.20285635,0.1373,0.06732,0.2472,0.1051,0.1613,0.36031515,0.1866,0.05271,0.3857,0.1215,0.2402
4883,independent,44,33,6.4918497,7.793,1.629,18.66,4.624,10.13,14.91035,10.66,3.337,22.98,6.542,13.88,3.4456954,3.423,2.519,4.505,3.071,3.739,-0.20199511,-0.1832,-0.6135,0.2506,-0.3324,-0.03355,0.027302169,0.05903,0.004107,0.2677,0.01476,0.07318,0.01,0.02815,0.006714,0.09684,0.01272,0.03391
64,independent,93,180,16.304418,14.03,9.374,20.09,12.11,15.7,6.857631,7.122,4.5,10.98,5.974,8.015,2.2490048,1.401,0.4802,2.388,1.07,1.718,-0.14516754,0.4306,-0.1233,1.005,0.2361,0.6227,0.12512907,0.1694,0.07501,0.3019,0.1266,0.2052,0.082865901,0.1454,0.05212,0.2731,0.1049,0.1774
5368,independent,95,4392,14.165206,14.51,8.793,22.46,12.05,16.53,14.934826,17.16,10.12,25.8,14.24,19.75,0.31691494,0.5716,-0.4113,1.613,0.2234,0.9036,1.369489,1.281,0.1876,2.514,0.8635,1.666,0.18973537,0.1291,0.04667,0.2736,0.08762,0.159,0.22546582,0.1869,0.08639,0.3175,0.144,0.2238
586,independent,81,3770,15.177208,14.04,8.111,23.59,11.13,16.29,21.098304,18.77,11.81,27.76,15.82,21.36,0.004750573,-0.6872,-1.487,0.0522,-0.938,-0.421,-0.57078305,-1.23,-2.5,-0.102,-1.618,-0.8119,0.04973182,0.06275,0.02182,0.1456,0.03947,0.0779,0.050099021,0.1031,0.04186,0.2122,0.07134,0.125
3856,independent,46,4163,8.2489986,9.332,6.079,13.02,8.097,10.48,19.776255,15.54,8.826,25.24,12.48,18.03,3.7957188,4.186,2.91,5.626,3.691,4.646,0.023787501,-0.4428,-1.303,0.3894,-0.7305,-0.1538,0.312587,0.3244,0.2133,0.4641,0.2797,0.3639,0.036859893,0.06168,0.02241,0.1338,0.04029,0.0766
193,independent,53,2386,9.4586215,11.45,7.418,16.78,9.738,12.9,14.966911,15.26,9.732,22.08,13.06,17.19,0.39938585,0.4827,-0.2751,1.279,0.2157,0.7463,0.80241737,0.3213,-0.5603,1.202,0.02146,0.6241,0.26000103,0.2008,0.06688,0.3908,0.1374,0.2528,0.20205053,0.1973,0.1101,0.3193,0.161,0.2262
7657,independent,118,3591,7.2608081,11.27,6.466,19.32,8.907,13.01,9.7687165,8.886,5.356,14.51,7.25,10.17,0.42502979,0.78,0.1144,1.51,0.5383,1.01,0.2775668,0.1945,-0.4095,0.8382,-0.0218,0.4028,0.14358733,0.07056,0.02409,0.1529,0.04608,0.08792,0.11882158,0.1642,0.05475,0.3247,0.112,0.2069
5849,independent,32,208,7.3151905,4.609,-0.5789,15.1,1.988,6.288,15.07186,7.534,3.489,16.77,5.182,8.91,3.1463027,3.407,2.571,4.373,3.086,3.708,0.30060755,0.2894,-0.1842,0.7914,0.1151,0.4586,0.013144984,0.08519,0.002383,0.3648,0.01846,0.1166,0.019743376,0.06029,0.01297,0.1586,0.03178,0.07944
5306,independent,92,161,4.0288039,5.75,2.776,11.31,4.182,6.804,0.57746991,2.883,-3.507,17.76,-0.6949,4.959,1.9110404,1.849,1.241,2.561,1.605,2.075,-2.9365315,-2.71,-3.443,-2.073,-2.943,-2.463,0.11004767,0.06583,0.01719,0.172,0.03669,0.0833,0.043090579,0.0378,0.0009757,0.189,0.005633,0.04705
299,independent,5,4553,22.918126,13.65,9.221,19.09,11.83,15.24,35.896451,19.04,12.17,27.88,16.08,21.55,0.85267321,1.02,0.09876,2.023,0.6825,1.335,0.1089024,-0.6907,-1.974,0.4769,-1.094,-0.2616,0.13646954,0.2215,0.09783,0.3663,0.173,0.2655,0.059956858,0.1335,0.05175,0.2654,0.09244,0.1658
562,independent,79,4245,0.6814868,3.798,0.7062,12.76,2.031,4.397,8.0914778,8.323,0.8564,21.28,3.774,11.74,2.0580468,2.44,1.784,3.205,2.187,2.672,1.8126412,1.472,1.027,1.964,1.306,1.629,0.10563986,0.1078,0.004645,0.3524,0.03017,0.1578,0.01,0.01693,0.001116,0.09595,0.004055,0.01636
22,independent,10,3577,6.2067922,7.126,4.68,10.41,6.082,7.989,17.598259,15.02,8.129,25.26,11.79,17.65,2.4854185,1.556,0.7516,2.484,1.252,1.833,0.45890934,0.8524,0.296,1.459,0.6553,1.038,0.29425195,0.2075,0.08545,0.3764,0.1532,0.2524,0.028113034,0.04118,0.01642,0.09044,0.02758,0.05033
404,independent,18,4056,7.6771933,11.28,6.784,18.48,9.159,12.86,8.5415959,12.11,7.762,17.47,10.29,13.7,0.50318033,0.6034,0.007709,1.262,0.3811,0.8178,-0.73089633,-0.1539,-1.067,0.7829,-0.4794,0.1649,0.093684916,0.07419,0.02637,0.148,0.05107,0.09212,0.19013986,0.1558,0.08142,0.2722,0.1206,0.1828
3796,independent,86,2004,26.868434,18.91,10.89,29.03,15.53,21.89,20.828186,20.9,12.36,31.16,17.47,24.01,0.49158636,0.5552,-0.5571,1.719,0.1657,0.9265,0.14516178,-0.3385,-1.493,0.7938,-0.7246,0.04633,0.092520525,0.1137,0.04875,0.2258,0.08085,0.1381,0.18185632,0.2185,0.07759,0.4386,0.1483,0.2747
2388,independent,26,3565,12.782332,14.37,10.0,19.87,12.63,15.94,20.095095,20.81,12.28,30.77,17.4,23.93,0.85494663,1.331,0.5148,2.244,1.024,1.621,-0.052223942,0.4188,-0.6461,1.482,0.05322,0.7788,0.18006066,0.1151,0.05704,0.1912,0.08935,0.1365,0.093506922,0.1086,0.04703,0.2169,0.07716,0.1318
7308,independent,135,130,7.2631807,7.724,5.33,10.72,6.74,8.564,14.455516,12.6,8.005,19.04,10.58,14.26,1.2339893,1.378,0.5713,2.317,1.058,1.67,1.2465962,0.8149,-0.01905,1.718,0.5084,1.107,0.20437401,0.2772,0.1251,0.4506,0.2176,0.3334,0.15582351,0.1346,0.05705,0.247,0.09907,0.1636
1818,independent,58,3200,6.7944743,8.876,6.048,12.24,7.768,9.884,23.220866,20.72,14.1,29.14,17.94,23.19,2.9265244,3.728,2.493,5.14,3.262,4.161,1.068563,0.9598,0.06431,1.939,0.628,1.272,0.22708019,0.214,0.1044,0.3486,0.1692,0.2533,0.080643304,0.08862,0.04494,0.1433,0.07005,0.1051
5768,independent,5,3327,16.510551,12.69,8.502,17.98,10.98,14.14,20.991326,16.38,11.06,23.24,14.13,18.34,1.6753676,1.324,0.3768,2.361,0.9794,1.649,-0.28603343,-0.6834,-1.725,0.2822,-1.018,-0.3391,0.13314933,0.1955,0.09038,0.3387,0.148,0.2353,0.12831881,0.1406,0.06006,0.2524,0.1047,0.1706
165,independent,5,200,9.3023909,9.215,6.695,12.28,8.231,10.1,24.558489,14.17,8.505,21.7,11.78,16.22,0.84527638,0.7336,0.07906,1.441,0.4935,0.9668,-0.95901507,-0.9941,-1.98,-0.115,-1.305,-0.67,0.16750579,0.186,0.09191,0.3023,0.1481,0.2202,0.13604909,0.2444,0.1081,0.4246,0.1846,0.2951
61,independent,14,3376,2.442298,5.664,0.8152,15.6,3.259,7.09,7.2966925,7.092,0.09061,19.96,3.118,10.09,3.844578,4.229,3.023,5.719,3.737,4.67,-2.6013379,-3.589,-4.724,-2.65,-3.923,-3.222,0.14512327,0.08582,0.004875,0.2926,0.02618,0.1211,0.013575895,0.04094,0.001792,0.2045,0.007927,0.05105
496,independent,36,516,13.109045,16.07,9.453,24.36,13.3,18.54,16.250892,18.78,11.34,28.18,15.68,21.54,1.635262,1.793,0.5476,3.19,1.331,2.23,0.41217735,-0.1378,-1.425,1.106,-0.5783,0.2921,0.38686347,0.5545,0.3654,0.7323,0.4929,0.6183,0.19420893,0.2292,0.09301,0.4206,0.166,0.282
5330,independent,24,2212,13.887172,12.58,8.31,17.69,10.86,14.08,40.727228,23.68,16.01,33.27,20.54,26.46,1.9185527,1.607,0.5977,2.77,1.223,1.967,0.80186677,0.8704,-0.04138,1.874,0.5387,1.19,0.27967837,0.2709,0.1313,0.4408,0.2128,0.3238,0.041576037,0.07674,0.03894,0.126,0.06056,0.09051
4829,independent,126,4037,3.9536971,3.931,2.636,5.469,3.432,4.393,15.006538,12.78,9.028,17.35,11.24,14.15,0.073563533,0.2022,-0.2766,0.686,0.03371,0.3715,0.64901694,0.1327,-0.7222,1.023,-0.1697,0.4285,0.2860903,0.2987,0.1442,0.5014,0.2317,0.3566,0.16355894,0.1739,0.09276,0.2687,0.1415,0.2027
3848,independent,29,436,4.8384894,5.839,4.035,8.036,5.104,6.499,4.9449003,4.416,2.937,6.437,3.795,4.942,1.2695293,1.686,0.9163,2.56,1.387,1.961,-0.81011393,-0.7934,-1.451,-0.1813,-0.9985,-0.5825,0.26011096,0.2806,0.1493,0.4306,0.2305,0.3269,0.27483214,0.2614,0.1094,0.4537,0.1964,0.3186
5262,independent,108,3132,0.98221781,3.227,-1.256,14.52,0.6319,4.495,12.313572,9.484,3.281,21.29,5.747,12.22,2.7151386,2.949,2.254,3.743,2.682,3.199,-2.5197374,-2.555,-3.422,-1.809,-2.819,-2.262,0.029578496,0.09097,0.002185,0.3961,0.01426,0.1299,0.014502391,0.03228,0.006544,0.1161,0.01351,0.03978
4450,independent,29,2193,7.3376643,10.62,5.929,19.3,8.241,12.25,11.809992,7.305,4.439,11.98,5.983,8.328,1.7549952,2.022,1.168,3.004,1.7,2.322,-0.35256306,0.04098,-0.6982,0.7889,-0.2085,0.2854,0.12934049,0.1001,0.02921,0.236,0.05951,0.1285,0.075129138,0.18,0.06879,0.351,0.1286,0.2215
3496,independent,119,2650,5.6237524,7.778,2.49,17.95,5.058,9.595,16.067021,15.87,8.236,26.63,12.33,18.85,4.275883,3.67,2.684,4.843,3.278,4.031,0.36228483,0.2769,-0.4239,1.008,0.02473,0.525,0.0474975,0.06223,0.008594,0.2112,0.02501,0.08045,0.04558918,0.04712,0.01834,0.1059,0.03076,0.05689
6045,independent,94,4314,2.470789,3.461,2.263,4.884,2.995,3.859,9.3845688,10.08,5.561,17.62,7.905,11.7,1.1829996,1.125,0.6167,1.682,0.9446,1.3,0.3587183,0.5563,-0.1293,1.279,0.3183,0.7879,0.2588996,0.2251,0.09415,0.3973,0.1686,0.2731,0.089938076,0.09825,0.03383,0.2116,0.06567,0.1222
3495,independent,121,2729,6.2395974,6.509,3.735,12.61,5.026,7.338,-4.0656706,-2.029,-5.694,-0.1534,-2.685,-1.076,1.4157452,1.745,1.016,2.568,1.47,1.995,-0.37895274,-0.1369,-0.496,0.2202,-0.2626,-0.01018,0.055622638,0.08463,0.02161,0.1907,0.05173,0.1095,0.011650723,0.04135,0.0064,0.137,0.01819,0.0521
291,independent,108,414,0.15030666,3.204,-1.548,12.68,1.184,4.295,21.009019,10.32,3.316,22.55,6.05,13.58,3.8163228,3.828,2.842,5.012,3.436,4.191,-1.7416815,-1.422,-2.089,-0.8606,-1.614,-1.215,0.013804446,0.09531,0.002334,0.3797,0.02087,0.1359,0.01,0.03606,0.007201,0.146,0.01386,0.04227
2464,independent,104,1649,8.194738,7.534,5.121,10.39,6.58,8.399,22.829817,13.87,7.188,24.37,10.58,16.48,0.69963187,0.7323,0.1488,1.364,0.5173,0.9293,-0.94182235,-1.158,-2.013,-0.4096,-1.42,-0.8782,0.14915219,0.1476,0.07257,0.2482,0.1157,0.1736,0.020508742,0.04926,0.01721,0.1152,0.03067,0.06157
347,independent,144,4048,16.300658,10.71,4.9,20.81,7.572,12.97,1.9041925,3.876,0.6513,14.43,2.041,4.19,4.3654452,2.738,1.872,3.723,2.406,3.049,-2.8923419,-2.971,-3.971,-2.153,-3.252,-2.648,0.040898798,0.07093,0.01688,0.2005,0.0354,0.09246,0.49904984,0.1855,0.004241,0.5642,0.04526,0.2874
4377,independent,151,3965,10.77991,13.43,8.221,20.65,11.14,15.38,5.8004295,4.847,2.736,8.248,3.89,5.515,1.2682535,0.9626,0.1278,1.89,0.6495,1.253,-0.23708911,-0.413,-0.8556,0.02054,-0.5634,-0.2617,0.20848865,0.1236,0.05484,0.2252,0.09226,0.1485,0.13548324,0.133,0.03801,0.2649,0.09033,0.168
4360,independent,150,2894,5.5578627,5.126,3.34,7.532,4.38,5.742,22.159085,16.13,7.609,27.42,12.34,19.39,1.6958386,1.345,0.6683,2.132,1.082,1.587,-1.1463089,-1.039,-1.844,-0.3218,-1.298,-0.7669,0.15146518,0.161,0.06192,0.296,0.1172,0.1976,0.013971958,0.03006,0.01232,0.07004,0.01987,0.03591
2039,independent,14,3105,-4.9973972,2.027,-5.548,14.75,-1.288,4.365,-2.1608556,-2.3,-5.078,-0.9701,-2.632,-1.679,5.2262541,4.414,3.231,5.782,3.964,4.814,-2.4925505,-1.847,-2.51,-1.266,-2.046,-1.63,0.039033916,0.09699,0.002596,0.4059,0.01932,0.1343,0.094968961,0.1896,0.01723,0.4633,0.09425,0.2657
518,independent,141,285,5.9837394,5.728,3.802,8.113,4.951,6.403,5.0923344,4.6,3.098,6.589,3.983,5.119,2.3291077,2.401,1.542,3.401,2.07,2.702,0.18986033,-0.3543,-0.8731,0.1512,-0.5247,-0.177,0.34403884,0.3129,0.1904,0.4738,0.2639,0.3551,0.22791744,0.228,0.09637,0.3846,0.1759,0.2762
7509,independent,119,1812,-2.6497869,2.712,-2.484,15.8,-0.1708,3.907,3.1051761,5.448,3.766,7.635,4.735,6.082,4.4134891,3.18,2.415,4.059,2.886,3.448,-0.17573107,0.4897,-0.2362,1.259,0.2304,0.7392,0.042185353,0.05366,0.002132,0.2155,0.01203,0.07344,0.70756474,0.5278,0.3169,0.722,0.4585,0.6012
136,independent,37,4042,2.2769451,3.103,1.911,4.968,2.593,3.437,6.2919445,7.947,3.056,18.33,4.866,9.985,-0.45690478,-0.3806,-0.8287,0.05585,-0.5286,-0.2287,-0.36621916,-0.5677,-1.034,-0.1274,-0.7258,-0.4082,0.24375784,0.187,0.04204,0.3985,0.1197,0.241,0.032753442,0.04438,0.009335,0.1307,0.02039,0.05886
4176,independent,132,3951,-0.99709587,-2.398,-6.309,-0.02436,-3.209,-1.472,12.389644,11.82,4.072,23.66,7.878,15.01,1.6700687,1.964,1.453,2.545,1.774,2.142,-0.41985277,-0.6691,-1.171,-0.199,-0.8263,-0.5034,0.20285073,0.1082,0.007695,0.3317,0.04508,0.1466,0.016488232,0.01903,0.006084,0.0525,0.01086,0.02332
2451,independent,97,2386,2.0827184,2.343,1.095,4.41,1.757,2.583,14.401149,11.25,3.098,23.35,7.085,14.63,1.5407949,1.802,1.228,2.451,1.58,2.006,-0.13689934,-0.09013,-0.4994,0.3083,-0.2253,0.04385,0.11949051,0.1771,0.02789,0.364,0.1168,0.2291,0.01,0.01773,0.004909,0.05782,0.008929,0.02133
498,independent,110,3514,9.8946709,10.55,5.707,19.43,8.039,12.31,16.279021,14.84,7.905,25.05,11.52,17.5,1.1096571,0.524,-0.04927,1.157,0.3132,0.7227,0.42420355,0.2264,-0.4434,0.9192,-0.01191,0.4585,0.076683837,0.07388,0.02267,0.166,0.04564,0.09427,0.030139215,0.04427,0.0172,0.09713,0.02909,0.05444
4790,independent,127,1736,16.731738,19.76,12.77,28.1,17.03,22.26,3.9390232,4.947,3.32,7.005,4.282,5.54,0.984421,1.212,0.376,2.129,0.909,1.507,-0.12600275,-0.6984,-1.329,-0.1267,-0.8994,-0.4854,0.1102897,0.08632,0.04098,0.1475,0.06651,0.1034,0.55583917,0.2968,0.1424,0.4911,0.2342,0.3521
6687,independent,87,1057,15.517915,17.96,10.0,28.41,14.45,20.97,18.575137,18.36,10.77,28.47,15.05,21.26,0.49149403,1.023,0.1228,1.981,0.7123,1.319,-0.77258865,-0.7651,-2.087,0.4593,-1.192,-0.3144,0.085767212,0.09303,0.03896,0.1957,0.06476,0.1123,0.087185831,0.1253,0.04783,0.2588,0.08547,0.1543
1338,independent,58,4070,11.634448,11.13,6.297,19.06,8.749,12.89,13.819889,14.72,9.415,21.87,12.47,16.64,2.4501052,1.711,0.6759,2.927,1.304,2.086,0.7563148,0.537,-0.3822,1.496,0.2019,0.8524,0.1134961,0.123,0.04065,0.2771,0.07752,0.1544,0.11446724,0.159,0.06718,0.2938,0.1168,0.1931
470,independent,32,4018,15.269412,4.931,1.92,15.31,2.913,5.455,3.2159769,8.305,2.663,20.51,4.466,11.05,2.3196309,1.915,1.297,2.634,1.678,2.138,0.43787475,0.465,0.04259,0.9113,0.3135,0.6147,0.01,0.0764,0.006987,0.2152,0.02893,0.1106,0.10872454,0.04695,0.006896,0.1703,0.01606,0.06222
54,independent,58,4195,6.9407238,9.827,6.266,15.73,8.143,11.07,13.089165,11.61,5.868,22.47,8.328,13.93,2.0342407,2.06,0.9833,3.301,1.659,2.424,1.0212261,1.268,0.4854,2.177,0.9628,1.548,0.1428806,0.1756,0.06033,0.3352,0.1205,0.2234,0.11781771,0.1482,0.03854,0.3592,0.07852,0.2003
4,independent,121,2167,6.9787264,7.08,4.455,11.94,5.86,7.856,12.890122,7.915,1.291,21.0,3.153,11.48,1.9182495,2.121,1.319,3.032,1.82,2.407,-0.57765839,-0.3593,-0.769,0.03117,-0.4917,-0.2232,0.078347355,0.109,0.02917,0.2205,0.07136,0.1417,0.01,0.04571,0.00369,0.314,0.008125,0.04179
5219,independent,116,3417,27.024404,19.91,12.84,28.03,17.2,22.44,8.8988873,8.604,5.622,12.44,7.375,9.67,3.0065419,2.75,1.531,4.095,2.29,3.188,0.019532364,-0.2947,-1.068,0.4695,-0.5494,-0.02602,0.12804653,0.2012,0.1196,0.308,0.1667,0.2309,0.33679975,0.4265,0.2337,0.6238,0.3582,0.4937
1267,independent,113,1373,3.2106479,3.562,2.435,4.938,3.117,3.95,12.948882,7.346,1.309,20.33,3.182,10.26,0.30972157,0.4675,-0.02677,1.003,0.2895,0.6366,-0.74437371,-0.6472,-1.049,-0.2542,-0.7822,-0.5092,0.17070655,0.1993,0.07993,0.3524,0.1475,0.2446,0.010762324,0.03158,0.003752,0.1485,0.009044,0.03741
5119,independent,77,3914,9.0209119,4.958,-0.4369,17.12,1.586,7.216,12.616272,12.5,5.238,23.72,8.845,15.38,1.3611867,1.552,1.097,2.032,1.384,1.713,-0.28312827,-0.2681,-0.7525,0.1909,-0.4325,-0.09925,0.01,0.0312,0.002197,0.1383,0.008039,0.03894,0.019649441,0.02624,0.008496,0.0704,0.01524,0.03219
3194,independent,18,3112,3.3373528,4.997,3.253,7.519,4.244,5.585,13.021626,18.07,10.7,27.36,14.98,20.81,0.40596321,0.1095,-0.4782,0.7051,-0.09002,0.3075,-0.40880087,-0.6187,-1.571,0.2855,-0.9355,-0.2947,0.28074388,0.2565,0.09517,0.4834,0.181,0.3213,0.132978,0.1092,0.04717,0.207,0.07898,0.1318
1443,independent,79,453,2.280331,4.034,1.961,8.242,3.068,4.565,0.29766433,2.519,-0.04356,8.549,1.213,3.207,2.3718357,2.903,2.025,3.968,2.556,3.218,1.716461,1.992,1.472,2.57,1.801,2.177,0.12783782,0.1445,0.02106,0.347,0.07899,0.1952,0.01,0.09018,0.006058,0.3475,0.02547,0.1236
3653,independent,137,3015,27.628313,22.6,14.43,32.33,19.3,25.66,24.893459,19.21,11.5,29.23,15.91,22.06,1.3752256,1.729,0.3428,3.24,1.221,2.201,-0.043337658,-0.1463,-1.278,0.9388,-0.5155,0.2387,0.13354101,0.2235,0.1059,0.3589,0.1746,0.2681,0.072211896,0.1555,0.06016,0.3133,0.1066,0.1909
475,independent,23,3063,15.596438,12.66,8.715,17.55,11.09,14.07,9.7105854,10.71,6.573,16.56,8.862,12.22,2.9271029,2.483,1.432,3.69,2.065,2.874,1.5530432,1.461,0.3553,2.678,1.052,1.842,0.23506483,0.2629,0.1705,0.3734,0.2269,0.2967,0.41926195,0.4811,0.2873,0.6638,0.4169,0.5483
6259,independent,72,2286,1.9853976,0.312,-1.284,2.905,-0.1729,0.5088,3.0890597,5.625,0.9654,17.83,2.246,7.649,-0.033034136,-0.6378,-1.025,-0.2706,-0.7666,-0.5037,-0.21290113,-0.3429,-0.7225,0.02932,-0.4706,-0.2135,0.013966272,0.1402,0.003605,0.4756,0.03593,0.2043,0.025638964,0.0367,0.002742,0.1803,0.00856,0.04371
6773,independent,63,2451,5.8102874,6.426,4.479,8.837,5.636,7.104,10.07199,10.91,5.807,19.93,8.275,12.77,1.0831782,0.8035,0.1254,1.532,0.564,1.034,-0.38298136,-0.6563,-1.251,-0.08867,-0.8575,-0.4526,0.16432536,0.2919,0.121,0.4931,0.2241,0.3539,0.034824186,0.05759,0.01843,0.1278,0.03649,0.07275
5767,independent,106,2538,6.5636311,4.492,-1.559,15.4,1.768,6.37,5.4535119,6.37,4.396,8.633,5.591,7.082,4.7417657,4.643,3.412,6.183,4.151,5.089,-0.73727359,0.07624,-0.5762,0.7358,-0.1461,0.2994,0.01,0.09917,0.00335,0.3698,0.0244,0.1413,0.41604593,0.4108,0.228,0.6123,0.3409,0.4764
7666,independent,48,911,12.290403,17.28,11.34,24.86,14.82,19.44,8.9354793,12.87,7.744,19.63,10.69,14.75,2.3862964,1.787,0.568,3.087,1.346,2.21,-0.37563262,0.8753,-0.1415,1.946,0.5125,1.23,0.20520136,0.2311,0.1319,0.3481,0.1931,0.2658,0.29253093,0.3628,0.1443,0.6453,0.2674,0.4477
2785,independent,39,1928,26.565764,25.75,16.91,36.05,22.2,29.01,33.849925,18.7,10.91,28.79,15.25,21.65,2.3150215,1.319,-0.01754,2.806,0.8275,1.784,0.85519032,0.2412,-0.8116,1.339,-0.1242,0.6022,0.20033665,0.2051,0.1024,0.3201,0.1638,0.2442,0.11212109,0.1249,0.04811,0.2617,0.0848,0.1538
234,independent,29,319,5.1104918,7.571,5.151,10.62,6.612,8.409,6.4052241,5.992,4.037,8.388,5.19,6.703,1.9559291,2.846,1.767,4.121,2.41,3.24,-0.18552647,-0.09255,-0.6795,0.4727,-0.2803,0.1027,0.17691997,0.1462,0.06611,0.2365,0.1159,0.1747,0.15392212,0.246,0.1254,0.3934,0.1978,0.2894
393,independent,83,574,17.007795,15.48,9.964,22.69,13.11,17.48,17.002676,13.95,8.152,22.47,11.27,16.13,1.2104034,2.057,0.9325,3.362,1.625,2.463,0.26673543,0.3422,-0.4048,1.109,0.07709,0.5968,0.066726453,0.128,0.05539,0.2425,0.09233,0.1558,0.040888982,0.06533,0.02658,0.1338,0.04527,0.08026
5773,independent,60,2250,8.5232673,11.46,7.834,15.87,10.0,12.77,17.492642,19.26,12.89,27.14,16.66,21.56,1.1945613,2.21,1.193,3.338,1.815,2.581,1.1642408,1.15,-0.0113,2.378,0.7305,1.561,0.34413775,0.3146,0.1983,0.4412,0.2718,0.3559,0.22840131,0.1863,0.08903,0.2976,0.1487,0.2215
2771,independent,72,586,6.4991291,5.158,1.013,16.73,1.979,7.158,1.1462221,1.103,-0.5397,5.256,0.3268,1.409,0.33601062,0.6641,0.2662,1.062,0.524,0.8022,-0.23705539,-0.2014,-0.5614,0.1593,-0.3252,-0.078,0.01,0.06534,0.003786,0.3224,0.01145,0.08191,0.14893478,0.1248,0.005532,0.4722,0.02898,0.1787
7102,independent,56,3662,-1.0127349,-1.432,-3.075,-0.1965,-1.799,-0.9545,11.826351,11.32,3.961,23.09,7.459,14.37,-1.9065447,-1.979,-2.598,-1.436,-2.171,-1.775,-2.1338859,-2.233,-3.008,-1.562,-2.466,-1.983,0.26218656,0.1868,0.02365,0.4868,0.09184,0.2558,0.01,0.0265,0.006225,0.09128,0.01225,0.0319
3787,independent,60,3904,5.9952045,6.42,4.455,8.883,5.649,7.104,28.323427,21.47,13.48,31.24,18.33,24.39,1.0531872,1.377,0.5115,2.327,1.059,1.673,1.7168594,1.155,-0.0896,2.489,0.6989,1.601,0.40752345,0.4327,0.2342,0.625,0.3637,0.5027,0.18404127,0.2139,0.09871,0.3667,0.1633,0.2569
5223,independent,37,1939,2.7097383,3.649,1.797,9.924,2.564,3.899,16.035681,10.9,4.002,22.32,7.069,13.9,-0.64627862,-0.5062,-0.9579,-0.08548,-0.6519,-0.3557,-0.35907924,-0.3204,-0.8099,0.1549,-0.4802,-0.1571,0.20614764,0.1193,0.01535,0.2784,0.06503,0.1615,0.019549862,0.0321,0.008675,0.1002,0.01613,0.03991
497,independent,67,4318,8.0205989,10.22,5.631,18.36,7.933,11.89,1.1204867,3.616,0.7184,14.18,1.502,4.314,1.2179351,1.131,0.4261,1.943,0.8516,1.387,0.43465625,0.4303,0.04326,0.8318,0.2965,0.5629,0.07432427,0.07996,0.02376,0.1895,0.04792,0.1021,0.39241819,0.0711,0.005465,0.2485,0.02176,0.1004
2085,independent,39,3761,26.717181,16.48,9.877,24.77,13.73,18.92,20.592733,22.88,13.66,33.69,19.09,26.36,2.3474881,1.896,0.7495,3.181,1.464,2.295,0.87380524,0.9293,-0.3018,2.254,0.498,1.343,0.16585285,0.2452,0.102,0.4525,0.1765,0.3007,0.15428926,0.147,0.0634,0.2568,0.1092,0.1797
142,independent,88,2633,1.3567351,3.485,1.278,7.809,2.32,4.233,3.2448745,4.668,2.194,12.77,3.094,5.166,1.1833782,1.432,0.9584,1.939,1.261,1.598,0.16109077,0.236,-0.2047,0.6947,0.07909,0.3899,0.087845535,0.09542,0.01635,0.2791,0.04366,0.1258,0.089877405,0.09094,0.01289,0.2317,0.04783,0.1224
3212,independent,21,416,7.0726016,8.144,5.701,11.09,7.163,9.039,12.854734,15.38,9.413,23.01,12.88,17.62,1.0161633,0.9776,0.215,1.778,0.7107,1.239,0.46139145,0.1421,-0.9703,1.25,-0.2284,0.517,0.24917248,0.2404,0.1257,0.3864,0.1938,0.2815,0.12924304,0.1507,0.06445,0.2957,0.1081,0.183
219,independent,41,1110,1.3996839,5.421,-1.209,15.54,2.638,7.505,5.9432924,5.719,3.826,8.394,4.899,6.35,5.2090396,4.755,3.46,6.338,4.251,5.207,1.7645105,1.802,1.094,2.623,1.529,2.054,0.34885735,0.121,0.004462,0.4426,0.03058,0.1736,0.18862792,0.1569,0.05822,0.2872,0.1154,0.1915
917,independent,140,2741,12.111805,15.31,9.73,22.49,12.95,17.34,15.429667,13.65,8.899,19.62,11.68,15.38,0.5365482,0.9428,0.0006169,1.959,0.5934,1.271,1.2510489,1.558,0.5352,2.654,1.189,1.916,0.19072065,0.1666,0.0774,0.2901,0.1273,0.1998,0.10544491,0.2492,0.1153,0.3822,0.2023,0.2957
2928,independent,130,1377,14.437677,7.23,4.102,12.66,5.71,8.293,2.7873915,3.999,1.886,14.4,2.558,3.862,0.68256401,0.4994,-0.06966,1.112,0.2999,0.687,-0.14423482,-0.3803,-0.8475,0.05836,-0.5313,-0.2268,0.025998496,0.09587,0.03046,0.2084,0.06302,0.12,0.1351548,0.1763,0.01157,0.4505,0.08355,0.2479
5720,independent,49,1331,3.0894692,7.974,1.894,19.52,4.194,10.8,1.8365816,10.8,3.456,23.3,6.784,13.93,1.3869466,1.475,0.9962,1.996,1.3,1.64,0.31165113,0.7777,0.3294,1.235,0.6207,0.9281,0.076323526,0.03861,0.00489,0.195,0.01133,0.04032,0.093671069,0.02973,0.007277,0.1,0.01394,0.03618
1846,independent,42,3357,19.594328,15.18,8.962,24.85,12.17,17.62,9.8916087,6.671,3.472,14.34,4.835,7.599,4.0055291,2.631,1.529,3.891,2.197,3.03,-0.66748748,-0.5576,-1.148,-0.01558,-0.7393,-0.3655,0.065843689,0.08212,0.0306,0.1843,0.05359,0.1014,0.02167264,0.07409,0.0169,0.175,0.0437,0.09534
371,independent,88,595,1.7668949,2.449,1.376,3.656,2.05,2.817,4.0064935,8.69,3.309,19.56,5.397,10.98,1.4267099,1.49,0.994,2.05,1.305,1.666,0.29264246,0.4605,0.02172,0.9058,0.3051,0.6144,0.66645129,0.5025,0.2327,0.7647,0.4118,0.5964,0.079708364,0.04145,0.0089,0.1221,0.01938,0.0548
523,independent,35,362,5.2394311,5.591,4.002,7.411,4.981,6.169,8.5485402,8.478,5.003,14.35,6.839,9.636,1.9915393,1.712,0.9844,2.548,1.428,1.972,0.35016735,0.3384,-0.2941,1.0,0.1168,0.5551,0.55504426,0.408,0.2342,0.5813,0.3475,0.4677,0.10651125,0.1236,0.03948,0.2448,0.08608,0.1541
5232,independent,7,1554,14.854987,14.29,9.361,20.39,12.23,16.13,20.268612,17.4,11.53,24.74,14.98,19.55,1.6520663,0.6149,-0.2528,1.532,0.3064,0.917,0.59561186,0.5715,-0.4853,1.669,0.2039,0.9366,0.24973863,0.2851,0.1849,0.3938,0.2482,0.3203,0.20749884,0.1722,0.08112,0.2768,0.136,0.206
7534,independent,95,3839,15.561869,10.17,6.372,15.47,8.521,11.55,19.198707,17.82,9.891,28.33,14.34,20.81,0.6677082,0.7428,-0.1338,1.691,0.4236,1.05,1.1723845,0.3203,-0.4714,1.146,0.03613,0.5953,0.12063405,0.1884,0.07819,0.3412,0.1379,0.2311,0.096320098,0.0952,0.0364,0.2205,0.06208,0.1152
4013,independent,64,2448,8.3449484,10.79,4.985,21.26,7.543,13.15,0.49584856,7.496,0.08171,21.22,3.108,10.78,2.5957765,2.575,1.721,3.621,2.236,2.876,-3.429914,-3.401,-4.456,-2.501,-3.715,-3.062,0.047206313,0.03628,0.009964,0.09552,0.01979,0.0469,0.20639592,0.04677,0.001071,0.3274,0.006478,0.04108
6148,independent,148,2578,15.272004,17.83,10.75,27.36,14.68,20.56,13.72303,17.55,11.14,25.86,14.86,19.87,1.8877431,1.529,0.7848,2.379,1.244,1.795,0.38044075,1.205,-0.01447,2.556,0.7593,1.635,0.084676304,0.05788,0.0258,0.1104,0.04196,0.06952,0.095430406,0.1672,0.06974,0.3051,0.1219,0.2032
5024,independent,134,4869,1.2834005,4.344,0.8731,16.27,1.523,5.582,11.118876,13.46,5.871,24.9,9.681,16.47,-0.10740029,0.1597,-0.2347,0.5422,0.02694,0.2922,-1.134431,-1.143,-1.737,-0.604,-1.332,-0.9441,0.15685601,0.08426,0.003737,0.3519,0.01396,0.1216,0.030421081,0.02721,0.009649,0.06855,0.01663,0.03292
2433,independent,128,968,35.960305,22.51,14.56,32.17,19.21,25.47,9.2887415,10.31,5.954,17.52,8.2,11.93,0.8138451,0.7362,-0.3917,1.931,0.3326,1.141,0.31681545,-0.09677,-0.9355,0.7266,-0.3901,0.1882,0.088523147,0.1907,0.08883,0.3136,0.1478,0.2292,0.28782083,0.2165,0.0667,0.4543,0.1382,0.2788
192,independent,98,4685,16.912338,14.68,9.312,21.0,12.61,16.61,8.3720263,14.97,8.958,23.23,12.29,17.15,1.9988052,2.078,1.122,3.123,1.718,2.412,0.55917318,1.053,0.1907,2.033,0.7315,1.351,0.19742887,0.2565,0.173,0.3854,0.2188,0.2856,0.16118518,0.09185,0.03698,0.1869,0.06384,0.112
5002,independent,77,3490,11.265459,8.844,3.011,19.63,5.553,11.19,10.355227,10.69,2.564,23.22,6.194,14.28,1.7234691,1.484,0.9669,2.064,1.289,1.663,-0.49419423,-0.4484,-0.8639,-0.03661,-0.5906,-0.3043,0.016135638,0.02591,0.006333,0.08057,0.01283,0.03183,0.01,0.01466,0.003435,0.05466,0.006536,0.01705
190,independent,1,1081,15.190293,18.36,12.06,25.71,15.88,20.63,17.529438,12.72,8.067,18.95,10.74,14.43,2.0976728,2.161,0.9053,3.555,1.699,2.604,0.22965134,-0.5993,-1.398,0.1516,-0.8582,-0.3289,0.17159083,0.1175,0.05892,0.198,0.09276,0.1378,0.069236458,0.1374,0.06388,0.2306,0.1058,0.165
4681,independent,40,2060,13.408323,7.102,1.626,17.52,4.133,9.137,0.95831675,6.92,0.01737,20.18,2.865,9.992,3.7761481,3.031,2.226,3.991,2.706,3.324,-2.5211021,-2.397,-3.081,-1.79,-2.609,-2.163,0.019585484,0.04317,0.00501,0.1693,0.01509,0.0539,0.034962436,0.03183,0.002192,0.1366,0.007857,0.04166
321,independent,79,4228,4.6716936,7.089,1.317,18.56,3.392,9.697,19.987961,10.32,3.451,22.11,6.481,13.14,2.0114871,2.26,1.644,2.984,2.028,2.473,1.5093073,1.292,0.7856,1.886,1.098,1.473,0.021951417,0.04364,0.004659,0.2084,0.0121,0.05013,0.01,0.02958,0.006528,0.1073,0.01305,0.03513
43,independent,144,1341,4.2186526,3.486,1.339,7.299,2.453,4.178,12.775569,9.603,2.697,22.3,5.269,12.9,3.4603462,2.676,1.91,3.621,2.368,2.951,-3.2902251,-1.892,-2.606,-1.279,-2.114,-1.649,0.17958273,0.1806,0.03694,0.4345,0.1012,0.2402,0.025724139,0.035,0.006046,0.1466,0.01217,0.04178
3964,independent,148,3178,17.123191,21.41,13.86,30.61,18.4,24.08,24.503011,15.87,8.694,25.87,12.65,18.64,2.8617326,2.103,0.9732,3.383,1.674,2.504,0.35129387,0.9474,0.05406,1.922,0.6196,1.258,0.10445481,0.1152,0.06116,0.1955,0.09059,0.1347,0.028155308,0.07315,0.02977,0.1593,0.04959,0.08848
5151,independent,123,118,14.157168,15.93,10.44,22.79,13.74,17.91,12.805749,19.48,11.82,29.13,16.3,22.35,0.73999269,0.5538,-0.3369,1.543,0.2357,0.8531,-0.54161881,-0.3749,-1.467,0.6563,-0.7353,-0.00466,0.11768201,0.09057,0.04345,0.1609,0.06961,0.1069,0.30445365,0.1598,0.0648,0.3063,0.1121,0.197
409,independent,1,3788,17.213928,17.15,10.87,25.41,14.43,19.45,25.235763,19.39,11.19,29.46,15.92,22.52,1.6535126,1.143,0.04647,2.371,0.7277,1.539,0.27324341,-0.1496,-1.524,1.193,-0.6095,0.2996,0.10285152,0.1484,0.05834,0.2793,0.1062,0.1826,0.047842375,0.1978,0.07376,0.393,0.135,0.2455
5831,independent,98,181,20.31827,17.15,11.4,24.62,14.73,19.25,12.35986,13.59,8.697,19.91,11.5,15.4,1.2229901,0.3681,-0.4554,1.226,0.06915,0.6575,0.20592348,0.1185,-0.7617,1.035,-0.2012,0.433,0.11501281,0.1243,0.06041,0.2092,0.09536,0.1488,0.23939394,0.3113,0.2083,0.4266,0.2731,0.3475
294,independent,59,180,7.2326759,6.824,4.616,9.543,5.919,7.631,21.770861,14.87,9.014,22.88,12.33,17.06,1.9500667,1.276,0.4407,2.194,0.962,1.568,0.61835167,-0.1491,-0.9686,0.6564,-0.4196,0.1224,0.59570981,0.514,0.3158,0.7101,0.444,0.5832,0.054484858,0.08119,0.03822,0.1519,0.05962,0.09688
195,independent,111,1088,12.588643,8.794,3.827,18.22,6.08,10.62,0.87404962,1.564,0.8639,2.421,1.287,1.796,3.7974803,3.25,2.299,4.341,2.876,3.59,-0.84813742,-0.7933,-1.243,-0.3804,-0.9354,-0.6441,0.040540105,0.07805,0.01404,0.2341,0.03533,0.103,0.32607862,0.2819,0.09645,0.5356,0.201,0.3507
787,independent,96,4026,6.1765793,5.896,3.414,10.19,4.704,6.678,27.723177,15.09,7.088,25.67,11.47,18.2,1.4670903,1.514,0.8746,2.216,1.273,1.738,0.31781518,0.1223,-0.4707,0.7172,-0.08352,0.326,0.11115514,0.1753,0.04607,0.3385,0.1223,0.2216,0.016153224,0.03433,0.01426,0.07823,0.0229,0.04137
273,independent,114,3932,22.885871,24.33,17.0,33.19,21.4,26.94,24.28636,18.84,11.66,27.12,16.02,21.48,-0.65472073,0.1847,-0.914,1.321,-0.2016,0.5558,1.9180499,1.319,0.4049,2.33,0.9757,1.643,0.11137967,0.147,0.07876,0.2304,0.1188,0.1722,0.19350347,0.1569,0.07181,0.2743,0.1182,0.1899
286,independent,88,850,4.2517714,5.549,0.712,17.4,2.34,7.608,16.779076,11.64,6.938,19.24,9.404,13.35,1.1225146,1.213,0.7904,1.663,1.064,1.36,0.39560235,0.9485,0.2836,1.701,0.6867,1.192,0.033156563,0.03613,0.002825,0.1688,0.009259,0.04287,0.017639562,0.05181,0.01912,0.09972,0.03585,0.06489
4551,independent,1,4344,15.745064,19.95,13.04,28.37,17.18,22.45,26.623327,19.87,11.1,30.95,16.12,23.27,2.5387888,2.263,1.05,3.618,1.813,2.688,0.29784857,-0.08111,-1.171,1.023,-0.4435,0.2798,0.15176826,0.1462,0.06695,0.2473,0.111,0.177,0.065852553,0.1158,0.04608,0.2482,0.07865,0.1417
3149,independent,120,2028,16.879064,16.38,10.86,23.12,14.16,18.36,14.266466,13.81,9.046,19.95,11.81,15.57,0.80845776,1.752,0.5844,3.076,1.312,2.166,-0.14428447,-1.138,-2.227,-0.149,-1.483,-0.7647,0.20316435,0.2419,0.1463,0.3574,0.2048,0.2746,0.12930403,0.1919,0.09056,0.3207,0.1496,0.2285
2712,independent,106,1161,6.8201133,10.02,2.609,20.52,6.547,12.9,3.5116352,4.12,2.855,5.652,3.625,4.581,3.8240813,3.712,2.705,4.921,3.314,4.079,-0.59358224,-0.5595,-1.17,0.006938,-0.754,-0.3587,0.021940822,0.06033,0.007969,0.2566,0.02151,0.07194,0.46678777,0.3623,0.1731,0.5824,0.2881,0.4304
3518,independent,15,3941,9.8208478,9.136,6.159,12.82,7.922,10.21,22.616485,17.7,9.669,28.11,14.26,20.73,-0.21394499,-0.5765,-1.394,0.1866,-0.8434,-0.295,0.28461449,0.1647,-0.5191,0.8604,-0.08235,0.4032,0.13707861,0.1861,0.09606,0.2973,0.1492,0.2196,0.040620269,0.0533,0.02275,0.1131,0.03679,0.06395
596,independent,76,306,2.9090488,4.352,-3.308,17.27,0.6893,7.022,7.671167,6.562,-2.147,20.05,2.228,10.1,3.7571267,4.143,3.137,5.323,3.749,4.497,-3.4368238,-4.196,-5.442,-3.167,-4.572,-3.778,0.0643016,0.04905,0.001838,0.2325,0.009637,0.06146,0.012886953,0.04873,0.001744,0.2574,0.008455,0.05801
3168,independent,43,921,10.292058,12.92,8.123,20.33,10.62,14.72,12.699879,12.38,7.947,18.01,10.54,14.02,2.0352051,1.484,0.5479,2.555,1.138,1.814,0.19227254,0.1082,-0.6251,0.833,-0.1411,0.3631,0.11698186,0.09819,0.03779,0.1952,0.06906,0.1202,0.086534165,0.1045,0.0545,0.1725,0.0833,0.1217
6804,independent,25,654,16.709983,18.48,11.36,27.19,15.52,21.06,27.294363,23.17,14.18,33.41,19.68,26.57,0.30535383,0.7702,-0.2227,1.805,0.4143,1.111,-0.74660388,-0.7488,-1.872,0.3419,-1.124,-0.3672,0.11843964,0.1445,0.07686,0.2387,0.1156,0.1679,0.33292824,0.3653,0.2213,0.5372,0.3074,0.4194
5586,independent,153,317,-1.0965691,-0.5661,-2.088,0.7458,-0.8469,-0.29,10.280569,10.15,2.24,22.71,5.718,13.66,0.21247673,-0.1882,-0.5537,0.1632,-0.3097,-0.06365,-0.032123178,-0.3285,-0.7225,0.05127,-0.459,-0.1934,0.046735036,0.1033,0.007214,0.3221,0.0379,0.146,0.01,0.01958,0.004082,0.07673,0.008066,0.02198
5772,independent,2,431,5.0122137,5.264,3.697,7.066,4.662,5.816,6.245736,5.718,3.67,8.541,4.835,6.443,1.661667,1.545,0.8457,2.328,1.286,1.79,0.57816155,0.6412,0.1391,1.173,0.4565,0.8168,0.50302878,0.3626,0.1815,0.5368,0.3017,0.4246,0.43705485,0.391,0.1535,0.6111,0.3129,0.473
3765,independent,81,3076,19.156405,16.76,9.766,26.14,13.75,19.34,38.433278,16.45,8.565,27.0,12.97,19.41,1.1914372,1.779,0.802,2.92,1.411,2.12,0.16242258,0.3087,-0.4668,1.08,0.05141,0.5709,0.052840532,0.06228,0.02796,0.125,0.04463,0.07486,0.025988796,0.05472,0.02318,0.1169,0.03768,0.06634
269,independent,103,1084,11.894556,9.861,6.692,14.11,8.529,10.97,18.324194,15.65,9.083,24.47,12.84,18.02,0.87919858,1.846,0.9449,2.9,1.492,2.168,0.46342167,0.3215,-0.5705,1.249,0.01852,0.6192,0.068446689,0.1778,0.07706,0.3041,0.1367,0.2141,0.060909825,0.09336,0.03877,0.1893,0.0651,0.1138
625,independent,149,4951,19.669035,18.09,11.99,26.44,15.47,20.34,25.155998,26.78,18.8,36.06,23.65,29.63,0.60172172,0.8602,-0.01326,1.841,0.5288,1.167,0.031301818,0.5009,-0.4393,1.491,0.1645,0.8207,0.063569176,0.06812,0.03136,0.1225,0.05067,0.08189,0.064036289,0.09442,0.05036,0.1461,0.07588,0.1111
337,independent,33,508,-2.6563516,-3.253,-7.756,0.3552,-4.434,-1.965,10.801454,9.204,3.518,20.29,5.879,11.65,3.1300129,3.842,2.783,5.18,3.42,4.215,-0.70780958,-0.7798,-1.262,-0.3307,-0.9364,-0.6185,0.11011481,0.1352,0.01126,0.4057,0.05618,0.1863,0.02027927,0.03655,0.009188,0.09551,0.01912,0.04806
4145,independent,152,3934,18.54587,15.46,8.253,25.78,12.0,18.37,6.7178524,7.775,3.519,17.46,5.137,9.335,3.1711385,2.329,1.451,3.336,1.978,2.654,0.87328141,0.5245,0.01931,1.062,0.3428,0.7044,0.040321384,0.04426,0.01855,0.09403,0.03002,0.05385,0.061081887,0.08601,0.01622,0.2441,0.04055,0.1153
5454,independent,140,1285,17.683801,15.43,10.37,21.97,13.34,17.22,21.97998,20.82,13.78,29.36,17.92,23.42,0.2824887,0.2322,-0.6581,1.183,-0.08917,0.5424,0.79092337,0.5338,-0.3007,1.412,0.2351,0.8248,0.089235491,0.1339,0.05478,0.247,0.09774,0.1639,0.068056556,0.07661,0.03943,0.1274,0.05981,0.09085
403,independent,14,4516,1.9887028,2.834,-3.568,13.68,0.1092,4.679,8.0164384,10.94,3.594,22.55,7.061,14.17,4.6737838,4.592,3.45,5.975,4.143,4.993,-2.3509776,-2.714,-3.683,-1.926,-2.992,-2.398,0.10832455,0.1014,0.002734,0.3984,0.02229,0.1439,0.019300311,0.03,0.005732,0.1254,0.01175,0.03314
87,independent,105,57,11.998997,11.58,7.689,16.51,10.02,12.91,13.532512,12.41,8.039,18.23,10.59,13.97,0.30474873,0.3191,-0.6383,1.304,0.002513,0.6353,-1.0319763,-1.073,-2.194,-0.07508,-1.423,-0.7016,0.2139809,0.25,0.1373,0.388,0.2053,0.2903,0.31974165,0.3079,0.1961,0.4487,0.2639,0.3473
277,independent,5,2781,19.252176,16.55,10.28,25.68,13.83,18.77,37.497845,19.29,11.96,29.09,16.2,21.97,1.1247754,0.1548,-0.7136,1.024,-0.1313,0.4446,-0.48813229,-1.09,-2.15,-0.1161,-1.433,-0.7268,0.14324826,0.1547,0.05876,0.3094,0.1059,0.1927,0.083657256,0.1119,0.04659,0.2149,0.07994,0.1369
5201,independent,42,2258,4.5901705,4.74,2.99,7.149,4.028,5.318,10.271423,7.183,1.334,20.35,2.952,10.22,2.7454622,2.344,1.558,3.276,2.035,2.627,-0.74945855,-0.7534,-1.162,-0.36,-0.8855,-0.6156,0.18690893,0.1443,0.04834,0.2765,0.1035,0.178,0.010447547,0.03888,0.003848,0.1823,0.009762,0.04697
3803,independent,9,1432,5.6953665,7.195,4.774,10.37,6.19,8.051,18.965268,15.24,8.953,24.32,12.37,17.63,0.78381137,0.7499,0.1649,1.399,0.5333,0.9544,-0.22785033,-0.5416,-1.357,0.2009,-0.8006,-0.2698,0.12116417,0.1218,0.05724,0.2135,0.09326,0.1449,0.053969719,0.07772,0.02884,0.1636,0.05189,0.09599
2884,independent,127,3653,12.969263,10.77,6.839,16.59,8.999,12.19,7.2053239,6.819,4.541,9.898,5.847,7.63,1.8518716,1.199,0.4394,1.994,0.9316,1.457,-0.14235902,-0.476,-1.222,0.2401,-0.724,-0.222,0.17648866,0.152,0.05782,0.2922,0.1043,0.1909,0.45212032,0.5644,0.3775,0.7437,0.5,0.6308
6161,independent,154,1989,4.1206177,4.132,2.134,8.46,3.084,4.699,8.5357104,8.788,3.372,19.66,5.5,10.99,0.94268621,0.67,0.2234,1.142,0.5086,0.8283,0.15071022,-0.03467,-0.5152,0.4388,-0.1951,0.1263,0.13221084,0.1294,0.02683,0.2968,0.07747,0.1699,0.023129456,0.04406,0.009046,0.1351,0.02025,0.05664
4824,independent,38,4662,24.354034,23.98,15.42,34.19,20.51,27.08,24.834759,18.1,10.61,27.17,15.12,20.81,0.88205617,0.02702,-1.184,1.172,-0.3622,0.4314,0.43749007,0.2758,-0.8553,1.388,-0.1035,0.6547,0.22173596,0.1799,0.09456,0.3037,0.1427,0.21,0.22240566,0.3267,0.1345,0.5512,0.2495,0.3976
897,independent,133,81,10.232292,17.23,9.177,28.05,13.7,20.26,13.831365,12.26,6.785,20.74,9.63,14.25,-0.84574964,-0.1052,-1.015,0.7734,-0.4,0.1949,-0.15384823,-0.2974,-1.204,0.5484,-0.5948,0.005451,0.14035646,0.08683,0.03517,0.1831,0.05889,0.1055,0.062055494,0.1344,0.04357,0.292,0.08365,0.1722
92,independent,109,3579,5.9602167,7.857,4.749,13.46,6.338,8.879,9.8352227,14.55,6.86,26.07,10.79,17.61,-0.11742767,0.4747,-0.1955,1.203,0.2307,0.7068,-0.26275372,0.2242,-0.3641,0.8628,0.007807,0.435,0.14768374,0.1229,0.03535,0.2684,0.0792,0.1566,0.063378256,0.04922,0.01692,0.1285,0.02897,0.06028
5579,independent,80,3051,10.51783,4.81,2.755,9.001,3.739,5.43,36.959958,16.88,8.504,27.86,13.08,20.11,0.4428668,0.7343,0.1975,1.288,0.5458,0.9218,-0.051566185,0.1715,-0.5824,0.9518,-0.09784,0.4351,0.025851244,0.1604,0.0427,0.345,0.1015,0.2052,0.013280412,0.04513,0.0184,0.1043,0.02974,0.0541
38,independent,136,3358,14.1288,15.82,8.692,25.51,12.63,18.51,17.202264,16.54,10.1,25.7,13.65,18.94,-0.30273964,-0.6323,-1.688,0.3561,-0.9791,-0.2766,0.070321226,0.4955,-0.4401,1.518,0.1567,0.8253,0.15969193,0.1238,0.04977,0.2605,0.0841,0.1526,0.079248411,0.09832,0.03663,0.2013,0.06522,0.1232
183,independent,133,4624,9.66042,10.85,7.197,15.51,9.336,12.17,11.805002,12.69,8.852,17.37,11.13,14.1,-0.32447395,-0.2196,-1.049,0.6148,-0.503,0.067,-0.41940638,-0.9057,-1.841,-0.02204,-1.211,-0.596,0.15316162,0.1984,0.1002,0.3144,0.1605,0.2328,0.11010929,0.1602,0.0904,0.2383,0.1342,0.1846
213,independent,52,3313,3.9267715,5.515,0.678,13.83,3.241,7.119,8.6011758,9.8,2.295,22.38,5.536,13.16,3.1671734,3.643,2.713,4.764,3.279,3.973,1.27307,1.386,0.9023,1.903,1.207,1.554,0.22338541,0.0908,0.005946,0.3567,0.02931,0.1196,0.01,0.02092,0.003508,0.09024,0.007664,0.02309
10,independent,28,1992,8.0467421,11.32,5.334,21.11,8.3,13.53,12.763858,10.18,6.467,15.87,8.455,11.51,1.0769349,1.253,0.6872,1.899,1.039,1.453,-1.1380981,-1.32,-2.29,-0.4562,-1.626,-1.001,0.049937266,0.03898,0.01261,0.09261,0.02379,0.04881,0.09087507,0.1357,0.05208,0.2741,0.09424,0.1674
2995,independent,14,1181,5.5367856,8.066,2.36,18.1,5.121,10.21,19.119811,8.956,2.771,20.63,5.2,11.76,4.2735611,3.959,2.889,5.248,3.532,4.345,-2.5765654,-2.379,-3.227,-1.668,-2.634,-2.098,0.17587163,0.0713,0.008994,0.2564,0.02611,0.09249,0.01,0.05194,0.007037,0.2117,0.01624,0.06577
37,independent,71,483,17.181421,14.68,8.161,24.12,11.71,17.15,19.571643,12.54,7.723,18.8,10.56,14.25,1.1372423,0.4772,-0.6402,1.685,0.08444,0.8586,0.98822392,0.307,-0.7929,1.42,-0.06553,0.6721,0.10945688,0.2777,0.07621,0.639,0.1583,0.3671,0.2637332,0.2931,0.1444,0.4885,0.2308,0.3467
3863,independent,133,1431,8.9636022,15.57,9.417,23.27,12.94,17.86,16.871499,16.25,10.92,23.58,13.96,18.19,-0.39045103,0.3778,-0.7265,1.503,-0.01877,0.7658,-0.41753459,0.02959,-0.8317,0.8782,-0.2669,0.3288,0.21535699,0.2255,0.09384,0.3925,0.1734,0.2703,0.071702114,0.106,0.04439,0.1852,0.0787,0.1296
355,independent,150,616,8.3400348,10.97,6.615,18.32,8.862,12.45,2.8154341,3.602,2.562,4.846,3.193,3.966,1.8817497,1.988,0.8847,3.25,1.546,2.384,-0.68911906,-0.4225,-1.002,0.1283,-0.6154,-0.2233,0.12133736,0.09294,0.0294,0.1901,0.06256,0.1164,0.66686151,0.4955,0.292,0.7049,0.4208,0.5689
7518,independent,77,3258,2.1116056,1.837,-1.331,10.96,0.2281,2.373,-0.24862207,-1.398,-5.075,0.1318,-1.744,-0.64,0.99897776,1.012,0.6179,1.422,0.8703,1.149,-0.69220642,-0.5551,-0.9415,-0.1792,-0.6822,-0.4247,0.01,0.05594,0.0009557,0.3163,0.007971,0.06769,0.086207631,0.1021,0.007621,0.3346,0.03622,0.1418
253,independent,14,2256,6.3991855,-0.01225,-6.034,10.03,-2.328,1.57,6.4004013,8.385,2.749,20.14,4.988,10.7,3.807615,4.496,3.341,5.895,4.038,4.914,-2.6818095,-2.692,-3.626,-1.918,-2.97,-2.387,0.01,0.1073,0.0023,0.4001,0.02677,0.1529,0.033267396,0.04695,0.006057,0.1617,0.01617,0.06394
3956,independent,38,1709,24.884397,23.31,15.07,32.79,20.09,26.26,36.766693,20.34,13.32,28.88,17.46,22.9,1.245497,0.7012,-0.3717,1.793,0.3225,1.073,-0.34890708,0.8019,-0.4237,2.035,0.3819,1.227,0.21283869,0.2307,0.1271,0.393,0.1849,0.2658,0.20035388,0.2283,0.1302,0.3303,0.1926,0.2624
6067,independent,135,2765,9.8565802,8.669,5.903,12.21,7.497,9.674,15.721929,14.82,10.09,20.66,12.92,16.5,1.402813,0.6813,-0.07045,1.488,0.4141,0.9409,1.4739724,0.7133,-0.2075,1.685,0.3752,1.034,0.21589989,0.1935,0.1021,0.321,0.153,0.2274,0.17342333,0.1711,0.09575,0.2526,0.1438,0.1978
7831,independent,56,305,3.1293903,4.936,-0.09753,17.54,1.247,7.376,-0.97983458,3.362,-3.285,17.86,-0.008377,5.585,-1.4678955,-1.36,-1.829,-0.9251,-1.514,-1.2,-1.7066793,-1.843,-2.376,-1.354,-2.019,-1.659,0.01,0.03105,0.00126,0.1894,0.00466,0.03139,0.016515035,0.03755,0.0002122,0.2524,0.002169,0.03588
493,independent,99,1534,6.8181985,8.786,3.733,18.25,6.017,10.62,10.617349,8.031,1.98,20.97,3.923,10.94,0.14845957,-0.1596,-0.6424,0.3195,-0.3271,0.007711,-0.25070086,0.03022,-0.3642,0.4413,-0.1088,0.1664,0.058724483,0.04694,0.01218,0.1267,0.02541,0.06021,0.01,0.03204,0.004714,0.1188,0.01064,0.04174
2166,independent,124,3845,11.338126,16.89,11.1,23.7,14.58,19.0,25.811479,21.83,13.78,32.01,18.48,24.79,0.68230535,0.5043,-0.4017,1.446,0.1831,0.8191,0.27196906,0.1325,-1.192,1.487,-0.3398,0.6006,0.35132757,0.322,0.187,0.4676,0.2748,0.3685,0.11912697,0.1907,0.07143,0.3761,0.132,0.237
597,independent,88,3694,2.3192266,2.765,1.801,4.143,2.378,3.05,10.707297,7.111,2.855,18.47,4.176,8.708,1.2927887,1.323,0.7991,1.894,1.135,1.502,0.39658522,0.2118,-0.2705,0.7121,0.04446,0.3751,0.32142008,0.2742,0.07135,0.498,0.1974,0.3456,0.021698447,0.06673,0.0111,0.1842,0.02953,0.09237
456,independent,99,288,13.992516,6.917,3.79,12.44,5.392,7.96,16.792319,12.54,4.461,24.03,8.545,15.79,0.258646,0.1491,-0.4168,0.7331,-0.05714,0.347,-0.64228465,-0.5447,-1.038,-0.07528,-0.707,-0.3739,0.030086942,0.1005,0.0295,0.2484,0.06173,0.1237,0.011214305,0.02847,0.008928,0.08469,0.01567,0.03383
4999,independent,97,1019,2.7622949,5.258,1.893,16.07,2.996,6.118,2.1948883,2.93,0.4675,9.493,1.276,3.824,1.4039771,1.357,0.8592,1.913,1.172,1.53,-0.28655702,0.08662,-0.2856,0.4577,-0.04068,0.2147,0.092268414,0.08165,0.008636,0.2339,0.0314,0.1153,0.05396137,0.06859,0.005235,0.3113,0.01715,0.08641
502,independent,113,786,3.2464803,5.306,2.976,10.93,3.983,5.963,16.315478,9.638,4.126,21.56,6.181,12.02,0.098305918,0.3634,-0.1413,0.8895,0.1876,0.534,-0.89274056,-1.143,-1.769,-0.5903,-1.345,-0.9334,0.14235655,0.1089,0.02439,0.2402,0.06492,0.1445,0.020161602,0.05827,0.01141,0.1669,0.02606,0.07989
442,independent,131,3916,5.8443684,3.784,0.02672,15.0,1.225,5.044,-1.383756,-0.371,-4.123,3.365,-0.7971,-0.004771,1.7795974,1.386,0.9267,1.888,1.224,1.543,0.30123996,0.1143,-0.243,0.4683,-0.01003,0.2396,0.010773441,0.05617,0.001507,0.3002,0.008101,0.06796,0.011852659,0.08111,0.001221,0.3686,0.01271,0.114
4830,independent,11,2911,14.419345,16.99,10.99,24.8,14.47,19.14,7.5009334,11.7,7.327,17.26,9.884,13.33,1.3389649,0.8826,-0.09273,1.927,0.5252,1.218,0.2970391,0.2911,-0.5983,1.204,-0.00638,0.5797,0.19909305,0.1238,0.0503,0.2201,0.09156,0.1515,0.21606333,0.1669,0.07419,0.313,0.123,0.201
7696,independent,37,285,18.33213,10.13,4.86,19.39,7.321,12.16,7.9813218,6.296,3.427,12.15,4.871,7.144,-0.55100725,-0.09127,-0.6323,0.4572,-0.2701,0.09166,-0.76919108,-0.4589,-1.007,0.05955,-0.6383,-0.2713,0.019560588,0.05572,0.01704,0.1397,0.03249,0.06991,0.050854816,0.1189,0.02723,0.2662,0.07467,0.1529
4154,independent,128,4064,23.263692,20.57,13.43,29.0,17.79,23.11,8.0017984,8.604,5.743,12.15,7.441,9.631,0.82828488,1.237,0.2002,2.432,0.8423,1.598,-0.19853333,0.0219,-0.7643,0.814,-0.2443,0.2881,0.091322527,0.1448,0.06783,0.245,0.1115,0.1725,0.31820847,0.3144,0.162,0.4891,0.2555,0.3676
4925,independent,147,2418,2.7356226,4.819,-0.6238,14.45,2.306,6.483,4.5792366,5.348,3.714,7.307,4.712,5.923,3.730422,3.713,2.784,4.852,3.338,4.051,1.1806174,1.26,0.6263,1.974,1.027,1.48,0.031991433,0.07769,0.0041,0.3208,0.02135,0.1026,0.43947269,0.3529,0.1957,0.533,0.2933,0.409
4673,independent,90,2819,11.025489,14.77,8.933,22.18,12.28,16.92,5.2358021,4.709,2.404,12.42,3.282,5.095,0.5309751,1.365,0.5811,2.266,1.077,1.641,-0.154557,-0.3037,-0.7462,0.1264,-0.4522,-0.1532,0.062070441,0.06726,0.03281,0.1262,0.05005,0.07939,0.060374987,0.1067,0.01337,0.2607,0.0541,0.146
42,independent,3,1864,10.943241,17.27,10.3,25.89,14.32,19.83,15.059633,17.44,10.58,26.28,14.57,19.97,0.85805194,0.1347,-0.9624,1.285,-0.2585,0.5095,-0.5802104,0.447,-0.5002,1.44,0.1198,0.7688,0.33152019,0.2092,0.1003,0.367,0.1586,0.2486,0.082441397,0.128,0.05315,0.2549,0.08994,0.1556
2165,independent,18,4952,5.3297493,5.851,3.996,8.146,5.114,6.515,9.7033897,11.12,6.735,17.7,9.169,12.65,0.49118212,0.6511,-0.006934,1.353,0.4152,0.8791,-0.59025094,-0.5412,-1.387,0.2787,-0.8198,-0.2627,0.1792119,0.2475,0.1149,0.4258,0.1914,0.2941,0.16442432,0.1187,0.04371,0.2549,0.08014,0.1463
88,independent,8,4552,4.9627793,6.235,4.11,9.338,5.293,6.975,9.270636,9.17,6.255,12.8,7.973,10.22,0.3433838,0.4084,-0.2716,1.116,0.1652,0.6427,-0.3041962,-0.552,-1.206,0.0653,-0.7672,-0.3291,0.2284907,0.2125,0.08498,0.3774,0.1571,0.2596,0.39951339,0.3169,0.2203,0.4295,0.2798,0.3498
122,independent,6,830,8.8999957,8.857,6.125,12.09,7.775,9.838,9.3738897,10.12,6.663,15.1,8.581,11.37,-0.33895991,0.1894,-0.5096,0.9338,-0.05914,0.423,0.41359221,0.343,-0.3658,1.073,0.09701,0.5836,0.18335981,0.2593,0.1375,0.3931,0.2158,0.3009,0.20192613,0.1449,0.06169,0.259,0.1088,0.1747
2425,independent,90,547,16.082835,17.76,9.814,27.91,14.49,20.6,9.8406905,11.41,4.655,23.01,7.666,14.22,0.51964422,-0.06175,-1.015,0.8649,-0.3689,0.2477,0.048910288,0.1148,-0.3646,0.5943,-0.04776,0.2799,0.042536255,0.09006,0.03722,0.1893,0.06184,0.1102,0.030588334,0.03097,0.009144,0.08348,0.01683,0.03913
4350,independent,102,3015,1.3977313,4.613,-0.5185,15.21,1.993,6.226,8.0365139,6.377,-1.673,20.37,2.026,9.742,4.2220445,3.595,2.702,4.665,3.239,3.919,-4.9961791,-3.735,-4.813,-2.789,-4.069,-3.375,0.36099442,0.08926,0.00277,0.4167,0.01799,0.1152,0.01480403,0.03797,0.002039,0.1812,0.008052,0.04761
5359,independent,113,3234,5.4437913,7.342,3.815,15.09,5.299,8.612,21.115949,8.598,2.804,20.42,4.901,11.29,0.38588303,0.6935,0.03904,1.403,0.46,0.9135,-1.1104776,-0.6552,-1.142,-0.1855,-0.8149,-0.4919,0.092553324,0.09394,0.02038,0.2471,0.04774,0.125,0.01,0.04449,0.008297,0.155,0.0177,0.0571
6412,independent,98,734,21.265902,19.55,12.01,29.04,16.51,22.24,12.360584,14.77,9.182,22.23,12.38,16.82,1.2385909,0.9162,-0.111,2.022,0.5647,1.259,0.13790184,0.1366,-0.6951,0.951,-0.1426,0.4208,0.10324036,0.1134,0.04796,0.2184,0.08241,0.1374,0.12063317,0.1248,0.04947,0.234,0.08953,0.1531
3457,independent,135,2487,15.720496,13.86,8.767,20.8,11.72,15.69,12.856155,12.79,7.697,20.2,10.49,14.69,1.7232705,2.27,1.205,3.49,1.867,2.641,1.0688231,-0.147,-1.167,0.8216,-0.4876,0.201,0.127068,0.2148,0.09409,0.3565,0.1647,0.2611,0.16541369,0.245,0.07949,0.5388,0.1574,0.3087
1854,independent,27,1496,17.309703,20.22,12.62,29.59,17.16,22.99,12.801463,16.48,10.91,23.43,14.18,18.55,0.70304866,-0.03523,-0.9498,0.8902,-0.35,0.2781,0.67882569,0.2626,-0.8189,1.367,-0.1174,0.6354,0.10858039,0.08937,0.04163,0.1668,0.06612,0.1066,0.19484385,0.2332,0.1295,0.3486,0.1937,0.2704
2559,independent,73,89,4.780643,4.014,0.8834,14.11,1.734,5.138,-2.1973849,-2.289,-7.47,-0.2886,-2.882,-1.089,0.43627466,0.2858,-0.1035,0.6874,0.1535,0.4161,0.95279072,0.7421,0.3478,1.14,0.6003,0.8812,0.013481609,0.06197,0.004108,0.278,0.01475,0.07894,0.020166958,0.05643,0.00525,0.2168,0.01816,0.07214
1692,independent,139,1024,6.3015207,9.644,4.412,19.91,6.665,11.71,10.783657,13.26,4.468,25.65,8.869,16.89,0.28420253,-0.09271,-0.5947,0.4034,-0.2577,0.07189,-0.73767212,-0.6866,-1.202,-0.1989,-0.8564,-0.5102,0.081327686,0.0516,0.01352,0.1329,0.02777,0.06768,0.038021104,0.03093,0.009529,0.09446,0.01644,0.03686
36,independent,2,4974,6.5192534,4.97,3.307,7.703,4.217,5.489,8.4075889,8.27,5.606,11.61,7.182,9.221,1.223669,0.8253,0.2002,1.492,0.6022,1.04,0.79168021,0.4758,-0.2492,1.266,0.2181,0.7286,0.16913893,0.1837,0.0593,0.3562,0.1275,0.232,0.30004627,0.2626,0.1072,0.453,0.1987,0.3198
5611,independent,42,3834,6.1994359,6.37,4.251,8.973,5.517,7.132,21.135236,10.28,4.554,21.39,6.863,12.74,2.8887843,2.708,1.754,3.858,2.335,3.052,-0.60873501,-1.266,-1.973,-0.636,-1.489,-1.028,0.21109917,0.2018,0.1212,0.3109,0.168,0.2301,0.01,0.04749,0.01158,0.1403,0.02329,0.06177
575,independent,40,4646,-4.6882086,-2.351,-8.012,3.172,-3.96,-0.782,12.054805,8.512,4.494,17.59,6.312,9.747,4.1564224,4.212,3.096,5.565,3.768,4.608,-2.7250312,-2.405,-3.39,-1.582,-2.699,-2.083,0.031115191,0.1066,0.005213,0.3924,0.03333,0.1455,0.028728962,0.05514,0.0128,0.1251,0.03201,0.07277
3767,independent,3,1124,9.8048155,8.951,5.717,13.1,7.599,10.15,16.340939,14.77,8.331,24.83,11.75,17.07,0.84660015,0.3482,-0.3443,1.065,0.112,0.5863,-0.67862733,-0.4723,-1.232,0.2533,-0.7179,-0.2193,0.23956338,0.2325,0.139,0.3506,0.1939,0.2655,0.091424604,0.09111,0.03283,0.1884,0.0607,0.1146
489,independent,150,2151,6.7859319,6.08,3.829,8.753,5.218,6.846,2.7368942,3.444,2.442,4.633,3.045,3.814,2.2371187,2.387,1.638,3.24,2.103,2.652,-0.76146807,-0.4862,-1.044,0.04692,-0.6771,-0.2882,0.21038596,0.1589,0.07303,0.2701,0.1235,0.1891,0.56861352,0.4204,0.2093,0.6321,0.3445,0.4939
306,independent,104,4463,12.064886,9.832,6.018,15.17,8.152,11.2,13.678364,11.82,5.206,22.57,8.464,14.39,0.3214307,0.6036,-0.05782,1.31,0.3641,0.8384,-0.59264114,0.0319,-0.529,0.6143,-0.1606,0.2237,0.076857163,0.1305,0.05781,0.2382,0.09611,0.158,0.051195493,0.04755,0.01507,0.1247,0.0278,0.05881
380,independent,146,1371,3.3801972,5.079,3.48,6.833,4.466,5.645,11.422705,11.1,6.164,18.67,8.824,12.86,1.6775234,2.733,1.898,3.691,2.411,3.031,0.57083886,0.563,-0.1052,1.265,0.3304,0.7913,0.3103469,0.3214,0.2076,0.4518,0.278,0.3616,0.058165852,0.1038,0.03423,0.2534,0.06563,0.1262
59,independent,68,122,17.595695,12.19,5.523,22.36,8.852,14.76,6.3243719,10.18,3.208,21.67,6.374,13.15,0.6971736,1.024,0.4678,1.628,0.8161,1.218,-0.40367875,-0.7187,-1.163,-0.301,-0.8657,-0.5661,0.01,0.02913,0.01087,0.0672,0.01856,0.03553,0.028434342,0.02467,0.006284,0.08051,0.01213,0.03013
328,independent,142,2324,17.59919,18.8,10.97,28.79,15.51,21.7,14.231836,11.01,6.864,16.43,9.296,12.46,0.8493086,2.121,0.7563,3.632,1.636,2.579,0.78922613,0.8178,0.07288,1.605,0.5521,1.074,0.096999004,0.159,0.0656,0.3,0.1143,0.195,0.036778095,0.1056,0.0455,0.2024,0.07756,0.1274
223,independent,68,4022,4.0091504,6.114,1.812,17.07,3.338,7.689,11.220962,10.87,4.286,21.9,7.393,13.6,0.5932574,1.004,0.562,1.486,0.8419,1.156,-0.11687606,-0.3036,-0.7938,0.1635,-0.4633,-0.1345,0.028606212,0.05391,0.006086,0.1906,0.01798,0.07227,0.020901954,0.03311,0.009339,0.09607,0.01769,0.04061
2189,independent,18,2459,5.506928,6.358,3.714,11.02,5.083,7.223,5.3349572,9.772,6.191,14.55,8.21,11.1,-0.058748214,-0.1675,-0.655,0.3135,-0.3344,0.004121,-0.88254511,-0.5037,-1.398,0.3545,-0.7979,-0.198,0.12802673,0.1111,0.03574,0.2297,0.07456,0.1402,0.37488145,0.3373,0.1918,0.4996,0.2811,0.3903
221,independent,7,4618,23.470696,21.52,13.45,31.49,18.18,24.46,17.416568,14.84,8.361,23.82,11.9,17.34,0.80931859,2.126,0.6455,3.784,1.589,2.648,-0.39947889,-0.5736,-1.578,0.33,-0.8793,-0.2485,0.13077654,0.1832,0.08385,0.3163,0.1394,0.2211,0.13704894,0.1256,0.0443,0.2802,0.08008,0.1577
1454,independent,78,1499,17.821182,11.53,3.419,23.28,7.338,15.0,40.856858,18.24,10.26,28.17,14.84,21.23,0.9452729,0.7031,0.2569,1.14,0.5492,0.8538,0.33977678,0.6254,-0.07834,1.38,0.3766,0.8656,0.0106343,0.0179,0.00502,0.05654,0.009228,0.0215,0.01,0.03566,0.01635,0.07069,0.02565,0.04265
5722,independent,28,4939,9.7318458,8.776,4.15,18.01,6.142,10.49,17.344148,22.55,14.78,32.12,19.48,25.3,1.1782913,1.467,0.7898,2.254,1.21,1.698,-0.75249267,-1.097,-1.962,-0.3275,-1.359,-0.8166,0.040519016,0.07902,0.01749,0.234,0.03778,0.1015,0.055416191,0.04198,0.02231,0.06819,0.03352,0.04912
5840,independent,100,4053,9.9445554,11.52,7.87,16.05,10.02,12.87,23.552019,15.85,8.315,26.39,12.37,18.74,1.1423325,0.4734,-0.295,1.27,0.1939,0.7423,-0.031054266,0.08117,-0.5795,0.7374,-0.1501,0.3075,0.21201591,0.2472,0.1239,0.3938,0.1995,0.2908,0.043206648,0.0678,0.02834,0.145,0.04625,0.08224
314,independent,153,3557,-0.05657956,0.8221,-1.685,4.938,0.1043,1.178,7.4368362,5.736,1.197,18.95,2.232,7.818,0.27542262,0.1028,-0.2635,0.4746,-0.02423,0.2275,0.46397628,0.5576,0.1434,0.978,0.4151,0.6989,0.01285647,0.06777,0.002034,0.3231,0.01313,0.08601,0.015690994,0.06279,0.004216,0.2446,0.01323,0.09027
5463,independent,63,1645,6.5840341,9.672,5.306,18.07,7.332,11.31,17.859235,9.415,6.09,15.32,7.819,10.54,0.9854643,1.098,0.1956,2.128,0.7509,1.423,-0.15738926,-0.2574,-0.9017,0.3687,-0.4681,-0.04241,0.15428012,0.1346,0.03452,0.3264,0.07613,0.1753,0.025932093,0.1145,0.03492,0.2298,0.07841,0.1442
570,independent,97,4755,16.330506,12.08,6.829,21.4,9.36,14.0,8.4698177,4.773,1.729,13.77,2.67,5.78,1.1681535,1.829,1.001,2.777,1.503,2.124,-0.44977279,-0.4301,-0.8506,-0.02628,-0.574,-0.2824,0.020144308,0.05373,0.01794,0.1128,0.0348,0.06857,0.011275385,0.06764,0.007345,0.2211,0.02385,0.09405
4057,independent,59,3492,10.231814,9.848,6.657,13.96,8.502,11.01,6.5433701,8.859,6.096,12.25,7.753,9.842,2.0713473,1.361,0.536,2.314,1.042,1.653,0.73771573,0.8008,0.02824,1.624,0.5281,1.063,0.35435633,0.2698,0.1407,0.4104,0.2207,0.3158,0.34744303,0.3214,0.2019,0.451,0.2773,0.3639
3961,independent,15,2566,7.8917316,8.956,5.845,13.98,7.523,10.02,9.3409641,8.614,5.427,13.4,7.1,9.771,0.097952135,1.299,0.5037,2.185,0.9931,1.588,-0.059353466,0.3375,-0.3347,1.033,0.1005,0.5711,0.22221212,0.1696,0.05652,0.3233,0.12,0.2111,0.15449158,0.2181,0.07968,0.4131,0.1504,0.2743
3786,independent,25,1708,15.045469,22.26,15.19,30.76,19.46,24.75,13.850073,16.28,8.801,26.08,13.05,19.06,-0.26487731,-0.1719,-1.078,0.7051,-0.4734,0.1401,-0.35118826,-0.5034,-1.559,0.5533,-0.8691,-0.1321,0.16772273,0.1233,0.06752,0.1945,0.1003,0.1435,0.45836652,0.4924,0.2827,0.7002,0.4178,0.5679
5276,independent,23,4651,16.911512,13.6,9.348,18.78,11.87,15.17,16.596793,21.45,12.74,31.98,17.93,24.62,2.8600879,3.023,1.777,4.419,2.557,3.453,1.4472245,1.038,-0.2049,2.442,0.5728,1.462,0.17328421,0.2361,0.1448,0.3389,0.2021,0.2684,0.22918156,0.2329,0.1023,0.3897,0.1807,0.2788
324,independent,65,4949,7.1828149,7.389,1.236,18.7,3.754,10.11,4.8608827,8.625,1.117,21.74,4.009,12.3,1.033753,1.073,0.6491,1.525,0.9203,1.222,0.80332389,1.006,0.5982,1.446,0.8577,1.149,0.01,0.01892,0.002478,0.07839,0.006527,0.02171,0.021527768,0.02086,0.001937,0.1336,0.004798,0.0181
