subject,true_param_sampling,source_subject_idx,source_draw_idx,b1_true,b1_est,b1_refit_q025,b1_refit_q975,b1_refit_q25,b1_refit_q75,a1_true,a1_est,a1_refit_q025,a1_refit_q975,a1_refit_q25,a1_refit_q75,a2_true,a2_est,a2_refit_q025,a2_refit_q975,a2_refit_q25,a2_refit_q75,a3_true,a3_est,a3_refit_q025,a3_refit_q975,a3_refit_q25,a3_refit_q75,a4_true,a4_est,a4_refit_q025,a4_refit_q975,a4_refit_q25,a4_refit_q75,q0_true,q0_est,q0_refit_q025,q0_refit_q975,q0_refit_q25,q0_refit_q75
6202,independent,86,123,3.7858819,4.106,2.99,5.469,3.663,4.504,0.43299406,0.4391,0.2506,0.665,0.3615,0.5104,0.11459238,0.09147,0.02044,0.2046,0.05528,0.1195,0.16147448,0.1093,0.03742,0.1945,0.08002,0.1356,0.59697801,0.443,0.219,0.6935,0.357,0.5243,0.22389735,0.2851,0.1114,0.4634,0.2249,0.3432
160,independent,81,5458,4.9599896,4.534,3.213,6.146,4.003,5.008,0.42919912,0.3694,0.1952,0.5874,0.297,0.4342,0.11204499,0.0921,0.02985,0.1684,0.06593,0.1157,0.095738899,0.07183,0.01556,0.1627,0.04308,0.09386,0.33362882,0.3459,0.1921,0.5408,0.2826,0.4014,0.59991223,0.6622,0.518,0.8225,0.6111,0.7111
2069,independent,148,4743,3.8232103,3.721,2.632,5.101,3.277,4.109,0.43524069,0.4152,0.2131,0.6669,0.328,0.493,0.034342147,0.09856,0.02423,0.2088,0.06316,0.1276,0.06527725,0.1166,0.02619,0.2528,0.07207,0.1527,0.41204793,0.4231,0.2362,0.6405,0.3494,0.4912,0.68625501,0.5481,0.3578,0.7473,0.4828,0.612
3897,independent,121,430,3.5769903,3.162,2.09,4.432,2.748,3.544,0.37902944,0.3683,0.1812,0.5979,0.2926,0.4354,0.057096605,0.05636,0.01459,0.1181,0.03685,0.07226,0.22555987,0.1403,0.02951,0.3272,0.08278,0.1832,0.3331006,0.3577,0.2075,0.5505,0.2962,0.4105,0.79335221,0.7882,0.6043,0.9469,0.7286,0.8542
260,independent,88,7272,5.8972683,6.064,4.565,7.79,5.492,6.589,0.51560997,0.4912,0.2968,0.7032,0.4183,0.5605,0.13390366,0.1525,0.08405,0.2263,0.1277,0.176,0.36441653,0.2219,0.08421,0.3676,0.1703,0.2718,0.55208218,0.348,0.2159,0.5041,0.2955,0.3962,0.8521812,0.7724,0.6336,0.9154,0.7215,0.8221
5776,independent,78,1762,1.9122449,2.782,1.923,3.776,2.453,3.078,0.47015254,0.4278,0.2071,0.6806,0.3405,0.5103,0.022518372,0.04365,0.01089,0.09487,0.02729,0.05618,0.10503936,0.1517,0.02785,0.3692,0.08286,0.2028,0.10042489,0.1226,0.04184,0.2379,0.0861,0.153,0.92970286,0.8139,0.6324,0.9562,0.7578,0.8781
5277,independent,143,2040,4.30447,3.994,2.871,5.376,3.554,4.388,0.28822432,0.3646,0.2213,0.5371,0.3069,0.4166,0.13772489,0.08417,0.01891,0.1931,0.05002,0.1098,0.083203274,0.05319,0.01307,0.1123,0.03381,0.06906,0.40843386,0.4349,0.2437,0.6554,0.3611,0.5035,0.25661426,0.279,0.1102,0.4438,0.2213,0.3368
5053,independent,132,1474,0.79223497,1.319,0.4959,2.182,1.031,1.602,0.48514756,0.5109,0.2705,0.7512,0.4248,0.5969,0.16431927,0.1124,0.02442,0.262,0.0657,0.1477,0.10522603,0.1541,0.02985,0.3603,0.08764,0.2059,0.33351603,0.436,0.1773,0.7265,0.333,0.5327,0.63303453,0.6723,0.3458,0.9222,0.5763,0.785
1850,independent,110,2668,5.5906546,5.874,4.427,7.594,5.313,6.386,0.43456313,0.3815,0.2383,0.5418,0.3274,0.4325,0.085014284,0.06999,0.0166,0.1495,0.04438,0.09058,0.20773722,0.1929,0.1179,0.2755,0.1659,0.2187,0.37321769,0.4002,0.2109,0.6213,0.3257,0.4692,0.36186878,0.2811,0.1374,0.4112,0.2347,0.3292
7,independent,86,1407,4.7338925,4.837,3.581,6.301,4.357,5.277,0.29785028,0.4111,0.2428,0.6146,0.3444,0.4719,0.230471,0.1488,0.04155,0.2845,0.1008,0.1921,0.28633189,0.2685,0.1496,0.3975,0.2247,0.3105,0.48220882,0.5092,0.3006,0.7293,0.4324,0.5843,0.28668231,0.2771,0.1117,0.4401,0.2193,0.336
156,independent,18,2782,4.5767413,3.86,2.818,5.086,3.462,4.223,0.43396801,0.393,0.193,0.6248,0.3141,0.4672,0.13261611,0.1179,0.03929,0.2106,0.08656,0.1467,0.061990295,0.1316,0.02864,0.2924,0.07958,0.1734,0.34891619,0.4602,0.2786,0.6661,0.3906,0.5249,0.82284265,0.8369,0.6731,0.9626,0.7864,0.8942
150,independent,57,6496,3.0753806,2.805,1.941,3.757,2.49,3.106,0.52463733,0.5124,0.2752,0.7444,0.428,0.5979,0.20346084,0.08264,0.02053,0.1777,0.0527,0.1066,0.13322905,0.2023,0.05093,0.4129,0.1305,0.2621,0.62575147,0.4555,0.2319,0.7044,0.3679,0.5377,0.78728165,0.6726,0.44,0.8914,0.5932,0.7558
4504,independent,112,3611,5.7148941,4.99,3.827,6.278,4.554,5.405,0.48154433,0.5366,0.3594,0.7236,0.4701,0.5997,0.09674502,0.07964,0.032,0.1383,0.06018,0.09663,0.16271484,0.1396,0.04504,0.2527,0.1007,0.1751,0.54456949,0.606,0.3763,0.8295,0.5258,0.6888,0.53716776,0.608,0.4634,0.7617,0.5575,0.6577
5861,independent,129,7386,5.6353123,4.773,3.68,6.019,4.357,5.165,0.55396212,0.5756,0.3823,0.7784,0.5038,0.645,0.075761672,0.1173,0.03802,0.2123,0.08479,0.1471,0.28677088,0.1677,0.05574,0.3008,0.1228,0.2086,0.63207505,0.5843,0.3925,0.7908,0.5137,0.6521,0.57342022,0.5896,0.4252,0.7608,0.532,0.6461
378,independent,108,3595,4.1730592,3.558,2.525,4.744,3.172,3.918,0.32737894,0.4696,0.265,0.6903,0.3928,0.5426,0.074935316,0.05986,0.01595,0.1238,0.03935,0.07638,0.046959474,0.1314,0.02684,0.305,0.07649,0.1734,0.19398928,0.2617,0.1282,0.4191,0.2086,0.3099,0.75194794,0.725,0.5534,0.9039,0.6633,0.7868
3373,independent,30,2212,5.4492673,5.179,3.967,6.627,4.71,5.61,0.41321814,0.4499,0.2484,0.6695,0.3742,0.5226,0.10600524,0.1263,0.03783,0.2431,0.08814,0.1592,0.17506741,0.1521,0.05023,0.272,0.1107,0.1895,0.45056335,0.5374,0.34,0.7471,0.4651,0.6081,0.41431965,0.4794,0.3287,0.6303,0.4297,0.5297
1688,independent,34,6310,3.1432909,4.131,3.077,5.304,3.737,4.505,0.93883829,0.6513,0.4483,0.8318,0.5876,0.7205,0.021222892,0.06698,0.01825,0.1356,0.04428,0.08607,0.18449365,0.2141,0.05583,0.4121,0.1474,0.2737,0.41130548,0.3518,0.1939,0.5489,0.2873,0.4087,0.70899348,0.6922,0.5231,0.8654,0.6322,0.752
5888,independent,142,6558,4.8706847,4.805,3.618,6.268,4.336,5.223,0.4091317,0.3858,0.2336,0.5711,0.3252,0.4413,0.10217726,0.1324,0.03596,0.2616,0.08824,0.1694,0.045126846,0.04437,0.01211,0.093,0.02906,0.05656,0.33273719,0.4661,0.2446,0.7198,0.3785,0.5479,0.37355668,0.3594,0.1981,0.5084,0.3094,0.4124
49,independent,57,6895,3.4047002,3.883,2.816,5.158,3.473,4.261,0.66584778,0.4724,0.2678,0.7023,0.3922,0.548,0.06117364,0.08811,0.02517,0.1716,0.06024,0.112,0.21957448,0.2143,0.06248,0.4029,0.1493,0.2718,0.57237099,0.3543,0.1907,0.5674,0.2861,0.4137,0.77169539,0.6991,0.5224,0.8821,0.6353,0.7622
580,independent,108,7119,4.1807472,4.442,3.393,5.629,4.052,4.802,0.37782455,0.4719,0.2649,0.692,0.3932,0.548,0.024735524,0.04898,0.01253,0.1046,0.03121,0.06308,0.10565699,0.08309,0.01803,0.1887,0.04953,0.1088,0.38799171,0.4315,0.2838,0.6046,0.3733,0.4838,0.85072907,0.7212,0.5604,0.8864,0.6631,0.7772
353,independent,31,200,3.0053077,3.619,2.685,4.682,3.271,3.951,0.64500811,0.5498,0.327,0.7729,0.4693,0.6316,0.012023686,0.07453,0.02227,0.1414,0.0524,0.09392,0.13638661,0.1846,0.03973,0.4035,0.1121,0.2427,0.20483342,0.2517,0.1135,0.4223,0.1956,0.3013,0.73405492,0.8515,0.6967,0.9672,0.8038,0.9062
83,independent,152,4103,3.4129951,4.493,3.235,6.036,3.99,4.946,0.45182233,0.4291,0.2387,0.6518,0.3523,0.4985,0.026380768,0.04956,0.0131,0.1037,0.03208,0.06353,0.05437239,0.1586,0.0382,0.3351,0.1014,0.2063,0.22841315,0.1932,0.09085,0.3184,0.1525,0.229,0.71276939,0.6179,0.4717,0.7826,0.5642,0.6682
5264,independent,45,2145,3.9903089,3.264,2.415,4.222,2.947,3.562,0.53774277,0.531,0.3184,0.7491,0.4536,0.6077,0.18831129,0.11,0.0254,0.2452,0.06693,0.1439,0.06492891,0.08535,0.01888,0.1941,0.05068,0.1124,0.43960145,0.5591,0.3644,0.7639,0.4861,0.6294,0.73269914,0.5009,0.2701,0.7418,0.4205,0.5803
377,independent,34,1959,3.1632537,3.489,2.522,4.6,3.118,3.837,0.69336767,0.5322,0.3084,0.753,0.4525,0.6131,0.043771849,0.04538,0.01176,0.0961,0.02889,0.05852,0.050199623,0.1257,0.03058,0.2686,0.07944,0.1627,0.35965779,0.3707,0.2189,0.5608,0.309,0.4253,0.79201515,0.7084,0.5247,0.8874,0.6436,0.7739
5128,independent,43,1929,4.3907864,4.534,3.257,6.076,4.03,4.978,0.55185435,0.4895,0.3034,0.6963,0.4188,0.5565,0.21139882,0.1701,0.06428,0.2937,0.128,0.2082,0.14516328,0.1312,0.04217,0.2409,0.09525,0.1634,0.29211123,0.3323,0.1383,0.5933,0.2468,0.4051,0.25391601,0.2891,0.1244,0.4464,0.2326,0.3472
3835,independent,38,6593,4.9978398,5.97,4.579,7.594,5.416,6.479,0.32804799,0.4254,0.246,0.6372,0.3537,0.491,0.098082978,0.1108,0.0342,0.2057,0.07868,0.1393,0.12220332,0.158,0.0713,0.2492,0.1267,0.1885,0.62063005,0.6137,0.4341,0.8074,0.5472,0.677,0.65889368,0.6492,0.5096,0.8137,0.5963,0.6982
3432,independent,16,6336,5.8490241,5.35,4.237,6.634,4.92,5.743,0.48934183,0.392,0.1991,0.6151,0.3169,0.4626,0.044652493,0.031,0.008056,0.06435,0.02017,0.03986,0.22772946,0.1662,0.05352,0.3055,0.1203,0.207,0.62180873,0.5027,0.3425,0.6899,0.4406,0.5603,0.80221805,0.8492,0.7128,0.963,0.8053,0.8979
4331,independent,73,1710,6.7640634,7.358,5.817,9.172,6.771,7.897,0.27427408,0.211,0.1137,0.3292,0.1719,0.2462,0.11775503,0.1155,0.02532,0.2624,0.0696,0.1505,0.010172167,0.04375,0.01463,0.07752,0.03205,0.05453,0.65376322,0.6338,0.4117,0.8423,0.5579,0.7121,0.32649701,0.2579,0.1278,0.3731,0.2176,0.3012
1484,independent,91,3276,2.4642609,2.403,1.534,3.382,2.08,2.704,0.50946915,0.4822,0.2474,0.7242,0.3962,0.569,0.10553436,0.1003,0.02598,0.2075,0.06476,0.1296,0.14925757,0.1443,0.03002,0.3372,0.08484,0.1895,0.19576066,0.311,0.1285,0.5438,0.2346,0.3774,0.76694163,0.7618,0.5376,0.9423,0.6926,0.84
94,independent,24,5931,5.6349524,5.424,4.209,6.818,4.953,5.849,0.56654205,0.5056,0.3304,0.6993,0.4391,0.5678,0.11788935,0.09799,0.03934,0.1687,0.07473,0.1188,0.11606202,0.124,0.03159,0.2535,0.08054,0.1605,0.56817399,0.5833,0.4148,0.7624,0.5215,0.6424,0.7815819,0.6752,0.5264,0.8408,0.62,0.7271
3779,independent,74,1185,3.1681736,3.19,2.269,4.246,2.84,3.512,0.33859746,0.5229,0.2847,0.7552,0.4372,0.6092,0.035285132,0.04632,0.01208,0.09719,0.02997,0.05939,0.058861332,0.1182,0.02316,0.2874,0.06752,0.1547,0.086598081,0.1837,0.07918,0.3167,0.1407,0.2209,0.71548482,0.7932,0.6196,0.944,0.7367,0.854
5154,independent,7,5039,4.6326463,4.531,3.303,5.997,4.052,4.973,0.19988502,0.3195,0.1455,0.5494,0.2435,0.3842,0.066838501,0.1081,0.04995,0.1753,0.08514,0.1293,0.044442315,0.1252,0.03398,0.2454,0.08505,0.1598,0.28308172,0.5104,0.3438,0.7005,0.4455,0.5721,0.70351872,0.7939,0.6398,0.9396,0.7399,0.8492
1993,independent,88,3508,5.4978383,5.172,4.009,6.502,4.735,5.585,0.57492487,0.5245,0.3186,0.7366,0.4497,0.5984,0.11649323,0.08586,0.03051,0.15,0.06361,0.1064,0.36818303,0.2652,0.07714,0.478,0.1903,0.3365,0.4209403,0.449,0.2874,0.6323,0.3878,0.5061,0.83912735,0.8214,0.6709,0.9527,0.7714,0.8742
3882,independent,56,7419,7.2397711,6.503,4.978,8.3,5.908,7.046,0.16352701,0.2376,0.146,0.3486,0.201,0.2701,0.28999778,0.1493,0.03202,0.3379,0.08661,0.1979,0.010733735,0.0294,0.00785,0.06091,0.01908,0.03782,0.37257752,0.4551,0.2696,0.6672,0.3847,0.52,0.31058158,0.242,0.1179,0.3501,0.2025,0.2833
65,independent,108,5913,3.9827438,3.75,2.87,4.756,3.423,4.053,0.48677672,0.4591,0.2183,0.7137,0.3689,0.5478,0.04862753,0.04273,0.01295,0.08284,0.02953,0.05392,0.16062993,0.1796,0.03755,0.4066,0.1069,0.2372,0.36297698,0.3694,0.2156,0.5456,0.3108,0.4241,0.9205948,0.8957,0.7713,0.9793,0.8614,0.9371
859,independent,120,1855,5.7728847,5.833,4.494,7.414,5.313,6.305,0.42042594,0.4233,0.2813,0.5794,0.3695,0.4737,0.041897823,0.1013,0.02971,0.2003,0.06872,0.128,0.096317469,0.08244,0.03057,0.1429,0.06171,0.1015,0.61157617,0.481,0.2761,0.7171,0.3979,0.558,0.24194377,0.2413,0.1054,0.3685,0.1942,0.2892
159,independent,26,6680,5.9665954,5.975,4.698,7.406,5.494,6.422,0.65087218,0.5605,0.3724,0.7608,0.491,0.6289,0.048825785,0.05441,0.01423,0.1158,0.03522,0.06934,0.15771723,0.1076,0.04295,0.1846,0.08185,0.1309,0.52769235,0.5897,0.3941,0.7966,0.5178,0.6611,0.36255872,0.4137,0.2803,0.5428,0.3709,0.4582
4863,independent,142,6393,6.0681576,5.686,4.284,7.325,5.138,6.187,0.27008365,0.377,0.22,0.5649,0.3141,0.4338,0.12875101,0.1941,0.08276,0.3183,0.1524,0.2343,0.15978219,0.1601,0.06742,0.2676,0.1242,0.1931,0.48672745,0.4891,0.2929,0.7098,0.4135,0.5594,0.49296446,0.4991,0.3608,0.6384,0.4526,0.5455
2486,independent,126,1704,5.7203944,5.998,4.56,7.716,5.438,6.498,0.40700564,0.4226,0.234,0.6256,0.3514,0.4899,0.12676853,0.108,0.03851,0.187,0.08123,0.1333,0.14572797,0.1243,0.03807,0.233,0.08762,0.1569,0.39375023,0.4368,0.2598,0.6473,0.3648,0.502,0.65459295,0.7061,0.5665,0.8606,0.6518,0.7562
145,independent,38,4145,5.1604792,5.384,4.159,6.802,4.902,5.819,0.50858157,0.4574,0.2863,0.6525,0.3915,0.5187,0.087614715,0.1015,0.03459,0.1828,0.0743,0.126,0.045513196,0.0749,0.0182,0.1602,0.04748,0.09754,0.53687042,0.5868,0.3911,0.7896,0.5147,0.6575,0.6412791,0.6247,0.4769,0.787,0.5708,0.6762
4033,independent,71,6353,5.5641967,5.442,4.202,6.859,4.965,5.888,0.66801247,0.5628,0.3811,0.7531,0.497,0.6268,0.110025,0.09159,0.03575,0.154,0.0698,0.1117,0.090924059,0.07668,0.01834,0.1627,0.04903,0.09884,0.57164961,0.4152,0.2525,0.6078,0.3509,0.4745,0.66295496,0.6653,0.5226,0.8231,0.6134,0.7145
2316,independent,151,1852,6.6631175,6.622,4.951,8.555,5.987,7.208,0.40480041,0.4609,0.3162,0.6238,0.4043,0.5142,0.027969002,0.05425,0.01663,0.1039,0.03794,0.06806,0.098635553,0.09841,0.03634,0.1702,0.07485,0.1202,0.41941192,0.3808,0.2191,0.5876,0.313,0.4402,0.37210391,0.3633,0.2367,0.4752,0.3245,0.4045
349,independent,141,1958,3.233135,3.943,2.984,5.019,3.593,4.276,0.46804668,0.4017,0.2616,0.5621,0.3474,0.4507,0.18996154,0.09293,0.01935,0.2202,0.05338,0.1223,0.05577724,0.07507,0.01946,0.1526,0.04917,0.09653,0.62366653,0.5458,0.32,0.7765,0.4648,0.627,0.35148395,0.2651,0.09984,0.4409,0.2044,0.3243
391,independent,13,1327,7.0180406,6.859,5.424,8.55,6.302,7.362,0.5324737,0.5355,0.3634,0.7225,0.4714,0.5961,0.07205847,0.06744,0.01589,0.1475,0.04134,0.08817,0.074759189,0.04105,0.009372,0.09091,0.02505,0.05338,0.49987943,0.4808,0.2555,0.7356,0.3915,0.5635,0.37205592,0.3584,0.2326,0.47,0.319,0.3999
3795,independent,143,60,3.2612116,3.129,2.127,4.365,2.725,3.488,0.29307,0.3841,0.2169,0.5817,0.3169,0.4461,0.072775303,0.09198,0.02357,0.1977,0.05846,0.1188,0.17614749,0.1007,0.02791,0.2003,0.06716,0.1278,0.55573814,0.4002,0.1638,0.6874,0.2994,0.4907,0.10890126,0.2402,0.07793,0.4268,0.1744,0.3005
336,independent,13,3982,6.879021,7.219,5.694,9.062,6.633,7.757,0.47722042,0.5823,0.4371,0.7356,0.5307,0.6329,0.058529923,0.05802,0.018,0.1079,0.04053,0.07338,0.082280857,0.1116,0.03405,0.2037,0.07992,0.1409,0.48706259,0.5451,0.3234,0.7747,0.4635,0.6253,0.41420141,0.4549,0.3372,0.5697,0.4157,0.4942
5613,independent,53,129,6.3768981,5.65,4.296,7.223,5.129,6.13,0.65445068,0.5625,0.3656,0.7616,0.492,0.6323,0.15982556,0.1416,0.0551,0.2372,0.1092,0.1722,0.13296781,0.1709,0.06442,0.2895,0.1308,0.208,0.43715616,0.4839,0.2785,0.7121,0.404,0.5587,0.52068102,0.5991,0.4528,0.7534,0.5479,0.65
5074,independent,113,4661,5.8030989,6.528,5.012,8.267,5.942,7.071,0.38932778,0.3675,0.2333,0.5198,0.3157,0.4158,0.085688444,0.1319,0.03619,0.254,0.08969,0.1686,0.091327152,0.1134,0.04299,0.1895,0.08706,0.1382,0.40673818,0.5176,0.3133,0.7371,0.4414,0.591,0.4272209,0.3974,0.2597,0.5254,0.3541,0.4425
2902,independent,131,3326,5.2697852,5.442,4.117,6.913,4.946,5.903,0.58687462,0.5498,0.3675,0.7465,0.4823,0.6148,0.052031992,0.05929,0.01763,0.1123,0.04143,0.07484,0.30666005,0.1771,0.05296,0.3365,0.1242,0.2228,0.25538689,0.262,0.1386,0.4093,0.2124,0.3063,0.36089382,0.5094,0.3766,0.6426,0.4648,0.554
275,independent,11,1474,5.4510569,4.445,3.231,5.894,3.963,4.877,0.44610014,0.4162,0.2386,0.6285,0.3443,0.4815,0.22224777,0.137,0.05605,0.2246,0.1067,0.166,0.21622025,0.07823,0.01695,0.1844,0.0456,0.1023,0.45139176,0.4304,0.2608,0.6234,0.3651,0.4912,0.70786302,0.7805,0.6238,0.9294,0.7241,0.8378
537,independent,153,2894,4.6878591,4.193,2.865,5.846,3.664,4.653,0.29671015,0.3405,0.1631,0.5539,0.2688,0.4047,0.026575093,0.1019,0.02672,0.2114,0.06653,0.1309,0.055507063,0.1712,0.06196,0.2922,0.1301,0.2095,0.31608389,0.4143,0.2281,0.6381,0.3392,0.4827,0.39448953,0.3204,0.1477,0.4847,0.2624,0.3793
4733,independent,155,119,4.6521119,4.886,3.524,6.475,4.364,5.363,0.41387242,0.4521,0.3011,0.6306,0.3937,0.5057,0.035527236,0.05461,0.01527,0.1117,0.03596,0.06965,0.011790889,0.05321,0.01282,0.1141,0.03357,0.06903,0.37552076,0.4286,0.2428,0.6596,0.3517,0.498,0.48854334,0.4631,0.3309,0.5954,0.4194,0.5072
3371,independent,61,1147,5.6259033,5.537,4.328,6.89,5.089,5.956,0.50493005,0.4245,0.247,0.622,0.3572,0.4881,0.098398632,0.09036,0.02424,0.1826,0.05944,0.1163,0.11242325,0.08178,0.02559,0.1514,0.05782,0.1031,0.83284856,0.6776,0.4937,0.8534,0.6122,0.7446,0.5296753,0.541,0.399,0.6916,0.4917,0.5883
279,independent,44,3769,1.8573254,2.258,1.382,3.227,1.938,2.558,0.57029025,0.4165,0.2128,0.6453,0.3356,0.4923,0.029161034,0.1081,0.0235,0.2501,0.0632,0.1425,0.2117621,0.1667,0.04096,0.3482,0.1058,0.2168,0.864636,0.5191,0.2751,0.7841,0.4244,0.6109,0.67159495,0.5995,0.3244,0.8627,0.5076,0.6945
134,independent,17,618,7.7372506,6.509,4.976,8.247,5.927,7.045,0.57809651,0.5066,0.3376,0.6968,0.4417,0.5674,0.10985071,0.08879,0.04026,0.144,0.07028,0.1059,0.078127853,0.09802,0.03368,0.1745,0.07179,0.1217,0.41479421,0.466,0.2872,0.664,0.3981,0.5301,0.53295102,0.455,0.3351,0.5692,0.4169,0.4936
465,independent,21,5825,4.3013286,3.776,2.704,5.023,3.358,4.16,0.44195549,0.444,0.2594,0.6536,0.3719,0.5121,0.075029624,0.1411,0.03854,0.2757,0.09628,0.1793,0.038503934,0.05041,0.01144,0.1151,0.03038,0.06525,0.26701199,0.363,0.1904,0.5749,0.2934,0.4249,0.52651228,0.4356,0.2552,0.6099,0.3767,0.4953
3081,independent,10,2055,6.2675645,6.744,5.265,8.454,6.174,7.266,0.29197701,0.409,0.236,0.6093,0.3408,0.4718,0.14158178,0.1852,0.1129,0.2609,0.1599,0.2102,0.15220031,0.07633,0.02093,0.1513,0.05164,0.09738,0.5551222,0.4719,0.324,0.6427,0.4135,0.5247,0.82550982,0.8464,0.713,0.9601,0.8019,0.8947
548,independent,123,7348,2.147591,1.917,1.007,2.945,1.575,2.234,0.36216436,0.3421,0.1534,0.588,0.2605,0.414,0.06518587,0.1153,0.02422,0.2751,0.06668,0.1521,0.066647115,0.09473,0.02289,0.2107,0.05822,0.1231,0.44543184,0.567,0.3035,0.8199,0.4733,0.6632,0.42325592,0.4226,0.156,0.7206,0.3226,0.515
6430,independent,68,1357,4.3653995,3.903,2.716,5.293,3.443,4.32,0.39694984,0.4453,0.2495,0.6679,0.3691,0.5164,0.04066479,0.06492,0.0146,0.1452,0.0397,0.08427,0.24608749,0.21,0.07847,0.3665,0.1589,0.257,0.44089413,0.3849,0.2238,0.5758,0.3218,0.4434,0.43905544,0.5027,0.3209,0.6878,0.4406,0.5632
6137,independent,68,5004,5.2572769,4.344,3.127,5.789,3.866,4.769,0.40399824,0.4083,0.2379,0.611,0.3384,0.4712,0.069925166,0.1113,0.03303,0.2179,0.07762,0.1394,0.18345815,0.1506,0.05734,0.2575,0.1148,0.1841,0.4691665,0.4492,0.2546,0.6781,0.3717,0.5203,0.42400688,0.4511,0.2781,0.6236,0.3936,0.5095
3207,independent,42,4122,7.2441542,7.012,5.408,8.893,6.395,7.579,0.69120732,0.4713,0.3234,0.6425,0.414,0.525,0.16380249,0.104,0.0391,0.1783,0.07886,0.1269,0.046783824,0.09973,0.02906,0.1871,0.06964,0.1261,0.48773834,0.5228,0.3283,0.7372,0.4498,0.5929,0.60327138,0.5917,0.4833,0.7128,0.5533,0.6275
3986,independent,144,7336,3.4105349,3.171,2.322,4.09,2.857,3.47,0.54640422,0.6545,0.4634,0.8305,0.5894,0.7231,0.010124475,0.05102,0.01162,0.1153,0.03107,0.06635,0.085805922,0.1352,0.03464,0.2788,0.08772,0.1738,0.53061085,0.5331,0.3204,0.7515,0.4543,0.6109,0.6080298,0.5219,0.3001,0.74,0.4475,0.5969
1786,independent,84,4942,5.7608116,5.993,4.636,7.551,5.467,6.476,0.54951985,0.533,0.3304,0.7488,0.4569,0.6058,0.19862516,0.1365,0.05938,0.2159,0.109,0.1634,0.20108763,0.1133,0.02959,0.2286,0.0753,0.1455,0.58936969,0.5367,0.3308,0.7532,0.4583,0.6131,0.72041713,0.7209,0.5855,0.8686,0.6711,0.7685
499,independent,79,6917,3.27551,2.908,1.926,4.066,2.532,3.249,0.37784177,0.3872,0.1698,0.6579,0.2931,0.4689,0.034830744,0.08545,0.02057,0.1925,0.05245,0.1112,0.14956333,0.1515,0.04091,0.3008,0.1027,0.1926,0.57313646,0.5561,0.3568,0.7664,0.4831,0.6274,0.68857049,0.6684,0.4573,0.8766,0.5954,0.7429
264,independent,62,3713,5.4994969,4.305,3.13,5.608,3.863,4.716,0.62981256,0.5318,0.3423,0.7293,0.4643,0.5984,0.14636304,0.09443,0.0268,0.1823,0.06494,0.1204,0.089890949,0.1447,0.0323,0.3116,0.08994,0.1888,0.28083214,0.2454,0.1169,0.4054,0.1937,0.2917,0.65934369,0.636,0.4754,0.8088,0.5784,0.6909
257,independent,2,1745,5.6541375,5.146,3.95,6.538,4.68,5.571,0.47993062,0.4735,0.3033,0.6613,0.4083,0.5345,0.084066185,0.06031,0.01379,0.1365,0.03622,0.07834,0.19488185,0.1446,0.04921,0.257,0.1067,0.1787,0.57576799,0.415,0.2233,0.6391,0.3401,0.4846,0.48877777,0.4361,0.2804,0.5912,0.3851,0.4875
320,independent,26,1514,6.4471289,6.525,5.115,8.117,5.981,7.028,0.41078056,0.4744,0.2934,0.6738,0.406,0.5396,0.097005295,0.1034,0.03487,0.1854,0.07585,0.1285,0.15573167,0.1605,0.08785,0.2429,0.1333,0.1853,0.50725531,0.6394,0.4324,0.8409,0.5678,0.7122,0.40535943,0.4865,0.3622,0.6093,0.4463,0.5263
5202,independent,26,6929,5.5592157,7.349,5.702,9.215,6.725,7.946,0.67768049,0.5313,0.3676,0.7128,0.4694,0.5908,0.083427361,0.08492,0.02567,0.1614,0.05882,0.1076,0.15960649,0.216,0.1051,0.3339,0.1749,0.2551,0.61740441,0.4288,0.2509,0.6264,0.3609,0.4929,0.30193261,0.4428,0.3277,0.5507,0.4066,0.4806
106,independent,68,1625,6.0442863,4.364,3.281,5.596,3.959,4.745,0.39565272,0.496,0.3074,0.6996,0.4259,0.5628,0.069190526,0.06951,0.0187,0.1421,0.04523,0.08966,0.26648385,0.2732,0.1072,0.4485,0.2127,0.332,0.35102883,0.47,0.2692,0.6936,0.3931,0.5439,0.49321928,0.5027,0.3168,0.6914,0.4404,0.5652
5305,independent,16,5846,5.4635234,6.158,4.894,7.619,5.671,6.607,0.62719144,0.468,0.2697,0.6907,0.3918,0.5398,0.039254773,0.03592,0.01218,0.06347,0.02639,0.04473,0.19684933,0.1836,0.05206,0.3456,0.1276,0.2335,0.57593018,0.5283,0.3698,0.7048,0.47,0.5835,0.77395887,0.8723,0.7441,0.9718,0.8326,0.9173
143,independent,144,4219,4.4268329,5.114,3.92,6.49,4.658,5.536,0.63214831,0.591,0.4107,0.7774,0.5245,0.6555,0.027251961,0.05051,0.01283,0.1078,0.03187,0.06503,0.070571941,0.07865,0.02079,0.1591,0.05182,0.1006,0.38907577,0.4089,0.2402,0.6196,0.3393,0.4715,0.51909301,0.4562,0.3187,0.5945,0.4101,0.5027
4473,independent,29,2222,5.9921162,5.433,4.173,6.967,4.946,5.87,0.37012948,0.3226,0.1657,0.5117,0.259,0.38,0.078528477,0.08681,0.0275,0.1607,0.06186,0.1092,0.07120745,0.06115,0.01545,0.1271,0.03973,0.07847,0.49382538,0.5429,0.3879,0.7148,0.4847,0.5984,0.79606189,0.8324,0.6923,0.9551,0.7847,0.8831
5705,independent,93,3284,3.8544153,3.746,2.67,5.025,3.322,4.127,0.3014348,0.2947,0.1704,0.451,0.2438,0.3399,0.060809984,0.0934,0.02031,0.2197,0.05377,0.1225,0.023690134,0.08515,0.02662,0.1606,0.06036,0.1064,0.28602704,0.4707,0.2368,0.7316,0.3796,0.5566,0.300227,0.2437,0.08627,0.4151,0.1837,0.3013
6138,independent,44,6376,1.8159008,1.997,1.107,3.077,1.647,2.32,0.5439761,0.4263,0.2088,0.6741,0.34,0.5068,0.055806411,0.07362,0.0154,0.1822,0.04142,0.09613,0.24304682,0.1814,0.04103,0.3906,0.1125,0.2378,0.67523886,0.4831,0.244,0.755,0.3862,0.5754,0.86447595,0.581,0.2893,0.8635,0.4813,0.683
212,independent,14,3623,4.1481725,4.316,3.043,5.853,3.817,4.768,0.32179595,0.4345,0.2516,0.6421,0.3635,0.5003,0.071033604,0.07897,0.0209,0.1612,0.05157,0.1016,0.10158768,0.1834,0.0552,0.3478,0.1286,0.2323,0.31900286,0.4188,0.2349,0.6491,0.3419,0.488,0.52578678,0.4922,0.324,0.6598,0.4379,0.5473
7086,independent,12,6921,4.4616797,4.179,3.132,5.402,3.785,4.541,0.38319913,0.426,0.2594,0.6034,0.3637,0.4846,0.094148207,0.1262,0.03116,0.271,0.08009,0.1639,0.14988749,0.08571,0.0238,0.1668,0.05771,0.1092,0.74073798,0.623,0.4082,0.8281,0.5469,0.7007,0.40165554,0.4039,0.2335,0.5735,0.3458,0.4612
5514,independent,76,7567,2.9381243,2.671,1.739,3.761,2.313,2.995,0.40901743,0.4613,0.2419,0.703,0.3769,0.5411,0.090472201,0.1011,0.02228,0.2266,0.06119,0.132,0.24497433,0.2274,0.06134,0.4347,0.1562,0.2891,0.38615282,0.3742,0.1731,0.6204,0.2931,0.4474,0.70925181,0.4637,0.2247,0.722,0.3785,0.5463
6290,independent,140,2395,8.0903014,8.039,6.338,10.03,7.382,8.649,0.62046921,0.4942,0.3116,0.6987,0.4241,0.5586,0.12416288,0.1051,0.0316,0.1945,0.07465,0.1329,0.19493337,0.1971,0.1141,0.2809,0.1679,0.2255,0.65791938,0.5445,0.3271,0.7764,0.4615,0.624,0.29977587,0.3058,0.1733,0.4212,0.2646,0.3502
394,independent,116,4206,5.4411578,5.513,4.072,7.208,4.955,6.022,0.54956637,0.382,0.2083,0.5834,0.3143,0.4448,0.12666538,0.116,0.03585,0.2206,0.08092,0.1465,0.082579461,0.07866,0.02185,0.1546,0.05328,0.1005,0.43776656,0.4962,0.3353,0.6782,0.4338,0.554,0.52992579,0.531,0.39,0.6782,0.4831,0.5771
103,independent,108,4216,4.4784245,3.609,2.588,4.818,3.208,3.965,0.23962291,0.457,0.2499,0.6832,0.3784,0.5322,0.061389135,0.07257,0.02002,0.1448,0.04841,0.09273,0.098790025,0.1215,0.02519,0.2806,0.0719,0.1596,0.24421745,0.4645,0.2814,0.6786,0.3926,0.5298,0.76164387,0.7476,0.5666,0.9209,0.6848,0.8124
215,independent,101,4343,2.9415752,2.846,1.862,3.994,2.473,3.192,0.40841767,0.4509,0.2684,0.6515,0.3816,0.5164,0.1662177,0.1481,0.03354,0.3152,0.09235,0.1941,0.09375854,0.1141,0.02821,0.2423,0.0726,0.147,0.36153402,0.4087,0.1895,0.6669,0.3199,0.4901,0.22299699,0.3279,0.1218,0.5409,0.2545,0.4001
5841,independent,71,571,5.827115,6.184,4.799,7.758,5.659,6.677,0.7514459,0.5432,0.3356,0.758,0.4677,0.6169,0.12242615,0.1442,0.06718,0.2294,0.1155,0.1717,0.14404664,0.1618,0.06607,0.266,0.1255,0.1962,0.56067241,0.6485,0.457,0.8355,0.5817,0.716,0.686792,0.6548,0.5145,0.8109,0.6032,0.703
6239,independent,111,2958,5.3351365,3.97,2.873,5.227,3.549,4.366,0.6698045,0.511,0.3156,0.7196,0.4386,0.5818,0.2505407,0.1591,0.05147,0.2845,0.1169,0.1984,0.19191193,0.09911,0.02484,0.2069,0.06275,0.1288,0.40339063,0.3647,0.1776,0.5809,0.291,0.4321,0.6230012,0.6551,0.4796,0.8391,0.5928,0.7158
1120,independent,143,4665,3.4221756,3.441,2.485,4.501,3.082,3.785,0.30563817,0.307,0.1673,0.4757,0.2516,0.3562,0.11831891,0.1415,0.02999,0.3301,0.08351,0.1853,0.02015114,0.04519,0.01051,0.1015,0.02735,0.05897,0.33673902,0.5182,0.2692,0.7708,0.4278,0.608,0.19907614,0.3019,0.1196,0.4969,0.2339,0.3667
1487,independent,85,7346,7.4307667,6.569,4.965,8.45,5.957,7.135,0.32986956,0.5079,0.3298,0.6972,0.4421,0.5713,0.12686941,0.2152,0.125,0.3037,0.1836,0.2467,0.17625036,0.143,0.05462,0.239,0.1106,0.1735,0.3857487,0.4394,0.2692,0.6381,0.3713,0.502,0.60285306,0.6985,0.5663,0.8464,0.6492,0.7444
2267,independent,98,1903,2.1982299,2.13,1.372,2.945,1.854,2.393,0.43550386,0.5807,0.3401,0.8009,0.5002,0.6642,0.024384129,0.06478,0.01479,0.1493,0.03914,0.08404,0.1774569,0.1393,0.02612,0.3426,0.07815,0.184,0.47294545,0.2924,0.119,0.5456,0.214,0.357,0.90529882,0.794,0.5723,0.9533,0.7318,0.8689
11,independent,31,5152,2.8099195,3.676,2.802,4.615,3.356,3.982,0.68271146,0.5729,0.3523,0.7831,0.4973,0.6498,0.012819161,0.0422,0.01127,0.088,0.02725,0.05451,0.097391017,0.1137,0.02252,0.2859,0.06315,0.1494,0.2133587,0.2741,0.142,0.4352,0.2207,0.3224,0.74972579,0.8546,0.7059,0.9674,0.8102,0.9062
226,independent,109,6119,4.3879924,3.965,2.871,5.285,3.53,4.353,0.36088237,0.3633,0.1752,0.5864,0.2876,0.4321,0.15225477,0.1306,0.03439,0.261,0.08708,0.1677,0.085842816,0.07045,0.01817,0.1482,0.04545,0.09022,0.50602179,0.471,0.2799,0.6948,0.3955,0.5407,0.69240527,0.7296,0.5518,0.9111,0.6657,0.7942
536,independent,18,7394,4.7437982,4.837,3.775,6.043,4.44,5.206,0.51616156,0.5623,0.3576,0.7714,0.4887,0.6355,0.087361593,0.08946,0.02464,0.1768,0.06021,0.1149,0.094881663,0.1115,0.02611,0.2343,0.07129,0.1445,0.50919708,0.5531,0.3672,0.7519,0.4834,0.6191,0.7719497,0.6023,0.4355,0.7765,0.5431,0.6589
68,independent,114,1389,5.6280834,5.403,4.127,6.778,4.933,5.851,0.71617475,0.5871,0.3804,0.7901,0.514,0.6613,0.18523636,0.1799,0.0881,0.2771,0.1466,0.2121,0.10185759,0.1658,0.06057,0.2832,0.1255,0.2039,0.43567817,0.478,0.3169,0.6608,0.4179,0.5343,0.73073555,0.6915,0.539,0.8555,0.6366,0.7438
287,independent,159,5394,1.9575667,1.74,0.895,2.651,1.429,2.036,0.40812483,0.4952,0.2552,0.7351,0.4106,0.5795,0.080291163,0.09515,0.02164,0.2129,0.05859,0.123,0.21410993,0.1526,0.02973,0.3616,0.08611,0.2016,0.29199107,0.2461,0.07855,0.5005,0.1665,0.3102,0.6556571,0.7236,0.447,0.9362,0.6414,0.8174
3932,independent,70,2501,5.9116651,5.704,4.367,7.263,5.185,6.178,0.53182225,0.5387,0.3678,0.7205,0.4752,0.5998,0.1022603,0.08845,0.02348,0.1763,0.05852,0.114,0.051681923,0.05726,0.01395,0.1222,0.03638,0.07426,0.34399586,0.4501,0.2807,0.6534,0.3833,0.5113,0.39408416,0.4783,0.3512,0.6028,0.4358,0.5209
2575,independent,83,3520,6.1705315,7.216,5.627,9.079,6.601,7.775,0.44395813,0.3937,0.2338,0.5843,0.3283,0.4527,0.15262666,0.2209,0.1287,0.3155,0.1877,0.2531,0.037775347,0.05711,0.01363,0.125,0.03527,0.07437,0.51794329,0.4915,0.3235,0.6807,0.4279,0.5513,0.7002852,0.7617,0.6231,0.9105,0.7088,0.813
1457,independent,47,115,6.201297,6.486,4.832,8.376,5.855,7.07,0.50102732,0.3821,0.2159,0.5786,0.3164,0.442,0.15651859,0.1846,0.08965,0.2862,0.1501,0.2174,0.20315393,0.2019,0.103,0.3,0.1691,0.2351,0.46087788,0.5322,0.3402,0.7418,0.4597,0.6005,0.54663764,0.4977,0.3657,0.6343,0.4531,0.5414
4065,independent,120,5778,6.4715906,6.432,5.029,8.072,5.882,6.945,0.4840597,0.5825,0.4277,0.7439,0.5258,0.6373,0.083899817,0.137,0.04831,0.2409,0.1016,0.1692,0.069160014,0.06373,0.02238,0.1121,0.0472,0.07868,0.65470452,0.5612,0.3248,0.8035,0.4722,0.6493,0.41657922,0.3142,0.1743,0.4424,0.2675,0.3621
97,independent,141,260,2.6974507,3.622,2.566,4.802,3.222,4.0,0.38703395,0.2457,0.1134,0.4204,0.1877,0.2954,0.082381552,0.1085,0.02347,0.2527,0.06417,0.1415,0.067327342,0.1119,0.03968,0.1954,0.0836,0.1376,0.6467124,0.5676,0.318,0.8131,0.4795,0.6582,0.21174453,0.2522,0.08748,0.4341,0.19,0.3102
4464,independent,27,2991,7.5679605,7.469,5.828,9.369,6.842,8.04,0.65478294,0.6033,0.4276,0.7835,0.5409,0.6657,0.13967388,0.1311,0.06143,0.202,0.1061,0.1558,0.1768902,0.1373,0.04667,0.2512,0.09985,0.1704,0.5238937,0.4515,0.2781,0.6556,0.384,0.5133,0.53356127,0.559,0.4448,0.6802,0.5197,0.597
47,independent,59,3973,3.4424349,3.515,2.521,4.637,3.138,3.869,0.68449549,0.6002,0.3979,0.7976,0.5294,0.6715,0.045581191,0.09197,0.02714,0.1795,0.06327,0.1164,0.013417404,0.0934,0.01856,0.2414,0.05153,0.1213,0.34247063,0.3523,0.1735,0.5873,0.2768,0.4174,0.59562371,0.666,0.4812,0.8584,0.6001,0.7309
350,independent,58,5352,5.4037621,6.841,5.255,8.666,6.226,7.406,0.4759372,0.5372,0.32,0.7587,0.4594,0.6143,0.071502519,0.1057,0.0482,0.1677,0.08457,0.1257,0.24185951,0.2198,0.09364,0.3515,0.1742,0.2644,0.58055383,0.4464,0.2626,0.6586,0.3731,0.5142,0.8025182,0.7673,0.6339,0.9112,0.7177,0.8162
576,independent,70,3746,6.092384,6.179,4.738,7.785,5.642,6.677,0.60671073,0.591,0.4131,0.7668,0.5287,0.6536,0.143488,0.0943,0.02909,0.1726,0.06734,0.1187,0.1020584,0.169,0.09546,0.2488,0.1426,0.1946,0.42470906,0.4745,0.2923,0.68,0.4053,0.5398,0.35078946,0.3393,0.1988,0.4678,0.2935,0.3868
5065,independent,3,6710,7.7425926,7.25,5.569,9.232,6.593,7.847,0.52278104,0.5052,0.2931,0.7319,0.4239,0.5851,0.11859592,0.0976,0.03801,0.1629,0.0754,0.119,0.1827102,0.2839,0.1099,0.458,0.223,0.3441,0.32208969,0.2549,0.1422,0.3956,0.2087,0.2958,0.68550471,0.634,0.5272,0.7544,0.5937,0.6713
3503,independent,44,1021,1.7880631,1.992,1.15,2.931,1.676,2.286,0.67233468,0.4336,0.222,0.6717,0.3509,0.5114,0.020002439,0.07891,0.01817,0.1803,0.04705,0.103,0.29009079,0.1549,0.03254,0.3494,0.09178,0.2047,0.70498625,0.5153,0.2876,0.7563,0.4327,0.5965,0.93372928,0.7714,0.5345,0.9497,0.7013,0.8535
1884,independent,79,2097,4.6317417,3.421,2.374,4.643,3.027,3.786,0.2797022,0.4267,0.1973,0.6818,0.3364,0.5106,0.14315895,0.1453,0.04405,0.2712,0.1015,0.1846,0.20988696,0.2785,0.1261,0.4423,0.2236,0.3321,0.46981297,0.5655,0.3379,0.7905,0.4865,0.6454,0.56851509,0.6466,0.4458,0.8449,0.5776,0.7161
3860,independent,89,2060,4.7694175,4.94,3.707,6.352,4.475,5.373,0.47365876,0.4722,0.3064,0.6547,0.4098,0.5313,0.05894303,0.06431,0.01697,0.1329,0.04173,0.08262,0.13671248,0.1009,0.02102,0.2321,0.05906,0.1329,0.47769521,0.4096,0.2695,0.5767,0.3556,0.4594,0.69456476,0.6792,0.5305,0.845,0.6229,0.7325
189,independent,123,3038,1.5002029,1.93,0.9077,3.118,1.54,2.294,0.35824538,0.3473,0.1602,0.5768,0.2719,0.4154,0.016522581,0.1337,0.0299,0.3018,0.08017,0.1746,0.11339625,0.1326,0.03002,0.2884,0.08143,0.1725,0.45057473,0.4276,0.1914,0.7046,0.3305,0.5146,0.50962467,0.5058,0.2297,0.7869,0.4096,0.6006
2565,independent,86,25,3.3771062,2.51,1.426,3.793,2.094,2.89,0.5195703,0.4369,0.2144,0.6805,0.3509,0.5199,0.20365433,0.153,0.03507,0.3285,0.09436,0.2003,0.18119494,0.1488,0.03503,0.3101,0.09519,0.1933,0.53193861,0.4378,0.2162,0.6853,0.352,0.5178,0.63095885,0.5336,0.2785,0.791,0.4479,0.619
4909,independent,7,3434,4.4651987,4.331,3.141,5.763,3.865,4.758,0.32247054,0.4559,0.2595,0.6725,0.382,0.527,0.18247442,0.07945,0.02343,0.1541,0.05429,0.1012,0.096105626,0.1131,0.03423,0.2205,0.07849,0.1426,0.32571188,0.3802,0.1906,0.6296,0.3008,0.4484,0.73761509,0.5875,0.4207,0.7663,0.5282,0.6447
6158,independent,69,3048,3.9731378,4.345,3.153,5.79,3.872,4.769,0.52124,0.5132,0.3325,0.7068,0.4462,0.5779,0.2158025,0.1526,0.04974,0.273,0.1108,0.1908,0.069660958,0.06368,0.01575,0.1383,0.03976,0.08244,0.38767363,0.4392,0.2159,0.6996,0.3494,0.5238,0.47841914,0.5663,0.3797,0.7732,0.4984,0.6301
4359,independent,70,4683,6.1698342,5.353,4.106,6.79,4.883,5.792,0.39474211,0.4384,0.2867,0.6191,0.3775,0.4955,0.088730731,0.08492,0.02205,0.1738,0.05534,0.1097,0.086665925,0.08472,0.02516,0.1606,0.05978,0.1065,0.43305681,0.603,0.4084,0.8107,0.5294,0.6743,0.45570311,0.5074,0.3745,0.6416,0.4637,0.5515
571,independent,57,4606,3.3938712,4.019,2.948,5.234,3.617,4.393,0.69280804,0.4958,0.2979,0.7041,0.4221,0.5673,0.063897827,0.07712,0.02077,0.1558,0.05131,0.09881,0.10383276,0.1237,0.0367,0.2373,0.08672,0.1554,0.53878467,0.477,0.2928,0.6822,0.4066,0.5424,0.67685091,0.6082,0.4272,0.7985,0.5452,0.6697
85,independent,45,2250,4.1989423,4.144,3.08,5.321,3.75,4.516,0.57636301,0.4639,0.2873,0.653,0.3978,0.5269,0.24972246,0.2137,0.1052,0.3308,0.1737,0.252,0.10188803,0.09841,0.0242,0.2089,0.06387,0.1263,0.58344745,0.5467,0.325,0.7839,0.4598,0.6296,0.83652111,0.7938,0.6219,0.9451,0.7371,0.8542
8116,independent,87,3418,6.3356173,5.688,4.269,7.372,5.133,6.184,0.43357449,0.4741,0.3235,0.6417,0.4181,0.5274,0.07442985,0.07935,0.02449,0.1496,0.05599,0.09989,0.15079694,0.1479,0.07133,0.2347,0.1189,0.175,0.36669353,0.3858,0.2174,0.5756,0.3209,0.446,0.32396074,0.351,0.1957,0.4949,0.3018,0.402
4211,independent,74,4025,3.0169188,4.228,3.078,5.55,3.794,4.636,0.52357405,0.4953,0.2879,0.7173,0.4172,0.5706,0.015931716,0.05714,0.01779,0.1081,0.03987,0.0724,0.13240842,0.1505,0.03164,0.3427,0.08907,0.1979,0.18558379,0.1728,0.0675,0.3097,0.1281,0.2111,0.7446105,0.73,0.5789,0.8917,0.6753,0.7827
4559,independent,61,6680,6.1762273,7.534,5.885,9.421,6.899,8.122,0.37665679,0.4697,0.2981,0.6708,0.3996,0.5328,0.036453529,0.05456,0.01457,0.1119,0.03546,0.0702,0.11331735,0.1231,0.06716,0.1843,0.1028,0.1425,0.65936758,0.5772,0.4066,0.7598,0.513,0.6381,0.49847224,0.5085,0.4115,0.6092,0.4744,0.5421
5594,independent,157,615,3.6781845,4.0,3.003,5.144,3.623,4.348,0.34360241,0.4742,0.257,0.7072,0.3919,0.553,0.049314026,0.0592,0.01772,0.1153,0.04016,0.07502,0.43232645,0.1902,0.03899,0.4368,0.1093,0.2533,0.35441655,0.3349,0.1948,0.5113,0.2784,0.3855,0.77420236,0.8512,0.6998,0.9659,0.8057,0.9038
1175,independent,124,4931,4.918423,3.996,2.93,5.259,3.582,4.367,0.42291641,0.4341,0.2411,0.6585,0.3569,0.5064,0.050174619,0.1015,0.02632,0.2104,0.06534,0.1308,0.022060917,0.06606,0.01518,0.1489,0.04044,0.08534,0.43399579,0.4823,0.278,0.715,0.4033,0.5569,0.38730755,0.4399,0.2695,0.6069,0.3851,0.4948
116,independent,23,641,1.9923983,2.676,1.615,3.91,2.269,3.06,0.35536123,0.4795,0.2678,0.7068,0.4013,0.5558,0.10313464,0.1477,0.04154,0.2907,0.1008,0.1875,0.24511505,0.1743,0.04347,0.3544,0.1136,0.2256,0.60520238,0.3666,0.15,0.64,0.2736,0.4486,0.34108536,0.4523,0.2048,0.7162,0.3678,0.5344
4029,independent,25,2128,5.6712045,5.698,4.198,7.468,5.12,6.215,0.67071141,0.5245,0.3431,0.7219,0.4571,0.5904,0.21071127,0.1777,0.08077,0.2776,0.1436,0.2115,0.14007236,0.1221,0.03805,0.2232,0.08733,0.1529,0.42010032,0.3257,0.1665,0.5294,0.2575,0.3853,0.4835027,0.379,0.2395,0.5084,0.334,0.4256
5587,independent,45,3552,4.5645029,5.154,3.851,6.627,4.672,5.602,0.49795289,0.4669,0.2766,0.6708,0.3973,0.5346,0.28825886,0.3118,0.1525,0.468,0.2572,0.367,0.16321042,0.2188,0.1096,0.3302,0.1803,0.2568,0.57701351,0.5679,0.3595,0.7821,0.4911,0.6429,0.63443291,0.4738,0.3075,0.6387,0.4199,0.528
4146,independent,115,6488,5.6105292,4.809,3.517,6.284,4.315,5.271,0.1975205,0.3235,0.1664,0.5082,0.2608,0.382,0.28876326,0.2799,0.09608,0.476,0.2107,0.3465,0.15566794,0.136,0.06826,0.207,0.1124,0.159,0.4321724,0.5469,0.3391,0.7619,0.4723,0.6209,0.31988984,0.2808,0.1203,0.4372,0.227,0.3355
220,independent,33,2694,7.9230955,8.207,6.365,10.32,7.506,8.863,0.56943329,0.51,0.3388,0.7013,0.4435,0.5723,0.19514915,0.1709,0.103,0.2397,0.1472,0.1941,0.20644572,0.2402,0.1644,0.3213,0.2122,0.2672,0.42711157,0.5415,0.3186,0.7846,0.4544,0.6238,0.35844547,0.3876,0.2606,0.4997,0.3495,0.429
5064,independent,34,3995,3.1102753,3.836,2.835,5.05,3.443,4.189,0.54115193,0.4673,0.2502,0.7032,0.3848,0.5457,0.011084471,0.02843,0.007373,0.06183,0.01811,0.03652,0.066264274,0.1365,0.02561,0.3393,0.075,0.1803,0.2868965,0.1991,0.1013,0.3224,0.1591,0.2343,0.88971567,0.8296,0.6756,0.959,0.7794,0.8848
6010,independent,159,4630,1.7890876,2.211,1.353,3.163,1.9,2.503,0.36098787,0.4584,0.232,0.6994,0.3727,0.5421,0.072358204,0.08186,0.02051,0.1767,0.0512,0.1057,0.20298053,0.1475,0.02964,0.3462,0.08532,0.195,0.31094827,0.3501,0.1653,0.6017,0.2687,0.4189,0.95362244,0.8112,0.5944,0.959,0.7522,0.8828
4646,independent,149,6070,3.9987361,3.458,2.548,4.491,3.117,3.78,0.39920892,0.3708,0.1598,0.6123,0.2883,0.4487,0.13572175,0.08341,0.02493,0.1599,0.05779,0.1058,0.058009328,0.1286,0.02792,0.2855,0.07794,0.1692,0.51641008,0.5474,0.3647,0.7506,0.4792,0.6124,0.92126455,0.8649,0.7185,0.9717,0.8217,0.9152
2922,independent,112,3166,5.8630657,5.394,4.227,6.776,4.949,5.801,0.44912974,0.5211,0.3434,0.7158,0.4534,0.586,0.093661698,0.0882,0.02207,0.183,0.05671,0.1142,0.13015944,0.1372,0.0483,0.2407,0.1023,0.1691,0.46444953,0.4385,0.2457,0.6531,0.3635,0.5086,0.41024949,0.3145,0.153,0.4668,0.2623,0.3685
959,independent,62,4528,6.6642074,5.882,4.511,7.454,5.352,6.368,0.44340119,0.507,0.3212,0.7076,0.4372,0.5756,0.19214036,0.1385,0.06535,0.2174,0.1117,0.1644,0.092361017,0.06989,0.01892,0.1426,0.04582,0.08992,0.23651206,0.4084,0.2413,0.5985,0.3437,0.4685,0.62542201,0.7205,0.5829,0.8686,0.6689,0.7699
2734,independent,103,6710,4.3256153,4.031,2.831,5.469,3.559,4.463,0.46722892,0.4165,0.2319,0.6317,0.3437,0.4842,0.15166074,0.1483,0.05252,0.2616,0.1101,0.1832,0.097330639,0.1048,0.02514,0.2263,0.06565,0.1355,0.41092846,0.4285,0.2499,0.6408,0.3577,0.4919,0.81406281,0.7421,0.5666,0.9148,0.6806,0.8041
411,independent,52,3499,6.4037214,6.681,5.266,8.268,6.155,7.184,0.5714472,0.5264,0.3172,0.7432,0.4506,0.6016,0.16924243,0.1571,0.09129,0.2232,0.1344,0.1801,0.087722789,0.113,0.02621,0.2355,0.07163,0.1475,0.63444063,0.5001,0.306,0.7181,0.4246,0.5717,0.79556968,0.8579,0.729,0.9652,0.8163,0.9036
419,independent,3,7503,7.5600858,7.033,5.521,8.792,6.441,7.578,0.64281243,0.5305,0.3195,0.7463,0.4531,0.6064,0.14466662,0.1079,0.04578,0.1772,0.08447,0.1299,0.21876949,0.2506,0.1155,0.3844,0.2037,0.2981,0.51114118,0.5451,0.3578,0.7526,0.4723,0.6143,0.62572717,0.5946,0.4786,0.7218,0.5527,0.6346
4354,independent,144,3169,4.29195,5.213,3.981,6.645,4.737,5.649,0.59177998,0.4954,0.2895,0.705,0.422,0.5677,0.069284224,0.09477,0.02995,0.1749,0.06751,0.1192,0.16147888,0.1688,0.05441,0.3064,0.1218,0.2113,0.49345616,0.437,0.2901,0.6023,0.3818,0.4889,0.69549166,0.755,0.5984,0.9104,0.6982,0.8113
6940,independent,158,3464,2.5148517,2.558,1.574,3.703,2.181,2.903,0.51821754,0.5158,0.316,0.7239,0.442,0.588,0.047605857,0.07677,0.01762,0.1768,0.04581,0.1004,0.065894908,0.06742,0.01403,0.1624,0.03866,0.08813,0.27241512,0.3943,0.1833,0.6493,0.3071,0.4736,0.48729516,0.4748,0.2322,0.7335,0.3893,0.5577
1288,independent,8,177,7.3434018,6.514,4.856,8.451,5.861,7.125,0.42531189,0.4163,0.2447,0.6104,0.3493,0.4783,0.2536388,0.1483,0.06108,0.2415,0.1161,0.1787,0.15400633,0.1721,0.07538,0.279,0.1363,0.2061,0.36353806,0.3638,0.2181,0.5481,0.3033,0.4167,0.63009266,0.5965,0.4757,0.7287,0.5534,0.6371
532,independent,91,4265,3.2737228,3.201,2.078,4.641,2.747,3.594,0.18351457,0.3703,0.1769,0.6122,0.2896,0.4427,0.0071358562,0.0971,0.02623,0.1958,0.06399,0.1242,0.021448316,0.1524,0.03185,0.3506,0.09041,0.2008,0.15600444,0.2061,0.08044,0.3804,0.1509,0.252,0.68370022,0.737,0.5445,0.9235,0.668,0.808
318,independent,156,3754,3.4864221,4.1,3.062,5.331,3.695,4.47,0.3961462,0.4103,0.2111,0.6385,0.331,0.4838,0.066413532,0.05725,0.01427,0.1202,0.03684,0.07366,0.055152634,0.1841,0.05195,0.3534,0.1266,0.2339,0.37216264,0.4427,0.2596,0.6546,0.3719,0.5065,0.63817697,0.6797,0.5094,0.8604,0.6175,0.7393
3242,independent,131,3320,5.327877,6.104,4.738,7.717,5.566,6.599,0.76042575,0.6438,0.4749,0.8107,0.5834,0.7039,0.032365042,0.04268,0.01308,0.08042,0.02984,0.05397,0.24508495,0.1428,0.0337,0.3037,0.09105,0.1851,0.23286287,0.2197,0.09279,0.4038,0.1614,0.2665,0.45348111,0.5363,0.4196,0.6565,0.4962,0.5758
632,independent,148,4988,3.6097787,3.688,2.631,4.927,3.281,4.062,0.5042979,0.4689,0.2697,0.6777,0.3971,0.5387,0.099894209,0.1196,0.03473,0.2344,0.0812,0.152,0.11385471,0.1262,0.02748,0.2827,0.07643,0.1655,0.31508891,0.3213,0.1562,0.5429,0.2505,0.3821,0.54881284,0.5775,0.3852,0.7791,0.5102,0.6428
386,independent,128,4382,7.3009367,6.951,5.255,8.882,6.304,7.553,0.40421972,0.3436,0.2023,0.5152,0.2866,0.3956,0.25541924,0.1487,0.04762,0.264,0.1081,0.1863,0.13676827,0.1545,0.06219,0.2544,0.12,0.1874,0.46259818,0.5432,0.3762,0.7286,0.4802,0.6027,0.42994642,0.4563,0.3365,0.5727,0.4177,0.4957
55,independent,106,7568,0.56806582,0.7385,-0.07285,1.569,0.4549,1.017,0.47305484,0.4534,0.2173,0.7076,0.3646,0.5383,0.13206323,0.09625,0.01921,0.2381,0.05455,0.1257,0.22268309,0.1372,0.0264,0.3368,0.07674,0.1807,0.5708604,0.4717,0.1854,0.7711,0.3609,0.5801,0.54327062,0.6273,0.2523,0.9165,0.5109,0.7596
77,independent,82,3253,4.590044,3.854,2.915,4.9,3.509,4.177,0.48507582,0.4577,0.248,0.6995,0.3744,0.5352,0.14186499,0.07208,0.02136,0.1396,0.04947,0.09165,0.23718114,0.1144,0.02596,0.258,0.06882,0.1489,0.34863921,0.5754,0.3737,0.7824,0.5021,0.6474,0.70446087,0.7543,0.5736,0.9228,0.6923,0.8183
3225,independent,91,3482,2.392668,1.68,0.6481,2.809,1.31,2.027,0.27355651,0.4833,0.2445,0.7325,0.3934,0.5699,0.027568509,0.0658,0.01492,0.1579,0.0388,0.08495,0.073787908,0.1324,0.02598,0.3242,0.07381,0.1745,0.12282041,0.1658,0.04754,0.4033,0.1033,0.2058,0.66954224,0.6816,0.3923,0.917,0.5944,0.781
554,independent,4,6497,3.88942,4.24,3.059,5.554,3.797,4.661,0.42805709,0.5729,0.3535,0.7832,0.4992,0.6484,0.1395243,0.1356,0.0593,0.2158,0.1085,0.162,0.13304897,0.1485,0.034,0.3187,0.09295,0.1941,0.21586468,0.275,0.1289,0.463,0.2143,0.3287,0.91284744,0.7168,0.5422,0.8914,0.6569,0.7758
7658,independent,84,3885,5.8184709,6.412,4.927,8.084,5.852,6.944,0.62807723,0.5046,0.3162,0.7029,0.4351,0.572,0.17936157,0.1391,0.06949,0.21,0.1146,0.1629,0.10255582,0.09476,0.03243,0.167,0.07056,0.1169,0.47740604,0.5354,0.3645,0.7229,0.4723,0.5959,0.71939502,0.7092,0.5812,0.8535,0.6611,0.7545
6462,independent,6,2002,5.560262,5.352,4.054,6.866,4.859,5.804,0.70135756,0.4681,0.299,0.6591,0.404,0.5286,0.13799455,0.1207,0.03712,0.2289,0.08534,0.1521,0.070867782,0.0744,0.02268,0.1404,0.05185,0.09388,0.36833953,0.4537,0.269,0.6629,0.3828,0.5198,0.35921319,0.3247,0.1743,0.4636,0.2762,0.3747
3008,independent,14,4152,3.0068878,2.557,1.682,3.544,2.231,2.862,0.3893235,0.5222,0.3105,0.7404,0.4453,0.5984,0.069970915,0.129,0.0316,0.2725,0.08259,0.1671,0.03955328,0.1305,0.03049,0.2809,0.08257,0.1687,0.43202568,0.5648,0.3067,0.809,0.4742,0.6572,0.66293185,0.5959,0.3288,0.8513,0.5052,0.6888
598,independent,133,4053,2.6952452,2.142,1.305,3.085,1.832,2.426,0.34649089,0.4237,0.2347,0.6473,0.3473,0.4928,0.028260689,0.08498,0.01852,0.1979,0.05046,0.1107,0.084758643,0.08595,0.01805,0.208,0.04881,0.1126,0.41102412,0.5332,0.2964,0.7825,0.4452,0.6183,0.36782589,0.4953,0.2314,0.7837,0.397,0.5895
468,independent,15,3268,4.4312899,4.602,3.527,5.842,4.195,4.979,0.57813682,0.4835,0.2873,0.6904,0.4121,0.5528,0.037913997,0.04902,0.01294,0.1039,0.03163,0.06287,0.086284602,0.06868,0.01459,0.1603,0.04071,0.0898,0.45372626,0.4743,0.3318,0.638,0.4203,0.525,0.73475188,0.7932,0.6378,0.9374,0.7392,0.85
4172,independent,91,4247,2.1327207,2.751,1.749,3.901,2.377,3.098,0.48607558,0.5225,0.3005,0.7475,0.4436,0.6013,0.1046763,0.07706,0.02017,0.1553,0.05175,0.09831,0.15286734,0.1645,0.03324,0.3853,0.09552,0.2169,0.14991161,0.217,0.07623,0.4178,0.1527,0.2694,0.68700929,0.6767,0.4625,0.8845,0.6049,0.7502
4066,independent,110,4630,7.6349659,5.969,4.65,7.557,5.444,6.443,0.39150032,0.4876,0.3006,0.695,0.4149,0.5558,0.10239585,0.1098,0.03075,0.217,0.07418,0.1401,0.17088926,0.1621,0.05794,0.2786,0.1233,0.1991,0.38193521,0.493,0.307,0.7073,0.4196,0.5609,0.42952674,0.4339,0.2958,0.566,0.3886,0.4801
495,independent,4,7766,3.5751686,3.144,2.179,4.225,2.784,3.482,0.42439905,0.5168,0.2827,0.7475,0.4331,0.6013,0.087115599,0.1182,0.03755,0.2207,0.08462,0.1476,0.073731093,0.121,0.02742,0.272,0.07337,0.1573,0.21319172,0.3174,0.1615,0.5075,0.2543,0.3728,0.77289436,0.818,0.6346,0.9576,0.7629,0.881
3798,independent,153,562,3.1187451,2.83,1.763,4.146,2.413,3.195,0.31921402,0.4221,0.24,0.6296,0.3515,0.4872,0.039138162,0.09269,0.02075,0.2083,0.05591,0.1209,0.074781571,0.1136,0.02628,0.2534,0.06913,0.1479,0.36430467,0.4964,0.2349,0.7806,0.3933,0.5972,0.5535166,0.443,0.2123,0.6795,0.3639,0.5215
4788,independent,66,7304,4.3920411,4.532,3.398,5.814,4.107,4.926,0.44562579,0.5003,0.3338,0.6818,0.437,0.5605,0.14500383,0.08743,0.02376,0.1779,0.05839,0.1118,0.10283031,0.108,0.02679,0.2211,0.07032,0.1397,0.44645368,0.4698,0.2932,0.6732,0.4008,0.5343,0.69210139,0.6553,0.4971,0.8297,0.5974,0.7102
271,independent,82,3907,4.5331522,4.341,3.138,5.78,3.877,4.756,0.53095687,0.4502,0.2579,0.6634,0.3775,0.5183,0.18645498,0.1515,0.05003,0.2714,0.111,0.1887,0.14755562,0.121,0.02953,0.2539,0.07668,0.1576,0.29759716,0.4138,0.2341,0.6203,0.3448,0.4782,0.66016475,0.659,0.4891,0.8468,0.5962,0.7193
5285,independent,151,3035,6.1999173,6.634,5.275,8.232,6.091,7.13,0.61703619,0.558,0.3704,0.758,0.4894,0.6249,0.0273697,0.09108,0.02257,0.1849,0.05911,0.1184,0.13934174,0.1858,0.08657,0.2948,0.149,0.221,0.57566369,0.4947,0.28,0.7401,0.4096,0.5745,0.40528666,0.4214,0.2864,0.5496,0.3785,0.4665
2470,independent,1,4881,7.3566112,7.753,6.129,9.633,7.122,8.344,0.68404745,0.5867,0.4025,0.7772,0.5197,0.6517,0.046785546,0.05657,0.01975,0.1018,0.04129,0.07029,0.17293244,0.1281,0.03972,0.2346,0.0918,0.1605,0.51077565,0.4038,0.2362,0.5981,0.3396,0.4626,0.54572862,0.5309,0.4319,0.6337,0.4969,0.5649
1505,independent,20,924,5.6602295,5.612,4.329,7.139,5.118,6.07,0.42445376,0.5667,0.3818,0.7668,0.4979,0.6319,0.057846817,0.06151,0.0169,0.1243,0.04107,0.07821,0.21162468,0.09847,0.02951,0.183,0.0691,0.1247,0.62766331,0.5057,0.3087,0.7495,0.4236,0.579,0.39621204,0.467,0.3432,0.5902,0.4255,0.5079
1842,independent,132,5951,1.3227282,1.959,0.9512,3.127,1.579,2.309,0.59322432,0.4619,0.252,0.6876,0.3825,0.539,0.025461908,0.1057,0.02359,0.2359,0.06366,0.1381,0.17878643,0.1598,0.03695,0.3469,0.09839,0.2079,0.57900271,0.3228,0.1107,0.6143,0.2262,0.4039,0.1526902,0.374,0.1271,0.6649,0.2782,0.4618
3189,independent,50,754,1.9568392,3.066,2.064,4.277,2.674,3.416,0.3990294,0.4607,0.2513,0.6893,0.382,0.5369,0.0015821191,0.0786,0.01996,0.1682,0.05012,0.1016,0.041967598,0.07663,0.01615,0.1844,0.04415,0.1001,0.24988467,0.342,0.1769,0.5551,0.2722,0.403,0.84201358,0.7235,0.5213,0.9157,0.6548,0.7954
533,independent,133,3438,2.3608694,1.835,0.8452,2.987,1.462,2.183,0.39112263,0.3863,0.1822,0.6298,0.3052,0.4598,0.081386071,0.1062,0.0214,0.2584,0.05994,0.1391,0.13527784,0.1406,0.03426,0.2983,0.08999,0.1811,0.50547973,0.4443,0.1974,0.7278,0.3451,0.5362,0.16000767,0.4034,0.1384,0.7296,0.298,0.5001
2762,independent,148,1613,3.8362676,4.97,3.672,6.559,4.447,5.431,0.4245662,0.4476,0.2613,0.6616,0.3737,0.5164,0.069403525,0.06624,0.01928,0.1297,0.04463,0.08434,0.058753579,0.1192,0.02759,0.2585,0.07395,0.1552,0.37067907,0.3945,0.2248,0.5946,0.3264,0.4565,0.64371308,0.6574,0.5207,0.8095,0.6066,0.7058
413,independent,54,2422,3.0728829,3.833,2.353,5.676,3.25,4.335,0.30046231,0.3737,0.1989,0.5906,0.3005,0.4398,0.06861909,0.09686,0.02697,0.1921,0.0655,0.1236,0.26910527,0.1569,0.03814,0.323,0.1007,0.2028,0.24901886,0.1582,0.05642,0.311,0.1115,0.1951,0.60621737,0.4864,0.3108,0.6631,0.4299,0.5427
5513,independent,1,3767,7.1511802,5.977,4.682,7.401,5.49,6.438,0.61930593,0.6191,0.4399,0.7975,0.5565,0.6829,0.093539144,0.07678,0.02668,0.1339,0.05731,0.09461,0.12589175,0.1243,0.03232,0.2509,0.08075,0.1606,0.38246063,0.4526,0.3002,0.6293,0.394,0.5057,0.6469753,0.6545,0.5261,0.7958,0.6085,0.6989
405,independent,109,47,4.3157299,4.046,2.993,5.26,3.645,4.412,0.40593711,0.4115,0.229,0.6111,0.3424,0.477,0.14046856,0.0618,0.01459,0.1361,0.03828,0.08047,0.12882898,0.139,0.03309,0.2945,0.08855,0.1801,0.67793357,0.5357,0.3448,0.7519,0.4615,0.6054,0.63800303,0.7086,0.5203,0.8942,0.6425,0.7753
5379,independent,127,7109,1.8656471,1.697,0.8002,2.734,1.358,2.007,0.52427218,0.4136,0.1926,0.6741,0.3259,0.4956,0.226448,0.1287,0.02774,0.2971,0.07533,0.1688,0.14507739,0.1498,0.03261,0.3346,0.09137,0.1948,0.41860062,0.4253,0.1906,0.7084,0.3273,0.5164,0.44174062,0.5926,0.2785,0.8819,0.4869,0.7039
3990,independent,23,6051,1.996194,1.915,0.9481,2.97,1.571,2.239,0.34340364,0.2908,0.1245,0.5225,0.2163,0.3535,0.069544569,0.1212,0.02433,0.2928,0.06898,0.1591,0.22381321,0.06533,0.01377,0.1586,0.03781,0.08463,0.64323185,0.5678,0.3073,0.8102,0.4782,0.6587,0.4179834,0.4764,0.204,0.7753,0.3761,0.5713
5970,independent,41,7666,2.018595,2.487,1.509,3.631,2.111,2.832,0.51111672,0.479,0.2566,0.7193,0.3964,0.5592,0.10316311,0.09533,0.02443,0.199,0.0614,0.1231,0.28694927,0.1633,0.03419,0.3753,0.09566,0.2154,0.18955144,0.2676,0.1058,0.4776,0.2007,0.3258,0.64256994,0.6094,0.3728,0.8511,0.5275,0.6917
73,independent,26,620,4.8051874,5.372,4.129,6.839,4.884,5.821,0.66206721,0.6541,0.4679,0.8263,0.5912,0.7184,0.052265205,0.1165,0.03842,0.2071,0.08503,0.1455,0.14941681,0.1083,0.041,0.1883,0.08138,0.1325,0.6258571,0.3699,0.1834,0.6045,0.2914,0.4389,0.36697276,0.4323,0.2779,0.5849,0.3803,0.4841
4382,independent,96,1410,2.6196342,3.679,2.434,5.261,3.179,4.111,0.27016602,0.3684,0.1892,0.5987,0.2927,0.4347,0.029791399,0.0615,0.01499,0.1335,0.03799,0.08008,0.019663959,0.1742,0.04572,0.3537,0.1154,0.223,0.42439778,0.2915,0.14,0.5047,0.2225,0.3493,0.72330279,0.5394,0.3493,0.7406,0.4751,0.6015
246,independent,114,3919,6.0302214,4.804,3.713,6.065,4.395,5.185,0.55681657,0.5132,0.299,0.7339,0.4345,0.5907,0.15929451,0.1381,0.06172,0.2223,0.11,0.1646,0.093773099,0.1176,0.02598,0.2535,0.07212,0.1542,0.47360137,0.4777,0.2869,0.6929,0.4027,0.5469,0.82170002,0.8121,0.6558,0.9486,0.7605,0.8677
1787,independent,6,6842,5.980546,6.289,4.889,7.869,5.749,6.8,0.56058629,0.4571,0.2955,0.632,0.3972,0.515,0.19142389,0.1475,0.04394,0.267,0.1055,0.1868,0.094580314,0.1154,0.04281,0.197,0.08711,0.1423,0.53083531,0.5284,0.3167,0.7516,0.4493,0.605,0.33824805,0.3336,0.1982,0.4573,0.2898,0.3796
481,independent,82,2434,4.4782302,4.333,3.222,5.68,3.895,4.729,0.44745456,0.4138,0.2124,0.6387,0.3363,0.487,0.11917031,0.1157,0.04437,0.1947,0.08886,0.1413,0.079448415,0.1107,0.02958,0.2273,0.07276,0.1419,0.2650142,0.4381,0.2416,0.6659,0.3619,0.509,0.77653171,0.8389,0.6908,0.9606,0.7908,0.891
6071,independent,116,2395,6.4960822,6.172,4.682,7.946,5.595,6.708,0.28266297,0.3524,0.2057,0.5223,0.2958,0.4049,0.10285036,0.1062,0.03923,0.1838,0.07999,0.1302,0.12102773,0.1016,0.03038,0.1899,0.07127,0.1288,0.36302469,0.4785,0.3052,0.6759,0.4109,0.5409,0.51448814,0.6267,0.5042,0.7637,0.5829,0.6677
2506,independent,94,6726,6.5696858,5.513,4.075,7.269,4.938,6.021,0.41273018,0.4685,0.2892,0.6629,0.4,0.533,0.16583521,0.08718,0.02818,0.1585,0.06307,0.1089,0.12404527,0.1122,0.0432,0.1918,0.08518,0.1369,0.349614,0.5366,0.3214,0.7785,0.4507,0.6169,0.56001375,0.6015,0.4634,0.7562,0.5506,0.6494
813,independent,157,12,3.6372004,3.273,2.294,4.379,2.909,3.617,0.55445287,0.5725,0.3511,0.7823,0.4961,0.6503,0.01846606,0.04271,0.01027,0.09538,0.02621,0.05514,0.25454987,0.1239,0.02742,0.2781,0.07483,0.1607,0.37382326,0.3546,0.2003,0.5473,0.2912,0.4099,0.72869284,0.6692,0.485,0.8587,0.6032,0.7336
4784,independent,84,7603,5.2753156,6.618,5.178,8.311,6.055,7.133,0.61570864,0.561,0.3843,0.7389,0.4992,0.6225,0.11370704,0.08085,0.02256,0.1586,0.05441,0.1033,0.14788397,0.1167,0.0336,0.2211,0.08107,0.1487,0.54598619,0.5031,0.3175,0.7245,0.4289,0.5709,0.65146044,0.6028,0.4862,0.7303,0.5608,0.6434
5631,independent,149,1519,3.608932,4.725,3.646,5.948,4.316,5.103,0.45734923,0.3542,0.1724,0.5712,0.2821,0.4196,0.12920341,0.1584,0.08355,0.2388,0.1312,0.1843,0.063933509,0.08188,0.01983,0.1776,0.05132,0.106,0.79932909,0.6088,0.3982,0.8208,0.5322,0.6854,0.90839064,0.8967,0.7756,0.9785,0.8641,0.9369
5331,independent,150,2550,1.509433,1.188,0.3373,2.032,0.9009,1.479,0.47356274,0.5431,0.2911,0.7775,0.457,0.6316,0.12895517,0.07784,0.01713,0.1913,0.04458,0.1015,0.51346271,0.1495,0.02945,0.3682,0.08458,0.197,0.15207213,0.3148,0.1111,0.6085,0.2219,0.3916,0.88294664,0.7226,0.3911,0.9421,0.6347,0.8317
500,independent,29,2593,5.3268583,7.112,5.493,8.983,6.491,7.69,0.41716753,0.4765,0.2999,0.6709,0.4103,0.5398,0.14595705,0.1123,0.0497,0.1804,0.08943,0.1339,0.086013061,0.1388,0.03857,0.2652,0.0942,0.178,0.36916383,0.3416,0.2114,0.4995,0.2891,0.3888,0.79699637,0.6556,0.5399,0.786,0.6127,0.6953
364,independent,126,7182,5.0521209,5.886,4.467,7.598,5.329,6.394,0.49019201,0.4867,0.305,0.6815,0.4197,0.5518,0.097864714,0.1083,0.04586,0.1806,0.08408,0.1306,0.17090327,0.1469,0.0373,0.3046,0.09561,0.1902,0.37679274,0.3136,0.1868,0.4674,0.2628,0.3592,0.70055263,0.7154,0.5726,0.8686,0.6626,0.7657
6565,independent,100,6570,3.5823564,4.448,3.25,5.909,3.983,4.868,0.49661866,0.4346,0.2462,0.6494,0.3613,0.5037,0.046987432,0.06542,0.01593,0.1421,0.04091,0.08497,0.033057467,0.1685,0.04465,0.3344,0.1129,0.2163,0.24489046,0.285,0.149,0.4587,0.2275,0.3347,0.70833218,0.6358,0.4749,0.816,0.5757,0.692
4168,independent,143,2700,3.344888,3.252,2.262,4.423,2.879,3.597,0.25640952,0.357,0.2032,0.5409,0.2964,0.4117,0.060687121,0.1121,0.0249,0.2567,0.06626,0.1461,0.045116672,0.05708,0.01477,0.1195,0.03693,0.07313,0.64901249,0.5075,0.2287,0.7959,0.4016,0.6117,0.21118391,0.2374,0.08089,0.4145,0.1761,0.2949
173,independent,40,2730,7.3647047,7.242,5.662,9.061,6.641,7.795,0.54169972,0.5744,0.4098,0.751,0.5148,0.6321,0.15196933,0.1726,0.07571,0.2701,0.1388,0.2065,0.25909977,0.2763,0.179,0.3724,0.2431,0.3099,0.81826502,0.5551,0.3246,0.7883,0.4736,0.6356,0.29771025,0.2696,0.13,0.4015,0.2233,0.3179
444,independent,47,6496,6.6535087,5.904,4.494,7.572,5.354,6.409,0.53220382,0.5019,0.327,0.6943,0.4351,0.5646,0.13930148,0.1279,0.05093,0.2098,0.0997,0.1548,0.19039222,0.1764,0.08093,0.2845,0.1401,0.2099,0.44638268,0.4722,0.2816,0.6878,0.3978,0.5419,0.56609433,0.6071,0.4679,0.7635,0.5555,0.6548
5141,independent,65,2262,1.5782491,1.297,0.403,2.272,0.9756,1.603,0.28972807,0.4326,0.2122,0.6832,0.3448,0.514,0.024012978,0.07907,0.01712,0.1896,0.04674,0.1025,0.23849907,0.1473,0.02919,0.3582,0.08326,0.1951,0.074391806,0.3503,0.1253,0.6475,0.2482,0.4396,0.80891844,0.7009,0.3851,0.9352,0.6098,0.8079
5540,independent,156,6390,3.1030583,3.393,2.432,4.533,3.018,3.734,0.45597315,0.393,0.2187,0.5977,0.3242,0.4561,0.054810412,0.117,0.02618,0.2562,0.0707,0.1538,0.047896266,0.129,0.03507,0.2553,0.08685,0.1658,0.39939293,0.449,0.2199,0.7023,0.3616,0.5305,0.50786309,0.3575,0.1574,0.5615,0.2889,0.4248
382,independent,159,6529,1.4397552,1.151,0.2019,2.188,0.8062,1.477,0.64196228,0.4678,0.2325,0.7204,0.3804,0.5525,0.12494467,0.08786,0.01878,0.2141,0.05083,0.1137,0.064165663,0.1383,0.02766,0.3429,0.0768,0.183,0.50006775,0.334,0.1231,0.6339,0.2383,0.4122,0.80974935,0.6086,0.256,0.9032,0.495,0.733
507,independent,131,5242,5.0824584,4.514,3.385,5.796,4.083,4.907,0.51009565,0.5396,0.3204,0.7604,0.4601,0.6193,0.031220121,0.05206,0.01351,0.1094,0.03321,0.06721,0.34092846,0.3746,0.2245,0.5331,0.3207,0.4272,0.32074951,0.3612,0.1989,0.5465,0.2999,0.4179,0.32264565,0.3456,0.1647,0.5192,0.2853,0.4064
2106,independent,9,5947,5.4365852,5.058,3.968,6.303,4.648,5.441,0.57922474,0.6145,0.4255,0.7959,0.5495,0.6812,0.13072368,0.1252,0.03738,0.2385,0.0871,0.1587,0.052495402,0.1067,0.03382,0.197,0.07616,0.1338,0.53182548,0.4925,0.2865,0.702,0.419,0.5644,0.39050807,0.3173,0.1528,0.4778,0.2604,0.3742
3504,independent,16,1829,6.4182647,5.369,4.258,6.639,4.941,5.768,0.41589785,0.5367,0.3163,0.7594,0.4558,0.6161,0.040793862,0.03846,0.01087,0.07744,0.02552,0.04904,0.10806249,0.1338,0.05809,0.2297,0.1026,0.1614,0.51325598,0.6331,0.4051,0.8439,0.5569,0.7132,0.79659757,0.7622,0.6129,0.9145,0.7078,0.8151
372,independent,108,4498,4.1294993,3.93,2.849,5.194,3.518,4.308,0.43885297,0.4636,0.2708,0.672,0.3918,0.5317,0.032131122,0.09028,0.02269,0.1899,0.05779,0.1162,0.057320304,0.09933,0.02519,0.2027,0.06515,0.1281,0.33544336,0.4466,0.2667,0.6498,0.3773,0.5119,0.61241588,0.6062,0.4334,0.7934,0.5455,0.665
5196,independent,14,1101,4.479134,5.402,4.063,7.028,4.881,5.869,0.49095318,0.5519,0.3342,0.7704,0.4723,0.6297,0.17037893,0.1894,0.08678,0.2967,0.1529,0.2253,0.08684904,0.1256,0.0438,0.2231,0.09195,0.1557,0.36445346,0.439,0.2416,0.6768,0.3563,0.5143,0.62041521,0.5848,0.4326,0.7443,0.5334,0.6354
274,independent,155,462,4.7707967,4.96,3.78,6.354,4.503,5.374,0.44583577,0.4766,0.3002,0.6736,0.4098,0.5412,0.023573377,0.08216,0.02165,0.165,0.05435,0.1055,0.080866682,0.1711,0.04654,0.3403,0.1153,0.2189,0.42699578,0.3973,0.2134,0.6232,0.3216,0.4659,0.51075183,0.4679,0.3136,0.6176,0.4189,0.5179
232,independent,31,3394,3.8276103,4.187,3.187,5.32,3.808,4.541,0.39294312,0.4923,0.2556,0.7383,0.4046,0.5783,0.018603245,0.03558,0.00941,0.0754,0.023,0.04564,0.18533291,0.1213,0.02356,0.3012,0.06796,0.1591,0.18540855,0.2201,0.1129,0.3489,0.1773,0.2586,0.83904379,0.8466,0.7068,0.9599,0.8022,0.8952
424,independent,150,2356,1.3737099,0.8422,-0.08312,1.788,0.5321,1.148,0.44379881,0.4983,0.2591,0.7385,0.414,0.582,0.050249631,0.08824,0.01882,0.2211,0.04937,0.1149,0.26374122,0.1499,0.02881,0.3642,0.08535,0.1972,0.29121758,0.3643,0.1134,0.6924,0.2499,0.4657,0.76269235,0.4847,0.1527,0.8491,0.3465,0.6166
5709,independent,54,1212,2.9473062,1.996,1.1,2.973,1.663,2.304,0.40167808,0.5236,0.2859,0.7561,0.4393,0.609,0.077910968,0.06308,0.01473,0.1448,0.03791,0.08178,0.20903699,0.1649,0.03354,0.3795,0.09647,0.2176,0.22350992,0.2324,0.08166,0.4814,0.1591,0.2878,0.72295039,0.6668,0.4028,0.8964,0.5827,0.7581
3789,independent,42,4209,5.8607009,5.459,4.316,6.742,5.029,5.865,0.63601821,0.438,0.2467,0.6449,0.3674,0.5058,0.14062743,0.104,0.0468,0.1668,0.08275,0.1242,0.12687294,0.0692,0.01496,0.1585,0.04084,0.09077,0.76476022,0.6982,0.5263,0.865,0.6381,0.7601,0.83114914,0.8174,0.6714,0.9474,0.7688,0.8696
5341,independent,35,6986,3.8070202,4.015,2.929,5.25,3.604,4.397,0.4716328,0.5458,0.3369,0.7577,0.4697,0.6211,0.12301331,0.1198,0.03622,0.2228,0.0842,0.1512,0.13987824,0.1809,0.06617,0.3211,0.1346,0.2217,0.49178515,0.4652,0.2596,0.684,0.391,0.5375,0.51250569,0.5321,0.3529,0.7171,0.4726,0.5914
485,independent,123,1989,1.6867414,1.144,0.3437,1.97,0.8641,1.422,0.44473468,0.4492,0.2305,0.6917,0.3643,0.5305,0.044278245,0.1198,0.02465,0.2963,0.06639,0.1576,0.0469502,0.1047,0.02021,0.2636,0.05867,0.1374,0.20647781,0.4889,0.213,0.7735,0.3852,0.5921,0.34385038,0.4068,0.1179,0.7741,0.2802,0.5185
5278,independent,9,1433,6.1311912,6.114,4.664,7.768,5.562,6.621,0.52473732,0.4828,0.3241,0.668,0.4205,0.54,0.10786933,0.1734,0.06667,0.2879,0.1337,0.2113,0.077402446,0.08947,0.03252,0.1562,0.06714,0.1102,0.58973151,0.5672,0.3478,0.794,0.4876,0.6462,0.42133939,0.4024,0.2703,0.5263,0.3601,0.4462
435,independent,94,6946,5.4802601,5.205,4.029,6.55,4.754,5.616,0.43047553,0.4981,0.3393,0.6718,0.4382,0.5553,0.098028712,0.06447,0.01893,0.1244,0.04456,0.08164,0.1148704,0.11,0.03641,0.2038,0.07879,0.1372,0.59823935,0.5063,0.3068,0.7207,0.4318,0.5771,0.45517463,0.3422,0.1765,0.501,0.2873,0.3987
5009,independent,71,242,5.0103791,6.464,5.047,8.128,5.911,6.966,0.57640821,0.3552,0.1804,0.5667,0.2852,0.4183,0.068500887,0.07261,0.02634,0.1279,0.05364,0.09038,0.078412389,0.1284,0.04288,0.2298,0.09439,0.1594,0.69364218,0.5222,0.3704,0.6933,0.4635,0.5778,0.88309808,0.8308,0.6944,0.9534,0.7855,0.8787
5200,independent,87,4701,6.8864275,5.391,4.07,6.971,4.872,5.851,0.40346257,0.5148,0.3404,0.7077,0.4487,0.5785,0.095601836,0.1512,0.06135,0.2472,0.1185,0.1826,0.089582178,0.1159,0.03984,0.2112,0.08491,0.1437,0.19705984,0.3257,0.1557,0.5366,0.2566,0.3874,0.25296254,0.2492,0.1004,0.393,0.1977,0.3019
2844,independent,42,4473,6.990598,7.867,6.238,9.777,7.254,8.429,0.70361627,0.5269,0.3081,0.7519,0.4464,0.6054,0.13920555,0.1161,0.06395,0.1703,0.0975,0.1343,0.13654765,0.09281,0.0203,0.2076,0.05522,0.1223,0.68791343,0.4987,0.3239,0.6965,0.4304,0.5627,0.84230486,0.8192,0.6915,0.9443,0.7743,0.8658
591,independent,10,3737,7.1008742,6.502,5.106,8.136,5.956,7.001,0.34573902,0.447,0.2434,0.6697,0.3689,0.5211,0.15989088,0.1595,0.09226,0.2264,0.1365,0.1826,0.16020529,0.1233,0.03688,0.2299,0.08678,0.1562,0.54428037,0.5171,0.3328,0.7283,0.4448,0.5852,0.85179211,0.8636,0.7298,0.9683,0.8214,0.911
2606,independent,74,3430,2.5638498,3.515,2.512,4.637,3.141,3.862,0.47883661,0.5067,0.2883,0.7272,0.4276,0.586,0.030118567,0.05035,0.01288,0.1078,0.0323,0.06457,0.24164266,0.1679,0.03642,0.3715,0.1026,0.2189,0.12458153,0.2203,0.1166,0.3509,0.1783,0.2576,0.81497775,0.7648,0.5968,0.9268,0.7059,0.8256
3198,independent,51,218,1.2334464,2.278,1.156,3.593,1.85,2.673,0.39031684,0.4713,0.2547,0.7039,0.3885,0.5511,0.078144213,0.1394,0.03647,0.277,0.09238,0.1801,0.07472277,0.1608,0.03583,0.3611,0.09738,0.2096,0.62438481,0.304,0.1168,0.5589,0.2205,0.3741,0.77710358,0.5819,0.3127,0.8426,0.4952,0.67
476,independent,125,6868,6.6324485,6.02,4.656,7.637,5.485,6.504,0.46592144,0.3979,0.2233,0.608,0.3275,0.4612,0.10024846,0.06294,0.02004,0.1177,0.04459,0.07913,0.087337343,0.06985,0.0165,0.1549,0.04274,0.09067,0.58175264,0.5597,0.3705,0.7619,0.4897,0.6276,0.60950498,0.6335,0.5137,0.7683,0.5897,0.6743
5791,independent,54,541,3.2079286,3.482,2.464,4.655,3.092,3.841,0.39016776,0.5316,0.3068,0.7583,0.4511,0.6119,0.10341289,0.07708,0.02228,0.1524,0.05201,0.0983,0.22479605,0.1414,0.03071,0.3195,0.08423,0.1861,0.133704,0.1929,0.0736,0.3622,0.1409,0.2362,0.63215106,0.7151,0.5322,0.9003,0.6502,0.7801
3368,independent,52,1286,6.4402253,7.065,5.446,8.929,6.441,7.636,0.57606326,0.4871,0.3084,0.6911,0.4172,0.5524,0.2012535,0.1563,0.08293,0.2324,0.1304,0.1818,0.06946823,0.07307,0.0198,0.1417,0.0495,0.09353,0.5214312,0.5148,0.3471,0.6988,0.4519,0.5743,0.72563814,0.6363,0.5177,0.7693,0.5926,0.6773
5863,independent,62,7043,5.2462594,5.122,3.884,6.589,4.645,5.56,0.574738,0.5328,0.3572,0.7236,0.4675,0.5949,0.17593673,0.09898,0.03132,0.1829,0.07035,0.1248,0.16925767,0.1359,0.04335,0.2471,0.09784,0.1703,0.48853309,0.4993,0.2906,0.733,0.4186,0.5753,0.63534034,0.5438,0.3881,0.705,0.4901,0.5967
501,independent,7,2882,4.1443205,3.914,2.979,4.943,3.571,4.238,0.3468406,0.5044,0.3423,0.6823,0.4434,0.5639,0.078278948,0.08157,0.02288,0.1618,0.05484,0.104,0.059469397,0.07778,0.01988,0.1612,0.05052,0.1001,0.55482178,0.6756,0.4754,0.8624,0.6081,0.7468,0.82082094,0.7589,0.585,0.9241,0.6984,0.8216
4458,independent,80,3671,5.6356227,7.348,5.68,9.222,6.716,7.936,0.50999842,0.4429,0.2599,0.6518,0.3716,0.5087,0.17546487,0.1576,0.109,0.2088,0.1407,0.1744,0.11100654,0.08435,0.01923,0.1897,0.05153,0.1094,0.35995427,0.4306,0.2511,0.6339,0.3619,0.4963,0.94880984,0.8778,0.7512,0.9741,0.8395,0.922
2865,independent,133,5124,2.5627264,2.265,1.367,3.299,1.931,2.579,0.48745993,0.4349,0.2359,0.6602,0.3572,0.507,0.29779794,0.09833,0.02101,0.2336,0.05732,0.1278,0.10562905,0.1293,0.0316,0.279,0.08172,0.1679,0.4448787,0.4245,0.1823,0.7019,0.326,0.5162,0.33802541,0.3391,0.1201,0.6036,0.2536,0.4163
241,independent,81,4507,4.6669578,4.118,2.873,5.601,3.624,4.564,0.39140195,0.4624,0.2944,0.6516,0.3993,0.5218,0.10220464,0.07105,0.01674,0.1557,0.04405,0.09196,0.012654869,0.08131,0.02118,0.1681,0.05312,0.1042,0.24974975,0.289,0.1307,0.5233,0.2154,0.3483,0.51380932,0.332,0.1712,0.4857,0.2803,0.385
3049,independent,78,7448,1.8347664,1.431,0.4784,2.333,1.131,1.74,0.75225249,0.5035,0.2538,0.7502,0.4126,0.595,0.026966377,0.05634,0.01187,0.144,0.03179,0.07257,0.050131703,0.1194,0.02219,0.3058,0.06547,0.1559,0.060244421,0.2127,0.05314,0.5314,0.1237,0.2724,0.83943324,0.7812,0.4916,0.9564,0.7135,0.8706
3111,independent,79,7502,3.4725689,4.064,3.045,5.241,3.679,4.419,0.37408886,0.5065,0.2879,0.7345,0.426,0.5855,0.025871848,0.09869,0.0268,0.1972,0.06565,0.1272,0.20523744,0.2335,0.0717,0.4173,0.1682,0.2946,0.66723589,0.5745,0.351,0.8058,0.4941,0.6547,0.55108002,0.5499,0.3501,0.7554,0.4816,0.6174
4940,independent,39,2094,5.3696118,5.981,4.471,7.715,5.414,6.508,0.4767827,0.4134,0.2464,0.6054,0.3496,0.4733,0.12349911,0.1771,0.07037,0.2923,0.1377,0.2147,0.14970187,0.2093,0.1063,0.32,0.1733,0.2433,0.25797694,0.4423,0.2591,0.6566,0.3693,0.5085,0.36695356,0.419,0.2821,0.5514,0.3752,0.4642
6299,independent,18,6108,4.4265027,5.343,4.068,6.86,4.835,5.81,0.52474855,0.481,0.2827,0.6966,0.4062,0.5529,0.098590822,0.09659,0.04369,0.1528,0.07712,0.1151,0.046182557,0.08162,0.01813,0.1842,0.04909,0.1061,0.46124535,0.3302,0.1868,0.5188,0.2707,0.3819,0.69311434,0.7539,0.6073,0.9056,0.7007,0.8068
2751,independent,148,5504,3.7407067,4.307,2.947,5.968,3.757,4.798,0.35200711,0.3665,0.2045,0.5639,0.3008,0.4245,0.078495044,0.08961,0.02776,0.1687,0.06355,0.1123,0.057743241,0.07448,0.01654,0.1691,0.04463,0.0968,0.30545638,0.336,0.1938,0.5176,0.2782,0.3873,0.74251842,0.7323,0.5757,0.8952,0.6755,0.7879
407,independent,125,1986,6.3064664,5.665,4.457,7.052,5.205,6.085,0.482594,0.5321,0.3304,0.7424,0.4566,0.6054,0.12765778,0.1028,0.03549,0.18,0.07611,0.1275,0.13412381,0.07979,0.01774,0.177,0.04891,0.1045,0.6306518,0.626,0.4467,0.8119,0.5601,0.6908,0.728621,0.6704,0.5227,0.8295,0.6164,0.7226
300,independent,117,1192,4.2695355,4.157,2.952,5.61,3.685,4.577,0.55405057,0.4372,0.233,0.6714,0.3559,0.514,0.11157226,0.09541,0.02541,0.1949,0.06267,0.1225,0.1412901,0.1939,0.06284,0.3536,0.1391,0.2425,0.28979817,0.2881,0.1488,0.4645,0.2301,0.3393,0.67045722,0.5389,0.3719,0.718,0.4797,0.5956
3717,independent,10,6522,7.8423484,7.455,5.81,9.311,6.841,8.026,0.24075564,0.3832,0.2152,0.5802,0.318,0.443,0.17129051,0.189,0.1263,0.252,0.1676,0.2104,0.29898333,0.2631,0.128,0.3945,0.2172,0.3093,0.70929419,0.5553,0.3728,0.7569,0.4857,0.6211,0.91402035,0.8651,0.7353,0.9674,0.8242,0.9107
297,independent,68,5921,4.8746152,4.344,3.205,5.685,3.911,4.743,0.36281992,0.4159,0.2255,0.6271,0.3433,0.485,0.031692787,0.04343,0.01067,0.09483,0.02727,0.05587,0.13271588,0.0873,0.01862,0.2061,0.05049,0.1143,0.33923797,0.3544,0.2259,0.5138,0.3022,0.4013,0.61800257,0.7412,0.5885,0.9025,0.6867,0.7955
5366,independent,1,2998,5.8656376,7.324,5.681,9.248,6.685,7.911,0.66501603,0.4605,0.2994,0.6484,0.3974,0.5201,0.013822266,0.03477,0.008712,0.07565,0.02185,0.04483,0.10819399,0.09419,0.03922,0.1579,0.07293,0.1139,0.48637373,0.5005,0.2985,0.7276,0.4226,0.573,0.55332109,0.4663,0.3671,0.5662,0.4328,0.4998
3716,independent,56,2345,7.5872593,8.021,6.308,10.04,7.353,8.63,0.18298038,0.1524,0.07412,0.2457,0.1211,0.1808,0.25728893,0.1729,0.04021,0.3686,0.1087,0.2243,0.0048538995,0.02057,0.005736,0.04076,0.01382,0.02642,0.53273637,0.5276,0.2734,0.7916,0.433,0.6205,0.2401058,0.214,0.09592,0.3241,0.1733,0.256
528,independent,16,5519,5.8902637,6.194,4.885,7.692,5.693,6.649,0.56913608,0.4459,0.249,0.6694,0.3675,0.5192,0.038504327,0.04712,0.01318,0.09344,0.03159,0.06037,0.2156974,0.1163,0.02654,0.2506,0.07289,0.1512,0.56425946,0.5559,0.3873,0.7466,0.4925,0.616,0.68077808,0.7026,0.5789,0.842,0.656,0.7467
5820,independent,12,1949,5.0869738,5.594,4.243,7.183,5.071,6.078,0.48292256,0.412,0.2237,0.6374,0.3347,0.4819,0.20780096,0.2225,0.09122,0.3579,0.1746,0.2689,0.18650448,0.2136,0.1093,0.3222,0.1765,0.2497,0.55923021,0.5644,0.3341,0.7983,0.4803,0.6474,0.54300274,0.5505,0.4051,0.7062,0.5006,0.5989
250,independent,74,3708,2.3063968,2.295,1.34,3.352,1.957,2.62,0.52315908,0.5181,0.2855,0.7515,0.4342,0.6003,0.057351666,0.07815,0.01708,0.1796,0.04592,0.1029,0.091994367,0.2076,0.04914,0.4241,0.1358,0.2679,0.11684694,0.2989,0.1168,0.5391,0.2207,0.3646,0.68960084,0.5984,0.3378,0.846,0.5125,0.6868
6069,independent,46,1838,4.2002945,3.696,2.676,4.879,3.305,4.055,0.39662972,0.451,0.2702,0.661,0.3795,0.5164,0.053434261,0.0808,0.02075,0.1665,0.05234,0.1045,0.033981357,0.07766,0.01667,0.1793,0.04675,0.1012,0.41522699,0.4876,0.2948,0.7101,0.4125,0.5572,0.75933428,0.6652,0.4916,0.8451,0.603,0.7261
4348,independent,156,4951,3.2006439,3.287,2.335,4.354,2.928,3.623,0.3528622,0.4848,0.2824,0.7002,0.4114,0.5574,0.065768151,0.08957,0.02364,0.1858,0.05823,0.1159,0.067602822,0.1829,0.04439,0.3777,0.1175,0.2381,0.33324811,0.5255,0.3126,0.7453,0.4475,0.6016,0.47771703,0.5926,0.3734,0.8151,0.5177,0.667
290,independent,114,2965,6.9011337,7.262,5.593,9.199,6.621,7.854,0.5644457,0.4168,0.2301,0.6422,0.3414,0.4847,0.18199572,0.1134,0.05602,0.1771,0.09184,0.1338,0.12348252,0.1216,0.04677,0.2019,0.09326,0.1487,0.48683028,0.5407,0.3553,0.7478,0.4692,0.6073,0.66785605,0.6087,0.4918,0.7417,0.5651,0.6491
5892,independent,57,5327,3.7029861,3.87,2.907,4.981,3.51,4.206,0.4886923,0.4545,0.2269,0.707,0.3655,0.5412,0.086032371,0.07379,0.0208,0.15,0.04896,0.09371,0.27822335,0.09388,0.02016,0.2128,0.05585,0.1225,0.58774957,0.5902,0.4083,0.7846,0.5226,0.6559,0.77904838,0.695,0.5104,0.8795,0.6294,0.7605
46,independent,13,2628,6.2134115,7.076,5.521,8.871,6.487,7.63,0.49078717,0.4361,0.2716,0.6203,0.3742,0.4944,0.098127313,0.08454,0.02637,0.1589,0.05902,0.1067,0.08424884,0.1003,0.0326,0.1817,0.07255,0.1256,0.58818743,0.5835,0.4133,0.7682,0.5186,0.6465,0.49085421,0.5581,0.4456,0.677,0.5184,0.5964
5517,independent,103,5005,3.7640816,4.49,3.282,5.921,4.025,4.912,0.5235581,0.4963,0.3081,0.6952,0.4285,0.5621,0.097985323,0.1275,0.04739,0.2181,0.09563,0.157,0.13930285,0.1617,0.04621,0.3134,0.1107,0.2051,0.54309114,0.4106,0.2097,0.6391,0.3334,0.4839,0.7823739,0.7,0.5422,0.8675,0.6418,0.7561
568,independent,60,4901,5.1877625,5.573,4.239,7.174,5.048,6.048,0.36492276,0.4301,0.232,0.6535,0.3543,0.5021,0.091724264,0.07991,0.02366,0.1557,0.05469,0.1016,0.20880563,0.1995,0.08974,0.3314,0.1555,0.2387,0.62738357,0.4857,0.3097,0.6994,0.4145,0.5496,0.47295333,0.4986,0.3556,0.6449,0.4497,0.5459
341,independent,61,3605,6.3264515,5.73,4.45,7.163,5.255,6.175,0.39810299,0.5051,0.3333,0.6872,0.4425,0.5653,0.078982187,0.07171,0.01667,0.1562,0.04501,0.09229,0.17139148,0.1387,0.05411,0.2358,0.1056,0.1692,0.63912572,0.6052,0.4316,0.7869,0.5423,0.6672,0.49712437,0.4375,0.3044,0.5685,0.3924,0.4827
383,independent,95,4357,5.3403376,5.87,4.646,7.261,5.398,6.314,0.53168244,0.5207,0.3509,0.7072,0.4579,0.5803,0.065123763,0.08228,0.02192,0.1692,0.05411,0.1056,0.17199165,0.1893,0.1055,0.2781,0.1591,0.2182,0.62251195,0.6127,0.3622,0.8392,0.5291,0.7023,0.29870527,0.3251,0.1698,0.4737,0.2729,0.3784
4842,independent,65,1426,1.2096037,0.7928,-0.09039,1.784,0.4616,1.101,0.74821736,0.4576,0.2162,0.7138,0.3666,0.5455,0.012050992,0.09762,0.01964,0.2467,0.05421,0.1274,0.10860325,0.1731,0.03187,0.4201,0.09638,0.2307,0.17679212,0.3721,0.1123,0.7062,0.2515,0.4781,0.69465035,0.5718,0.2106,0.8938,0.4441,0.7072
339,independent,118,5997,3.9914293,4.278,3.247,5.413,3.899,4.634,0.43313596,0.5437,0.3633,0.7312,0.4782,0.6066,0.063239587,0.1113,0.02999,0.2221,0.0735,0.1427,0.14124693,0.1423,0.04873,0.2478,0.1055,0.1767,0.57219362,0.6738,0.4714,0.8586,0.6065,0.7454,0.3112724,0.46,0.2805,0.6421,0.3976,0.5225
5177,independent,140,5759,7.0581915,7.538,5.897,9.45,6.908,8.115,0.46596069,0.445,0.2688,0.6529,0.3735,0.5092,0.076639542,0.05834,0.01405,0.1256,0.03667,0.07606,0.16589073,0.1486,0.08728,0.2126,0.1269,0.1698,0.73924434,0.5918,0.4123,0.7835,0.526,0.6559,0.31163226,0.3733,0.2488,0.4846,0.3349,0.4142
6053,independent,119,2359,3.1603909,2.896,1.871,4.061,2.506,3.254,0.39917062,0.413,0.2115,0.6438,0.334,0.4873,0.12470496,0.1222,0.03005,0.2481,0.07948,0.1579,0.12413632,0.1495,0.03065,0.3489,0.08762,0.1965,0.26348561,0.3271,0.1631,0.5271,0.2623,0.3848,0.86294392,0.7755,0.5756,0.9411,0.7135,0.8446
474,independent,157,3372,3.6743659,3.952,2.918,5.171,3.546,4.324,0.42611064,0.5319,0.3271,0.7365,0.4589,0.6052,0.0060035497,0.08958,0.02231,0.1899,0.05676,0.1165,0.17892895,0.1583,0.03784,0.3301,0.1004,0.2057,0.33350719,0.3793,0.1978,0.6129,0.3024,0.4461,0.70840374,0.6459,0.4696,0.8376,0.5821,0.707
4588,independent,47,7684,6.1396158,5.537,4.305,6.951,5.075,5.968,0.60328246,0.5321,0.3338,0.7384,0.4605,0.6031,0.23191142,0.1652,0.0643,0.2741,0.128,0.2009,0.2259392,0.1515,0.05672,0.257,0.1152,0.1857,0.54515727,0.6243,0.4247,0.8237,0.5536,0.6954,0.60089084,0.6355,0.486,0.7944,0.5834,0.6858
197,independent,49,1018,2.6731724,2.7,1.866,3.596,2.401,2.99,0.37711576,0.5508,0.3263,0.7667,0.4739,0.6287,0.025979319,0.05343,0.0132,0.1186,0.03325,0.06898,0.10927019,0.174,0.03396,0.4123,0.0984,0.2305,0.089706534,0.1287,0.04111,0.2548,0.08877,0.1613,0.74211481,0.7722,0.5697,0.9407,0.7088,0.8441
4735,independent,53,4347,6.0454739,4.897,3.796,6.168,4.482,5.282,0.51309086,0.4128,0.2377,0.6098,0.3455,0.476,0.072535236,0.06521,0.01771,0.1334,0.04333,0.08325,0.069806516,0.09648,0.02565,0.1936,0.06377,0.1238,0.35121874,0.5975,0.4056,0.7961,0.5271,0.6651,0.63088984,0.6899,0.5296,0.8588,0.6321,0.7463
317,independent,31,4252,2.8871021,1.997,1.158,2.903,1.692,2.284,0.6518598,0.5406,0.3144,0.7658,0.4587,0.6215,0.019351248,0.08928,0.02148,0.195,0.05538,0.1159,0.14717775,0.1262,0.02693,0.2899,0.0734,0.1672,0.16655267,0.4004,0.1534,0.6843,0.3002,0.4934,0.56017277,0.677,0.4096,0.9095,0.5925,0.7702
4583,independent,26,5435,5.1640392,4.749,3.652,5.998,4.335,5.136,0.59962897,0.6436,0.4693,0.8114,0.584,0.7041,0.067701415,0.06457,0.01637,0.1356,0.04074,0.08368,0.13423529,0.08484,0.0247,0.1641,0.05828,0.1078,0.66017527,0.5529,0.3379,0.7754,0.4743,0.6295,0.41044984,0.3836,0.2363,0.5191,0.3376,0.4316
6774,independent,31,3564,3.1560127,3.95,2.862,5.2,3.534,4.338,0.50871633,0.5156,0.32,0.7224,0.4429,0.5859,0.018903935,0.0537,0.01337,0.1183,0.03378,0.06902,0.11865998,0.1402,0.03101,0.3099,0.08603,0.1832,0.12685108,0.2272,0.1123,0.3789,0.1785,0.2691,0.59663255,0.6125,0.4454,0.7949,0.5522,0.6696
1734,independent,116,5506,5.4540251,4.342,3.249,5.6,3.925,4.733,0.61426881,0.5099,0.3019,0.7333,0.431,0.5844,0.11235603,0.077,0.02023,0.1591,0.05046,0.09912,0.12353714,0.1747,0.04919,0.3357,0.1202,0.2227,0.41561087,0.4486,0.2735,0.6491,0.3809,0.5113,0.64353611,0.5376,0.3588,0.7204,0.4777,0.5966
342,independent,81,891,5.0315437,4.092,3.021,5.371,3.664,4.478,0.56338698,0.623,0.4437,0.7988,0.561,0.6862,0.15548173,0.1279,0.04401,0.2252,0.0948,0.1583,0.06999267,0.1115,0.03103,0.2192,0.07577,0.1421,0.32437314,0.3643,0.1575,0.623,0.2754,0.444,0.47230635,0.368,0.1903,0.5378,0.3103,0.4273
3205,independent,43,1218,5.5604214,4.953,3.738,6.38,4.476,5.388,0.51614623,0.5197,0.3453,0.7106,0.454,0.5829,0.12418955,0.1065,0.02938,0.21,0.07213,0.1363,0.14034725,0.1886,0.09125,0.2965,0.1513,0.2231,0.38669674,0.4402,0.2559,0.6593,0.3674,0.5068,0.37225277,0.2572,0.1041,0.4105,0.2023,0.312
340,independent,105,4266,3.600691,3.382,2.514,4.355,3.057,3.69,0.48157888,0.5724,0.3904,0.7517,0.5097,0.6358,0.016756722,0.06383,0.01454,0.1463,0.03829,0.08312,0.086567581,0.07834,0.01842,0.1736,0.04826,0.1021,0.47856438,0.5045,0.2858,0.7416,0.4232,0.5827,0.25261993,0.4031,0.2036,0.6018,0.3344,0.4707
516,independent,77,1160,3.4379939,3.171,2.233,4.266,2.81,3.5,0.52892436,0.4606,0.237,0.6975,0.3755,0.5433,0.21220522,0.1425,0.0415,0.2704,0.09848,0.1812,0.32285947,0.1886,0.04211,0.4036,0.1156,0.2494,0.36597388,0.3543,0.1726,0.5749,0.2822,0.4194,0.66351046,0.799,0.6035,0.9514,0.7396,0.8667
395,independent,2,181,4.7979,5.016,3.686,6.533,4.515,5.483,0.46790113,0.5271,0.3703,0.6959,0.4709,0.5812,0.030231094,0.0798,0.02142,0.1644,0.05259,0.1019,0.21834184,0.127,0.03716,0.2448,0.0873,0.1617,0.55530621,0.3991,0.2154,0.6231,0.3257,0.4665,0.34171596,0.3897,0.2309,0.5408,0.339,0.4416
445,independent,144,3696,4.1388783,5.503,4.085,7.17,4.956,6.011,0.61678074,0.4589,0.291,0.6427,0.3963,0.5187,0.041746451,0.093,0.03471,0.1619,0.0702,0.1142,0.1315263,0.1172,0.03611,0.2184,0.08323,0.1469,0.47676898,0.4151,0.2458,0.6133,0.3484,0.4766,0.61128607,0.6427,0.5149,0.7882,0.595,0.6875
4678,independent,60,5603,4.7068741,4.598,3.494,5.875,4.18,4.985,0.49866347,0.3848,0.2141,0.5922,0.3142,0.4487,0.13847222,0.2038,0.06931,0.3578,0.1512,0.2526,0.14810389,0.07412,0.01786,0.1551,0.04735,0.09638,0.68244817,0.5841,0.3622,0.8093,0.5031,0.6645,0.43253472,0.5373,0.3667,0.7064,0.4786,0.5954
235,independent,2,4175,5.2920599,5.563,4.315,7.0,5.084,5.999,0.45927027,0.5551,0.3626,0.7498,0.4863,0.6237,0.041213714,0.06153,0.01621,0.1244,0.04085,0.07878,0.26381984,0.1522,0.05028,0.2736,0.1104,0.1906,0.66376263,0.4425,0.2695,0.6453,0.3744,0.5039,0.48806887,0.4601,0.3195,0.599,0.4144,0.5068
5365,independent,29,7005,6.271357,6.555,5.032,8.423,5.955,7.1,0.37950119,0.4173,0.2388,0.6369,0.3434,0.4827,0.14831157,0.1724,0.08075,0.2701,0.138,0.205,0.085772023,0.1189,0.03339,0.2251,0.08281,0.1515,0.42880341,0.4732,0.3067,0.6638,0.4087,0.533,0.65797773,0.7026,0.5667,0.8594,0.65,0.752
15,independent,137,2176,3.0065992,3.562,2.51,4.785,3.159,3.929,0.19583204,0.2295,0.112,0.3894,0.1776,0.2733,0.047681668,0.1141,0.02538,0.2582,0.06743,0.1496,0.11566505,0.05137,0.01164,0.1128,0.03148,0.06701,0.38154965,0.58,0.3286,0.8183,0.4926,0.6697,0.35703896,0.3996,0.2285,0.5667,0.3449,0.4557
3055,independent,103,3594,4.052344,3.376,2.296,4.674,2.952,3.751,0.20418577,0.3589,0.1771,0.5792,0.2839,0.4273,0.088976168,0.1103,0.02838,0.2305,0.07138,0.142,0.080019677,0.1196,0.028,0.2565,0.07546,0.1553,0.34542982,0.4396,0.2515,0.6603,0.3649,0.5082,0.6878618,0.6211,0.4221,0.8315,0.5508,0.6899
5363,independent,118,1440,4.2501432,4.208,3.069,5.534,3.772,4.604,0.32620653,0.4581,0.2805,0.6569,0.3914,0.521,0.12562392,0.1453,0.04137,0.28,0.1013,0.1836,0.1163584,0.09286,0.02667,0.1838,0.06265,0.1182,0.48505729,0.4432,0.2238,0.7042,0.3553,0.5242,0.41385369,0.3586,0.1827,0.5294,0.3019,0.417
27,independent,53,2043,5.1866913,5.624,4.353,7.051,5.141,6.073,0.66379983,0.5817,0.3992,0.7717,0.5146,0.6472,0.1061645,0.1267,0.04493,0.2189,0.09483,0.1567,0.15409186,0.2346,0.1206,0.3501,0.1941,0.2741,0.6885215,0.5758,0.3584,0.7903,0.498,0.6538,0.55271603,0.5162,0.3779,0.6587,0.4686,0.5631
5,independent,103,4031,3.6764152,4.193,2.981,5.667,3.715,4.623,0.44961409,0.3783,0.1952,0.5903,0.3068,0.444,0.10406982,0.06868,0.01953,0.1381,0.04551,0.08792,0.14026451,0.1333,0.03247,0.2823,0.08462,0.1718,0.45739633,0.3258,0.19,0.4973,0.2693,0.3741,0.78890155,0.7497,0.5923,0.9113,0.6926,0.8066
3596,independent,50,4822,1.9084439,2.642,1.751,3.647,2.306,2.948,0.46916352,0.5416,0.31,0.7645,0.4609,0.624,0.089559656,0.0916,0.02272,0.193,0.05813,0.1186,0.22669627,0.1472,0.02916,0.3423,0.08544,0.1946,0.15520219,0.2306,0.07716,0.4698,0.1569,0.2875,0.86553064,0.7647,0.549,0.9394,0.6967,0.8409
6281,independent,65,5277,1.7251462,1.893,1.081,2.752,1.606,2.172,0.22813752,0.5442,0.3061,0.7736,0.463,0.6289,0.012384563,0.07005,0.01549,0.1648,0.04143,0.091,0.16766376,0.1678,0.03348,0.4059,0.09449,0.2213,0.10924322,0.1988,0.0622,0.4221,0.1325,0.2496,0.62544545,0.6961,0.4187,0.9241,0.6104,0.7912
133,independent,27,2103,7.7088855,8.075,6.443,9.945,7.455,8.653,0.55540171,0.6048,0.442,0.7783,0.5436,0.6632,0.12032841,0.06868,0.01841,0.1399,0.04465,0.08869,0.19999176,0.1178,0.0484,0.1924,0.09241,0.1423,0.78773496,0.6699,0.4749,0.8561,0.6026,0.7382,0.58898946,0.5483,0.4469,0.6567,0.5123,0.5825
1231,independent,100,1830,3.2200052,3.216,2.258,4.283,2.862,3.547,0.48349981,0.5336,0.3108,0.7572,0.4531,0.6131,0.024593229,0.04617,0.01211,0.09982,0.02939,0.05931,0.050965176,0.1144,0.02327,0.27,0.06585,0.1502,0.22498083,0.3019,0.1693,0.4675,0.2469,0.3502,0.64780003,0.7546,0.5729,0.9267,0.6922,0.8182
5094,independent,96,3279,2.3803804,2.147,1.036,3.473,1.714,2.543,0.2183344,0.2647,0.1029,0.5057,0.1884,0.3259,0.14249089,0.1933,0.04465,0.381,0.1267,0.252,0.056375311,0.09993,0.02186,0.2265,0.05965,0.1305,0.33245774,0.4143,0.1904,0.6816,0.3248,0.4961,0.80069389,0.7705,0.5191,0.9511,0.7021,0.8518
418,independent,151,1747,6.8255666,6.052,4.717,7.579,5.543,6.524,0.51642677,0.5725,0.3714,0.7728,0.5013,0.6445,0.092375774,0.119,0.04206,0.2083,0.08876,0.1465,0.13772401,0.1395,0.05103,0.242,0.1039,0.1722,0.48228914,0.5536,0.3558,0.7718,0.4786,0.6253,0.47796555,0.5309,0.3976,0.6675,0.4854,0.5758
3170,independent,107,1818,2.5559482,3.195,2.308,4.216,2.866,3.495,0.43964693,0.4364,0.2273,0.6577,0.3588,0.5122,0.048965734,0.07731,0.021,0.1617,0.05021,0.09892,0.0063616359,0.1236,0.02986,0.262,0.07834,0.159,0.7338722,0.5173,0.3216,0.7429,0.4397,0.5909,0.9053252,0.8353,0.659,0.9636,0.785,0.8948
4870,independent,16,7639,5.9063842,5.787,4.416,7.376,5.262,6.271,0.43905691,0.3962,0.2301,0.5909,0.3317,0.4559,0.033770703,0.04497,0.01143,0.09611,0.02857,0.05789,0.21172989,0.1963,0.07153,0.3361,0.1482,0.2417,0.6486197,0.4586,0.3079,0.6379,0.3996,0.5124,0.70116841,0.6893,0.5592,0.8365,0.6389,0.7364
6109,independent,43,2695,5.8262701,4.784,3.499,6.307,4.284,5.24,0.4993294,0.5292,0.3367,0.7302,0.4576,0.5989,0.12834232,0.1192,0.03615,0.2304,0.08236,0.1508,0.19120874,0.1574,0.06271,0.2622,0.1219,0.1905,0.48568753,0.4077,0.2015,0.6605,0.3225,0.4846,0.34873772,0.374,0.2107,0.5267,0.3226,0.4277
2432,independent,11,5799,6.1819112,5.726,4.341,7.308,5.2,6.21,0.43142688,0.553,0.3605,0.7487,0.4842,0.6197,0.25609634,0.2115,0.1252,0.2993,0.182,0.2407,0.1563019,0.1512,0.04211,0.2919,0.1048,0.1916,0.3469086,0.2912,0.1325,0.4944,0.2238,0.3495,0.74836511,0.7077,0.5603,0.8669,0.6542,0.7599
4653,independent,45,2548,4.4993324,3.765,2.655,5.012,3.352,4.148,0.60451585,0.4811,0.2675,0.7104,0.4004,0.5595,0.3987431,0.2232,0.08167,0.3801,0.1694,0.2737,0.14594656,0.2197,0.08196,0.3793,0.1658,0.2704,0.66390444,0.5038,0.2636,0.7638,0.4105,0.5928,0.51737822,0.5004,0.2958,0.7116,0.43,0.57
2016,independent,55,274,2.2746667,2.342,1.395,3.427,1.987,2.674,0.49085862,0.4929,0.2812,0.7182,0.413,0.5688,0.0074337769,0.06762,0.01656,0.1485,0.04245,0.08783,0.19247691,0.1456,0.03094,0.3344,0.08624,0.1911,0.31554135,0.2773,0.1052,0.5216,0.1994,0.3421,0.69752513,0.6848,0.4438,0.9046,0.6059,0.7687
2608,independent,150,396,1.1921458,1.941,0.9527,3.057,1.578,2.283,0.53072669,0.4126,0.1891,0.6715,0.323,0.4961,0.053649687,0.08392,0.01909,0.1946,0.04948,0.109,0.17641892,0.1419,0.03281,0.3165,0.08826,0.1836,0.21329832,0.3718,0.1769,0.6257,0.2912,0.4421,0.82163136,0.8074,0.5811,0.9602,0.7461,0.8834
352,independent,17,7852,7.0899562,6.841,5.443,8.453,6.296,7.33,0.56754992,0.5557,0.3438,0.7692,0.4787,0.6309,0.12182807,0.09222,0.02881,0.1663,0.06648,0.1156,0.10214894,0.08002,0.02004,0.1661,0.05138,0.1034,0.49341552,0.4963,0.345,0.6631,0.4409,0.5486,0.64579129,0.7037,0.573,0.8481,0.6554,0.7489
2307,independent,82,2920,4.5694811,3.352,2.349,4.476,2.979,3.704,0.45689952,0.4898,0.2925,0.701,0.4133,0.5632,0.17160486,0.1313,0.04962,0.2246,0.1001,0.1599,0.31734751,0.1645,0.0356,0.3658,0.09925,0.2155,0.39011355,0.3806,0.2031,0.5912,0.312,0.4429,0.92172876,0.8506,0.6904,0.9673,0.8041,0.905
508,independent,146,67,4.5301248,4.254,3.171,5.561,3.823,4.632,0.51713712,0.4541,0.3047,0.625,0.3976,0.5065,0.12233625,0.1387,0.03304,0.2981,0.08631,0.1813,0.13982464,0.1271,0.04967,0.2202,0.09634,0.1549,0.41409015,0.4743,0.1955,0.7571,0.3696,0.578,0.10106995,0.2218,0.07762,0.3815,0.165,0.2752
2414,independent,50,3031,1.452789,1.782,0.905,2.745,1.457,2.091,0.39548811,0.4898,0.2588,0.7301,0.4052,0.5747,0.16596706,0.1087,0.02437,0.2437,0.06548,0.1421,0.28553656,0.1563,0.0309,0.3734,0.08767,0.2068,0.18086592,0.2682,0.08961,0.5477,0.1839,0.3332,0.84928202,0.6686,0.3731,0.9136,0.5765,0.7717
4553,independent,126,2119,5.41562,5.825,4.528,7.291,5.327,6.283,0.5495958,0.5726,0.3742,0.7703,0.5012,0.6435,0.10832588,0.09993,0.03804,0.1684,0.07627,0.1221,0.11776436,0.1152,0.02793,0.2455,0.07247,0.1503,0.37240378,0.3347,0.1897,0.5048,0.2775,0.3864,0.73063427,0.7001,0.5626,0.8517,0.6492,0.7484
7070,independent,53,5376,5.6773071,6.275,4.891,7.867,5.741,6.762,0.59985108,0.5536,0.3573,0.7587,0.4802,0.6263,0.10827808,0.09966,0.03801,0.1699,0.0757,0.1222,0.10814094,0.06112,0.01401,0.133,0.03816,0.07957,0.48326611,0.4422,0.2749,0.6443,0.3756,0.503,0.6254278,0.5708,0.4448,0.7067,0.5269,0.6132
541,independent,26,7338,5.0404177,5.188,3.926,6.63,4.71,5.629,0.57651806,0.5614,0.3805,0.7521,0.4953,0.6255,0.049127689,0.07121,0.02043,0.1406,0.04824,0.09064,0.15322206,0.1531,0.06174,0.2596,0.1175,0.1854,0.59460757,0.5452,0.362,0.7429,0.475,0.6128,0.40344331,0.5041,0.3575,0.652,0.454,0.5542
3936,independent,93,7154,3.4506099,3.196,1.991,4.675,2.727,3.615,0.40093228,0.3623,0.2147,0.549,0.3011,0.4167,0.094089706,0.08634,0.0199,0.1989,0.05145,0.1115,0.041737772,0.08144,0.01941,0.1797,0.04998,0.1055,0.24769548,0.3622,0.1688,0.6037,0.2793,0.4352,0.18243473,0.3494,0.159,0.5371,0.2838,0.4151
783,independent,60,643,4.1693863,4.191,3.2,5.321,3.819,4.534,0.43163387,0.443,0.2353,0.6691,0.363,0.5187,0.10715843,0.1462,0.04404,0.2776,0.1013,0.186,0.19603329,0.1258,0.0307,0.2638,0.07932,0.1631,0.73712978,0.6196,0.3785,0.8394,0.5368,0.7055,0.53276939,0.7055,0.5246,0.8912,0.6415,0.7698
4578,independent,1,31,6.3092974,6.044,4.658,7.624,5.519,6.531,0.59155413,0.6261,0.4462,0.8046,0.5624,0.6909,0.019899194,0.04897,0.01382,0.09793,0.03289,0.06276,0.11981998,0.1841,0.07652,0.3088,0.1425,0.2225,0.3282884,0.2987,0.1665,0.463,0.2436,0.3478,0.53070245,0.5717,0.4545,0.6999,0.5299,0.6114
5887,independent,67,6837,2.90074,4.635,3.349,6.094,4.163,5.083,0.82256311,0.3983,0.2392,0.5924,0.3348,0.4551,0.29490208,0.3081,0.1471,0.4679,0.2533,0.3627,0.076332768,0.1657,0.05201,0.31,0.1177,0.2077,0.66913451,0.4331,0.2215,0.6826,0.3488,0.5096,0.43576226,0.5513,0.3784,0.7282,0.4924,0.6092
1780,independent,64,1443,3.9031825,4.238,3.056,5.578,3.795,4.647,0.33403591,0.3599,0.1842,0.5793,0.2869,0.424,0.22652164,0.2145,0.1045,0.3285,0.1757,0.2529,0.038028443,0.1205,0.03752,0.2278,0.08407,0.152,0.40584889,0.5289,0.3126,0.7619,0.4472,0.6082,0.80649474,0.8233,0.6622,0.9564,0.7712,0.8805
4565,independent,152,1157,3.7238823,4.913,3.744,6.282,4.466,5.321,0.58687392,0.4841,0.2777,0.7051,0.4075,0.5595,0.04463823,0.07958,0.02348,0.1534,0.05433,0.1011,0.13564786,0.1375,0.03219,0.287,0.08655,0.1794,0.42739945,0.4118,0.2487,0.6117,0.3462,0.4704,0.89914409,0.6842,0.5278,0.851,0.628,0.7383
6093,independent,137,7572,3.9478762,3.173,2.077,4.536,2.74,3.555,0.22734711,0.3969,0.2255,0.6018,0.3275,0.4601,0.052116453,0.08921,0.01971,0.2106,0.053,0.1153,0.012532309,0.07091,0.01641,0.1589,0.04372,0.0913,0.19287832,0.3442,0.1497,0.6015,0.2584,0.4187,0.43007274,0.351,0.1653,0.5343,0.2878,0.4146
5771,independent,53,1433,6.1817473,5.763,4.328,7.435,5.219,6.257,0.56958477,0.5603,0.3657,0.7526,0.4934,0.6264,0.1748274,0.1152,0.05184,0.1783,0.09342,0.1368,0.12446715,0.09928,0.02182,0.2201,0.06109,0.13,0.34039754,0.3902,0.2122,0.61,0.3162,0.4566,0.66049852,0.6734,0.5292,0.8282,0.622,0.7228
329,independent,118,6871,3.978969,3.26,2.296,4.374,2.893,3.596,0.44108689,0.5237,0.3358,0.7246,0.4544,0.5914,0.16907921,0.1355,0.03868,0.2635,0.09235,0.1725,0.11267593,0.1486,0.03671,0.307,0.09546,0.194,0.51458435,0.4689,0.2512,0.7143,0.383,0.5491,0.24873685,0.3165,0.1181,0.5288,0.243,0.3874
176,independent,77,6277,3.8721122,3.558,2.462,4.801,3.154,3.939,0.51784976,0.5204,0.3483,0.7054,0.4574,0.5814,0.13075309,0.1165,0.0324,0.2269,0.07885,0.1491,0.31520557,0.1342,0.03525,0.2744,0.08855,0.1722,0.48349385,0.4547,0.2675,0.6669,0.3836,0.5212,0.59741128,0.6321,0.4314,0.838,0.561,0.701
583,independent,145,1604,5.4857802,5.356,4.143,6.759,4.897,5.776,0.25010384,0.3156,0.1897,0.4719,0.2645,0.3599,0.019576484,0.09178,0.01962,0.2087,0.05438,0.1206,0.040356545,0.07035,0.01787,0.142,0.04631,0.09106,0.61510463,0.5451,0.3361,0.7635,0.4693,0.6197,0.42494689,0.3498,0.2042,0.4887,0.302,0.3989
957,independent,85,7163,7.1222708,5.934,4.509,7.584,5.386,6.44,0.47516559,0.4982,0.3206,0.6932,0.4316,0.5612,0.11027842,0.09107,0.03317,0.1589,0.0687,0.1114,0.18575638,0.2056,0.07928,0.348,0.1567,0.2507,0.41162661,0.4591,0.2881,0.6555,0.3932,0.5212,0.58726836,0.6033,0.4757,0.7451,0.5567,0.6472
3434,independent,14,5000,3.3052237,3.276,2.295,4.405,2.907,3.609,0.40220178,0.5398,0.3319,0.753,0.4636,0.6147,0.066641684,0.07814,0.01884,0.1703,0.04825,0.1017,0.091264213,0.1213,0.02703,0.2684,0.07487,0.1577,0.28512194,0.274,0.1155,0.4897,0.2037,0.3333,0.57658847,0.5509,0.3548,0.7527,0.4842,0.6169
5673,independent,125,3685,6.2838246,7.174,5.415,9.231,6.496,7.8,0.45532135,0.4692,0.3055,0.6582,0.4057,0.5279,0.18529172,0.1668,0.09886,0.2389,0.1425,0.19,0.17088019,0.1223,0.03474,0.2321,0.08475,0.1557,0.64504033,0.4015,0.2279,0.6345,0.3269,0.4672,0.62579067,0.5436,0.4313,0.6633,0.5051,0.581
72,independent,107,3905,3.279884,3.332,2.519,4.216,3.033,3.617,0.44402269,0.3738,0.1703,0.614,0.2918,0.4484,0.083212864,0.1123,0.02891,0.2362,0.07199,0.1445,0.040220998,0.0864,0.01922,0.1967,0.05259,0.1121,0.71537028,0.7246,0.5281,0.8933,0.6629,0.7921,0.81126333,0.7693,0.5751,0.9375,0.7061,0.8382
3859,independent,139,307,5.2647109,5.551,4.151,7.24,5.008,6.042,0.35528308,0.3949,0.235,0.5811,0.3319,0.4526,0.16966523,0.1982,0.08477,0.3282,0.1551,0.2376,0.20492902,0.229,0.1173,0.3485,0.1878,0.2688,0.42024736,0.4709,0.2627,0.7189,0.3878,0.5471,0.33162582,0.3672,0.2139,0.5134,0.3169,0.4189
3264,independent,115,6956,4.8461496,4.382,3.298,5.656,3.967,4.759,0.22822592,0.3736,0.2178,0.5674,0.3095,0.4308,0.092871017,0.1027,0.02346,0.2292,0.06267,0.1341,0.076818812,0.07356,0.01855,0.1507,0.04793,0.09447,0.40789058,0.4963,0.2473,0.7561,0.4046,0.5874,0.34609991,0.3619,0.1828,0.5417,0.3016,0.4231
8016,independent,107,2522,2.4498443,3.542,2.502,4.804,3.142,3.904,0.54089152,0.4454,0.2155,0.6943,0.3582,0.5288,0.022300572,0.09229,0.02429,0.1863,0.06174,0.1177,0.032092977,0.1187,0.02632,0.2601,0.07278,0.156,0.63870154,0.389,0.2263,0.588,0.3236,0.4475,0.64123615,0.6783,0.4985,0.8686,0.6132,0.7419
555,independent,58,2227,5.5695641,6.395,4.868,8.179,5.785,6.959,0.44971934,0.4379,0.2609,0.6382,0.3703,0.5011,0.062632104,0.06192,0.0223,0.1095,0.04577,0.07641,0.28473365,0.184,0.0707,0.3079,0.142,0.2238,0.56038153,0.4686,0.3053,0.6584,0.404,0.5274,0.72310373,0.6787,0.5531,0.8202,0.6316,0.7222
255,independent,58,122,6.3857659,7.279,5.79,8.99,6.716,7.804,0.50320416,0.5074,0.2709,0.7458,0.4213,0.5913,0.025819416,0.03851,0.01404,0.06614,0.02914,0.04732,0.21864786,0.1594,0.03315,0.3514,0.09552,0.2114,0.57844119,0.502,0.286,0.7586,0.4128,0.5827,0.82238413,0.8598,0.7372,0.9638,0.8192,0.9035
7182,independent,61,2095,6.9401796,6.167,4.744,7.793,5.624,6.671,0.50092016,0.5129,0.3212,0.7201,0.441,0.5811,0.13669789,0.1467,0.0628,0.2374,0.1152,0.1766,0.19750765,0.1515,0.04914,0.2732,0.1096,0.1894,0.62155279,0.4666,0.271,0.7033,0.3865,0.5383,0.51460836,0.5611,0.435,0.6953,0.5166,0.604
244,independent,37,2793,6.9047278,8.152,6.169,10.4,7.391,8.866,0.56660511,0.5168,0.3544,0.6925,0.4571,0.573,0.24510003,0.2497,0.1389,0.3542,0.2137,0.2871,0.24061304,0.1753,0.09715,0.2572,0.1474,0.2023,0.44848411,0.3345,0.1883,0.5119,0.2749,0.3867,0.46457449,0.4131,0.2966,0.518,0.3763,0.4515
588,independent,113,357,5.8762005,7.278,5.63,9.193,6.651,7.864,0.42842419,0.3893,0.2207,0.5957,0.3208,0.4513,0.076506296,0.09251,0.03366,0.1649,0.06834,0.1143,0.16471531,0.2123,0.1272,0.3012,0.1823,0.2412,0.54584743,0.5843,0.3961,0.7909,0.5123,0.6533,0.32861231,0.4355,0.3137,0.5529,0.395,0.4769
517,independent,64,5274,4.3066939,3.643,2.518,4.922,3.213,4.035,0.34081263,0.3475,0.1826,0.5499,0.2827,0.4056,0.41661566,0.2197,0.06267,0.4117,0.151,0.2802,0.02962782,0.05794,0.0131,0.133,0.03476,0.07555,0.32232863,0.5021,0.3058,0.7224,0.4269,0.5723,0.7370325,0.6224,0.4349,0.8205,0.5551,0.687
6703,independent,153,1136,4.7062709,4.63,3.42,6.101,4.153,5.058,0.25624257,0.4028,0.2257,0.6141,0.331,0.4669,0.078654191,0.1169,0.03528,0.2212,0.081,0.148,0.0767635,0.0809,0.01984,0.1734,0.05116,0.1051,0.33875559,0.476,0.2844,0.7003,0.3992,0.5467,0.602867,0.5743,0.4176,0.746,0.5189,0.6265
4862,independent,92,2121,4.3816454,4.467,3.325,5.808,4.032,4.871,0.5912933,0.532,0.3235,0.7435,0.4572,0.6074,0.064959383,0.0727,0.0186,0.1497,0.04749,0.09365,0.17126528,0.2856,0.1374,0.4416,0.2329,0.3365,0.4269141,0.5592,0.3828,0.7536,0.493,0.6224,0.78392877,0.6692,0.4967,0.8508,0.6082,0.7291
184,independent,48,3838,2.0125415,2.324,1.433,3.369,1.976,2.638,0.44965854,0.4957,0.2822,0.7257,0.4152,0.5725,0.069133488,0.1031,0.02737,0.2127,0.0676,0.1323,0.21996679,0.143,0.02988,0.3322,0.08356,0.1872,0.27813567,0.399,0.1797,0.6708,0.3062,0.482,0.72879126,0.7164,0.4656,0.9255,0.636,0.8049
4386,independent,122,5216,2.9718443,3.469,2.349,4.77,3.035,3.862,0.41876459,0.4839,0.2803,0.7052,0.4069,0.5585,0.076392133,0.122,0.03628,0.229,0.085,0.1545,0.20891868,0.2257,0.07334,0.4138,0.1634,0.2809,0.24637283,0.2708,0.1194,0.4771,0.2057,0.3264,0.69496928,0.6447,0.4424,0.8507,0.5755,0.7137
2558,independent,73,1485,6.0003192,6.34,5.064,7.894,5.837,6.79,0.30302054,0.2429,0.1184,0.4056,0.1893,0.2896,0.033956413,0.1293,0.0254,0.3172,0.07312,0.1697,0.0064477898,0.02129,0.006571,0.03987,0.01493,0.02695,0.60380797,0.4707,0.2194,0.7483,0.37,0.5658,0.16768376,0.1306,0.03899,0.2383,0.09266,0.165
202,independent,153,7419,4.6639023,3.475,2.346,4.863,3.025,3.87,0.31035746,0.4903,0.3079,0.6956,0.4213,0.5552,0.13977837,0.1084,0.03002,0.2136,0.07329,0.1377,0.14709223,0.1093,0.02849,0.234,0.06966,0.14,0.30736247,0.3973,0.1621,0.6649,0.3046,0.4826,0.58945555,0.5628,0.3628,0.7769,0.4941,0.6297
5986,independent,128,4145,5.685727,5.653,4.339,7.117,5.146,6.129,0.47379855,0.4291,0.2462,0.6385,0.3583,0.4951,0.16013564,0.1464,0.04174,0.2818,0.1014,0.1856,0.11315388,0.1343,0.06375,0.2095,0.1084,0.1593,0.52838674,0.6171,0.4049,0.825,0.5435,0.6914,0.42634693,0.4232,0.2902,0.55,0.3796,0.4678
6215,independent,139,3729,5.2244697,6.49,4.917,8.321,5.883,7.041,0.37905389,0.3787,0.2423,0.5393,0.3241,0.4282,0.066998875,0.07518,0.01983,0.154,0.0488,0.09703,0.10984909,0.1364,0.06899,0.2105,0.1114,0.1604,0.25771971,0.3077,0.1608,0.4861,0.2485,0.3606,0.23340479,0.2091,0.07841,0.3384,0.1613,0.2566
3448,independent,155,5979,5.459041,5.596,4.301,7.076,5.102,6.061,0.40260202,0.5186,0.3374,0.7157,0.4509,0.5829,0.05359729,0.08166,0.02326,0.162,0.05514,0.1043,0.039282452,0.1197,0.05474,0.1926,0.09578,0.1422,0.32087926,0.4575,0.2599,0.6734,0.3836,0.5294,0.41819766,0.3753,0.2372,0.5024,0.3313,0.421
6591,independent,126,1656,6.0321384,4.959,3.805,6.332,4.517,5.362,0.40818871,0.537,0.331,0.7501,0.4628,0.6103,0.12375507,0.08512,0.02345,0.1698,0.05706,0.1089,0.21973412,0.1508,0.04637,0.2769,0.1068,0.1909,0.49798152,0.4888,0.3142,0.6819,0.4226,0.551,0.54299684,0.6339,0.4831,0.7985,0.5791,0.686
4883,independent,151,2249,6.0732944,6.769,5.348,8.423,6.225,7.284,0.60888779,0.5869,0.4015,0.776,0.5208,0.6529,0.078093103,0.1745,0.06004,0.3049,0.1289,0.2171,0.17951206,0.1538,0.07679,0.2337,0.1261,0.1808,0.64488743,0.5595,0.3643,0.7718,0.4864,0.6298,0.2067643,0.3058,0.1636,0.4399,0.2592,0.3537
64,independent,144,7381,3.6612496,3.838,2.745,5.156,3.411,4.218,0.70491275,0.4714,0.2732,0.6815,0.3974,0.5421,0.074722744,0.07115,0.01833,0.1486,0.046,0.09208,0.1108952,0.1111,0.02456,0.2431,0.0682,0.1454,0.3078369,0.4067,0.2441,0.6087,0.3404,0.4658,0.62689502,0.6623,0.4811,0.8521,0.5984,0.7252
5368,independent,25,5630,5.5866475,5.872,4.517,7.421,5.352,6.355,0.70308505,0.5163,0.3426,0.7109,0.4478,0.5816,0.2139645,0.174,0.07976,0.2733,0.1396,0.2069,0.19641575,0.2481,0.1461,0.3556,0.212,0.283,0.43131287,0.4896,0.2797,0.7157,0.4099,0.5671,0.41358074,0.3072,0.1547,0.4475,0.2572,0.3584
586,independent,111,7566,5.1526421,5.175,3.891,6.678,4.671,5.633,0.5532248,0.4214,0.2578,0.6287,0.353,0.4822,0.17822409,0.1542,0.04445,0.2911,0.1072,0.196,0.18154423,0.1437,0.05831,0.2432,0.1101,0.1743,0.44073365,0.5083,0.3175,0.7245,0.4345,0.5777,0.57153973,0.5096,0.3709,0.6591,0.4612,0.557
3856,independent,89,5020,5.7667282,5.187,3.902,6.615,4.714,5.633,0.5485138,0.5951,0.4006,0.7865,0.5277,0.6634,0.1325723,0.1543,0.07932,0.2369,0.1265,0.1808,0.1942196,0.2053,0.0882,0.3313,0.1618,0.2469,0.44857703,0.4524,0.2804,0.647,0.3873,0.5137,0.49058177,0.5212,0.3669,0.6829,0.467,0.5737
193,independent,151,1079,6.3513656,6.713,5.254,8.354,6.168,7.231,0.51676964,0.5919,0.3967,0.7939,0.5209,0.6623,0.074210659,0.132,0.0409,0.2427,0.0939,0.1663,0.10651089,0.1081,0.03905,0.1885,0.08112,0.1327,0.47608371,0.4104,0.2193,0.6399,0.3322,0.4819,0.38434432,0.3301,0.1951,0.4527,0.287,0.3746
7657,independent,121,6042,3.161686,3.443,2.32,4.748,3.02,3.832,0.36399296,0.3936,0.195,0.6256,0.3141,0.4667,0.041549767,0.09014,0.02603,0.1782,0.06095,0.1146,0.160427,0.1675,0.04106,0.3543,0.1081,0.2164,0.3650046,0.3347,0.1797,0.5282,0.2721,0.3892,0.92994317,0.7476,0.565,0.9208,0.6858,0.8116
5849,independent,82,7197,4.5722609,4.76,3.571,6.208,4.295,5.174,0.39220165,0.477,0.2452,0.7174,0.3886,0.5638,0.12453938,0.09253,0.03228,0.1613,0.06893,0.1148,0.21749505,0.1117,0.02501,0.2513,0.06661,0.1464,0.33467046,0.3336,0.1879,0.5195,0.2734,0.3863,0.78898277,0.7894,0.6321,0.9352,0.7349,0.8456
5306,independent,102,996,5.6588643,6.652,5.242,8.238,6.115,7.158,0.56672677,0.5777,0.3949,0.7671,0.5111,0.643,0.068362965,0.05143,0.01292,0.1099,0.03272,0.06654,0.15979608,0.1342,0.03901,0.2626,0.09101,0.1711,0.42537624,0.3672,0.1998,0.571,0.298,0.429,0.56522131,0.5724,0.4582,0.6995,0.5308,0.6116
299,independent,15,2337,4.5383199,5.625,4.41,7.044,5.162,6.051,0.41094352,0.4616,0.2901,0.6539,0.395,0.5233,0.062056885,0.08915,0.03646,0.1468,0.06944,0.1077,0.20081244,0.09394,0.01981,0.2133,0.05617,0.1231,0.50608072,0.5538,0.3451,0.7751,0.4758,0.6288,0.79266705,0.7922,0.651,0.9315,0.7413,0.8436
562,independent,57,6250,3.1553143,3.912,2.726,5.326,3.45,4.322,0.66867357,0.44,0.2489,0.6509,0.3664,0.5092,0.17859961,0.1105,0.03654,0.2023,0.08069,0.1371,0.083806965,0.0929,0.02127,0.2101,0.05606,0.121,0.44515879,0.3986,0.228,0.601,0.3326,0.4586,0.70874073,0.7247,0.5526,0.8958,0.665,0.7855
22,independent,116,1025,4.8355003,4.909,3.759,6.243,4.459,5.313,0.65168492,0.572,0.3744,0.7678,0.503,0.6415,0.08866692,0.05389,0.01306,0.118,0.03333,0.06989,0.11084526,0.1726,0.04926,0.3253,0.1197,0.2203,0.39276538,0.4368,0.2527,0.6634,0.3621,0.5032,0.63912609,0.5967,0.4463,0.7611,0.5421,0.6474
404,independent,69,7773,3.7165684,4.608,3.308,6.176,4.097,5.06,0.42118228,0.3841,0.2331,0.5572,0.3253,0.4397,0.19594468,0.1912,0.07596,0.3227,0.147,0.2315,0.060223167,0.1391,0.05007,0.248,0.1018,0.1729,0.55604871,0.5123,0.2712,0.7644,0.4201,0.6038,0.43894687,0.4496,0.2826,0.6145,0.3939,0.5052
3796,independent,151,944,5.2209966,6.566,5.12,8.218,6.009,7.077,0.59915744,0.4421,0.2834,0.6275,0.3805,0.4997,0.052600316,0.1015,0.03363,0.1846,0.0736,0.126,0.17144542,0.1657,0.0845,0.2513,0.1366,0.1944,0.71649671,0.5541,0.3444,0.7703,0.4785,0.6293,0.45490113,0.3323,0.1913,0.4628,0.2882,0.3795
2388,independent,105,204,3.4876235,3.532,2.584,4.621,3.164,3.879,0.54457683,0.5153,0.2972,0.7429,0.4339,0.594,0.028862224,0.07575,0.01785,0.1714,0.04566,0.09861,0.1699351,0.1529,0.04828,0.2834,0.1092,0.1922,0.52018884,0.5197,0.2996,0.7561,0.4382,0.5993,0.25063312,0.3922,0.19,0.5973,0.3224,0.4609
7308,independent,5,6075,3.8049274,3.342,2.442,4.336,3.008,3.656,0.3581999,0.5082,0.2741,0.7395,0.4243,0.5926,0.030226517,0.05473,0.01532,0.1091,0.03684,0.06968,0.059321146,0.1711,0.03342,0.3922,0.1,0.2259,0.12122113,0.1567,0.06223,0.2812,0.1164,0.1909,0.76768971,0.859,0.7147,0.9684,0.8159,0.9094
1818,independent,26,39,4.8569316,5.308,4.115,6.721,4.841,5.729,0.63124504,0.5941,0.4149,0.776,0.5293,0.6581,0.011145491,0.08729,0.0195,0.1942,0.0539,0.1137,0.16768507,0.09823,0.03308,0.1783,0.07139,0.1225,0.61529265,0.4114,0.1881,0.6911,0.3148,0.4969,0.33480232,0.2573,0.1148,0.3974,0.2084,0.3067
5768,independent,99,707,1.9234801,1.479,0.6512,2.397,1.173,1.764,0.47837929,0.5274,0.296,0.7574,0.4455,0.6083,0.021274219,0.1171,0.02511,0.2715,0.06823,0.1541,0.053012297,0.1275,0.02576,0.3084,0.07176,0.1682,0.37318037,0.4068,0.1361,0.7452,0.2831,0.5187,0.55596473,0.5835,0.255,0.8802,0.4761,0.6987
165,independent,127,5396,2.0379615,2.186,1.277,3.275,1.836,2.503,0.45337119,0.4167,0.2004,0.6621,0.3327,0.4961,0.21276228,0.1059,0.02261,0.2494,0.06169,0.1391,0.19425427,0.1602,0.03631,0.3453,0.09913,0.2107,0.5194363,0.4843,0.245,0.7583,0.3857,0.5754,0.42143592,0.4649,0.192,0.7602,0.3664,0.5591
61,independent,49,6105,2.6297734,2.736,1.723,3.838,2.373,3.08,0.49363127,0.4805,0.2593,0.7288,0.3948,0.5617,0.05180749,0.1078,0.03202,0.2064,0.07484,0.1366,0.088975098,0.2115,0.04648,0.46,0.1309,0.2772,0.087604324,0.2394,0.09118,0.4344,0.1764,0.294,0.87077122,0.7694,0.562,0.9408,0.7044,0.8419
496,independent,63,7083,5.1108912,5.248,3.939,6.775,4.748,5.707,0.40650047,0.44,0.2834,0.6204,0.3791,0.4966,0.19118007,0.1618,0.05316,0.2913,0.1186,0.2006,0.10125195,0.08044,0.02757,0.1417,0.05949,0.09969,0.49382224,0.4943,0.3092,0.6946,0.4252,0.5611,0.35781621,0.3883,0.2373,0.5284,0.3393,0.4396
5330,independent,65,1916,0.88397066,0.5487,-0.3004,1.376,0.272,0.835,0.78649502,0.5003,0.2483,0.7564,0.409,0.5914,0.021229497,0.1127,0.02153,0.2838,0.06099,0.1486,0.22346019,0.136,0.02514,0.3349,0.07494,0.1805,0.29825707,0.4452,0.1626,0.7526,0.3304,0.5551,0.52494124,0.5447,0.1769,0.8906,0.4053,0.689
4829,independent,40,6511,7.2412676,5.94,4.564,7.56,5.417,6.422,0.52995699,0.5297,0.3564,0.7144,0.4663,0.5895,0.13744183,0.1001,0.02613,0.203,0.06589,0.1291,0.19641618,0.1459,0.05194,0.2507,0.1096,0.18,0.54531612,0.4963,0.2675,0.7547,0.4067,0.5816,0.37405916,0.351,0.205,0.483,0.3054,0.3991
3848,independent,146,3350,6.2604589,5.471,4.183,6.991,4.974,5.929,0.44070124,0.4806,0.2795,0.7075,0.4008,0.5546,0.1280042,0.08933,0.02621,0.1707,0.0621,0.1133,0.25596709,0.229,0.1225,0.3404,0.1911,0.2659,0.53157877,0.5193,0.3162,0.7448,0.4435,0.592,0.27808462,0.3075,0.1476,0.4619,0.2535,0.3618
5262,independent,80,6189,5.8186691,6.503,5.122,8.099,5.971,6.986,0.49642241,0.5448,0.3435,0.7503,0.4713,0.6167,0.1453058,0.1127,0.04901,0.1815,0.08857,0.1358,0.11367524,0.1088,0.02762,0.2241,0.0719,0.1394,0.49747842,0.4273,0.2723,0.6112,0.3661,0.4833,0.8085435,0.7248,0.5908,0.8725,0.6742,0.7729
4450,independent,54,1144,2.3324374,3.909,2.691,5.396,3.417,4.348,0.54755339,0.3727,0.1972,0.5787,0.3023,0.436,0.12265811,0.1173,0.03449,0.2239,0.08182,0.1479,0.28187808,0.1547,0.03923,0.3173,0.1015,0.1991,0.34501883,0.3106,0.1322,0.5493,0.2324,0.3772,0.62413486,0.6423,0.4709,0.836,0.5787,0.703
3496,independent,149,5822,4.28791,4.033,3.082,5.1,3.674,4.368,0.48340841,0.5052,0.3091,0.7161,0.432,0.5755,0.093434329,0.1229,0.04474,0.218,0.09101,0.1515,0.049868015,0.08623,0.02053,0.1898,0.05257,0.1128,0.74646962,0.6135,0.4027,0.8165,0.5411,0.6873,0.85964956,0.7955,0.6265,0.9444,0.7378,0.8564
6045,independent,100,5221,4.0131555,3.9,2.819,5.138,3.483,4.291,0.48966824,0.5079,0.3378,0.6938,0.4434,0.5683,0.043748842,0.07448,0.01917,0.1597,0.04725,0.09598,0.0390328,0.1017,0.02225,0.2289,0.06054,0.1338,0.27733258,0.3529,0.1893,0.5572,0.284,0.414,0.59672321,0.5488,0.374,0.7347,0.4877,0.6083
3495,independent,2,3267,5.6107907,5.645,4.393,7.074,5.172,6.09,0.35396068,0.4658,0.2994,0.6513,0.4023,0.5253,0.036650532,0.06203,0.01683,0.1271,0.0405,0.07941,0.25889919,0.2413,0.1269,0.3647,0.2001,0.2802,0.64641532,0.524,0.3136,0.7479,0.4448,0.5997,0.35276671,0.3891,0.2396,0.5342,0.3416,0.4378
291,independent,68,3662,4.4601077,4.931,3.704,6.371,4.463,5.363,0.5894986,0.5611,0.3831,0.751,0.4967,0.6248,0.081012289,0.09409,0.02458,0.1917,0.06147,0.1212,0.11638008,0.1047,0.03587,0.188,0.07653,0.1296,0.41205145,0.3852,0.2017,0.6204,0.3071,0.4523,0.43914229,0.377,0.2198,0.5273,0.3245,0.4296
2464,independent,108,1394,4.6518221,4.3,3.234,5.567,3.889,4.669,0.39437,0.4391,0.2365,0.6668,0.3597,0.5136,0.052071587,0.08685,0.02791,0.1619,0.06148,0.109,0.040046345,0.08166,0.01647,0.1964,0.04685,0.1069,0.33921715,0.4596,0.2661,0.6797,0.3829,0.53,0.80691978,0.8369,0.6891,0.9589,0.7894,0.8892
347,independent,148,3150,3.6679862,3.588,2.471,4.865,3.169,3.975,0.45621879,0.5626,0.3646,0.7624,0.4913,0.6335,0.051246473,0.1353,0.03909,0.267,0.0918,0.1718,0.10359528,0.1296,0.04095,0.2438,0.09185,0.1621,0.48113746,0.3438,0.1476,0.6048,0.2572,0.4185,0.45599714,0.3215,0.1393,0.5043,0.2575,0.3849
4377,independent,83,4883,4.645612,5.885,4.564,7.415,5.369,6.351,0.47332642,0.3404,0.18,0.5443,0.2737,0.3986,0.11709342,0.0792,0.02743,0.1425,0.05824,0.09817,0.037737856,0.06055,0.0157,0.1235,0.03969,0.07787,0.95282505,0.7364,0.569,0.8919,0.6812,0.7946,0.7419775,0.7384,0.6007,0.8874,0.6861,0.7882
4360,independent,59,6437,3.5840579,4.208,3.202,5.319,3.836,4.556,0.61480432,0.579,0.372,0.7788,0.5069,0.6525,0.020637424,0.05794,0.01645,0.1129,0.03926,0.07392,0.15469225,0.1162,0.0238,0.276,0.06684,0.1532,0.33708498,0.265,0.1443,0.4102,0.2171,0.3083,0.77272298,0.7777,0.6174,0.9276,0.723,0.8343
2039,independent,52,4776,6.9593194,7.099,5.546,8.925,6.511,7.638,0.68342242,0.4666,0.2873,0.6688,0.3972,0.5311,0.22073459,0.2093,0.1348,0.2866,0.1827,0.2351,0.080233413,0.08726,0.02485,0.1688,0.05966,0.1109,0.43491868,0.5394,0.3523,0.7495,0.4675,0.6076,0.81967655,0.8105,0.675,0.9399,0.7621,0.8596
518,independent,16,3672,5.3811435,5.727,4.504,7.122,5.265,6.162,0.57481696,0.4904,0.2938,0.7038,0.416,0.5611,0.047064697,0.05277,0.01783,0.09798,0.03753,0.06601,0.14282161,0.1046,0.02626,0.2155,0.06731,0.1347,0.62763323,0.5356,0.3607,0.737,0.466,0.6001,0.83860067,0.8294,0.6924,0.953,0.7828,0.8786
7509,independent,15,5750,4.3983165,4.508,3.384,5.811,4.074,4.901,0.47819517,0.434,0.2224,0.6799,0.3481,0.5134,0.099151176,0.08106,0.0223,0.1587,0.05514,0.1034,0.1575063,0.151,0.04127,0.2926,0.1032,0.1936,0.5498314,0.5343,0.3581,0.7315,0.4674,0.5966,0.76816435,0.7577,0.5974,0.9188,0.7003,0.8151
136,independent,67,5532,3.3839772,3.451,2.401,4.672,3.049,3.821,0.71290864,0.5081,0.318,0.7112,0.4378,0.5771,0.31091516,0.2176,0.07992,0.3732,0.1638,0.2673,0.016017981,0.08155,0.01924,0.1787,0.05075,0.1055,0.3886772,0.3821,0.1747,0.6337,0.2967,0.4571,0.66853707,0.515,0.3038,0.7327,0.4431,0.5857
4176,independent,125,7557,6.8775753,6.586,4.979,8.494,5.961,7.154,0.4663776,0.4581,0.2765,0.672,0.3855,0.5249,0.16336269,0.1377,0.06918,0.211,0.1128,0.1615,0.11959791,0.08676,0.02039,0.19,0.05376,0.1127,0.43015976,0.4059,0.2421,0.5988,0.3425,0.4637,0.60694539,0.6475,0.5263,0.7861,0.6023,0.6889
2451,independent,65,6255,0.91650448,0.8727,-0.1919,1.891,0.5288,1.226,0.68951806,0.4774,0.2385,0.7262,0.3893,0.5635,0.019046623,0.07779,0.01513,0.2056,0.04126,0.1016,0.13966483,0.1313,0.0244,0.3306,0.07192,0.1729,0.24358236,0.3197,0.1031,0.6575,0.2116,0.4068,0.74065127,0.7051,0.3107,0.9447,0.6103,0.83
498,independent,23,566,1.871972,2.179,1.309,3.142,1.856,2.481,0.52182584,0.4036,0.2042,0.6358,0.3262,0.476,0.01904052,0.1106,0.02436,0.2519,0.066,0.1448,0.13390199,0.1742,0.04072,0.3641,0.1115,0.2262,0.52363021,0.5422,0.3212,0.7775,0.459,0.6245,0.52572023,0.7049,0.4429,0.9238,0.6197,0.7971
4790,independent,141,4919,2.5437463,2.487,1.651,3.375,2.187,2.779,0.50881229,0.4414,0.251,0.6557,0.3679,0.5102,0.21746712,0.1117,0.02595,0.2443,0.06828,0.1453,0.051014923,0.1012,0.02097,0.2328,0.05955,0.133,0.65743471,0.6551,0.4198,0.8614,0.5779,0.7381,0.54194616,0.5505,0.2941,0.8039,0.4616,0.6395
6687,independent,130,5689,6.5620326,6.545,5.157,8.131,6.012,7.042,0.64663188,0.6056,0.428,0.7819,0.5431,0.6676,0.14607288,0.1104,0.03679,0.1936,0.08164,0.1375,0.25204193,0.2096,0.09058,0.3374,0.1659,0.2514,0.58266679,0.4819,0.2841,0.7102,0.4048,0.5541,0.37134684,0.4495,0.3236,0.5705,0.4081,0.4923
1338,independent,53,7691,5.8179345,6.491,4.843,8.481,5.846,7.071,0.52986223,0.5025,0.3288,0.6985,0.4336,0.5668,0.12402591,0.1235,0.05335,0.1979,0.09811,0.1484,0.081518498,0.09296,0.02616,0.1824,0.06305,0.1184,0.3012156,0.3403,0.1934,0.5213,0.2802,0.3935,0.56515207,0.6027,0.4858,0.7284,0.5603,0.6424
470,independent,54,6082,3.2966499,2.609,1.642,3.705,2.245,2.944,0.16326413,0.4823,0.2422,0.7261,0.3958,0.5677,0.051151647,0.04953,0.01126,0.115,0.02944,0.0637,0.25190754,0.1902,0.03932,0.4241,0.1129,0.2513,0.11302385,0.2537,0.1281,0.4147,0.2018,0.2991,0.72275408,0.7228,0.5042,0.9166,0.6509,0.7992
54,independent,47,4407,7.9168286,8.632,6.748,10.79,7.916,9.296,0.51677998,0.5215,0.3207,0.7361,0.4462,0.5938,0.201618,0.1668,0.08228,0.2525,0.1368,0.1967,0.28023418,0.1769,0.1001,0.2579,0.1496,0.2036,0.48745519,0.561,0.3519,0.7852,0.4812,0.6383,0.54904532,0.5587,0.461,0.6664,0.5238,0.5918
4,independent,24,346,5.7119942,5.077,3.951,6.329,4.652,5.478,0.63699034,0.599,0.3995,0.7877,0.5324,0.6672,0.15073581,0.1115,0.05457,0.1735,0.0906,0.1313,0.077932943,0.1335,0.04041,0.255,0.0926,0.1687,0.30650771,0.4271,0.2516,0.6364,0.3577,0.4907,0.90933662,0.8213,0.6782,0.9492,0.7728,0.8726
5219,independent,65,1752,1.4963283,2.025,1.223,2.906,1.724,2.308,0.50917019,0.5413,0.3096,0.7645,0.4602,0.6231,0.024369018,0.06281,0.01409,0.1463,0.03713,0.08193,0.1658076,0.1855,0.03698,0.425,0.1074,0.2465,0.14695169,0.3404,0.1371,0.6197,0.2475,0.4195,0.82405874,0.756,0.513,0.941,0.6828,0.8394
1267,independent,76,6094,2.8312169,3.146,2.202,4.23,2.793,3.471,0.32881103,0.4925,0.2824,0.7126,0.4155,0.5674,0.033839083,0.06667,0.01892,0.1334,0.04492,0.08483,0.13376419,0.1056,0.02227,0.246,0.06215,0.138,0.32027917,0.3357,0.1847,0.5289,0.2728,0.39,0.88830986,0.7936,0.6072,0.949,0.7339,0.8593
5119,independent,110,4335,7.8618107,7.294,5.61,9.27,6.643,7.891,0.39630077,0.3825,0.2457,0.5433,0.33,0.4302,0.10887806,0.09253,0.02964,0.1679,0.06691,0.1154,0.18822329,0.1498,0.064,0.2398,0.1192,0.1792,0.5012634,0.5306,0.3311,0.7537,0.4536,0.6036,0.40612409,0.5194,0.4142,0.6282,0.4826,0.5549
3194,independent,29,5497,6.3851794,6.435,5.101,7.937,5.932,6.907,0.36526116,0.5124,0.3316,0.7018,0.4472,0.5763,0.15071975,0.1877,0.104,0.2724,0.1585,0.2166,0.063488761,0.09175,0.02345,0.1873,0.06006,0.1181,0.41697457,0.5428,0.3432,0.7633,0.4676,0.6163,0.74829693,0.7738,0.6321,0.9172,0.7224,0.8246
1443,independent,68,1956,5.1321265,4.491,3.402,5.694,4.084,4.877,0.56293952,0.5799,0.3767,0.7804,0.5092,0.6504,0.12752991,0.1343,0.04546,0.241,0.09868,0.1668,0.16536849,0.1031,0.02788,0.2049,0.06924,0.1316,0.42932553,0.4702,0.2857,0.6821,0.3976,0.5371,0.50491047,0.5402,0.3793,0.7072,0.4849,0.5948
3653,independent,2,6340,5.9646491,6.293,4.878,7.944,5.75,6.792,0.49228911,0.5199,0.3506,0.7017,0.4573,0.5803,0.10567982,0.1234,0.04008,0.2188,0.0907,0.1536,0.16611859,0.1819,0.09106,0.2787,0.1492,0.214,0.55949511,0.4961,0.2685,0.7446,0.4071,0.5802,0.39436152,0.3028,0.158,0.4402,0.2551,0.3512
475,independent,84,666,5.224684,5.824,4.467,7.394,5.313,6.297,0.63737357,0.5436,0.3144,0.7731,0.4612,0.6251,0.16252448,0.1468,0.07577,0.2236,0.1212,0.1712,0.16557004,0.1209,0.03265,0.2381,0.08098,0.1554,0.53473327,0.3564,0.2218,0.5161,0.3033,0.4053,0.75450963,0.682,0.5457,0.827,0.6336,0.7301
6259,independent,67,7778,2.7639747,3.025,2.036,4.141,2.661,3.373,0.47022781,0.4701,0.2848,0.6743,0.4006,0.537,0.19293189,0.135,0.03244,0.2888,0.08501,0.1755,0.047381293,0.07113,0.01654,0.1566,0.04447,0.09189,0.37957104,0.4347,0.2214,0.6818,0.3509,0.5136,0.40167571,0.4618,0.245,0.6824,0.3888,0.5346
6773,independent,113,6050,6.5281316,5.95,4.539,7.597,5.404,6.453,0.46501152,0.4859,0.3079,0.682,0.4184,0.5492,0.15365975,0.1089,0.03905,0.1926,0.08077,0.134,0.15222145,0.09806,0.02427,0.1966,0.06423,0.1263,0.49085753,0.4652,0.3002,0.6626,0.399,0.5249,0.54241545,0.504,0.3777,0.6294,0.4624,0.5465
5767,independent,92,5475,3.9722054,3.826,2.73,5.166,3.399,4.211,0.53415463,0.44,0.2197,0.6809,0.3558,0.5187,0.042840391,0.0704,0.01919,0.1408,0.04697,0.09043,0.21402664,0.2034,0.05363,0.4015,0.1367,0.2604,0.41060919,0.3308,0.1673,0.5398,0.2617,0.3903,0.73083962,0.7408,0.5675,0.9137,0.6801,0.8012
7666,independent,5,2115,4.6518802,3.374,2.353,4.529,2.989,3.736,0.30094144,0.5034,0.2817,0.7336,0.4236,0.5822,0.053049608,0.08191,0.0239,0.1597,0.05625,0.1035,0.11745337,0.1864,0.04861,0.3694,0.1236,0.2388,0.13794078,0.2291,0.09961,0.4036,0.1742,0.2751,0.75480432,0.7951,0.6196,0.9463,0.7372,0.8572
2785,independent,22,6387,4.5193836,5.271,3.978,6.764,4.776,5.731,0.5441327,0.6135,0.423,0.8021,0.5453,0.6809,0.14852029,0.1767,0.08609,0.2724,0.1436,0.2087,0.11944493,0.1601,0.04959,0.2962,0.1139,0.2013,0.35531,0.4352,0.2207,0.6803,0.3515,0.5144,0.6134919,0.6745,0.5234,0.8377,0.6196,0.728
234,independent,22,2509,3.6464594,4.822,3.587,6.249,4.344,5.254,0.71299675,0.5126,0.3334,0.703,0.4466,0.5755,0.17269553,0.05078,0.01448,0.1011,0.0342,0.06441,0.10272907,0.1188,0.02521,0.2691,0.07075,0.1564,0.34561865,0.2494,0.1392,0.3917,0.2034,0.289,0.66189469,0.5991,0.4504,0.7579,0.5466,0.6498
393,independent,132,6775,1.7041194,1.184,0.3095,2.142,0.8637,1.483,0.58155263,0.4777,0.2419,0.7248,0.3902,0.5641,0.11330433,0.09277,0.01772,0.2313,0.05198,0.1215,0.094891737,0.135,0.02616,0.3286,0.07641,0.1775,0.45166462,0.3688,0.1413,0.6722,0.2692,0.4554,0.61434382,0.5085,0.1766,0.8506,0.3807,0.6326
5773,independent,116,7906,5.339582,5.568,4.318,6.987,5.097,6.01,0.49920604,0.4357,0.2888,0.6022,0.3802,0.4873,0.086081026,0.03909,0.009668,0.08625,0.02448,0.05044,0.11249748,0.1151,0.03536,0.2155,0.08062,0.1454,0.52313872,0.5195,0.2954,0.7621,0.4342,0.6013,0.49082905,0.4217,0.2953,0.5426,0.3807,0.464
2771,independent,26,6863,4.6926759,5.824,4.479,7.393,5.306,6.297,0.59931604,0.4907,0.3412,0.6554,0.4354,0.5434,0.12771881,0.07309,0.02104,0.1439,0.0492,0.0932,0.088642437,0.1125,0.04185,0.1951,0.08493,0.1377,0.52592289,0.447,0.2569,0.6644,0.3721,0.5161,0.41128097,0.285,0.1432,0.4169,0.2388,0.3333
7102,independent,145,3204,4.3471839,5.808,4.476,7.4,5.291,6.283,0.25918879,0.2585,0.152,0.3881,0.2159,0.2971,0.046962571,0.05612,0.01346,0.1214,0.03524,0.07274,0.0050828686,0.03538,0.008675,0.0768,0.02222,0.0457,0.68473068,0.5911,0.3848,0.8087,0.5126,0.6667,0.54953303,0.5367,0.4137,0.6665,0.4939,0.5789
3787,independent,85,7238,8.1755121,6.56,5.068,8.248,5.999,7.082,0.4744071,0.5488,0.3623,0.7443,0.4797,0.6151,0.19431032,0.1641,0.09566,0.2366,0.1399,0.1877,0.15550541,0.1121,0.0288,0.2311,0.07237,0.1448,0.28337725,0.2925,0.1693,0.4449,0.2421,0.3374,0.7350241,0.7491,0.6188,0.888,0.7011,0.7949
5223,independent,138,3530,8.1354859,7.8,6.008,9.871,7.101,8.444,0.43448307,0.4578,0.2816,0.6685,0.3865,0.5231,0.21734721,0.1825,0.08336,0.2813,0.1488,0.2161,0.25690704,0.2489,0.1688,0.3325,0.2207,0.2769,0.43879655,0.4937,0.304,0.7122,0.4196,0.5625,0.35396797,0.2934,0.1522,0.42,0.2472,0.3417
497,independent,33,6575,6.4547718,7.2,5.763,8.853,6.649,7.715,0.67015384,0.6257,0.4528,0.7976,0.5653,0.6857,0.12082794,0.09252,0.03007,0.1652,0.06749,0.1155,0.22324144,0.161,0.05923,0.2738,0.1209,0.1986,0.65664728,0.619,0.3885,0.8356,0.539,0.7008,0.35047896,0.4323,0.3007,0.5582,0.3896,0.4753
2085,independent,113,7364,6.8181036,6.609,5.034,8.425,5.998,7.174,0.38668335,0.3928,0.2444,0.5683,0.3336,0.4463,0.1156741,0.07319,0.01873,0.1513,0.04729,0.09499,0.15747417,0.1375,0.05469,0.2297,0.1065,0.1664,0.35567051,0.3789,0.213,0.5915,0.3104,0.4388,0.37270938,0.3702,0.2406,0.4855,0.3301,0.4129
142,independent,102,3071,6.7983463,6.121,4.62,7.862,5.538,6.654,0.33005092,0.4766,0.2863,0.6917,0.4031,0.5453,0.086179876,0.05988,0.01765,0.1162,0.04158,0.07568,0.25253491,0.2846,0.1474,0.4182,0.238,0.3316,0.29582907,0.4565,0.3047,0.6337,0.3979,0.5106,0.52595046,0.543,0.4187,0.6751,0.4997,0.5848
3212,independent,157,6320,4.8341487,4.262,3.146,5.568,3.83,4.655,0.29998474,0.474,0.2651,0.6959,0.3959,0.5508,0.030443657,0.05364,0.01627,0.1035,0.03692,0.06806,0.081702511,0.1208,0.02567,0.2738,0.0718,0.1591,0.24160217,0.312,0.1923,0.4597,0.2637,0.3545,0.65052598,0.798,0.6424,0.9424,0.7461,0.8532
219,independent,69,7866,4.6499606,5.102,3.891,6.464,4.646,5.521,0.41293316,0.3732,0.2081,0.5732,0.3061,0.4338,0.20952917,0.1278,0.03102,0.2665,0.08149,0.1656,0.10117676,0.08899,0.02734,0.1653,0.06281,0.1127,0.60490799,0.6129,0.4217,0.8096,0.5428,0.6829,0.3491275,0.3821,0.2328,0.5263,0.3329,0.4321
917,independent,136,6875,5.1014828,4.81,3.709,6.086,4.385,5.2,0.50278552,0.4561,0.27,0.6662,0.3833,0.525,0.14712093,0.1198,0.03652,0.2247,0.08423,0.1517,0.037017719,0.05833,0.01633,0.1129,0.04018,0.07397,0.52539582,0.6054,0.3873,0.8199,0.5283,0.6824,0.43199951,0.4542,0.2908,0.6124,0.4012,0.5091
2928,independent,11,1627,6.7300145,5.088,3.721,6.747,4.541,5.579,0.37035488,0.3956,0.2408,0.5778,0.3343,0.4514,0.21469125,0.131,0.04283,0.2351,0.09546,0.1634,0.12563306,0.09269,0.02484,0.1867,0.0611,0.1195,0.37803246,0.3948,0.2312,0.5955,0.3273,0.4547,0.69934308,0.7373,0.5881,0.9004,0.6806,0.7916
5720,independent,111,3746,4.9588242,4.122,3.112,5.255,3.745,4.481,0.50006468,0.5447,0.3624,0.7324,0.4797,0.6093,0.11715566,0.135,0.03832,0.2602,0.09265,0.1718,0.25119569,0.2044,0.06982,0.3567,0.1527,0.2525,0.5875155,0.5889,0.3684,0.8086,0.5106,0.6674,0.58001024,0.5326,0.3464,0.7236,0.4681,0.5952
1846,independent,90,3560,3.3654645,4.346,3.314,5.543,3.954,4.701,0.68292417,0.4321,0.2457,0.6433,0.3611,0.4995,0.18793174,0.1401,0.05143,0.2435,0.1055,0.1716,0.07615962,0.08303,0.02144,0.1716,0.05354,0.1069,0.65324307,0.594,0.3563,0.826,0.5089,0.6804,0.9223388,0.7757,0.6052,0.935,0.7168,0.8369
371,independent,102,1700,5.9348685,6.264,4.892,7.772,5.757,6.736,0.5835691,0.5789,0.3964,0.7652,0.5144,0.6427,0.085920454,0.08618,0.03277,0.1488,0.06494,0.1054,0.20071712,0.1741,0.04634,0.3344,0.1183,0.2233,0.390931,0.4828,0.3162,0.6649,0.4206,0.5419,0.58755318,0.6284,0.4989,0.7736,0.5809,0.6729
523,independent,127,1756,2.2425798,1.667,0.7149,2.759,1.313,1.991,0.3798275,0.3616,0.1556,0.625,0.271,0.4403,0.24438092,0.1285,0.02814,0.2937,0.07619,0.1694,0.12927971,0.1228,0.02452,0.2928,0.0703,0.1618,0.35115583,0.4677,0.2333,0.7232,0.3791,0.5517,0.48628933,0.6024,0.2862,0.8885,0.4984,0.7106
5232,independent,136,525,5.388801,6.336,4.818,8.178,5.747,6.867,0.38947547,0.3584,0.2021,0.5461,0.2969,0.4141,0.087572795,0.115,0.04249,0.1998,0.08668,0.1407,0.054392511,0.07688,0.01998,0.1578,0.05018,0.09883,0.43477192,0.461,0.2922,0.6613,0.3943,0.522,0.4612952,0.5708,0.4595,0.6908,0.5314,0.6084
7534,independent,13,5554,6.3799042,5.887,4.54,7.464,5.373,6.363,0.54187777,0.4959,0.3591,0.647,0.4456,0.5435,0.11974914,0.1163,0.04781,0.1946,0.08974,0.1409,0.076297996,0.06378,0.0195,0.1196,0.04524,0.08021,0.62687676,0.5922,0.362,0.8197,0.5101,0.6758,0.37394291,0.3292,0.1882,0.4578,0.2843,0.3765
4013,independent,140,638,7.3042078,7.007,5.488,8.779,6.427,7.549,0.51554527,0.4729,0.2838,0.6808,0.4013,0.5411,0.15113913,0.1197,0.03909,0.2188,0.08528,0.1498,0.16485041,0.1687,0.1002,0.2385,0.1452,0.192,0.64519838,0.6131,0.393,0.8284,0.533,0.6926,0.44020488,0.3803,0.2521,0.4973,0.3406,0.422
6148,independent,74,1008,2.5238425,3.022,2.118,4.026,2.686,3.335,0.51040602,0.5591,0.3356,0.7764,0.4802,0.6382,0.022812554,0.05483,0.01327,0.1216,0.03382,0.0709,0.057241118,0.1886,0.04016,0.4167,0.1139,0.2489,0.1145557,0.1986,0.08025,0.3587,0.1484,0.2408,0.80045746,0.7326,0.5472,0.9111,0.6675,0.8002
5024,independent,44,1095,2.3140606,3.443,2.244,4.887,2.977,3.859,0.50644138,0.369,0.2074,0.5659,0.3025,0.4293,0.081418195,0.08037,0.01953,0.1758,0.0505,0.1036,0.21533929,0.1047,0.02464,0.2319,0.0649,0.1362,0.62212128,0.355,0.1739,0.5886,0.2798,0.4203,0.73223612,0.4622,0.2716,0.6579,0.3988,0.5241
2433,independent,10,4158,7.4535591,6.586,5.115,8.228,6.031,7.099,0.41861395,0.3634,0.2094,0.5369,0.3043,0.4188,0.21157417,0.1936,0.1068,0.2802,0.1638,0.2233,0.19681708,0.2364,0.1041,0.3727,0.1886,0.2832,0.52849362,0.6221,0.3978,0.8344,0.5464,0.7014,0.86304375,0.8633,0.7301,0.9681,0.8221,0.91
192,independent,136,2154,4.9213248,3.472,2.485,4.584,3.111,3.809,0.40190389,0.3524,0.1965,0.5321,0.2918,0.4084,0.086856464,0.07157,0.01501,0.1762,0.04119,0.09235,0.11629033,0.07469,0.01836,0.1564,0.04707,0.09677,0.54879597,0.6354,0.4352,0.8335,0.566,0.7061,0.43452827,0.5704,0.3798,0.7724,0.5031,0.6356
5002,independent,115,3636,4.4776301,4.103,2.937,5.544,3.632,4.521,0.34381961,0.3046,0.1626,0.4761,0.2479,0.3566,0.41173435,0.2514,0.05927,0.5023,0.1615,0.3292,0.088593951,0.09037,0.0337,0.1577,0.06772,0.111,0.41616136,0.4746,0.2,0.7619,0.3707,0.5761,0.23559433,0.2064,0.06893,0.3559,0.1535,0.2564
190,independent,94,6218,6.9568981,6.112,4.6,7.841,5.53,6.644,0.44456162,0.547,0.3583,0.7444,0.4789,0.6135,0.19264512,0.252,0.1526,0.3521,0.2178,0.2856,0.092303856,0.1497,0.05484,0.2599,0.1128,0.1841,0.24912788,0.3401,0.166,0.5545,0.2676,0.4055,0.4885935,0.5045,0.3684,0.6427,0.4593,0.5487
4681,independent,8,2882,5.9356143,4.995,3.888,6.227,4.584,5.387,0.61777835,0.5543,0.3748,0.7418,0.4904,0.6182,0.26469748,0.1352,0.04181,0.2524,0.09557,0.1702,0.18023751,0.1341,0.04945,0.231,0.1008,0.1649,0.57857739,0.6715,0.4958,0.8446,0.6104,0.7334,0.76358427,0.7227,0.5616,0.8896,0.6636,0.7807
321,independent,1,1836,7.6811513,8.109,6.308,10.23,7.406,8.752,0.44447727,0.4906,0.3267,0.678,0.4265,0.5507,0.043216694,0.06682,0.02169,0.1233,0.04758,0.08369,0.15010622,0.1448,0.07251,0.2204,0.1194,0.1695,0.33328971,0.4305,0.2658,0.63,0.3641,0.4907,0.49154114,0.4455,0.3428,0.5438,0.4126,0.4793
43,independent,48,619,2.4388412,1.977,1.071,2.998,1.634,2.294,0.33633894,0.4104,0.1884,0.66,0.3249,0.4912,0.028554516,0.0924,0.02242,0.2054,0.05681,0.1203,0.25733682,0.2054,0.04239,0.4458,0.1261,0.271,0.38556623,0.3555,0.1566,0.6038,0.2705,0.431,0.83593093,0.7407,0.4859,0.9374,0.6637,0.8282
3964,independent,32,3374,3.8547138,3.082,2.144,4.134,2.729,3.408,0.37527834,0.53,0.3186,0.7458,0.4528,0.607,0.088845213,0.09151,0.02424,0.1888,0.05923,0.1181,0.021602334,0.1594,0.03419,0.3632,0.09415,0.2093,0.20727862,0.3403,0.1509,0.5842,0.2589,0.4114,0.70511308,0.6888,0.4752,0.8939,0.6174,0.7617
5151,independent,121,6536,3.3818267,2.958,2.078,3.943,2.626,3.265,0.3777452,0.4423,0.2178,0.6834,0.3583,0.5232,0.039347385,0.06065,0.01499,0.134,0.0377,0.0781,0.20002067,0.1723,0.03537,0.3988,0.1006,0.2263,0.25282802,0.3155,0.1753,0.4935,0.2572,0.3657,0.79680001,0.8393,0.6608,0.9664,0.7897,0.8997
409,independent,124,3665,4.7502661,4.818,3.743,6.046,4.397,5.204,0.51091874,0.4304,0.2374,0.6433,0.3559,0.5003,0.097999312,0.0842,0.0202,0.1806,0.05306,0.109,0.034116587,0.1041,0.03637,0.1855,0.07792,0.1283,0.46999225,0.6112,0.3974,0.8254,0.5342,0.6884,0.34251664,0.3951,0.2319,0.5501,0.3424,0.4488
5831,independent,33,2140,7.6760314,6.929,5.392,8.713,6.336,7.47,0.63457295,0.6024,0.4376,0.7709,0.5446,0.6604,0.11774057,0.09983,0.03066,0.1857,0.07112,0.1261,0.19875058,0.2196,0.1083,0.3339,0.1802,0.258,0.48025931,0.3779,0.2175,0.5869,0.3111,0.4358,0.35776,0.2535,0.1111,0.3853,0.2066,0.3036
294,independent,55,2477,2.0463133,2.307,1.443,3.247,1.997,2.605,0.59006033,0.5205,0.2951,0.7441,0.4426,0.5997,0.030117201,0.09126,0.02042,0.2088,0.05499,0.1187,0.23787126,0.1347,0.02758,0.3254,0.0767,0.1773,0.25007162,0.2827,0.1135,0.5103,0.2082,0.3464,0.7021592,0.6689,0.4137,0.8967,0.5869,0.7576
195,independent,9,136,6.9979851,5.916,4.538,7.517,5.381,6.412,0.3917256,0.4877,0.316,0.676,0.4238,0.548,0.16627532,0.1044,0.03239,0.1936,0.07397,0.1312,0.11984058,0.129,0.05215,0.2124,0.1005,0.156,0.54563693,0.4745,0.2859,0.69,0.4015,0.5417,0.45928618,0.4638,0.335,0.5931,0.4211,0.5067
787,independent,135,1416,2.2982212,2.438,1.483,3.572,2.067,2.777,0.48604911,0.4737,0.2545,0.7068,0.391,0.5552,0.035288009,0.1132,0.0271,0.2421,0.07134,0.1466,0.019284813,0.1502,0.03566,0.3163,0.09599,0.1942,0.48531462,0.4432,0.204,0.7226,0.3446,0.5345,0.32680334,0.5848,0.3212,0.8455,0.4957,0.6753
273,independent,7,827,3.8459628,3.099,2.084,4.293,2.716,3.444,0.19870423,0.3632,0.1809,0.5842,0.2894,0.4297,0.13753319,0.121,0.02641,0.2711,0.07406,0.1581,0.072482167,0.09342,0.02134,0.2075,0.05708,0.1218,0.41244541,0.5307,0.332,0.753,0.4545,0.6018,0.74995781,0.5681,0.3441,0.795,0.493,0.6442
286,independent,96,2144,1.6667563,2.721,1.656,3.97,2.308,3.095,0.43144154,0.4234,0.2214,0.6606,0.3431,0.4984,0.21564844,0.17,0.04465,0.3415,0.1125,0.2194,0.032324061,0.06567,0.01465,0.1533,0.03888,0.08531,0.45715002,0.4482,0.2341,0.7052,0.3621,0.5264,0.64000219,0.5507,0.3123,0.7998,0.4676,0.6324
4551,independent,99,7539,2.2628271,2.37,1.554,3.245,2.075,2.651,0.36403667,0.5408,0.3116,0.7618,0.4608,0.6228,0.047241773,0.05288,0.01148,0.127,0.03074,0.06889,0.10120569,0.2171,0.04741,0.4606,0.134,0.2857,0.27007203,0.4634,0.2199,0.728,0.3685,0.5541,0.56770059,0.7391,0.4939,0.9393,0.6617,0.8262
3149,independent,157,6818,4.4121217,4.327,3.066,5.8,3.84,4.774,0.28989189,0.399,0.2215,0.6125,0.3259,0.4651,0.044271161,0.06977,0.02218,0.1314,0.04929,0.08724,0.26353831,0.204,0.05881,0.3888,0.1426,0.258,0.32207727,0.3308,0.182,0.5148,0.2705,0.3847,0.68920598,0.7488,0.5934,0.912,0.6912,0.8066
2712,independent,72,6044,4.0781562,4.376,3.241,5.694,3.946,4.766,0.35199811,0.3486,0.2106,0.5184,0.2926,0.3987,0.035647149,0.07365,0.01706,0.1669,0.04442,0.09583,0.082472732,0.1272,0.04219,0.2281,0.09333,0.1583,0.35996195,0.4905,0.2821,0.7238,0.4118,0.5653,0.25727728,0.2879,0.1189,0.457,0.2282,0.3479
3518,independent,122,7952,3.4151878,3.475,2.305,4.884,3.024,3.89,0.56356347,0.4475,0.2349,0.6879,0.3649,0.5242,0.075144915,0.126,0.03542,0.2405,0.0866,0.1604,0.24709415,0.2227,0.07358,0.3983,0.1635,0.2765,0.4972421,0.407,0.2221,0.6331,0.3314,0.4755,0.79317333,0.667,0.4733,0.8674,0.5966,0.736
596,independent,43,2469,5.1047503,4.633,3.287,6.151,4.117,5.111,0.51728927,0.5021,0.3079,0.7077,0.4302,0.5719,0.1448119,0.1682,0.06916,0.2735,0.1323,0.2029,0.19386847,0.194,0.08004,0.3315,0.1485,0.2351,0.39230187,0.3404,0.1644,0.5622,0.2688,0.4042,0.38801617,0.4282,0.2571,0.5939,0.3726,0.4852
3168,independent,15,2965,4.5801321,4.838,3.593,6.293,4.364,5.277,0.33604525,0.4478,0.2817,0.6413,0.3833,0.5068,0.049631236,0.05617,0.01425,0.1183,0.03573,0.07281,0.084297281,0.1328,0.02964,0.2922,0.08156,0.1733,0.40089943,0.3701,0.2219,0.5576,0.308,0.4239,0.67978707,0.6226,0.4787,0.7802,0.5709,0.6707
6804,independent,132,302,0.927661,1.08,0.207,1.991,0.7734,1.381,0.62926689,0.5163,0.2841,0.7475,0.4325,0.6004,0.058211388,0.09846,0.02042,0.2387,0.05555,0.1294,0.17439887,0.1191,0.02364,0.294,0.06703,0.1565,0.38541538,0.3815,0.1345,0.6901,0.2741,0.4772,0.50192294,0.5194,0.1865,0.8611,0.3941,0.6419
5586,independent,134,3694,5.4593437,5.2,4.035,6.573,4.741,5.613,0.4735535,0.3985,0.2434,0.5935,0.3347,0.4547,0.077819807,0.08508,0.0192,0.1909,0.05112,0.111,0.0895569,0.04617,0.01094,0.09956,0.02911,0.05996,0.62194976,0.5194,0.3357,0.73,0.4479,0.5857,0.24684316,0.2892,0.1361,0.4341,0.2377,0.342
5772,independent,148,4124,4.1633206,4.313,3.231,5.545,3.906,4.691,0.40151937,0.5745,0.3476,0.7915,0.4949,0.6549,0.074161559,0.098,0.03112,0.1779,0.07053,0.1227,0.11646821,0.1447,0.03241,0.3156,0.08835,0.1898,0.2766836,0.3133,0.1605,0.5145,0.249,0.3677,0.62072525,0.6958,0.5342,0.8591,0.6404,0.7511
3765,independent,106,2679,0.32351261,0.9422,0.09176,1.881,0.637,1.234,0.49797923,0.47,0.2396,0.7144,0.3828,0.5536,0.051056574,0.1246,0.02472,0.3039,0.07025,0.1643,0.048842158,0.1182,0.02174,0.2942,0.06557,0.1561,0.58944063,0.4148,0.1545,0.718,0.3072,0.5161,0.70960988,0.6309,0.2672,0.915,0.5173,0.7591
269,independent,18,5340,4.2411727,5.634,4.381,7.053,5.162,6.074,0.47776399,0.591,0.3951,0.7863,0.5214,0.6603,0.10936417,0.1208,0.05848,0.1893,0.09778,0.1429,0.067500256,0.1113,0.02301,0.2621,0.06503,0.1459,0.54502061,0.3648,0.2152,0.5448,0.3053,0.418,0.86684712,0.7329,0.5839,0.8924,0.6786,0.786
625,independent,35,2923,3.3737537,3.121,1.953,4.479,2.671,3.528,0.49006915,0.416,0.2275,0.636,0.3403,0.4843,0.1765716,0.1561,0.04129,0.3087,0.1037,0.2009,0.16637469,0.1525,0.03848,0.3157,0.09893,0.1969,0.25555845,0.3578,0.1563,0.6013,0.2761,0.4307,0.53769468,0.6782,0.4643,0.8933,0.6015,0.7538
337,independent,91,3579,3.1848568,2.921,1.885,4.16,2.526,3.276,0.25141616,0.4583,0.2443,0.6997,0.3748,0.5373,0.013722285,0.07913,0.02037,0.1668,0.05115,0.1018,0.10674448,0.1203,0.02429,0.2945,0.06744,0.1592,0.16153408,0.1737,0.05823,0.3424,0.121,0.216,0.71048208,0.6319,0.4187,0.8518,0.559,0.7048
4145,independent,83,5497,5.5647216,5.392,4.117,6.899,4.899,5.843,0.39405043,0.322,0.1794,0.495,0.2653,0.3727,0.13401781,0.09226,0.02717,0.1751,0.06419,0.1164,0.03567727,0.07787,0.02206,0.152,0.05289,0.09931,0.71666099,0.5965,0.398,0.8014,0.5242,0.667,0.68491582,0.6694,0.5312,0.8256,0.6173,0.7188
5454,independent,16,5549,6.2114982,6.33,5.024,7.836,5.83,6.793,0.43313091,0.5548,0.3505,0.7561,0.4843,0.6267,0.02575167,0.06206,0.02031,0.112,0.04485,0.07741,0.16749943,0.134,0.04185,0.2545,0.09466,0.1678,0.61091729,0.5154,0.3084,0.7517,0.4347,0.5916,0.80383691,0.7959,0.6603,0.9309,0.7467,0.8462
403,independent,26,5882,5.1462678,6.086,4.625,7.819,5.51,6.603,0.54645516,0.4729,0.3169,0.6523,0.4119,0.5295,0.063371221,0.1083,0.03506,0.1907,0.07925,0.1355,0.23802095,0.2168,0.1159,0.3241,0.1801,0.2525,0.62464861,0.4906,0.2639,0.7488,0.4,0.5758,0.22723955,0.2396,0.09584,0.3816,0.1877,0.2912
87,independent,100,5522,3.686803,3.151,2.159,4.263,2.782,3.49,0.56037354,0.5894,0.387,0.7862,0.5186,0.6623,0.046314083,0.0532,0.01306,0.1161,0.03345,0.06875,0.041519768,0.179,0.04704,0.3668,0.1187,0.2296,0.23343074,0.3042,0.1394,0.5124,0.2355,0.3635,0.69980601,0.6128,0.4064,0.8324,0.5394,0.6829
277,independent,60,2536,4.0614896,3.919,2.745,5.331,3.454,4.336,0.61290066,0.3755,0.1791,0.6187,0.2941,0.4483,0.04680816,0.08801,0.0236,0.1774,0.05838,0.1125,0.21522146,0.2642,0.1238,0.4177,0.213,0.3127,0.79622734,0.5347,0.3416,0.7414,0.4625,0.6046,0.50638927,0.6387,0.46,0.8253,0.5755,0.6991
5201,independent,145,1820,5.3639341,5.516,4.237,6.996,5.025,5.963,0.32981651,0.2599,0.1422,0.403,0.2119,0.3022,0.070115346,0.1211,0.03993,0.2271,0.08593,0.1514,0.01455963,0.03536,0.008568,0.0761,0.02219,0.04592,0.59793498,0.5291,0.3328,0.751,0.4526,0.6016,0.4470696,0.5445,0.4232,0.6723,0.5028,0.5849
3803,independent,119,1160,2.7956857,2.465,1.504,3.54,2.103,2.803,0.36271491,0.4497,0.227,0.6922,0.3665,0.5302,0.21245071,0.1113,0.03287,0.2127,0.07781,0.1404,0.20421441,0.1256,0.02407,0.3094,0.07029,0.165,0.11882983,0.228,0.08651,0.4206,0.1654,0.2803,0.83205902,0.7903,0.583,0.9489,0.7272,0.8622
2884,independent,75,2595,2.69322,2.366,1.449,3.4,2.032,2.681,0.31642894,0.4919,0.2433,0.7382,0.4014,0.5832,0.036230358,0.06383,0.01437,0.1459,0.03907,0.08219,0.38888099,0.2011,0.041,0.4522,0.1203,0.2651,0.2804906,0.237,0.1027,0.4075,0.1823,0.2839,0.85559002,0.7938,0.5812,0.9547,0.7305,0.8675
6161,independent,73,5660,6.3658852,7.047,5.593,8.803,6.465,7.572,0.27712023,0.2492,0.161,0.3532,0.2145,0.2813,0.049951716,0.1261,0.0348,0.2539,0.08363,0.1619,0.0068926029,0.01942,0.004884,0.04131,0.01239,0.02498,0.82345256,0.4473,0.2092,0.723,0.3492,0.538,0.24216002,0.1956,0.06659,0.3297,0.1477,0.2422
4824,independent,17,6746,7.3612532,7.852,6.163,9.797,7.225,8.431,0.60612389,0.4886,0.2773,0.7208,0.4045,0.5682,0.097585305,0.1053,0.05119,0.1621,0.08578,0.1243,0.087348701,0.09959,0.02261,0.21,0.06245,0.13,0.58153731,0.5674,0.3652,0.7852,0.4916,0.6428,0.71237786,0.757,0.6328,0.8938,0.71,0.801
897,independent,106,3515,0.1,-0.3828,-1.433,0.6601,-0.7356,-0.02761,0.57653045,0.4391,0.2079,0.7002,0.3475,0.5257,0.059383114,0.1159,0.02271,0.2926,0.06342,0.1523,0.040604595,0.1301,0.02479,0.3253,0.07143,0.1717,0.24778144,0.4428,0.1625,0.7482,0.3326,0.549,0.54839067,0.5016,0.1295,0.8922,0.3386,0.661
92,independent,129,613,5.319638,5.534,4.322,6.903,5.081,5.964,0.41516074,0.5023,0.3226,0.6936,0.4362,0.5664,0.076111361,0.06078,0.01837,0.117,0.04227,0.0767,0.13116728,0.1079,0.02886,0.2174,0.07159,0.1389,0.49375643,0.504,0.3379,0.6856,0.4408,0.5633,0.73215977,0.6683,0.5284,0.8221,0.6172,0.7173
5579,independent,143,7330,4.0152312,3.858,2.693,5.256,3.406,4.266,0.20879525,0.2125,0.09911,0.36,0.1649,0.2537,0.06903411,0.08934,0.01936,0.2076,0.05309,0.1166,0.054831066,0.06216,0.01847,0.1208,0.04336,0.07818,0.38078581,0.4811,0.2513,0.7246,0.3941,0.5668,0.2392864,0.3295,0.1619,0.4917,0.2735,0.3852
38,independent,38,6597,5.7981694,5.509,4.196,7.007,5.005,5.979,0.38443274,0.4815,0.3055,0.673,0.4155,0.5445,0.14793769,0.1479,0.05928,0.246,0.1149,0.1794,0.13249333,0.1203,0.04023,0.215,0.08867,0.1492,0.59042483,0.5306,0.3286,0.7476,0.4555,0.6028,0.59318328,0.5601,0.4187,0.7059,0.5101,0.6085
183,independent,112,3274,6.1271424,4.931,3.682,6.441,4.446,5.375,0.34676587,0.4718,0.3051,0.6655,0.4078,0.5307,0.098273768,0.1179,0.03567,0.2223,0.08324,0.148,0.12094607,0.1088,0.03544,0.2019,0.07775,0.136,0.39960965,0.4021,0.2073,0.6531,0.3195,0.4736,0.48713604,0.3805,0.2215,0.5265,0.3289,0.4339
213,independent,60,4934,4.2586122,4.095,2.927,5.481,3.649,4.499,0.40703607,0.3694,0.1932,0.5881,0.2972,0.4332,0.085489616,0.1418,0.0426,0.2613,0.1009,0.1788,0.18485038,0.1221,0.02871,0.2576,0.07725,0.1588,0.67047203,0.5548,0.3475,0.7781,0.4779,0.6287,0.66011548,0.7417,0.5652,0.9186,0.6783,0.807
10,independent,15,221,5.2298539,5.577,4.334,6.962,5.112,6.016,0.30191818,0.4281,0.2566,0.621,0.3641,0.4887,0.088376437,0.0595,0.01956,0.1074,0.043,0.07435,0.17202548,0.1079,0.02251,0.2462,0.06402,0.1417,0.37798989,0.4517,0.2903,0.6371,0.39,0.5088,0.79325494,0.8219,0.6899,0.947,0.7754,0.8704
2995,independent,24,3287,5.4164499,5.084,3.922,6.41,4.639,5.502,0.54921234,0.5451,0.3372,0.7566,0.4695,0.6185,0.12497583,0.1034,0.03371,0.1838,0.0752,0.1294,0.11473713,0.09662,0.02067,0.2218,0.05704,0.1273,0.34536194,0.2613,0.1499,0.398,0.2167,0.3006,0.87579714,0.7673,0.6203,0.9157,0.7139,0.8205
37,independent,66,5809,4.5879059,3.341,2.387,4.468,2.969,3.675,0.30171894,0.4267,0.2045,0.6815,0.3379,0.5085,0.093410208,0.1267,0.03278,0.2578,0.0837,0.1626,0.061477074,0.1047,0.02361,0.2338,0.06382,0.1366,0.40587211,0.6077,0.4003,0.8125,0.5345,0.6809,0.72464212,0.641,0.4262,0.8516,0.5685,0.7148
3863,independent,2,5949,4.6874303,4.962,3.776,6.312,4.519,5.377,0.49432512,0.5426,0.3498,0.7433,0.4708,0.6111,0.086984725,0.1376,0.04383,0.2499,0.09948,0.1722,0.19548531,0.1576,0.05844,0.2703,0.1197,0.1925,0.46690945,0.4518,0.2583,0.6723,0.3766,0.5213,0.37439779,0.4408,0.2764,0.6012,0.3861,0.4954
355,independent,51,7886,1.3228739,1.308,0.4653,2.225,1.001,1.602,0.57120599,0.4327,0.2052,0.6858,0.3425,0.5182,0.046434508,0.1058,0.02197,0.2499,0.06121,0.1392,0.2691146,0.1834,0.03766,0.4146,0.108,0.2441,0.4689763,0.4152,0.1528,0.7224,0.3038,0.5181,0.84577845,0.6621,0.3299,0.9225,0.5601,0.7766
7518,independent,78,4016,2.0845918,2.779,1.798,3.893,2.417,3.117,0.7040847,0.4316,0.2025,0.6834,0.3421,0.5151,0.0175992,0.07165,0.02127,0.1369,0.04932,0.09115,0.14962802,0.1109,0.02141,0.279,0.06115,0.1468,0.069178289,0.1506,0.05112,0.2966,0.1054,0.1869,0.81270391,0.8526,0.6935,0.9679,0.8062,0.9075
253,independent,77,3730,3.5771585,3.659,2.683,4.742,3.298,3.996,0.36140808,0.4848,0.2835,0.7026,0.4097,0.5581,0.13807934,0.1543,0.03849,0.317,0.09931,0.2005,0.31161558,0.2297,0.08265,0.3939,0.1732,0.2834,0.41208714,0.5103,0.2867,0.7441,0.4286,0.59,0.46725813,0.4016,0.1925,0.6144,0.3283,0.4735
3956,independent,140,4309,7.4662757,7.446,5.858,9.257,6.856,7.995,0.31412218,0.4966,0.3047,0.7063,0.4216,0.5674,0.08380857,0.04639,0.01105,0.1031,0.02842,0.06023,0.10714134,0.08683,0.02556,0.1631,0.06059,0.1097,0.43646452,0.4698,0.3315,0.6285,0.4176,0.5191,0.4937584,0.5567,0.4545,0.6674,0.5198,0.5912
6067,independent,143,7621,3.1653625,2.761,1.85,3.797,2.429,3.075,0.27176544,0.3578,0.1945,0.5682,0.2896,0.4179,0.074635036,0.1282,0.02732,0.29,0.07698,0.1676,0.045746627,0.07674,0.01798,0.1714,0.0471,0.09928,0.59392092,0.5888,0.3248,0.8311,0.4988,0.682,0.263549,0.4,0.1755,0.6392,0.3189,0.4779
7831,independent,63,979,3.3684187,4.563,3.309,6.014,4.086,5.001,0.48099821,0.4223,0.2702,0.5945,0.3633,0.4773,0.14978993,0.1545,0.04157,0.2995,0.1055,0.1966,0.076849879,0.04821,0.01087,0.1096,0.02955,0.06229,0.56367919,0.3919,0.2072,0.6246,0.3159,0.4585,0.59481476,0.4308,0.2815,0.5781,0.3809,0.4808
493,independent,55,1300,2.0977877,2.808,1.896,3.857,2.461,3.133,0.77413957,0.4772,0.2407,0.7238,0.3882,0.5636,0.0072234345,0.09607,0.02703,0.1926,0.06426,0.1229,0.24244714,0.1847,0.04003,0.4015,0.111,0.2457,0.39900751,0.4486,0.2554,0.6669,0.3748,0.5171,0.75239344,0.7977,0.604,0.9505,0.738,0.8649
2166,independent,155,6412,5.1307272,5.439,4.077,7.088,4.903,5.924,0.44068023,0.4263,0.2857,0.5861,0.3729,0.4759,0.016077587,0.06823,0.01813,0.1414,0.04402,0.08804,0.11206032,0.08452,0.03187,0.146,0.06413,0.1033,0.4609528,0.4472,0.2268,0.7158,0.3546,0.5306,0.45396271,0.2709,0.1227,0.4083,0.2221,0.3223
597,independent,118,1702,3.5829617,3.465,2.408,4.787,3.044,3.837,0.37016777,0.3965,0.2353,0.5919,0.3306,0.4554,0.14095335,0.1142,0.02623,0.2498,0.07074,0.1487,0.08051836,0.05316,0.01209,0.1211,0.03213,0.06921,0.34844308,0.3948,0.1857,0.6631,0.3069,0.4727,0.22943549,0.2692,0.1029,0.4424,0.2093,0.3276
456,independent,27,5050,7.8730746,7.043,5.451,8.802,6.459,7.59,0.749802,0.599,0.3886,0.799,0.5278,0.6729,0.1453775,0.1662,0.09303,0.2394,0.1416,0.1911,0.16348254,0.1925,0.08012,0.3069,0.1531,0.2308,0.57886912,0.4338,0.2553,0.6344,0.3652,0.4985,0.53434804,0.6149,0.4917,0.7492,0.5708,0.6577
4999,independent,75,2732,2.4452846,2.588,1.603,3.737,2.219,2.927,0.26285767,0.4636,0.2387,0.7045,0.3793,0.545,0.017092054,0.0798,0.02415,0.1579,0.05412,0.1012,0.13567128,0.1592,0.0335,0.3663,0.09203,0.2105,0.26886167,0.3593,0.1725,0.6019,0.2801,0.4259,0.87109694,0.7898,0.5809,0.9511,0.728,0.8623
502,independent,93,6037,4.8215161,3.773,2.73,4.971,3.369,4.141,0.32034351,0.4246,0.2426,0.6437,0.3507,0.4919,0.13075541,0.1455,0.04071,0.2846,0.09874,0.1852,0.059200469,0.1075,0.02579,0.2256,0.06851,0.1401,0.25702053,0.4703,0.2624,0.7028,0.3895,0.5462,0.40911577,0.3722,0.1909,0.5496,0.3125,0.4332
442,independent,134,3247,6.142284,5.704,4.444,7.197,5.221,6.143,0.40424989,0.38,0.2389,0.5435,0.3249,0.4308,0.054992729,0.08454,0.0199,0.1903,0.05123,0.1101,0.11348455,0.08207,0.02839,0.1457,0.06077,0.1014,0.67132691,0.5048,0.2857,0.7375,0.4242,0.5842,0.23438443,0.2629,0.1252,0.3972,0.2161,0.3106
4830,independent,82,1306,5.1246318,4.614,3.512,5.879,4.195,5.002,0.35659984,0.4807,0.2912,0.6818,0.4119,0.5467,0.13610687,0.1019,0.03096,0.1886,0.07245,0.1284,0.18209285,0.145,0.03274,0.3113,0.0906,0.1892,0.3001818,0.3915,0.2102,0.6068,0.3174,0.4594,0.74243167,0.7814,0.6114,0.9371,0.724,0.8413
7696,independent,38,7195,6.6154246,5.659,4.357,7.168,5.167,6.121,0.34842309,0.4451,0.2847,0.6229,0.3846,0.5024,0.09898027,0.07924,0.02839,0.1412,0.05859,0.09782,0.062432838,0.08598,0.02051,0.1865,0.05395,0.1113,0.40745475,0.5057,0.305,0.7413,0.4252,0.581,0.55455115,0.4848,0.3503,0.618,0.4401,0.5296
4154,independent,152,76,3.4511437,4.338,3.252,5.571,3.931,4.72,0.54953533,0.4845,0.2774,0.7129,0.4053,0.56,0.01836492,0.0647,0.01887,0.1275,0.0436,0.08249,0.26138971,0.1371,0.03245,0.2896,0.08665,0.1777,0.58213212,0.441,0.2704,0.6387,0.3738,0.503,0.65226612,0.6841,0.5151,0.8633,0.6243,0.7425
4925,independent,84,7780,4.6106289,4.932,3.722,6.334,4.47,5.355,0.53954603,0.5142,0.291,0.7496,0.4303,0.5958,0.12297794,0.1169,0.05164,0.191,0.09194,0.1402,0.12568199,0.1805,0.04736,0.3532,0.1211,0.2316,0.55704279,0.4368,0.2556,0.6541,0.3655,0.5015,0.8502293,0.757,0.6041,0.9101,0.7037,0.8102
4673,independent,89,357,4.4902627,4.859,3.54,6.478,4.335,5.334,0.53380859,0.402,0.2272,0.6093,0.3332,0.4654,0.13503323,0.09171,0.02799,0.1734,0.06387,0.1159,0.10352176,0.1184,0.02869,0.2455,0.07615,0.153,0.35294648,0.3591,0.2065,0.5471,0.2972,0.4136,0.55076251,0.6093,0.455,0.7786,0.5544,0.6615
42,independent,101,4081,3.9451557,3.399,2.419,4.554,3.019,3.742,0.4826485,0.4506,0.2363,0.6877,0.3676,0.5297,0.1050928,0.09557,0.02368,0.2026,0.06158,0.1229,0.095181481,0.1222,0.02908,0.2619,0.0776,0.1573,0.43016341,0.4894,0.281,0.7238,0.4067,0.5672,0.48133392,0.537,0.3333,0.7451,0.4678,0.6054
2165,independent,150,7302,1.4628036,1.565,0.6836,2.556,1.241,1.867,0.51363182,0.4666,0.237,0.7104,0.3808,0.5518,0.086114986,0.1272,0.02835,0.289,0.07679,0.1659,0.10839282,0.1081,0.02252,0.2618,0.0616,0.1414,0.14235736,0.3973,0.1611,0.6859,0.3003,0.4855,0.88240023,0.6776,0.3742,0.9187,0.5874,0.7799
88,independent,60,5573,4.5642635,4.219,3.09,5.594,3.774,4.623,0.36718563,0.3746,0.1905,0.602,0.2983,0.4433,0.067035577,0.06446,0.01779,0.1323,0.0429,0.08185,0.24254011,0.1938,0.04642,0.3879,0.1267,0.2519,0.65277767,0.5602,0.3662,0.7617,0.4907,0.6286,0.68755452,0.7106,0.545,0.8821,0.651,0.7705
122,independent,138,1768,7.2390739,6.964,5.299,8.891,6.327,7.551,0.50897936,0.4522,0.2886,0.636,0.3893,0.5119,0.22071952,0.1991,0.1092,0.2938,0.1671,0.2305,0.20963253,0.189,0.09989,0.2815,0.1574,0.2198,0.45269206,0.4429,0.2353,0.6808,0.3606,0.5189,0.27478593,0.2893,0.1493,0.4174,0.245,0.3355
2425,independent,90,5020,4.5349909,5.418,4.103,6.944,4.915,5.881,0.52404648,0.5204,0.3452,0.7038,0.4567,0.583,0.20679677,0.1925,0.1106,0.2779,0.1632,0.221,0.13306305,0.09937,0.02532,0.2084,0.06405,0.1279,0.41848478,0.3954,0.2176,0.6114,0.3229,0.4609,0.70848937,0.7793,0.6264,0.9268,0.7264,0.8346
4350,independent,142,1676,6.5360573,4.735,3.475,6.226,4.235,5.188,0.23152684,0.4138,0.2529,0.6016,0.35,0.4721,0.16702986,0.1596,0.05853,0.2744,0.1209,0.1956,0.087410988,0.127,0.032,0.2595,0.08229,0.164,0.31126648,0.4294,0.2424,0.6532,0.3535,0.4974,0.5441402,0.5775,0.4237,0.7401,0.5236,0.6298
5359,independent,48,6884,2.1689716,2.365,1.364,3.602,1.971,2.727,0.39343587,0.4709,0.253,0.7077,0.3892,0.5507,0.040130305,0.1037,0.02507,0.2216,0.06587,0.1334,0.10127235,0.1229,0.02348,0.2993,0.06942,0.1606,0.27427756,0.2984,0.114,0.5546,0.2157,0.3674,0.78741639,0.6679,0.4207,0.9016,0.5854,0.7536
6412,independent,139,542,7.1991765,6.3,4.952,7.829,5.79,6.772,0.39106006,0.5516,0.3738,0.7385,0.4862,0.6155,0.074512508,0.05712,0.01377,0.1257,0.03529,0.07458,0.1764116,0.1585,0.08481,0.2444,0.1299,0.1841,0.25920816,0.3751,0.1911,0.6013,0.2999,0.4421,0.31731477,0.3249,0.1739,0.464,0.2765,0.3746
3457,independent,158,862,3.6453074,2.949,2.037,3.951,2.609,3.26,0.4583069,0.5641,0.34,0.7805,0.4845,0.6461,0.019288124,0.04709,0.01137,0.1044,0.02894,0.06112,0.087446232,0.1383,0.02806,0.3234,0.08059,0.1816,0.19389478,0.2621,0.1267,0.4469,0.2041,0.3112,0.58236897,0.6712,0.4688,0.8743,0.6022,0.7401
1854,independent,80,5671,4.617929,5.196,3.928,6.764,4.694,5.65,0.50159913,0.4173,0.2114,0.6511,0.3352,0.493,0.14188286,0.08407,0.0319,0.1437,0.06401,0.103,0.15419841,0.1644,0.03906,0.3365,0.1072,0.213,0.44145826,0.3951,0.2356,0.5818,0.3332,0.4518,0.96021296,0.8019,0.6634,0.9375,0.7524,0.8528
2559,independent,110,4493,7.8138133,6.979,5.43,8.748,6.404,7.505,0.44305436,0.5349,0.3459,0.7305,0.465,0.6031,0.13190578,0.07503,0.02277,0.1436,0.05201,0.09473,0.2342309,0.1849,0.1011,0.271,0.1547,0.2145,0.5279695,0.5876,0.3745,0.8024,0.5104,0.6642,0.51538221,0.462,0.3385,0.5865,0.4205,0.5038
1692,independent,132,5953,0.66300889,1.097,0.2207,2.054,0.7813,1.403,0.50661427,0.4549,0.2311,0.6983,0.3705,0.5356,0.059443507,0.08923,0.01806,0.2236,0.04913,0.1167,0.095764058,0.1291,0.0261,0.3125,0.07392,0.1695,0.43875804,0.4186,0.1705,0.709,0.3181,0.5114,0.45708361,0.4656,0.1486,0.8297,0.3368,0.5859
36,independent,101,6466,3.4411053,3.338,2.145,4.849,2.851,3.753,0.43270352,0.42,0.2282,0.6395,0.344,0.4901,0.095944101,0.11,0.03024,0.2157,0.07481,0.1405,0.025981351,0.0958,0.02107,0.2201,0.05651,0.1245,0.29822553,0.295,0.1364,0.5012,0.2274,0.3531,0.51475216,0.6958,0.4968,0.8953,0.625,0.7667
5611,independent,148,660,3.6257958,3.773,2.718,4.932,3.393,4.13,0.53718105,0.5035,0.302,0.724,0.4268,0.5765,0.027305831,0.1054,0.03019,0.2126,0.07202,0.1326,0.21184398,0.2719,0.1313,0.4236,0.2207,0.3205,0.61167343,0.5816,0.3705,0.7922,0.5067,0.658,0.65714972,0.5821,0.3827,0.7901,0.513,0.6509
575,independent,149,6193,3.6203949,4.523,3.426,5.832,4.097,4.9,0.4773375,0.3416,0.1677,0.5552,0.2706,0.4051,0.074844223,0.06127,0.01592,0.1275,0.03936,0.07899,0.072341671,0.08314,0.02172,0.171,0.05358,0.1073,0.8266971,0.581,0.4078,0.7654,0.5168,0.6436,0.91729613,0.7873,0.6358,0.9353,0.7333,0.8434
3767,independent,28,3001,7.4664576,8.104,6.373,10.12,7.449,8.713,0.56555777,0.5043,0.3124,0.7167,0.4302,0.575,0.068765516,0.1485,0.04746,0.2642,0.1073,0.1864,0.10225124,0.07762,0.03092,0.1292,0.06024,0.0941,0.60735049,0.5964,0.3603,0.8271,0.5126,0.6814,0.33456116,0.4026,0.2959,0.4987,0.3698,0.4371
489,independent,71,6139,5.3297199,5.868,4.62,7.298,5.394,6.312,0.61113077,0.5991,0.4282,0.7744,0.5379,0.6597,0.028418783,0.02725,0.008142,0.05323,0.01856,0.03453,0.14115995,0.08667,0.02522,0.174,0.05873,0.1094,0.59357768,0.6047,0.4204,0.7914,0.5402,0.67,0.67208709,0.7163,0.5962,0.8541,0.6709,0.7586
306,independent,129,1653,5.5476829,6.057,4.717,7.568,5.547,6.529,0.43660474,0.5602,0.3531,0.7689,0.4859,0.6349,0.1043409,0.1369,0.05497,0.2279,0.1058,0.1658,0.12944479,0.1434,0.04988,0.2514,0.1068,0.1774,0.62646092,0.5757,0.4102,0.7588,0.5132,0.635,0.73357265,0.6584,0.5181,0.8106,0.6069,0.7077
380,independent,157,7849,3.885796,5.071,3.628,6.833,4.501,5.58,0.56412085,0.4223,0.2382,0.6334,0.3506,0.4892,0.084383929,0.1148,0.04067,0.2004,0.08614,0.1414,0.29183931,0.3058,0.1465,0.4717,0.2504,0.3598,0.41426338,0.3874,0.2148,0.6108,0.3157,0.451,0.59519054,0.5917,0.439,0.762,0.5359,0.644
59,independent,145,3855,5.05433,4.896,3.797,6.126,4.488,5.275,0.26617828,0.4389,0.2675,0.6351,0.3734,0.5007,0.044130223,0.1189,0.03148,0.2411,0.07796,0.1534,0.021476817,0.05983,0.01904,0.111,0.04296,0.07471,0.60890368,0.6165,0.3981,0.8266,0.5385,0.6954,0.42445203,0.3425,0.1789,0.5028,0.2872,0.3977
328,independent,15,226,4.9306101,4.558,3.382,5.91,4.112,4.968,0.30815405,0.4527,0.2689,0.6616,0.3822,0.5186,0.091075876,0.112,0.04336,0.1909,0.08553,0.1362,0.17945532,0.08436,0.01794,0.1908,0.05105,0.11,0.47473992,0.4098,0.2629,0.5787,0.3534,0.4618,0.81943629,0.7761,0.6094,0.9334,0.7177,0.836
223,independent,130,5739,6.3574677,6.922,5.358,8.731,6.322,7.476,0.53963746,0.4587,0.2912,0.6426,0.3936,0.52,0.079913464,0.06581,0.01718,0.1332,0.04346,0.0846,0.3025157,0.2493,0.1431,0.3611,0.2126,0.2854,0.69192071,0.5105,0.3059,0.7412,0.4282,0.5878,0.44566151,0.4641,0.3487,0.5807,0.4246,0.5035
2189,independent,158,848,3.4597598,3.506,2.479,4.65,3.122,3.869,0.46998052,0.538,0.3367,0.7461,0.4651,0.6097,0.056088348,0.07906,0.02087,0.161,0.05228,0.1014,0.1105357,0.21,0.05185,0.4222,0.1369,0.2729,0.21818226,0.2795,0.1391,0.4681,0.2195,0.3306,0.53804399,0.5588,0.3539,0.7633,0.4903,0.6274
221,independent,20,4799,5.443676,5.658,4.257,7.289,5.118,6.156,0.446074,0.4987,0.3268,0.6847,0.4347,0.5595,0.10719093,0.1786,0.08358,0.2732,0.1452,0.2117,0.22124861,0.2029,0.1024,0.3087,0.1676,0.2374,0.6190056,0.4812,0.2905,0.6989,0.408,0.5506,0.28099107,0.3596,0.1994,0.5041,0.3098,0.4119
1454,independent,115,1226,5.7104892,6.104,4.621,7.854,5.514,6.636,0.21078326,0.3945,0.2374,0.5733,0.3337,0.4515,0.24456953,0.2548,0.1284,0.3887,0.2099,0.299,0.10789894,0.1311,0.05964,0.2076,0.1053,0.1556,0.41061731,0.4703,0.2496,0.7233,0.3824,0.552,0.46016911,0.4186,0.2819,0.5467,0.3752,0.4628
5722,independent,75,1749,2.5672708,2.798,1.773,3.999,2.409,3.148,0.13003879,0.2813,0.1204,0.4934,0.2119,0.3415,0.008542482,0.04629,0.0117,0.102,0.02886,0.05975,0.11659818,0.1058,0.02124,0.259,0.05934,0.1386,0.22295639,0.2815,0.1494,0.4632,0.2244,0.3288,0.96804615,0.857,0.7045,0.9679,0.8123,0.9093
5840,independent,93,4647,4.1774581,3.745,2.555,5.114,3.288,4.161,0.29915243,0.3884,0.2393,0.57,0.3293,0.4407,0.055091173,0.08465,0.01944,0.1908,0.05157,0.1099,0.050337384,0.1039,0.02774,0.2095,0.06858,0.1331,0.33334975,0.4348,0.2314,0.6662,0.3557,0.5078,0.44427244,0.3765,0.1991,0.5537,0.3166,0.4366
314,independent,154,4631,6.3722687,7.025,5.53,8.712,6.453,7.569,0.70560428,0.4726,0.288,0.6718,0.4052,0.5379,0.21905669,0.1629,0.0857,0.2426,0.1359,0.1895,0.012894222,0.08627,0.02376,0.1682,0.0585,0.1099,0.72078318,0.6501,0.4436,0.8476,0.5776,0.7228,0.79565303,0.7082,0.5835,0.848,0.6597,0.753
5463,independent,57,3446,2.8112783,3.436,2.429,4.565,3.062,3.785,0.55389236,0.4887,0.2893,0.7011,0.4152,0.5585,0.15556776,0.09403,0.02235,0.2042,0.05899,0.1219,0.18873719,0.1881,0.05582,0.3556,0.1311,0.2382,0.55020772,0.4822,0.2706,0.7198,0.4002,0.5601,0.56200085,0.5914,0.3915,0.8011,0.5196,0.661
570,independent,44,2267,1.6714348,2.318,1.397,3.337,1.983,2.635,0.6380915,0.5008,0.2612,0.7351,0.4175,0.5853,0.05049469,0.1074,0.02675,0.2295,0.06792,0.1389,0.28732489,0.1562,0.03448,0.3445,0.0947,0.2043,0.5380211,0.2816,0.1205,0.5079,0.2096,0.3412,0.79805588,0.6288,0.3657,0.8709,0.5451,0.7175
4057,independent,33,513,7.6406258,6.905,5.307,8.876,6.278,7.462,0.37516217,0.431,0.235,0.6617,0.3517,0.5038,0.04954622,0.1071,0.03119,0.2024,0.07386,0.1367,0.21015472,0.2094,0.127,0.2948,0.1803,0.2374,0.38018446,0.4545,0.2851,0.6615,0.3858,0.5169,0.24417761,0.2872,0.1514,0.4103,0.2433,0.3341
3961,independent,32,2708,3.9098822,3.514,2.533,4.641,3.129,3.873,0.46531169,0.5484,0.3547,0.7459,0.4796,0.6176,0.12151375,0.09073,0.02306,0.1848,0.05912,0.1175,0.088103371,0.1079,0.02254,0.2548,0.06315,0.1413,0.24847399,0.4312,0.2392,0.6593,0.3551,0.5018,0.74960564,0.7479,0.5641,0.924,0.683,0.8151
3786,independent,157,2233,3.7329029,4.754,3.442,6.319,4.242,5.215,0.6201461,0.3972,0.2323,0.5946,0.3304,0.4565,0.036511379,0.07585,0.02238,0.1476,0.05272,0.09542,0.20354319,0.1734,0.0684,0.3009,0.1298,0.2122,0.45077296,0.2995,0.157,0.4778,0.2399,0.3521,0.62550408,0.5291,0.3789,0.6842,0.4773,0.5798
5276,independent,40,7923,6.9155676,6.146,4.78,7.692,5.629,6.617,0.62151671,0.5032,0.3505,0.677,0.4442,0.5581,0.16526607,0.09507,0.0292,0.1773,0.06767,0.1193,0.2103454,0.1337,0.05739,0.2169,0.1055,0.1608,0.6234674,0.5678,0.3405,0.8003,0.4841,0.6504,0.2160324,0.274,0.135,0.4038,0.228,0.3218
324,independent,38,3126,6.558453,6.753,5.258,8.512,6.167,7.29,0.48434932,0.4662,0.2867,0.6627,0.3987,0.5297,0.15201153,0.1188,0.05159,0.19,0.0944,0.1425,0.11948242,0.1356,0.04714,0.2387,0.1005,0.1675,0.5464434,0.5735,0.3763,0.7904,0.4969,0.6465,0.70377831,0.7042,0.5696,0.8515,0.6551,0.7507
