subject,true_param_sampling,source_subject_idx,source_draw_idx,batch_index,alpha1_sess_true,alpha1_sess_est,alpha1_sess_refit_q025,alpha1_sess_refit_q975,alpha1_sess_refit_q25,alpha1_sess_refit_q75,beta1m_sess_true,beta1m_sess_est,beta1m_sess_refit_q025,beta1m_sess_refit_q975,beta1m_sess_refit_q25,beta1m_sess_refit_q75,beta1t_sess_true,beta1t_sess_est,beta1t_sess_refit_q025,beta1t_sess_refit_q975,beta1t_sess_refit_q25,beta1t_sess_refit_q75,beta2_sess_true,beta2_sess_est,beta2_sess_refit_q025,beta2_sess_refit_q975,beta2_sess_refit_q25,beta2_sess_refit_q75,betac_sess_true,betac_sess_est,betac_sess_refit_q025,betac_sess_refit_q975,betac_sess_refit_q25,betac_sess_refit_q75
6202,independent,51,7057,1,0.037002478,0.1071,0.05025,0.2025,0.08322,0.1347,0.91288144,0.7362,0.2165,1.82,0.5235,1.054,0.73742362,1.589,0.7166,2.885,1.274,1.994,3.634586,4.147,2.501,6.316,3.55,4.852,0.47222662,0.278,0.08812,0.5333,0.1949,0.3691
160,independent,96,9393,1,0.39496727,0.2409,0.1407,0.3868,0.1992,0.2885,1.2789101,1.637,0.6379,2.999,1.237,2.064,0.81530599,1.053,0.5296,1.815,0.8417,1.312,3.8388356,3.725,2.566,5.263,3.308,4.158,0.47930708,0.3286,0.1217,0.6199,0.2462,0.4264
2069,independent,10,9319,1,0.14712345,0.1332,0.08763,0.2067,0.1153,0.1554,0.10057508,0.5334,0.1718,1.209,0.3634,0.7183,1.8876786,0.9823,0.4525,1.897,0.7595,1.251,6.5825914,7.123,5.185,9.348,6.406,7.814,0.15032745,0.1871,0.05523,0.4228,0.132,0.261
3897,independent,57,8953,1,0.51975908,0.4803,0.3446,0.634,0.4264,0.533,0.62835071,0.8868,0.341,1.589,0.6935,1.107,1.26563,1.498,0.8508,2.222,1.26,1.741,2.1418314,3.547,2.621,4.669,3.185,3.916,0.087754425,0.2736,0.09055,0.5701,0.1988,0.3645
260,independent,66,884,1,0.061147517,0.06592,0.03715,0.1197,0.05444,0.0808,0.64208776,0.6158,0.1921,1.489,0.4329,0.8636,0.75781691,1.256,0.564,2.419,0.9744,1.576,6.3051668,6.004,4.144,8.243,5.365,6.711,0.31444539,0.2176,0.08518,0.4201,0.1591,0.2824
5776,independent,16,2481,1,0.32030435,0.3032,0.2344,0.382,0.2772,0.3304,1.2989759,0.9011,0.2799,1.974,0.651,1.21,3.3501796,3.898,2.598,5.335,3.464,4.359,8.9211802,8.081,6.097,10.59,7.315,8.837,0.22111298,0.3144,0.09699,0.7023,0.2204,0.4374
5277,independent,22,16521,1,0.53286387,0.5109,0.3382,0.7055,0.4473,0.5752,0.8554082,1.208,0.5397,2.047,0.9563,1.473,1.0994817,1.427,0.7945,2.349,1.179,1.722,2.8183639,2.534,1.625,3.615,2.216,2.902,0.23278184,0.2089,0.07319,0.4384,0.1507,0.274
5053,independent,9,15096,1,0.45147373,0.3606,0.2609,0.4833,0.3256,0.4038,3.423506,1.874,0.4736,4.128,1.276,2.52,2.4449635,3.172,1.478,5.375,2.544,3.905,6.9750755,7.645,5.786,10.05,6.968,8.414,2.0485741,1.75,0.9344,2.726,1.464,2.052
1850,independent,85,12418,1,0.6523706,0.6626,0.5152,0.7988,0.6152,0.711,0.51501949,0.6758,0.2546,1.327,0.4968,0.8838,2.1055768,1.766,1.094,2.536,1.528,2.037,4.976086,5.322,3.759,7.409,4.722,5.952,0.32878942,0.3077,0.1208,0.6171,0.2232,0.4041
7,independent,33,19459,1,0.64041155,0.6136,0.3744,0.8535,0.5214,0.7071,0.54501158,0.9535,0.3932,1.725,0.7024,1.205,0.51165759,0.9516,0.4589,1.653,0.7547,1.171,2.3720036,2.533,1.677,3.527,2.206,2.862,0.70385698,0.8336,0.4809,1.229,0.702,0.9644
156,independent,140,1321,1,0.19209795,0.1996,0.1526,0.2603,0.1824,0.2191,0.28334461,0.7206,0.1981,1.799,0.483,1.015,4.2338363,3.728,2.513,5.088,3.33,4.161,9.2631424,8.558,6.434,11.31,7.701,9.46,0.26264237,0.244,0.0826,0.5543,0.1669,0.3292
150,independent,83,1660,1,0.68419385,0.7505,0.6268,0.8669,0.7113,0.793,1.8633167,1.544,0.9167,2.267,1.316,1.78,2.1518283,2.286,1.523,3.159,2.027,2.564,4.1515663,5.458,3.731,8.216,4.812,6.271,0.22568443,0.2141,0.05839,0.5077,0.1447,0.304
4504,independent,107,6548,1,0.2677078,0.3308,0.2344,0.4671,0.2947,0.3737,1.60157,1.668,0.902,2.63,1.393,1.981,1.8370517,1.204,0.5456,2.15,0.9092,1.526,5.353106,5.94,4.312,7.969,5.355,6.546,0.71418203,0.6958,0.2951,1.135,0.5576,0.847
5861,independent,125,6086,1,0.47794474,0.4701,0.3656,0.591,0.4317,0.5097,2.9279678,2.854,1.776,4.192,2.443,3.269,2.9005724,3.916,2.305,5.816,3.333,4.487,8.9929726,8.631,6.108,12.13,7.698,9.647,0.35642247,0.4256,0.1152,0.9891,0.2773,0.601
378,independent,101,13613,1,0.60980903,0.4935,0.3833,0.6175,0.4548,0.536,0.41631075,0.8695,0.364,1.502,0.6849,1.09,1.7304043,1.609,0.9173,2.447,1.338,1.896,5.320022,5.065,3.734,6.611,4.574,5.562,0.25848177,0.1912,0.06016,0.4636,0.134,0.269
3373,independent,93,15921,1,0.89667005,0.9069,0.8107,0.9781,0.8744,0.9379,0.58609746,0.5129,0.1741,1.102,0.3683,0.6836,3.082078,3.301,2.265,4.599,2.926,3.709,4.1907974,5.465,3.516,9.251,4.639,6.46,0.33765486,0.314,0.08766,0.7118,0.2157,0.4351
1688,independent,127,13933,1,0.32380966,0.3724,0.2725,0.4944,0.3328,0.4101,1.0634083,0.8427,0.2794,1.689,0.6096,1.098,2.4177598,2.299,1.424,3.363,1.956,2.649,8.9757882,6.435,4.72,8.599,5.866,7.067,0.21524046,0.3678,0.1217,0.7549,0.2679,0.4908
5888,independent,76,8021,1,0.32087415,0.354,0.2462,0.4731,0.3185,0.3945,0.83251867,0.5499,0.1855,1.218,0.3799,0.7482,2.1487525,2.415,1.298,3.635,2.011,2.846,5.9660217,6.739,4.96,9.01,6.124,7.451,1.1329932,0.7264,0.2872,1.158,0.5677,0.8869
49,independent,80,10443,1,0.65846926,0.7096,0.5676,0.853,0.6606,0.757,0.9166415,0.7443,0.3138,1.288,0.5783,0.9099,1.0471612,1.218,0.6691,1.852,1.014,1.42,2.7726938,2.724,1.919,3.756,2.462,3.038,0.19739403,0.323,0.09327,0.6778,0.2236,0.4345
580,independent,29,19651,1,0.5075041,0.3359,0.1797,0.54,0.2795,0.4021,0.40798865,0.6054,0.1868,1.446,0.4004,0.8569,1.9193531,1.894,0.9372,3.195,1.523,2.269,3.4546669,3.612,2.534,5.071,3.204,4.071,1.2616414,1.275,0.7524,1.803,1.084,1.453
353,independent,103,5108,1,0.84707722,0.8806,0.7502,0.9626,0.8388,0.9174,1.705882,1.517,1.015,2.133,1.328,1.715,1.3265033,1.023,0.5314,1.605,0.8476,1.205,5.5178134,4.517,3.072,6.607,3.968,5.155,0.35991939,0.283,0.1003,0.5728,0.2097,0.3745
83,independent,139,4734,1,0.66030199,0.4977,0.3561,0.6685,0.4449,0.5528,0.80727405,0.6116,0.1889,1.284,0.447,0.7981,0.88409512,1.104,0.5201,1.951,0.8705,1.356,4.9892852,5.079,3.636,6.92,4.544,5.695,0.31667202,0.4815,0.2145,0.8156,0.3786,0.5946
5264,independent,53,10060,1,0.97637403,0.9001,0.8012,0.9644,0.8701,0.9277,0.71838226,0.9572,0.3574,1.932,0.7025,1.264,5.8925376,4.303,2.718,6.992,3.689,4.991,2.9399488,2.771,1.865,3.957,2.455,3.132,0.35492425,0.2649,0.08022,0.625,0.1891,0.3736
377,independent,63,11147,1,0.62276583,0.6272,0.5066,0.7697,0.5828,0.6712,1.2825709,1.595,0.9496,2.334,1.357,1.846,2.4907454,1.93,1.09,2.96,1.587,2.281,9.3820548,9.775,6.478,15.76,8.507,11.35,0.81494422,0.6601,0.2543,1.154,0.4997,0.8327
5128,independent,43,9701,1,0.2352248,0.2675,0.2108,0.3342,0.2462,0.2887,0.094139718,0.4591,0.154,1.114,0.322,0.6468,5.7879399,4.198,2.317,6.123,3.469,4.832,12.182659,11.66,8.682,15.37,10.65,12.83,0.54100201,0.8165,0.2668,1.577,0.5873,1.064
3835,independent,59,10530,1,0.7168023,0.7302,0.5583,0.8772,0.6742,0.7853,1.3357406,1.593,0.913,2.381,1.343,1.838,0.40089931,1.467,0.7912,2.295,1.232,1.742,3.5614713,3.355,2.465,4.527,3.008,3.737,1.169787,0.6611,0.265,1.101,0.5145,0.8175
3432,independent,120,8721,1,0.26984948,0.2597,0.1635,0.3817,0.2224,0.3001,0.1850996,0.6254,0.2002,1.357,0.4437,0.842,2.8470131,2.257,1.392,3.197,1.958,2.556,4.2536189,3.024,1.954,4.43,2.598,3.462,0.14231034,0.1755,0.06129,0.3961,0.124,0.2439
4331,independent,27,6387,1,0.82829952,0.7945,0.6802,0.8843,0.7548,0.8307,0.64748203,0.84,0.2491,2.02,0.5911,1.166,3.7851449,5.882,3.677,9.691,5.032,6.949,4.9231358,5.353,3.71,8.122,4.685,6.156,0.18053293,0.2454,0.07207,0.6278,0.155,0.3473
1484,independent,75,9491,1,0.095360767,0.108,0.05994,0.1827,0.09044,0.13,0.79366883,0.7824,0.227,2.108,0.528,1.172,0.5071285,1.017,0.4397,1.929,0.7799,1.274,7.019036,6.932,5.037,9.322,6.225,7.721,1.1139489,0.8875,0.5533,1.205,0.7722,0.9924
94,independent,127,4843,1,0.50375386,0.5976,0.4663,0.7299,0.5546,0.6457,0.79168566,0.6382,0.2276,1.212,0.4603,0.8366,2.596457,2.6,1.74,3.609,2.291,2.927,8.4400387,7.425,5.301,10.69,6.627,8.364,0.13618215,0.2736,0.09019,0.6457,0.1966,0.3709
3779,independent,59,4673,1,0.60372032,0.5404,0.4189,0.6646,0.4977,0.5815,1.3176934,1.696,0.9005,2.621,1.414,2.018,0.92855693,1.689,0.8275,2.814,1.388,2.048,3.9270515,4.753,3.531,6.228,4.297,5.234,1.0100606,0.5831,0.2227,1.065,0.4363,0.7552
5154,independent,93,10949,1,0.93040957,0.9098,0.8039,0.9721,0.8774,0.9371,0.6816416,0.479,0.1609,1.003,0.344,0.6346,2.4521551,2.44,1.784,3.24,2.213,2.703,6.5959221,5.315,3.461,8.847,4.532,6.196,0.59958452,0.2235,0.07621,0.5153,0.1574,0.3109
1993,independent,133,17141,1,0.12317464,0.1638,0.08857,0.2793,0.1347,0.197,0.54303116,0.5835,0.1876,1.253,0.4067,0.7923,0.57787456,0.8713,0.3698,1.697,0.6637,1.103,1.9421133,3.714,2.438,5.293,3.248,4.277,0.05,0.1556,0.04546,0.3479,0.1085,0.2067
3882,independent,16,6765,1,0.27006546,0.3199,0.2519,0.4125,0.2927,0.3503,2.2809646,2.116,1.187,3.29,1.786,2.501,2.5100227,2.515,1.497,3.668,2.144,2.863,11.580705,13.02,9.315,19.34,11.46,14.83,0.42629246,0.3651,0.1084,0.8235,0.2461,0.5079
65,independent,26,13931,1,0.53282367,0.439,0.3344,0.5678,0.3985,0.4833,2.5074444,2.133,1.058,3.572,1.732,2.586,4.4116992,4.944,2.366,7.886,4.052,5.979,13.533646,11.38,7.58,17.68,9.842,12.98,0.89247142,0.6955,0.1807,1.65,0.454,1.0
859,independent,33,16147,1,0.6917361,0.4119,0.2066,0.6477,0.3381,0.4913,0.41098436,0.3788,0.1406,0.8349,0.2693,0.5055,0.36997363,0.7599,0.3636,1.402,0.6017,0.9499,2.8243599,3.058,2.089,4.269,2.669,3.456,0.57218575,0.5195,0.253,0.8284,0.4208,0.6229
159,independent,74,3395,1,0.19772212,0.2728,0.1934,0.3694,0.242,0.3072,1.4578356,0.7594,0.2425,1.759,0.5422,1.05,2.2818086,2.359,1.318,3.43,2.018,2.752,2.7807672,2.61,1.675,3.778,2.235,2.991,0.64276717,0.4284,0.1284,0.882,0.305,0.5556
4863,independent,17,7287,1,0.58064984,0.5912,0.4115,0.7693,0.5285,0.6506,0.55331662,0.4019,0.1367,0.8733,0.2878,0.5383,1.5228688,1.453,0.8901,2.137,1.25,1.684,2.5277861,2.482,1.641,3.434,2.183,2.773,0.12788519,0.1695,0.06084,0.3569,0.1237,0.2284
2486,independent,137,1865,1,0.5976938,0.6929,0.5296,0.8281,0.6389,0.7386,0.8610048,1.391,0.5024,2.588,1.042,1.797,5.0000109,3.59,2.128,5.531,3.053,4.185,5.6159072,5.245,3.74,7.617,4.624,5.967,0.18937766,0.646,0.2251,1.221,0.4641,0.8246
145,independent,23,3527,1,0.39034152,0.4581,0.3275,0.6065,0.4133,0.5055,0.62183763,0.5799,0.1965,1.363,0.4061,0.8042,3.590397,3.562,1.971,5.451,2.964,4.193,6.7993534,6.583,4.755,8.974,5.888,7.356,0.99773491,0.7953,0.3117,1.373,0.6261,0.9964
4033,independent,27,19621,1,0.87728103,0.9105,0.8187,0.9739,0.8844,0.9362,0.48644627,0.6457,0.2163,1.279,0.4696,0.8319,3.0801377,2.619,1.88,3.527,2.331,2.925,7.3395183,6.718,4.138,12.6,5.601,8.291,0.15923972,0.2049,0.05219,0.5167,0.1385,0.2927
2316,independent,29,15554,1,0.39524048,0.4449,0.33,0.5569,0.4048,0.4841,1.9401987,0.9114,0.327,1.687,0.6603,1.175,1.5603042,1.686,0.9237,2.529,1.402,1.987,4.0470011,5.431,4.052,7.083,4.935,5.966,0.64687189,0.4216,0.1362,0.836,0.2998,0.5553
349,independent,110,1131,1,0.53241432,0.461,0.3319,0.6049,0.4112,0.5114,1.3386162,0.851,0.2546,1.829,0.6065,1.167,2.3001626,1.797,0.9162,2.895,1.47,2.155,4.8684291,4.81,3.434,6.36,4.34,5.305,0.33444877,0.6538,0.2785,1.05,0.5165,0.7908
391,independent,55,13640,1,0.65972883,0.6635,0.528,0.78,0.6216,0.7082,1.2384701,1.908,1.145,2.809,1.65,2.194,2.2520995,2.454,1.58,3.442,2.126,2.766,6.5986441,8.681,5.943,13.38,7.499,10.06,0.29800206,0.2917,0.08619,0.6544,0.2039,0.4043
3795,independent,20,11228,1,0.40699036,0.4058,0.3245,0.5032,0.3743,0.4385,3.0836867,2.682,1.395,4.567,2.179,3.236,3.7967608,3.626,2.471,4.925,3.229,4.046,10.574041,12.16,9.1,17.54,10.86,13.7,0.12671247,0.2528,0.06221,0.7259,0.1662,0.3817
336,independent,31,5796,1,0.16098457,0.1524,0.09725,0.2302,0.13,0.1748,2.6170704,2.222,1.059,3.802,1.76,2.675,1.7477523,2.091,1.07,3.256,1.707,2.47,4.7775587,4.534,3.268,6.029,4.065,5.039,0.52973247,0.3639,0.128,0.7397,0.2621,0.4842
5613,independent,36,4340,1,0.19126471,0.2361,0.1558,0.3529,0.2032,0.2695,1.1005371,0.662,0.2209,1.426,0.4835,0.9041,2.4362942,1.994,1.144,2.991,1.683,2.336,5.1439417,4.002,2.881,5.382,3.556,4.476,0.40738349,0.3,0.1,0.5861,0.2196,0.3881
5074,independent,130,182,1,0.063803109,0.05451,0.02374,0.1057,0.04275,0.06914,0.57900396,0.6282,0.1801,1.657,0.4114,0.9043,0.94859998,1.421,0.6295,2.742,1.086,1.853,5.9357229,6.766,4.423,9.959,5.948,7.736,0.11688501,0.2675,0.1063,0.4884,0.2053,0.3397
2902,independent,72,3463,1,0.068292583,0.08404,0.0245,0.2119,0.06084,0.1128,0.68914292,0.7443,0.2257,1.847,0.508,1.055,0.585384,1.282,0.5427,2.555,0.9995,1.644,3.1226582,3.514,1.937,5.928,2.877,4.222,0.050209716,0.2348,0.07426,0.4647,0.1693,0.3053
275,independent,108,18583,1,0.32239311,0.2914,0.2184,0.3851,0.2661,0.3222,1.0142716,1.339,0.4957,2.612,0.987,1.757,3.292316,1.845,0.8331,3.445,1.453,2.289,6.9436719,6.987,5.384,9.041,6.418,7.657,1.1588769,1.709,0.9871,2.497,1.456,1.991
537,independent,3,18733,1,0.49921077,0.491,0.386,0.6062,0.4524,0.5273,3.0558904,3.189,2.012,4.632,2.766,3.619,1.9179299,2.849,1.617,4.258,2.423,3.307,7.4089539,6.415,4.766,8.52,5.802,7.112,0.55267132,0.3635,0.1019,0.8038,0.2389,0.4932
4733,independent,132,12667,1,0.42209844,0.4132,0.2359,0.6455,0.3412,0.4997,0.44269178,0.4634,0.1453,0.9891,0.3286,0.644,0.51899263,0.9034,0.4325,1.606,0.7175,1.119,3.5545127,3.554,2.365,4.989,3.088,4.037,1.0834871,1.102,0.66,1.541,0.9576,1.26
3371,independent,115,15456,1,0.75765809,0.6842,0.5524,0.7992,0.6396,0.7244,2.9314798,2.94,1.82,4.322,2.559,3.368,2.748964,2.587,1.297,4.321,2.077,3.127,18.38224,10.21,6.674,17.51,8.671,12.16,1.1418758,1.031,0.5162,1.589,0.8454,1.22
279,independent,29,10136,1,0.45303334,0.4587,0.3166,0.6133,0.4096,0.5107,0.85430605,0.8331,0.2784,1.674,0.5959,1.086,2.0372157,2.029,1.177,3.024,1.696,2.364,4.2249711,4.066,2.875,5.514,3.625,4.502,0.88287986,0.7307,0.3138,1.162,0.5824,0.8926
134,independent,105,19796,1,0.5867723,0.5247,0.353,0.729,0.464,0.5875,0.59132951,0.5927,0.2073,1.199,0.4295,0.7886,1.178388,1.336,0.6923,2.164,1.078,1.606,2.6586907,2.333,1.464,3.385,2.009,2.656,0.4658881,0.3627,0.1413,0.6786,0.2694,0.4678
465,independent,115,10184,1,0.81316144,0.727,0.6139,0.8328,0.6878,0.7673,2.2135579,2.98,2.009,4.284,2.615,3.377,1.6265271,1.66,0.8454,2.797,1.375,2.015,14.980018,10.69,7.017,17.53,9.116,12.46,0.72575,0.6467,0.2835,1.061,0.5044,0.792
3081,independent,34,2045,1,0.55427629,0.5083,0.3736,0.6591,0.4563,0.5595,2.2249965,2.081,1.291,3.014,1.805,2.368,2.4411952,1.495,0.8288,2.359,1.255,1.745,7.2432838,6.961,5.043,9.415,6.241,7.751,0.21037544,0.3219,0.1007,0.6484,0.2282,0.4279
548,independent,60,7518,1,0.42793048,0.4131,0.3056,0.5287,0.3738,0.4503,1.577704,2.08,0.8688,3.347,1.694,2.491,2.871461,2.864,1.717,4.13,2.427,3.286,5.5998579,4.659,3.428,6.189,4.198,5.173,0.30673099,0.574,0.1935,1.092,0.4186,0.7338
6430,independent,52,10606,1,0.68544613,0.7997,0.6217,0.9414,0.7408,0.8562,0.60569653,0.5809,0.2153,1.173,0.4225,0.7726,2.102849,1.916,1.081,3.007,1.574,2.248,2.5501671,2.284,1.601,3.147,2.019,2.559,0.81536064,0.7655,0.3817,1.198,0.6246,0.9128
6137,independent,132,9864,1,0.53074087,0.538,0.3575,0.7339,0.4762,0.6015,0.38675541,0.3801,0.1429,0.7783,0.2841,0.5129,1.4447381,1.421,0.7421,2.236,1.175,1.7,2.9230978,2.964,2.054,4.168,2.62,3.334,0.55595062,0.4994,0.1903,0.9181,0.3686,0.6353
3207,independent,31,17083,1,0.20964008,0.2577,0.176,0.3636,0.2292,0.2915,3.0013839,2.112,1.088,3.6,1.756,2.613,1.8981233,2.27,1.228,3.448,1.885,2.688,3.6642891,4.144,3.013,5.454,3.715,4.608,0.47878266,0.4653,0.162,0.8993,0.3475,0.6135
3986,independent,39,12926,1,0.036102315,0.04568,0.01834,0.09143,0.03385,0.05819,0.52222241,0.7555,0.1967,1.975,0.5095,1.073,2.6059841,1.547,0.6607,3.203,1.179,1.986,1.5750779,3.994,2.082,7.028,3.206,4.839,0.16583221,0.1404,0.0533,0.3055,0.1026,0.1846
1786,independent,84,16988,1,0.51913111,0.5424,0.3514,0.7475,0.4774,0.6145,0.62213873,0.7293,0.226,1.633,0.5207,1.004,1.6386374,1.94,0.9492,3.318,1.563,2.41,5.0445724,4.567,3.352,6.054,4.1,5.047,1.2761723,1.366,0.8218,1.936,1.182,1.568
499,independent,87,19381,1,0.13311567,0.1429,0.07495,0.2421,0.1154,0.1725,0.84964017,0.5604,0.171,1.441,0.3841,0.8003,2.3787502,2.209,1.276,3.309,1.87,2.585,2.5390208,2.907,1.822,4.246,2.5,3.345,0.28826212,0.3252,0.1045,0.677,0.2287,0.4398
264,independent,103,867,1,0.90115276,0.933,0.8527,0.9804,0.9093,0.9531,1.9612999,2.441,1.598,3.694,2.124,2.81,1.9947149,2.427,1.554,3.785,2.104,2.833,7.3756737,5.428,3.402,9.536,4.614,6.521,0.064631119,0.183,0.06049,0.399,0.131,0.2478
257,independent,26,7091,1,0.44204403,0.4667,0.352,0.5942,0.4274,0.5114,1.9973298,2.799,1.719,4.466,2.413,3.256,3.243019,3.087,1.661,4.622,2.63,3.6,10.916786,10.43,7.372,15.27,9.243,11.79,0.70537542,0.5185,0.1454,1.205,0.3593,0.7282
320,independent,86,14217,1,0.55315774,0.6286,0.493,0.7619,0.578,0.6785,0.22813895,0.4889,0.1731,0.996,0.3677,0.6268,1.7862168,1.707,0.9975,2.449,1.458,1.958,4.5888091,5.338,3.838,7.411,4.763,5.897,0.42410107,0.2815,0.1004,0.5632,0.1987,0.3667
5202,independent,3,15352,1,0.6655533,0.6777,0.5461,0.7989,0.6343,0.7171,3.3986219,3.491,2.401,4.913,3.089,3.945,3.1214148,3.096,1.936,4.544,2.66,3.526,8.692249,7.735,5.438,11.83,6.705,8.908,0.19486847,0.266,0.074,0.6048,0.1809,0.3713
106,independent,64,1936,1,0.093393072,0.09607,0.05796,0.1426,0.08138,0.1116,0.42954497,0.9811,0.254,2.834,0.6439,1.478,4.1163275,2.734,1.564,3.996,2.337,3.113,11.080213,10.27,8.001,12.84,9.455,11.11,1.0126534,1.051,0.5664,1.577,0.8858,1.221
5305,independent,73,14761,1,0.2771318,0.3112,0.2339,0.4355,0.2818,0.3461,1.8232464,2.322,1.331,3.704,1.953,2.75,1.3315897,1.226,0.5953,2.136,0.9706,1.504,7.6109753,5.57,4.1,7.325,5.043,6.083,0.72619662,0.5204,0.213,0.9132,0.4076,0.6462
143,independent,25,5352,1,0.054879546,0.0575,0.019,0.1389,0.0408,0.07747,0.44446958,0.6746,0.203,1.624,0.4597,0.9285,0.98660819,1.116,0.4552,2.318,0.8513,1.457,3.1452495,3.93,2.209,6.793,3.278,4.714,0.05,0.1462,0.0456,0.3154,0.09982,0.1985
4473,independent,15,7664,1,0.20245421,0.2112,0.1483,0.2936,0.1879,0.2376,0.94035539,0.8246,0.2523,1.911,0.5793,1.147,2.4454498,2.481,1.448,3.51,2.124,2.841,6.2884999,6.708,5.051,8.672,6.126,7.329,1.0040215,0.5893,0.2423,1.029,0.4434,0.7403
5705,independent,26,12605,1,0.43398129,0.4601,0.3556,0.5807,0.4218,0.5045,2.4223338,1.3,0.43,2.511,0.9633,1.687,2.2388147,2.578,1.296,4.223,2.087,3.135,9.81416,8.647,6.317,11.58,7.826,9.537,1.0747282,0.9998,0.4603,1.625,0.7925,1.207
6138,independent,55,14221,1,0.60422067,0.6435,0.5208,0.7679,0.5974,0.6854,0.73712698,0.7391,0.2696,1.362,0.5321,0.9515,1.1816787,1.898,1.171,2.665,1.654,2.163,9.4593151,9.232,6.457,14.16,8.159,10.61,0.41700855,0.2657,0.08779,0.5711,0.187,0.3554
212,independent,48,13019,1,0.31509643,0.3199,0.2497,0.4032,0.2938,0.3472,1.3031893,1.429,0.5175,2.637,1.038,1.826,4.3110903,3.744,2.477,5.09,3.32,4.176,9.3817825,10.51,7.821,14.17,9.468,11.63,0.35405803,0.3172,0.09836,0.743,0.2255,0.4526
7086,independent,73,463,1,0.30629659,0.3567,0.2449,0.4808,0.318,0.4002,2.006215,1.242,0.4344,2.249,0.9685,1.562,1.6462085,1.804,0.9657,2.822,1.495,2.146,6.7326297,5.14,3.801,6.724,4.66,5.639,0.49968549,0.4547,0.1626,0.8658,0.3438,0.5926
5514,independent,38,19441,1,0.72935555,0.6393,0.5068,0.7696,0.5956,0.6849,1.4677539,1.16,0.4781,1.976,0.8876,1.44,1.7906084,2.114,1.231,3.096,1.812,2.441,5.3363172,4.664,3.451,6.149,4.212,5.192,0.58814536,0.4957,0.1555,0.941,0.3626,0.6413
6290,independent,99,19166,1,0.90175912,0.9073,0.7914,0.9712,0.8756,0.9347,1.1925679,0.8481,0.3362,1.465,0.6598,1.057,2.4667906,1.98,1.089,3.035,1.651,2.316,6.9421647,6.644,4.069,12.26,5.56,7.955,1.0104939,1.113,0.6213,1.648,0.9413,1.3
394,independent,12,5905,1,0.01,0.02272,0.006593,0.05666,0.01595,0.03217,1.5412412,1.113,0.2806,2.985,0.7129,1.618,0.79473445,1.113,0.4427,2.504,0.8351,1.512,7.3299637,5.003,2.698,9.74,4.091,6.25,0.12413444,0.1675,0.05789,0.3609,0.1188,0.2248
103,independent,84,15167,1,0.65454522,0.7111,0.5745,0.8483,0.66,0.7612,0.22218129,0.7784,0.2538,1.665,0.5536,1.079,3.1835286,2.819,1.711,4.033,2.434,3.229,4.0825941,5.22,3.724,7.809,4.58,5.902,0.20660804,0.5081,0.1954,0.9421,0.382,0.6419
215,independent,61,18862,1,0.30565382,0.283,0.2065,0.3834,0.2557,0.3132,0.56399192,0.5915,0.2005,1.306,0.4152,0.7985,0.45135836,0.8737,0.4018,1.574,0.676,1.087,7.2818434,9.876,7.493,12.88,9.009,10.81,0.80230431,0.8429,0.5006,1.212,0.7143,0.9595
5841,independent,135,5229,1,0.49757459,0.5038,0.3981,0.6113,0.4655,0.5446,1.5001387,1.23,0.4529,2.192,0.953,1.552,3.25571,2.576,1.491,3.758,2.17,2.976,6.0175716,6.013,4.407,7.962,5.42,6.671,0.6326565,0.5053,0.1798,0.983,0.3664,0.665
6239,independent,69,2109,1,0.043474509,0.03787,0.0198,0.06815,0.03036,0.04655,1.1448397,1.848,0.4639,3.764,1.271,2.437,2.2024854,1.929,0.7235,4.018,1.466,2.581,9.4044002,9.88,7.025,13.28,8.834,10.97,0.69721137,0.3711,0.1514,0.654,0.2848,0.4696
1120,independent,101,9034,1,0.60263342,0.6025,0.4687,0.747,0.5505,0.6512,0.86613337,1.098,0.4682,1.917,0.8476,1.377,1.9544839,1.955,1.091,2.837,1.67,2.239,4.561003,4.101,3.039,5.376,3.725,4.543,0.16290529,0.4455,0.1501,0.898,0.3262,0.579
1487,independent,98,18656,1,0.62152036,0.5782,0.3891,0.7442,0.5118,0.6342,0.67840017,0.5341,0.1804,1.145,0.3821,0.7375,1.3037928,1.278,0.5825,2.165,1.01,1.567,3.6635925,4.31,3.039,5.876,3.837,4.777,1.1917982,1.16,0.68,1.616,0.9947,1.324
2267,independent,64,13083,1,0.10320411,0.1267,0.08368,0.1915,0.1111,0.1441,0.4003244,1.076,0.2477,3.549,0.6682,1.592,4.7627693,3.639,1.723,6.09,2.941,4.525,7.5754548,8.499,6.662,10.81,7.813,9.261,0.77017654,1.522,0.5503,2.518,1.142,1.885
11,independent,118,17358,1,0.52904272,0.6383,0.4961,0.7672,0.5872,0.6837,0.84216289,1.055,0.3497,2.141,0.7564,1.369,3.5298207,2.91,1.673,4.326,2.456,3.397,3.5340641,3.395,2.442,4.512,3.057,3.745,0.40342829,0.7568,0.2756,1.35,0.5755,0.9702
226,independent,26,5498,1,0.47238994,0.5023,0.3876,0.6379,0.4613,0.5454,1.2559711,1.221,0.5349,2.105,0.9537,1.512,2.0824108,2.148,1.293,3.145,1.825,2.465,9.9476768,9.376,6.664,13.23,8.459,10.59,0.6126913,0.3145,0.09943,0.697,0.2207,0.4207
536,independent,88,7429,1,0.01,0.01059,0.002674,0.03907,0.006717,0.0165,0.88105031,1.018,0.2507,3.241,0.6477,1.512,3.7239315,1.679,0.6227,4.277,1.227,2.281,1.2620571,3.982,1.774,8.209,3.097,5.231,0.05,0.1541,0.05675,0.3165,0.111,0.2071
68,independent,41,7945,1,0.71886297,0.7005,0.557,0.8344,0.6516,0.7485,0.88259012,0.6977,0.2509,1.379,0.5094,0.8992,2.4717253,3.258,2.12,4.507,2.835,3.673,5.9627543,4.225,3.015,5.726,3.801,4.69,0.5660492,0.3048,0.08703,0.6786,0.2055,0.4187
287,independent,82,13438,1,0.10642071,0.06959,0.03923,0.1189,0.05795,0.08342,0.48484831,1.581,0.3624,3.841,1.039,2.249,4.1706651,3.441,1.859,5.462,2.816,4.008,9.371686,7.529,5.735,9.75,6.879,8.209,0.79827419,0.7105,0.2898,1.202,0.5606,0.8714
3932,independent,32,14768,1,0.44080667,0.5008,0.3873,0.6239,0.4599,0.5471,3.5016144,2.334,1.452,3.367,2.005,2.678,1.1361729,1.561,0.7906,2.443,1.272,1.871,5.1800734,6.681,4.86,9.15,5.964,7.419,0.54045399,0.344,0.1284,0.6691,0.2546,0.4428
2575,independent,89,14211,1,0.58389745,0.593,0.4868,0.6911,0.5564,0.6292,2.1887598,2.193,1.346,3.186,1.887,2.539,2.232169,1.476,0.8025,2.263,1.239,1.744,8.4833726,7.307,5.175,10.14,6.521,8.19,0.39521246,0.3785,0.1376,0.7287,0.2792,0.4905
1457,independent,72,13280,1,0.02360412,0.06546,0.02275,0.1438,0.04755,0.088,1.4408246,0.7484,0.2022,1.882,0.5109,1.087,1.8294789,1.398,0.6263,2.709,1.069,1.757,3.8131833,3.098,1.755,5.071,2.588,3.695,0.05,0.1589,0.04637,0.3736,0.108,0.2248
4065,independent,52,5295,1,0.82707142,0.8341,0.6852,0.9496,0.7863,0.8825,0.60648742,0.7612,0.2555,1.504,0.5551,0.9821,2.6521458,2.249,1.343,3.421,1.912,2.604,4.4095547,5.516,3.594,9.493,4.755,6.578,0.48255755,0.6553,0.3143,1.051,0.5347,0.8025
97,independent,135,10378,1,0.3041668,0.3004,0.2145,0.4081,0.2702,0.3352,1.2727138,0.6466,0.2183,1.476,0.4633,0.902,3.1820413,2.585,1.574,3.684,2.237,2.981,5.8570241,5.628,4.275,7.213,5.107,6.165,0.22656999,0.4476,0.1367,0.9346,0.3253,0.5948
4464,independent,113,12464,1,0.26977223,0.2892,0.1956,0.433,0.2513,0.3312,0.41821051,0.998,0.3586,1.994,0.7416,1.292,1.4547188,1.294,0.6429,2.277,1.03,1.604,5.7605843,5.689,4.058,7.575,5.085,6.33,0.3284762,0.5501,0.2281,0.9241,0.4241,0.6781
47,independent,63,5391,1,0.63462497,0.6102,0.4941,0.7397,0.5688,0.6581,1.2634532,1.488,0.8268,2.283,1.261,1.726,1.9898482,2.274,1.263,3.461,1.89,2.663,14.593122,10.16,6.587,16.65,8.708,12.01,0.76397964,0.6025,0.203,1.138,0.4428,0.7716
350,independent,43,4461,1,0.25173072,0.2393,0.1731,0.3233,0.214,0.2671,0.59265885,1.187,0.267,3.111,0.7257,1.766,5.8019604,4.55,2.392,7.1,3.773,5.409,12.401168,11.3,8.274,15.2,10.16,12.51,0.22750682,0.8982,0.2788,1.866,0.6254,1.185
576,independent,31,2974,1,0.18170808,0.2507,0.1621,0.3674,0.2159,0.2887,1.6606627,1.197,0.4678,2.236,0.8774,1.532,1.7353127,2.67,1.749,3.725,2.331,3.023,4.1060845,3.843,2.641,5.278,3.396,4.319,0.44891811,0.2794,0.09356,0.5854,0.1988,0.3703
5065,independent,102,18564,1,0.47072228,0.4281,0.3094,0.5684,0.388,0.4727,0.61597137,0.4882,0.1506,1.206,0.3345,0.6856,0.82443123,0.9424,0.4023,1.762,0.7275,1.19,5.6681757,4.901,3.633,6.413,4.458,5.384,1.7121477,2.035,1.486,2.627,1.849,2.234
3503,independent,56,12725,1,0.4389239,0.3945,0.3007,0.5016,0.3617,0.4289,0.29337603,0.5854,0.1888,1.301,0.423,0.8083,2.2299672,2.158,1.254,3.132,1.831,2.471,7.7894873,6.868,5.115,9.153,6.244,7.541,0.38885949,0.3398,0.1365,0.651,0.2565,0.4389
1884,independent,90,12727,1,0.24087684,0.2408,0.1689,0.3332,0.2152,0.2689,0.6637946,1.762,0.4319,4.645,1.151,2.588,4.6117396,8.66,5.133,15.71,7.305,10.35,7.1039765,6.918,5.179,9.008,6.283,7.568,0.98074093,0.3773,0.1064,1.025,0.25,0.5544
3860,independent,67,17649,1,0.021661799,0.03149,0.01038,0.08469,0.02202,0.04478,0.47165283,1.004,0.246,2.94,0.6283,1.511,1.7504285,2.286,1.081,4.19,1.77,2.838,4.2888805,3.526,1.746,7.072,2.742,4.389,0.61505831,0.4184,0.1451,0.7609,0.3127,0.5321
189,independent,8,5040,1,0.61444673,0.6642,0.517,0.8133,0.611,0.7153,1.037089,0.8128,0.2848,1.599,0.594,1.061,3.1904291,2.495,1.586,3.617,2.159,2.846,8.4036937,6.455,4.5,9.545,5.716,7.408,0.18319966,0.2887,0.08868,0.6385,0.1935,0.4002
2565,independent,33,5530,1,0.51326372,0.4669,0.2504,0.6825,0.3932,0.542,0.4960714,0.6584,0.2618,1.284,0.4941,0.8529,0.31569962,0.7829,0.383,1.392,0.6314,0.9754,1.682603,2.347,1.587,3.297,2.053,2.654,0.49765938,0.2502,0.1001,0.482,0.1897,0.3168
4909,independent,84,7518,1,0.49907816,0.4623,0.3386,0.6365,0.4126,0.5136,0.62973996,0.8143,0.248,1.771,0.5598,1.1,1.0908099,1.901,0.9524,3.186,1.52,2.33,5.2559625,6.328,4.588,8.612,5.684,7.066,1.1308015,0.9144,0.5104,1.378,0.766,1.066
6158,independent,32,2523,1,0.58651053,0.6193,0.5117,0.734,0.577,0.659,2.7234486,3.29,2.312,4.494,2.926,3.678,1.5785474,1.373,0.7252,2.21,1.123,1.648,7.2447541,7.903,5.646,11.61,6.975,8.897,0.46017859,0.446,0.1688,0.843,0.3363,0.5708
4359,independent,8,15456,1,0.54015619,0.5811,0.4624,0.7097,0.5403,0.625,0.9873068,0.5269,0.1814,1.093,0.3842,0.7121,3.3370435,2.696,1.828,3.661,2.398,3.028,7.5507895,6.069,4.328,8.35,5.41,6.746,0.1120274,0.1667,0.05104,0.4235,0.1134,0.2352
571,independent,12,4329,1,0.011308269,0.01475,0.006578,0.03303,0.01121,0.01917,0.5376085,0.8109,0.2274,2.282,0.5454,1.203,1.5722356,1.527,0.5857,3.272,1.128,2.017,6.83115,8.129,5.044,13.37,6.887,9.57,0.13478605,0.1852,0.05681,0.4085,0.1298,0.2555
85,independent,106,4877,1,0.37194321,0.4089,0.311,0.5185,0.3722,0.4489,2.9903925,2.645,1.493,3.916,2.273,3.085,0.63607928,1.343,0.6545,2.307,1.051,1.663,6.6258754,6.677,5.008,8.845,6.054,7.409,1.19788,0.856,0.4106,1.347,0.7056,1.03
8116,independent,37,14064,1,0.46086803,0.3917,0.2966,0.5058,0.356,0.4298,1.9490361,1.346,0.6764,2.217,1.09,1.613,2.1371146,2.153,1.199,3.202,1.787,2.519,9.4069207,9.218,6.798,12.24,8.313,10.1,0.55123064,0.4138,0.1304,0.8848,0.292,0.5747
4211,independent,110,4562,1,0.51898241,0.4852,0.3655,0.6252,0.4423,0.5324,1.7189203,2.404,1.242,3.773,1.99,2.84,1.6930169,1.669,0.8525,2.786,1.35,2.019,8.6319642,8.045,5.586,11.23,7.165,8.944,0.59583156,0.4871,0.1816,0.8622,0.3657,0.6183
4559,independent,76,13823,1,0.27287902,0.3657,0.2711,0.4752,0.3318,0.4009,0.37964908,0.5469,0.164,1.301,0.3807,0.7668,2.5424881,3.471,2.236,4.729,3.054,3.898,7.963122,10.23,7.613,13.92,9.244,11.33,1.0480649,0.3718,0.09171,0.8979,0.2454,0.5325
5594,independent,40,4693,1,0.50126685,0.4877,0.3091,0.6979,0.4205,0.5559,0.41274605,0.6509,0.2393,1.314,0.4686,0.8569,1.5089003,1.857,1.099,2.898,1.563,2.193,3.3304809,3.453,2.286,4.821,3.025,3.92,0.06592824,0.1294,0.04337,0.289,0.09059,0.1784
1175,independent,15,5056,1,0.28162574,0.3721,0.2819,0.4723,0.3416,0.4046,1.1598987,1.034,0.3022,2.088,0.7324,1.378,2.0956803,2.366,1.256,3.644,1.959,2.794,7.3999565,7.353,5.391,9.758,6.648,8.079,1.0480215,0.6998,0.2988,1.271,0.5362,0.8997
116,independent,119,492,1,0.66327983,0.5548,0.4421,0.6793,0.5133,0.5955,0.40522734,0.7458,0.3006,1.387,0.5628,0.9532,3.1557607,2.67,1.798,3.731,2.353,3.007,6.158386,6.454,4.61,8.969,5.839,7.151,0.097903152,0.2154,0.07016,0.478,0.1491,0.2936
4029,independent,97,2478,1,0.35191678,0.4559,0.3508,0.568,0.4178,0.4965,0.28900903,0.6246,0.2057,1.409,0.4361,0.8566,1.9291819,3.281,1.787,4.961,2.728,3.843,7.3698817,6.938,5.013,9.283,6.247,7.688,1.5527456,0.6675,0.1952,1.292,0.4787,0.8683
5587,independent,141,5335,1,0.61196745,0.6259,0.4563,0.8056,0.568,0.6886,0.33247837,0.4945,0.1614,1.052,0.3487,0.6654,1.0367632,2.488,1.327,3.926,2.036,2.966,1.8314318,2.573,1.847,3.495,2.302,2.892,1.4279441,0.805,0.2912,1.439,0.588,1.017
4146,independent,94,18868,1,0.80700828,0.6399,0.3716,0.8579,0.5523,0.7247,0.22605507,0.3998,0.1291,0.8573,0.2745,0.5411,1.7402514,1.381,0.8303,2.088,1.168,1.617,2.7950087,2.469,1.563,3.679,2.13,2.804,0.25365539,0.2433,0.07654,0.5499,0.1738,0.3359
220,independent,10,3806,1,0.15316106,0.2149,0.1388,0.3052,0.1855,0.245,0.55083667,0.7173,0.243,1.48,0.526,0.9581,1.9275798,1.773,1.06,2.614,1.523,2.059,7.1061608,6.097,4.469,7.898,5.518,6.664,0.12181339,0.1872,0.05684,0.4139,0.1304,0.2543
5064,independent,23,2405,1,0.4080108,0.4298,0.3207,0.5588,0.3899,0.4717,0.19872144,1.06,0.3385,2.182,0.7675,1.367,4.4675853,3.552,2.215,5.004,3.11,4.061,6.826156,7.29,5.217,9.722,6.537,8.115,0.20412488,0.366,0.1336,0.7467,0.2678,0.4912
6010,independent,99,17666,1,0.95106261,0.9124,0.7678,0.9792,0.8706,0.9426,0.32261873,0.7327,0.267,1.548,0.5396,0.9732,2.2533139,3.119,1.791,5.187,2.644,3.741,4.3413616,4.612,2.943,7.822,3.932,5.449,0.68388002,0.8764,0.4258,1.349,0.7022,1.036
4646,independent,76,19181,1,0.21805294,0.2925,0.209,0.3915,0.2608,0.325,0.90644242,0.8043,0.2615,1.818,0.5586,1.078,2.1829569,5.191,3.25,7.257,4.506,5.895,8.8182018,8.054,6.093,10.49,7.341,8.811,1.2152018,0.504,0.1268,1.216,0.3313,0.7235
2922,independent,88,12292,1,0.010450029,0.04265,0.009794,0.1067,0.02798,0.06126,1.8976431,0.8138,0.2152,2.328,0.5378,1.148,1.9585138,1.845,0.7879,3.554,1.441,2.343,3.638505,3.415,1.793,6.204,2.784,4.264,0.2983255,0.1827,0.06161,0.3943,0.1317,0.2492
959,independent,3,17962,1,0.55265497,0.6703,0.5628,0.7766,0.6342,0.706,3.2047127,3.004,1.988,4.14,2.618,3.379,2.6270826,2.567,1.431,3.915,2.18,2.997,5.9319926,5.679,4.106,7.728,5.091,6.289,0.18008351,0.3579,0.1026,0.8185,0.2501,0.4886
2734,independent,139,6196,1,0.51816862,0.4388,0.3182,0.5923,0.3928,0.4905,0.782111,0.7768,0.2656,1.612,0.5612,1.057,1.31258,1.322,0.6448,2.102,1.07,1.59,5.0923859,5.41,3.798,7.243,4.813,6.032,0.40185218,0.4547,0.1966,0.7785,0.3569,0.5617
411,independent,40,18606,1,0.42216257,0.4163,0.2858,0.5713,0.3653,0.4667,0.63294019,0.5055,0.1845,1.001,0.3686,0.6613,1.1858292,1.391,0.8249,2.058,1.184,1.629,4.1612569,4.338,3.199,5.654,3.904,4.756,0.05080588,0.1695,0.05675,0.3767,0.1214,0.2318
419,independent,93,16528,1,0.90908884,0.9099,0.7984,0.9789,0.8772,0.939,0.4668829,0.9332,0.3029,1.976,0.6681,1.254,3.2494395,3.575,2.414,5.248,3.141,4.067,6.1380891,4.259,2.939,6.246,3.746,4.823,0.42839826,0.3366,0.1059,0.7174,0.2357,0.4498
4354,independent,88,9846,1,0.01,0.02011,0.005308,0.06299,0.01294,0.02985,0.99030521,0.8525,0.2048,2.801,0.5263,1.351,3.2342588,1.396,0.5534,3.231,1.048,1.855,5.7599513,4.544,2.358,8.181,3.769,5.572,0.22296597,0.3614,0.1443,0.6238,0.2756,0.4494
6940,independent,122,8005,1,0.30843013,0.3185,0.2289,0.4267,0.2833,0.356,0.73458166,0.9538,0.2875,2.137,0.6526,1.281,2.8459323,4.027,2.367,5.937,3.444,4.634,4.402742,4.668,3.402,6.046,4.196,5.136,1.2404104,0.5744,0.1662,1.23,0.4034,0.7684
1288,independent,63,1177,1,0.68725168,0.6682,0.5122,0.8055,0.6161,0.7153,2.0513518,2.21,1.4,3.238,1.908,2.528,1.6830403,1.387,0.6874,2.324,1.105,1.682,8.6422673,10.43,6.752,17.4,8.89,12.35,0.83335592,0.8664,0.4182,1.387,0.7078,1.035
532,independent,95,18446,1,0.72814716,0.6444,0.4777,0.8065,0.5856,0.6999,0.28939578,0.7011,0.2711,1.353,0.5281,0.9068,1.8778205,2.262,1.396,3.257,1.946,2.583,2.9643698,3.528,2.411,4.876,3.124,3.955,0.25996219,0.2111,0.06135,0.5454,0.1371,0.2996
318,independent,40,3006,1,0.64782782,0.6137,0.4243,0.8002,0.5464,0.6794,0.39495182,0.5671,0.1878,1.136,0.4094,0.7388,1.1390094,1.591,0.988,2.335,1.366,1.836,3.6147485,4.698,3.237,6.454,4.181,5.311,0.10906539,0.1615,0.05594,0.3562,0.1143,0.2179
3242,independent,96,18923,1,0.34067416,0.2813,0.1958,0.3966,0.2477,0.3202,1.8200267,1.407,0.5299,2.572,1.059,1.789,1.6181206,1.71,0.8637,2.698,1.394,2.051,4.5005493,4.483,3.263,6.028,3.993,4.955,0.25957824,0.3327,0.1213,0.6272,0.2478,0.4252
632,independent,16,16097,1,0.3188849,0.2584,0.1848,0.3528,0.2304,0.2891,1.5136012,1.152,0.4399,2.085,0.8721,1.457,1.4276881,1.183,0.5957,2.023,0.9542,1.441,8.6218852,7.122,5.401,9.126,6.45,7.798,0.88766863,0.8688,0.4644,1.292,0.7338,1.012
386,independent,94,12788,1,0.80524375,0.5825,0.4421,0.7112,0.5394,0.631,0.30691994,0.463,0.1481,1.057,0.3255,0.6298,2.8801308,2.69,1.841,3.639,2.4,2.994,2.8262494,3.014,2.135,4.067,2.704,3.381,0.25650483,0.26,0.08972,0.5516,0.1918,0.3474
55,independent,10,6510,1,0.1085077,0.1188,0.05931,0.1955,0.09534,0.1443,0.82675297,0.9446,0.3203,1.898,0.6907,1.238,2.1846354,1.734,0.8217,2.972,1.385,2.124,7.0645397,6.199,4.499,8.158,5.605,6.802,0.13568032,0.191,0.05555,0.4439,0.1318,0.2616
77,independent,32,1417,1,0.47030371,0.6234,0.4994,0.7371,0.5806,0.6648,3.5822106,4.668,3.315,6.627,4.172,5.303,0.43974129,1.44,0.7079,2.536,1.151,1.782,5.0878796,6.613,4.808,9.134,5.906,7.332,0.67066591,0.7055,0.3104,1.173,0.5644,0.8667
3225,independent,119,15634,1,0.64170573,0.7403,0.6046,0.8631,0.6944,0.7817,1.0680797,0.7396,0.241,1.428,0.5444,0.9527,2.9771753,2.296,1.47,3.308,2.012,2.623,5.5910673,4.86,3.481,6.9,4.349,5.528,0.33831279,0.2954,0.1,0.6467,0.2059,0.402
554,independent,49,14096,1,0.27807984,0.3073,0.2194,0.4165,0.273,0.3404,1.4571639,1.168,0.3673,2.294,0.855,1.539,3.9481149,3.96,2.414,5.532,3.419,4.516,10.456133,8.852,6.487,11.78,8.0,9.8,0.89064812,0.5276,0.1283,1.248,0.3442,0.7785
7658,independent,81,8029,1,0.33490141,0.2546,0.1819,0.3553,0.228,0.2867,1.3040376,1.892,0.8148,3.146,1.475,2.305,1.4681164,1.167,0.5595,1.943,0.9583,1.407,5.0475986,5.158,3.819,6.739,4.731,5.687,0.55142393,0.5539,0.2392,0.8995,0.4319,0.6695
6462,independent,54,11161,1,0.28389222,0.3345,0.2244,0.4779,0.2899,0.379,0.66775999,0.5993,0.212,1.327,0.4343,0.8022,1.4310358,2.535,1.556,3.562,2.176,2.874,4.2889271,3.625,2.617,4.904,3.263,4.048,0.67675117,0.4232,0.1399,0.866,0.2986,0.5672
3008,independent,22,5218,1,0.58216575,0.5332,0.3842,0.6983,0.4795,0.5921,0.18474369,0.4805,0.1598,1.017,0.3382,0.6468,1.8670698,1.582,0.9368,2.331,1.339,1.845,2.9696022,3.922,2.772,5.373,3.515,4.342,0.40021474,0.2888,0.1028,0.5877,0.2084,0.3839
598,independent,4,1988,1,0.15583221,0.1113,0.06547,0.1831,0.09335,0.134,0.32427485,0.6977,0.1922,1.848,0.4486,1.001,1.6633012,1.39,0.6295,2.548,1.111,1.739,4.6414286,4.531,3.062,6.331,3.969,5.111,0.53499555,0.6997,0.3892,1.021,0.5914,0.8076
468,independent,51,14780,1,0.1243797,0.08606,0.05462,0.1394,0.07424,0.1019,1.3752154,1.357,0.4231,2.67,0.9644,1.784,1.5099446,1.891,0.9938,3.102,1.558,2.25,2.597166,3.43,2.237,5.031,3.001,3.918,0.34865981,0.2436,0.08208,0.5041,0.1774,0.3265
4172,independent,48,17973,1,0.39489905,0.3964,0.2988,0.4995,0.3611,0.433,2.3065761,2.136,1.228,3.216,1.807,2.489,3.1611973,3.463,2.04,5.022,2.945,4.007,15.135042,11.22,8.05,15.7,9.987,12.39,0.70224548,0.6192,0.2026,1.216,0.4534,0.8017
4066,independent,121,14179,1,0.37204668,0.3814,0.2328,0.5404,0.3284,0.4323,0.38981353,0.5193,0.1632,1.15,0.364,0.7096,1.7479995,1.59,0.8977,2.481,1.338,1.889,3.1775821,4.017,2.922,5.252,3.644,4.419,0.15415073,0.3734,0.1355,0.6939,0.2714,0.4857
495,independent,126,5158,1,0.64614974,0.6327,0.5044,0.7662,0.5893,0.6753,1.6041302,1.564,0.8328,2.446,1.294,1.834,1.498076,1.479,0.846,2.315,1.239,1.758,5.9085977,6.849,4.848,9.823,6.117,7.669,0.30666834,0.3597,0.1286,0.6934,0.2662,0.4728
3798,independent,44,17679,1,0.015921457,0.01604,0.003352,0.0609,0.009599,0.02563,0.35558369,0.934,0.2523,2.881,0.5932,1.348,0.6474852,1.485,0.5629,3.545,1.078,2.05,3.1616453,3.905,1.734,8.626,3.064,5.041,0.40520208,0.2583,0.1056,0.4761,0.1956,0.3366
4788,independent,4,18385,2,0.327978,0.3316,0.2056,0.4729,0.2856,0.3786,0.26826303,0.4036,0.1046,1.116,0.2791,0.6231,2.1392345,1.479,0.7531,2.374,1.209,1.791,4.743985,4.165,2.958,5.503,3.757,4.591,0.54942328,0.6209,0.3327,0.9368,0.5161,0.7317
271,independent,132,7149,2,0.39746975,0.3814,0.2799,0.5132,0.3448,0.4247,0.75960843,0.4315,0.1236,0.9758,0.2971,0.5881,1.2561774,1.644,0.9562,2.366,1.389,1.89,3.3025887,3.739,2.563,5.228,3.29,4.236,0.58872018,0.3039,0.0873,0.6607,0.2041,0.4116
5285,independent,139,13997,2,0.52708533,0.5129,0.3817,0.6486,0.468,0.5615,0.73410297,0.6268,0.1977,1.289,0.453,0.8284,0.64471546,0.7974,0.3823,1.387,0.6291,0.9983,5.0675858,5.173,3.807,6.922,4.677,5.699,0.58449259,0.453,0.2138,0.783,0.3634,0.5613
2470,independent,18,11565,2,0.35469123,0.295,0.1978,0.4175,0.2585,0.3316,1.2790794,0.5754,0.1567,1.771,0.3722,0.907,6.1311254,3.688,1.553,6.617,2.785,4.615,7.131117,7.97,6.142,10.22,7.297,8.717,1.1246019,1.86,0.71,3.195,1.417,2.29
1505,independent,62,1366,2,0.27100865,0.2545,0.1232,0.4395,0.2044,0.3141,0.461337,0.5336,0.1419,1.323,0.3564,0.7708,0.9420949,0.964,0.4169,1.774,0.7612,1.236,3.1467539,3.798,2.565,5.147,3.335,4.254,0.55122711,0.5516,0.2947,0.8489,0.4479,0.6454
1842,independent,62,8967,2,0.25655707,0.1891,0.09735,0.3067,0.1585,0.2254,0.33333813,0.5003,0.1229,1.263,0.335,0.719,1.3246672,0.8673,0.3725,1.658,0.6689,1.094,4.3466863,3.792,2.623,5.327,3.324,4.278,0.50422857,0.6667,0.3737,0.9679,0.5627,0.7758
3189,independent,119,7430,2,0.78944393,0.8394,0.711,0.9368,0.7996,0.8801,0.24530243,0.3859,0.119,0.9311,0.2697,0.5396,3.5335339,4.063,2.72,6.036,3.545,4.628,5.9032215,6.338,4.083,11.29,5.403,7.574,0.21119773,0.2222,0.06873,0.5455,0.1485,0.3155
533,independent,6,14821,2,0.48522523,0.5433,0.4136,0.6824,0.4996,0.5937,0.37282734,0.5341,0.1662,1.179,0.3792,0.7352,1.3709708,1.745,1.04,2.54,1.488,2.013,6.1708673,6.317,4.692,8.519,5.656,7.031,0.43599374,0.4499,0.1902,0.8113,0.3385,0.5707
2762,independent,65,5885,2,0.01,0.01119,0.002127,0.04937,0.006554,0.01791,0.55017786,0.5809,0.1468,2.092,0.3633,0.8912,1.2193125,1.596,0.5423,4.307,1.144,2.217,3.1081092,3.908,1.608,9.11,2.877,5.254,0.30958644,0.3879,0.1675,0.6539,0.3027,0.4712
413,independent,93,10152,2,0.94783719,0.9323,0.8272,0.9844,0.9026,0.9573,0.57595443,1.011,0.4615,1.648,0.802,1.227,1.8980726,2.051,1.37,2.849,1.789,2.314,5.4845649,5.611,3.583,10.72,4.713,6.77,0.47899306,0.3259,0.1041,0.6574,0.2396,0.4266
5513,independent,70,7911,2,0.15103393,0.18,0.102,0.2905,0.1517,0.211,0.19385977,0.5414,0.1493,1.229,0.3622,0.7501,1.4999675,1.532,0.7663,2.537,1.24,1.835,3.9306542,3.543,2.47,4.865,3.128,3.97,0.28854646,0.3777,0.1395,0.6919,0.276,0.475
405,independent,88,2718,2,0.020678766,0.01544,0.002711,0.05402,0.009665,0.02387,1.9082306,0.6821,0.1373,2.688,0.4246,1.113,1.2503014,1.761,0.677,4.403,1.283,2.401,3.9564147,3.391,1.572,6.88,2.66,4.348,0.2251513,0.1793,0.0586,0.3648,0.131,0.2368
5379,independent,114,19363,2,0.37552017,0.452,0.3123,0.6041,0.4028,0.5031,2.5870961,2.349,0.9866,3.991,1.834,2.886,2.8175513,2.502,1.101,4.876,1.911,3.202,10.733584,10.22,7.372,15.21,9.106,11.66,1.1559246,1.697,0.8611,2.559,1.4,1.982
3990,independent,119,8174,2,0.66984288,0.7009,0.569,0.825,0.6556,0.7456,0.52258935,0.8132,0.262,1.602,0.5919,1.048,2.3355008,2.311,1.506,3.167,2.016,2.59,6.0149507,7.553,5.224,11.32,6.645,8.614,0.46080302,0.2833,0.09545,0.636,0.1986,0.3777
5970,independent,37,709,2,0.53124061,0.4783,0.3793,0.595,0.4393,0.5179,2.5451594,2.824,1.757,4.156,2.447,3.251,3.6965443,3.357,2.142,4.691,2.945,3.776,13.073201,8.967,6.475,12.63,8.074,10.07,0.090194949,0.1933,0.06192,0.4492,0.1345,0.2645
73,independent,51,11862,2,0.087483037,0.094,0.03539,0.2179,0.07069,0.1233,1.3255092,1.215,0.315,3.19,0.8015,1.739,1.6722302,1.268,0.5727,2.32,0.9808,1.595,3.1650753,3.163,1.847,5.095,2.666,3.803,0.51252896,0.4605,0.1946,0.7876,0.3606,0.5712
4382,independent,119,5881,2,0.61592302,0.6203,0.4772,0.7846,0.5736,0.677,0.7963058,0.9081,0.3332,1.635,0.6865,1.154,2.067353,2.123,1.251,3.19,1.816,2.465,6.0376663,4.692,3.411,6.335,4.177,5.271,0.27171384,0.3191,0.1056,0.6623,0.2249,0.4218
246,independent,64,1476,2,0.069939846,0.07149,0.03908,0.125,0.05901,0.08635,0.46328084,0.9201,0.1888,3.173,0.5344,1.508,3.7197354,3.385,1.816,5.096,2.809,3.961,10.020037,9.775,7.479,12.74,8.961,10.64,0.99768229,1.07,0.5283,1.619,0.8918,1.265
1787,independent,33,3212,2,0.6929543,0.6,0.3357,0.8356,0.5085,0.69,0.4130244,0.2896,0.08906,0.6669,0.2032,0.3949,0.66394551,1.218,0.6213,1.893,1.002,1.418,1.5203713,2.136,1.42,3.035,1.861,2.425,0.52082598,0.346,0.1458,0.6505,0.2626,0.4324
481,independent,136,10171,2,0.1074312,0.1117,0.04641,0.2311,0.08433,0.1455,0.78910131,0.7501,0.1601,2.161,0.4608,1.13,2.7535804,2.474,1.376,3.734,2.067,2.896,3.84825,3.762,2.405,5.665,3.208,4.399,0.47295727,0.6291,0.2222,1.119,0.4761,0.7849
6071,independent,123,13211,2,0.08613932,0.09828,0.06168,0.1547,0.08382,0.115,0.17783223,0.4681,0.132,1.18,0.3185,0.6491,1.6973428,0.9706,0.432,1.82,0.773,1.235,10.177403,9.977,7.614,12.79,9.148,10.84,1.1051758,1.052,0.7391,1.395,0.9349,1.172
2506,independent,61,13769,2,0.25899922,0.2817,0.1609,0.431,0.2362,0.3313,0.38055065,0.4399,0.1278,1.014,0.3065,0.6259,0.40037677,0.8754,0.4205,1.565,0.7071,1.081,6.0057893,4.622,3.404,6.186,4.17,5.136,0.73248317,0.5766,0.2902,0.9004,0.469,0.6876
813,independent,118,14590,2,0.56156184,0.6439,0.5,0.7864,0.592,0.6953,0.6193557,0.687,0.1835,1.719,0.4655,0.9798,3.0518803,4.011,1.994,6.572,3.306,4.791,3.7801276,5.434,4.013,7.464,4.856,6.06,1.0462225,1.031,0.4038,1.766,0.7932,1.272
4784,independent,103,16575,2,0.85617076,0.8427,0.7248,0.9316,0.8057,0.8784,1.9156105,1.558,1.03,2.187,1.361,1.758,1.2863197,1.152,0.5415,1.879,0.9111,1.386,5.0382471,5.908,3.95,9.643,5.09,6.874,0.46145212,0.5641,0.2061,1.02,0.4244,0.713
5631,independent,95,11711,2,0.66155502,0.5355,0.3896,0.7103,0.4843,0.594,0.40501173,0.4319,0.1461,0.9402,0.3136,0.5974,1.9241195,2.21,1.3,3.188,1.891,2.542,3.0287638,4.232,3.027,5.684,3.788,4.711,0.4604452,0.4716,0.1432,0.9187,0.3408,0.6205
5331,independent,1,17855,2,0.3492246,0.3503,0.2673,0.455,0.3181,0.3855,1.2106828,1.394,0.3697,2.935,0.9619,1.876,2.3758145,2.815,1.403,4.588,2.289,3.424,8.328587,9.992,7.547,13.27,8.991,11.04,0.93165751,0.8967,0.3625,1.553,0.6911,1.103
500,independent,65,17920,2,0.033347954,0.0194,0.003605,0.08749,0.01098,0.03183,0.42204,0.6027,0.1403,2.06,0.3682,0.9455,0.92475215,1.557,0.5674,4.164,1.126,2.24,2.1887484,3.728,1.844,7.318,2.898,4.74,0.26025899,0.29,0.1117,0.5311,0.2207,0.36
364,independent,72,5251,2,0.12605774,0.1195,0.04304,0.2542,0.09023,0.1585,0.61618491,0.6116,0.1475,1.562,0.4083,0.8575,0.64703239,0.9484,0.3796,1.993,0.6943,1.242,3.2296005,3.321,1.988,5.166,2.8,3.899,0.05,0.1265,0.04395,0.2749,0.09097,0.1679
6565,independent,46,6751,2,0.11757106,0.143,0.09097,0.2208,0.1224,0.1647,1.6809744,0.6701,0.1497,2.125,0.4088,1.055,4.0316583,3.758,1.792,6.198,3.041,4.471,19.105421,14.98,11.48,20.47,13.55,16.54,1.1962706,1.706,0.8697,2.875,1.398,2.045
4168,independent,110,18412,2,0.53607257,0.5917,0.444,0.7474,0.5392,0.6445,2.5698695,1.287,0.4323,2.477,0.9248,1.691,2.8040862,3.072,1.833,4.552,2.614,3.565,5.78059,6.953,4.792,9.862,6.159,7.786,0.5176814,0.6774,0.2953,1.111,0.5454,0.8248
173,independent,46,8334,2,0.16129865,0.1564,0.105,0.2307,0.1372,0.1779,2.0648546,0.5857,0.1547,1.807,0.3848,0.898,4.4437696,4.272,2.065,6.832,3.463,5.063,18.078617,16.57,12.34,22.67,14.93,18.57,1.9388258,1.583,0.8483,2.353,1.286,1.842
444,independent,25,120,2,0.024587641,0.0611,0.01209,0.1834,0.03622,0.09406,0.93398973,0.5332,0.1545,1.44,0.3722,0.7714,1.2195029,1.291,0.5321,2.944,0.9889,1.698,2.0114223,2.587,1.487,4.549,2.141,3.146,0.067140722,0.1983,0.06585,0.4015,0.1385,0.2638
5141,independent,28,8056,2,0.24282728,0.1695,0.09899,0.2846,0.1391,0.2022,0.20222116,0.4942,0.143,1.305,0.3353,0.6787,1.2925842,1.621,0.7635,2.637,1.303,1.928,3.8724828,4.376,3.005,6.073,3.898,4.901,0.12474024,0.1052,0.03568,0.241,0.07362,0.1445
5540,independent,38,18313,2,0.60239125,0.7062,0.5883,0.8205,0.6644,0.7475,1.0742905,1.329,0.6424,2.161,1.082,1.62,2.5224262,1.87,1.107,2.868,1.576,2.165,5.461787,4.821,3.441,6.86,4.249,5.457,0.11114609,0.3313,0.121,0.6892,0.2332,0.4422
382,independent,108,6814,2,0.32215413,0.2314,0.1608,0.3394,0.2013,0.2635,1.1111708,0.5989,0.1759,1.328,0.4177,0.8488,1.4930899,1.449,0.6729,2.546,1.159,1.774,5.8230576,6.415,4.669,8.378,5.755,7.06,1.2700246,1.313,0.8651,1.804,1.151,1.494
507,independent,5,18635,2,0.34198864,0.3242,0.2368,0.4472,0.289,0.3637,0.43614731,0.671,0.192,1.531,0.4518,0.9216,2.4798581,2.769,1.713,3.929,2.407,3.156,5.4200281,4.518,3.238,6.069,4.064,4.978,0.43065133,0.3833,0.1244,0.7659,0.273,0.5034
2106,independent,132,12366,2,0.47714129,0.3826,0.2837,0.5076,0.3439,0.428,0.64895984,0.8854,0.285,1.798,0.6329,1.162,0.94230663,1.626,0.8457,2.526,1.35,1.935,4.4130708,4.43,3.241,5.919,4.011,4.889,0.63733879,0.3694,0.1413,0.7029,0.2768,0.4852
3504,independent,139,16314,2,0.62820791,0.6476,0.4836,0.7981,0.5873,0.7013,1.0760925,0.6395,0.2032,1.269,0.452,0.8458,0.85468816,0.7658,0.3552,1.315,0.6042,0.9441,6.055554,5.7,3.834,8.174,5.015,6.452,0.39846439,0.5315,0.2663,0.8142,0.4237,0.6325
372,independent,108,905,2,0.40421829,0.4271,0.312,0.5633,0.3821,0.4709,1.1699892,0.7708,0.1813,1.899,0.5004,1.097,2.4791554,2.587,1.312,4.43,2.091,3.184,5.8860531,5.413,4.063,7.023,4.972,5.957,1.3878081,1.342,0.5966,2.08,1.097,1.573
5196,independent,4,17300,2,0.42136467,0.4758,0.2773,0.6622,0.4055,0.5449,0.18324979,0.4606,0.1308,1.212,0.308,0.6603,1.6710302,2.068,1.006,3.371,1.665,2.497,3.0136491,2.892,2.036,3.928,2.556,3.227,0.8421345,1.066,0.588,1.572,0.884,1.233
274,independent,75,1742,2,0.11217964,0.07578,0.03866,0.1319,0.06117,0.09359,0.79541584,0.5501,0.1533,1.589,0.3562,0.8303,0.85915484,1.033,0.4092,2.208,0.7765,1.361,6.7664468,7.402,5.255,10.07,6.538,8.298,0.75448153,0.5581,0.33,0.8365,0.4713,0.6423
232,independent,55,9700,2,0.58157645,0.5238,0.418,0.6481,0.4909,0.5622,1.2981437,0.5995,0.176,1.258,0.4147,0.7859,1.790584,2.44,1.634,3.38,2.144,2.763,8.0643161,7.818,5.692,10.98,6.993,8.711,0.3468194,0.2338,0.06928,0.6217,0.1599,0.3481
424,independent,63,8554,2,0.58962014,0.5464,0.4375,0.6649,0.508,0.5871,2.476943,1.651,0.8797,2.611,1.368,1.983,2.6560414,3.266,2.161,4.411,2.902,3.634,10.041285,9.719,6.841,13.87,8.674,11.02,0.35138808,0.2851,0.07996,0.6907,0.191,0.3993
5709,independent,98,19904,2,0.67428673,0.6402,0.4713,0.8246,0.5748,0.7066,1.2264782,1.28,0.6148,2.174,1.039,1.564,1.1590646,1.263,0.5316,2.343,0.9659,1.597,4.0196302,4.26,3.045,5.65,3.807,4.696,1.3555394,1.397,0.8355,1.99,1.198,1.592
3789,independent,68,15494,2,0.017018041,0.01733,0.005451,0.05321,0.0115,0.0251,0.69790955,0.6175,0.1626,1.969,0.4005,0.97,1.7223283,2.383,1.047,5.103,1.811,3.125,6.1356418,5.253,2.706,9.281,4.302,6.44,0.27287861,0.1999,0.05803,0.4412,0.1382,0.2762
5341,independent,90,15960,2,0.26889519,0.3105,0.2361,0.4026,0.2846,0.3394,1.1876483,0.583,0.1538,1.652,0.3761,0.846,4.7931628,4.783,3.078,6.658,4.136,5.392,7.9396628,10.61,7.911,14.31,9.567,11.69,0.87519863,0.7144,0.2258,1.407,0.5198,0.9305
485,independent,53,12121,2,0.94827583,0.9048,0.8012,0.97,0.8765,0.9327,0.35668876,0.4832,0.1142,1.26,0.3176,0.6919,5.9906811,4.212,2.689,6.711,3.586,4.924,2.6582967,2.961,2.087,4.178,2.65,3.317,0.22355078,0.2803,0.09869,0.5585,0.2019,0.3694
5278,independent,65,8883,2,0.037276332,0.01232,0.002765,0.04653,0.007666,0.01906,1.9892371,0.7158,0.1437,2.997,0.4395,1.155,1.6288629,2.168,0.8082,4.411,1.633,2.803,1.7360861,3.543,1.556,7.806,2.677,4.604,0.4416848,0.5096,0.2564,0.7911,0.4195,0.6055
435,independent,48,17515,2,0.57406072,0.4965,0.3952,0.6107,0.4593,0.5363,0.83757424,0.6017,0.1732,1.453,0.404,0.87,4.5536037,5.207,3.268,7.382,4.492,5.922,10.54074,11.09,7.645,16.63,9.736,12.57,0.61870694,0.4257,0.1109,0.9967,0.2788,0.6143
5009,independent,97,18639,2,0.31063569,0.3553,0.2714,0.4596,0.3232,0.3907,0.47106981,0.4042,0.1256,1.027,0.2748,0.5808,3.7619948,3.093,1.654,4.717,2.509,3.61,7.2339226,7.611,5.636,10.23,6.859,8.447,1.492686,1.281,0.6386,1.958,1.062,1.514
5200,independent,26,9204,2,0.43455859,0.4433,0.3505,0.5516,0.4073,0.479,1.7252638,2.373,1.234,3.667,1.964,2.787,3.7033543,3.579,2.391,5.005,3.138,4.008,7.3420034,7.036,5.368,9.192,6.391,7.76,0.43462711,0.3179,0.08412,0.8167,0.2148,0.4596
2844,independent,100,12293,2,0.46014567,0.4,0.2949,0.5185,0.3622,0.4379,0.81805644,1.038,0.3227,1.945,0.777,1.317,2.8061731,3.075,1.862,4.331,2.632,3.511,3.5548114,4.215,3.153,5.434,3.819,4.648,0.22688812,0.3132,0.08825,0.8055,0.2064,0.45
591,independent,70,12704,2,0.25839428,0.2913,0.1824,0.4343,0.2475,0.3394,0.15985689,0.377,0.1085,0.9892,0.2566,0.5317,1.9990179,1.166,0.5931,2.032,0.9214,1.426,4.1201025,4.436,2.945,6.31,3.91,4.994,0.41789112,0.3856,0.1753,0.6669,0.3028,0.4786
2606,independent,57,18658,2,0.66495457,0.8679,0.6231,0.9764,0.803,0.9201,0.18260758,0.3534,0.1267,0.7002,0.2566,0.463,1.2540276,1.099,0.5891,1.727,0.9102,1.302,2.0765923,1.937,1.289,2.873,1.707,2.205,0.05,0.2089,0.0626,0.4789,0.1412,0.282
3198,independent,67,7099,2,0.01,0.01651,0.00737,0.03955,0.01234,0.02218,2.7841634,0.7924,0.2016,2.32,0.4971,1.229,4.2915758,1.349,0.5042,3.16,0.9859,1.858,6.5287465,6.977,4.369,11.07,5.92,8.115,0.44041702,0.3035,0.1242,0.5441,0.2302,0.3802
476,independent,51,15740,2,0.053707568,0.05963,0.03701,0.1036,0.05051,0.07034,2.090236,1.406,0.3029,3.964,0.8525,2.121,3.252447,2.968,1.561,4.677,2.447,3.524,6.1735569,4.305,2.726,6.408,3.734,5.024,0.39233906,0.2963,0.09194,0.6142,0.2136,0.4003
5791,independent,18,1180,2,0.38785468,0.4353,0.3091,0.5972,0.3925,0.4858,0.45806462,0.4943,0.1361,1.241,0.3274,0.6956,1.9085365,2.297,1.01,3.743,1.817,2.768,8.6588158,8.705,6.469,11.93,7.932,9.737,1.3485874,1.203,0.5962,1.899,0.9763,1.444
3368,independent,35,1276,2,0.074046257,0.04636,0.01706,0.1054,0.03388,0.06277,0.84516191,0.5876,0.1541,1.814,0.3841,0.8911,0.7770028,1.748,0.7208,3.508,1.325,2.229,4.9546745,4.512,2.736,6.847,3.807,5.264,0.068414138,0.1768,0.06181,0.3578,0.1294,0.2332
5863,independent,29,7574,2,0.38288219,0.2587,0.1684,0.3846,0.224,0.2986,1.5362196,1.259,0.35,2.615,0.8716,1.722,1.1357724,1.457,0.6892,2.563,1.158,1.807,3.8467138,5.93,4.369,7.732,5.383,6.484,0.9877934,0.9246,0.5488,1.331,0.7807,1.062
501,independent,97,19741,2,0.34329328,0.3676,0.2869,0.4697,0.3369,0.4008,1.3646743,0.731,0.2208,1.666,0.5019,0.9965,3.8230858,3.658,1.89,5.942,2.999,4.373,7.6099594,6.95,5.195,9.195,6.297,7.683,0.60833874,0.8315,0.2409,1.535,0.5945,1.047
4458,independent,27,16901,2,0.94479136,0.9401,0.8619,0.9859,0.9173,0.9608,0.60003121,0.4995,0.14,1.217,0.3361,0.6982,3.6053162,4.239,2.717,6.899,3.636,4.992,3.449559,4.519,3.093,6.889,3.966,5.172,0.11676958,0.2089,0.06496,0.4696,0.1484,0.2835
2865,independent,97,6776,2,0.38451046,0.3886,0.2811,0.5065,0.3507,0.4282,1.5328938,0.9016,0.2894,2.126,0.6247,1.292,3.2375544,3.508,2.019,5.226,2.963,4.078,8.0837581,7.555,5.719,9.924,6.873,8.268,1.2958003,0.8335,0.2166,1.604,0.5799,1.086
241,independent,90,12917,2,0.19266489,0.2234,0.1656,0.3041,0.2001,0.2511,0.81306401,0.9262,0.2552,2.016,0.6289,1.265,2.207398,2.101,1.049,3.33,1.687,2.476,9.3281705,9.337,7.072,12.17,8.517,10.24,1.4865655,1.009,0.5347,1.522,0.828,1.177
3049,independent,36,3982,2,0.17539261,0.2019,0.1444,0.2749,0.1784,0.2254,0.91044749,1.16,0.2821,2.513,0.7811,1.623,2.7173158,2.29,1.346,3.416,1.916,2.643,5.851449,5.595,4.202,7.236,5.076,6.166,0.53443661,0.518,0.2349,0.9047,0.4076,0.649
3111,independent,137,6226,2,0.47264441,0.4363,0.3152,0.5794,0.3927,0.4795,1.0601484,0.7802,0.2074,1.96,0.5292,1.127,3.664209,4.071,2.629,5.844,3.532,4.595,5.792856,4.936,3.613,6.453,4.446,5.438,0.40564289,0.4702,0.1742,0.9472,0.3451,0.6242
4940,independent,11,16843,2,0.80526058,0.8334,0.6838,0.9441,0.788,0.8761,0.6388499,0.5706,0.1769,1.196,0.4153,0.7559,1.8511861,1.555,0.8805,2.368,1.321,1.823,5.8201255,7.185,4.402,12.54,6.032,8.667,0.224435,0.4178,0.1777,0.745,0.3232,0.526
6299,independent,58,19634,2,0.022556387,0.01223,0.003073,0.03775,0.007888,0.01854,1.065055,0.7163,0.1662,2.607,0.4387,1.132,1.6856501,2.395,1.007,4.923,1.812,3.116,4.3575601,4.875,2.483,9.155,3.952,6.052,0.197536,0.1672,0.06522,0.3265,0.121,0.2142
2751,independent,104,10098,2,0.39178408,0.4244,0.3171,0.5411,0.3876,0.4666,2.3665825,1.021,0.3984,1.811,0.8009,1.274,1.7258179,1.607,0.8277,2.475,1.328,1.911,9.1522034,10.77,7.689,15.59,9.546,12.26,0.24041288,0.4028,0.1308,0.8075,0.283,0.5407
407,independent,107,6583,2,0.25039624,0.2472,0.1577,0.3613,0.2111,0.2829,1.0183153,1.077,0.4735,1.853,0.8447,1.327,2.0606453,1.715,0.7497,2.848,1.354,2.074,5.7601875,5.936,4.421,7.832,5.328,6.579,0.50954393,0.4876,0.1824,0.8918,0.3642,0.6213
300,independent,46,10436,2,0.20389307,0.1793,0.1184,0.2653,0.1546,0.2056,0.24597156,0.8078,0.1837,2.858,0.5043,1.294,6.3830103,4.112,1.929,6.792,3.335,4.917,29.043585,26.88,17.68,44.37,22.75,31.88,1.1011373,1.423,0.7108,2.292,1.145,1.699
3717,independent,53,9689,2,0.8911665,0.8494,0.7295,0.9304,0.8103,0.8819,1.3084427,0.6974,0.2162,1.705,0.4776,0.9788,4.6677493,3.784,2.373,5.562,3.249,4.301,4.601009,6.04,3.771,10.02,5.188,7.124,0.3881616,0.3583,0.1362,0.6863,0.2673,0.4645
297,independent,116,19902,2,0.40503652,0.4373,0.3344,0.5545,0.4002,0.4769,0.40593834,0.6515,0.1925,1.466,0.4386,0.8934,2.6788287,2.624,1.69,3.632,2.308,2.957,5.1599772,6.061,4.494,7.973,5.472,6.669,0.30451342,0.1995,0.06149,0.4722,0.1364,0.2921
5366,independent,50,1450,2,0.024322661,0.01751,0.003306,0.06076,0.01031,0.02724,0.091914425,0.7192,0.1626,2.682,0.4268,1.143,1.9032764,1.656,0.6025,3.963,1.177,2.304,2.9493664,3.549,1.59,7.206,2.766,4.632,0.050846648,0.1098,0.03454,0.2542,0.07682,0.1495
3716,independent,41,4778,2,0.77134748,0.7379,0.6137,0.852,0.693,0.7776,0.86289907,0.5625,0.1595,1.387,0.3753,0.7935,2.7320183,4.137,2.659,6.214,3.614,4.764,4.8224756,4.063,2.772,5.689,3.59,4.612,0.61198052,0.3693,0.119,0.7796,0.2577,0.5002
528,independent,99,11897,2,0.90139255,0.8636,0.7204,0.957,0.8216,0.9,0.92234766,0.5285,0.1506,1.112,0.3693,0.7156,2.5653146,2.508,1.561,3.779,2.169,2.921,7.6702509,5.858,3.809,9.921,5.007,7.045,0.49475933,0.4667,0.1485,0.91,0.3508,0.6047
5820,independent,17,5664,2,0.52742109,0.3853,0.2554,0.5659,0.3345,0.438,0.49338825,1.107,0.349,2.231,0.8076,1.48,1.3122623,1.547,0.7126,2.457,1.242,1.841,2.7447522,3.237,2.284,4.47,2.878,3.633,0.47948534,0.2514,0.07967,0.5439,0.1792,0.3454
250,independent,140,16234,2,0.14327952,0.185,0.1265,0.2652,0.1627,0.2088,0.85302545,0.4239,0.1099,1.092,0.2942,0.6121,3.2743031,3.559,2.267,5.014,3.109,4.011,7.7015289,6.78,5.065,8.757,6.15,7.462,0.48284976,0.4141,0.1346,0.8551,0.2915,0.5577
6069,independent,116,3951,2,0.31859986,0.3605,0.2849,0.4555,0.3334,0.3942,0.73740808,0.4465,0.1269,1.075,0.288,0.6102,1.6993399,3.018,2.16,3.955,2.703,3.346,3.6368987,5.087,3.817,6.65,4.65,5.599,0.23192976,0.2077,0.06093,0.5177,0.1406,0.2888
4348,independent,57,11474,2,0.49653106,0.3573,0.2254,0.5265,0.3032,0.4144,0.64174595,0.3571,0.1069,0.8215,0.2455,0.4928,1.1079294,1.49,0.7906,2.402,1.188,1.8,2.388693,3.123,2.033,4.433,2.74,3.502,0.20036908,0.2267,0.07299,0.4688,0.1644,0.3084
290,independent,13,2427,2,0.25173853,0.2355,0.1448,0.351,0.2039,0.2717,0.78482857,0.4739,0.1288,1.217,0.3088,0.6955,1.3914077,1.116,0.5289,1.976,0.8634,1.371,3.2299556,4.653,3.334,6.365,4.161,5.194,0.8029761,0.9581,0.5917,1.346,0.8308,1.085
5892,independent,131,5195,2,0.15998045,0.1491,0.08842,0.2408,0.1267,0.1775,0.29406018,0.3919,0.114,0.9866,0.2644,0.5506,0.86125251,0.9702,0.417,1.873,0.7497,1.243,5.7779878,5.307,3.713,7.272,4.756,5.954,0.23239635,0.2846,0.1043,0.5371,0.2127,0.3661
46,independent,10,5046,2,0.11771435,0.1555,0.09491,0.2507,0.1317,0.1837,2.0976413,0.7183,0.1723,1.893,0.4767,1.027,0.94898771,1.233,0.5986,2.185,0.9743,1.515,7.2194663,7.169,5.044,9.828,6.42,7.997,0.1769849,0.2688,0.09836,0.5266,0.1981,0.3494
5517,independent,44,17444,2,0.3570624,0.2678,0.1256,0.4964,0.2129,0.3313,0.52940253,0.9872,0.3086,2.105,0.7152,1.315,1.0553831,1.041,0.4724,1.916,0.8024,1.295,1.4165671,2.153,1.316,3.242,1.834,2.503,0.16704723,0.1621,0.05871,0.3372,0.1193,0.2119
568,independent,56,19178,2,0.38986774,0.5032,0.3835,0.6494,0.4588,0.5541,0.3922042,0.666,0.2251,1.269,0.4852,0.8574,1.6482133,0.8732,0.4135,1.475,0.6996,1.062,7.1834519,7.228,5.391,9.694,6.549,8.043,0.5371337,0.5532,0.2497,0.874,0.4378,0.6717
341,independent,89,575,2,0.61392921,0.667,0.5212,0.8213,0.619,0.7205,2.6221482,2.621,1.544,3.948,2.232,3.022,2.2228774,2.93,1.861,4.225,2.531,3.315,4.7615926,5.3,3.829,7.469,4.697,5.913,0.36034899,0.3564,0.1045,0.8082,0.243,0.4991
383,independent,53,15569,2,0.90115601,0.8627,0.7522,0.9393,0.8248,0.8928,0.16616853,0.3699,0.09076,0.9778,0.2508,0.5327,4.2971845,4.11,2.775,6.147,3.605,4.68,4.5102673,5.13,3.322,8.335,4.371,6.013,0.12154888,0.3776,0.1157,0.778,0.2666,0.5058
4842,independent,70,17350,2,0.23109866,0.1925,0.09383,0.3832,0.1521,0.2441,0.22921679,0.4585,0.1206,1.203,0.3008,0.6654,1.5237288,1.438,0.6895,2.661,1.129,1.79,3.619082,4.62,3.009,6.917,4.009,5.34,0.65670335,0.5298,0.2764,0.8217,0.4404,0.6271
339,independent,113,19936,2,0.3633676,0.2906,0.1694,0.4989,0.2424,0.3524,0.99250297,0.8448,0.2437,1.845,0.5914,1.127,0.53974637,1.368,0.6379,2.276,1.11,1.657,3.7110321,3.341,2.338,4.666,2.993,3.74,0.32962233,0.2934,0.09334,0.6364,0.1999,0.4042
5177,independent,86,14763,2,0.52611777,0.4094,0.2467,0.6147,0.3511,0.4766,0.39774169,0.5874,0.2079,1.26,0.4098,0.787,1.2365747,1.037,0.4601,1.816,0.8008,1.277,3.5874311,4.172,3.075,5.454,3.764,4.628,0.8002203,0.7213,0.3478,1.142,0.5858,0.8656
6053,independent,139,6513,2,0.42607425,0.4363,0.2901,0.6218,0.3836,0.4908,0.66212127,0.4018,0.1174,0.8985,0.2794,0.5562,1.2214287,1.02,0.4703,1.823,0.8025,1.255,5.1905355,4.182,2.992,5.591,3.749,4.646,0.46273678,0.4518,0.2006,0.7726,0.3564,0.5512
474,independent,45,13971,2,0.051423729,0.03497,0.01604,0.06739,0.02674,0.04441,1.2469972,1.347,0.2779,3.732,0.7975,2.024,3.4204893,1.522,0.5955,3.478,1.097,2.092,5.3363078,4.091,2.359,6.708,3.4,4.869,0.27336085,0.145,0.04943,0.3268,0.1039,0.1931
4588,independent,126,5692,2,0.59525102,0.6265,0.4768,0.7724,0.5718,0.6792,2.037113,1.173,0.3445,2.406,0.8147,1.531,1.9898775,3.455,2.178,5.057,2.995,3.984,7.7329898,6.039,4.256,8.683,5.339,6.817,0.44653912,0.5613,0.1859,1.067,0.4055,0.7408
197,independent,98,7701,2,0.75185612,0.7515,0.5861,0.8995,0.6992,0.8066,0.93362841,0.5215,0.1601,1.114,0.3667,0.711,1.1082992,1.237,0.5907,2.142,0.9829,1.508,3.4453342,4.136,2.978,5.787,3.701,4.612,1.2798042,1.081,0.5928,1.587,0.9084,1.246
4735,independent,11,14835,2,0.78478407,0.859,0.7186,0.9543,0.8146,0.8978,0.49155627,0.6784,0.2362,1.254,0.5197,0.8475,2.2418352,2.024,1.359,2.872,1.771,2.284,6.5556489,6.615,4.202,11.97,5.581,7.975,0.051853678,0.2828,0.0873,0.6011,0.1934,0.3807
317,independent,3,14703,2,0.53540469,0.4718,0.3855,0.5711,0.4409,0.5095,3.5968711,3.793,2.705,5.123,3.395,4.228,1.7765163,1.442,0.7699,2.261,1.192,1.693,7.8061795,9.315,6.81,12.5,8.389,10.33,0.2583917,0.1503,0.04929,0.334,0.1092,0.202
4583,independent,95,2367,2,0.54314872,0.4637,0.3439,0.6076,0.4184,0.5044,0.27701035,0.479,0.1465,1.107,0.3294,0.6766,2.6742641,1.79,1.031,2.722,1.515,2.103,4.1749373,4.405,3.305,5.768,3.984,4.869,0.19598887,0.4775,0.1757,0.9057,0.3517,0.6245
6774,independent,9,17591,2,0.39729475,0.3923,0.298,0.5107,0.3576,0.4308,3.8735978,4.028,2.275,6.342,3.423,4.748,2.2753601,2.62,1.439,4.143,2.189,3.095,7.8743114,7.324,5.489,9.574,6.644,7.985,1.1869703,0.6991,0.2797,1.289,0.5225,0.887
1734,independent,136,556,2,0.10117913,0.08947,0.05614,0.1362,0.07548,0.1051,0.38161729,0.5932,0.1657,1.734,0.3861,0.9013,3.109874,3.037,1.991,4.136,2.689,3.411,4.0510518,4.086,2.792,5.676,3.579,4.584,0.61348837,0.4532,0.1727,0.8355,0.347,0.5847
342,independent,36,19152,2,0.18580792,0.1524,0.09507,0.2335,0.1307,0.1763,1.6702323,0.8247,0.2043,2.199,0.5255,1.219,2.5300996,2.744,1.715,3.913,2.369,3.15,5.3533153,4.101,2.76,5.739,3.587,4.648,0.40809701,0.4908,0.208,0.8406,0.3751,0.6144
3205,independent,136,15095,2,0.1547673,0.1898,0.1263,0.2691,0.1653,0.2172,0.36571252,0.5865,0.1595,1.457,0.4093,0.8337,1.9266162,1.917,1.022,2.917,1.594,2.245,4.3121127,5.13,3.661,6.853,4.601,5.706,0.47481373,0.3651,0.1269,0.6833,0.2602,0.4641
340,independent,124,6182,2,0.51158718,0.6137,0.482,0.7477,0.5651,0.661,1.7288158,0.9302,0.2927,1.821,0.6867,1.228,1.4779908,1.892,1.136,2.754,1.627,2.16,5.2869967,5.929,4.285,8.161,5.308,6.63,0.32938694,0.3187,0.1212,0.5917,0.2366,0.4068
516,independent,60,7680,2,0.37387386,0.4269,0.3309,0.5381,0.3887,0.4623,1.8599242,1.919,0.6941,3.501,1.434,2.421,3.5749727,3.696,2.392,5.188,3.242,4.198,8.0966104,8.649,6.459,11.65,7.764,9.536,0.25435416,0.3052,0.0966,0.7239,0.2124,0.4278
395,independent,132,19605,2,0.39272583,0.3481,0.2538,0.4625,0.3125,0.3869,0.56644365,0.352,0.1037,0.8725,0.2448,0.4901,1.7235263,1.815,1.065,2.63,1.56,2.101,4.4459943,4.084,2.966,5.362,3.646,4.542,0.44837728,0.3737,0.1146,0.7868,0.2602,0.4951
445,independent,1,17041,2,0.28830996,0.2773,0.1941,0.3869,0.246,0.314,2.424933,1.446,0.3325,3.211,0.9633,2.041,2.1073779,2.617,1.086,4.643,2.056,3.256,6.8819952,6.195,4.673,8.092,5.599,6.77,1.0323084,1.278,0.6445,1.988,1.04,1.514
4678,independent,78,6996,2,0.8743185,0.7994,0.6849,0.8982,0.7606,0.8362,3.7361265,2.669,1.577,4.62,2.208,3.209,3.0184893,2.726,1.622,4.468,2.282,3.207,5.503502,5.373,3.56,8.271,4.648,6.184,0.59486048,0.3674,0.1331,0.7389,0.2694,0.4885
235,independent,123,18897,2,0.054714459,0.06142,0.0374,0.1002,0.05186,0.0721,0.26376643,0.8568,0.2426,2.167,0.5753,1.244,1.6587381,1.031,0.4147,2.193,0.7676,1.362,10.349457,7.658,5.542,10.22,6.892,8.474,0.81656415,0.6885,0.3974,0.9803,0.587,0.7881
5365,independent,58,3756,2,0.029944591,0.04195,0.01038,0.1833,0.02529,0.07105,0.99028925,0.7518,0.195,2.071,0.4964,1.087,0.9326707,1.671,0.6126,3.685,1.201,2.223,5.343131,3.897,2.207,7.195,3.22,4.743,0.17747708,0.195,0.06338,0.4358,0.1373,0.2704
15,independent,40,13586,2,0.68644239,0.6975,0.5489,0.8408,0.6466,0.7532,0.36645928,0.5817,0.1932,1.115,0.4143,0.7312,1.1366115,1.471,0.8856,2.2,1.244,1.709,3.8227752,6.075,4.191,8.828,5.355,6.897,0.16505696,0.1524,0.04855,0.3634,0.1083,0.2161
3055,independent,81,12599,2,0.29774318,0.2965,0.1925,0.443,0.2572,0.341,0.76600908,0.5732,0.146,1.458,0.3899,0.8295,2.2618774,2.791,1.642,4.095,2.39,3.247,5.0216983,4.67,3.221,6.387,4.14,5.228,0.83899016,0.5183,0.1981,0.9563,0.3855,0.6549
5363,independent,22,225,2,0.56554768,0.5618,0.4258,0.7151,0.5125,0.6114,0.80475765,1.187,0.4813,2.062,0.9179,1.474,1.3873199,1.624,0.9267,2.463,1.389,1.895,3.8626955,3.274,2.278,4.531,2.879,3.685,0.59260046,0.379,0.1357,0.7039,0.2778,0.4789
27,independent,4,2609,2,0.28013696,0.1868,0.1149,0.296,0.1582,0.2201,0.3602208,0.5109,0.1396,1.284,0.3503,0.7317,1.0637779,0.9427,0.4254,1.703,0.7322,1.181,4.2084774,5.629,4.145,7.267,5.084,6.237,0.65352064,0.8173,0.5168,1.145,0.7083,0.9314
5,independent,32,3575,2,0.43746701,0.3639,0.2798,0.4674,0.3313,0.397,3.2845776,2.582,1.445,4.073,2.154,3.026,0.98452483,1.183,0.5247,2.098,0.9407,1.479,7.0482974,7.179,5.453,9.339,6.53,7.884,0.39349913,0.4695,0.1956,0.8241,0.3598,0.5908
3596,independent,139,521,2,0.62753516,0.6094,0.4368,0.7723,0.5515,0.6669,0.23876278,0.3892,0.1202,0.8496,0.2784,0.5264,0.99750848,0.8572,0.4393,1.381,0.7012,1.032,4.8613549,5.755,4.185,8.037,5.167,6.417,0.20039789,0.3529,0.1507,0.6228,0.2759,0.4397
6281,independent,37,12878,2,0.67872799,0.6776,0.5486,0.8009,0.6328,0.7243,1.6418062,1.496,0.7182,2.48,1.22,1.822,2.4715537,2.341,1.542,3.184,2.047,2.62,12.04928,7.759,5.463,11.6,6.833,8.92,0.22841922,0.2204,0.06117,0.5106,0.1526,0.309
133,independent,117,12459,2,0.48263612,0.4174,0.3174,0.5315,0.3797,0.4589,0.8807538,0.6704,0.1772,1.633,0.4519,0.9348,3.1502759,2.521,1.328,3.84,2.121,2.979,5.8701758,6.9,5.157,8.999,6.226,7.567,0.30092153,0.7073,0.289,1.223,0.5452,0.8739
1231,independent,133,10056,2,0.14108872,0.07563,0.03126,0.1923,0.05625,0.1026,0.53381745,0.3552,0.1016,0.9561,0.2421,0.5078,0.56468267,0.8786,0.3749,1.844,0.6635,1.164,2.2660922,3.362,1.833,5.373,2.741,3.979,0.060728876,0.1074,0.03459,0.2435,0.07589,0.1471
5094,independent,138,3597,2,0.46007536,0.5562,0.4016,0.7262,0.5003,0.6147,0.37686762,0.4679,0.1398,1.183,0.3202,0.6548,2.2062667,2.311,1.011,4.44,1.767,2.971,5.769838,5.216,3.879,6.886,4.72,5.726,1.7770877,1.919,1.102,2.834,1.622,2.212
418,independent,22,15111,2,0.69140505,0.665,0.4763,0.8414,0.5945,0.7268,0.13925917,0.4032,0.119,0.8571,0.2835,0.5331,1.486918,1.251,0.6605,1.982,1.021,1.506,3.4989292,3.814,2.705,5.203,3.431,4.28,0.76489832,0.5236,0.2278,0.8938,0.4094,0.6512
3170,independent,140,15306,2,0.11826479,0.183,0.1319,0.2398,0.1638,0.202,0.3176522,0.7484,0.1975,1.842,0.4877,1.06,2.7602828,2.403,1.249,3.621,2.01,2.815,10.657523,8.879,6.812,11.52,8.121,9.736,0.56617154,0.3864,0.1104,0.8083,0.2687,0.5156
4870,independent,19,11992,2,0.57270862,0.6256,0.5005,0.7476,0.5816,0.6677,0.66311392,0.6796,0.1679,1.909,0.4293,1.02,4.0143742,4.182,2.599,6.108,3.643,4.79,5.9842471,6.629,4.822,9.276,5.977,7.429,0.52863869,0.5657,0.2084,1.109,0.4173,0.7455
6109,independent,134,11096,2,0.39627331,0.4962,0.3931,0.619,0.4596,0.5331,2.2248657,2.545,1.417,4.047,2.097,2.994,3.8032733,3.768,2.38,5.537,3.268,4.322,6.7368609,4.994,3.726,6.599,4.515,5.505,0.53806901,0.365,0.09859,0.8065,0.2431,0.5098
2432,independent,89,16044,2,0.47577151,0.535,0.418,0.6655,0.4902,0.5802,2.3693302,1.514,0.7629,2.425,1.228,1.804,2.4068911,2.339,1.548,3.329,2.055,2.658,5.56404,6.415,4.657,9.047,5.7,7.148,0.21531375,0.2335,0.07467,0.5472,0.1646,0.3223
4653,independent,76,8137,2,0.27340899,0.2923,0.2212,0.3741,0.265,0.3207,0.61295535,0.6761,0.1675,1.831,0.4383,0.9794,3.2146243,4.215,2.387,6.384,3.557,4.958,9.5863813,7.784,5.828,10.33,7.078,8.606,1.2746118,0.8001,0.2462,1.61,0.5538,1.058
2016,independent,67,4265,2,0.027503231,0.01938,0.004841,0.07629,0.01214,0.03099,0.39472279,0.5879,0.1614,1.861,0.3747,0.8797,0.66399109,1.264,0.4588,3.062,0.9196,1.706,5.4854599,3.748,1.893,7.218,2.991,4.721,0.53815545,0.2406,0.09207,0.4544,0.1833,0.307
2608,independent,35,12059,2,0.21153616,0.2011,0.1187,0.3099,0.1705,0.2371,0.569647,0.7573,0.2009,1.808,0.5114,1.07,1.6112882,1.249,0.6386,2.099,1.006,1.512,3.336232,4.051,2.801,5.515,3.599,4.527,0.080949857,0.0979,0.03115,0.2273,0.06884,0.1311
352,independent,19,12286,2,0.64350959,0.5883,0.4542,0.7324,0.5389,0.6365,1.5897503,1.056,0.2642,2.685,0.6804,1.526,4.2595321,7.083,3.807,12.18,5.9,8.662,5.4752227,6.111,4.34,8.471,5.469,6.784,1.1104866,0.6435,0.1883,1.467,0.4443,0.9099
2307,independent,91,4931,2,0.35901336,0.08385,0.009667,0.2462,0.04237,0.13,0.53459976,0.6678,0.177,2.113,0.4337,1.008,0.65818832,1.081,0.4686,2.423,0.8057,1.396,1.2181255,2.334,1.232,4.609,1.909,2.897,0.26752995,0.363,0.144,0.6304,0.2781,0.4509
508,independent,95,3202,2,0.54080077,0.4309,0.3213,0.5721,0.3883,0.4788,0.28483111,0.5065,0.1495,1.1,0.3586,0.6866,2.6753119,2.533,1.654,3.524,2.213,2.856,4.032002,3.752,2.75,5.02,3.366,4.154,0.32413511,0.179,0.04969,0.4263,0.1223,0.2528
2414,independent,46,13237,2,0.14807371,0.1205,0.07574,0.1906,0.1026,0.1407,0.31120183,0.9387,0.1932,4.422,0.541,1.599,6.4054628,4.751,1.985,7.673,3.764,5.748,24.477566,23.06,15.23,35.56,19.86,26.89,1.4594849,1.171,0.4617,2.163,0.8759,1.493
4553,independent,109,5087,2,0.56700256,0.4968,0.3312,0.6745,0.4407,0.5608,0.27291966,0.4459,0.1189,1.053,0.2986,0.6272,1.8757951,2.465,1.644,3.385,2.152,2.767,2.1452522,2.875,1.948,3.986,2.537,3.214,0.30631088,0.284,0.1077,0.5837,0.2078,0.3731
7070,independent,43,6297,2,0.23461282,0.3251,0.2539,0.4122,0.3013,0.3527,0.54191886,1.464,0.3553,3.43,0.9262,2.094,5.6926006,3.626,2.327,5.101,3.176,4.125,8.6181287,8.661,6.422,11.36,7.811,9.533,0.3404694,0.4848,0.1663,0.9905,0.362,0.6408
541,independent,97,18166,2,0.33143082,0.3294,0.2361,0.4383,0.2975,0.3628,1.479279,0.975,0.2624,2.062,0.6761,1.336,4.4520944,4.246,2.862,5.807,3.711,4.717,7.7550644,7.132,5.384,9.515,6.472,7.911,0.58424058,0.3466,0.09407,0.9425,0.2336,0.4881
3936,independent,59,14757,2,0.68145171,0.4815,0.3481,0.646,0.4303,0.5325,0.50784868,1.045,0.3837,1.878,0.8018,1.307,0.8891102,1.244,0.6364,1.935,1.011,1.472,3.3777425,4.037,2.966,5.212,3.626,4.402,0.98046266,0.644,0.296,1.08,0.5114,0.7809
783,independent,88,4864,2,0.01,0.01289,0.002065,0.05764,0.007677,0.02193,1.7353748,0.8213,0.1832,3.28,0.5061,1.339,2.0521307,1.828,0.6244,4.505,1.288,2.523,3.9607674,2.921,1.278,5.924,2.174,3.74,0.19342958,0.1876,0.07747,0.3796,0.1418,0.2462
4578,independent,111,4906,2,0.05164844,0.01507,0.002765,0.07822,0.008345,0.02741,1.1726481,0.7059,0.1711,2.472,0.4384,1.14,1.1122616,1.725,0.5673,4.788,1.195,2.418,2.3008125,3.57,1.658,7.407,2.696,4.626,0.16893333,0.1917,0.06194,0.4044,0.1353,0.2547
5887,independent,20,3680,2,0.3391054,0.3024,0.2268,0.3964,0.2743,0.3353,2.8945064,3.224,1.927,4.885,2.719,3.792,2.5407178,2.403,1.216,3.802,1.942,2.859,7.6779686,6.823,5.181,8.808,6.195,7.476,0.70297566,0.8291,0.2838,1.462,0.6212,1.079
1780,independent,32,18627,2,0.45152953,0.4201,0.3306,0.5252,0.3888,0.4557,3.033587,2.894,1.839,4.238,2.497,3.324,0.9301402,1.843,0.9995,2.807,1.534,2.175,7.1998164,7.143,5.211,9.517,6.431,7.855,0.62353066,0.3133,0.1241,0.6021,0.2318,0.3919
4565,independent,97,2943,2,0.37551221,0.3558,0.2772,0.4512,0.3274,0.3867,1.0894202,1.302,0.3778,2.638,0.937,1.72,4.8555679,3.894,2.478,5.431,3.402,4.381,7.9031156,6.668,5.019,8.66,6.041,7.339,0.22065437,0.4099,0.1118,1.003,0.284,0.5874
6093,independent,112,2983,2,0.27785378,0.2252,0.1543,0.3126,0.1972,0.2523,0.88098789,0.9958,0.2504,2.31,0.69,1.359,1.9055742,1.751,0.8175,3.114,1.397,2.202,5.5039596,5.625,4.151,7.39,5.048,6.188,1.112185,1.414,0.912,1.961,1.235,1.614
5771,independent,89,18138,2,0.45555208,0.486,0.3715,0.6139,0.4448,0.531,2.074592,2.2,1.307,3.22,1.846,2.531,2.2833886,1.928,1.177,2.823,1.653,2.225,5.9623419,4.506,3.305,6.084,4.061,5.001,0.20550623,0.2678,0.08869,0.5754,0.1895,0.3563
329,independent,42,9017,2,0.36977574,0.3846,0.2804,0.5286,0.3441,0.4282,1.3105722,0.6197,0.1356,1.891,0.3837,0.9487,3.89262,6.26,4.153,8.749,5.482,7.078,5.4978423,4.571,3.402,5.973,4.156,5.017,1.016769,0.3685,0.1127,0.8229,0.2519,0.5176
176,independent,25,498,2,0.041567489,0.02844,0.005987,0.09585,0.01853,0.04326,0.51821077,0.6008,0.1513,2.081,0.3938,0.9096,1.0634824,1.233,0.4715,3.246,0.9025,1.688,3.5499801,2.929,1.458,5.201,2.315,3.555,0.13968521,0.2387,0.1015,0.4489,0.182,0.3044
583,independent,93,15801,2,0.84616429,0.798,0.6705,0.9166,0.7555,0.8416,0.48495346,0.6359,0.1883,1.439,0.436,0.8856,3.5149679,3.099,2.117,4.277,2.766,3.474,4.3500996,4.3,3.123,5.9,3.87,4.798,0.058035664,0.2521,0.08172,0.5783,0.1771,0.3573
957,independent,113,9195,2,0.40184635,0.3583,0.2471,0.5128,0.3174,0.4013,0.65268439,0.5497,0.1634,1.192,0.3835,0.7404,1.4370028,0.9897,0.4695,1.738,0.7686,1.218,4.7706188,4.401,3.097,5.942,3.929,4.934,0.3334055,0.1686,0.05088,0.3901,0.1154,0.2312
3434,independent,45,11875,2,0.07169223,0.06951,0.04251,0.1108,0.05855,0.08231,1.2923346,1.047,0.2333,3.589,0.6304,1.655,3.6046444,3.755,1.935,5.747,3.11,4.423,4.3990397,5.276,3.519,7.476,4.599,5.937,0.47109015,0.401,0.1384,0.7454,0.2923,0.5157
5673,independent,117,13501,2,0.33563618,0.3608,0.2564,0.4718,0.3217,0.3992,0.10193844,0.5362,0.1501,1.275,0.3666,0.728,2.5722022,3.198,2.017,4.45,2.803,3.633,5.9653925,4.52,3.399,5.883,4.066,4.971,0.71751201,0.5113,0.1941,1.008,0.3745,0.6687
72,independent,75,8740,2,0.093058336,0.04411,0.01157,0.08889,0.03105,0.05756,0.73684101,0.7704,0.1504,2.623,0.4647,1.2,0.39546912,1.067,0.4212,2.38,0.8036,1.426,4.3864344,6.737,4.74,10.11,6.023,7.576,0.89127672,1.128,0.7869,1.466,1.01,1.248
3859,independent,95,14750,2,0.63578199,0.6241,0.4871,0.76,0.5771,0.6736,0.1986463,0.4395,0.1183,1.063,0.2902,0.6124,2.0489657,2.443,1.651,3.383,2.174,2.76,4.4924809,4.33,3.158,5.797,3.885,4.803,0.28552552,0.1884,0.06706,0.4176,0.1331,0.2606
3264,independent,96,15772,2,0.49393881,0.5115,0.3758,0.6574,0.4623,0.5642,1.56313,1.054,0.2904,2.03,0.7345,1.376,1.5409605,2.109,1.237,3.214,1.771,2.466,4.588868,4.137,3.008,5.459,3.713,4.588,0.32111917,0.4234,0.1611,0.8049,0.322,0.5503
8016,independent,51,15635,2,0.16564365,0.09821,0.04164,0.2179,0.07427,0.1302,1.3797437,0.7874,0.1927,2.405,0.4895,1.172,0.80696661,1.535,0.6721,2.75,1.182,1.913,2.3232516,3.459,1.949,5.516,2.845,4.112,0.27986979,0.2558,0.08896,0.5061,0.1873,0.3346
555,independent,67,3094,3,0.017243283,0.04846,0.01721,0.1066,0.03455,0.06456,0.47851198,0.453,0.1236,1.127,0.3055,0.6356,1.9561762,1.545,0.5977,3.584,1.144,2.055,7.4995314,4.66,2.761,7.601,3.915,5.45,0.46401775,0.4771,0.2019,0.7774,0.377,0.5736
255,independent,11,7360,3,0.73970433,0.7622,0.6178,0.8855,0.716,0.8087,1.1755349,0.6565,0.2335,1.286,0.4959,0.8507,2.0701876,1.35,0.8379,2.0,1.156,1.569,5.76699,6.329,4.122,9.914,5.432,7.378,0.067043953,0.2154,0.07098,0.5047,0.1536,0.3043
7182,independent,96,14072,3,0.30815031,0.3519,0.2706,0.4568,0.3219,0.3847,1.4390846,0.8237,0.2593,1.608,0.5908,1.073,1.7695116,1.883,1.126,2.755,1.609,2.16,5.8044483,6.007,4.477,7.724,5.481,6.531,0.17605594,0.3615,0.132,0.708,0.2695,0.4635
244,independent,105,2136,3,0.85250252,0.8281,0.6487,0.9445,0.7716,0.8759,0.37935275,0.34,0.1101,0.7234,0.2405,0.454,1.1569483,1.557,0.9089,2.255,1.331,1.782,2.6415266,2.773,1.924,3.833,2.465,3.11,0.36525329,0.303,0.08484,0.6494,0.207,0.412
588,independent,4,6910,3,0.18021434,0.1656,0.08163,0.3335,0.1312,0.2097,0.30795883,0.9186,0.2356,2.255,0.5981,1.297,1.2299977,1.343,0.5865,2.502,1.029,1.688,3.3903658,4.495,3.049,6.494,3.964,5.146,0.69148441,0.5911,0.3237,0.8868,0.4867,0.6917
517,independent,59,3016,3,0.71022957,0.697,0.5567,0.8276,0.6459,0.7434,0.8475081,0.7854,0.314,1.431,0.5894,1.009,0.75703791,1.126,0.5561,2.002,0.8965,1.379,4.1665391,3.675,2.693,4.908,3.318,4.052,1.1092713,0.9197,0.4645,1.364,0.7632,1.07
6703,independent,88,16156,3,0.01521573,0.04736,0.01353,0.1244,0.03151,0.06825,1.2675433,0.7508,0.1998,2.293,0.4893,1.157,1.1847813,1.668,0.7014,3.392,1.256,2.151,5.1239879,4.06,2.153,6.9,3.335,4.906,0.10993988,0.2395,0.07444,0.4959,0.1732,0.3118
4862,independent,114,3945,3,0.34050686,0.2816,0.1876,0.406,0.2441,0.3242,1.3369993,0.9067,0.2393,1.952,0.633,1.224,2.6270024,1.617,0.8605,2.607,1.323,1.951,7.7662626,8.032,6.162,10.49,7.347,8.717,1.403563,1.444,0.895,1.989,1.252,1.637
184,independent,17,8448,3,0.40455316,0.306,0.1522,0.5322,0.2444,0.3765,0.35253049,0.4324,0.1369,1.098,0.3,0.6148,1.7429093,1.509,0.8181,2.375,1.247,1.779,2.3708843,3.077,2.003,4.498,2.651,3.538,0.1989028,0.1265,0.03957,0.3133,0.08637,0.1826
4386,independent,79,12950,3,0.65543525,0.6621,0.5481,0.7768,0.6196,0.7004,1.5085573,1.792,1.139,2.558,1.562,2.052,1.1676804,1.063,0.5292,1.671,0.8745,1.254,10.868936,7.001,5.009,9.814,6.253,7.834,0.39645333,0.2002,0.05621,0.4879,0.1378,0.289
2558,independent,110,1065,3,0.45357374,0.4711,0.3746,0.5925,0.4376,0.5122,2.3729606,2.16,1.093,3.474,1.79,2.605,2.265006,1.736,0.9459,2.665,1.421,2.07,5.6981418,5.381,4.093,7.043,4.886,5.915,0.48321959,0.5396,0.2264,1.0,0.41,0.6793
202,independent,52,16263,3,0.72545731,0.8598,0.7231,0.9566,0.8121,0.8964,0.70222469,0.9906,0.3241,2.099,0.6904,1.325,3.8213122,2.807,1.824,4.014,2.461,3.193,2.9360569,3.001,2.171,4.087,2.658,3.349,0.41763993,0.5632,0.2233,1.033,0.4322,0.7226
5986,independent,110,14780,3,0.54207123,0.5594,0.4309,0.6806,0.5132,0.5993,3.6716999,3.707,2.226,5.552,3.127,4.274,2.3237282,2.283,1.233,3.508,1.911,2.71,6.2635317,7.155,5.161,10.12,6.316,8.095,0.32869775,0.4946,0.1605,0.9763,0.3604,0.6583
6215,independent,2,15535,3,0.22343687,0.2793,0.1903,0.4028,0.2484,0.3155,0.6616684,0.6023,0.1765,1.53,0.4003,0.8679,1.8093188,1.481,0.6252,2.708,1.127,1.896,9.3920752,7.9,5.952,10.42,7.174,8.722,1.7997787,1.524,0.9565,2.173,1.342,1.746
3448,independent,21,11946,3,0.48438438,0.5363,0.4382,0.6502,0.4992,0.5733,2.1437554,1.899,0.8969,3.253,1.493,2.324,3.7202138,3.282,2.262,4.507,2.906,3.628,7.5129789,7.341,5.263,9.887,6.591,8.13,0.054629971,0.266,0.07963,0.6655,0.1792,0.3717
6591,independent,104,1614,3,0.43497043,0.4368,0.3409,0.5429,0.4031,0.4731,1.8572419,2.096,1.277,3.087,1.805,2.416,1.2297774,1.252,0.7,1.98,1.044,1.478,8.5067998,8.523,6.186,11.45,7.657,9.465,0.31380007,0.1459,0.04412,0.3515,0.1,0.206
4883,independent,70,12632,3,0.20910338,0.2563,0.1656,0.4045,0.2221,0.2942,0.21386737,0.3611,0.107,0.804,0.252,0.5026,1.0517815,1.373,0.7079,2.202,1.111,1.613,3.1122337,4.504,3.181,6.306,3.983,5.059,0.09546567,0.1721,0.06321,0.3363,0.1283,0.2209
64,independent,134,9558,3,0.41461494,0.4629,0.3487,0.5876,0.4197,0.5064,1.9360546,1.568,0.8141,2.477,1.288,1.882,3.7488401,2.535,1.688,3.524,2.249,2.89,6.886908,6.332,4.585,8.481,5.643,6.984,0.34080844,0.2666,0.08098,0.6064,0.1857,0.3676
5368,independent,116,19868,3,0.31146531,0.352,0.2621,0.4564,0.3186,0.3892,0.33445989,0.4178,0.1297,1.001,0.2949,0.5742,3.1832515,2.475,1.594,3.494,2.146,2.818,5.0903116,6.18,4.554,8.003,5.609,6.817,0.18469105,0.2222,0.06367,0.5113,0.1523,0.313
586,independent,101,17854,3,0.60943605,0.501,0.3629,0.6497,0.4513,0.5524,0.46454262,0.5329,0.153,1.188,0.3757,0.7048,2.1691607,1.401,0.7826,2.109,1.185,1.647,4.6819725,4.955,3.554,6.515,4.393,5.476,0.12401743,0.3282,0.1331,0.6271,0.2424,0.4247
3856,independent,27,14070,3,0.80944183,0.7566,0.6387,0.8672,0.7175,0.7984,0.39080424,0.6659,0.1897,1.645,0.4557,0.9337,3.2200466,3.75,2.414,5.497,3.287,4.249,4.018061,5.844,3.881,9.078,5.096,6.759,0.13384511,0.2678,0.07352,0.6457,0.1768,0.3711
193,independent,91,3972,3,0.78851481,0.7447,0.5051,0.9293,0.6594,0.8217,0.21181367,0.474,0.1695,0.9638,0.3541,0.6141,0.42851255,0.5233,0.2536,0.9239,0.4208,0.6448,1.5322053,2.268,1.503,3.159,1.979,2.581,0.55359798,0.3901,0.1584,0.6903,0.2941,0.4916
7657,independent,118,10785,3,0.66575399,0.5873,0.4437,0.7421,0.5387,0.643,0.31999559,0.6856,0.1968,1.66,0.4683,0.9679,3.2905352,3.421,2.228,4.673,2.969,3.83,2.3873787,3.578,2.644,4.687,3.235,3.955,0.8283511,0.4667,0.141,1.006,0.3312,0.6312
5849,independent,5,15828,3,0.25296398,0.274,0.1772,0.3963,0.2406,0.3121,0.73861476,0.5661,0.1682,1.282,0.3872,0.7904,2.2095759,2.029,1.104,3.109,1.705,2.377,5.021213,3.684,2.451,5.161,3.286,4.16,0.62349081,0.6507,0.2369,1.09,0.4986,0.8043
5306,independent,29,13314,3,0.55376608,0.4733,0.3318,0.6563,0.4154,0.5353,0.83053757,0.7559,0.2551,1.542,0.541,0.9996,1.2414188,1.159,0.538,2.0,0.8914,1.444,3.9788966,4.624,3.479,6.113,4.218,5.119,0.92941813,0.9372,0.4934,1.373,0.7785,1.096
299,independent,19,17246,3,0.61814945,0.5939,0.4653,0.7298,0.5485,0.6355,1.6810723,0.9795,0.2589,2.597,0.6268,1.449,6.4168326,5.455,3.249,8.724,4.598,6.461,7.4135437,6.443,4.555,9.41,5.734,7.225,0.43947076,0.7185,0.269,1.371,0.5257,0.9304
562,independent,115,11514,3,0.7535165,0.7577,0.6319,0.8626,0.7158,0.7959,2.0564966,2.195,1.381,3.162,1.886,2.515,1.4499829,1.352,0.6166,2.359,1.054,1.682,14.467972,12.71,7.821,22.65,10.63,15.36,0.91709478,1.127,0.6376,1.672,0.9453,1.299
22,independent,15,1712,3,0.25572226,0.2402,0.1803,0.314,0.2181,0.2639,2.9682143,2.777,1.015,5.204,2.135,3.538,2.8122287,3.276,1.701,5.099,2.698,3.836,6.6366996,5.424,4.134,6.967,4.929,5.927,0.43779264,0.4696,0.1448,1.034,0.3278,0.6506
404,independent,87,17342,3,0.081187499,0.1255,0.08121,0.1892,0.1092,0.1458,0.21359101,1.278,0.3279,3.389,0.8448,1.841,2.9974479,2.623,1.584,3.853,2.235,3.011,4.8405747,4.864,3.391,6.481,4.34,5.444,0.31905975,0.207,0.05637,0.4867,0.1394,0.2835
3796,independent,111,16448,3,0.030526037,0.04183,0.01468,0.1158,0.02999,0.05941,0.75448922,0.5701,0.1641,1.629,0.3679,0.8316,1.201896,1.185,0.5198,2.591,0.9233,1.527,2.2822842,3.935,2.322,6.245,3.294,4.633,0.18749418,0.1867,0.07127,0.3794,0.1368,0.2549
2388,independent,35,18387,3,0.21329947,0.07848,0.02698,0.1976,0.05559,0.109,0.37644962,0.8699,0.2672,2.049,0.5978,1.221,0.88179499,1.106,0.4519,2.413,0.8209,1.474,3.137472,3.207,1.764,5.29,2.668,3.826,0.061531253,0.3582,0.1336,0.6352,0.2712,0.4473
7308,independent,129,2286,3,0.70419673,0.7225,0.5465,0.8615,0.6661,0.7733,1.8952581,1.656,0.9612,2.519,1.401,1.955,2.0343133,1.525,0.8438,2.38,1.279,1.799,8.3240522,6.091,4.016,9.706,5.35,7.02,0.16406113,0.2487,0.08018,0.5265,0.1732,0.336
1818,independent,65,14686,3,0.028237057,0.05572,0.01344,0.1348,0.03827,0.07678,0.74866811,0.6497,0.159,1.938,0.4397,0.9817,0.69377583,1.532,0.6169,3.196,1.148,2.051,1.2211588,2.448,1.199,4.656,1.909,3.078,0.45135926,0.2704,0.08219,0.5208,0.1927,0.3538
5768,independent,10,8337,3,0.16727169,0.1787,0.1248,0.2516,0.1592,0.2025,0.35029317,0.3976,0.1167,1.017,0.2817,0.5663,1.427661,1.602,0.8268,2.544,1.314,1.93,5.7927042,6.345,4.576,8.482,5.685,7.054,0.38019966,0.3077,0.09903,0.6072,0.2204,0.401
165,independent,83,19548,3,0.59142096,0.5535,0.4396,0.6843,0.5132,0.598,1.6195931,2.448,1.551,3.465,2.13,2.781,1.7257252,1.197,0.6941,1.867,1.004,1.421,4.2748599,3.89,2.894,5.197,3.519,4.315,0.19205412,0.1774,0.05516,0.4364,0.1255,0.2589
61,independent,107,18390,3,0.19072322,0.2444,0.1505,0.372,0.2084,0.2842,0.89964248,0.8426,0.2669,2.074,0.5894,1.218,2.1407251,2.276,1.109,3.668,1.865,2.708,5.6741443,5.735,4.103,7.523,5.173,6.348,1.0129292,1.041,0.4614,1.605,0.835,1.237
496,independent,112,267,3,0.42867484,0.4169,0.3041,0.5435,0.3791,0.4572,1.3720412,0.9248,0.2786,2.013,0.6564,1.228,1.6645553,1.839,0.8799,2.905,1.482,2.203,5.4786085,6.043,4.378,7.988,5.44,6.678,1.1786996,0.7127,0.3437,1.107,0.5583,0.8515
5330,independent,64,19775,3,0.086835951,0.06844,0.04854,0.0995,0.06113,0.07791,1.7911976,1.172,0.2619,4.234,0.6711,1.945,3.5498009,3.741,1.948,5.616,3.153,4.331,10.198694,10.59,7.974,14.04,9.64,11.75,0.78936551,0.7158,0.3431,1.166,0.5837,0.8593
4829,independent,138,14319,3,0.43622438,0.4794,0.334,0.6484,0.4274,0.5356,1.0953882,0.6658,0.164,1.716,0.4233,0.9334,4.2367001,3.74,2.239,5.951,3.184,4.385,5.3326627,5.635,4.161,7.517,5.101,6.222,0.70239242,0.9228,0.3644,1.633,0.7026,1.143
3848,independent,131,9553,3,0.33275223,0.2065,0.1228,0.3403,0.1729,0.2468,0.06997909,0.3832,0.1189,0.909,0.267,0.5377,0.6331305,0.725,0.3259,1.404,0.5529,0.9229,3.1852015,4.291,2.901,5.891,3.803,4.825,0.2844121,0.3626,0.1497,0.6244,0.2831,0.452
5262,independent,19,4543,3,0.66471721,0.5927,0.4769,0.7137,0.551,0.6328,1.3802491,0.7522,0.2057,1.772,0.4997,1.063,5.1925701,4.034,2.756,5.643,3.544,4.533,9.6044335,10.32,6.857,16.13,9.025,12.01,0.23643976,0.332,0.1183,0.6758,0.2403,0.4309
4450,independent,39,14930,3,0.011512544,0.02373,0.01028,0.0544,0.01792,0.03204,2.4668568,1.25,0.2905,3.753,0.7947,1.854,1.8879934,1.819,0.7867,3.367,1.379,2.277,3.8166116,4.674,2.542,8.082,3.76,5.661,0.29447321,0.2238,0.06688,0.4686,0.156,0.2964
3496,independent,93,9798,3,0.92144869,0.8881,0.7797,0.9551,0.8541,0.9157,0.17851628,0.4758,0.1538,1.066,0.3389,0.6519,2.4300602,2.225,1.543,2.972,1.981,2.472,4.7041653,5.009,3.385,8.2,4.338,5.844,0.18808671,0.2401,0.06087,0.5668,0.1569,0.3292
6045,independent,125,15547,3,0.55776502,0.5329,0.4095,0.6709,0.4876,0.5798,2.5405322,1.733,0.8478,2.946,1.394,2.132,2.2648782,2.006,1.08,3.077,1.672,2.363,5.667856,6.173,4.718,8.21,5.63,6.818,0.24697357,0.6103,0.1588,1.254,0.4259,0.8289
3495,independent,7,6247,3,0.16001323,0.1608,0.09742,0.2377,0.1359,0.186,1.1227649,0.9946,0.2168,3.85,0.583,1.595,0.72593624,3.61,0.9423,11.25,2.2,5.874,30.931118,18.49,12.89,27.95,16.37,20.88,7.4077946,3.272,0.598,7.77,2.109,4.566
291,independent,35,8042,3,0.25827325,0.1701,0.1001,0.2782,0.1438,0.2029,0.61193078,0.5663,0.1673,1.366,0.3902,0.7935,0.89536551,0.9215,0.418,1.729,0.7118,1.177,2.9621977,4.445,2.999,6.273,3.885,5.028,0.05,0.1589,0.05061,0.3523,0.1118,0.2148
2464,independent,116,3547,3,0.36572022,0.2834,0.1973,0.3982,0.2503,0.3187,0.47111526,0.7374,0.2085,1.806,0.519,1.06,2.9849502,2.87,1.865,4.061,2.542,3.228,3.4737964,3.521,2.4,4.953,3.088,3.972,0.19285857,0.2869,0.09377,0.5816,0.2062,0.3829
347,independent,37,3942,3,0.57974911,0.5863,0.4732,0.7126,0.5477,0.6271,1.6223892,2.442,1.386,3.701,2.052,2.841,1.9866936,2.362,1.314,3.632,1.996,2.79,7.7157456,7.154,5.18,9.96,6.422,8.025,0.66545353,0.6228,0.2154,1.131,0.4649,0.7937
4377,independent,33,1867,3,0.61604791,0.4773,0.3247,0.6412,0.4209,0.5294,0.43704698,0.7379,0.2608,1.421,0.5478,0.9561,0.47126342,0.7996,0.3868,1.355,0.6239,0.9727,2.0691167,2.91,2.03,3.991,2.579,3.243,0.45129577,0.4344,0.1884,0.7614,0.3374,0.5392
4360,independent,23,125,3,0.3582067,0.3713,0.2822,0.4733,0.3368,0.4041,0.152158,0.6569,0.1919,1.534,0.4423,0.9229,3.2753862,3.545,2.151,5.167,3.031,4.023,7.4103557,6.638,4.778,8.952,5.983,7.339,0.85428953,0.6236,0.2007,1.149,0.4495,0.8215
2039,independent,54,15132,3,0.33596421,0.3109,0.2083,0.4318,0.2752,0.3509,0.92850423,0.9413,0.34,1.787,0.6979,1.198,1.7402652,1.182,0.5565,1.953,0.927,1.439,3.9914905,4.506,3.203,6.014,4.082,4.973,0.10925815,0.3646,0.1247,0.6895,0.2649,0.4713
518,independent,119,19744,3,0.69822873,0.6991,0.5783,0.8174,0.6561,0.7447,0.63484441,0.5723,0.1863,1.286,0.4125,0.796,2.7418791,2.393,1.55,3.358,2.079,2.725,7.3802404,7.661,5.114,12.41,6.664,8.965,0.05,0.153,0.04873,0.3419,0.1047,0.2097
7509,independent,23,5725,3,0.41888761,0.4686,0.3685,0.5769,0.4336,0.5042,0.43750778,0.5672,0.149,1.457,0.3763,0.8032,4.5365876,3.43,2.134,4.937,2.958,3.884,6.8224427,6.589,4.778,8.832,5.954,7.333,0.78585187,0.6092,0.1924,1.128,0.4583,0.782
136,independent,100,1385,3,0.75479286,0.6427,0.4948,0.778,0.594,0.6901,1.6500584,1.389,0.7003,2.174,1.135,1.647,2.4681819,2.115,1.297,2.904,1.846,2.402,2.39029,2.497,1.791,3.393,2.231,2.783,0.15669433,0.2473,0.07645,0.6016,0.1651,0.3425
4176,independent,15,18989,3,0.23038692,0.238,0.1666,0.3372,0.2108,0.2672,1.9355258,2.322,0.8354,4.291,1.762,2.966,1.7832315,1.994,0.8361,3.644,1.559,2.517,6.1429184,6.469,4.827,8.347,5.785,7.084,1.1743846,1.206,0.669,1.797,1.013,1.415
2451,independent,6,8489,3,0.51571023,0.5249,0.3887,0.6748,0.4716,0.5802,0.47749036,0.4967,0.1794,1.006,0.3666,0.6597,1.916741,1.349,0.8004,2.004,1.155,1.569,5.7062388,5.022,3.609,6.629,4.489,5.553,0.1416754,0.2076,0.07649,0.42,0.1543,0.2708
498,independent,48,11024,3,0.53449921,0.5072,0.3942,0.6318,0.467,0.5503,2.2595609,1.639,0.7392,3.011,1.278,2.075,5.0804624,3.761,2.166,5.422,3.29,4.295,15.502119,11.52,8.119,18.44,10.25,13.23,0.12078344,0.3672,0.07814,0.9799,0.2211,0.5444
4790,independent,59,7653,3,0.56883311,0.6115,0.4808,0.7452,0.5626,0.6595,1.4862614,1.203,0.3987,2.232,0.8889,1.502,1.4413963,2.165,1.325,3.124,1.82,2.501,3.4827177,3.791,2.71,5.082,3.4,4.245,0.69809668,0.4736,0.1407,0.8935,0.3419,0.626
6687,independent,86,16783,3,0.50757133,0.4603,0.3431,0.6009,0.4202,0.5077,0.11661462,0.4514,0.1192,1.1,0.2969,0.6461,1.7728603,2.434,1.557,3.436,2.116,2.739,3.8021927,3.865,2.826,5.167,3.479,4.283,0.71642186,0.3039,0.09264,0.6576,0.217,0.4234
1338,independent,58,19343,3,0.012871982,0.02268,0.006943,0.07609,0.01466,0.03435,0.57150264,0.5942,0.1366,1.855,0.3819,0.9051,2.4030266,2.365,1.032,4.617,1.851,2.915,6.0752909,4.038,1.963,8.221,3.124,5.217,0.34574869,0.3007,0.09494,0.5803,0.2186,0.3939
470,independent,21,8591,3,0.42937009,0.4116,0.304,0.535,0.3747,0.4536,2.2199561,2.207,1.116,3.61,1.803,2.703,2.2809421,2.243,1.122,3.527,1.797,2.687,9.3408818,8.097,6.058,10.86,7.313,8.967,0.74399732,0.988,0.3697,1.696,0.7469,1.215
54,independent,130,18277,3,0.34439161,0.3164,0.1664,0.4944,0.2638,0.372,0.56178981,0.5372,0.1667,1.196,0.3851,0.7392,0.32092493,0.6585,0.2772,1.302,0.5023,0.8363,3.7512731,3.288,2.135,4.693,2.888,3.699,0.14892356,0.1826,0.06641,0.3829,0.1332,0.2463
4,independent,44,5080,3,0.011104591,0.04243,0.01043,0.1566,0.02749,0.06505,0.31809401,1.092,0.2609,3.419,0.6592,1.696,0.53192312,1.33,0.5009,3.111,0.9784,1.774,6.8768634,3.434,1.665,6.441,2.724,4.311,0.40883291,0.3743,0.174,0.6157,0.2971,0.4567
5219,independent,116,2998,3,0.34957476,0.3318,0.2449,0.4392,0.2974,0.3656,0.45375034,0.7835,0.2171,1.843,0.5526,1.086,2.9102155,2.538,1.537,3.751,2.183,2.929,5.8279238,6.612,5.078,8.398,6.051,7.24,0.44424671,0.5297,0.1869,0.999,0.3888,0.6836
1267,independent,123,6060,3,0.054886528,0.07666,0.0378,0.1294,0.06085,0.09274,0.40371996,0.5869,0.1717,1.435,0.3939,0.8406,1.1731399,1.188,0.5812,2.058,0.9421,1.492,14.460301,11.3,8.47,14.76,10.21,12.44,1.0940368,0.9423,0.6487,1.257,0.8345,1.052
5119,independent,34,17072,3,0.57276927,0.6773,0.5553,0.7972,0.6348,0.7199,1.9774092,2.013,1.219,2.995,1.745,2.315,1.8953246,1.494,0.8885,2.298,1.265,1.748,5.8160441,5.417,3.949,7.493,4.801,6.105,0.27155058,0.3442,0.1091,0.7307,0.248,0.4602
3194,independent,45,10211,3,0.055462528,0.07854,0.04618,0.1267,0.06621,0.09236,0.41292436,0.9024,0.2134,2.746,0.5831,1.353,4.8639398,3.854,2.517,5.292,3.349,4.327,5.6264527,5.532,3.63,8.113,4.79,6.333,0.24237128,0.3376,0.08814,0.7207,0.2268,0.46
1443,independent,16,15856,3,0.42510991,0.5891,0.4836,0.7077,0.5525,0.63,2.0291798,2.649,1.474,4.068,2.203,3.127,2.2458897,2.435,1.489,3.603,2.101,2.804,7.22212,6.207,4.546,8.374,5.578,6.891,0.30665319,0.3081,0.1102,0.6901,0.2189,0.4271
3653,independent,136,18793,3,0.089537778,0.07592,0.04496,0.124,0.06369,0.0904,0.54996403,0.8237,0.2015,2.714,0.5163,1.293,3.1708249,3.489,2.176,4.946,3.018,3.988,3.993429,4.418,2.856,6.239,3.846,4.984,0.53428307,0.6831,0.2585,1.217,0.5081,0.8611
475,independent,116,7446,3,0.32313368,0.2997,0.2159,0.4072,0.2683,0.3335,0.72944235,0.723,0.191,1.697,0.5022,1.015,2.3418769,2.885,1.96,3.982,2.547,3.217,5.9892462,5.195,3.739,6.881,4.654,5.757,0.15560827,0.1559,0.04351,0.3768,0.1064,0.2153
6259,independent,137,3469,3,0.53615761,0.5725,0.4393,0.7206,0.523,0.6194,1.2135796,1.025,0.295,2.038,0.7361,1.311,2.96984,2.969,1.863,4.254,2.577,3.378,7.303636,7.796,5.319,12.02,6.812,8.98,0.49385489,0.4279,0.1485,0.8331,0.313,0.5504
6773,independent,30,4465,3,0.56542642,0.4986,0.3873,0.6278,0.4584,0.5409,2.958782,2.811,1.246,4.775,2.189,3.415,5.6189422,3.098,1.404,5.571,2.393,3.801,9.0562435,8.22,6.055,11.19,7.406,9.118,0.53363674,1.05,0.3605,1.878,0.7884,1.311
5767,independent,6,17214,3,0.47093229,0.5395,0.4261,0.6707,0.4982,0.5821,0.1710415,0.8707,0.2632,1.794,0.6367,1.149,2.1220995,1.96,1.148,2.881,1.658,2.264,5.8319475,6.806,4.848,9.699,6.097,7.672,0.40224997,0.2953,0.1031,0.5749,0.2227,0.3793
7666,independent,42,6073,3,0.58244868,0.5879,0.4486,0.7382,0.5332,0.6384,0.65761945,0.6332,0.1612,1.636,0.4072,0.903,4.2213247,3.649,1.901,6.101,2.957,4.401,9.2443021,7.488,5.119,11.62,6.557,8.54,1.0756105,1.141,0.5312,1.828,0.9067,1.384
2785,independent,20,15723,3,0.45706321,0.4972,0.3867,0.62,0.457,0.5349,2.9054669,2.826,1.708,4.247,2.4,3.263,2.1390787,2.765,1.615,4.109,2.348,3.187,7.3993986,6.695,4.809,9.049,6.022,7.445,0.79780207,0.5159,0.1559,0.9804,0.3598,0.6751
234,independent,112,14512,3,0.24728783,0.2705,0.1867,0.3876,0.24,0.3071,1.5369074,0.9589,0.3352,2.005,0.693,1.247,1.4857783,1.686,0.7602,2.903,1.341,2.089,4.5135037,4.008,2.809,5.484,3.561,4.48,1.4064105,1.155,0.6996,1.702,0.9979,1.344
393,independent,71,15202,3,0.21937889,0.09189,0.03957,0.1776,0.07288,0.1156,0.82819018,1.063,0.2841,2.784,0.7106,1.524,1.133132,1.973,0.9212,3.313,1.556,2.444,2.1818273,3.101,1.807,4.744,2.582,3.627,0.42584476,0.4409,0.134,0.7944,0.3245,0.5564
5773,independent,122,19209,3,0.38844198,0.3662,0.2583,0.5005,0.3281,0.4132,0.32915755,0.466,0.1241,1.206,0.3024,0.6631,2.6329855,1.581,0.666,2.884,1.208,2.001,5.5415886,5.769,4.205,7.515,5.213,6.334,1.2543567,1.792,1.145,2.446,1.563,2.015
2771,independent,30,19933,3,0.49847537,0.5219,0.4022,0.6577,0.478,0.5682,2.9369899,1.132,0.3286,2.568,0.8134,1.537,6.0434381,4.494,2.761,6.721,3.767,5.179,6.3661176,9.201,6.399,13.79,8.142,10.43,0.62033711,0.5825,0.1741,1.138,0.4013,0.7705
7102,independent,21,5141,3,0.55239878,0.4333,0.3264,0.5648,0.3943,0.4742,2.4291477,2.13,1.087,3.442,1.744,2.507,2.4323228,1.721,0.8972,2.774,1.403,2.044,7.9748107,7.462,5.466,9.879,6.691,8.26,0.73129308,0.7956,0.3538,1.245,0.6449,0.953
3787,independent,79,1300,3,0.71022485,0.6774,0.5433,0.8071,0.6308,0.725,2.0415453,1.272,0.6485,2.03,1.028,1.486,1.3757471,1.666,0.9814,2.38,1.413,1.915,9.4204275,7.417,5.081,11.02,6.464,8.465,0.3773582,0.1862,0.05287,0.4386,0.1294,0.2535
5223,independent,88,15255,3,0.01,0.0136,0.002421,0.05619,0.00795,0.02212,1.1300187,0.8542,0.2081,2.965,0.5369,1.318,1.8627626,1.557,0.5628,4.146,1.092,2.246,5.0619238,3.502,1.476,7.89,2.66,4.675,0.27464184,0.3105,0.1102,0.5822,0.2301,0.4018
497,independent,78,15498,3,0.86789852,0.907,0.8053,0.9639,0.8773,0.9303,3.7078251,2.464,1.413,4.257,2.033,2.967,3.3871726,2.447,1.386,4.135,1.998,2.957,5.0965997,6.263,3.902,12.08,5.294,7.691,0.43231531,0.5524,0.2074,0.9868,0.4247,0.6894
2085,independent,35,17235,3,0.24511342,0.08363,0.03245,0.203,0.0599,0.1138,0.24645747,0.6216,0.1624,1.772,0.4123,0.9234,0.61745297,1.491,0.6967,2.891,1.139,1.908,1.1833318,2.896,1.658,4.731,2.41,3.458,0.1618913,0.1642,0.05217,0.3596,0.1193,0.2205
142,independent,3,9562,3,0.52630313,0.5923,0.48,0.7174,0.5509,0.6347,3.6848871,2.663,1.621,4.009,2.278,3.088,2.4744817,2.341,1.195,3.759,1.937,2.795,6.9133643,8.657,6.072,12.46,7.68,9.768,0.39312713,0.8145,0.2995,1.343,0.646,0.9888
3212,independent,21,13468,3,0.48717683,0.5702,0.445,0.7069,0.523,0.6171,1.6491916,1.055,0.3778,2.128,0.8038,1.341,4.3106008,4.47,2.977,6.268,3.929,5.02,9.3558216,6.643,4.635,9.179,5.93,7.418,0.32138724,0.3308,0.09896,0.7901,0.2267,0.4793
219,independent,91,4236,3,0.10234384,0.1484,0.0839,0.2599,0.1225,0.1786,1.988272,0.9765,0.2238,2.738,0.6064,1.466,0.60243339,1.816,0.9022,3.019,1.469,2.216,3.0245672,2.801,1.496,4.555,2.285,3.354,0.78908794,0.6514,0.3164,1.009,0.5351,0.7757
917,independent,90,11399,3,0.19512898,0.2173,0.1499,0.2987,0.192,0.2425,1.3766612,0.9476,0.2484,2.337,0.6353,1.317,4.91651,4.121,2.683,5.65,3.633,4.625,7.9247258,7.008,5.324,9.099,6.371,7.706,0.35012427,0.4397,0.1238,0.9947,0.2995,0.6121
2928,independent,2,2953,3,0.24660716,0.2407,0.1706,0.3326,0.2142,0.2696,0.90273277,0.7581,0.1804,2.352,0.494,1.156,2.8614606,1.728,0.7065,3.548,1.337,2.252,11.196111,9.923,7.24,13.71,8.93,11.06,1.690829,2.371,1.427,3.385,2.027,2.733
5720,independent,84,411,3,0.58559083,0.4246,0.3021,0.548,0.3829,0.4673,0.13913776,0.5738,0.1472,1.388,0.3874,0.8216,2.9472979,2.527,1.464,3.739,2.111,2.935,3.8312361,4.304,3.06,5.839,3.842,4.823,0.36247383,0.5522,0.2376,0.9562,0.4356,0.692
1846,independent,141,3567,3,0.80236821,0.8354,0.6309,0.9528,0.772,0.886,0.5837884,1.493,0.7516,2.381,1.213,1.768,1.2384794,1.052,0.477,2.025,0.8257,1.324,1.2613035,1.85,1.283,2.503,1.646,2.054,1.5100784,1.484,1.024,1.961,1.322,1.658
371,independent,107,870,3,0.19230427,0.2427,0.1613,0.3676,0.2107,0.2799,1.8986475,0.9679,0.3104,2.098,0.704,1.32,2.4003473,1.791,0.8876,2.929,1.435,2.166,6.9890875,6.13,4.243,8.355,5.43,6.841,0.55177032,0.4381,0.1854,0.7404,0.3405,0.5356
523,independent,14,13593,3,0.67173101,0.6499,0.5382,0.7689,0.6073,0.6911,1.0766283,0.809,0.2707,1.733,0.5704,1.12,3.993089,4.484,3.05,6.489,3.952,5.028,8.5916574,8.021,5.437,12.07,6.982,9.268,0.35946973,0.2541,0.07157,0.7015,0.1687,0.3764
5232,independent,47,9920,3,0.029992645,0.03326,0.01825,0.06118,0.02696,0.04137,2.908468,2.115,0.3978,5.602,1.203,3.158,3.0893194,3.508,1.334,6.281,2.582,4.439,10.864122,10.6,7.782,14.5,9.499,11.83,0.85135039,0.6155,0.2703,0.9903,0.487,0.7421
7534,independent,126,6682,3,0.63362172,0.6045,0.4901,0.7221,0.5656,0.647,2.7195796,1.848,0.9803,2.894,1.543,2.204,2.9799527,2.283,1.323,3.402,1.931,2.647,5.7140518,6.451,4.695,8.913,5.796,7.186,0.2052847,0.3586,0.1152,0.72,0.2587,0.4779
4013,independent,27,9833,3,0.894538,0.9351,0.8427,0.9846,0.9069,0.9566,0.52047781,0.5429,0.1708,1.297,0.3699,0.7568,3.545192,3.73,2.495,5.62,3.252,4.347,4.4773655,4.263,2.866,6.465,3.657,4.945,0.30651265,0.3454,0.1138,0.6802,0.2516,0.4538
6148,independent,18,18797,3,0.22442542,0.3169,0.2065,0.4694,0.2716,0.364,1.0277025,0.8449,0.2324,2.155,0.5592,1.222,1.003543,1.563,0.607,3.264,1.172,2.116,6.1449229,7.587,5.704,9.903,6.883,8.319,2.1889736,2.543,1.832,3.4,2.284,2.813
5024,independent,134,18710,3,0.29689846,0.3086,0.2319,0.4063,0.2794,0.3386,1.7716939,1.512,0.6052,2.861,1.167,1.922,1.7946405,2.499,1.531,3.484,2.171,2.859,6.7933007,6.459,4.911,8.354,5.888,7.078,0.91852357,0.4912,0.1717,0.9777,0.3546,0.6607
2433,independent,122,5447,3,0.37921636,0.4072,0.3153,0.5205,0.3726,0.4453,0.86722899,0.9699,0.2797,2.083,0.6553,1.309,3.7216513,3.478,1.981,5.36,2.885,4.061,5.4053758,5.853,4.393,7.629,5.32,6.448,0.94566911,0.8059,0.2659,1.482,0.5888,1.027
192,independent,37,12081,3,0.4440217,0.5311,0.4265,0.65,0.4925,0.5731,2.4927514,2.181,1.253,3.375,1.802,2.561,1.8753597,2.207,1.343,3.195,1.875,2.507,7.4787425,7.121,5.226,9.737,6.402,7.961,0.32911672,0.3017,0.07873,0.6754,0.2037,0.4148
5002,independent,118,4700,3,0.52143854,0.5236,0.3622,0.6916,0.4697,0.5767,0.4791818,0.7281,0.2042,1.639,0.5096,0.9947,1.8458291,2.446,1.367,3.686,2.065,2.844,3.7182147,4.158,2.985,5.573,3.711,4.643,0.95567879,0.789,0.3284,1.314,0.633,0.9644
190,independent,114,3089,3,0.30810081,0.2466,0.1772,0.3287,0.2212,0.2723,1.962367,0.6944,0.1886,1.879,0.4708,1.037,3.7423446,4.122,2.292,6.146,3.428,4.758,9.370268,8.201,6.057,10.58,7.398,8.974,0.89550447,0.9325,0.2154,1.779,0.6481,1.214
4681,independent,77,15710,3,0.5311945,0.5464,0.428,0.6739,0.5019,0.5925,0.69421398,0.5963,0.1712,1.364,0.412,0.8256,3.4404578,3.24,2.195,4.508,2.86,3.657,3.0948553,3.084,2.26,4.174,2.77,3.457,0.32321997,0.3131,0.08476,0.7109,0.2133,0.4375
321,independent,86,3440,3,0.46461074,0.5215,0.4087,0.6487,0.4801,0.5628,0.26470804,0.8468,0.2554,1.671,0.5977,1.117,1.0455066,1.493,0.7011,2.527,1.205,1.844,5.3420107,6.379,4.736,8.481,5.728,7.057,0.94224566,0.8443,0.4035,1.303,0.6813,1.003
43,independent,92,16072,3,0.36427211,0.2385,0.09692,0.4979,0.1755,0.3198,0.21438848,0.3897,0.1109,1.076,0.2573,0.5493,1.5178338,1.643,0.881,2.657,1.363,2.003,1.7259421,3.321,1.888,5.201,2.788,3.902,0.10763472,0.3883,0.1419,0.7019,0.2944,0.4943
3964,independent,94,9357,3,0.80232915,0.67,0.5101,0.8445,0.6124,0.7232,0.46825337,0.559,0.1927,1.131,0.4104,0.7319,2.3017781,1.842,1.15,2.601,1.597,2.11,2.5351188,2.292,1.522,3.262,2.013,2.611,0.09755877,0.1803,0.05299,0.4208,0.1228,0.2447
5151,independent,76,9926,3,0.34700302,0.3288,0.2389,0.4468,0.2961,0.3655,0.73509145,0.6051,0.1975,1.312,0.4324,0.8282,2.6349109,2.117,1.048,3.435,1.711,2.581,10.05283,12.06,8.855,17.57,10.75,13.64,1.3673659,1.478,0.7616,2.243,1.244,1.771
409,independent,131,3141,3,0.13470543,0.1475,0.08492,0.2709,0.1225,0.177,0.99784807,0.7613,0.2234,1.84,0.5214,1.075,0.33157752,0.8954,0.4154,1.693,0.6999,1.137,3.0290336,3.492,2.207,4.933,2.988,3.987,0.34930661,0.2078,0.06889,0.4388,0.1517,0.276
5831,independent,43,16977,3,0.17381433,0.1683,0.107,0.2606,0.1422,0.1979,1.0473177,0.9021,0.2196,2.42,0.5837,1.359,2.9595856,2.39,1.205,3.873,1.962,2.859,7.7665594,7.044,5.292,9.125,6.34,7.749,0.93599591,0.9481,0.4909,1.418,0.7942,1.097
294,independent,111,2075,3,0.019263097,0.04431,0.01193,0.09301,0.03113,0.05939,0.39469513,0.4948,0.1386,1.269,0.3353,0.7175,0.9868211,1.253,0.5639,2.45,0.9678,1.604,5.3080756,4.328,2.62,6.556,3.747,4.978,0.27451131,0.2901,0.09642,0.5522,0.2163,0.3712
195,independent,79,15575,3,0.7535964,0.6407,0.5231,0.766,0.5962,0.6843,2.3176169,2.475,1.664,3.442,2.146,2.782,1.6880741,1.425,0.7412,2.204,1.165,1.664,14.297148,8.861,5.879,13.48,7.568,10.21,0.43919395,0.2914,0.07385,0.6933,0.1916,0.4081
787,independent,128,10771,3,0.61401362,0.6916,0.5299,0.8458,0.6344,0.7483,0.72526309,0.3899,0.1254,0.8916,0.2833,0.5339,1.6194018,1.896,1.106,2.844,1.611,2.211,2.5574896,2.88,2.002,3.897,2.568,3.213,0.522949,0.4556,0.1598,0.854,0.3376,0.589
273,independent,84,5584,3,0.37594739,0.4584,0.3467,0.6068,0.4159,0.5055,0.40060067,0.379,0.1185,0.9236,0.2529,0.5326,1.2270302,1.116,0.5324,1.974,0.8763,1.374,7.4164663,9.665,6.712,14.26,8.562,10.88,0.76405079,0.8488,0.4799,1.206,0.7187,0.9779
286,independent,18,18156,3,0.31271679,0.3767,0.2672,0.5094,0.3351,0.4221,0.74080339,0.7798,0.1958,1.987,0.5197,1.136,3.0065379,3.056,1.748,4.588,2.57,3.589,8.9715738,8.787,6.642,11.54,7.963,9.593,1.4351478,0.8619,0.3799,1.435,0.6902,1.035
4551,independent,134,12621,3,0.41523595,0.5269,0.4085,0.6693,0.482,0.5793,1.8330899,1.156,0.418,2.364,0.8534,1.517,3.1823554,3.642,2.161,5.275,3.115,4.205,6.600496,6.991,4.969,9.984,6.252,7.836,0.42671059,0.4599,0.1105,1.079,0.3013,0.6497
3149,independent,27,938,3,0.9007496,0.9229,0.8255,0.9835,0.8951,0.9483,0.058972296,0.4491,0.1331,1.079,0.3164,0.6479,2.8463255,2.984,2.082,4.123,2.651,3.351,4.6631414,4.387,2.911,6.84,3.789,5.056,0.1020633,0.2234,0.06186,0.518,0.1564,0.3133
2712,independent,99,12516,3,0.91891809,0.9138,0.7992,0.977,0.8811,0.9395,0.52300415,0.4569,0.1535,0.9578,0.3339,0.6158,1.7220851,2.187,1.496,3.073,1.939,2.488,5.2009431,6.023,3.649,11.69,5.12,7.345,0.61920849,0.386,0.1161,0.7907,0.2771,0.5144
3518,independent,58,11704,3,0.1046523,0.08918,0.02782,0.2393,0.06331,0.1229,0.51473781,0.5342,0.1395,1.601,0.337,0.8011,1.7983656,1.187,0.5161,2.255,0.889,1.505,2.3687556,2.081,1.017,3.841,1.668,2.563,0.19294907,0.1726,0.05454,0.387,0.1164,0.248
596,independent,17,1630,3,0.4603768,0.4834,0.3232,0.6949,0.4224,0.5553,0.59515347,0.9931,0.3744,1.866,0.7437,1.259,1.3280586,0.9452,0.4608,1.617,0.7588,1.145,2.8309866,2.15,1.411,3.126,1.857,2.461,0.37945496,0.3428,0.1065,0.6762,0.2474,0.4514
3168,independent,77,16236,3,0.64478815,0.723,0.5817,0.8494,0.6781,0.768,1.3128353,1.924,0.8317,3.644,1.485,2.431,5.1073306,4.369,2.668,6.595,3.708,5.074,3.2847291,3.494,2.504,4.697,3.136,3.883,0.39319448,0.3523,0.1179,0.7768,0.2554,0.4837
6804,independent,102,8184,3,0.45373601,0.4555,0.3213,0.6116,0.4048,0.5067,0.45010069,0.6436,0.2013,1.485,0.4468,0.88,1.4556809,2.085,0.9525,3.751,1.635,2.608,5.0488115,5.352,3.885,7.09,4.78,5.927,1.2232596,1.192,0.5967,1.803,0.9868,1.402
5586,independent,104,5376,3,0.54831661,0.5537,0.4435,0.6692,0.5141,0.5912,1.3964128,0.7028,0.2574,1.416,0.5171,0.9379,2.3253906,2.127,1.414,2.867,1.88,2.381,6.2226898,6.479,4.749,8.817,5.825,7.235,0.076214336,0.1888,0.05313,0.4851,0.1287,0.2772
5772,independent,19,10168,3,0.56235666,0.546,0.4456,0.6567,0.5091,0.5826,2.8526461,0.8484,0.2369,2.212,0.558,1.242,5.0809213,5.124,2.988,7.779,4.351,5.915,6.2275674,6.32,4.595,8.629,5.67,6.988,0.682984,0.6855,0.1957,1.487,0.4881,0.9371
3765,independent,130,13300,3,0.19537947,0.1108,0.05777,0.1833,0.09138,0.1337,0.12368716,0.4001,0.09997,1.028,0.2763,0.5577,0.36569224,0.7996,0.3423,1.631,0.6026,1.029,4.2011169,4.746,3.322,6.25,4.23,5.278,0.25619469,0.2249,0.09137,0.4237,0.1694,0.2898
269,independent,113,3575,3,0.51780779,0.5255,0.3802,0.6756,0.4718,0.5741,0.37280953,0.6668,0.2212,1.335,0.488,0.8902,1.1864239,0.9955,0.5029,1.639,0.8176,1.208,4.7534517,5.249,3.783,7.284,4.679,5.906,0.21280906,0.2529,0.08044,0.5214,0.1818,0.3429
625,independent,108,19369,3,0.42698125,0.5104,0.4224,0.6109,0.4775,0.5467,0.54103062,0.5446,0.1625,1.345,0.3791,0.7521,2.9463551,4.645,2.726,6.678,3.952,5.327,7.2484008,8.12,5.807,11.11,7.228,9.055,1.1253752,0.5242,0.1384,1.153,0.3529,0.7265
337,independent,45,18706,3,0.063384646,0.04316,0.02458,0.07802,0.03556,0.05269,0.66423403,0.7147,0.1752,2.285,0.4487,1.073,4.6801466,4.26,2.881,5.551,3.831,4.674,4.2976837,5.779,3.945,8.064,5.137,6.459,0.12964532,0.2003,0.05843,0.4752,0.136,0.2803
4145,independent,110,11243,3,0.51148994,0.5425,0.4086,0.6932,0.4913,0.5897,2.0513618,1.532,0.6113,2.644,1.147,1.918,1.7345662,2.154,1.099,3.324,1.73,2.555,7.6685889,6.419,4.643,8.761,5.742,7.211,0.99346108,0.8882,0.4244,1.463,0.7195,1.081
5454,independent,111,17163,3,0.05984624,0.08325,0.02385,0.1867,0.05963,0.1119,0.78815977,0.7483,0.215,1.833,0.5112,1.059,1.3710733,1.324,0.6172,2.564,1.023,1.685,2.1298784,2.723,1.512,4.8,2.229,3.309,0.13623804,0.1502,0.04833,0.3417,0.1071,0.2082
403,independent,41,14821,3,0.75525922,0.7393,0.6033,0.8617,0.6957,0.7854,0.14902774,0.5398,0.1997,1.056,0.4001,0.7039,2.0529212,1.696,0.9869,2.453,1.436,1.943,5.7359646,5.924,3.918,9.285,5.157,6.834,0.62322336,0.3803,0.1169,0.8087,0.2673,0.4987
87,independent,123,18342,3,0.040443121,0.04812,0.02664,0.08992,0.03974,0.05994,0.39619774,0.5063,0.1363,1.347,0.3385,0.7193,0.69602811,1.204,0.4971,2.563,0.8997,1.575,11.234921,10.07,6.51,14.46,8.779,11.45,1.1214676,0.9219,0.6307,1.236,0.8127,1.026
277,independent,92,6693,3,0.48196141,0.4664,0.2768,0.7108,0.3976,0.5467,0.095101695,0.4713,0.1315,1.198,0.3203,0.6778,1.5199615,1.029,0.4896,1.774,0.8166,1.239,2.2513803,2.371,1.499,3.498,2.033,2.735,0.10626018,0.206,0.06229,0.4454,0.1442,0.2862
5201,independent,36,13998,3,0.24941202,0.2747,0.195,0.3801,0.244,0.3094,1.7020475,1.239,0.4128,2.527,0.8959,1.667,1.3455188,1.788,0.9924,2.662,1.489,2.088,4.8883885,5.678,4.259,7.38,5.159,6.219,0.41674362,0.5835,0.2533,0.9744,0.4602,0.721
3803,independent,48,10242,3,0.57967948,0.5728,0.4722,0.6773,0.5359,0.6113,2.2487674,1.823,0.7427,3.45,1.407,2.299,7.2589085,6.393,4.183,9.659,5.542,7.402,19.168711,18.21,11.4,30.9,15.53,21.46,0.065598882,0.3556,0.1013,0.8787,0.2495,0.5176
2884,independent,43,4855,3,0.20954754,0.2158,0.1554,0.2892,0.1943,0.2399,0.76691741,1.072,0.2882,2.819,0.6841,1.566,3.6998664,3.159,1.842,4.627,2.684,3.618,11.026958,11.43,8.709,14.99,10.38,12.53,0.26893203,0.671,0.2665,1.192,0.5198,0.8535
6161,independent,72,4106,3,0.0282445,0.04404,0.01679,0.098,0.03167,0.05913,0.52139856,0.4965,0.1456,1.478,0.3286,0.7413,0.84824182,1.781,0.8255,3.233,1.391,2.252,3.1071713,3.146,1.861,4.956,2.662,3.687,0.055501618,0.1364,0.04178,0.3211,0.0928,0.1882
4824,independent,107,922,3,0.2409296,0.195,0.1409,0.2685,0.1744,0.2161,1.4695492,1.581,0.7212,2.763,1.277,1.964,2.6851756,3.381,1.891,5.14,2.837,3.963,7.1611693,9.487,7.053,12.56,8.584,10.48,0.7952082,0.748,0.2692,1.263,0.5903,0.9325
897,independent,112,16285,3,0.46338988,0.5022,0.3882,0.6328,0.4624,0.5446,2.9151367,2.845,1.568,4.313,2.403,3.338,1.1317969,1.669,0.8615,2.672,1.353,1.986,4.9385365,6.201,4.603,8.2,5.628,6.833,0.93297524,0.6534,0.2615,1.169,0.5092,0.8281
92,independent,16,15380,3,0.27033232,0.3072,0.2336,0.3965,0.2807,0.336,2.5129614,1.755,0.5976,3.625,1.278,2.258,2.79674,3.032,1.74,4.577,2.571,3.555,9.915682,8.559,6.482,11.41,7.744,9.476,0.72084623,0.5701,0.1403,1.264,0.3659,0.7915
5579,independent,24,1716,3,0.42773808,0.3969,0.2325,0.5868,0.3413,0.4588,0.87471363,0.9277,0.2804,1.992,0.672,1.263,0.66065933,1.497,0.6156,2.733,1.167,1.885,3.1137742,3.143,2.091,4.55,2.739,3.573,1.0348903,1.019,0.5544,1.463,0.8622,1.177
38,independent,63,18940,3,0.58473067,0.579,0.4623,0.705,0.5401,0.6206,2.0757735,2.213,1.375,3.203,1.907,2.55,2.1819776,2.526,1.647,3.535,2.195,2.852,11.530216,8.577,5.851,12.78,7.529,9.608,0.46466762,0.2291,0.06685,0.5813,0.1571,0.3249
183,independent,92,12189,3,0.25456047,0.274,0.1559,0.4741,0.2268,0.3278,0.55455751,0.5762,0.1862,1.327,0.4095,0.8081,1.7278001,1.58,0.8882,2.469,1.321,1.848,2.0682024,3.475,2.272,4.926,3.017,3.96,0.33949533,0.3139,0.1032,0.6066,0.2209,0.4119
213,independent,90,16496,3,0.13607965,0.144,0.09095,0.2172,0.1232,0.166,0.51483279,1.112,0.2345,3.377,0.6959,1.612,6.3321887,4.856,2.689,7.491,4.052,5.731,8.8668676,8.094,6.099,10.3,7.446,8.818,0.69378356,1.114,0.4438,1.925,0.8637,1.389
10,independent,1,3681,3,0.26354229,0.352,0.2616,0.4557,0.3211,0.3857,2.6069519,1.746,0.6596,3.428,1.298,2.243,2.5862014,3.306,1.73,5.189,2.702,3.909,5.4165836,5.156,3.778,6.8,4.672,5.7,0.957935,0.9296,0.305,1.594,0.7004,1.153
2995,independent,79,10509,3,0.72425298,0.7258,0.5702,0.8575,0.6784,0.7741,2.1504708,1.545,0.9779,2.242,1.344,1.762,1.4596724,1.15,0.6194,1.785,0.963,1.361,10.398466,7.79,5.212,13.19,6.718,9.204,0.05,0.18,0.04867,0.4438,0.1173,0.255
37,independent,48,14855,3,0.5812138,0.5801,0.4579,0.7161,0.5378,0.6285,2.0254891,1.512,0.6716,2.583,1.179,1.835,5.0463601,3.308,2.021,4.774,2.806,3.78,14.393142,10.97,7.131,17.47,9.401,12.91,0.35544185,0.567,0.1594,1.07,0.4047,0.7445
3863,independent,97,997,3,0.40487856,0.4565,0.3417,0.5828,0.4164,0.4961,1.5818473,2.253,1.167,3.604,1.856,2.702,2.6355181,2.229,1.129,3.651,1.813,2.688,9.0762035,8.751,6.302,12.83,7.819,9.875,1.0606932,0.891,0.3136,1.468,0.6988,1.091
355,independent,121,6727,3,0.40926565,0.247,0.1548,0.3807,0.2114,0.2846,0.52203005,0.9987,0.2878,2.083,0.6895,1.347,1.2838796,1.601,0.7918,2.763,1.292,1.947,3.6397487,4.3,3.027,5.863,3.816,4.832,0.54223906,0.3715,0.1618,0.6715,0.2882,0.4664
7518,independent,89,15500,3,0.52658327,0.5491,0.4425,0.6613,0.5092,0.5877,3.4548899,4.209,2.763,5.902,3.677,4.728,2.6201245,2.078,1.121,3.366,1.734,2.473,6.68506,7.426,5.354,10.16,6.649,8.298,0.12884151,0.2202,0.07762,0.4751,0.1568,0.2986
253,independent,10,17182,3,0.14029937,0.1511,0.08494,0.2627,0.124,0.1848,0.61953145,0.3985,0.1234,0.9868,0.2724,0.5717,1.6422794,1.234,0.5665,2.25,0.9964,1.561,6.5956307,6.065,4.354,8.036,5.378,6.73,0.22222261,0.1756,0.05512,0.4148,0.1239,0.2446
3956,independent,44,11391,4,0.01,0.01237,0.003491,0.03783,0.008033,0.01837,1.4613788,1.245,0.3388,3.495,0.8279,1.817,1.6734868,1.733,0.6724,4.268,1.256,2.337,5.1547714,4.569,2.566,8.168,3.751,5.553,0.30982873,0.3647,0.1693,0.6083,0.292,0.4432
6067,independent,30,3792,4,0.5074674,0.4984,0.3893,0.6316,0.4576,0.5392,3.1379382,2.93,1.339,5.222,2.28,3.645,6.3352457,6.073,3.487,9.283,5.102,7.048,7.6958621,7.289,5.173,9.791,6.507,7.945,0.43038013,0.591,0.2026,1.233,0.4317,0.7964
7831,independent,134,2184,4,0.35877535,0.4101,0.3187,0.5218,0.3763,0.4429,3.2468249,1.307,0.6174,2.302,1.057,1.585,2.7528252,2.715,1.712,3.817,2.335,3.069,6.3215927,6.499,4.946,8.37,5.937,7.088,0.68963456,0.4802,0.1453,0.9691,0.3259,0.6368
493,independent,97,9935,4,0.45670688,0.5015,0.3889,0.6245,0.4619,0.5407,0.42084415,0.7268,0.2575,1.689,0.5231,0.9796,7.0799806,5.224,3.029,7.853,4.417,6.009,10.216441,10.59,7.241,16.02,9.355,12.1,0.41341056,0.514,0.1338,1.221,0.3486,0.721
2166,independent,59,5040,4,0.69208295,0.7536,0.6024,0.8932,0.7042,0.8066,1.6934606,1.779,0.9303,2.981,1.455,2.175,0.75443049,1.056,0.4854,1.959,0.8331,1.326,4.1818827,4.665,3.435,6.529,4.198,5.235,1.3582973,1.214,0.6917,1.757,1.034,1.406
597,independent,112,6238,4,0.33979862,0.4296,0.2726,0.5997,0.375,0.4929,1.5627763,0.7006,0.2327,1.563,0.5091,0.9645,2.335603,2.351,1.321,3.629,1.956,2.744,5.5275585,4.449,3.112,6.141,3.951,4.988,1.00399,0.7792,0.4021,1.215,0.6374,0.9228
456,independent,89,5952,4,0.45453213,0.535,0.4248,0.6684,0.495,0.577,2.5023105,1.688,0.8526,2.796,1.374,2.04,2.3787845,2.041,1.086,3.22,1.696,2.441,5.843389,7.33,5.249,10.39,6.521,8.246,0.37821388,0.5783,0.2206,1.064,0.4432,0.7298
4999,independent,116,4387,4,0.34393828,0.4003,0.3122,0.5014,0.3673,0.4306,0.57778111,0.54,0.1885,1.141,0.3842,0.7222,2.8763541,2.875,1.97,3.832,2.52,3.193,5.8467014,6.897,5.02,9.352,6.21,7.641,0.19425647,0.1857,0.06407,0.427,0.1328,0.2482
502,independent,112,1577,4,0.37155787,0.4825,0.3534,0.6363,0.4299,0.5334,2.4239122,1.435,0.5892,2.582,1.09,1.808,2.6029025,2.458,1.416,3.703,2.07,2.888,4.8961536,4.744,3.518,6.272,4.295,5.205,1.1124242,0.8131,0.312,1.394,0.6308,1.02
442,independent,5,2224,4,0.28196634,0.2647,0.1492,0.4463,0.2181,0.3196,0.81384999,1.006,0.3891,1.988,0.7427,1.305,1.5421989,1.519,0.7329,2.442,1.215,1.839,4.3161831,3.897,2.432,5.768,3.332,4.472,0.50643375,0.7663,0.4288,1.124,0.6454,0.8889
4830,independent,102,11505,4,0.42847498,0.4127,0.2894,0.5705,0.3687,0.4638,0.90374739,0.8158,0.2788,1.854,0.5913,1.109,0.93560133,1.155,0.4777,2.22,0.8925,1.491,5.2784413,4.328,3.155,5.655,3.879,4.755,1.5002467,1.666,1.058,2.3,1.449,1.887
7696,independent,6,1376,4,0.53481293,0.6017,0.4392,0.7663,0.5434,0.658,0.33327795,0.5698,0.2191,1.115,0.434,0.7362,2.0456885,1.748,1.015,2.602,1.477,2.041,5.6944233,7.799,5.157,12.26,6.766,8.985,0.41578229,0.2758,0.1086,0.5201,0.2036,0.3491
4154,independent,84,18503,4,0.50421224,0.6523,0.4846,0.8082,0.592,0.7076,0.26232779,0.4858,0.1826,1.064,0.363,0.6485,1.2553191,1.717,0.9209,2.674,1.43,2.04,4.8299818,5.659,4.046,7.861,5.048,6.404,0.95355942,1.068,0.5952,1.541,0.901,1.221
4925,independent,2,19134,4,0.15515377,0.08698,0.04362,0.1652,0.06916,0.1097,1.1417488,1.652,0.4067,3.967,1.081,2.365,0.89350218,1.611,0.6354,3.146,1.213,2.132,9.8077711,7.835,5.909,10.44,7.091,8.627,2.4038158,2.216,1.487,3.029,1.941,2.507
4673,independent,39,5158,4,0.06302424,0.08371,0.02728,0.1712,0.06022,0.1118,0.67903702,1.102,0.3556,2.587,0.7612,1.558,2.1612525,1.75,0.8077,3.082,1.406,2.146,2.9943565,3.159,1.743,5.251,2.575,3.801,0.1781874,0.2899,0.09917,0.5415,0.2093,0.3723
42,independent,136,10497,4,0.10225149,0.1004,0.05883,0.1649,0.08413,0.1184,0.3503201,0.7474,0.2526,1.869,0.5226,1.026,2.5468649,3.019,1.806,4.365,2.585,3.489,4.3803217,4.726,3.002,6.817,4.142,5.424,0.85733481,0.8005,0.3253,1.336,0.628,0.9823
2165,independent,57,17208,4,0.54381486,0.4873,0.3368,0.6566,0.4342,0.5434,1.3209769,0.7291,0.2676,1.463,0.5461,0.9572,0.89265228,1.3,0.6905,2.041,1.057,1.539,2.8834095,3.429,2.389,4.737,3.046,3.855,0.41739951,0.5016,0.2112,0.8608,0.379,0.6242
88,independent,63,8855,4,0.60779593,0.6573,0.5428,0.7727,0.6158,0.6964,1.5687029,1.123,0.5073,1.903,0.873,1.382,2.9961275,3.201,2.275,4.338,2.852,3.568,9.1915956,9.683,6.545,14.66,8.494,11.05,0.37707403,0.2502,0.07987,0.5966,0.1717,0.345
122,independent,82,9695,4,0.17249159,0.22,0.1576,0.2902,0.1985,0.2416,0.43132701,0.8511,0.2541,2.1,0.5872,1.181,5.7035149,6.312,3.914,8.926,5.538,7.135,7.302856,7.219,5.427,9.434,6.59,7.904,0.58529661,0.4623,0.1247,1.152,0.2994,0.6665
2425,independent,53,499,4,0.89521061,0.9114,0.8039,0.9726,0.8804,0.9371,0.49265699,0.7006,0.2515,1.439,0.5144,0.9118,3.1189543,2.462,1.606,3.53,2.151,2.791,5.1356004,3.982,2.757,5.908,3.458,4.557,0.1294732,0.3371,0.143,0.6214,0.2549,0.4305
4350,independent,124,10543,4,0.43785024,0.4292,0.3321,0.5458,0.3968,0.4673,1.9040471,2.403,1.472,3.639,2.048,2.792,1.4492988,1.456,0.7252,2.403,1.188,1.775,5.9619587,6.342,4.796,8.238,5.741,7.002,0.41141488,0.5613,0.1939,0.9708,0.4129,0.6996
5359,independent,110,1770,4,0.5355744,0.5141,0.3624,0.6698,0.4597,0.5639,1.475882,1.328,0.623,2.197,1.056,1.592,2.8392893,1.752,0.9942,2.723,1.452,2.075,5.0329662,5.717,4.233,7.57,5.154,6.347,0.33637777,0.601,0.2765,1.018,0.4757,0.736
6412,independent,123,13266,4,0.029634688,0.05936,0.03022,0.1161,0.04726,0.07457,1.1979449,0.5843,0.2189,1.365,0.4205,0.8036,1.4627457,0.9916,0.3982,1.874,0.7678,1.266,14.015464,11.88,9.211,15.42,10.84,13.0,1.1006024,0.8497,0.5574,1.145,0.7491,0.9519
3457,independent,131,16274,4,0.27821737,0.2039,0.1242,0.3071,0.1745,0.2387,0.46088732,0.6768,0.2481,1.398,0.51,0.8811,0.50188809,0.6197,0.2692,1.275,0.4722,0.8079,4.5086236,4.839,3.436,6.401,4.294,5.342,0.3196137,0.2263,0.08333,0.4521,0.1644,0.2994
1854,independent,52,12379,4,0.8529653,0.7374,0.5739,0.8694,0.6796,0.7856,0.65604918,0.6811,0.2715,1.352,0.4973,0.8839,2.3456923,2.157,1.207,3.415,1.812,2.563,5.0087672,5.17,3.38,8.149,4.549,5.917,0.80137868,0.9092,0.4799,1.363,0.7654,1.064
2559,independent,109,835,4,0.34951369,0.3103,0.1938,0.4654,0.2658,0.3577,0.27881779,0.8064,0.2904,1.731,0.5845,1.108,1.9485043,2.069,1.184,3.131,1.769,2.425,2.6248652,3.037,2.062,4.201,2.695,3.396,0.64288564,0.6116,0.2636,1.024,0.4733,0.7485
1692,independent,117,1808,4,0.47283611,0.5588,0.4303,0.6947,0.513,0.6049,0.34784961,0.8776,0.3141,1.773,0.6383,1.135,1.735735,2.225,1.078,3.799,1.784,2.72,4.1546514,5.845,4.118,8.03,5.173,6.495,0.98076721,1.078,0.5663,1.619,0.9094,1.255
36,independent,107,15350,4,0.25288723,0.3305,0.226,0.4587,0.2952,0.3705,1.3022829,1.182,0.4039,2.31,0.8571,1.516,2.4407242,2.249,1.24,3.451,1.908,2.603,5.1397505,4.653,3.307,6.25,4.191,5.13,0.62583951,0.6409,0.2796,1.072,0.5081,0.7867
5611,independent,136,3703,4,0.06329535,0.03192,0.01673,0.06155,0.02578,0.03903,0.89772858,2.137,0.5364,5.234,1.393,3.2,2.9406827,2.405,0.9883,4.7,1.848,3.101,4.2075959,6.101,3.66,9.4,5.195,7.065,0.4579223,0.463,0.1933,0.7725,0.3663,0.5711
575,independent,6,19344,4,0.44201202,0.4506,0.3103,0.6121,0.3961,0.5034,0.48165661,0.8116,0.2999,1.711,0.598,1.053,2.4413096,2.337,1.49,3.297,2.05,2.659,4.6136641,3.96,2.73,5.438,3.543,4.439,0.36105816,0.2986,0.1145,0.5637,0.2226,0.388
3767,independent,137,11550,4,0.53459542,0.5358,0.4289,0.6561,0.4966,0.5762,1.6908968,2.201,1.226,3.381,1.853,2.582,2.7410988,2.266,1.318,3.426,1.918,2.628,6.0342312,6.867,5.101,9.45,6.161,7.606,0.48637569,0.4672,0.176,0.9074,0.3468,0.6021
489,independent,32,8625,4,0.43295322,0.4729,0.3512,0.6091,0.4293,0.5204,2.5297879,1.207,0.6258,1.96,0.9892,1.441,0.51913635,1.321,0.7082,2.02,1.109,1.54,7.7402155,7.231,5.252,9.754,6.441,7.981,0.41054497,0.3318,0.1452,0.5922,0.26,0.4147
306,independent,53,6392,4,0.93080025,0.8833,0.7597,0.9654,0.8429,0.917,0.21198935,0.6895,0.2592,1.443,0.5081,0.8997,2.8431981,2.684,1.812,3.87,2.349,3.046,4.7780538,3.887,2.707,5.51,3.442,4.396,0.41983978,0.3184,0.1164,0.6211,0.2329,0.4099
380,independent,121,17272,4,0.50767023,0.552,0.3651,0.7572,0.486,0.6187,1.0088651,1.425,0.7882,2.145,1.182,1.68,0.84048149,0.8222,0.3769,1.487,0.6417,1.028,3.6409826,3.722,2.704,4.952,3.318,4.12,0.51756291,0.4873,0.2354,0.8106,0.3869,0.6041
59,independent,138,15072,4,0.53813934,0.5357,0.4054,0.6778,0.4868,0.5853,2.0688197,0.8765,0.3112,2.017,0.6143,1.222,3.171467,3.79,1.811,6.757,2.971,4.697,7.0538972,5.953,4.342,7.991,5.375,6.567,1.5076712,1.332,0.5299,2.276,1.029,1.67
328,independent,20,16173,4,0.41260853,0.4117,0.3198,0.5163,0.3776,0.4476,3.9751175,3.725,2.196,5.692,3.125,4.345,2.8305024,2.937,1.907,4.19,2.539,3.353,9.1289235,7.593,5.812,9.81,6.905,8.345,0.16170971,0.343,0.1143,0.7172,0.2442,0.4597
223,independent,96,11896,4,0.44860457,0.4278,0.2912,0.585,0.3769,0.4789,0.68891647,0.9347,0.3286,1.779,0.7086,1.183,1.7956278,1.333,0.6858,2.198,1.094,1.614,3.3275981,3.139,2.162,4.356,2.78,3.525,0.48790269,0.4794,0.2252,0.8184,0.3762,0.5861
2189,independent,114,7223,4,0.31888216,0.3858,0.2873,0.5015,0.3485,0.4286,2.0018437,1.463,0.6785,2.482,1.162,1.775,3.0813099,1.924,1.105,2.884,1.622,2.249,10.033115,11.84,8.615,16.91,10.59,13.28,0.8240502,0.6786,0.2851,1.148,0.5278,0.8344
221,independent,75,15687,4,0.074930099,0.1099,0.06706,0.1764,0.09347,0.131,0.39562797,0.7678,0.2481,1.845,0.5369,1.043,1.5899805,1.133,0.484,2.212,0.8644,1.486,5.9161299,7.641,5.711,9.769,6.952,8.319,0.57546172,0.575,0.3123,0.8315,0.4853,0.6652
1454,independent,141,5327,4,0.6221262,0.5113,0.3828,0.6468,0.4659,0.5561,0.5386507,0.7166,0.2468,1.576,0.5139,0.9452,2.1218936,1.971,1.048,3.125,1.618,2.341,2.9203028,4.007,2.806,5.331,3.554,4.447,1.196692,1.077,0.5635,1.606,0.8729,1.26
5722,independent,51,3964,4,0.16186131,0.1643,0.0939,0.2659,0.1372,0.1942,2.2256772,1.707,0.759,3.072,1.306,2.109,0.89446969,0.7719,0.3603,1.446,0.5912,0.9851,4.0280026,3.744,2.354,5.566,3.159,4.352,0.38393153,0.4122,0.1838,0.7032,0.3261,0.5125
5840,independent,8,4186,4,0.49207429,0.4616,0.3601,0.5862,0.4254,0.5034,1.0891412,1.065,0.4122,2.084,0.8028,1.373,5.132139,3.912,2.61,5.427,3.433,4.403,5.8032352,5.377,3.807,7.181,4.817,6.006,0.12846241,0.2282,0.07166,0.5968,0.1584,0.3295
314,independent,87,9193,4,0.28080498,0.3026,0.1836,0.4596,0.2597,0.3528,0.34226576,0.6124,0.1999,1.387,0.4266,0.8183,1.2268936,1.418,0.6195,2.495,1.108,1.737,5.902693,4.409,2.978,6.309,3.828,5.031,0.32419686,0.3008,0.1015,0.5722,0.2204,0.3951
5463,independent,84,3741,4,0.48887711,0.4318,0.3266,0.5678,0.3924,0.4757,0.090052313,0.7106,0.2482,1.532,0.5116,0.9448,1.6621196,1.69,0.8878,2.712,1.379,2.035,5.7202837,6.049,4.428,7.953,5.434,6.695,0.68131923,0.6722,0.3744,1.04,0.5567,0.8017
570,independent,28,1448,4,0.27272877,0.2574,0.1829,0.3576,0.2317,0.2903,0.64654533,1.085,0.4011,2.291,0.8027,1.433,1.3000301,1.342,0.703,2.209,1.091,1.597,4.678903,5.357,3.88,7.069,4.801,5.951,0.15037778,0.3079,0.1132,0.6002,0.2288,0.4058
4057,independent,16,19002,4,0.45808267,0.4019,0.3104,0.515,0.3699,0.4374,1.0132089,0.913,0.343,1.752,0.681,1.167,3.2630385,3.136,2.027,4.222,2.785,3.52,7.6235858,7.659,5.879,10.04,7.002,8.446,0.41669814,0.3239,0.1111,0.7073,0.2288,0.4342
3961,independent,17,1382,4,0.44232076,0.3521,0.1955,0.5277,0.2884,0.4126,0.19393835,0.6203,0.2258,1.287,0.4467,0.8383,1.462941,1.221,0.5655,2.177,0.9531,1.518,3.4503505,4.244,2.875,6.003,3.725,4.865,0.43246778,0.5964,0.2843,0.9505,0.4751,0.7215
3786,independent,44,19024,4,0.01,0.01383,0.004343,0.03879,0.009535,0.02001,0.74514212,0.9354,0.3036,2.804,0.636,1.387,2.0361937,1.347,0.455,3.349,0.9663,1.874,7.5050537,5.943,2.922,11.33,4.799,7.484,0.14965452,0.2568,0.1037,0.4657,0.1969,0.3182
5276,independent,42,16167,4,0.47992052,0.4773,0.3667,0.604,0.4396,0.5207,0.74734842,0.923,0.3106,2.042,0.6581,1.244,4.1721771,3.965,2.009,6.564,3.239,4.79,5.5776549,5.098,3.726,6.76,4.593,5.647,1.2095541,1.426,0.7199,2.233,1.188,1.687
324,independent,11,7395,4,0.5787003,0.6423,0.5048,0.771,0.5944,0.6932,0.25794961,0.4923,0.1873,0.9579,0.3634,0.6236,2.4883264,1.75,1.047,2.558,1.476,2.026,5.8935506,5.276,3.782,7.173,4.715,5.884,0.14602485,0.4035,0.1304,0.8094,0.2935,0.5382
5466,independent,109,17850,4,0.55639651,0.3949,0.2578,0.5522,0.3442,0.4494,0.33478401,0.926,0.3571,1.799,0.688,1.184,1.8920892,1.766,0.975,2.708,1.475,2.083,2.4269934,3.785,2.644,5.112,3.377,4.205,0.52115825,0.5937,0.2602,0.9891,0.4682,0.7334
7692,independent,7,7476,4,0.075958617,0.08846,0.04792,0.1516,0.07318,0.1085,0.40187403,0.9758,0.3105,2.715,0.6658,1.398,4.0186499,2.765,1.154,5.515,2.058,3.626,24.335442,20.32,15.1,27.42,18.36,22.76,5.4354289,3.6,2.241,5.498,3.09,4.174
18,independent,93,13732,4,0.87949131,0.9173,0.7917,0.9838,0.8829,0.9494,0.05,0.881,0.3075,1.856,0.6658,1.161,3.2612519,3.063,2.108,4.375,2.694,3.456,4.2970108,3.015,2.039,4.306,2.655,3.418,0.20057893,0.2789,0.08513,0.6207,0.1938,0.379
5361,independent,105,397,4,0.79924766,0.8188,0.6614,0.9489,0.7669,0.8675,0.43401123,0.6693,0.295,1.175,0.5364,0.8319,1.4186265,1.46,0.9171,2.09,1.256,1.67,2.2476906,2.427,1.675,3.393,2.17,2.704,0.17537684,0.3245,0.1123,0.6406,0.2362,0.425
3982,independent,139,8487,4,0.46269488,0.4895,0.3674,0.6315,0.4468,0.5449,1.0451849,0.7066,0.2558,1.402,0.5137,0.9251,1.06195,1.36,0.7054,2.011,1.119,1.611,5.0663862,4.412,3.318,5.774,3.99,4.803,0.29398259,0.4915,0.2387,0.8259,0.39,0.5927
511,independent,83,7497,4,0.65005428,0.6349,0.4625,0.8159,0.5772,0.6948,1.7938168,2.381,1.411,3.696,2.029,2.822,1.14582,1.667,0.9294,2.589,1.383,1.945,2.30954,2.349,1.589,3.311,2.059,2.689,0.29347582,0.3035,0.09894,0.6086,0.2229,0.3999
3520,independent,102,14361,4,0.3118236,0.3223,0.2023,0.4748,0.2789,0.3705,0.83319531,0.8221,0.3048,1.78,0.5926,1.095,0.44073876,1.213,0.5659,2.193,0.965,1.515,5.1909341,4.734,3.468,6.215,4.237,5.218,1.7696925,1.124,0.6599,1.638,0.9595,1.301
110,independent,136,13426,4,0.058887373,0.05213,0.02137,0.1375,0.0377,0.07197,1.432321,1.921,0.5034,5.853,1.272,2.895,2.8099659,2.643,1.253,4.468,2.116,3.233,3.9299985,3.944,2.146,6.809,3.213,4.789,0.71896074,0.6888,0.3702,1.03,0.5653,0.8016
4554,independent,45,13178,4,0.062611379,0.03871,0.01903,0.0722,0.03089,0.04897,0.91729086,0.9672,0.275,3.065,0.6358,1.486,3.5331862,4.619,3.142,6.209,4.119,5.125,4.201019,5.306,2.747,8.766,4.295,6.276,0.69430889,0.4703,0.176,0.8594,0.3434,0.6077
188,independent,100,15982,4,0.58465077,0.6695,0.5381,0.7917,0.6294,0.7111,1.6748614,0.8779,0.2901,1.762,0.6262,1.147,3.4739113,3.711,2.635,5.113,3.301,4.189,3.4362655,5.022,3.541,6.838,4.44,5.589,0.082000028,0.2201,0.07431,0.4907,0.159,0.3024
204,independent,45,19516,4,0.042703821,0.07026,0.04022,0.1287,0.05706,0.08566,1.1164892,1.236,0.3565,2.946,0.842,1.704,3.4302621,2.397,1.265,3.68,1.981,2.791,5.0404249,4.706,3.193,6.588,4.114,5.299,0.46033928,0.325,0.135,0.5794,0.2524,0.4054
168,independent,34,5117,4,0.52811615,0.6385,0.4945,0.7655,0.5848,0.6883,1.1503411,0.84,0.3222,1.511,0.6519,1.048,2.1874262,1.802,1.06,2.628,1.532,2.078,5.3102329,7.17,4.959,10.58,6.256,8.146,0.16955338,0.3363,0.1086,0.6871,0.2492,0.4514
1403,independent,113,1180,4,0.40274462,0.3502,0.2469,0.4695,0.3113,0.3907,0.62499354,0.7359,0.2861,1.453,0.5477,0.9606,1.1633591,1.291,0.6512,2.13,1.055,1.557,4.1161036,4.684,3.364,6.291,4.178,5.179,0.38955485,0.3398,0.12,0.6719,0.2513,0.449
31,independent,55,5652,4,0.72146628,0.7123,0.6008,0.8199,0.6758,0.7485,0.59082274,0.9572,0.4276,1.65,0.7465,1.155,2.4200411,2.168,1.404,2.992,1.915,2.444,8.0116693,7.189,4.786,10.56,6.239,8.217,0.14096891,0.1673,0.05861,0.3706,0.1167,0.2255
6003,independent,94,14949,4,0.83084654,0.6947,0.5445,0.8449,0.6383,0.7477,0.33212701,0.6443,0.2641,1.204,0.4991,0.8258,1.6808388,1.863,1.105,2.689,1.602,2.121,2.9329406,3.531,2.411,4.855,3.112,3.975,0.15227025,0.2978,0.1084,0.6299,0.2134,0.4017
21,independent,119,8265,4,0.72414892,0.7694,0.6171,0.8937,0.7168,0.8187,1.464114,0.9641,0.4062,1.742,0.7458,1.206,3.6820147,2.638,1.722,3.612,2.317,2.981,5.1837537,5.758,3.814,9.02,4.977,6.6,0.086703792,0.2805,0.09006,0.6185,0.195,0.3912
3100,independent,8,16153,4,0.6680073,0.6226,0.5091,0.7418,0.5834,0.6629,0.22349825,0.4826,0.1852,1.001,0.3504,0.6264,3.2197615,2.49,1.64,3.443,2.183,2.822,8.5921769,6.994,4.839,9.921,6.181,7.89,0.2787336,0.2713,0.08609,0.6135,0.1905,0.3702
5609,independent,107,1080,4,0.24202288,0.2304,0.171,0.3124,0.2089,0.2552,1.2412852,0.8224,0.2987,1.705,0.6012,1.078,1.7000491,1.495,0.7982,2.313,1.25,1.774,5.2983566,5.46,4.117,7.027,4.976,5.974,0.74736836,0.6502,0.26,1.077,0.516,0.7857
4159,independent,15,12546,4,0.22151778,0.2572,0.179,0.3445,0.2292,0.2833,2.9261116,1.959,0.6278,3.994,1.404,2.582,1.7544667,2.159,1.033,3.579,1.724,2.627,6.8725876,6.772,5.007,8.866,6.175,7.48,1.1915416,1.083,0.5846,1.601,0.9066,1.266
118,independent,40,3828,4,0.34874528,0.29,0.1775,0.4557,0.2442,0.3465,1.074436,1.18,0.4989,2.255,0.8926,1.515,1.9442572,2.141,1.315,3.058,1.852,2.44,2.9495107,3.114,2.066,4.599,2.705,3.557,0.095370146,0.1238,0.04033,0.2786,0.08647,0.1698
3172,independent,53,4659,4,0.91361213,0.9041,0.8149,0.9631,0.8746,0.9275,0.46939843,0.6294,0.196,1.444,0.4382,0.8645,5.4720245,4.465,2.836,7.45,3.834,5.281,4.0168089,4.024,2.783,5.847,3.592,4.541,0.25757986,0.4426,0.1456,0.8241,0.3214,0.5648
2463,independent,66,18636,4,0.069689616,0.145,0.04738,0.3085,0.1053,0.1904,0.49575787,0.5375,0.1794,1.269,0.3761,0.7496,1.2545521,0.7992,0.3468,1.56,0.6068,1.016,3.2735495,2.946,1.73,4.865,2.483,3.475,0.36311481,0.4694,0.2311,0.751,0.3786,0.5545
111,independent,72,6349,4,0.096164366,0.08483,0.05134,0.1381,0.07114,0.1002,0.32172832,0.5379,0.1855,1.288,0.3878,0.736,0.60857448,0.95,0.3825,1.948,0.7277,1.237,4.2216665,6.261,4.35,8.488,5.539,6.948,0.062790306,0.1383,0.0458,0.305,0.09996,0.1837
2509,independent,132,15439,4,0.42077039,0.4286,0.2913,0.5948,0.3744,0.4836,1.1385958,0.8203,0.2979,1.66,0.5997,1.081,1.4132712,1.461,0.7567,2.404,1.172,1.757,3.6440892,3.359,2.318,4.566,2.996,3.735,0.80722072,0.6065,0.2654,0.9847,0.4807,0.7322
3764,independent,25,18129,4,0.04049832,0.0432,0.01298,0.1719,0.02727,0.06867,0.18057914,0.7216,0.2216,1.92,0.489,1.011,0.89816774,1.484,0.6655,3.147,1.129,1.932,3.5878553,4.136,1.993,8.226,3.25,5.336,0.10092791,0.2051,0.07022,0.4191,0.1454,0.2684
530,independent,106,14545,4,0.47359963,0.402,0.2983,0.5192,0.3625,0.4402,1.5939498,0.8813,0.3682,1.648,0.6813,1.115,1.4436133,0.8152,0.4131,1.427,0.6491,1.014,7.7625913,7.744,5.765,10.31,7.058,8.571,0.94406665,0.7577,0.4202,1.099,0.6301,0.8825
2400,independent,68,6403,4,0.020745816,0.02834,0.01088,0.06712,0.02122,0.03713,0.26632813,1.241,0.3301,3.528,0.7853,1.812,1.9613788,1.828,0.8041,3.424,1.39,2.32,2.3280223,3.45,1.662,6.457,2.65,4.365,0.067222924,0.171,0.05771,0.3658,0.1255,0.2306
6106,independent,76,14628,4,0.2587789,0.2346,0.1525,0.3356,0.2065,0.2676,0.83718081,0.7464,0.275,1.545,0.5422,0.9844,1.5772434,1.375,0.6853,2.332,1.099,1.677,11.313897,8.952,6.863,11.87,8.192,9.859,1.2885321,1.153,0.7519,1.6,1.008,1.304
2065,independent,73,3794,4,0.23315872,0.2269,0.1687,0.3042,0.2055,0.2515,1.95356,1.123,0.3848,2.232,0.8087,1.452,2.922737,2.856,1.862,4.063,2.486,3.275,7.762943,6.393,4.704,8.369,5.733,7.122,0.31757149,0.4109,0.1477,0.7498,0.3136,0.5281
8098,independent,35,9551,4,0.47827965,0.4827,0.006254,0.7579,0.3566,0.5854,0.19621318,0.3045,0.1055,1.31,0.2244,0.4307,0.38488319,0.5909,0.2702,2.108,0.4554,0.76,2.3799484,2.079,1.29,5.547,1.773,2.442,0.11531243,0.14,0.04341,0.3219,0.0984,0.1892
5158,independent,81,7800,4,0.34391583,0.2779,0.1799,0.3865,0.2433,0.3164,0.9528968,0.881,0.2976,1.86,0.6291,1.186,2.5605096,2.144,1.171,3.386,1.782,2.543,5.6703937,6.567,4.502,8.944,5.851,7.397,0.5748728,0.7568,0.4083,1.161,0.6362,0.902
546,independent,64,3097,4,0.07463026,0.08003,0.04903,0.1271,0.06762,0.09501,0.80638123,0.9524,0.286,2.431,0.6372,1.363,3.0567589,2.534,1.361,3.917,2.049,3.016,7.5310208,6.677,4.795,9.144,5.952,7.452,1.1596122,1.231,0.7899,1.729,1.066,1.401
2151,independent,102,10308,4,0.42660971,0.3889,0.2293,0.5877,0.3317,0.4536,0.44537131,0.6279,0.2219,1.398,0.4552,0.8453,0.71226562,1.201,0.4732,2.373,0.912,1.525,6.1711948,4.715,3.367,6.265,4.241,5.229,1.7062383,1.762,1.163,2.383,1.567,1.963
2497,independent,43,18435,4,0.20808929,0.2179,0.1505,0.2957,0.1944,0.2425,0.66427398,0.7431,0.2353,1.664,0.5304,1.025,3.1539658,2.999,1.69,4.392,2.544,3.475,9.2851519,8.752,6.511,11.24,7.944,9.628,0.69645781,0.7048,0.3119,1.194,0.5537,0.8586
451,independent,90,1694,4,0.21196659,0.2449,0.1685,0.3385,0.2142,0.2755,1.3718411,0.9423,0.2954,2.364,0.6346,1.312,3.1816085,3.012,1.621,4.664,2.499,3.51,6.9600615,7.769,5.752,10.15,7.007,8.526,1.0899865,1.014,0.5346,1.524,0.8368,1.18
4764,independent,55,7494,4,0.66481442,0.6521,0.5354,0.7548,0.612,0.6884,0.81672078,0.9851,0.3408,1.872,0.7336,1.285,2.5845227,2.517,1.753,3.356,2.239,2.827,11.341656,11.27,7.183,17.79,9.687,13.13,0.16759785,0.2341,0.07483,0.5629,0.1625,0.3298
2476,independent,51,19089,4,0.27752834,0.2624,0.1768,0.3795,0.229,0.2991,1.5930323,1.406,0.5198,2.742,1.043,1.8,1.8204899,1.554,0.8153,2.402,1.286,1.82,2.6294997,4.348,3.111,5.874,3.919,4.822,0.22444978,0.2163,0.06684,0.4618,0.1507,0.2908
5308,independent,16,13952,4,0.35361584,0.3097,0.2243,0.4134,0.2773,0.3424,1.0628936,0.63,0.2221,1.351,0.4431,0.8271,3.8453774,3.686,2.431,4.972,3.186,4.127,8.4689589,11.15,8.143,14.8,10.09,12.23,0.29425953,0.3535,0.1026,0.746,0.2414,0.4751
5798,independent,74,15800,4,0.13968818,0.1668,0.1011,0.261,0.1411,0.1954,1.1534628,1.708,0.701,3.367,1.277,2.24,2.6259031,1.899,0.9475,2.985,1.556,2.259,2.805148,2.969,1.879,4.448,2.569,3.428,0.45742868,0.3418,0.1249,0.6775,0.2447,0.4487
579,independent,138,2366,4,0.57468884,0.4687,0.354,0.5978,0.4295,0.5149,1.518923,1.303,0.4633,2.781,0.9394,1.728,2.9975755,2.447,1.123,4.417,1.853,3.076,6.5545828,7.36,5.38,10.16,6.557,8.175,1.3881608,1.498,0.7914,2.232,1.24,1.739
1314,independent,32,16765,4,0.64019662,0.5172,0.4023,0.6315,0.4764,0.5552,2.8160258,2.537,1.632,3.619,2.202,2.898,1.4695357,1.395,0.7754,2.132,1.154,1.634,7.4005561,7.152,5.165,9.667,6.43,7.936,0.44803005,0.227,0.08245,0.4626,0.1634,0.2955
427,independent,101,17869,4,0.49158449,0.4175,0.293,0.5582,0.3731,0.4632,0.82085829,0.827,0.3108,1.592,0.6067,1.067,2.3070069,1.704,0.9944,2.581,1.451,1.958,5.7949276,6.128,4.453,8.136,5.494,6.795,0.20457002,0.4701,0.1715,0.7881,0.3595,0.577
5226,independent,135,14751,4,0.42250754,0.4285,0.3168,0.5784,0.385,0.4811,0.70565024,0.6267,0.2376,1.258,0.4739,0.8075,1.2246459,0.9962,0.4901,1.701,0.7822,1.227,4.3628472,4.173,3.075,5.474,3.761,4.625,0.81779066,0.604,0.2826,0.9415,0.4873,0.7198
3028,independent,110,19104,4,0.43711961,0.45,0.3461,0.5775,0.4107,0.4908,3.4887057,1.883,0.7022,3.404,1.409,2.359,3.399378,2.88,1.672,4.145,2.449,3.319,5.4884208,5.06,3.837,6.566,4.641,5.533,0.35333056,0.7816,0.306,1.388,0.6046,0.9955
268,independent,68,3439,4,0.014016078,0.02611,0.004287,0.1216,0.01395,0.04789,1.8233207,0.8644,0.2589,2.479,0.5921,1.248,0.97350862,1.221,0.4373,2.852,0.8695,1.686,4.0423518,4.071,1.756,10.15,2.998,5.368,0.31037335,0.2832,0.1003,0.5575,0.212,0.3731
4417,independent,113,338,4,0.28410984,0.2368,0.1639,0.3317,0.211,0.2689,0.45954125,0.6423,0.2375,1.344,0.4578,0.8527,1.1203852,1.406,0.7647,2.219,1.166,1.683,5.8940248,5.864,4.406,7.555,5.355,6.428,0.16139198,0.2026,0.07097,0.425,0.1512,0.2691
34,independent,132,12805,4,0.40703515,0.3788,0.261,0.5171,0.3315,0.4221,0.49338242,0.6212,0.2047,1.294,0.4502,0.8252,1.4429181,1.492,0.78,2.335,1.234,1.748,3.4620058,3.903,2.81,5.275,3.474,4.376,0.55489689,0.3309,0.1143,0.6582,0.2367,0.4393
3876,independent,29,11091,4,0.49196534,0.4047,0.2734,0.5582,0.3585,0.4525,0.91156511,1.194,0.4366,2.392,0.9,1.521,1.733426,1.194,0.5548,2.102,0.9362,1.482,4.1035386,4.406,3.271,5.876,3.98,4.847,1.1802727,1.141,0.6778,1.611,0.9758,1.292
93,independent,34,8114,4,0.58444187,0.7518,0.6315,0.8627,0.71,0.7939,2.1043812,1.723,0.9999,2.683,1.45,2.04,1.9655756,1.922,1.148,2.781,1.628,2.217,5.8378024,7.95,5.36,13.44,6.907,9.287,0.50195619,0.4848,0.1655,0.9104,0.3546,0.6352
361,independent,67,18444,4,0.054532906,0.0604,0.02679,0.119,0.04699,0.07774,0.51628458,0.8326,0.2556,2.169,0.5643,1.206,1.4838314,1.661,0.7244,3.113,1.264,2.071,6.1227101,5.172,2.901,8.473,4.214,6.183,0.48399202,0.34,0.1358,0.594,0.2575,0.4272
3983,independent,11,17539,4,0.73824556,0.6615,0.5092,0.8016,0.6112,0.7128,0.44653443,0.5583,0.2303,1.07,0.4244,0.7181,2.1040271,1.594,0.8803,2.395,1.327,1.855,5.5126416,7.335,4.979,11.43,6.397,8.544,0.13644899,0.3099,0.1021,0.646,0.22,0.4127
3046,independent,26,19381,4,0.45305825,0.4886,0.3702,0.6378,0.4444,0.534,1.767504,1.666,0.8722,2.771,1.355,2.006,1.9692805,2.069,1.123,3.284,1.703,2.482,9.8601422,7.996,5.942,11.02,7.157,8.928,0.90707007,0.717,0.2784,1.207,0.5581,0.8739
2792,independent,132,8467,4,0.33858174,0.2919,0.1972,0.4136,0.257,0.3275,0.54970068,0.7969,0.317,1.566,0.6105,1.032,1.2215503,1.574,0.7918,2.457,1.301,1.869,3.8312675,4.437,3.127,5.852,3.968,4.918,0.42458084,0.3589,0.1264,0.6928,0.2691,0.4654
307,independent,8,14477,4,0.42425416,0.4128,0.3171,0.5322,0.3756,0.4522,0.46257096,1.215,0.509,2.215,0.9349,1.51,3.1681454,2.855,1.521,4.275,2.378,3.32,8.0266942,8.413,6.167,10.99,7.568,9.341,0.52451296,0.5062,0.1415,1.155,0.3419,0.7124
23,independent,54,3015,4,0.21875247,0.2686,0.1749,0.3938,0.2322,0.3058,0.8380915,1.213,0.5103,2.286,0.9187,1.557,1.6063031,0.9747,0.4328,1.796,0.7727,1.205,5.884742,4.751,3.174,6.565,4.198,5.4,0.51225839,0.4041,0.1835,0.6747,0.3209,0.4944
581,independent,74,14430,4,0.20495027,0.1297,0.0645,0.2277,0.1036,0.158,0.85597127,0.8174,0.255,1.959,0.5458,1.133,2.1084586,2.452,1.201,3.913,2.014,2.945,2.3530144,2.681,1.585,4.184,2.255,3.131,0.69896284,0.6265,0.303,0.996,0.509,0.746
5350,independent,135,815,4,0.34003775,0.3437,0.2459,0.4548,0.3087,0.3796,0.93265078,1.715,0.7968,2.875,1.395,2.095,1.3923366,1.036,0.4978,1.808,0.8102,1.277,7.4285238,8.038,5.916,10.48,7.293,8.881,0.886446,0.9573,0.5922,1.337,0.8265,1.099
471,independent,115,12376,4,0.72268106,0.63,0.4988,0.752,0.5829,0.6736,1.973936,1.71,1.002,2.535,1.45,1.994,1.5317578,1.71,0.94,2.715,1.424,2.029,8.1933406,6.242,4.639,8.46,5.612,6.931,1.522362,0.7168,0.3061,1.211,0.5529,0.8871
3360,independent,44,8299,4,0.02851546,0.01374,0.003778,0.05792,0.008642,0.02109,2.373136,1.098,0.3101,2.983,0.7404,1.585,0.78866442,2.204,0.8162,5.316,1.578,3.046,1.3712728,3.233,1.388,7.162,2.434,4.247,0.31063433,0.436,0.2063,0.7029,0.3488,0.526
80,independent,118,13194,4,0.64543645,0.6157,0.4965,0.7509,0.5716,0.6622,0.7616648,1.008,0.3717,1.976,0.7212,1.325,3.6639493,3.401,2.057,4.97,2.924,3.914,3.1468035,3.722,2.694,4.963,3.338,4.142,0.56995544,0.8105,0.3567,1.414,0.6337,1.01
4754,independent,127,446,4,0.3925774,0.4718,0.3591,0.592,0.4294,0.5085,1.1934144,1.309,0.6331,2.142,1.049,1.596,2.5094533,2.152,1.358,3.049,1.871,2.424,9.1987524,10.46,7.43,15.03,9.215,11.77,0.24020717,0.2903,0.09797,0.6047,0.2048,0.3815
7988,independent,108,12896,4,0.40632063,0.4002,0.2853,0.5392,0.3565,0.4425,0.32422215,0.6074,0.2056,1.345,0.4387,0.8012,2.6020258,1.704,0.7341,3.304,1.303,2.172,7.0452521,7.212,5.411,9.608,6.533,7.926,1.5183221,1.722,1.051,2.41,1.51,1.957
6439,independent,103,14021,4,0.8465844,0.8287,0.7037,0.927,0.7876,0.8658,2.8609176,2.311,1.478,3.444,2.012,2.651,1.5774458,1.449,0.818,2.31,1.207,1.715,5.2073763,3.81,2.661,5.369,3.379,4.256,0.25082048,0.3685,0.1473,0.6935,0.2829,0.4711
1998,independent,113,9135,4,0.43713838,0.3668,0.2326,0.5226,0.3184,0.4157,0.78654464,1.233,0.5624,2.155,0.9731,1.495,0.98753086,1.227,0.6417,1.883,1.002,1.461,3.4727403,4.252,2.968,5.847,3.773,4.815,0.31652971,0.1093,0.03787,0.2523,0.07676,0.1514
359,independent,111,4699,4,0.030163538,0.04408,0.008793,0.2575,0.02412,0.08921,1.8479019,1.123,0.352,2.844,0.7757,1.543,2.534655,1.111,0.4655,2.371,0.8314,1.436,3.3478705,2.728,1.386,5.028,2.215,3.324,0.091326113,0.3234,0.111,0.5807,0.2368,0.4082
4937,independent,59,15989,4,0.5931223,0.6122,0.4592,0.7902,0.5594,0.671,1.4337587,1.197,0.5818,2.089,0.9545,1.469,0.9874946,1.344,0.6846,2.246,1.095,1.618,3.4250347,3.698,2.614,4.931,3.283,4.136,1.1139665,0.8793,0.505,1.281,0.7458,1.012
3473,independent,61,2011,4,0.28337592,0.2724,0.1887,0.3928,0.2401,0.3105,0.35921116,0.5815,0.2099,1.209,0.4213,0.7657,1.3958458,1.57,0.8343,2.498,1.298,1.863,4.6351813,4.527,3.161,6.199,4.022,5.114,0.2872382,0.337,0.1407,0.6199,0.257,0.4254
5491,independent,112,11913,4,0.39133544,0.4074,0.3027,0.5281,0.37,0.4456,2.9296537,2.451,1.378,3.667,2.103,2.873,1.6410702,1.217,0.5176,2.213,0.9491,1.527,4.4716309,4.82,3.435,6.505,4.33,5.355,1.1357126,0.9139,0.5246,1.357,0.7834,1.058
374,independent,120,17833,4,0.3774737,0.4545,0.3083,0.6011,0.4056,0.5094,0.44632912,0.5132,0.1986,1.08,0.3811,0.6727,2.5076925,2.245,1.422,3.178,1.959,2.54,3.5552256,3.725,2.65,5.151,3.294,4.183,0.28893991,0.2408,0.07186,0.5533,0.1659,0.3292
3450,independent,31,15301,4,0.2042687,0.1719,0.1064,0.2641,0.1442,0.2002,0.55795669,0.9012,0.3327,2.052,0.681,1.182,2.5806608,2.314,1.322,3.566,1.948,2.72,4.3258312,4.201,2.934,5.692,3.754,4.682,0.34975814,0.2546,0.0796,0.5274,0.1787,0.3412
5029,independent,107,7841,4,0.20654012,0.2064,0.1416,0.2949,0.1826,0.2354,2.0872065,1.524,0.5645,2.871,1.135,1.932,1.813313,2.351,1.208,3.87,1.894,2.838,7.1133161,7.861,5.633,10.44,6.976,8.71,1.0373543,0.8403,0.4302,1.258,0.6916,0.9813
4866,independent,62,6567,4,0.2213458,0.1876,0.1095,0.3174,0.1544,0.2307,0.26656468,0.8451,0.2968,1.895,0.6023,1.161,1.7376331,1.892,0.9974,3.018,1.55,2.262,3.1104007,4.444,2.922,6.359,3.845,5.059,0.54462071,0.5029,0.2394,0.8121,0.3947,0.6072
6323,independent,93,4290,4,0.91703714,0.9266,0.8453,0.9755,0.9017,0.9458,0.24060882,0.5331,0.1806,1.167,0.391,0.7065,2.7439512,3.647,2.488,5.362,3.194,4.17,4.701646,5.766,3.684,10.48,4.855,6.945,0.37792424,0.4011,0.151,0.7848,0.2872,0.523
2708,independent,115,13215,4,0.66541773,0.6149,0.4727,0.748,0.5662,0.6613,2.1278305,1.795,1.021,2.748,1.496,2.099,1.6889959,1.869,1.041,2.889,1.546,2.204,9.0878487,8.631,6.063,13.07,7.642,9.851,1.2505097,0.7222,0.3031,1.196,0.5719,0.88
276,independent,20,7884,4,0.47354419,0.4373,0.3352,0.558,0.3999,0.4783,3.2086516,1.613,0.7532,2.846,1.284,2.019,3.7899495,3.166,2.109,4.329,2.795,3.564,11.124136,12.9,9.22,19.35,11.39,14.74,0.20407177,0.286,0.09682,0.6281,0.2018,0.3925
521,independent,53,12662,4,0.95797549,0.8281,0.7039,0.928,0.7862,0.8637,0.76809718,0.7183,0.248,1.627,0.5212,0.9666,3.4251595,3.567,2.507,4.961,3.171,3.99,3.0707857,3.375,2.447,4.6,3.025,3.785,0.30459406,0.2077,0.06611,0.4829,0.1483,0.2972
1984,independent,24,13899,4,0.37720236,0.32,0.2146,0.4451,0.2833,0.3662,1.1726066,3.399,1.869,5.337,2.828,4.05,0.40982921,0.9115,0.3836,1.728,0.7078,1.175,2.3964521,2.599,1.699,3.724,2.255,2.938,1.0427902,0.7747,0.3986,1.216,0.6298,0.9112
6282,independent,134,2176,4,0.47428613,0.457,0.3452,0.5903,0.4171,0.5018,2.0182839,1.765,0.7809,3.06,1.392,2.169,1.6627679,2.784,1.469,4.39,2.337,3.325,5.943981,5.925,4.477,7.854,5.362,6.483,0.86793372,0.9648,0.3537,1.638,0.7358,1.198
6133,independent,77,5985,4,0.67756875,0.6372,0.4941,0.7943,0.5858,0.6897,0.27165638,0.84,0.3189,1.651,0.6385,1.087,3.0876808,2.314,1.314,3.483,1.951,2.688,3.8727236,5.479,3.909,7.755,4.872,6.196,0.66053783,0.797,0.3805,1.292,0.6471,0.9661
510,independent,76,12277,4,0.29935267,0.3178,0.2444,0.4061,0.2925,0.3461,0.096418907,0.6935,0.2204,1.549,0.4915,0.9391,2.7554855,3.326,1.995,4.871,2.86,3.806,7.7140301,7.219,5.32,9.436,6.529,7.949,0.85973468,0.6848,0.266,1.181,0.5234,0.861
3240,independent,59,19252,4,0.61614201,0.564,0.3695,0.7649,0.4951,0.6403,0.49262718,0.6879,0.2631,1.432,0.5098,0.9025,0.98992412,1.313,0.6462,2.2,1.051,1.605,2.7192259,2.532,1.684,3.63,2.206,2.887,0.99456588,1.087,0.643,1.586,0.931,1.254
298,independent,79,17604,4,0.65667829,0.6587,0.5254,0.7888,0.6105,0.7061,1.9298669,1.53,0.9233,2.373,1.308,1.795,1.7656669,1.687,1.003,2.46,1.436,1.936,7.8502724,7.567,5.127,11.54,6.559,8.689,0.15030286,0.2377,0.07604,0.5268,0.1671,0.3284
3273,independent,104,9083,4,0.40447207,0.376,0.2736,0.4886,0.339,0.4143,1.3477823,0.9944,0.4477,1.747,0.8016,1.26,2.2871576,1.609,0.977,2.381,1.375,1.869,8.7829239,9.596,7.019,13.2,8.657,10.71,0.17747331,0.2634,0.08369,0.5538,0.1838,0.3529
6676,independent,91,62,4,0.21709934,0.219,0.1112,0.3548,0.1796,0.2567,0.45514209,0.5017,0.1704,1.079,0.3623,0.6612,0.81117253,1.018,0.4648,1.826,0.8029,1.255,4.0114867,3.816,2.458,5.439,3.336,4.348,0.38928514,0.3564,0.1444,0.6348,0.2783,0.445
6226,independent,136,16163,4,0.058239063,0.05809,0.02815,0.119,0.04437,0.07499,1.2598398,0.9629,0.3008,2.697,0.6551,1.414,3.4308891,4.103,2.769,5.483,3.613,4.586,4.9035704,5.271,3.57,7.345,4.631,5.962,0.69963673,0.3698,0.1257,0.7527,0.2634,0.4853
5819,independent,86,2208,4,0.54809077,0.4342,0.2902,0.6144,0.3848,0.4946,0.38513487,0.5147,0.1704,1.157,0.3633,0.692,1.7549287,2.093,1.042,3.406,1.693,2.484,3.2850026,3.462,2.458,4.637,3.106,3.846,0.86403318,0.7245,0.3612,1.194,0.5853,0.8826
5479,independent,114,16468,4,0.37202616,0.3594,0.286,0.4474,0.3306,0.3872,0.58169276,1.305,0.4258,2.807,0.9404,1.757,4.6369017,5.072,3.377,7.143,4.503,5.674,12.21304,11.5,8.345,15.95,10.25,12.73,0.89598439,0.3349,0.09541,0.8807,0.2194,0.5021
2791,independent,107,17005,4,0.20995009,0.2228,0.1385,0.3254,0.1905,0.2547,1.9610713,2.516,1.25,4.311,2.003,3.053,1.6932299,2.204,1.116,3.5,1.793,2.618,5.1959553,4.485,3.086,6.255,3.966,5.084,0.8813623,0.8089,0.3948,1.259,0.6588,0.9656
439,independent,77,2599,4,0.55714929,0.7525,0.5752,0.8998,0.6891,0.806,1.3450381,1.355,0.5502,2.424,1.03,1.714,2.8711833,2.724,1.661,4.076,2.318,3.173,2.6144585,2.588,1.866,3.608,2.314,2.94,0.74905006,0.6211,0.2519,1.077,0.4834,0.769
505,independent,35,18973,4,0.21588916,0.1614,0.06163,0.3594,0.119,0.2125,0.57966137,0.6489,0.2121,1.472,0.4532,0.8742,0.99837717,1.283,0.5096,2.505,0.9843,1.625,2.5406023,2.61,1.395,4.342,2.145,3.077,0.1862117,0.2058,0.06213,0.4501,0.1434,0.2811
494,independent,64,12622,4,0.085472182,0.1018,0.07131,0.141,0.08952,0.1145,0.55825426,0.8732,0.2503,2.381,0.5954,1.316,3.5799346,4.179,2.241,6.477,3.494,4.897,9.574217,11.77,9.029,14.97,10.8,12.8,0.91706341,1.112,0.6232,1.636,0.9397,1.278
1571,independent,102,8869,4,0.52889569,0.4087,0.2493,0.6245,0.3443,0.4813,0.46557348,0.598,0.2223,1.256,0.4266,0.7996,1.236265,0.886,0.3613,1.736,0.6721,1.126,4.8762604,3.632,2.603,4.97,3.232,4.061,1.3991714,1.317,0.8997,1.759,1.17,1.463
567,independent,89,13706,4,0.53087314,0.621,0.5015,0.7519,0.5788,0.6652,3.6394245,2.86,1.766,4.153,2.464,3.272,2.6534744,2.157,1.205,3.234,1.838,2.516,6.5715456,7.342,5.084,11.09,6.453,8.439,0.47977508,0.4401,0.1527,0.8618,0.3268,0.579
415,independent,6,904,4,0.48651625,0.4655,0.3617,0.5783,0.4266,0.505,0.64712294,0.8821,0.3176,1.812,0.635,1.175,1.8454661,2.882,1.846,4.056,2.501,3.257,6.142591,5.166,3.619,7.028,4.602,5.723,0.4816461,0.2738,0.0944,0.6213,0.1952,0.3813
186,independent,85,7748,4,0.59382854,0.5075,0.3866,0.6373,0.4679,0.5531,0.99616439,1.258,0.5595,2.08,0.9994,1.523,1.6694691,1.724,1.09,2.413,1.498,1.946,5.3872596,4.915,3.625,6.539,4.446,5.445,0.10426298,0.2232,0.07463,0.4899,0.1585,0.3072
1230,independent,120,16297,4,0.45139822,0.3563,0.2309,0.5196,0.3112,0.411,0.27004382,0.4724,0.1708,1.021,0.344,0.608,1.9302239,1.415,0.6148,2.582,1.099,1.765,3.8371001,3.591,2.487,4.908,3.181,4.028,0.67176769,0.8395,0.482,1.242,0.7101,0.971
2030,independent,134,9943,4,0.46313952,0.4257,0.2956,0.5752,0.3815,0.4723,1.1149187,1.282,0.4792,2.353,0.9685,1.625,3.7539927,2.741,1.675,4.022,2.348,3.185,5.8637408,5.532,4.129,7.124,4.993,6.123,0.085957493,0.5507,0.164,1.136,0.3802,0.7299
4892,independent,124,12723,4,0.59931685,0.581,0.402,0.7658,0.5108,0.646,1.8613618,1.859,1.005,3.076,1.544,2.193,1.1317699,0.8501,0.3922,1.561,0.6655,1.075,5.4354333,7.618,5.216,12.29,6.679,8.765,0.98765436,0.9013,0.4853,1.328,0.7526,1.045
7667,independent,24,9841,4,0.16287946,0.1443,0.07625,0.2623,0.1156,0.1759,0.39883438,0.5778,0.1988,1.38,0.4159,0.8052,0.4053598,0.7599,0.3563,1.348,0.5901,0.9545,3.8196724,3.774,2.379,5.55,3.269,4.354,0.96209647,0.975,0.6468,1.291,0.8626,1.078
3156,independent,55,11222,4,0.71357116,0.7382,0.6012,0.8584,0.6944,0.7825,1.0865462,1.33,0.6526,2.068,1.065,1.578,2.6060412,1.939,1.192,2.808,1.684,2.237,6.8053108,7.779,5.197,13.03,6.757,9.08,0.22748195,0.3535,0.1074,0.7495,0.2487,0.475
