	Mean	MCSE	StdDev	MAD	2.5%	50%	97.5%	ESS_bulk	ESS_tail	ESS_bulk/s	R_hat
lp__	-37300.0	0.5093	44.0	43.74	-37380.0	-37300.0	-37210.0	7481.0	15580.0	0.4014	1.0
theta_mu[1,1]	0.6076	0.0005251	0.02738	0.02732	0.5549	0.6073	0.6619	2728.0	6153.0	0.1464	1.002
theta_mu[1,2]	0.6961	0.0005177	0.02811	0.02818	0.6419	0.6958	0.7519	2958.0	6416.0	0.1587	1.002
theta_mu[2,1]	-0.449	0.0002722	0.03896	0.03888	-0.5255	-0.4494	-0.3725	20520.0	27820.0	1.101	1.0
theta_mu[2,2]	-0.417	0.0002677	0.03925	0.03921	-0.4934	-0.4172	-0.34	21500.0	27340.0	1.154	1.0
theta_mu[3,1]	-1.397	0.0003809	0.04373	0.04342	-1.484	-1.396	-1.313	13200.0	20920.0	0.7081	1.0
theta_mu[3,2]	-1.302	0.000368	0.04147	0.04132	-1.385	-1.301	-1.223	12710.0	20510.0	0.6821	1.0
theta_mu[4,1]	-1.315	0.0005585	0.05269	0.05243	-1.421	-1.315	-1.214	8889.0	16080.0	0.477	1.0
theta_mu[4,2]	-1.221	0.0005245	0.04944	0.04951	-1.319	-1.22	-1.126	8890.0	17100.0	0.4771	1.001
theta_mu[5,1]	-0.4777	0.0002915	0.03857	0.03812	-0.5529	-0.4778	-0.401	17510.0	24320.0	0.9394	1.0
theta_mu[5,2]	-0.3573	0.0002812	0.03843	0.03826	-0.4326	-0.3576	-0.2821	18660.0	27100.0	1.002	1.0
theta_mu[6,1]	0.2072	0.0006237	0.04164	0.04158	0.1279	0.2068	0.2906	4468.0	10140.0	0.2398	1.001
theta_mu[6,2]	0.1608	0.00063	0.041	0.04107	0.08148	0.1606	0.2422	4234.0	9252.0	0.2272	1.001
theta_c_pr[1,1]	0.9985	0.002533	0.3706	0.3638	0.3349	0.9758	1.78	21490.0	26530.0	1.153	1.0
theta_c_pr[1,2]	0.3299	0.002001	0.2561	0.2538	-0.144	0.319	0.8608	16270.0	24510.0	0.8731	1.0
theta_c_pr[1,3]	1.39	0.002768	0.4245	0.4168	0.6364	1.364	2.299	23690.0	27670.0	1.271	1.0
theta_c_pr[1,4]	-0.6106	0.002253	0.2206	0.2165	-1.016	-0.6187	-0.1458	9537.0	19440.0	0.5117	1.001
theta_c_pr[1,5]	-0.3561	0.002417	0.2578	0.2502	-0.8178	-0.3723	0.1917	11180.0	20430.0	0.6002	1.0
theta_c_pr[1,6]	1.389	0.002992	0.4389	0.431	0.6091	1.361	2.319	21870.0	25890.0	1.174	1.0
theta_c_pr[1,7]	-0.4366	0.002176	0.1904	0.1886	-0.7951	-0.4409	-0.04539	7625.0	14770.0	0.4092	1.001
theta_c_pr[1,8]	0.8026	0.002366	0.3185	0.3132	0.2248	0.7855	1.472	18060.0	24400.0	0.9688	1.0
theta_c_pr[1,9]	1.657	0.002981	0.4576	0.4516	0.8433	1.629	2.631	23870.0	26810.0	1.281	1.0
theta_c_pr[1,10]	1.965	0.003258	0.4943	0.493	1.074	1.937	3.003	23300.0	27140.0	1.251	1.0
theta_c_pr[1,11]	0.2604	0.002214	0.2745	0.2712	-0.2428	0.2465	0.8346	15400.0	26120.0	0.8264	1.0
theta_c_pr[1,12]	-0.07633	0.002142	0.2494	0.2442	-0.534	-0.08775	0.4496	13530.0	23630.0	0.7259	1.0
theta_c_pr[1,13]	0.7898	0.002481	0.3325	0.3283	0.194	0.7693	1.494	17590.0	25970.0	0.944	1.0
theta_c_pr[1,14]	-0.6009	0.002269	0.232	0.2276	-1.032	-0.6093	-0.1199	10400.0	20150.0	0.5578	1.001
theta_c_pr[1,15]	-0.1799	0.002202	0.2512	0.2468	-0.63	-0.1935	0.3533	12960.0	21860.0	0.6953	1.0
theta_c_pr[1,16]	0.2448	0.002073	0.223	0.2213	-0.1633	0.2346	0.7095	11480.0	23330.0	0.6163	1.001
theta_c_pr[1,17]	0.9058	0.002268	0.3361	0.3298	0.2994	0.8882	1.615	22000.0	26290.0	1.181	1.0
theta_c_pr[1,18]	-0.07062	0.002088	0.2442	0.2428	-0.5274	-0.0794	0.432	13530.0	21800.0	0.7258	1.0
theta_c_pr[1,19]	-0.2612	0.00218	0.2416	0.2373	-0.7048	-0.2712	0.2409	12010.0	20130.0	0.6443	1.001
theta_c_pr[1,20]	0.006082	0.0021	0.2368	0.2334	-0.432	-0.004202	0.4965	12680.0	21350.0	0.6802	1.0
theta_c_pr[1,21]	-0.2062	0.002074	0.2348	0.233	-0.637	-0.216	0.2821	12650.0	20930.0	0.6788	1.0
theta_c_pr[1,22]	0.1902	0.002251	0.2845	0.2773	-0.3225	0.1735	0.7952	15940.0	24250.0	0.8555	1.0
theta_c_pr[1,23]	-1.491	0.00267	0.1814	0.1809	-1.851	-1.489	-1.14	4633.0	12120.0	0.2486	1.001
theta_c_pr[1,24]	0.3196	0.002059	0.2613	0.2574	-0.1603	0.3075	0.8651	15940.0	24280.0	0.8552	1.0
theta_c_pr[1,25]	0.4136	0.002347	0.3072	0.3012	-0.1358	0.3946	1.067	17170.0	23560.0	0.9216	1.0
theta_c_pr[1,26]	0.7659	0.002321	0.3145	0.31	0.1941	0.7484	1.432	18500.0	24460.0	0.9926	1.0
theta_c_pr[1,27]	2.687	0.003144	0.5604	0.5581	1.671	2.658	3.863	32340.0	28330.0	1.735	1.0
theta_c_pr[1,28]	0.8345	0.002227	0.2799	0.2773	0.3238	0.8205	1.418	15800.0	25650.0	0.8477	1.0
theta_c_pr[1,29]	0.5654	0.002324	0.3135	0.3079	0.002296	0.5459	1.229	18350.0	25300.0	0.9846	1.0
theta_c_pr[1,30]	0.6856	0.002314	0.3149	0.3103	0.1132	0.6727	1.347	18570.0	26620.0	0.9964	1.0
theta_c_pr[1,31]	-1.051	0.002465	0.1804	0.1758	-1.397	-1.054	-0.6843	5359.0	11680.0	0.2876	1.001
theta_c_pr[1,32]	-0.6623	0.002243	0.1981	0.1946	-1.036	-0.6676	-0.2563	7736.0	16100.0	0.4151	1.001
theta_c_pr[1,33]	2.135	0.00315	0.4979	0.4918	1.238	2.107	3.185	25510.0	27010.0	1.369	1.0
theta_c_pr[1,34]	-0.9104	0.002338	0.1864	0.1841	-1.269	-0.9118	-0.5373	6352.0	12740.0	0.3408	1.001
theta_c_pr[1,35]	-0.1148	0.00226	0.2528	0.2497	-0.589	-0.1234	0.4062	12530.0	22650.0	0.6723	1.0
theta_c_pr[1,36]	0.0228	0.002138	0.2511	0.2485	-0.4383	0.01274	0.5494	13700.0	22370.0	0.735	1.0
theta_c_pr[1,37]	1.47	0.002756	0.4219	0.422	0.7092	1.448	2.352	23680.0	27620.0	1.271	1.0
theta_c_pr[1,38]	0.5342	0.002182	0.3093	0.3047	-0.02592	0.5179	1.19	20040.0	24970.0	1.076	1.0
theta_c_pr[1,39]	0.7729	0.002654	0.3761	0.3694	0.1101	0.7475	1.582	20240.0	26580.0	1.086	1.0
theta_c_pr[1,40]	1.918	0.002734	0.4541	0.4509	1.097	1.897	2.871	28050.0	27170.0	1.505	1.0
theta_c_pr[1,41]	-1.415	0.002678	0.1758	0.174	-1.76	-1.414	-1.071	4326.0	11100.0	0.2321	1.001
theta_c_pr[1,42]	1.947	0.003085	0.4787	0.4699	1.09	1.918	2.978	24350.0	28280.0	1.307	1.0
theta_c_pr[1,43]	-0.03653	0.002212	0.2568	0.251	-0.5031	-0.05005	0.505	13340.0	23120.0	0.7157	1.0
theta_c_pr[1,44]	-1.344	0.002535	0.157	0.1568	-1.658	-1.343	-1.043	3853.0	9239.0	0.2068	1.001
theta_c_pr[1,45]	-0.2888	0.002102	0.2389	0.235	-0.7305	-0.2991	0.205	12830.0	21330.0	0.6887	1.0
theta_c_pr[1,46]	0.3474	0.002364	0.2996	0.2948	-0.1863	0.3271	0.9843	16020.0	26110.0	0.8596	1.0
theta_c_pr[1,47]	1.149	0.002571	0.3631	0.3611	0.4881	1.131	1.912	20140.0	24880.0	1.081	1.0
theta_c_pr[1,48]	-1.434	0.002572	0.1774	0.1766	-1.788	-1.433	-1.091	4782.0	12160.0	0.2566	1.001
theta_c_pr[1,49]	-1.059	0.002375	0.1737	0.1719	-1.393	-1.06	-0.7117	5359.0	12530.0	0.2876	1.001
theta_c_pr[1,50]	-1.388	0.002616	0.1796	0.1794	-1.741	-1.388	-1.037	4718.0	11140.0	0.2532	1.001
theta_c_pr[1,51]	-1.765	0.00284	0.1753	0.1733	-2.119	-1.763	-1.428	3818.0	10290.0	0.2049	1.001
theta_c_pr[1,52]	1.153	0.002294	0.3142	0.3138	0.5782	1.14	1.801	18850.0	26200.0	1.011	1.0
theta_c_pr[1,53]	0.7266	0.002228	0.3289	0.3239	0.1338	0.7106	1.417	22040.0	25760.0	1.183	1.0
theta_c_pr[1,54]	-1.201	0.002473	0.173	0.1712	-1.539	-1.2	-0.8614	4914.0	12530.0	0.2637	1.001
theta_c_pr[1,55]	-1.072	0.002396	0.1682	0.1673	-1.399	-1.074	-0.7375	4947.0	11770.0	0.2655	1.001
theta_c_pr[1,56]	0.5737	0.002112	0.2854	0.2807	0.05888	0.5564	1.182	18370.0	24470.0	0.9858	1.0
theta_c_pr[1,57]	-0.8138	0.002219	0.1747	0.1734	-1.152	-0.8146	-0.4667	6191.0	15450.0	0.3322	1.001
theta_c_pr[1,58]	0.2982	0.002118	0.2611	0.2575	-0.1776	0.287	0.8418	15020.0	22570.0	0.8062	1.0
theta_c_pr[1,59]	-0.7508	0.002262	0.2008	0.197	-1.128	-0.7568	-0.3397	7813.0	16810.0	0.4192	1.001
theta_c_pr[1,60]	0.2019	0.002321	0.2854	0.2785	-0.3116	0.1859	0.8122	14970.0	23890.0	0.8031	1.0
theta_c_pr[1,61]	0.749	0.002566	0.3527	0.3469	0.1245	0.7259	1.506	18960.0	26730.0	1.017	1.0
theta_c_pr[1,62]	0.6312	0.002515	0.331	0.3271	0.03645	0.6128	1.331	17580.0	21380.0	0.9435	1.0
theta_c_pr[1,63]	-0.1095	0.002196	0.2532	0.2476	-0.5678	-0.1223	0.4214	13160.0	22380.0	0.7061	1.0
theta_c_pr[1,64]	-0.6363	0.002133	0.1935	0.1935	-1.002	-0.6402	-0.2432	8174.0	16070.0	0.4386	1.001
theta_c_pr[1,65]	-1.771	0.002819	0.1815	0.1813	-2.137	-1.769	-1.425	4152.0	11120.0	0.2228	1.001
theta_c_pr[1,66]	-0.003436	0.002147	0.2676	0.2672	-0.4976	-0.01355	0.5483	15440.0	25600.0	0.8288	1.0
theta_c_pr[1,67]	-0.7488	0.002272	0.1857	0.1836	-1.107	-0.7517	-0.3784	6648.0	15930.0	0.3568	1.001
theta_c_pr[1,68]	0.2569	0.002298	0.2911	0.2886	-0.271	0.2426	0.8677	16070.0	25980.0	0.8621	1.0
theta_c_pr[1,69]	-0.04062	0.002297	0.2584	0.2518	-0.5097	-0.05384	0.5086	12600.0	22110.0	0.6763	1.001
theta_c_pr[1,70]	1.032	0.002417	0.3596	0.3527	0.3842	1.013	1.791	22190.0	27940.0	1.191	1.0
theta_c_pr[1,71]	0.5412	0.002264	0.2968	0.2928	0.001033	0.5289	1.166	17170.0	24720.0	0.9215	1.0
theta_c_pr[1,72]	-0.05242	0.002161	0.2539	0.2502	-0.5173	-0.06477	0.479	13720.0	22820.0	0.736	1.0
theta_c_pr[1,73]	-0.1036	0.001856	0.1894	0.188	-0.4619	-0.1095	0.2853	10370.0	17690.0	0.5564	1.001
theta_c_pr[1,74]	-1.262	0.002517	0.1683	0.1682	-1.594	-1.261	-0.9329	4495.0	11670.0	0.2412	1.001
theta_c_pr[1,75]	-1.43	0.002604	0.1731	0.172	-1.773	-1.429	-1.087	4428.0	11060.0	0.2376	1.001
theta_c_pr[1,76]	-1.141	0.002386	0.1772	0.177	-1.489	-1.141	-0.7934	5530.0	13390.0	0.2968	1.001
theta_c_pr[1,77]	-0.5871	0.002134	0.2096	0.2083	-0.9813	-0.5928	-0.159	9597.0	17610.0	0.515	1.001
theta_c_pr[1,78]	-1.413	0.002641	0.1643	0.163	-1.741	-1.412	-1.094	3891.0	9983.0	0.2088	1.001
theta_c_pr[1,79]	-0.5515	0.002249	0.2122	0.2066	-0.947	-0.5591	-0.1111	8887.0	19090.0	0.4769	1.0
theta_c_pr[1,80]	0.5517	0.002542	0.3446	0.3379	-0.05985	0.5299	1.289	18550.0	24840.0	0.9951	1.0
theta_c_pr[1,81]	-0.05881	0.002106	0.2488	0.246	-0.5184	-0.06856	0.4567	13920.0	23100.0	0.7467	1.0
theta_c_pr[1,82]	-0.2523	0.002172	0.239	0.2321	-0.6904	-0.2645	0.2503	11830.0	20760.0	0.6346	1.0
theta_c_pr[1,83]	0.6602	0.002288	0.3066	0.3019	0.1108	0.645	1.306	18180.0	24810.0	0.9754	1.0
theta_c_pr[1,84]	0.676	0.002299	0.3208	0.3143	0.09974	0.6576	1.356	19590.0	25380.0	1.051	1.0
theta_c_pr[1,85]	1.797	0.003128	0.473	0.4673	0.9478	1.769	2.806	23010.0	28080.0	1.235	1.0
theta_c_pr[1,86]	-0.2224	0.002279	0.2496	0.2467	-0.6842	-0.2346	0.2989	11930.0	22860.0	0.6401	1.0
theta_c_pr[1,87]	1.141	0.002635	0.3912	0.3841	0.4461	1.118	1.97	22290.0	26760.0	1.196	1.0
theta_c_pr[1,88]	0.4497	0.002302	0.3006	0.2971	-0.09054	0.4338	1.081	16940.0	25130.0	0.909	1.0
theta_c_pr[1,89]	0.2957	0.002397	0.3022	0.2967	-0.2518	0.2786	0.9303	15770.0	26440.0	0.8465	1.0
theta_c_pr[1,90]	-0.1791	0.002235	0.242	0.2365	-0.6219	-0.1889	0.3289	11610.0	21760.0	0.6232	1.001
theta_c_pr[1,91]	-1.304	0.002584	0.1839	0.1813	-1.667	-1.303	-0.9439	5073.0	11910.0	0.2722	1.001
theta_c_pr[1,92]	-0.5112	0.002145	0.1981	0.1943	-0.8836	-0.5171	-0.106	8456.0	17790.0	0.4538	1.0
theta_c_pr[1,93]	-0.5877	0.002257	0.2194	0.2139	-0.9904	-0.597	-0.1265	9295.0	16880.0	0.4988	1.001
theta_c_pr[1,94]	0.8225	0.002491	0.3505	0.3461	0.1899	0.8019	1.56	19860.0	26010.0	1.066	1.0
theta_c_pr[1,95]	1.358	0.002963	0.4242	0.4168	0.603	1.332	2.269	20550.0	25050.0	1.103	1.0
theta_c_pr[1,96]	-1.341	0.002569	0.1788	0.1775	-1.694	-1.34	-0.9894	4864.0	11640.0	0.261	1.001
theta_c_pr[1,97]	0.1827	0.002027	0.2652	0.2624	-0.3012	0.1708	0.7408	16840.0	24660.0	0.9036	1.0
theta_c_pr[1,98]	-0.8003	0.002321	0.1821	0.1811	-1.148	-0.8042	-0.4309	6154.0	13930.0	0.3302	1.001
theta_c_pr[1,99]	-1.044	0.002429	0.1901	0.188	-1.404	-1.047	-0.6587	6112.0	14250.0	0.328	1.001
theta_c_pr[1,100]	-0.4927	0.002207	0.2236	0.2202	-0.9034	-0.5014	-0.0249	10210.0	19660.0	0.5477	1.0
theta_c_pr[1,101]	-0.3964	0.002334	0.2511	0.2454	-0.8505	-0.4093	0.1354	11510.0	22000.0	0.6175	1.0
theta_c_pr[1,102]	0.7701	0.002452	0.3268	0.3208	0.1786	0.7548	1.456	17800.0	27240.0	0.9549	1.0
theta_c_pr[1,103]	-0.4239	0.002246	0.2337	0.228	-0.853	-0.4354	0.06399	10670.0	20050.0	0.5724	1.001
theta_c_pr[1,104]	0.1635	0.002503	0.3152	0.3084	-0.4018	0.1453	0.8313	15880.0	25240.0	0.8523	1.0
theta_c_pr[1,105]	-0.5257	0.002086	0.1879	0.1867	-0.8825	-0.5297	-0.1468	8106.0	16310.0	0.435	1.001
theta_c_pr[1,106]	-2.055	0.003099	0.1948	0.1937	-2.449	-2.052	-1.683	3963.0	10160.0	0.2126	1.001
theta_c_pr[1,107]	-0.7467	0.00238	0.1837	0.1813	-1.091	-0.7513	-0.3703	5944.0	14810.0	0.3189	1.001
theta_c_pr[1,108]	-0.4941	0.00217	0.2043	0.1988	-0.8771	-0.5004	-0.0759	8832.0	17470.0	0.474	1.001
theta_c_pr[1,109]	-0.1004	0.002181	0.2601	0.2571	-0.575	-0.1138	0.4462	14290.0	23510.0	0.7666	1.0
theta_c_pr[1,110]	1.176	0.002716	0.3976	0.3922	0.4647	1.152	2.018	21870.0	24220.0	1.174	1.0
theta_c_pr[1,111]	0.1329	0.00206	0.2474	0.2447	-0.3235	0.1237	0.651	14430.0	24560.0	0.7744	1.0
theta_c_pr[1,112]	0.9812	0.00272	0.3934	0.3834	0.2872	0.9549	1.834	21110.0	25340.0	1.133	1.0
theta_c_pr[1,113]	0.4061	0.002263	0.3073	0.3023	-0.143	0.3876	1.056	18550.0	23650.0	0.9956	1.0
theta_c_pr[1,114]	1.296	0.002466	0.3683	0.3648	0.6274	1.278	2.066	22540.0	27330.0	1.209	1.0
theta_c_pr[1,115]	-0.2044	0.002257	0.243	0.2397	-0.6518	-0.2149	0.3036	11530.0	21410.0	0.6189	1.0
theta_c_pr[1,116]	0.7828	0.002629	0.3686	0.361	0.1231	0.7619	1.574	20070.0	25850.0	1.077	1.0
theta_c_pr[1,117]	-0.1942	0.002187	0.2276	0.2239	-0.6119	-0.2048	0.2783	10680.0	18890.0	0.5729	1.0
theta_c_pr[1,118]	-0.5341	0.002163	0.2106	0.2077	-0.9275	-0.5395	-0.09668	9441.0	18750.0	0.5066	1.001
theta_c_pr[1,119]	-1.075	0.002441	0.1903	0.1883	-1.439	-1.078	-0.6932	6059.0	13290.0	0.3251	1.001
theta_c_pr[1,120]	0.9022	0.002398	0.3474	0.3418	0.2824	0.881	1.646	21570.0	27630.0	1.157	1.0
theta_c_pr[1,121]	-0.8317	0.002347	0.1798	0.1761	-1.172	-0.8366	-0.4672	5826.0	12400.0	0.3126	1.001
theta_c_pr[1,122]	-0.6626	0.002323	0.21	0.2055	-1.054	-0.669	-0.2288	8181.0	18400.0	0.439	1.0
theta_c_pr[1,123]	-1.277	0.002497	0.1947	0.1943	-1.652	-1.279	-0.8891	6073.0	13000.0	0.3259	1.001
theta_c_pr[1,124]	0.2451	0.002325	0.2914	0.2853	-0.2777	0.2284	0.8703	15700.0	22710.0	0.8424	1.0
theta_c_pr[1,125]	1.107	0.002599	0.3882	0.3843	0.4091	1.085	1.926	22560.0	25510.0	1.211	1.0
theta_c_pr[1,126]	0.6114	0.002445	0.3322	0.3238	0.0193	0.5904	1.322	18660.0	24920.0	1.001	1.0
theta_c_pr[1,127]	-1.421	0.00265	0.1876	0.188	-1.787	-1.42	-1.054	5033.0	13360.0	0.2701	1.001
theta_c_pr[1,128]	1.058	0.002562	0.3671	0.3616	0.3971	1.039	1.833	20510.0	27020.0	1.101	1.0
theta_c_pr[1,129]	0.2658	0.002252	0.275	0.2693	-0.2341	0.2531	0.8487	14900.0	24070.0	0.7993	1.0
theta_c_pr[1,130]	1.512	0.002976	0.4397	0.4356	0.7348	1.484	2.446	22210.0	25720.0	1.192	1.0
theta_c_pr[1,131]	0.01865	0.002067	0.2387	0.2353	-0.4216	0.009192	0.5112	13290.0	23290.0	0.713	1.001
theta_c_pr[1,132]	-1.832	0.002896	0.1859	0.1868	-2.202	-1.829	-1.477	4133.0	10180.0	0.2218	1.001
theta_c_pr[1,133]	-1.228	0.00252	0.178	0.1764	-1.577	-1.228	-0.877	5003.0	13250.0	0.2684	1.001
theta_c_pr[1,134]	0.4912	0.002099	0.2596	0.2536	0.0252	0.478	1.042	15290.0	24220.0	0.8206	1.0
theta_c_pr[1,135]	-0.9631	0.002359	0.1807	0.1802	-1.311	-0.9654	-0.5991	5885.0	12460.0	0.3158	1.001
theta_c_pr[1,136]	0.2934	0.002513	0.305	0.2961	-0.2506	0.2733	0.9467	14820.0	23380.0	0.7954	1.0
theta_c_pr[1,137]	-1.077	0.002474	0.211	0.2077	-1.479	-1.082	-0.6478	7297.0	16060.0	0.3915	1.0
theta_c_pr[1,138]	1.371	0.002937	0.4276	0.4208	0.6117	1.347	2.28	21390.0	26740.0	1.148	1.0
theta_c_pr[1,139]	0.7581	0.00258	0.3682	0.3631	0.1041	0.7317	1.552	20560.0	25740.0	1.103	1.0
theta_c_pr[1,140]	2.112	0.003055	0.5086	0.5031	1.198	2.081	3.189	28310.0	26800.0	1.519	1.0
theta_c_pr[1,141]	-0.9571	0.002293	0.1635	0.1617	-1.276	-0.9579	-0.6326	5085.0	11630.0	0.2729	1.002
theta_c_pr[1,142]	0.8375	0.002601	0.3729	0.3707	0.1735	0.8154	1.636	20870.0	26260.0	1.12	1.0
theta_c_pr[1,143]	-0.5638	0.002289	0.2233	0.2186	-0.9766	-0.5735	-0.09893	9503.0	18250.0	0.5099	1.001
theta_c_pr[1,144]	-0.1985	0.002127	0.2335	0.2284	-0.6296	-0.2076	0.2871	11840.0	22080.0	0.6351	1.0
theta_c_pr[1,145]	0.3358	0.002404	0.304	0.2989	-0.213	0.3175	0.9908	16080.0	24910.0	0.8628	1.0
theta_c_pr[1,146]	0.2503	0.002219	0.2707	0.2657	-0.2422	0.2371	0.8159	14900.0	25690.0	0.7995	1.0
theta_c_pr[1,147]	-0.7944	0.002335	0.1862	0.1829	-1.153	-0.7972	-0.4192	6355.0	14460.0	0.341	1.001
theta_c_pr[1,148]	-0.4159	0.002151	0.2312	0.23	-0.8453	-0.4237	0.06096	11440.0	18960.0	0.6137	1.0
theta_c_pr[1,149]	-0.6033	0.002177	0.1721	0.1702	-0.9328	-0.6058	-0.2589	6254.0	14340.0	0.3356	1.001
theta_c_pr[1,150]	-1.655	0.002772	0.1811	0.1806	-2.015	-1.654	-1.307	4286.0	11720.0	0.23	1.001
theta_c_pr[1,151]	0.9133	0.002339	0.3508	0.3465	0.2863	0.8921	1.661	22730.0	26580.0	1.22	1.0
theta_c_pr[1,152]	-0.6824	0.002226	0.1725	0.1713	-1.01	-0.6859	-0.3337	5982.0	12600.0	0.321	1.001
theta_c_pr[1,153]	-0.148	0.002667	0.2932	0.2845	-0.6708	-0.1681	0.4826	11960.0	22250.0	0.6415	1.001
theta_c_pr[1,154]	1.663	0.002815	0.4419	0.4398	0.869	1.641	2.59	25410.0	27350.0	1.363	1.0
theta_c_pr[1,155]	0.4111	0.002347	0.3138	0.3076	-0.1485	0.3897	1.08	17880.0	24830.0	0.9595	1.0
theta_c_pr[1,156]	-0.8898	0.002415	0.2241	0.2214	-1.323	-0.8909	-0.4461	8635.0	18450.0	0.4634	1.0
theta_c_pr[1,157]	-0.498	0.002152	0.2028	0.2012	-0.8782	-0.5046	-0.0802	8820.0	18090.0	0.4733	1.0
theta_c_pr[1,158]	-0.9918	0.002379	0.181	0.1785	-1.341	-0.9932	-0.6306	5783.0	12070.0	0.3103	1.001
theta_c_pr[1,159]	-1.556	0.002745	0.1874	0.1862	-1.929	-1.556	-1.187	4680.0	12730.0	0.2511	1.001
theta_c_pr[2,1]	0.6603	0.00358	0.7271	0.7207	-0.7519	0.6553	2.106	41290.0	30630.0	2.216	1.0
theta_c_pr[2,2]	0.6403	0.003466	0.681	0.6685	-0.6738	0.6291	2.011	38720.0	30380.0	2.078	1.0
theta_c_pr[2,3]	0.7527	0.003739	0.7133	0.7015	-0.6107	0.7391	2.195	36460.0	30940.0	1.956	1.0
theta_c_pr[2,4]	-0.01902	0.004007	0.813	0.8108	-1.627	-0.01846	1.581	41200.0	30390.0	2.211	1.0
theta_c_pr[2,5]	-0.08403	0.004751	0.8536	0.859	-1.724	-0.09311	1.602	32260.0	29940.0	1.731	1.0
theta_c_pr[2,6]	0.8374	0.003829	0.6836	0.6737	-0.4696	0.8227	2.223	32030.0	28880.0	1.719	1.0
theta_c_pr[2,7]	-0.8661	0.003349	0.6585	0.6588	-2.148	-0.8721	0.4345	38730.0	30900.0	2.078	1.0
theta_c_pr[2,8]	0.7078	0.003807	0.7096	0.7042	-0.6579	0.7019	2.127	34840.0	31410.0	1.87	1.0
theta_c_pr[2,9]	0.0741	0.003926	0.679	0.6721	-1.233	0.06326	1.433	29910.0	30740.0	1.605	1.0
theta_c_pr[2,10]	-0.9138	0.004438	0.7532	0.7481	-2.35	-0.9281	0.6061	28830.0	30390.0	1.547	1.0
theta_c_pr[2,11]	0.1859	0.004389	0.7624	0.7616	-1.294	0.1814	1.699	30210.0	29210.0	1.621	1.0
theta_c_pr[2,12]	-0.2734	0.004057	0.7332	0.7271	-1.67	-0.2874	1.199	32700.0	31320.0	1.755	1.0
theta_c_pr[2,13]	0.9094	0.003646	0.7119	0.7022	-0.4625	0.8992	2.337	38210.0	30870.0	2.05	1.0
theta_c_pr[2,14]	0.05163	0.00415	0.764	0.7578	-1.425	0.04547	1.576	33980.0	29450.0	1.823	1.0
theta_c_pr[2,15]	-0.4852	0.004318	0.7994	0.7948	-2.049	-0.4835	1.087	34320.0	30090.0	1.842	1.0
theta_c_pr[2,16]	0.8006	0.00333	0.6773	0.6732	-0.4999	0.7916	2.155	41600.0	29720.0	2.232	1.0
theta_c_pr[2,17]	0.8639	0.004017	0.8209	0.8207	-0.7216	0.853	2.497	41790.0	32980.0	2.242	1.0
theta_c_pr[2,18]	0.1736	0.003762	0.7166	0.7127	-1.21	0.1709	1.592	36300.0	30510.0	1.948	1.0
theta_c_pr[2,19]	-0.231	0.004281	0.7925	0.797	-1.779	-0.2365	1.348	34300.0	31750.0	1.841	1.0
theta_c_pr[2,20]	0.5165	0.003583	0.713	0.7023	-0.8554	0.507	1.943	39750.0	30220.0	2.133	1.0
theta_c_pr[2,21]	0.1901	0.004404	0.8123	0.8126	-1.385	0.1854	1.805	34040.0	30440.0	1.826	1.0
theta_c_pr[2,22]	-0.4515	0.004748	0.8354	0.8313	-2.041	-0.4653	1.221	30990.0	30280.0	1.663	1.0
theta_c_pr[2,23]	-0.5188	0.004276	0.8797	0.8876	-2.217	-0.5268	1.234	42380.0	30900.0	2.274	1.0
theta_c_pr[2,24]	0.4676	0.004016	0.8454	0.8471	-1.175	0.4691	2.133	44360.0	31300.0	2.38	1.0
theta_c_pr[2,25]	0.7002	0.00488	0.838	0.8362	-0.9044	0.6825	2.388	29360.0	26880.0	1.575	1.0
theta_c_pr[2,26]	0.9148	0.003629	0.6964	0.6945	-0.4201	0.9081	2.313	36870.0	30260.0	1.979	1.0
theta_c_pr[2,27]	1.096	0.003626	0.7479	0.7434	-0.3209	1.073	2.618	42780.0	30420.0	2.295	1.0
theta_c_pr[2,28]	1.57	0.003462	0.6971	0.6892	0.2364	1.556	2.983	40800.0	30000.0	2.19	1.0
theta_c_pr[2,29]	-0.4429	0.004126	0.7326	0.728	-1.862	-0.4458	1.022	31530.0	30150.0	1.692	1.0
theta_c_pr[2,30]	0.3733	0.003973	0.7297	0.726	-1.019	0.3609	1.848	33810.0	30410.0	1.814	1.0
theta_c_pr[2,31]	0.1435	0.004616	0.9253	0.9246	-1.669	0.1449	1.963	40290.0	28490.0	2.162	1.0
theta_c_pr[2,32]	0.2247	0.00463	0.8726	0.868	-1.493	0.2238	1.926	35590.0	30690.0	1.91	1.0
theta_c_pr[2,33]	-0.5489	0.004207	0.7499	0.7429	-1.976	-0.5667	0.9761	31920.0	29630.0	1.713	1.0
theta_c_pr[2,34]	0.932	0.004538	0.9326	0.9336	-0.866	0.9262	2.766	42260.0	31590.0	2.267	1.0
theta_c_pr[2,35]	0.1919	0.004022	0.8048	0.8091	-1.343	0.1839	1.798	40070.0	31040.0	2.15	1.0
theta_c_pr[2,36]	0.2728	0.00392	0.7206	0.7101	-1.127	0.2652	1.708	33910.0	29730.0	1.82	1.0
theta_c_pr[2,37]	-0.04471	0.003846	0.6959	0.6881	-1.403	-0.04999	1.347	32740.0	30770.0	1.757	1.0
theta_c_pr[2,38]	-0.3111	0.003833	0.7082	0.7073	-1.681	-0.326	1.108	34130.0	31650.0	1.831	1.0
theta_c_pr[2,39]	-0.4571	0.004471	0.7379	0.7262	-1.865	-0.4757	1.046	27320.0	29490.0	1.466	1.0
theta_c_pr[2,40]	0.799	0.003887	0.7628	0.7597	-0.6776	0.7936	2.319	38610.0	30450.0	2.072	1.0
theta_c_pr[2,41]	0.2607	0.004183	0.9444	0.9506	-1.569	0.2594	2.127	51030.0	30180.0	2.739	1.0
theta_c_pr[2,42]	0.2183	0.004453	0.8004	0.7996	-1.304	0.2007	1.84	32380.0	31040.0	1.738	1.0
theta_c_pr[2,43]	0.01811	0.003924	0.752	0.7463	-1.444	0.01044	1.512	36770.0	31720.0	1.973	1.0
theta_c_pr[2,44]	0.3526	0.004259	0.8835	0.8796	-1.355	0.3347	2.112	43150.0	31150.0	2.315	1.0
theta_c_pr[2,45]	0.2011	0.004637	0.8085	0.806	-1.354	0.1914	1.815	30400.0	29810.0	1.631	1.0
theta_c_pr[2,46]	-0.1093	0.004104	0.7297	0.7232	-1.501	-0.1206	1.364	31640.0	30540.0	1.698	1.0
theta_c_pr[2,47]	0.1932	0.003797	0.7018	0.7011	-1.154	0.1793	1.612	34140.0	30620.0	1.832	1.0
theta_c_pr[2,48]	0.8342	0.003965	0.8847	0.8839	-0.9053	0.841	2.559	49910.0	29630.0	2.678	1.0
theta_c_pr[2,49]	0.3642	0.004043	0.8616	0.8571	-1.329	0.3667	2.038	45610.0	28920.0	2.447	1.0
theta_c_pr[2,50]	0.2592	0.00424	0.9029	0.9037	-1.474	0.2525	2.042	45530.0	31530.0	2.443	1.0
theta_c_pr[2,51]	0.2974	0.004103	0.9876	0.9856	-1.641	0.3061	2.238	58010.0	29540.0	3.113	1.0
theta_c_pr[2,52]	0.9944	0.003848	0.7377	0.7344	-0.4116	0.9777	2.483	36860.0	31380.0	1.978	1.0
theta_c_pr[2,53]	0.7047	0.00371	0.6951	0.6902	-0.6542	0.6994	2.078	35120.0	30620.0	1.885	1.0
theta_c_pr[2,54]	0.1397	0.004055	0.8726	0.8633	-1.561	0.1392	1.855	46380.0	31810.0	2.489	1.0
theta_c_pr[2,55]	-0.5457	0.004399	0.9365	0.9372	-2.347	-0.5436	1.31	45400.0	30710.0	2.436	1.0
theta_c_pr[2,56]	-2.564	0.00332	0.6997	0.6956	-3.962	-2.554	-1.224	44820.0	29740.0	2.405	1.0
theta_c_pr[2,57]	0.7587	0.004036	0.8782	0.8677	-0.9727	0.7674	2.457	47480.0	30070.0	2.548	1.0
theta_c_pr[2,58]	0.6389	0.003862	0.7782	0.7726	-0.8826	0.6397	2.173	40680.0	31620.0	2.183	1.0
theta_c_pr[2,59]	0.1147	0.004392	0.8616	0.8561	-1.562	0.1129	1.812	38550.0	30100.0	2.068	1.0
theta_c_pr[2,60]	-0.2774	0.004053	0.7444	0.7383	-1.726	-0.2843	1.206	33870.0	30830.0	1.817	1.0
theta_c_pr[2,61]	-0.1097	0.004009	0.743	0.7378	-1.547	-0.113	1.362	34400.0	31070.0	1.846	1.0
theta_c_pr[2,62]	0.8232	0.004323	0.772	0.771	-0.644	0.8061	2.387	31830.0	30150.0	1.708	1.0
theta_c_pr[2,63]	0.1632	0.003743	0.6449	0.6402	-1.06	0.1508	1.478	29740.0	29770.0	1.596	1.0
theta_c_pr[2,64]	-0.5332	0.003653	0.7167	0.7043	-1.917	-0.5396	0.9014	38670.0	31820.0	2.075	1.0
theta_c_pr[2,65]	0.255	0.004132	0.9534	0.9535	-1.62	0.2563	2.142	53340.0	30810.0	2.862	1.0
theta_c_pr[2,66]	0.128	0.004058	0.7764	0.7641	-1.382	0.1181	1.68	36650.0	31390.0	1.967	1.0
theta_c_pr[2,67]	1.12	0.003763	0.7652	0.7655	-0.3566	1.113	2.633	41480.0	30610.0	2.226	1.0
theta_c_pr[2,68]	-0.1802	0.004114	0.7505	0.7492	-1.628	-0.1914	1.3	33320.0	29970.0	1.788	1.0
theta_c_pr[2,69]	0.003643	0.003839	0.6732	0.6658	-1.287	-0.007296	1.364	30860.0	30010.0	1.656	1.0
theta_c_pr[2,70]	0.5633	0.004071	0.7687	0.7568	-0.9256	0.5621	2.089	35680.0	31000.0	1.915	1.0
theta_c_pr[2,71]	0.6599	0.004351	0.8264	0.8206	-0.9421	0.6499	2.299	36110.0	30910.0	1.938	1.0
theta_c_pr[2,72]	0.1273	0.003694	0.6749	0.6679	-1.176	0.123	1.475	33430.0	29860.0	1.794	1.0
theta_c_pr[2,73]	-0.9473	0.003227	0.7018	0.6965	-2.346	-0.9454	0.4152	47610.0	29370.0	2.555	1.0
theta_c_pr[2,74]	0.3426	0.004366	0.939	0.9412	-1.499	0.3445	2.169	46240.0	31040.0	2.481	1.0
theta_c_pr[2,75]	-0.3984	0.004458	0.974	0.9731	-2.293	-0.407	1.535	47820.0	30070.0	2.566	1.0
theta_c_pr[2,76]	0.5069	0.00386	0.8193	0.8124	-1.1	0.5048	2.115	45130.0	30920.0	2.421	1.0
theta_c_pr[2,77]	-0.1346	0.004065	0.8056	0.7998	-1.699	-0.1377	1.464	39390.0	30560.0	2.114	1.0
theta_c_pr[2,78]	0.3324	0.004271	0.956	0.9502	-1.558	0.3301	2.2	50220.0	29970.0	2.695	1.0
theta_c_pr[2,79]	-0.5599	0.003884	0.7531	0.7434	-2.017	-0.573	0.9508	37650.0	30550.0	2.021	1.0
theta_c_pr[2,80]	-0.8091	0.004329	0.7088	0.7028	-2.171	-0.8226	0.607	26890.0	28870.0	1.443	1.0
theta_c_pr[2,81]	0.6641	0.00379	0.7315	0.7222	-0.7661	0.6609	2.12	37350.0	30230.0	2.004	1.0
theta_c_pr[2,82]	0.05931	0.004082	0.7508	0.7427	-1.401	0.0538	1.544	33830.0	31180.0	1.816	1.0
theta_c_pr[2,83]	-0.478	0.003623	0.6957	0.6867	-1.844	-0.4752	0.8837	36940.0	30810.0	1.982	1.0
theta_c_pr[2,84]	0.3012	0.004798	0.8329	0.8318	-1.315	0.2959	1.943	30150.0	29730.0	1.618	1.0
theta_c_pr[2,85]	0.3545	0.003863	0.7071	0.7024	-1.01	0.3451	1.772	33500.0	30920.0	1.798	1.0
theta_c_pr[2,86]	-1.433	0.004511	0.7929	0.7907	-2.962	-1.45	0.1562	30880.0	31350.0	1.657	1.0
theta_c_pr[2,87]	-0.1219	0.004228	0.7362	0.7367	-1.538	-0.1361	1.362	30330.0	31480.0	1.628	1.0
theta_c_pr[2,88]	-0.1645	0.003901	0.7597	0.7549	-1.639	-0.175	1.344	38010.0	30670.0	2.04	1.0
theta_c_pr[2,89]	0.3318	0.003986	0.7301	0.7319	-1.063	0.3255	1.77	33570.0	30880.0	1.801	1.0
theta_c_pr[2,90]	-0.002652	0.004443	0.7543	0.7512	-1.47	-0.007021	1.5	28820.0	29950.0	1.546	1.0
theta_c_pr[2,91]	-0.1334	0.003952	0.8785	0.8705	-1.854	-0.1331	1.597	49480.0	30320.0	2.655	1.0
theta_c_pr[2,92]	0.234	0.003588	0.7378	0.726	-1.209	0.2291	1.694	42350.0	30560.0	2.273	1.0
theta_c_pr[2,93]	-0.506	0.003346	0.6477	0.6379	-1.759	-0.5076	0.7762	37590.0	31150.0	2.017	1.0
theta_c_pr[2,94]	0.09265	0.004087	0.7295	0.7223	-1.321	0.08598	1.564	31820.0	31610.0	1.708	1.0
theta_c_pr[2,95]	-0.8939	0.003896	0.6463	0.6426	-2.13	-0.9068	0.4017	27640.0	29930.0	1.483	1.0
theta_c_pr[2,96]	-0.7649	0.004118	0.885	0.8889	-2.462	-0.7729	0.997	46290.0	29430.0	2.484	1.0
theta_c_pr[2,97]	0.7502	0.003998	0.773	0.7706	-0.735	0.739	2.294	37430.0	30590.0	2.009	1.0
theta_c_pr[2,98]	-0.8719	0.003717	0.757	0.7479	-2.334	-0.8785	0.6326	41470.0	31460.0	2.225	1.0
theta_c_pr[2,99]	-0.5945	0.004239	0.8503	0.8489	-2.236	-0.602	1.102	40300.0	31460.0	2.163	1.0
theta_c_pr[2,100]	0.3754	0.004069	0.8006	0.7981	-1.178	0.3669	1.957	38730.0	30750.0	2.078	1.0
theta_c_pr[2,101]	-0.5769	0.004123	0.7107	0.7011	-1.958	-0.584	0.8388	29740.0	28970.0	1.596	1.0
theta_c_pr[2,102]	0.5288	0.004012	0.7825	0.7757	-0.9736	0.5183	2.087	38060.0	31610.0	2.042	1.0
theta_c_pr[2,103]	-0.6612	0.004564	0.8131	0.811	-2.218	-0.673	0.9627	31730.0	32280.0	1.703	1.0
theta_c_pr[2,104]	-0.5955	0.003872	0.6487	0.6412	-1.851	-0.6001	0.6961	28080.0	28940.0	1.507	1.0
theta_c_pr[2,105]	0.9405	0.003693	0.7705	0.767	-0.5363	0.9315	2.48	43720.0	30600.0	2.346	1.0
theta_c_pr[2,106]	-0.6168	0.004872	1.039	1.045	-2.602	-0.6264	1.449	45780.0	29120.0	2.456	1.0
theta_c_pr[2,107]	-1.031	0.004389	0.761	0.7501	-2.45	-1.056	0.5388	30380.0	27410.0	1.63	1.0
theta_c_pr[2,108]	0.08817	0.004028	0.8006	0.7932	-1.45	0.07398	1.695	39480.0	30770.0	2.119	1.0
theta_c_pr[2,109]	-0.9362	0.003736	0.693	0.6878	-2.281	-0.9451	0.4564	34480.0	30950.0	1.85	1.0
theta_c_pr[2,110]	-0.1896	0.003863	0.7046	0.7005	-1.562	-0.1973	1.227	33290.0	31350.0	1.786	1.0
theta_c_pr[2,111]	0.4623	0.003758	0.7907	0.786	-1.064	0.4509	2.055	44410.0	32350.0	2.383	1.0
theta_c_pr[2,112]	-0.4719	0.00435	0.7488	0.7387	-1.91	-0.4859	1.032	29660.0	30290.0	1.591	1.0
theta_c_pr[2,113]	-0.115	0.003796	0.7136	0.7046	-1.508	-0.112	1.293	35390.0	29880.0	1.899	1.0
theta_c_pr[2,114]	0.6421	0.003791	0.7084	0.703	-0.7361	0.6387	2.045	34970.0	30760.0	1.877	1.0
theta_c_pr[2,115]	-1.425	0.003883	0.7092	0.7048	-2.813	-1.428	-0.01072	33400.0	30300.0	1.792	1.0
theta_c_pr[2,116]	0.4926	0.004079	0.7001	0.6959	-0.844	0.4794	1.895	29490.0	28400.0	1.582	1.0
theta_c_pr[2,117]	0.8041	0.004001	0.7488	0.744	-0.6367	0.7926	2.313	35100.0	29800.0	1.883	1.0
theta_c_pr[2,118]	0.2751	0.003766	0.736	0.7292	-1.155	0.2741	1.73	38350.0	30500.0	2.058	1.0
theta_c_pr[2,119]	-0.5887	0.004016	0.8487	0.8477	-2.233	-0.5959	1.097	45010.0	30680.0	2.415	1.0
theta_c_pr[2,120]	0.09128	0.004116	0.7878	0.786	-1.415	0.07345	1.669	36690.0	30510.0	1.969	1.0
theta_c_pr[2,121]	-0.6575	0.004938	0.826	0.8295	-2.271	-0.6573	0.972	27990.0	27790.0	1.502	1.0
theta_c_pr[2,122]	-0.4227	0.004425	0.8527	0.8492	-2.081	-0.4241	1.256	37180.0	31000.0	1.995	1.0
theta_c_pr[2,123]	-0.5009	0.004181	0.8753	0.8691	-2.183	-0.5098	1.23	43980.0	30530.0	2.36	1.0
theta_c_pr[2,124]	0.03274	0.004076	0.7173	0.7109	-1.347	0.02537	1.479	31010.0	30300.0	1.664	1.0
theta_c_pr[2,125]	0.03356	0.00448	0.7526	0.7493	-1.412	0.02489	1.537	28190.0	28790.0	1.513	1.0
theta_c_pr[2,126]	0.08839	0.004067	0.7002	0.6957	-1.251	0.07623	1.491	29600.0	29810.0	1.589	1.0
theta_c_pr[2,127]	-0.5147	0.004385	0.9192	0.9159	-2.304	-0.5224	1.307	44360.0	30370.0	2.38	1.0
theta_c_pr[2,128]	-0.05777	0.00374	0.6893	0.6781	-1.385	-0.06857	1.322	34100.0	30540.0	1.83	1.0
theta_c_pr[2,129]	-0.3976	0.003657	0.7279	0.7226	-1.816	-0.4033	1.052	39660.0	29690.0	2.128	1.0
theta_c_pr[2,130]	-0.5664	0.004337	0.7776	0.7686	-2.029	-0.589	1.017	32280.0	28990.0	1.732	1.0
theta_c_pr[2,131]	0.8406	0.004157	0.8115	0.8051	-0.7699	0.8399	2.429	38250.0	29990.0	2.052	1.0
theta_c_pr[2,132]	-0.1636	0.004066	0.9437	0.9435	-1.995	-0.1727	1.695	53950.0	30330.0	2.895	1.0
theta_c_pr[2,133]	-0.4757	0.004356	0.9082	0.9052	-2.241	-0.4804	1.313	43480.0	31630.0	2.333	1.0
theta_c_pr[2,134]	-0.464	0.004278	0.7792	0.7717	-1.948	-0.4823	1.134	33490.0	30800.0	1.797	1.0
theta_c_pr[2,135]	0.5405	0.004086	0.7673	0.7632	-0.9571	0.536	2.071	35320.0	30390.0	1.896	1.0
theta_c_pr[2,136]	-0.262	0.004171	0.6971	0.6893	-1.615	-0.2723	1.135	27910.0	29020.0	1.497	1.0
theta_c_pr[2,137]	-0.9204	0.004144	0.8	0.7971	-2.441	-0.9383	0.6872	37360.0	29820.0	2.004	1.0
theta_c_pr[2,138]	0.07806	0.004323	0.7207	0.7158	-1.296	0.06321	1.531	27830.0	29730.0	1.493	1.0
theta_c_pr[2,139]	-0.4693	0.003929	0.7011	0.6978	-1.825	-0.4765	0.9338	31850.0	30800.0	1.709	1.0
theta_c_pr[2,140]	0.3205	0.003599	0.7127	0.7009	-1.049	0.3056	1.759	39360.0	30170.0	2.112	1.0
theta_c_pr[2,141]	-0.09667	0.00406	0.799	0.7949	-1.626	-0.1118	1.511	38810.0	31180.0	2.082	1.0
theta_c_pr[2,142]	-0.5613	0.004133	0.706	0.6981	-1.92	-0.5661	0.8588	29250.0	30170.0	1.569	1.0
theta_c_pr[2,143]	-1.576	0.004318	0.7435	0.735	-3.004	-1.585	-0.09113	29750.0	30610.0	1.597	1.0
theta_c_pr[2,144]	0.4324	0.003969	0.7625	0.7588	-1.032	0.4232	1.948	36980.0	31630.0	1.984	1.0
theta_c_pr[2,145]	-1.323	0.003636	0.6076	0.5963	-2.521	-1.32	-0.1245	27970.0	28850.0	1.501	1.0
theta_c_pr[2,146]	0.1082	0.003827	0.7199	0.7196	-1.287	0.102	1.537	35420.0	31360.0	1.901	1.0
theta_c_pr[2,147]	0.05847	0.004211	0.8173	0.8098	-1.497	0.0385	1.71	37850.0	31620.0	2.031	1.0
theta_c_pr[2,148]	-0.5796	0.003882	0.7749	0.7692	-2.084	-0.5864	0.9624	39940.0	31610.0	2.143	1.0
theta_c_pr[2,149]	0.2599	0.003444	0.6664	0.6548	-1.031	0.2512	1.587	37540.0	30950.0	2.014	0.9999
theta_c_pr[2,150]	-0.4342	0.004506	1.002	1.007	-2.394	-0.4408	1.53	49550.0	30220.0	2.659	1.0
theta_c_pr[2,151]	0.2805	0.00406	0.777	0.7737	-1.225	0.2777	1.818	36610.0	30460.0	1.965	1.0
theta_c_pr[2,152]	-0.1422	0.00386	0.8253	0.8203	-1.721	-0.1585	1.531	45900.0	30280.0	2.463	1.0
theta_c_pr[2,153]	-1.4	0.003997	0.6645	0.6567	-2.686	-1.412	-0.07772	27730.0	30010.0	1.488	1.0
theta_c_pr[2,154]	1.148	0.003575	0.7062	0.7023	-0.2165	1.136	2.564	39100.0	30860.0	2.098	1.0
theta_c_pr[2,155]	-0.4767	0.003922	0.698	0.6947	-1.823	-0.4854	0.9159	31680.0	30870.0	1.7	1.0
theta_c_pr[2,156]	0.3613	0.00437	0.8854	0.8841	-1.383	0.3666	2.081	41210.0	30440.0	2.211	1.0
theta_c_pr[2,157]	0.3191	0.004281	0.8257	0.8241	-1.259	0.3057	1.972	37100.0	30790.0	1.991	1.0
theta_c_pr[2,158]	-0.1606	0.004326	0.9068	0.9044	-1.916	-0.1694	1.628	44120.0	30170.0	2.367	1.0
theta_c_pr[2,159]	-0.1291	0.004034	0.8822	0.8765	-1.844	-0.1392	1.616	48120.0	30650.0	2.582	1.0
theta_c_pr[3,1]	-1.041	0.002994	0.5242	0.5069	-2.21	-0.9896	-0.1605	33090.0	25420.0	1.776	1.0
theta_c_pr[3,2]	-0.9478	0.003147	0.6668	0.6549	-2.381	-0.9024	0.2258	47390.0	29290.0	2.543	1.0
theta_c_pr[3,3]	0.7178	0.002115	0.3478	0.3354	-0.01376	0.7303	1.359	27590.0	25990.0	1.48	1.0
theta_c_pr[3,4]	0.3549	0.003071	0.5868	0.5588	-0.9302	0.3992	1.378	39890.0	25800.0	2.14	1.0
theta_c_pr[3,5]	-0.6973	0.003007	0.5462	0.5286	-1.883	-0.6565	0.2585	34350.0	27170.0	1.843	1.0
theta_c_pr[3,6]	0.1521	0.002683	0.4889	0.4766	-0.9024	0.1787	1.034	34160.0	27640.0	1.833	1.0
theta_c_pr[3,7]	0.8547	0.002728	0.5027	0.4815	-0.2201	0.8827	1.766	35320.0	25780.0	1.896	1.0
theta_c_pr[3,8]	1.944	0.00231	0.3311	0.3294	1.317	1.937	2.609	20650.0	26080.0	1.108	1.0
theta_c_pr[3,9]	-0.1297	0.00258	0.4466	0.4248	-1.096	-0.09681	0.6616	32450.0	25910.0	1.741	1.0
theta_c_pr[3,10]	0.9493	0.001893	0.2848	0.2809	0.3857	0.9485	1.504	22620.0	26940.0	1.214	1.0
theta_c_pr[3,11]	1.718	0.002873	0.462	0.4474	0.7699	1.73	2.592	26010.0	27920.0	1.396	1.0
theta_c_pr[3,12]	-0.07844	0.003213	0.6247	0.6027	-1.444	-0.02931	1.013	40750.0	26410.0	2.186	1.0
theta_c_pr[3,13]	-0.4987	0.002954	0.5582	0.5393	-1.75	-0.4434	0.4448	39410.0	25960.0	2.115	1.0
theta_c_pr[3,14]	-0.0832	0.003165	0.6004	0.5818	-1.354	-0.05008	1.006	37690.0	27650.0	2.023	1.0
theta_c_pr[3,15]	-0.3426	0.003162	0.5773	0.5595	-1.579	-0.306	0.686	34400.0	28600.0	1.846	1.0
theta_c_pr[3,16]	-1.267	0.002731	0.4866	0.4754	-2.323	-1.231	-0.4163	33240.0	27480.0	1.784	1.0
theta_c_pr[3,17]	0.248	0.00294	0.4952	0.4779	-0.8352	0.2876	1.106	29440.0	27030.0	1.58	1.0
theta_c_pr[3,18]	-0.006624	0.002776	0.5141	0.4928	-1.13	0.03066	0.8958	36230.0	26240.0	1.944	1.0
theta_c_pr[3,19]	0.2881	0.002754	0.5286	0.5135	-0.8278	0.3137	1.254	38130.0	28570.0	2.046	1.0
theta_c_pr[3,20]	-0.1096	0.003112	0.6116	0.5859	-1.459	-0.05741	0.9471	42250.0	26930.0	2.267	1.0
theta_c_pr[3,21]	-0.2777	0.00322	0.6077	0.5915	-1.603	-0.2341	0.7826	38590.0	25030.0	2.071	1.0
theta_c_pr[3,22]	0.9786	0.00264	0.4495	0.4386	0.04515	0.9959	1.816	29280.0	26220.0	1.571	1.0
theta_c_pr[3,23]	-0.6764	0.003778	0.8535	0.8489	-2.395	-0.6644	0.9767	51320.0	29200.0	2.754	1.0
theta_c_pr[3,24]	0.2237	0.002507	0.4269	0.4159	-0.6728	0.243	1.003	29540.0	28010.0	1.585	1.0
theta_c_pr[3,25]	1.12	0.002749	0.4789	0.4595	0.1024	1.147	1.998	31610.0	25030.0	1.696	1.0
theta_c_pr[3,26]	-1.026	0.003164	0.6484	0.6372	-2.433	-0.9776	0.1061	45190.0	27550.0	2.425	1.0
theta_c_pr[3,27]	0.3601	0.002161	0.3338	0.3217	-0.3533	0.3816	0.9594	24690.0	23990.0	1.325	1.0
theta_c_pr[3,28]	-0.23	0.00296	0.5326	0.5274	-1.352	-0.2023	0.7308	33490.0	27810.0	1.797	1.0
theta_c_pr[3,29]	0.2846	0.002882	0.5187	0.5036	-0.8304	0.3173	1.2	34050.0	26300.0	1.827	1.0
theta_c_pr[3,30]	0.3916	0.002394	0.41	0.4021	-0.4611	0.4075	1.152	29850.0	26310.0	1.602	1.0
theta_c_pr[3,31]	-1.46	0.002952	0.5909	0.5787	-2.726	-1.421	-0.4058	42180.0	26620.0	2.264	1.0
theta_c_pr[3,32]	0.02241	0.003228	0.6145	0.5935	-1.311	0.06634	1.113	38820.0	25580.0	2.083	1.0
theta_c_pr[3,33]	0.5317	0.002112	0.3302	0.3178	-0.1529	0.546	1.143	25180.0	24390.0	1.351	1.0
theta_c_pr[3,34]	-1.493	0.003345	0.6836	0.6828	-2.905	-1.465	-0.2312	42320.0	30220.0	2.271	1.0
theta_c_pr[3,35]	1.297	0.002941	0.4784	0.4684	0.3307	1.307	2.217	26640.0	27390.0	1.429	1.0
theta_c_pr[3,36]	1.457	0.003028	0.5012	0.4844	0.3957	1.483	2.366	27920.0	27330.0	1.498	1.0
theta_c_pr[3,37]	1.512	0.002144	0.3252	0.3182	0.8657	1.514	2.144	23020.0	27780.0	1.235	1.0
theta_c_pr[3,38]	0.02079	0.003275	0.6162	0.5941	-1.342	0.07504	1.078	38140.0	26180.0	2.047	1.0
theta_c_pr[3,39]	-0.8422	0.002918	0.574	0.5585	-2.089	-0.7993	0.1614	41220.0	26900.0	2.212	1.0
theta_c_pr[3,40]	0.5811	0.002232	0.3881	0.3668	-0.2573	0.6061	1.276	31780.0	24660.0	1.705	1.0
theta_c_pr[3,41]	-0.776	0.003242	0.7085	0.7041	-2.256	-0.7417	0.508	49060.0	29430.0	2.632	1.0
theta_c_pr[3,42]	0.6588	0.002277	0.3702	0.3596	-0.1121	0.6726	1.349	26800.0	27190.0	1.438	1.0
theta_c_pr[3,43]	0.1915	0.00374	0.6307	0.6045	-1.209	0.2457	1.285	30770.0	23890.0	1.651	1.0
theta_c_pr[3,44]	-1.125	0.003132	0.72	0.7083	-2.613	-1.098	0.2156	54340.0	29330.0	2.916	1.0
theta_c_pr[3,45]	1.418	0.002982	0.5302	0.5082	0.3028	1.439	2.415	32280.0	26630.0	1.732	1.0
theta_c_pr[3,46]	0.3731	0.002468	0.45	0.432	-0.589	0.4006	1.176	34900.0	26800.0	1.873	1.0
theta_c_pr[3,47]	0.5958	0.002557	0.462	0.4473	-0.3843	0.6207	1.44	33660.0	26350.0	1.806	1.0
theta_c_pr[3,48]	-0.6041	0.003769	0.8328	0.8311	-2.289	-0.5823	0.9665	49250.0	29190.0	2.643	1.0
theta_c_pr[3,49]	-1.495	0.003104	0.6434	0.643	-2.855	-1.458	-0.3375	44610.0	27940.0	2.394	1.0
theta_c_pr[3,50]	-0.05273	0.003436	0.6891	0.6701	-1.528	-0.01288	1.197	41780.0	27220.0	2.242	1.0
theta_c_pr[3,51]	-0.7012	0.003789	0.8358	0.8397	-2.384	-0.6788	0.8796	49070.0	30460.0	2.633	1.0
theta_c_pr[3,52]	1.502	0.002124	0.2926	0.2894	0.9289	1.502	2.087	19010.0	26030.0	1.02	1.0
theta_c_pr[3,53]	0.8908	0.002556	0.4266	0.415	0.01373	0.9059	1.689	28170.0	28000.0	1.512	1.0
theta_c_pr[3,54]	-0.1315	0.003683	0.7379	0.7222	-1.701	-0.08997	1.201	41660.0	29000.0	2.236	1.0
theta_c_pr[3,55]	-2.281	0.002834	0.592	0.5837	-3.533	-2.248	-1.211	45980.0	27170.0	2.468	1.0
theta_c_pr[3,56]	0.588	0.004881	1.08	1.086	-1.543	0.5988	2.66	49270.0	27870.0	2.644	1.0
theta_c_pr[3,57]	-0.131	0.003046	0.6123	0.5919	-1.455	-0.08524	0.953	43430.0	27060.0	2.331	1.0
theta_c_pr[3,58]	-0.2309	0.002128	0.3807	0.3671	-1.054	-0.2076	0.4434	33540.0	26110.0	1.8	1.0
theta_c_pr[3,59]	-1.534	0.002944	0.604	0.6005	-2.819	-1.502	-0.449	43500.0	29370.0	2.334	1.0
theta_c_pr[3,60]	0.04762	0.002637	0.5009	0.4788	-1.036	0.08592	0.9345	38520.0	25760.0	2.067	1.0
theta_c_pr[3,61]	-0.07683	0.003029	0.5938	0.573	-1.375	-0.03127	0.9552	41250.0	28050.0	2.214	1.0
theta_c_pr[3,62]	0.7885	0.002776	0.471	0.4535	-0.2147	0.8143	1.647	29590.0	27620.0	1.588	1.0
theta_c_pr[3,63]	-0.3834	0.003348	0.6544	0.6396	-1.789	-0.3449	0.7764	39850.0	28600.0	2.139	1.0
theta_c_pr[3,64]	1.094	0.003846	0.739	0.708	-0.5218	1.143	2.401	39340.0	26890.0	2.111	1.0
theta_c_pr[3,65]	-0.7261	0.003635	0.8189	0.8124	-2.381	-0.7061	0.8187	51430.0	29990.0	2.76	1.0
theta_c_pr[3,66]	0.6406	0.002838	0.4948	0.4827	-0.3836	0.6577	1.574	30720.0	27530.0	1.649	1.0
theta_c_pr[3,67]	0.7936	0.003588	0.7346	0.7178	-0.7724	0.8424	2.1	44160.0	27920.0	2.37	1.0
theta_c_pr[3,68]	0.2785	0.002662	0.4674	0.455	-0.7242	0.3082	1.113	32280.0	25020.0	1.732	1.0
theta_c_pr[3,69]	-0.1246	0.003364	0.6264	0.6008	-1.482	-0.07516	0.9798	36980.0	25640.0	1.984	1.0
theta_c_pr[3,70]	0.1797	0.002698	0.4979	0.4764	-0.9106	0.2144	1.064	36160.0	26000.0	1.94	1.0
theta_c_pr[3,71]	-0.6083	0.00302	0.6139	0.5955	-1.946	-0.5645	0.4728	43880.0	28220.0	2.355	1.0
theta_c_pr[3,72]	-0.211	0.003329	0.6742	0.6528	-1.685	-0.1589	0.9803	44490.0	25860.0	2.387	1.0
theta_c_pr[3,73]	-0.1072	0.004	0.9331	0.9282	-1.962	-0.09434	1.682	54680.0	29640.0	2.934	1.0
theta_c_pr[3,74]	-0.6588	0.003345	0.6773	0.6604	-2.114	-0.6141	0.5443	43310.0	27670.0	2.324	1.0
theta_c_pr[3,75]	-0.501	0.00372	0.8014	0.8072	-2.157	-0.4637	0.9829	47280.0	29770.0	2.537	1.0
theta_c_pr[3,76]	-0.4343	0.00329	0.6858	0.6685	-1.896	-0.3941	0.8082	46010.0	26660.0	2.469	1.0
theta_c_pr[3,77]	0.2359	0.003147	0.6156	0.5885	-1.104	0.281	1.333	39860.0	27760.0	2.139	1.0
theta_c_pr[3,78]	-1.978	0.002859	0.6415	0.6388	-3.3	-1.95	-0.8007	51710.0	29240.0	2.775	1.0
theta_c_pr[3,79]	-0.3408	0.003455	0.6878	0.6733	-1.818	-0.2909	0.8736	42100.0	26220.0	2.259	1.0
theta_c_pr[3,80]	1.004	0.002059	0.3252	0.3194	0.3447	1.01	1.627	25040.0	27380.0	1.344	1.0
theta_c_pr[3,81]	-0.00234	0.003171	0.5993	0.5786	-1.314	0.04134	1.05	37730.0	26750.0	2.024	1.0
theta_c_pr[3,82]	1.022	0.002496	0.4388	0.4249	0.09904	1.042	1.828	31610.0	26640.0	1.696	1.0
theta_c_pr[3,83]	1.002	0.002535	0.4662	0.4524	0.02467	1.024	1.86	34920.0	27300.0	1.874	1.0
theta_c_pr[3,84]	0.3834	0.002417	0.4153	0.4031	-0.5036	0.4055	1.138	29970.0	28390.0	1.608	1.0
theta_c_pr[3,85]	1.03	0.001915	0.2993	0.2925	0.428	1.034	1.61	24470.0	28260.0	1.313	1.0
theta_c_pr[3,86]	0.1919	0.003024	0.6075	0.5875	-1.132	0.2312	1.256	43230.0	25730.0	2.32	1.0
theta_c_pr[3,87]	-0.1631	0.003025	0.531	0.5251	-1.303	-0.1254	0.7683	32170.0	26190.0	1.726	1.0
theta_c_pr[3,88]	0.2546	0.002504	0.4257	0.408	-0.6649	0.2811	1.018	30220.0	24640.0	1.622	1.0
theta_c_pr[3,89]	-0.03871	0.002807	0.4892	0.4657	-1.125	0.0004977	0.8071	33000.0	24620.0	1.771	1.0
theta_c_pr[3,90]	1.213	0.002643	0.4522	0.4386	0.2779	1.23	2.063	29620.0	28190.0	1.589	1.0
theta_c_pr[3,91]	-0.3608	0.00338	0.6666	0.6514	-1.742	-0.3313	0.9015	39550.0	27850.0	2.122	1.0
theta_c_pr[3,92]	-1.158	0.003293	0.6759	0.675	-2.582	-1.118	0.05408	43650.0	28320.0	2.342	1.0
theta_c_pr[3,93]	-0.03855	0.003248	0.6435	0.6193	-1.445	0.006214	1.103	41490.0	26940.0	2.227	1.0
theta_c_pr[3,94]	0.8702	0.002293	0.3783	0.3654	0.08357	0.8852	1.577	27880.0	26480.0	1.496	1.0
theta_c_pr[3,95]	-1.716	0.003015	0.635	0.6273	-3.065	-1.677	-0.5865	46650.0	29190.0	2.503	1.0
theta_c_pr[3,96]	0.06527	0.003878	0.8766	0.8658	-1.73	0.09347	1.702	51960.0	29030.0	2.788	1.0
theta_c_pr[3,97]	0.5755	0.002183	0.3825	0.3689	-0.2199	0.5923	1.284	31740.0	25710.0	1.703	1.0
theta_c_pr[3,98]	0.09095	0.002626	0.4994	0.4818	-0.9808	0.1212	0.986	38580.0	25780.0	2.07	1.0
theta_c_pr[3,99]	-0.1355	0.003803	0.6976	0.6858	-1.619	-0.1015	1.126	34680.0	27660.0	1.861	1.0
theta_c_pr[3,100]	-1.799	0.00298	0.5846	0.574	-3.043	-1.764	-0.7467	41160.0	27830.0	2.209	1.0
theta_c_pr[3,101]	0.5378	0.002827	0.5082	0.4964	-0.5183	0.5588	1.471	33010.0	27500.0	1.771	1.0
theta_c_pr[3,102]	0.06504	0.00273	0.4786	0.4532	-0.9905	0.1062	0.8903	32920.0	25960.0	1.767	1.0
theta_c_pr[3,103]	0.2177	0.003448	0.6719	0.6488	-1.228	0.2653	1.414	39850.0	27090.0	2.138	1.0
theta_c_pr[3,104]	-0.3831	0.00303	0.5716	0.5539	-1.635	-0.3367	0.6158	38240.0	26810.0	2.052	1.0
theta_c_pr[3,105]	-1.294	0.003274	0.7325	0.7292	-2.805	-1.272	0.07423	51190.0	28940.0	2.747	1.0
theta_c_pr[3,106]	0.2855	0.004181	1.014	1.014	-1.725	0.2913	2.247	58390.0	29180.0	3.133	1.0
theta_c_pr[3,107]	-0.86	0.003156	0.6604	0.6502	-2.26	-0.8207	0.331	45650.0	29090.0	2.45	1.0
theta_c_pr[3,108]	-0.3247	0.003447	0.6889	0.6763	-1.82	-0.2827	0.9049	41540.0	29500.0	2.229	1.0
theta_c_pr[3,109]	0.3896	0.002668	0.5043	0.486	-0.6951	0.425	1.284	37270.0	28690.0	2.0	1.0
theta_c_pr[3,110]	0.255	0.002383	0.4233	0.4073	-0.6494	0.2791	1.022	33170.0	26130.0	1.78	1.0
theta_c_pr[3,111]	0.5702	0.002717	0.437	0.424	-0.3509	0.591	1.374	26440.0	26180.0	1.419	1.0
theta_c_pr[3,112]	0.387	0.002626	0.4801	0.4628	-0.6538	0.4233	1.234	36100.0	25100.0	1.937	1.0
theta_c_pr[3,113]	0.05178	0.002638	0.474	0.4569	-0.9765	0.08257	0.8859	34680.0	23970.0	1.861	1.0
theta_c_pr[3,114]	1.408	0.002379	0.3266	0.3185	0.7508	1.41	2.039	18890.0	23930.0	1.014	1.0
theta_c_pr[3,115]	1.844	0.003189	0.5825	0.5667	0.6581	1.857	2.972	33630.0	27570.0	1.804	1.0
theta_c_pr[3,116]	0.4361	0.002467	0.4406	0.4221	-0.513	0.4622	1.226	33640.0	26470.0	1.805	1.0
theta_c_pr[3,117]	-0.1189	0.002954	0.5256	0.5029	-1.281	-0.07423	0.7857	33180.0	27040.0	1.78	1.0
theta_c_pr[3,118]	0.121	0.003685	0.7183	0.7022	-1.425	0.1721	1.398	40290.0	26610.0	2.162	1.0
theta_c_pr[3,119]	1.01	0.003399	0.6319	0.6028	-0.3484	1.049	2.145	36310.0	28780.0	1.948	1.0
theta_c_pr[3,120]	-0.6399	0.003263	0.6217	0.6029	-2.016	-0.5889	0.4309	39460.0	25710.0	2.117	1.0
theta_c_pr[3,121]	-0.753	0.002978	0.5546	0.5391	-1.957	-0.7149	0.2182	36460.0	26740.0	1.957	1.0
theta_c_pr[3,122]	0.662	0.002812	0.4822	0.466	-0.3371	0.6841	1.551	30170.0	25730.0	1.619	1.0
theta_c_pr[3,123]	-0.1046	0.0037	0.7656	0.7538	-1.722	-0.06875	1.28	44250.0	29320.0	2.374	1.0
theta_c_pr[3,124]	0.05313	0.003381	0.6342	0.6129	-1.319	0.09808	1.183	37380.0	27460.0	2.006	1.0
theta_c_pr[3,125]	0.6207	0.002091	0.358	0.3469	-0.1222	0.631	1.296	29700.0	27790.0	1.594	1.0
theta_c_pr[3,126]	0.1191	0.002468	0.4438	0.4298	-0.8241	0.1481	0.9165	33620.0	26030.0	1.804	1.0
theta_c_pr[3,127]	1.479	0.0041	0.8111	0.7817	-0.2314	1.521	2.962	40810.0	28510.0	2.19	1.0
theta_c_pr[3,128]	0.4103	0.002786	0.4618	0.4581	-0.5705	0.4344	1.243	28460.0	26750.0	1.527	1.0
theta_c_pr[3,129]	-0.02753	0.002628	0.4823	0.4631	-1.081	0.005938	0.8285	35940.0	24820.0	1.929	1.0
theta_c_pr[3,130]	-0.4294	0.002846	0.517	0.4928	-1.584	-0.3808	0.4574	35890.0	25470.0	1.926	1.0
theta_c_pr[3,131]	-1.69	0.003059	0.6224	0.6186	-3.015	-1.65	-0.5742	43020.0	30090.0	2.309	1.0
theta_c_pr[3,132]	-0.1156	0.003814	0.8516	0.8503	-1.859	-0.09346	1.486	50280.0	29600.0	2.698	1.0
theta_c_pr[3,133]	0.107	0.003901	0.8965	0.8905	-1.731	0.1312	1.777	53630.0	30450.0	2.878	1.0
theta_c_pr[3,134]	-0.6909	0.003063	0.6159	0.5995	-2.033	-0.6471	0.4015	42920.0	27900.0	2.303	1.0
theta_c_pr[3,135]	-0.7585	0.003455	0.7528	0.7439	-2.336	-0.7243	0.6323	48590.0	27690.0	2.607	1.0
theta_c_pr[3,136]	0.1043	0.003339	0.5783	0.5601	-1.167	0.1519	1.095	32000.0	26010.0	1.717	1.0
theta_c_pr[3,137]	0.1878	0.003612	0.7502	0.7325	-1.391	0.2225	1.574	44150.0	28230.0	2.369	1.0
theta_c_pr[3,138]	0.8652	0.002584	0.4314	0.4124	-0.06952	0.8913	1.641	29230.0	24720.0	1.568	1.0
theta_c_pr[3,139]	0.4358	0.002888	0.527	0.5008	-0.7232	0.4759	1.358	36180.0	25750.0	1.941	1.0
theta_c_pr[3,140]	0.07569	0.002561	0.4537	0.4315	-0.9177	0.1109	0.8763	32980.0	25870.0	1.77	1.0
theta_c_pr[3,141]	0.121	0.003253	0.6596	0.6422	-1.292	0.1636	1.297	43190.0	27990.0	2.317	1.0
theta_c_pr[3,142]	0.5851	0.002726	0.4895	0.4679	-0.4759	0.6197	1.459	34500.0	24930.0	1.851	1.0
theta_c_pr[3,143]	-0.8178	0.003568	0.7836	0.7803	-2.418	-0.7955	0.6505	49040.0	29210.0	2.632	1.0
theta_c_pr[3,144]	-0.6226	0.003114	0.5685	0.5478	-1.893	-0.5708	0.3469	36260.0	24690.0	1.945	1.0
theta_c_pr[3,145]	-0.8986	0.003236	0.6952	0.6864	-2.371	-0.8617	0.3562	48390.0	28450.0	2.597	1.0
theta_c_pr[3,146]	0.5205	0.002356	0.4255	0.4103	-0.3933	0.545	1.285	34830.0	23420.0	1.869	1.0
theta_c_pr[3,147]	-0.747	0.002829	0.534	0.5149	-1.903	-0.7095	0.1881	38750.0	24420.0	2.079	1.0
theta_c_pr[3,148]	-0.3025	0.002826	0.5334	0.5158	-1.447	-0.2719	0.6637	37070.0	27830.0	1.989	1.0
theta_c_pr[3,149]	0.1948	0.003203	0.5701	0.5506	-1.016	0.2241	1.24	32530.0	26790.0	1.746	1.0
theta_c_pr[3,150]	-0.2199	0.003616	0.7884	0.7714	-1.876	-0.1713	1.215	49650.0	29150.0	2.664	1.0
theta_c_pr[3,151]	-0.2702	0.002951	0.538	0.5118	-1.457	-0.2222	0.6616	37050.0	25600.0	1.988	1.0
theta_c_pr[3,152]	-1.353	0.002914	0.5755	0.5643	-2.596	-1.313	-0.3386	41330.0	28440.0	2.218	1.0
theta_c_pr[3,153]	-0.9421	0.003048	0.5982	0.5859	-2.219	-0.9096	0.1346	40230.0	27120.0	2.159	1.0
theta_c_pr[3,154]	1.162	0.002104	0.3348	0.3277	0.492	1.166	1.806	25420.0	28560.0	1.364	1.0
theta_c_pr[3,155]	-0.1824	0.003424	0.6031	0.5783	-1.501	-0.1372	0.8746	33090.0	25010.0	1.776	1.0
theta_c_pr[3,156]	-0.6758	0.003807	0.7007	0.6833	-2.105	-0.6598	0.6608	33890.0	30440.0	1.819	1.0
theta_c_pr[3,157]	-1.35	0.003078	0.6346	0.6315	-2.694	-1.306	-0.2283	45120.0	27100.0	2.421	1.0
theta_c_pr[3,158]	-0.7518	0.003341	0.669	0.6586	-2.159	-0.7178	0.4704	41310.0	29890.0	2.217	1.0
theta_c_pr[3,159]	-0.516	0.003643	0.8109	0.8046	-2.175	-0.4858	1.004	50060.0	31300.0	2.686	1.0
theta_c_pr[4,1]	-0.08507	0.002601	0.4567	0.4365	-1.08	-0.05238	0.7124	33180.0	25040.0	1.78	1.0
theta_c_pr[4,2]	1.198	0.002408	0.3576	0.3483	0.4699	1.207	1.879	22160.0	25790.0	1.189	1.0
theta_c_pr[4,3]	0.3285	0.002892	0.4967	0.4692	-0.771	0.3737	1.176	32190.0	24570.0	1.727	1.0
theta_c_pr[4,4]	0.8126	0.003496	0.6911	0.6533	-0.6963	0.8667	2.033	41420.0	27860.0	2.222	1.0
theta_c_pr[4,5]	0.1458	0.00363	0.7328	0.7095	-1.432	0.1956	1.439	43920.0	27070.0	2.357	1.0
theta_c_pr[4,6]	-0.6449	0.002296	0.3576	0.3465	-1.415	-0.6214	-0.004535	24900.0	26030.0	1.336	1.0
theta_c_pr[4,7]	-1.45	0.002943	0.595	0.5826	-2.744	-1.405	-0.4232	44060.0	27320.0	2.364	1.0
theta_c_pr[4,8]	0.2111	0.0023	0.3687	0.3497	-0.5894	0.2354	0.8609	26760.0	23990.0	1.436	1.0
theta_c_pr[4,9]	-0.2449	0.002242	0.3296	0.3218	-0.9529	-0.224	0.3397	22330.0	24610.0	1.198	1.0
theta_c_pr[4,10]	1.147	0.002221	0.3288	0.3177	0.4632	1.158	1.764	22090.0	24880.0	1.185	1.0
theta_c_pr[4,11]	0.6657	0.002138	0.3693	0.3574	-0.1034	0.6797	1.357	30400.0	26650.0	1.631	1.0
theta_c_pr[4,12]	0.3787	0.002175	0.3701	0.3601	-0.4028	0.3953	1.051	29560.0	27590.0	1.586	1.0
theta_c_pr[4,13]	-0.6534	0.002955	0.5161	0.4889	-1.81	-0.6013	0.2165	34190.0	24190.0	1.835	1.0
theta_c_pr[4,14]	-0.3016	0.00335	0.6135	0.5811	-1.633	-0.2644	0.8115	35250.0	25360.0	1.892	1.0
theta_c_pr[4,15]	0.2524	0.002748	0.4962	0.4628	-0.8452	0.2932	1.105	36450.0	23520.0	1.956	1.0
theta_c_pr[4,16]	0.3888	0.002506	0.3891	0.3784	-0.429	0.4105	1.099	24790.0	24750.0	1.33	1.0
theta_c_pr[4,17]	-1.059	0.00322	0.6138	0.5989	-2.406	-1.002	-0.02189	40330.0	25980.0	2.164	1.0
theta_c_pr[4,18]	-0.7905	0.002764	0.5066	0.4884	-1.886	-0.7571	0.1095	35120.0	25930.0	1.885	1.0
theta_c_pr[4,19]	0.6874	0.002992	0.5625	0.5308	-0.5344	0.73	1.685	37970.0	25780.0	2.038	1.0
theta_c_pr[4,20]	1.218	0.002087	0.3108	0.3036	0.6018	1.217	1.829	22220.0	27620.0	1.192	1.0
theta_c_pr[4,21]	0.5299	0.002833	0.4804	0.4582	-0.5163	0.5592	1.398	30180.0	26010.0	1.619	1.0
theta_c_pr[4,22]	0.2884	0.002876	0.505	0.4756	-0.8192	0.3268	1.173	33480.0	23910.0	1.796	1.0
theta_c_pr[4,23]	-0.3792	0.003731	0.7963	0.7818	-2.053	-0.3422	1.1	46680.0	28750.0	2.505	1.0
theta_c_pr[4,24]	-0.1574	0.003055	0.5321	0.5043	-1.344	-0.1089	0.7545	32910.0	25430.0	1.766	1.0
theta_c_pr[4,25]	0.7998	0.002487	0.4058	0.3877	-0.0623	0.8184	1.542	27500.0	24950.0	1.476	1.0
theta_c_pr[4,26]	0.4457	0.002042	0.3136	0.3057	-0.208	0.4586	1.031	23740.0	27060.0	1.274	1.0
theta_c_pr[4,27]	0.6669	0.001954	0.2774	0.2701	0.09589	0.6725	1.199	20170.0	26610.0	1.082	1.0
theta_c_pr[4,28]	-0.5395	0.002258	0.3537	0.3372	-1.316	-0.511	0.07455	26010.0	24470.0	1.396	1.0
theta_c_pr[4,29]	-0.3622	0.002884	0.4914	0.4616	-1.474	-0.3065	0.4484	32560.0	23610.0	1.747	1.0
theta_c_pr[4,30]	0.6115	0.001907	0.3031	0.2926	-0.02056	0.6198	1.179	25620.0	25140.0	1.375	1.0
theta_c_pr[4,31]	0.36	0.004145	0.8888	0.8954	-1.48	0.3929	1.989	47070.0	29950.0	2.526	1.0
theta_c_pr[4,32]	-0.1836	0.003446	0.6782	0.6486	-1.678	-0.1304	1.002	42450.0	24710.0	2.278	1.0
theta_c_pr[4,33]	0.9464	0.001722	0.2238	0.2211	0.5076	0.9448	1.39	16910.0	23990.0	0.9075	1.0
theta_c_pr[4,34]	-0.405	0.003712	0.7798	0.7655	-2.055	-0.3621	1.009	46050.0	26890.0	2.471	1.0
theta_c_pr[4,35]	0.7508	0.003207	0.5506	0.5229	-0.4316	0.778	1.759	30460.0	25930.0	1.634	1.0
theta_c_pr[4,36]	-1.05	0.00311	0.5849	0.5711	-2.345	-0.9992	-0.0366	37730.0	26880.0	2.024	1.0
theta_c_pr[4,37]	0.6986	0.002388	0.3693	0.3548	-0.0816	0.7166	1.37	24360.0	25470.0	1.307	1.0
theta_c_pr[4,38]	0.02735	0.002342	0.3897	0.3744	-0.8158	0.05742	0.7182	28610.0	25330.0	1.535	1.0
theta_c_pr[4,39]	0.484	0.002295	0.3845	0.3654	-0.3422	0.509	1.176	29330.0	24760.0	1.574	1.0
theta_c_pr[4,40]	1.373	0.001998	0.2525	0.2476	0.8798	1.372	1.875	15990.0	25190.0	0.8581	1.0
theta_c_pr[4,41]	0.3473	0.004061	0.9163	0.8935	-1.538	0.372	2.079	51680.0	29010.0	2.773	1.0
theta_c_pr[4,42]	-0.6305	0.003429	0.6111	0.5865	-1.986	-0.5742	0.4158	33660.0	27360.0	1.806	1.0
theta_c_pr[4,43]	0.4098	0.002865	0.488	0.4534	-0.6884	0.4518	1.256	31170.0	24080.0	1.673	1.0
theta_c_pr[4,44]	0.124	0.00389	0.7693	0.7472	-1.543	0.1823	1.476	41970.0	27700.0	2.252	1.0
theta_c_pr[4,45]	0.1443	0.002659	0.4476	0.4264	-0.8308	0.1776	0.933	29920.0	25340.0	1.605	1.0
theta_c_pr[4,46]	-0.4182	0.003373	0.6296	0.5991	-1.821	-0.3564	0.6405	38980.0	24820.0	2.092	1.0
theta_c_pr[4,47]	0.9973	0.002316	0.333	0.324	0.3221	1.004	1.637	20750.0	24740.0	1.114	1.0
theta_c_pr[4,48]	0.8845	0.004147	0.8622	0.8441	-0.9523	0.9332	2.439	45490.0	27550.0	2.441	1.0
theta_c_pr[4,49]	-0.1039	0.00404	0.9145	0.9115	-1.948	-0.08291	1.634	51730.0	28060.0	2.776	1.0
theta_c_pr[4,50]	0.1327	0.003973	0.8761	0.8661	-1.68	0.1713	1.761	49610.0	30850.0	2.662	1.0
theta_c_pr[4,51]	0.3637	0.004351	1.037	1.047	-1.709	0.3861	2.332	57160.0	30320.0	3.067	1.0
theta_c_pr[4,52]	0.03385	0.001672	0.2273	0.2215	-0.443	0.04464	0.4532	18640.0	24960.0	1.0	1.0
theta_c_pr[4,53]	0.1332	0.00269	0.4261	0.4055	-0.7892	0.1664	0.8748	26700.0	22990.0	1.433	1.0
theta_c_pr[4,54]	0.5745	0.004056	0.8536	0.8356	-1.239	0.6236	2.138	45990.0	28230.0	2.468	1.0
theta_c_pr[4,55]	-0.3342	0.00397	0.8304	0.8252	-2.065	-0.2952	1.189	44780.0	29080.0	2.403	1.0
theta_c_pr[4,56]	-2.819	0.002858	0.5276	0.5221	-3.952	-2.786	-1.879	35080.0	29210.0	1.882	1.0
theta_c_pr[4,57]	0.7107	0.003038	0.5741	0.5494	-0.5302	0.7525	1.735	38400.0	25630.0	2.06	1.0
theta_c_pr[4,58]	0.1577	0.00349	0.6603	0.6317	-1.316	0.2238	1.275	39340.0	25280.0	2.111	1.0
theta_c_pr[4,59]	-1.573	0.00352	0.7022	0.6913	-3.034	-1.547	-0.2722	40620.0	28520.0	2.18	1.0
theta_c_pr[4,60]	0.8232	0.002262	0.3591	0.3525	0.07064	0.8362	1.494	25440.0	26740.0	1.365	1.0
theta_c_pr[4,61]	0.3651	0.002263	0.3654	0.3502	-0.425	0.39	1.012	27170.0	24870.0	1.458	1.0
theta_c_pr[4,62]	0.4588	0.002609	0.4211	0.4016	-0.4451	0.4863	1.213	27390.0	24700.0	1.47	1.0
theta_c_pr[4,63]	-1.328	0.003313	0.6203	0.609	-2.669	-1.283	-0.2435	36360.0	27980.0	1.951	1.0
theta_c_pr[4,64]	-1.217	0.003242	0.6709	0.6576	-2.641	-1.174	-0.01507	44670.0	27640.0	2.397	1.0
theta_c_pr[4,65]	0.721	0.0045	1.017	1.018	-1.381	0.7623	2.615	52080.0	29550.0	2.795	1.0
theta_c_pr[4,66]	-0.4241	0.003372	0.5703	0.548	-1.661	-0.3771	0.5754	30140.0	24820.0	1.617	1.0
theta_c_pr[4,67]	-1.824	0.003274	0.6471	0.649	-3.177	-1.79	-0.6533	40580.0	30320.0	2.177	1.0
theta_c_pr[4,68]	0.2968	0.002581	0.4586	0.4371	-0.6929	0.3289	1.104	34830.0	25950.0	1.869	1.0
theta_c_pr[4,69]	0.2476	0.002468	0.3972	0.3769	-0.6156	0.2745	0.9596	26910.0	25180.0	1.444	1.0
theta_c_pr[4,70]	0.3121	0.002345	0.3588	0.3375	-0.4873	0.3439	0.9302	24920.0	22840.0	1.337	1.0
theta_c_pr[4,71]	0.2971	0.002832	0.4566	0.4271	-0.7261	0.3409	1.066	28060.0	24350.0	1.506	1.0
theta_c_pr[4,72]	-0.9466	0.003399	0.5982	0.5806	-2.269	-0.8907	0.06437	32780.0	25920.0	1.759	1.0
theta_c_pr[4,73]	-2.937	0.002893	0.5159	0.5115	-4.036	-2.904	-2.021	32640.0	28120.0	1.751	1.0
theta_c_pr[4,74]	-0.2236	0.003692	0.8859	0.8839	-2.004	-0.2011	1.451	58200.0	30370.0	3.123	1.0
theta_c_pr[4,75]	0.1488	0.003876	0.8446	0.8251	-1.635	0.1864	1.698	49000.0	28680.0	2.629	1.0
theta_c_pr[4,76]	0.745	0.003941	0.8156	0.7804	-1.006	0.8009	2.205	45450.0	27140.0	2.439	1.0
theta_c_pr[4,77]	0.5785	0.003759	0.6748	0.6468	-0.9013	0.6271	1.773	34150.0	25560.0	1.833	1.0
theta_c_pr[4,78]	-0.165	0.004173	0.9871	0.9817	-2.089	-0.1658	1.797	56090.0	31320.0	3.01	1.0
theta_c_pr[4,79]	-0.6101	0.003344	0.6928	0.6776	-2.109	-0.5567	0.61	45740.0	28120.0	2.454	1.0
theta_c_pr[4,80]	-0.1312	0.002983	0.5232	0.4918	-1.317	-0.0776	0.7445	34750.0	23430.0	1.865	1.0
theta_c_pr[4,81]	-0.5097	0.003586	0.6537	0.6359	-1.962	-0.4478	0.5928	35950.0	27520.0	1.929	1.0
theta_c_pr[4,82]	0.7585	0.002983	0.5312	0.5102	-0.3806	0.793	1.709	33870.0	24950.0	1.818	1.0
theta_c_pr[4,83]	-1.542	0.002944	0.5837	0.5691	-2.826	-1.491	-0.538	42880.0	27390.0	2.301	1.0
theta_c_pr[4,84]	0.3177	0.002235	0.3683	0.3605	-0.4532	0.3332	1.0	27660.0	26810.0	1.484	1.0
theta_c_pr[4,85]	0.2929	0.00248	0.4242	0.4037	-0.6478	0.3255	1.031	31070.0	24200.0	1.667	1.0
theta_c_pr[4,86]	1.209	0.002284	0.3681	0.3604	0.4572	1.217	1.91	26110.0	27600.0	1.401	1.0
theta_c_pr[4,87]	0.2977	0.002247	0.3805	0.3613	-0.5257	0.3233	0.9683	30070.0	25520.0	1.613	1.0
theta_c_pr[4,88]	1.114	0.002506	0.4423	0.4307	0.1837	1.132	1.93	31840.0	25940.0	1.708	0.9999
theta_c_pr[4,89]	0.05501	0.002631	0.4599	0.4355	-0.9494	0.08627	0.8582	33060.0	25600.0	1.774	1.0
theta_c_pr[4,90]	-0.8267	0.003335	0.647	0.626	-2.258	-0.7691	0.2824	40780.0	27370.0	2.188	1.0
theta_c_pr[4,91]	-0.1473	0.003826	0.8218	0.8088	-1.869	-0.1178	1.38	47030.0	30050.0	2.523	1.0
theta_c_pr[4,92]	-0.2805	0.003832	0.7445	0.7305	-1.892	-0.2251	1.01	40280.0	27780.0	2.161	1.0
theta_c_pr[4,93]	-1.353	0.003071	0.6459	0.6356	-2.735	-1.314	-0.1905	46570.0	27630.0	2.499	1.0
theta_c_pr[4,94]	0.5598	0.00217	0.3431	0.3319	-0.1747	0.5797	1.177	25590.0	24790.0	1.373	1.0
theta_c_pr[4,95]	0.5857	0.001771	0.2456	0.2413	0.08646	0.5901	1.053	19280.0	23690.0	1.035	1.0
theta_c_pr[4,96]	-1.091	0.003227	0.7155	0.7062	-2.59	-1.06	0.2279	51090.0	27220.0	2.742	1.0
theta_c_pr[4,97]	1.152	0.002295	0.3843	0.3672	0.3641	1.166	1.879	28470.0	26610.0	1.528	1.0
theta_c_pr[4,98]	0.5202	0.002944	0.5184	0.4984	-0.5682	0.5411	1.472	31730.0	26950.0	1.703	1.0
theta_c_pr[4,99]	-0.2678	0.003974	0.8064	0.797	-1.972	-0.2218	1.167	42950.0	27540.0	2.305	1.0
theta_c_pr[4,100]	-1.573	0.003596	0.7046	0.701	-3.007	-1.554	-0.2423	38560.0	31320.0	2.069	1.0
theta_c_pr[4,101]	-1.248	0.003357	0.6627	0.6543	-2.664	-1.208	-0.06195	40440.0	28460.0	2.17	1.0
theta_c_pr[4,102]	0.4674	0.002877	0.4797	0.4517	-0.6025	0.5079	1.295	29990.0	24580.0	1.609	1.0
theta_c_pr[4,103]	0.316	0.003266	0.573	0.5386	-0.9583	0.3689	1.285	33790.0	24030.0	1.813	1.0
theta_c_pr[4,104]	0.327	0.002125	0.3493	0.3411	-0.4029	0.3381	0.9761	27260.0	26760.0	1.463	1.0
theta_c_pr[4,105]	0.6137	0.002813	0.4775	0.4543	-0.4075	0.6437	1.467	29940.0	25100.0	1.607	1.0
theta_c_pr[4,106]	-0.352	0.004222	0.9451	0.9243	-2.191	-0.3591	1.553	50400.0	28300.0	2.705	1.0
theta_c_pr[4,107]	-1.918	0.002873	0.5793	0.5749	-3.163	-1.877	-0.9033	43100.0	28960.0	2.313	1.0
theta_c_pr[4,108]	-0.1847	0.003499	0.6392	0.6122	-1.611	-0.1343	0.9143	36660.0	24110.0	1.967	1.0
theta_c_pr[4,109]	-0.103	0.002854	0.4987	0.4762	-1.199	-0.06108	0.7563	32700.0	25540.0	1.755	1.0
theta_c_pr[4,110]	0.7393	0.002338	0.3594	0.3453	-0.0248	0.7561	1.395	24040.0	24680.0	1.29	1.0
theta_c_pr[4,111]	0.6994	0.001928	0.3307	0.3212	0.01702	0.7082	1.325	29710.0	26630.0	1.594	1.0
theta_c_pr[4,112]	0.2059	0.002662	0.3969	0.3735	-0.6717	0.2382	0.8932	23840.0	21740.0	1.279	1.0
theta_c_pr[4,113]	0.3042	0.002243	0.3879	0.3692	-0.5384	0.3318	0.991	31350.0	26400.0	1.682	1.0
theta_c_pr[4,114]	-1.357	0.003088	0.6534	0.646	-2.76	-1.313	-0.2071	48310.0	26650.0	2.593	1.0
theta_c_pr[4,115]	-0.1347	0.002926	0.5013	0.4733	-1.231	-0.09218	0.7252	32020.0	25420.0	1.718	1.0
theta_c_pr[4,116]	0.2112	0.002288	0.3721	0.3539	-0.6004	0.2361	0.8683	27600.0	23480.0	1.481	1.0
theta_c_pr[4,117]	-0.1203	0.002727	0.5006	0.4787	-1.212	-0.08058	0.7435	36650.0	23950.0	1.967	1.0
theta_c_pr[4,118]	-0.2648	0.00296	0.5327	0.5042	-1.445	-0.2219	0.6562	34800.0	26040.0	1.867	1.0
theta_c_pr[4,119]	0.2643	0.003828	0.7861	0.7687	-1.434	0.3203	1.652	44950.0	27710.0	2.412	1.0
theta_c_pr[4,120]	-0.2788	0.002576	0.4116	0.3875	-1.187	-0.2434	0.4263	27070.0	23630.0	1.452	1.0
theta_c_pr[4,121]	-0.7596	0.003312	0.703	0.6968	-2.258	-0.7199	0.4993	47650.0	29310.0	2.557	1.0
theta_c_pr[4,122]	1.199	0.003538	0.6348	0.609	-0.1373	1.227	2.369	32850.0	27560.0	1.763	1.0
theta_c_pr[4,123]	-0.4201	0.003299	0.6945	0.669	-1.897	-0.3854	0.8505	46000.0	28630.0	2.469	1.0
theta_c_pr[4,124]	-1.116	0.002971	0.5048	0.4781	-2.252	-1.066	-0.2615	32000.0	23230.0	1.717	1.0
theta_c_pr[4,125]	0.178	0.002247	0.3443	0.3319	-0.5684	0.2022	0.7824	24350.0	23510.0	1.307	1.0
theta_c_pr[4,126]	0.7266	0.002233	0.3826	0.3647	-0.09077	0.7463	1.424	30180.0	25830.0	1.619	1.0
theta_c_pr[4,127]	-0.09027	0.003857	0.8045	0.7875	-1.809	-0.04791	1.36	45210.0	29280.0	2.426	1.0
theta_c_pr[4,128]	0.7098	0.002078	0.3184	0.3036	0.04312	0.7235	1.3	23920.0	24810.0	1.284	1.0
theta_c_pr[4,129]	0.2738	0.002989	0.5249	0.4953	-0.8849	0.3192	1.172	33340.0	25570.0	1.789	1.0
theta_c_pr[4,130]	1.46	0.002224	0.3115	0.3069	0.8415	1.463	2.069	19570.0	27970.0	1.05	1.0
theta_c_pr[4,131]	1.519	0.003369	0.5921	0.574	0.2831	1.546	2.62	31910.0	27350.0	1.712	1.0
theta_c_pr[4,132]	-0.4734	0.003862	0.8925	0.8944	-2.234	-0.4672	1.269	53570.0	30030.0	2.875	1.0
theta_c_pr[4,133]	-0.1717	0.004026	0.7595	0.7341	-1.794	-0.1265	1.208	36590.0	28180.0	1.963	1.0
theta_c_pr[4,134]	0.1535	0.001674	0.2281	0.2228	-0.3149	0.1604	0.5784	18700.0	25290.0	1.003	1.0
theta_c_pr[4,135]	-1.848	0.002915	0.6349	0.6333	-3.18	-1.816	-0.686	49000.0	27690.0	2.629	1.0
theta_c_pr[4,136]	-0.3118	0.002934	0.5009	0.4685	-1.437	-0.26	0.5332	32410.0	23810.0	1.739	1.0
theta_c_pr[4,137]	-0.3058	0.003792	0.7519	0.7382	-1.906	-0.2607	1.047	40670.0	28550.0	2.182	1.0
theta_c_pr[4,138]	0.9544	0.001899	0.273	0.2677	0.4095	0.9571	1.485	20690.0	25840.0	1.11	1.0
theta_c_pr[4,139]	0.5137	0.00193	0.2981	0.2887	-0.1053	0.5264	1.068	24140.0	25770.0	1.296	1.0
theta_c_pr[4,140]	0.09934	0.001954	0.2828	0.2762	-0.4995	0.1122	0.6175	21140.0	26320.0	1.134	1.0
theta_c_pr[4,141]	-0.09062	0.003093	0.5005	0.4669	-1.196	-0.04606	0.7695	28920.0	23150.0	1.552	1.0
theta_c_pr[4,142]	0.4505	0.002225	0.3588	0.3418	-0.3068	0.4682	1.104	26510.0	25890.0	1.422	1.0
theta_c_pr[4,143]	-0.474	0.002519	0.4093	0.3906	-1.375	-0.4401	0.2363	27890.0	22790.0	1.497	1.0
theta_c_pr[4,144]	-0.2727	0.003131	0.6053	0.5819	-1.62	-0.2193	0.7675	41410.0	25240.0	2.222	1.0
theta_c_pr[4,145]	-1.826	0.002904	0.5419	0.5304	-3.007	-1.78	-0.8883	37220.0	27090.0	1.997	1.0
theta_c_pr[4,146]	1.178	0.002162	0.3157	0.3106	0.5507	1.179	1.795	21330.0	28750.0	1.145	1.0
theta_c_pr[4,147]	1.067	0.002742	0.5121	0.499	0.02042	1.082	2.032	35690.0	27230.0	1.915	1.0
theta_c_pr[4,148]	0.06693	0.003811	0.659	0.6383	-1.331	0.106	1.267	31000.0	26860.0	1.663	1.0
theta_c_pr[4,149]	-0.3341	0.002583	0.4311	0.4073	-1.294	-0.2964	0.4044	30280.0	23730.0	1.625	1.0
theta_c_pr[4,150]	-0.2087	0.00405	0.9353	0.9294	-2.076	-0.1924	1.581	53580.0	29870.0	2.875	1.0
theta_c_pr[4,151]	0.3638	0.002164	0.3468	0.3327	-0.3774	0.3835	0.9897	26470.0	25310.0	1.42	1.0
theta_c_pr[4,152]	-0.02253	0.003282	0.6054	0.582	-1.348	0.03005	1.02	36810.0	26660.0	1.975	1.0
theta_c_pr[4,153]	-1.051	0.003238	0.6485	0.6354	-2.45	-1.002	0.08267	43130.0	27390.0	2.314	1.0
theta_c_pr[4,154]	-1.103	0.002929	0.4867	0.4619	-2.2	-1.056	-0.2828	29770.0	24780.0	1.597	1.0
theta_c_pr[4,155]	-0.9028	0.002985	0.558	0.5402	-2.126	-0.8582	0.06857	37510.0	25200.0	2.013	1.0
theta_c_pr[4,156]	-0.8327	0.003636	0.7269	0.7142	-2.35	-0.8013	0.5085	40370.0	31170.0	2.166	1.0
theta_c_pr[4,157]	1.345	0.003181	0.5913	0.5663	0.1075	1.367	2.443	35500.0	27820.0	1.905	1.0
theta_c_pr[4,158]	0.235	0.003883	0.8311	0.8204	-1.487	0.2646	1.773	47310.0	28430.0	2.539	1.0
theta_c_pr[4,159]	1.093	0.00379	0.7471	0.718	-0.5006	1.129	2.463	40410.0	27720.0	2.168	1.0
theta_c_pr[5,1]	0.2138	0.003594	0.6289	0.6226	-0.9653	0.1946	1.493	30570.0	30870.0	1.64	1.0
theta_c_pr[5,2]	1.093	0.003603	0.667	0.6612	-0.181	1.078	2.438	34300.0	30240.0	1.841	1.0
theta_c_pr[5,3]	-0.2314	0.004447	0.7569	0.7539	-1.666	-0.2468	1.303	29020.0	30180.0	1.557	1.0
theta_c_pr[5,4]	-0.8676	0.003859	0.6941	0.6872	-2.213	-0.8692	0.5181	32410.0	30370.0	1.739	1.0
theta_c_pr[5,5]	-2.093	0.003392	0.5895	0.5853	-3.264	-2.086	-0.9529	30260.0	30560.0	1.624	1.0
theta_c_pr[5,6]	-1.493	0.003831	0.6305	0.62	-2.712	-1.502	-0.2245	27220.0	28890.0	1.461	1.0
theta_c_pr[5,7]	0.2235	0.00368	0.6786	0.6749	-1.098	0.219	1.571	34070.0	30820.0	1.828	1.0
theta_c_pr[5,8]	0.5903	0.003658	0.6568	0.6526	-0.6616	0.5792	1.913	32250.0	31540.0	1.731	1.0
theta_c_pr[5,9]	-0.2943	0.003541	0.6094	0.6067	-1.468	-0.3012	0.9361	29710.0	29220.0	1.594	1.0
theta_c_pr[5,10]	0.3737	0.003742	0.6383	0.6286	-0.8347	0.3584	1.67	29310.0	28890.0	1.573	1.0
theta_c_pr[5,11]	-0.2429	0.003467	0.6269	0.6197	-1.461	-0.2485	1.012	32780.0	30220.0	1.759	1.0
theta_c_pr[5,12]	0.604	0.003559	0.6604	0.6531	-0.6639	0.5964	1.921	34460.0	28990.0	1.849	1.0
theta_c_pr[5,13]	0.3694	0.003588	0.6793	0.6788	-0.9372	0.3589	1.734	35870.0	29340.0	1.925	1.0
theta_c_pr[5,14]	-0.4109	0.003783	0.6644	0.6566	-1.672	-0.4292	0.9451	30870.0	30200.0	1.657	1.0
theta_c_pr[5,15]	-0.02575	0.003332	0.5914	0.5811	-1.153	-0.03835	1.179	31560.0	29550.0	1.693	1.0
theta_c_pr[5,16]	0.5539	0.003565	0.6167	0.6105	-0.6315	0.5413	1.802	29960.0	29510.0	1.607	1.0
theta_c_pr[5,17]	0.9001	0.003503	0.6636	0.6564	-0.3893	0.8936	2.233	35940.0	30220.0	1.928	1.0
theta_c_pr[5,18]	0.445	0.003215	0.5951	0.586	-0.6881	0.4289	1.662	34370.0	29730.0	1.844	1.0
theta_c_pr[5,19]	-1.033	0.003269	0.586	0.5784	-2.175	-1.041	0.1393	32270.0	29380.0	1.731	1.0
theta_c_pr[5,20]	0.9774	0.003761	0.7132	0.7205	-0.3842	0.9704	2.402	36030.0	31490.0	1.934	1.0
theta_c_pr[5,21]	0.428	0.003432	0.6416	0.6344	-0.8114	0.4196	1.719	34710.0	31120.0	1.863	1.0
theta_c_pr[5,22]	-0.5632	0.003317	0.5853	0.5775	-1.69	-0.5713	0.6102	31230.0	29760.0	1.676	1.0
theta_c_pr[5,23]	0.802	0.003769	0.7833	0.775	-0.738	0.799	2.35	43210.0	30440.0	2.319	1.0
theta_c_pr[5,24]	0.3804	0.003407	0.6359	0.6257	-0.8445	0.3725	1.66	34850.0	30800.0	1.87	1.0
theta_c_pr[5,25]	-0.1155	0.003619	0.6148	0.6049	-1.304	-0.1233	1.109	28870.0	29650.0	1.549	1.0
theta_c_pr[5,26]	-0.09573	0.00339	0.6154	0.6038	-1.291	-0.1046	1.136	32930.0	29900.0	1.767	1.0
theta_c_pr[5,27]	0.2328	0.004174	0.7319	0.7263	-1.154	0.2125	1.722	30800.0	27600.0	1.652	1.0
theta_c_pr[5,28]	0.5152	0.003438	0.631	0.6253	-0.6788	0.496	1.806	33980.0	28990.0	1.823	1.0
theta_c_pr[5,29]	0.2272	0.003259	0.5804	0.5736	-0.8907	0.2203	1.387	31860.0	30690.0	1.709	1.0
theta_c_pr[5,30]	0.5651	0.003356	0.6007	0.592	-0.5842	0.553	1.773	32110.0	29620.0	1.723	1.0
theta_c_pr[5,31]	-1.825	0.003326	0.6596	0.6542	-3.13	-1.818	-0.5448	39360.0	31600.0	2.112	1.0
theta_c_pr[5,32]	-0.5877	0.003097	0.5804	0.5722	-1.722	-0.5936	0.5708	35240.0	29900.0	1.891	1.0
theta_c_pr[5,33]	0.6543	0.003159	0.6066	0.6043	-0.505	0.6435	1.884	36960.0	30780.0	1.983	1.0
theta_c_pr[5,34]	-0.6367	0.003418	0.6432	0.6353	-1.9	-0.6391	0.6254	35440.0	31220.0	1.901	1.0
theta_c_pr[5,35]	-0.4833	0.003467	0.6728	0.6642	-1.778	-0.492	0.853	37880.0	29480.0	2.033	1.0
theta_c_pr[5,36]	0.9242	0.004035	0.7065	0.6999	-0.4177	0.9106	2.361	30600.0	30000.0	1.642	1.0
theta_c_pr[5,37]	-0.09379	0.004174	0.6832	0.6733	-1.395	-0.1099	1.293	26870.0	28310.0	1.442	1.0
theta_c_pr[5,38]	0.5617	0.003303	0.6039	0.5961	-0.6063	0.5543	1.777	33430.0	31670.0	1.794	1.0
theta_c_pr[5,39]	-1.006	0.003138	0.5299	0.5298	-2.044	-1.005	0.03081	28580.0	31790.0	1.534	1.0
theta_c_pr[5,40]	1.153	0.003677	0.6898	0.6853	-0.1619	1.136	2.548	35220.0	29260.0	1.89	1.0
theta_c_pr[5,41]	-1.476	0.00335	0.748	0.7338	-2.951	-1.479	0.002885	49980.0	29820.0	2.682	1.0
theta_c_pr[5,42]	1.053	0.00345	0.6614	0.6557	-0.1941	1.035	2.413	36870.0	29320.0	1.978	1.0
theta_c_pr[5,43]	0.1689	0.003421	0.6372	0.6274	-1.052	0.1578	1.448	34720.0	31620.0	1.863	1.0
theta_c_pr[5,44]	0.6293	0.004135	0.8059	0.8	-0.9188	0.6067	2.244	38080.0	29700.0	2.043	1.0
theta_c_pr[5,45]	-0.2304	0.003528	0.6313	0.6206	-1.447	-0.2362	1.039	32140.0	29460.0	1.725	1.0
theta_c_pr[5,46]	-0.1242	0.003364	0.5995	0.6015	-1.271	-0.1326	1.072	31790.0	29640.0	1.706	1.0
theta_c_pr[5,47]	0.2484	0.003479	0.5925	0.5896	-0.878	0.2366	1.449	28990.0	30770.0	1.556	1.0
theta_c_pr[5,48]	-0.3786	0.003531	0.6976	0.6944	-1.722	-0.387	1.007	39100.0	30920.0	2.098	1.0
theta_c_pr[5,49]	-1.819	0.003399	0.6697	0.663	-3.128	-1.823	-0.4857	38910.0	30300.0	2.088	1.0
theta_c_pr[5,50]	-1.148	0.003686	0.7521	0.7455	-2.57	-1.169	0.3882	41920.0	31110.0	2.249	1.0
theta_c_pr[5,51]	-0.5019	0.003655	0.7835	0.7763	-2.05	-0.4976	1.033	46080.0	31260.0	2.473	1.0
theta_c_pr[5,52]	0.8163	0.003587	0.6762	0.6703	-0.4514	0.7994	2.203	35700.0	31410.0	1.916	1.0
theta_c_pr[5,53]	-0.06263	0.003639	0.622	0.6178	-1.26	-0.07331	1.198	29180.0	29820.0	1.566	1.0
theta_c_pr[5,54]	-0.5648	0.003666	0.7434	0.7283	-1.995	-0.5788	0.9396	41310.0	30550.0	2.217	1.0
theta_c_pr[5,55]	0.1676	0.00339	0.6466	0.6331	-1.064	0.1483	1.493	36830.0	29890.0	1.976	1.0
theta_c_pr[5,56]	0.8984	0.00414	0.8976	0.9017	-0.8607	0.8988	2.644	47060.0	31440.0	2.525	1.0
theta_c_pr[5,57]	1.357	0.003244	0.6538	0.6494	0.09867	1.353	2.667	40840.0	30590.0	2.191	1.0
theta_c_pr[5,58]	0.8575	0.003505	0.6717	0.6688	-0.4096	0.8364	2.238	37000.0	29470.0	1.985	1.0
theta_c_pr[5,59]	-0.07375	0.003515	0.6276	0.6169	-1.279	-0.08929	1.198	31940.0	28610.0	1.714	1.0
theta_c_pr[5,60]	0.5184	0.004467	0.7407	0.7395	-0.8854	0.5023	2.027	27430.0	29180.0	1.472	1.0
theta_c_pr[5,61]	0.5659	0.004326	0.7251	0.7221	-0.8009	0.5456	2.047	28110.0	29750.0	1.508	1.0
theta_c_pr[5,62]	-0.544	0.003572	0.6297	0.622	-1.771	-0.5472	0.7077	31160.0	29420.0	1.672	1.0
theta_c_pr[5,63]	-0.1184	0.003918	0.657	0.6534	-1.368	-0.1346	1.221	28170.0	30650.0	1.512	1.0
theta_c_pr[5,64]	0.06608	0.003392	0.6517	0.6389	-1.192	0.06011	1.39	36980.0	31030.0	1.985	1.0
theta_c_pr[5,65]	-1.048	0.004124	0.8716	0.8662	-2.721	-1.062	0.7103	44990.0	29890.0	2.414	1.0
theta_c_pr[5,66]	0.3682	0.003655	0.6962	0.6908	-0.9721	0.3568	1.771	36400.0	30290.0	1.953	1.0
theta_c_pr[5,67]	0.2829	0.003642	0.7326	0.7206	-1.132	0.2742	1.751	40790.0	30980.0	2.189	1.0
theta_c_pr[5,68]	0.03574	0.003329	0.5871	0.5797	-1.099	0.02698	1.219	31200.0	29310.0	1.674	1.0
theta_c_pr[5,69]	-0.7338	0.004064	0.7021	0.6996	-2.086	-0.7426	0.6656	29890.0	29590.0	1.604	1.0
theta_c_pr[5,70]	0.408	0.003184	0.628	0.6255	-0.7971	0.3974	1.664	38900.0	31850.0	2.087	1.0
theta_c_pr[5,71]	0.9904	0.003221	0.5947	0.5917	-0.1474	0.9796	2.189	34120.0	31850.0	1.831	1.0
theta_c_pr[5,72]	-0.437	0.003382	0.6028	0.5955	-1.601	-0.4471	0.7605	31780.0	30080.0	1.705	1.0
theta_c_pr[5,73]	1.645	0.003911	0.8454	0.837	-0.04231	1.652	3.294	47240.0	28840.0	2.535	1.0
theta_c_pr[5,74]	-2.23	0.003201	0.6515	0.6445	-3.512	-2.234	-0.9463	41540.0	31390.0	2.229	1.0
theta_c_pr[5,75]	-0.7994	0.003531	0.7318	0.7219	-2.201	-0.8128	0.6753	43230.0	29260.0	2.32	1.0
theta_c_pr[5,76]	-0.8732	0.003546	0.7066	0.7025	-2.275	-0.8719	0.5081	39740.0	29250.0	2.133	1.0
theta_c_pr[5,77]	-0.7878	0.003666	0.6667	0.6607	-2.077	-0.793	0.5426	33070.0	30000.0	1.774	1.0
theta_c_pr[5,78]	-2.75	0.003092	0.6679	0.6598	-4.089	-2.744	-1.459	46850.0	29750.0	2.514	1.0
theta_c_pr[5,79]	0.1172	0.003909	0.6874	0.6797	-1.2	0.1065	1.495	30960.0	29150.0	1.661	1.0
theta_c_pr[5,80]	-0.06895	0.003417	0.5786	0.5734	-1.183	-0.07749	1.092	28710.0	29740.0	1.541	1.0
theta_c_pr[5,81]	0.6524	0.003356	0.6616	0.655	-0.6023	0.6392	1.985	39030.0	29720.0	2.094	1.0
theta_c_pr[5,82]	-0.2026	0.004077	0.6922	0.6909	-1.553	-0.2058	1.156	28810.0	28460.0	1.546	1.0
theta_c_pr[5,83]	0.8297	0.003641	0.6638	0.6595	-0.4164	0.811	2.187	33120.0	31530.0	1.777	1.0
theta_c_pr[5,84]	-0.05473	0.003321	0.5945	0.5906	-1.207	-0.06187	1.135	32080.0	30150.0	1.721	1.0
theta_c_pr[5,85]	-0.6052	0.003157	0.5563	0.5534	-1.682	-0.6122	0.4981	31070.0	29980.0	1.667	1.0
theta_c_pr[5,86]	0.5663	0.003859	0.6718	0.6653	-0.7177	0.5565	1.925	30320.0	31220.0	1.627	1.0
theta_c_pr[5,87]	-0.07497	0.003145	0.5848	0.5807	-1.197	-0.08284	1.089	34660.0	31540.0	1.86	1.0
theta_c_pr[5,88]	0.5639	0.003504	0.6393	0.6354	-0.6661	0.5534	1.839	33350.0	31250.0	1.79	1.0
theta_c_pr[5,89]	-0.04578	0.003878	0.6319	0.6309	-1.277	-0.04959	1.212	26600.0	28750.0	1.428	1.0
theta_c_pr[5,90]	0.2674	0.003802	0.6645	0.6578	-1.016	0.256	1.605	30580.0	29840.0	1.641	1.0
theta_c_pr[5,91]	-0.638	0.004185	0.8019	0.7906	-2.149	-0.6561	0.9899	36970.0	30180.0	1.984	1.0
theta_c_pr[5,92]	-0.2511	0.003547	0.624	0.619	-1.448	-0.2589	0.9975	31030.0	30100.0	1.665	1.0
theta_c_pr[5,93]	0.3257	0.005123	0.8563	0.8545	-1.331	0.3261	2.007	27980.0	29750.0	1.501	1.0
theta_c_pr[5,94]	0.4313	0.003627	0.6434	0.635	-0.8036	0.4198	1.726	31510.0	30690.0	1.691	1.0
theta_c_pr[5,95]	-0.9417	0.003348	0.5608	0.5571	-2.025	-0.9448	0.1707	28130.0	29790.0	1.509	1.0
theta_c_pr[5,96]	0.821	0.00379	0.7751	0.7724	-0.6765	0.8091	2.367	41950.0	30720.0	2.251	1.0
theta_c_pr[5,97]	0.2863	0.003735	0.692	0.6916	-1.035	0.2748	1.685	34390.0	30450.0	1.845	1.0
theta_c_pr[5,98]	0.4452	0.003447	0.6486	0.6384	-0.7828	0.4328	1.773	35530.0	30730.0	1.907	1.0
theta_c_pr[5,99]	0.04132	0.003789	0.7221	0.7167	-1.343	0.03675	1.488	36310.0	30730.0	1.948	1.0
theta_c_pr[5,100]	-1.4	0.002997	0.5322	0.5237	-2.45	-1.396	-0.3517	31560.0	29450.0	1.694	1.0
theta_c_pr[5,101]	-0.6967	0.004244	0.7081	0.7016	-2.055	-0.7092	0.7344	27880.0	30330.0	1.496	1.0
theta_c_pr[5,102]	0.09961	0.00372	0.6412	0.635	-1.169	0.1009	1.361	29780.0	29220.0	1.598	1.0
theta_c_pr[5,103]	-0.2234	0.00396	0.6831	0.672	-1.535	-0.2358	1.131	29770.0	29620.0	1.597	1.0
theta_c_pr[5,104]	-1.008	0.003593	0.575	0.5734	-2.123	-1.012	0.1356	25640.0	28550.0	1.376	1.0
theta_c_pr[5,105]	0.3575	0.004136	0.7985	0.7931	-1.187	0.3485	1.94	37300.0	30630.0	2.002	1.0
theta_c_pr[5,106]	0.1769	0.004161	0.9768	0.9709	-1.731	0.1784	2.093	55260.0	28950.0	2.965	1.0
theta_c_pr[5,107]	1.296	0.004192	0.7046	0.7024	-0.04049	1.277	2.723	28330.0	29520.0	1.52	1.0
theta_c_pr[5,108]	-0.1287	0.003461	0.6574	0.6514	-1.409	-0.1351	1.175	36070.0	31120.0	1.936	1.0
theta_c_pr[5,109]	0.4025	0.003689	0.6764	0.6617	-0.9068	0.3929	1.758	33690.0	31210.0	1.808	1.0
theta_c_pr[5,110]	0.6033	0.00444	0.7189	0.7127	-0.7404	0.5799	2.085	26240.0	29740.0	1.408	1.0
theta_c_pr[5,111]	0.9377	0.003053	0.5924	0.586	-0.1963	0.9253	2.139	37740.0	31140.0	2.025	1.0
theta_c_pr[5,112]	0.3559	0.003477	0.6187	0.615	-0.841	0.3463	1.591	31710.0	30330.0	1.701	1.0
theta_c_pr[5,113]	0.09557	0.003785	0.6683	0.662	-1.208	0.09323	1.426	31200.0	29930.0	1.674	1.0
theta_c_pr[5,114]	0.3034	0.003244	0.656	0.6555	-0.937	0.2899	1.622	40950.0	32020.0	2.197	1.0
theta_c_pr[5,115]	0.3956	0.003212	0.6228	0.6161	-0.8065	0.3875	1.635	37680.0	31270.0	2.022	1.0
theta_c_pr[5,116]	-0.487	0.003842	0.6295	0.6257	-1.689	-0.4925	0.7767	26880.0	29720.0	1.442	1.0
theta_c_pr[5,117]	-1.418	0.003481	0.5871	0.5791	-2.599	-1.411	-0.2868	28590.0	28590.0	1.534	1.0
theta_c_pr[5,118]	0.2409	0.003534	0.6924	0.683	-1.102	0.2312	1.625	38580.0	30470.0	2.07	1.0
theta_c_pr[5,119]	-0.6919	0.004218	0.77	0.7637	-2.204	-0.6926	0.8285	33340.0	29890.0	1.789	1.0
theta_c_pr[5,120]	0.7396	0.00377	0.7151	0.7235	-0.6167	0.7252	2.184	36020.0	31880.0	1.933	1.0
theta_c_pr[5,121]	-0.5876	0.003119	0.5467	0.5435	-1.663	-0.5895	0.4828	30780.0	30140.0	1.652	1.0
theta_c_pr[5,122]	-0.6261	0.00409	0.7095	0.702	-1.976	-0.6384	0.8093	30150.0	29800.0	1.618	1.0
theta_c_pr[5,123]	0.3435	0.004034	0.7697	0.765	-1.157	0.3379	1.871	36430.0	30640.0	1.955	1.0
theta_c_pr[5,124]	-0.2564	0.003444	0.6512	0.6467	-1.503	-0.2687	1.05	35810.0	30790.0	1.922	1.0
theta_c_pr[5,125]	0.6089	0.003458	0.635	0.6357	-0.5856	0.5925	1.898	33870.0	30030.0	1.817	1.0
theta_c_pr[5,126]	-0.5975	0.003701	0.6018	0.5926	-1.772	-0.5975	0.6007	26450.0	28380.0	1.419	1.0
theta_c_pr[5,127]	-0.2053	0.003844	0.7963	0.7869	-1.769	-0.2108	1.379	42990.0	29930.0	2.307	1.0
theta_c_pr[5,128]	0.3804	0.003453	0.6339	0.6242	-0.8196	0.3655	1.672	33880.0	30130.0	1.818	1.0
theta_c_pr[5,129]	0.9404	0.003983	0.7324	0.7248	-0.4695	0.9285	2.409	33910.0	30270.0	1.82	1.0
theta_c_pr[5,130]	0.1647	0.003713	0.6312	0.6248	-1.044	0.1537	1.428	29040.0	29020.0	1.558	1.0
theta_c_pr[5,131]	-0.742	0.00305	0.5746	0.5662	-1.876	-0.7372	0.3758	35640.0	29440.0	1.912	1.0
theta_c_pr[5,132]	0.08715	0.003996	0.9102	0.9059	-1.68	0.07793	1.897	52050.0	30590.0	2.793	1.0
theta_c_pr[5,133]	0.4629	0.003958	0.8203	0.813	-1.128	0.4589	2.097	43000.0	30570.0	2.307	1.0
theta_c_pr[5,134]	0.8329	0.003884	0.6963	0.6912	-0.4678	0.8127	2.253	32280.0	30290.0	1.732	1.0
theta_c_pr[5,135]	0.4551	0.003906	0.7209	0.7216	-0.9258	0.4452	1.9	34140.0	30830.0	1.832	1.0
theta_c_pr[5,136]	0.2511	0.004383	0.6982	0.6936	-1.082	0.237	1.653	25320.0	29370.0	1.359	1.0
theta_c_pr[5,137]	0.1969	0.004354	0.7873	0.7807	-1.324	0.186	1.773	32730.0	30580.0	1.756	1.0
theta_c_pr[5,138]	0.1322	0.003618	0.6103	0.6063	-1.026	0.12	1.369	28450.0	30320.0	1.527	1.0
theta_c_pr[5,139]	-0.898	0.003541	0.5987	0.5919	-2.051	-0.9103	0.3065	28640.0	30290.0	1.537	1.0
theta_c_pr[5,140]	0.3017	0.004089	0.7061	0.7023	-1.025	0.2824	1.746	29940.0	29480.0	1.607	1.0
theta_c_pr[5,141]	1.071	0.003714	0.7318	0.7263	-0.34	1.063	2.54	38820.0	30530.0	2.083	1.0
theta_c_pr[5,142]	-0.3919	0.003525	0.5865	0.574	-1.517	-0.4056	0.8026	27730.0	29480.0	1.488	1.0
theta_c_pr[5,143]	-0.4857	0.003755	0.7105	0.7021	-1.857	-0.4938	0.9346	36000.0	30980.0	1.932	1.0
theta_c_pr[5,144]	0.07586	0.003148	0.5758	0.5669	-1.046	0.07037	1.226	33500.0	29850.0	1.797	1.0
theta_c_pr[5,145]	0.3312	0.003707	0.6368	0.6283	-0.8951	0.317	1.618	29510.0	29400.0	1.584	1.0
theta_c_pr[5,146]	0.532	0.003537	0.6456	0.6393	-0.7107	0.524	1.828	33330.0	31700.0	1.789	1.0
theta_c_pr[5,147]	-0.006991	0.002952	0.544	0.5354	-1.039	-0.01876	1.089	34300.0	29750.0	1.84	1.0
theta_c_pr[5,148]	-0.1853	0.003208	0.6014	0.5936	-1.34	-0.1948	1.026	35220.0	31610.0	1.89	1.0
theta_c_pr[5,149]	1.047	0.004191	0.767	0.7589	-0.408	1.033	2.609	33660.0	30110.0	1.806	1.0
theta_c_pr[5,150]	-0.6789	0.004012	0.8687	0.8563	-2.339	-0.696	1.086	47450.0	28810.0	2.546	1.0
theta_c_pr[5,151]	0.7078	0.003777	0.6774	0.6739	-0.5771	0.6913	2.091	32160.0	30040.0	1.726	1.0
theta_c_pr[5,152]	0.306	0.003524	0.6375	0.6314	-0.9053	0.2904	1.594	32780.0	30720.0	1.759	1.0
theta_c_pr[5,153]	-0.8906	0.00386	0.5788	0.5722	-2.011	-0.8962	0.2729	22490.0	27580.0	1.207	1.0
theta_c_pr[5,154]	0.5304	0.00387	0.691	0.6871	-0.764	0.5112	1.945	32030.0	29940.0	1.718	1.0
theta_c_pr[5,155]	-0.03719	0.003759	0.6367	0.6309	-1.249	-0.0487	1.251	28650.0	30800.0	1.537	1.0
theta_c_pr[5,156]	0.314	0.00421	0.8122	0.8089	-1.243	0.2986	1.943	37240.0	31610.0	1.998	1.0
theta_c_pr[5,157]	-0.8418	0.003098	0.589	0.577	-1.991	-0.8457	0.3289	36160.0	31670.0	1.94	1.0
theta_c_pr[5,158]	-0.5157	0.003187	0.6261	0.6196	-1.735	-0.5181	0.7172	38650.0	30840.0	2.074	1.0
theta_c_pr[5,159]	0.364	0.004043	0.8021	0.7999	-1.18	0.3533	1.961	39380.0	30700.0	2.113	1.0
theta_c_pr[6,1]	0.2687	0.001917	0.2441	0.2384	-0.169	0.2553	0.7905	16380.0	23830.0	0.879	1.0
theta_c_pr[6,2]	-1.211	0.002137	0.2967	0.2893	-1.84	-1.196	-0.6711	19390.0	25240.0	1.041	1.0
theta_c_pr[6,3]	0.2523	0.001777	0.225	0.2186	-0.1525	0.2394	0.73	16100.0	24350.0	0.8637	1.0
theta_c_pr[6,4]	0.8949	0.002565	0.443	0.4309	0.1182	0.8623	1.852	31290.0	26580.0	1.679	1.0
theta_c_pr[6,5]	0.6515	0.002304	0.369	0.3545	0.004458	0.6223	1.461	26810.0	25190.0	1.438	1.0
theta_c_pr[6,6]	-0.6236	0.001765	0.2054	0.2006	-1.044	-0.6174	-0.2358	13540.0	23860.0	0.7267	1.0
theta_c_pr[6,7]	0.3649	0.002085	0.3378	0.329	-0.2572	0.3507	1.072	26440.0	27150.0	1.419	1.0
theta_c_pr[6,8]	0.5661	0.002041	0.2948	0.2861	0.03978	0.5485	1.2	21090.0	23460.0	1.132	1.0
theta_c_pr[6,9]	-0.9465	0.001884	0.2081	0.2029	-1.385	-0.935	-0.5698	12140.0	20130.0	0.6515	1.0
theta_c_pr[6,10]	-0.01895	0.001744	0.2253	0.2192	-0.4368	-0.0257	0.4499	16790.0	24390.0	0.901	1.0
theta_c_pr[6,11]	0.5622	0.002284	0.3541	0.3392	-0.0554	0.5333	1.336	24730.0	25270.0	1.327	1.0
theta_c_pr[6,12]	-0.9097	0.002005	0.2993	0.2911	-1.535	-0.8966	-0.3555	22360.0	25570.0	1.2	1.0
theta_c_pr[6,13]	-0.509	0.001748	0.2213	0.2178	-0.9508	-0.5065	-0.07931	16090.0	22180.0	0.8635	1.0
theta_c_pr[6,14]	-0.09251	0.002171	0.3568	0.3421	-0.776	-0.1022	0.6369	27260.0	27530.0	1.463	1.0
theta_c_pr[6,15]	0.3327	0.002162	0.3346	0.3174	-0.2609	0.3111	1.058	25110.0	24900.0	1.347	1.0
theta_c_pr[6,16]	0.4861	0.001862	0.261	0.2545	0.01064	0.4727	1.032	20010.0	24630.0	1.074	1.0
theta_c_pr[6,17]	0.3441	0.001794	0.2456	0.2389	-0.09826	0.3303	0.8665	18910.0	23940.0	1.015	1.0
theta_c_pr[6,18]	0.205	0.002096	0.306	0.2975	-0.364	0.1932	0.8407	21640.0	25940.0	1.161	1.0
theta_c_pr[6,19]	0.2181	0.002137	0.3407	0.3309	-0.4152	0.2054	0.9313	25640.0	24590.0	1.376	1.0
theta_c_pr[6,20]	-1.16	0.00216	0.3172	0.3104	-1.823	-1.143	-0.5826	21980.0	25480.0	1.179	1.0
theta_c_pr[6,21]	-0.1285	0.002035	0.2991	0.2876	-0.6975	-0.1368	0.4845	21690.0	25790.0	1.164	1.0
theta_c_pr[6,22]	0.6161	0.002275	0.3321	0.3242	0.04099	0.5915	1.343	21850.0	23180.0	1.172	1.0
theta_c_pr[6,23]	-0.8749	0.003068	0.5979	0.576	-2.106	-0.8631	0.2662	38600.0	26580.0	2.071	1.0
theta_c_pr[6,24]	1.218	0.002617	0.4079	0.3922	0.5332	1.177	2.132	25460.0	24710.0	1.366	1.0
theta_c_pr[6,25]	-0.8402	0.001977	0.2621	0.2562	-1.393	-0.828	-0.3596	17670.0	24230.0	0.9484	1.0
theta_c_pr[6,26]	-1.36	0.002327	0.2889	0.2811	-1.978	-1.339	-0.8459	15540.0	24240.0	0.8338	1.0
theta_c_pr[6,27]	-0.676	0.001725	0.1751	0.1712	-1.038	-0.6704	-0.3476	10330.0	19900.0	0.554	1.0
theta_c_pr[6,28]	-1.043	0.002008	0.2404	0.2353	-1.548	-1.031	-0.601	14460.0	22680.0	0.7761	1.0
theta_c_pr[6,29]	0.3785	0.00208	0.2904	0.2822	-0.1368	0.3595	1.006	19630.0	24560.0	1.054	1.0
theta_c_pr[6,30]	-0.06875	0.001759	0.2499	0.2421	-0.5412	-0.07539	0.4447	20140.0	23800.0	1.081	1.0
theta_c_pr[6,31]	1.637	0.002959	0.564	0.5542	0.6562	1.598	2.869	38500.0	27080.0	2.066	1.0
theta_c_pr[6,32]	0.5988	0.002429	0.4135	0.4001	-0.137	0.571	1.489	30070.0	28210.0	1.613	1.0
theta_c_pr[6,33]	-0.4801	0.001746	0.1998	0.1959	-0.8852	-0.4774	-0.09389	13140.0	22250.0	0.7052	1.0
theta_c_pr[6,34]	0.4445	0.002596	0.4497	0.4294	-0.3715	0.4173	1.407	30910.0	26710.0	1.658	1.0
theta_c_pr[6,35]	0.4673	0.002515	0.4201	0.403	-0.2934	0.4407	1.37	29340.0	24780.0	1.574	1.0
theta_c_pr[6,36]	0.5853	0.002421	0.3617	0.3503	-0.05155	0.5619	1.364	22730.0	25090.0	1.22	1.0
theta_c_pr[6,37]	0.1818	0.001728	0.2229	0.2172	-0.2258	0.1718	0.6523	16590.0	24130.0	0.8903	1.0
theta_c_pr[6,38]	-0.8297	0.001973	0.2551	0.2522	-1.354	-0.821	-0.3534	16810.0	24100.0	0.902	1.0
theta_c_pr[6,39]	-0.5103	0.001766	0.2149	0.2117	-0.9409	-0.5069	-0.09561	14840.0	23120.0	0.7962	1.0
theta_c_pr[6,40]	-1.122	0.002052	0.2371	0.2343	-1.627	-1.109	-0.6972	13410.0	21930.0	0.7198	1.0
theta_c_pr[6,41]	1.222	0.002881	0.6013	0.5887	0.1299	1.189	2.494	45540.0	27750.0	2.444	1.0
theta_c_pr[6,42]	0.3972	0.001948	0.2474	0.2398	-0.0375	0.3786	0.9342	16050.0	24710.0	0.8614	1.0
theta_c_pr[6,43]	-0.574	0.00191	0.2753	0.2706	-1.124	-0.572	-0.04131	20810.0	25570.0	1.117	1.0
theta_c_pr[6,44]	0.5733	0.00271	0.5251	0.5155	-0.4303	0.561	1.646	38150.0	29850.0	2.047	1.0
theta_c_pr[6,45]	-0.9218	0.002122	0.3194	0.3126	-1.58	-0.9119	-0.3233	23080.0	24830.0	1.239	1.0
theta_c_pr[6,46]	0.172	0.001773	0.2575	0.2506	-0.3038	0.1606	0.7103	21400.0	23560.0	1.148	1.0
theta_c_pr[6,47]	-0.5571	0.001702	0.2093	0.206	-0.9736	-0.554	-0.1542	15160.0	23530.0	0.8137	1.0
theta_c_pr[6,48]	0.6179	0.003103	0.6029	0.5893	-0.5119	0.5984	1.857	38200.0	30210.0	2.05	1.0
theta_c_pr[6,49]	1.43	0.003005	0.5358	0.5203	0.4964	1.387	2.607	33700.0	25760.0	1.808	1.0
theta_c_pr[6,50]	1.298	0.003097	0.6134	0.5926	0.1715	1.27	2.583	40140.0	27150.0	2.154	1.0
theta_c_pr[6,51]	1.247	0.003392	0.7352	0.7308	-0.1269	1.225	2.743	47710.0	30880.0	2.56	1.0
theta_c_pr[6,52]	0.1819	0.001839	0.2402	0.236	-0.2628	0.1703	0.6831	17110.0	25840.0	0.9182	1.0
theta_c_pr[6,53]	0.245	0.001919	0.2571	0.2511	-0.2213	0.2328	0.7883	18210.0	24530.0	0.977	1.0
theta_c_pr[6,54]	0.9758	0.002821	0.5502	0.5352	-0.02059	0.9443	2.157	39460.0	28050.0	2.117	1.0
theta_c_pr[6,55]	1.898	0.003064	0.5529	0.5427	0.9389	1.854	3.103	34370.0	26660.0	1.844	1.0
theta_c_pr[6,56]	-2.569	0.003023	0.417	0.4092	-3.47	-2.539	-1.842	19500.0	26700.0	1.047	1.0
theta_c_pr[6,57]	0.487	0.00239	0.4411	0.428	-0.3098	0.4627	1.414	35470.0	26070.0	1.903	1.0
theta_c_pr[6,58]	0.7795	0.002205	0.3342	0.3265	0.1943	0.7551	1.503	23560.0	24840.0	1.264	1.0
theta_c_pr[6,59]	1.113	0.002899	0.466	0.4512	0.2904	1.077	2.121	27030.0	25900.0	1.45	1.0
theta_c_pr[6,60]	-0.7276	0.001961	0.271	0.2672	-1.28	-0.7192	-0.211	19150.0	26050.0	1.028	1.0
theta_c_pr[6,61]	-0.2827	0.001713	0.2204	0.2149	-0.7081	-0.2858	0.1611	16600.0	23550.0	0.8909	1.0
theta_c_pr[6,62]	-0.2653	0.001749	0.2313	0.2257	-0.7126	-0.2703	0.2007	17540.0	25340.0	0.941	1.0
theta_c_pr[6,63]	-0.7098	0.001865	0.254	0.2485	-1.23	-0.703	-0.2284	18810.0	23130.0	1.009	1.0
theta_c_pr[6,64]	0.001176	0.002249	0.373	0.3628	-0.7082	-0.006946	0.7672	27790.0	25920.0	1.491	1.0
theta_c_pr[6,65]	0.9935	0.003695	0.7386	0.7186	-0.4267	0.9766	2.491	40200.0	29600.0	2.157	1.0
theta_c_pr[6,66]	0.4445	0.002369	0.3351	0.3278	-0.1739	0.43	1.147	20260.0	24850.0	1.087	1.0
theta_c_pr[6,67]	-0.7827	0.002212	0.3666	0.3584	-1.527	-0.7743	-0.08158	27730.0	27000.0	1.488	1.0
theta_c_pr[6,68]	0.1189	0.001884	0.2726	0.2653	-0.3887	0.1066	0.6859	21050.0	27750.0	1.13	1.0
theta_c_pr[6,69]	-1.705	0.002577	0.3706	0.3607	-2.508	-1.679	-1.056	20760.0	24640.0	1.114	1.0
theta_c_pr[6,70]	-0.6648	0.001752	0.208	0.2043	-1.09	-0.6609	-0.2684	14090.0	22880.0	0.7559	1.0
theta_c_pr[6,71]	-0.07185	0.001795	0.2464	0.2414	-0.5384	-0.07978	0.4352	18890.0	25170.0	1.014	1.0
theta_c_pr[6,72]	-0.724	0.001879	0.2591	0.2525	-1.257	-0.7158	-0.2368	19080.0	25990.0	1.024	1.0
theta_c_pr[6,73]	-2.856	0.002908	0.4702	0.4593	-3.874	-2.823	-2.028	26990.0	27610.0	1.448	1.0
theta_c_pr[6,74]	1.746	0.002873	0.5906	0.5815	0.6955	1.709	2.998	44650.0	27940.0	2.396	1.0
theta_c_pr[6,75]	1.52	0.002982	0.616	0.6	0.3941	1.486	2.815	44070.0	29620.0	2.365	1.0
theta_c_pr[6,76]	0.3419	0.002607	0.5021	0.4778	-0.589	0.3177	1.412	38640.0	26030.0	2.073	1.0
theta_c_pr[6,77]	0.4074	0.002274	0.3716	0.3591	-0.2724	0.3895	1.193	27490.0	25080.0	1.475	1.0
theta_c_pr[6,78]	1.733	0.002999	0.5974	0.5904	0.6726	1.694	3.015	41610.0	27170.0	2.233	1.0
theta_c_pr[6,79]	0.006753	0.002074	0.3449	0.332	-0.642	-0.005468	0.7226	28120.0	25460.0	1.509	1.0
theta_c_pr[6,80]	0.9116	0.0023	0.3382	0.3246	0.3273	0.8834	1.658	22200.0	24550.0	1.191	1.0
theta_c_pr[6,81]	-0.1556	0.002176	0.3149	0.3069	-0.7576	-0.1623	0.4824	21040.0	26110.0	1.129	1.0
theta_c_pr[6,82]	1.161	0.002746	0.4545	0.4389	0.3846	1.123	2.169	28930.0	25990.0	1.552	1.0
theta_c_pr[6,83]	0.2307	0.001865	0.2594	0.253	-0.2448	0.2177	0.7818	19410.0	25910.0	1.041	1.0
theta_c_pr[6,84]	-0.2204	0.001856	0.2555	0.2486	-0.7196	-0.2223	0.291	19020.0	25570.0	1.02	1.0
theta_c_pr[6,85]	0.2044	0.001706	0.211	0.2068	-0.1764	0.1947	0.6501	15260.0	24950.0	0.819	1.0
theta_c_pr[6,86]	-1.055	0.002163	0.3293	0.3218	-1.744	-1.039	-0.4523	23570.0	26100.0	1.265	1.0
theta_c_pr[6,87]	-0.9623	0.001969	0.2293	0.2247	-1.448	-0.9503	-0.5435	13660.0	22020.0	0.7328	1.0
theta_c_pr[6,88]	0.8747	0.002346	0.347	0.3359	0.2664	0.8496	1.626	22550.0	24950.0	1.21	1.0
theta_c_pr[6,89]	0.02842	0.001746	0.2449	0.2378	-0.4298	0.01971	0.5361	19710.0	23600.0	1.058	1.0
theta_c_pr[6,90]	0.7993	0.002544	0.393	0.3774	0.1222	0.7667	1.664	24520.0	23860.0	1.316	1.0
theta_c_pr[6,91]	1.563	0.003356	0.6304	0.6129	0.3856	1.54	2.865	35670.0	27970.0	1.914	1.0
theta_c_pr[6,92]	1.121	0.002735	0.4479	0.4318	0.3487	1.083	2.105	28550.0	24960.0	1.532	1.0
theta_c_pr[6,93]	-0.2333	0.002245	0.3678	0.3519	-0.9361	-0.2433	0.5237	26930.0	26920.0	1.445	1.0
theta_c_pr[6,94]	-0.2679	0.001717	0.2244	0.2189	-0.7035	-0.2693	0.1766	17130.0	24780.0	0.9194	1.0
theta_c_pr[6,95]	-1.762	0.002571	0.3175	0.3099	-2.452	-1.737	-1.209	15320.0	22250.0	0.8219	1.0
theta_c_pr[6,96]	0.2304	0.002864	0.5386	0.5185	-0.7855	0.2117	1.349	36290.0	27290.0	1.947	1.0
theta_c_pr[6,97]	-0.5583	0.001837	0.2596	0.2557	-1.081	-0.5554	-0.05459	20060.0	25820.0	1.077	1.0
theta_c_pr[6,98]	1.611	0.002745	0.5127	0.4995	0.696	1.576	2.716	36330.0	27640.0	1.95	1.0
theta_c_pr[6,99]	1.048	0.003233	0.5624	0.5444	0.06849	1.002	2.293	32210.0	24590.0	1.728	1.0
theta_c_pr[6,100]	0.6414	0.002307	0.3478	0.3364	0.03113	0.6154	1.396	23440.0	25530.0	1.258	1.0
theta_c_pr[6,101]	0.2145	0.002042	0.3214	0.3109	-0.368	0.1967	0.8984	25550.0	25400.0	1.371	1.0
theta_c_pr[6,102]	0.4658	0.001934	0.2684	0.2609	-0.02128	0.4494	1.038	19650.0	22850.0	1.054	1.0
theta_c_pr[6,103]	-0.1503	0.002019	0.3287	0.3206	-0.7761	-0.1578	0.5187	26770.0	27010.0	1.436	1.0
theta_c_pr[6,104]	-0.9007	0.002024	0.2662	0.2604	-1.463	-0.8865	-0.4127	17370.0	24680.0	0.9319	1.0
theta_c_pr[6,105]	-1.965	0.002788	0.459	0.4464	-2.934	-1.936	-1.144	27810.0	27560.0	1.492	1.0
theta_c_pr[6,106]	-0.4326	0.004033	0.9048	0.8845	-2.161	-0.4589	1.44	50840.0	30230.0	2.728	1.0
theta_c_pr[6,107]	0.2677	0.002263	0.3728	0.362	-0.4175	0.2522	1.053	27930.0	26140.0	1.499	0.9999
theta_c_pr[6,108]	0.6147	0.002338	0.3845	0.3696	-0.06622	0.5898	1.451	28140.0	25680.0	1.51	1.0
theta_c_pr[6,109]	-0.2975	0.001932	0.2723	0.2644	-0.8222	-0.302	0.254	19900.0	26000.0	1.068	1.0
theta_c_pr[6,110]	-0.1297	0.001743	0.2153	0.2113	-0.5293	-0.1381	0.3156	15320.0	23510.0	0.8223	1.0
theta_c_pr[6,111]	0.3869	0.001974	0.3061	0.2976	-0.1664	0.3687	1.04	24580.0	25200.0	1.319	0.9999
theta_c_pr[6,112]	-0.6703	0.001789	0.2137	0.208	-1.107	-0.6644	-0.2644	14280.0	23710.0	0.7662	1.0
theta_c_pr[6,113]	-0.5734	0.001798	0.2355	0.2301	-1.051	-0.5706	-0.12	17260.0	22290.0	0.9264	1.0
theta_c_pr[6,114]	1.052	0.002433	0.3662	0.355	0.4291	1.02	1.858	23410.0	24700.0	1.256	1.0
theta_c_pr[6,115]	-0.8062	0.002025	0.3005	0.2914	-1.417	-0.7978	-0.2364	22160.0	24930.0	1.189	1.0
theta_c_pr[6,116]	-0.3843	0.00178	0.2066	0.2009	-0.7977	-0.3825	0.01918	13470.0	21980.0	0.7227	1.0
theta_c_pr[6,117]	0.1516	0.001993	0.2915	0.2838	-0.3835	0.1359	0.7634	21820.0	25360.0	1.171	1.0
theta_c_pr[6,118]	-1.329	0.002454	0.3784	0.368	-2.128	-1.311	-0.6415	24280.0	25980.0	1.303	1.0
theta_c_pr[6,119]	1.39	0.003005	0.5708	0.5612	0.3873	1.346	2.617	38410.0	25330.0	2.061	1.0
theta_c_pr[6,120]	-1.003	0.001995	0.2356	0.2317	-1.504	-0.9916	-0.5744	13970.0	22720.0	0.7497	1.0
theta_c_pr[6,121]	1.442	0.002853	0.485	0.4747	0.6005	1.404	2.5	29710.0	26070.0	1.594	1.0
theta_c_pr[6,122]	1.863	0.003091	0.5634	0.5589	0.8894	1.821	3.078	34560.0	28750.0	1.855	1.0
theta_c_pr[6,123]	0.02514	0.002727	0.5319	0.5063	-0.958	-0.001049	1.158	39820.0	27600.0	2.137	1.0
theta_c_pr[6,124]	-1.118	0.002097	0.2775	0.2712	-1.71	-1.103	-0.6154	17550.0	23410.0	0.9417	1.0
theta_c_pr[6,125]	-0.5532	0.001767	0.2124	0.2046	-0.9901	-0.5463	-0.1484	14520.0	23530.0	0.7793	1.0
theta_c_pr[6,126]	-0.4039	0.001759	0.2314	0.2264	-0.8646	-0.4044	0.04836	17330.0	24470.0	0.9302	1.0
theta_c_pr[6,127]	0.8079	0.003277	0.648	0.6301	-0.4061	0.7843	2.147	39390.0	29760.0	2.113	1.0
theta_c_pr[6,128]	-0.9119	0.001936	0.2326	0.2297	-1.396	-0.9032	-0.4813	14550.0	23680.0	0.7806	1.0
theta_c_pr[6,129]	0.3782	0.001898	0.2888	0.2818	-0.1401	0.3623	0.9955	23680.0	24040.0	1.27	1.0
theta_c_pr[6,130]	-1.251	0.002279	0.2713	0.2644	-1.835	-1.231	-0.7766	14310.0	20700.0	0.7678	1.0
theta_c_pr[6,131]	0.119	0.001906	0.2934	0.2856	-0.4322	0.1077	0.7265	23830.0	25660.0	1.279	1.0
theta_c_pr[6,132]	0.6979	0.004048	0.8017	0.7968	-0.81	0.6792	2.343	39570.0	29670.0	2.123	1.0
theta_c_pr[6,133]	-1.12	0.002673	0.5135	0.4995	-2.167	-1.108	-0.1399	37530.0	28300.0	2.014	1.0
theta_c_pr[6,134]	-1.219	0.002193	0.2779	0.2716	-1.806	-1.203	-0.7192	16200.0	24580.0	0.8692	1.0
theta_c_pr[6,135]	-0.8843	0.002235	0.39	0.3772	-1.684	-0.8749	-0.1408	30730.0	26730.0	1.649	1.0
theta_c_pr[6,136]	-0.6084	0.001881	0.2449	0.2375	-1.117	-0.6	-0.1454	17090.0	25250.0	0.917	1.0
theta_c_pr[6,137]	-0.3038	0.002765	0.4793	0.4604	-1.207	-0.3202	0.6888	30590.0	27850.0	1.642	1.0
theta_c_pr[6,138]	-1.01	0.002079	0.2329	0.2268	-1.508	-0.9961	-0.5951	12520.0	22390.0	0.6716	1.0
theta_c_pr[6,139]	-0.7805	0.001818	0.2299	0.2249	-1.25	-0.7717	-0.3489	16080.0	24690.0	0.863	1.0
theta_c_pr[6,140]	-0.834	0.001821	0.1832	0.1778	-1.221	-0.8254	-0.4993	10080.0	21200.0	0.5411	1.0
theta_c_pr[6,141]	-1.099	0.002584	0.4338	0.422	-2.009	-1.082	-0.2961	28790.0	29140.0	1.545	1.0
theta_c_pr[6,142]	-0.795	0.001885	0.2204	0.2174	-1.257	-0.7836	-0.3903	13730.0	23850.0	0.7368	1.0
theta_c_pr[6,143]	-2.401	0.003031	0.4875	0.4752	-3.46	-2.366	-1.552	26850.0	25930.0	1.441	1.0
theta_c_pr[6,144]	0.5275	0.002127	0.323	0.315	-0.05622	0.5086	1.215	23390.0	25370.0	1.255	1.0
theta_c_pr[6,145]	-1.022	0.002077	0.2491	0.2432	-1.548	-1.01	-0.5689	14470.0	23160.0	0.7766	1.0
theta_c_pr[6,146]	-1.09	0.002059	0.2921	0.2871	-1.704	-1.077	-0.5617	20240.0	25370.0	1.086	1.0
theta_c_pr[6,147]	0.6819	0.002306	0.3992	0.3913	-0.04905	0.6656	1.515	30860.0	27430.0	1.656	1.0
theta_c_pr[6,148]	0.4599	0.002307	0.3662	0.3545	-0.2101	0.4427	1.224	25570.0	27860.0	1.372	1.0
theta_c_pr[6,149]	-0.33	0.001991	0.3637	0.3565	-1.041	-0.3311	0.3995	33470.0	27180.0	1.796	1.0
theta_c_pr[6,150]	1.938	0.003165	0.6793	0.6748	0.6525	1.918	3.313	46680.0	30640.0	2.505	1.0
theta_c_pr[6,151]	-0.3218	0.001649	0.2086	0.2038	-0.7295	-0.3226	0.08889	15980.0	23970.0	0.8576	1.0
theta_c_pr[6,152]	1.351	0.002896	0.5003	0.4865	0.4804	1.31	2.456	31420.0	25770.0	1.686	1.0
theta_c_pr[6,153]	-0.08297	0.001845	0.2733	0.2634	-0.5915	-0.09402	0.4912	22100.0	25640.0	1.186	1.0
theta_c_pr[6,154]	0.2101	0.001712	0.2114	0.2087	-0.1761	0.202	0.6537	15140.0	23580.0	0.8123	1.0
theta_c_pr[6,155]	-0.1215	0.001752	0.2403	0.2341	-0.5734	-0.1275	0.3688	18780.0	25040.0	1.008	1.0
theta_c_pr[6,156]	-0.0007642	0.002729	0.4619	0.4608	-0.8982	-0.002114	0.9043	28690.0	29750.0	1.54	1.0
theta_c_pr[6,157]	0.06286	0.001891	0.3123	0.3049	-0.5225	0.05427	0.7045	27460.0	27640.0	1.473	1.0
theta_c_pr[6,158]	1.594	0.003054	0.5757	0.5637	0.5825	1.551	2.842	37630.0	26800.0	2.019	1.0
theta_c_pr[6,159]	0.4741	0.003205	0.6299	0.6147	-0.69	0.4453	1.789	39080.0	29240.0	2.097	1.0
theta_d_pr[1,1]	-0.4056	0.003293	0.6548	0.6505	-1.717	-0.3952	0.8638	39660.0	30730.0	2.128	1.0
theta_d_pr[1,2]	0.631	0.002555	0.5337	0.5304	-0.3886	0.6257	1.696	43880.0	31200.0	2.354	1.0
theta_d_pr[1,3]	0.4499	0.00357	0.716	0.7148	-0.9409	0.4469	1.875	40330.0	30500.0	2.164	1.0
theta_d_pr[1,4]	0.3667	0.002393	0.4374	0.4303	-0.4648	0.3601	1.261	33810.0	27780.0	1.815	1.0
theta_d_pr[1,5]	-1.055	0.002786	0.4998	0.4882	-2.055	-1.049	-0.07999	32350.0	29720.0	1.736	1.0
theta_d_pr[1,6]	-0.4057	0.003512	0.7186	0.7098	-1.821	-0.4074	1.025	41960.0	27430.0	2.252	1.0
theta_d_pr[1,7]	0.7965	0.002408	0.4034	0.3971	0.03972	0.7848	1.623	28440.0	26890.0	1.526	1.0
theta_d_pr[1,8]	0.1375	0.003062	0.6104	0.6021	-1.036	0.1292	1.359	39940.0	28620.0	2.143	1.0
theta_d_pr[1,9]	-0.1002	0.003695	0.7569	0.7519	-1.596	-0.09978	1.386	42170.0	29550.0	2.263	1.0
theta_d_pr[1,10]	-1.098	0.003812	0.7851	0.7743	-2.646	-1.103	0.4582	42620.0	31830.0	2.287	1.0
theta_d_pr[1,11]	-0.8015	0.002793	0.5359	0.5353	-1.885	-0.792	0.2184	36990.0	30650.0	1.985	1.0
theta_d_pr[1,12]	-0.4843	0.00256	0.4936	0.4847	-1.466	-0.4837	0.4921	37310.0	30340.0	2.002	1.0
theta_d_pr[1,13]	-1.322	0.003088	0.6185	0.6108	-2.568	-1.312	-0.1386	40310.0	29810.0	2.163	1.0
theta_d_pr[1,14]	1.193	0.002827	0.4831	0.4773	0.2942	1.177	2.185	29570.0	28360.0	1.587	1.0
theta_d_pr[1,15]	-0.6094	0.002644	0.4871	0.4788	-1.573	-0.6066	0.3457	34150.0	29990.0	1.833	1.0
theta_d_pr[1,16]	-0.2427	0.002609	0.4744	0.47	-1.139	-0.2534	0.7227	33410.0	28370.0	1.793	1.0
theta_d_pr[1,17]	-0.6554	0.00306	0.6192	0.6059	-1.895	-0.651	0.5578	41130.0	30250.0	2.207	1.0
theta_d_pr[1,18]	1.356	0.002848	0.5163	0.512	0.3735	1.344	2.406	33120.0	28620.0	1.777	1.0
theta_d_pr[1,19]	-0.1193	0.002463	0.477	0.4653	-1.058	-0.1191	0.8239	37650.0	29320.0	2.021	1.0
theta_d_pr[1,20]	0.08459	0.002447	0.4834	0.4764	-0.8536	0.08089	1.053	39210.0	30330.0	2.104	1.0
theta_d_pr[1,21]	0.7307	0.002531	0.4819	0.4771	-0.2095	0.7247	1.691	36450.0	29830.0	1.956	1.0
theta_d_pr[1,22]	-0.6708	0.00281	0.5444	0.534	-1.755	-0.6647	0.3945	37790.0	30350.0	2.028	1.0
theta_d_pr[1,23]	-1.324	0.002113	0.3658	0.3633	-2.075	-1.313	-0.6444	30520.0	26670.0	1.637	1.0
theta_d_pr[1,24]	0.8	0.002724	0.5349	0.5306	-0.2322	0.794	1.877	38750.0	29540.0	2.079	1.0
theta_d_pr[1,25]	-0.2048	0.003018	0.5756	0.5687	-1.359	-0.1986	0.908	36520.0	29450.0	1.959	1.0
theta_d_pr[1,26]	-0.7602	0.002934	0.6052	0.5976	-1.968	-0.7542	0.4159	42690.0	30340.0	2.291	1.0
theta_d_pr[1,27]	-0.1142	0.00353	0.8397	0.8414	-1.76	-0.116	1.533	56680.0	29270.0	3.041	1.0
theta_d_pr[1,28]	0.353	0.003096	0.577	0.5676	-0.7487	0.3377	1.527	35010.0	28820.0	1.879	1.0
theta_d_pr[1,29]	-0.2141	0.003095	0.5895	0.5824	-1.373	-0.2143	0.9512	36430.0	29080.0	1.955	1.0
theta_d_pr[1,30]	0.5531	0.003333	0.6256	0.6187	-0.6528	0.5416	1.819	35520.0	28530.0	1.906	1.0
theta_d_pr[1,31]	0.07786	0.002119	0.3561	0.3465	-0.6068	0.07084	0.8005	28840.0	27750.0	1.548	1.0
theta_d_pr[1,32]	-0.2038	0.002062	0.4019	0.3951	-0.9942	-0.2044	0.5893	38080.0	31140.0	2.043	1.0
theta_d_pr[1,33]	0.2049	0.003817	0.7858	0.7759	-1.334	0.1969	1.762	42470.0	30770.0	2.279	1.0
theta_d_pr[1,34]	-1.857	0.002348	0.398	0.3924	-2.674	-1.846	-1.108	29030.0	28090.0	1.557	1.0
theta_d_pr[1,35]	2.31	0.002995	0.5378	0.5334	1.312	2.291	3.416	32620.0	29620.0	1.75	1.0
theta_d_pr[1,36]	0.7853	0.002668	0.5126	0.5072	-0.209	0.7803	1.802	36990.0	27850.0	1.985	1.0
theta_d_pr[1,37]	0.1149	0.00355	0.7164	0.7086	-1.284	0.1143	1.532	40810.0	30170.0	2.19	1.0
theta_d_pr[1,38]	-0.5064	0.003164	0.5876	0.5774	-1.67	-0.5051	0.6421	34680.0	30380.0	1.861	1.0
theta_d_pr[1,39]	0.01283	0.003328	0.6507	0.6397	-1.269	0.0105	1.305	38300.0	29670.0	2.055	1.0
theta_d_pr[1,40]	-0.8567	0.003539	0.7624	0.7575	-2.367	-0.8575	0.6189	46590.0	30430.0	2.5	1.0
theta_d_pr[1,41]	-0.665	0.001813	0.3293	0.3252	-1.323	-0.6587	-0.03553	33130.0	28740.0	1.778	1.0
theta_d_pr[1,42]	-0.8245	0.003607	0.7718	0.7682	-2.339	-0.8282	0.6937	45890.0	29460.0	2.462	1.0
theta_d_pr[1,43]	-0.1024	0.00268	0.5157	0.5073	-1.104	-0.1085	0.9418	37210.0	28940.0	1.997	1.0
theta_d_pr[1,44]	0.5868	0.001818	0.2977	0.2972	0.03281	0.5757	1.198	27030.0	27460.0	1.451	1.0
theta_d_pr[1,45]	-0.5404	0.002685	0.4828	0.4751	-1.515	-0.5303	0.3785	32700.0	28080.0	1.754	1.0
theta_d_pr[1,46]	0.1445	0.00292	0.5629	0.5515	-0.9583	0.1409	1.269	37250.0	30290.0	1.999	1.0
theta_d_pr[1,47]	1.172	0.00339	0.6803	0.6782	-0.1395	1.164	2.531	40550.0	30740.0	2.176	1.0
theta_d_pr[1,48]	-2.471	0.002407	0.38	0.3751	-3.249	-2.459	-1.76	25200.0	26200.0	1.352	1.0
theta_d_pr[1,49]	0.2911	0.001824	0.338	0.3346	-0.3588	0.288	0.9655	34510.0	29530.0	1.852	1.0
theta_d_pr[1,50]	0.5498	0.001963	0.3457	0.3401	-0.1038	0.5403	1.264	31380.0	27540.0	1.684	1.0
theta_d_pr[1,51]	-1.144	0.00185	0.3216	0.3191	-1.793	-1.139	-0.5303	30290.0	27170.0	1.625	1.0
theta_d_pr[1,52]	0.9132	0.003326	0.6368	0.6362	-0.2889	0.8987	2.205	37120.0	27970.0	1.992	1.0
theta_d_pr[1,53]	0.4978	0.003087	0.6244	0.6109	-0.7207	0.4944	1.74	41000.0	30670.0	2.2	1.0
theta_d_pr[1,54]	0.4349	0.001799	0.3392	0.334	-0.2152	0.4316	1.116	35710.0	30380.0	1.916	1.0
theta_d_pr[1,55]	-0.4548	0.001866	0.3281	0.3233	-1.116	-0.4493	0.1804	31090.0	28550.0	1.668	1.0
theta_d_pr[1,56]	0.1083	0.002807	0.5607	0.5534	-1.0	0.1089	1.214	40160.0	28770.0	2.155	1.0
theta_d_pr[1,57]	-0.6895	0.001926	0.3644	0.3617	-1.413	-0.6852	0.01674	35990.0	27750.0	1.931	1.0
theta_d_pr[1,58]	-0.1447	0.002761	0.5271	0.5202	-1.157	-0.1511	0.9106	36520.0	30340.0	1.96	1.0
theta_d_pr[1,59]	0.9264	0.002318	0.4162	0.4088	0.1457	0.9137	1.785	32560.0	28430.0	1.747	1.0
theta_d_pr[1,60]	-0.8465	0.002807	0.5408	0.5331	-1.923	-0.8395	0.1988	37340.0	28310.0	2.004	1.0
theta_d_pr[1,61]	0.05802	0.003194	0.6312	0.6191	-1.191	0.05926	1.305	39140.0	30710.0	2.1	1.0
theta_d_pr[1,62]	1.558	0.003364	0.6386	0.6343	0.3371	1.544	2.845	36300.0	29730.0	1.948	1.0
theta_d_pr[1,63]	-0.2501	0.002572	0.498	0.4856	-1.229	-0.2504	0.7383	37700.0	29360.0	2.023	1.0
theta_d_pr[1,64]	0.03342	0.002126	0.3964	0.3941	-0.7371	0.03139	0.8252	34830.0	29790.0	1.869	1.0
theta_d_pr[1,65]	0.2179	0.001772	0.3213	0.3151	-0.4044	0.213	0.8598	33210.0	27360.0	1.782	1.0
theta_d_pr[1,66]	2.664	0.00329	0.5741	0.5741	1.593	2.648	3.84	30840.0	28710.0	1.655	1.0
theta_d_pr[1,67]	0.5852	0.002098	0.3909	0.3862	-0.154	0.577	1.381	35060.0	28330.0	1.881	1.0
theta_d_pr[1,68]	0.8275	0.002833	0.5592	0.5479	-0.2577	0.8227	1.945	39100.0	29900.0	2.098	1.0
theta_d_pr[1,69]	0.1035	0.002743	0.5019	0.4966	-0.8784	0.1043	1.093	33590.0	29090.0	1.803	1.0
theta_d_pr[1,70]	0.5224	0.00318	0.6661	0.6592	-0.7829	0.5177	1.843	43950.0	31010.0	2.358	1.0
theta_d_pr[1,71]	-1.786	0.003192	0.5926	0.5841	-2.996	-1.771	-0.6647	34840.0	29030.0	1.869	1.0
theta_d_pr[1,72]	-0.5203	0.002822	0.508	0.4996	-1.546	-0.5134	0.4579	32590.0	28330.0	1.749	1.0
theta_d_pr[1,73]	-0.2364	0.002098	0.4121	0.4069	-1.049	-0.2336	0.5723	38760.0	28500.0	2.08	1.0
theta_d_pr[1,74]	-0.607	0.001819	0.3213	0.3186	-1.248	-0.6045	0.0171	31350.0	28210.0	1.682	1.0
theta_d_pr[1,75]	-0.139	0.001796	0.3264	0.323	-0.7737	-0.1419	0.5105	33300.0	28150.0	1.787	1.0
theta_d_pr[1,76]	-0.6944	0.001911	0.3562	0.3514	-1.401	-0.6938	0.0005028	34820.0	30280.0	1.868	1.0
theta_d_pr[1,77]	-1.094	0.002385	0.4313	0.428	-1.955	-1.088	-0.261	32780.0	29210.0	1.759	1.0
theta_d_pr[1,78]	-0.5778	0.00171	0.3038	0.302	-1.173	-0.5775	0.02051	31560.0	28710.0	1.693	1.0
theta_d_pr[1,79]	-0.9022	0.002274	0.4199	0.41	-1.745	-0.897	-0.08428	34280.0	28850.0	1.839	1.0
theta_d_pr[1,80]	-0.2187	0.003225	0.6105	0.6031	-1.422	-0.2218	0.999	36010.0	30190.0	1.932	1.0
theta_d_pr[1,81]	2.148	0.002907	0.5296	0.526	1.144	2.134	3.214	33560.0	27530.0	1.801	1.0
theta_d_pr[1,82]	-0.1895	0.002453	0.4623	0.4547	-1.1	-0.1897	0.7245	35680.0	27190.0	1.914	1.0
theta_d_pr[1,83]	-0.6173	0.002883	0.5805	0.5752	-1.764	-0.6152	0.5115	40740.0	28590.0	2.186	1.0
theta_d_pr[1,84]	-0.3914	0.003287	0.6106	0.6086	-1.589	-0.3915	0.8236	34630.0	27700.0	1.858	1.0
theta_d_pr[1,85]	-0.7746	0.003594	0.7632	0.7632	-2.263	-0.7754	0.7333	45130.0	30810.0	2.421	1.0
theta_d_pr[1,86]	0.04652	0.002513	0.4852	0.4766	-0.909	0.04478	1.011	37390.0	30190.0	2.006	1.0
theta_d_pr[1,87]	0.1803	0.003606	0.6957	0.6811	-1.211	0.1834	1.535	37330.0	29460.0	2.003	1.0
theta_d_pr[1,88]	0.9502	0.002966	0.5788	0.5747	-0.1519	0.9368	2.116	38370.0	28820.0	2.059	1.0
theta_d_pr[1,89]	-1.24	0.00306	0.5714	0.5662	-2.389	-1.233	-0.1384	35250.0	30690.0	1.892	1.0
theta_d_pr[1,90]	-0.6385	0.002631	0.4786	0.4733	-1.571	-0.641	0.3098	33200.0	28450.0	1.782	1.0
theta_d_pr[1,91]	1.371	0.002179	0.3727	0.3663	0.6838	1.355	2.145	29780.0	27320.0	1.598	1.0
theta_d_pr[1,92]	-0.9006	0.002232	0.4053	0.4013	-1.715	-0.8967	-0.1136	33070.0	29380.0	1.775	1.0
theta_d_pr[1,93]	0.6744	0.002448	0.4362	0.4265	-0.1548	0.6629	1.566	32320.0	28050.0	1.734	1.0
theta_d_pr[1,94]	0.1474	0.003249	0.6411	0.6336	-1.094	0.1402	1.42	39110.0	30840.0	2.099	1.0
theta_d_pr[1,95]	-0.3664	0.003528	0.7046	0.6988	-1.751	-0.3674	1.025	39980.0	30660.0	2.145	1.0
theta_d_pr[1,96]	0.5621	0.001897	0.3517	0.3492	-0.1071	0.5559	1.273	34790.0	28210.0	1.867	1.0
theta_d_pr[1,97]	-0.8091	0.002677	0.5296	0.5249	-1.861	-0.8031	0.2257	39230.0	28940.0	2.105	1.0
theta_d_pr[1,98]	1.6	0.002775	0.4137	0.4101	0.8453	1.583	2.459	22510.0	24890.0	1.208	1.0
theta_d_pr[1,99]	0.6895	0.001991	0.3691	0.3634	-0.01203	0.6806	1.434	34600.0	29430.0	1.857	1.0
theta_d_pr[1,100]	0.6998	0.002597	0.4645	0.4545	-0.1839	0.6909	1.649	32350.0	27870.0	1.736	1.0
theta_d_pr[1,101]	-0.4139	0.002477	0.477	0.468	-1.369	-0.4089	0.5133	37260.0	29080.0	2.0	1.0
theta_d_pr[1,102]	0.4864	0.003136	0.6171	0.6016	-0.7443	0.4871	1.689	38840.0	30340.0	2.084	1.0
theta_d_pr[1,103]	-0.3942	0.002412	0.4549	0.4438	-1.296	-0.3899	0.4944	35570.0	30310.0	1.909	1.0
theta_d_pr[1,104]	0.2948	0.003123	0.5878	0.5793	-0.8475	0.2832	1.474	35540.0	30410.0	1.907	1.0
theta_d_pr[1,105]	1.115	0.002161	0.4079	0.4019	0.3386	1.106	1.938	36070.0	29550.0	1.935	1.0
theta_d_pr[1,106]	0.05003	0.002118	0.3571	0.3532	-0.6528	0.04897	0.7531	28470.0	29160.0	1.527	1.0
theta_d_pr[1,107]	1.137	0.002472	0.3857	0.3807	0.4292	1.12	1.944	24930.0	25460.0	1.338	1.0
theta_d_pr[1,108]	-0.1958	0.00223	0.4182	0.4084	-1.011	-0.2003	0.644	35310.0	29400.0	1.895	1.0
theta_d_pr[1,109]	0.2462	0.002736	0.5072	0.4991	-0.7314	0.2364	1.262	34600.0	29630.0	1.856	1.0
theta_d_pr[1,110]	-0.6086	0.003406	0.6897	0.6891	-1.98	-0.6047	0.7307	41120.0	30790.0	2.206	1.0
theta_d_pr[1,111]	0.5566	0.002616	0.5099	0.5059	-0.4213	0.5493	1.568	38230.0	29790.0	2.051	1.0
theta_d_pr[1,112]	-0.5791	0.003466	0.6733	0.6628	-1.914	-0.5803	0.7465	37890.0	30110.0	2.033	1.0
theta_d_pr[1,113]	-0.401	0.002949	0.5771	0.5696	-1.545	-0.396	0.7171	38490.0	31260.0	2.066	1.0
theta_d_pr[1,114]	0.9709	0.003197	0.6818	0.6821	-0.3532	0.971	2.326	45550.0	29220.0	2.444	1.0
theta_d_pr[1,115]	0.08271	0.002653	0.4881	0.4813	-0.8527	0.07482	1.071	34040.0	30550.0	1.826	1.0
theta_d_pr[1,116]	-0.3442	0.003362	0.647	0.6408	-1.598	-0.3483	0.9392	37200.0	29460.0	1.996	1.0
theta_d_pr[1,117]	0.742	0.002963	0.4747	0.4654	-0.1426	0.7227	1.72	26040.0	27520.0	1.397	1.0
theta_d_pr[1,118]	0.8733	0.00253	0.4375	0.4323	0.0451	0.8612	1.767	30220.0	29120.0	1.621	1.0
theta_d_pr[1,119]	-0.5434	0.001949	0.365	0.3586	-1.267	-0.5424	0.1752	35160.0	29980.0	1.887	1.0
theta_d_pr[1,120]	0.06514	0.00323	0.6349	0.6309	-1.186	0.06416	1.3	38720.0	28500.0	2.078	0.9999
theta_d_pr[1,121]	-0.6013	0.002391	0.357	0.3492	-1.282	-0.6118	0.1243	22840.0	24010.0	1.225	1.0
theta_d_pr[1,122]	0.4079	0.002315	0.4309	0.4226	-0.4156	0.3976	1.289	35070.0	28850.0	1.882	1.0
theta_d_pr[1,123]	0.04343	0.00205	0.3752	0.37	-0.6785	0.03474	0.8014	33750.0	28190.0	1.811	1.0
theta_d_pr[1,124]	0.4976	0.002966	0.5584	0.5527	-0.5863	0.4962	1.606	35590.0	29400.0	1.91	1.0
theta_d_pr[1,125]	-1.359	0.003332	0.6793	0.6724	-2.694	-1.36	-0.02557	41650.0	30500.0	2.235	1.0
theta_d_pr[1,126]	-1.015	0.003288	0.6205	0.6187	-2.242	-1.012	0.19	35740.0	29330.0	1.918	1.0
theta_d_pr[1,127]	-1.673	0.00223	0.3849	0.3775	-2.469	-1.66	-0.9511	30110.0	29740.0	1.615	1.0
theta_d_pr[1,128]	0.1091	0.003246	0.6652	0.6563	-1.196	0.1043	1.428	42140.0	29620.0	2.261	1.0
theta_d_pr[1,129]	0.1184	0.002674	0.5386	0.5282	-0.9388	0.1162	1.187	40640.0	28660.0	2.181	1.0
theta_d_pr[1,130]	-0.008782	0.003435	0.7253	0.7159	-1.437	-0.0137	1.428	44630.0	31740.0	2.395	1.0
theta_d_pr[1,131]	0.8734	0.002581	0.5074	0.504	-0.09693	0.8667	1.887	38950.0	31440.0	2.09	1.0
theta_d_pr[1,132]	0.222	0.001895	0.3396	0.3346	-0.4411	0.2206	0.8936	32200.0	28970.0	1.728	1.0
theta_d_pr[1,133]	-1.649	0.002188	0.3641	0.3617	-2.392	-1.64	-0.9592	27950.0	28670.0	1.5	1.0
theta_d_pr[1,134]	0.1718	0.002911	0.5258	0.5234	-0.8316	0.1643	1.231	32800.0	28260.0	1.76	1.0
theta_d_pr[1,135]	-0.2202	0.001978	0.3643	0.3568	-0.9458	-0.2162	0.4906	34020.0	27660.0	1.826	1.0
theta_d_pr[1,136]	-0.09934	0.003172	0.5749	0.5583	-1.249	-0.09221	1.018	33030.0	27970.0	1.772	1.0
theta_d_pr[1,137]	1.113	0.002405	0.4243	0.4162	0.3196	1.097	1.991	31630.0	28960.0	1.697	1.0
theta_d_pr[1,138]	-0.4256	0.003571	0.7154	0.7098	-1.818	-0.4258	0.9865	40260.0	30010.0	2.16	1.0
theta_d_pr[1,139]	-0.8809	0.003446	0.6482	0.6398	-2.17	-0.879	0.3833	35490.0	30610.0	1.904	1.0
theta_d_pr[1,140]	-0.2809	0.003651	0.8006	0.7934	-1.846	-0.2845	1.31	48170.0	30830.0	2.585	1.0
theta_d_pr[1,141]	0.3865	0.002061	0.3345	0.3311	-0.2424	0.3765	1.073	26640.0	28150.0	1.429	1.0
theta_d_pr[1,142]	0.2776	0.003377	0.6591	0.6554	-1.009	0.2746	1.571	38150.0	30960.0	2.047	1.0
theta_d_pr[1,143]	-0.4012	0.002368	0.4316	0.4204	-1.255	-0.4002	0.4562	33450.0	29130.0	1.795	1.0
theta_d_pr[1,144]	-0.9928	0.002556	0.4767	0.4719	-1.954	-0.9849	-0.08064	35120.0	28130.0	1.884	1.0
theta_d_pr[1,145]	0.4573	0.003117	0.5756	0.5668	-0.644	0.4444	1.631	34390.0	29310.0	1.846	1.0
theta_d_pr[1,146]	-0.4609	0.002715	0.5349	0.5258	-1.523	-0.4614	0.5963	38850.0	30760.0	2.085	1.0
theta_d_pr[1,147]	0.7581	0.002596	0.402	0.3954	0.01399	0.7415	1.595	24280.0	27820.0	1.303	1.0
theta_d_pr[1,148]	1.563	0.002799	0.4886	0.484	0.6565	1.547	2.577	30970.0	27790.0	1.662	1.0
theta_d_pr[1,149]	0.04621	0.002161	0.3577	0.3531	-0.6337	0.03807	0.7807	27590.0	28220.0	1.48	1.0
theta_d_pr[1,150]	-0.6672	0.001883	0.3311	0.3262	-1.335	-0.6599	-0.0335	31100.0	27240.0	1.669	1.0
theta_d_pr[1,151]	-0.2119	0.003117	0.6371	0.6326	-1.465	-0.2157	1.041	41910.0	28850.0	2.249	1.0
theta_d_pr[1,152]	0.6878	0.002325	0.3684	0.3631	0.01116	0.6734	1.461	25700.0	25990.0	1.379	1.0
theta_d_pr[1,153]	0.1241	0.002947	0.5357	0.5226	-0.942	0.1255	1.177	33120.0	29820.0	1.777	1.0
theta_d_pr[1,154]	0.23	0.003634	0.749	0.7507	-1.23	0.2312	1.709	42590.0	30370.0	2.285	1.0
theta_d_pr[1,155]	0.8141	0.003157	0.5895	0.5822	-0.3406	0.8084	1.992	34930.0	31160.0	1.875	1.0
theta_d_pr[1,156]	2.722	0.002863	0.4957	0.4947	1.81	2.701	3.755	30420.0	27570.0	1.632	1.0
theta_d_pr[1,157]	0.3055	0.002273	0.4242	0.4183	-0.5036	0.296	1.171	35110.0	28530.0	1.884	1.0
theta_d_pr[1,158]	0.5686	0.001985	0.3632	0.3563	-0.1389	0.5656	1.298	33650.0	27830.0	1.806	1.0
theta_d_pr[1,159]	-2.096	0.002377	0.3783	0.375	-2.879	-2.082	-1.393	25610.0	26520.0	1.374	1.0
theta_d_pr[2,1]	-0.2729	0.003698	0.8433	0.834	-1.915	-0.276	1.407	52140.0	30010.0	2.798	1.0
theta_d_pr[2,2]	0.2825	0.003781	0.8204	0.8142	-1.333	0.2796	1.889	47140.0	30770.0	2.53	1.0
theta_d_pr[2,3]	-0.3428	0.00402	0.8433	0.8366	-1.999	-0.3538	1.322	44210.0	28930.0	2.372	1.0
theta_d_pr[2,4]	-0.2111	0.004105	0.9019	0.897	-1.98	-0.2086	1.561	48340.0	30670.0	2.594	1.0
theta_d_pr[2,5]	-0.5059	0.004486	0.9177	0.9104	-2.295	-0.5184	1.322	41950.0	29800.0	2.251	1.0
theta_d_pr[2,6]	-0.8918	0.004021	0.8107	0.7972	-2.461	-0.9021	0.7373	41200.0	26870.0	2.211	1.0
theta_d_pr[2,7]	0.03604	0.003755	0.7972	0.7928	-1.529	0.0394	1.594	45220.0	31170.0	2.427	1.0
theta_d_pr[2,8]	-0.01062	0.004058	0.8467	0.8392	-1.688	-0.0107	1.654	43570.0	30560.0	2.338	1.0
theta_d_pr[2,9]	-0.2704	0.003846	0.7912	0.7742	-1.828	-0.2774	1.319	42440.0	29560.0	2.277	1.0
theta_d_pr[2,10]	-0.6547	0.00433	0.8525	0.8435	-2.31	-0.6619	1.048	38910.0	28280.0	2.088	1.0
theta_d_pr[2,11]	0.2323	0.004173	0.8631	0.8625	-1.473	0.2344	1.925	43010.0	29230.0	2.308	1.0
theta_d_pr[2,12]	-0.2321	0.004123	0.853	0.8487	-1.901	-0.2261	1.444	42900.0	31070.0	2.302	1.0
theta_d_pr[2,13]	-0.3643	0.003926	0.8496	0.8507	-2.024	-0.3647	1.32	47080.0	30040.0	2.526	1.0
theta_d_pr[2,14]	-0.4646	0.004069	0.8682	0.8612	-2.163	-0.4698	1.25	45810.0	29190.0	2.458	1.0
theta_d_pr[2,15]	-0.6341	0.004379	0.8944	0.8963	-2.394	-0.6399	1.115	41890.0	30160.0	2.248	1.0
theta_d_pr[2,16]	-0.147	0.003564	0.8336	0.8294	-1.779	-0.1421	1.469	54820.0	31450.0	2.942	1.0
theta_d_pr[2,17]	-0.2794	0.004013	0.9006	0.9012	-2.023	-0.2886	1.507	50500.0	30280.0	2.71	1.0
theta_d_pr[2,18]	1.531	0.005197	0.8759	0.8668	-0.2372	1.549	3.2	29330.0	22790.0	1.574	1.0
theta_d_pr[2,19]	-0.1739	0.004013	0.8738	0.8676	-1.879	-0.1713	1.554	47550.0	31130.0	2.552	1.0
theta_d_pr[2,20]	-0.6771	0.003984	0.8463	0.843	-2.312	-0.6824	1.005	45340.0	28870.0	2.433	1.0
theta_d_pr[2,21]	0.1184	0.00409	0.8879	0.8891	-1.617	0.1182	1.861	47160.0	31960.0	2.531	1.0
theta_d_pr[2,22]	0.2619	0.00425	0.8989	0.9011	-1.525	0.2719	1.992	44840.0	29470.0	2.406	1.0
theta_d_pr[2,23]	-0.04507	0.004286	0.9551	0.9484	-1.915	-0.04262	1.83	49760.0	30300.0	2.67	1.0
theta_d_pr[2,24]	0.2516	0.003899	0.911	0.9065	-1.525	0.2519	2.052	54640.0	31970.0	2.932	1.0
theta_d_pr[2,25]	0.5792	0.004471	0.8869	0.8763	-1.189	0.5932	2.291	39790.0	30310.0	2.135	1.0
theta_d_pr[2,26]	0.211	0.00387	0.8256	0.8207	-1.417	0.2144	1.822	45660.0	29250.0	2.45	1.0
theta_d_pr[2,27]	-0.3302	0.003798	0.8641	0.8601	-2.03	-0.3304	1.377	51890.0	31550.0	2.785	1.0
theta_d_pr[2,28]	-0.4264	0.003749	0.8432	0.8316	-2.089	-0.429	1.234	50700.0	29780.0	2.721	1.0
theta_d_pr[2,29]	0.4217	0.003953	0.8227	0.817	-1.225	0.4228	2.015	43400.0	30710.0	2.329	1.0
theta_d_pr[2,30]	-0.4448	0.004059	0.8509	0.8419	-2.112	-0.4516	1.248	44170.0	29850.0	2.37	1.0
theta_d_pr[2,31]	-0.7821	0.004802	0.9757	0.9768	-2.672	-0.79	1.142	41410.0	29240.0	2.222	1.0
theta_d_pr[2,32]	0.2479	0.004284	0.9327	0.9303	-1.587	0.2469	2.056	47490.0	30720.0	2.549	0.9999
theta_d_pr[2,33]	-0.5308	0.003972	0.8357	0.826	-2.156	-0.5336	1.11	44360.0	29520.0	2.38	1.0
theta_d_pr[2,34]	-0.8142	0.004763	0.9841	0.9903	-2.707	-0.8151	1.121	42790.0	30000.0	2.296	1.0
theta_d_pr[2,35]	-0.242	0.00412	0.9115	0.9133	-2.041	-0.2361	1.527	49020.0	31340.0	2.63	1.0
theta_d_pr[2,36]	0.289	0.003964	0.843	0.8314	-1.381	0.2973	1.934	45310.0	30530.0	2.431	1.0
theta_d_pr[2,37]	0.1665	0.004022	0.8171	0.8113	-1.433	0.1645	1.781	41350.0	30520.0	2.219	1.0
theta_d_pr[2,38]	0.5262	0.004166	0.8194	0.8141	-1.087	0.5314	2.135	38910.0	28340.0	2.088	1.0
theta_d_pr[2,39]	0.2837	0.004006	0.8152	0.8036	-1.334	0.2851	1.89	41490.0	30800.0	2.226	1.0
theta_d_pr[2,40]	0.2392	0.00376	0.8659	0.8689	-1.453	0.2394	1.922	53160.0	32800.0	2.852	1.0
theta_d_pr[2,41]	-0.2733	0.004178	0.9764	0.969	-2.175	-0.2793	1.652	54800.0	29410.0	2.941	1.0
theta_d_pr[2,42]	-0.3179	0.004108	0.87	0.8644	-2.023	-0.3199	1.394	44860.0	30330.0	2.407	1.0
theta_d_pr[2,43]	0.07047	0.004072	0.8613	0.8557	-1.612	0.06996	1.763	44740.0	31020.0	2.401	1.0
theta_d_pr[2,44]	-0.2367	0.004004	0.9315	0.9315	-2.061	-0.2384	1.599	54170.0	30260.0	2.907	1.0
theta_d_pr[2,45]	0.4744	0.004509	0.8779	0.8835	-1.276	0.4809	2.163	38010.0	30290.0	2.04	1.0
theta_d_pr[2,46]	0.07437	0.004016	0.8324	0.821	-1.573	0.07877	1.701	43090.0	30570.0	2.312	1.0
theta_d_pr[2,47]	-0.2623	0.003839	0.8211	0.8099	-1.869	-0.2707	1.371	45830.0	30970.0	2.459	1.0
theta_d_pr[2,48]	-0.5473	0.004507	0.9677	0.9736	-2.438	-0.5521	1.346	46250.0	30020.0	2.482	1.0
theta_d_pr[2,49]	0.5288	0.00417	0.9433	0.942	-1.333	0.5261	2.364	51400.0	30090.0	2.758	1.0
theta_d_pr[2,50]	0.1115	0.004016	0.953	0.9494	-1.744	0.1129	1.987	56400.0	28630.0	3.026	1.0
theta_d_pr[2,51]	-0.2826	0.004286	0.9954	0.9916	-2.226	-0.2886	1.669	54110.0	30650.0	2.903	1.0
theta_d_pr[2,52]	-0.2738	0.004063	0.8558	0.8457	-1.943	-0.2778	1.418	44430.0	30290.0	2.384	1.0
theta_d_pr[2,53]	0.3057	0.003931	0.8348	0.8324	-1.335	0.3076	1.956	45030.0	30420.0	2.416	1.0
theta_d_pr[2,54]	0.04593	0.004028	0.9318	0.932	-1.772	0.04155	1.874	53570.0	30440.0	2.875	1.0
theta_d_pr[2,55]	-0.07015	0.004224	0.9796	0.9688	-1.991	-0.06929	1.857	54240.0	28820.0	2.911	1.0
theta_d_pr[2,56]	-0.2621	0.003733	0.8436	0.8443	-1.919	-0.2603	1.379	51270.0	29210.0	2.751	1.0
theta_d_pr[2,57]	-0.03074	0.004181	0.934	0.9288	-1.883	-0.02608	1.799	50240.0	31420.0	2.696	1.0
theta_d_pr[2,58]	-0.6421	0.00419	0.888	0.8867	-2.367	-0.6487	1.113	45230.0	27990.0	2.427	1.0
theta_d_pr[2,59]	0.154	0.004146	0.9345	0.9337	-1.682	0.1564	1.973	50850.0	30240.0	2.729	1.0
theta_d_pr[2,60]	-0.1349	0.003854	0.8459	0.8456	-1.785	-0.1337	1.525	48230.0	31970.0	2.588	1.0
theta_d_pr[2,61]	-0.3429	0.0039	0.8439	0.8432	-1.987	-0.3496	1.32	46920.0	30420.0	2.518	1.0
theta_d_pr[2,62]	0.7929	0.004712	0.8782	0.8757	-0.9576	0.7987	2.482	34970.0	29970.0	1.877	1.0
theta_d_pr[2,63]	-0.0966	0.003705	0.7597	0.7453	-1.591	-0.09871	1.414	42110.0	31330.0	2.26	1.0
theta_d_pr[2,64]	-0.8206	0.004224	0.8495	0.8455	-2.466	-0.8318	0.8729	40790.0	26390.0	2.189	1.0
theta_d_pr[2,65]	0.2035	0.00412	0.9866	0.9916	-1.734	0.2015	2.133	57470.0	29090.0	3.084	1.0
theta_d_pr[2,66]	1.175	0.005198	0.9163	0.9062	-0.6629	1.185	2.927	31480.0	25560.0	1.689	1.0
theta_d_pr[2,67]	-0.9179	0.004417	0.8869	0.8696	-2.632	-0.9244	0.8589	40750.0	28540.0	2.186	1.0
theta_d_pr[2,68]	0.2656	0.003934	0.8402	0.8289	-1.386	0.2626	1.923	45630.0	29220.0	2.448	1.0
theta_d_pr[2,69]	0.638	0.003965	0.8033	0.7979	-0.9691	0.6437	2.189	41240.0	27440.0	2.213	1.0
theta_d_pr[2,70]	0.2934	0.00402	0.8732	0.8733	-1.431	0.2946	2.005	47210.0	31270.0	2.533	1.0
theta_d_pr[2,71]	-0.2494	0.004194	0.911	0.9121	-2.039	-0.2495	1.535	47240.0	31420.0	2.535	1.0
theta_d_pr[2,72]	0.9377	0.004301	0.8006	0.7868	-0.6726	0.9453	2.488	35250.0	26070.0	1.891	1.0
theta_d_pr[2,73]	-0.7262	0.003922	0.852	0.8474	-2.374	-0.7313	0.9522	47550.0	28580.0	2.552	1.0
theta_d_pr[2,74]	-0.3192	0.004206	0.9649	0.967	-2.215	-0.3116	1.578	52730.0	29830.0	2.83	1.001
theta_d_pr[2,75]	0.06383	0.004277	0.9816	0.9844	-1.856	0.06884	1.976	52670.0	30130.0	2.826	1.0
theta_d_pr[2,76]	-0.01867	0.003889	0.9031	0.8991	-1.778	-0.02214	1.753	53940.0	31800.0	2.894	1.0
theta_d_pr[2,77]	-0.03155	0.00401	0.8901	0.8814	-1.764	-0.03744	1.729	49320.0	31290.0	2.647	1.0
theta_d_pr[2,78]	-0.2931	0.004175	0.9844	0.9836	-2.212	-0.2927	1.637	55840.0	30680.0	2.996	1.0
theta_d_pr[2,79]	0.328	0.004019	0.8567	0.8497	-1.363	0.3225	2.012	45530.0	30660.0	2.443	1.0
theta_d_pr[2,80]	0.2895	0.004057	0.8079	0.7959	-1.295	0.2864	1.877	39760.0	30490.0	2.134	1.0
theta_d_pr[2,81]	0.2858	0.004002	0.8514	0.8474	-1.394	0.2842	1.959	45330.0	30570.0	2.432	1.0
theta_d_pr[2,82]	0.331	0.003977	0.8527	0.8434	-1.36	0.3354	1.998	46070.0	30460.0	2.472	1.0
theta_d_pr[2,83]	0.3841	0.003932	0.8294	0.8282	-1.243	0.3865	1.989	44700.0	28230.0	2.399	1.0
theta_d_pr[2,84]	0.8287	0.00493	0.9095	0.9022	-0.9728	0.8356	2.601	34230.0	29760.0	1.837	1.0
theta_d_pr[2,85]	-0.4703	0.004011	0.8253	0.8215	-2.073	-0.4754	1.168	42700.0	30460.0	2.292	1.0
theta_d_pr[2,86]	0.5078	0.004286	0.8787	0.8737	-1.208	0.5087	2.221	42120.0	29880.0	2.26	1.0
theta_d_pr[2,87]	1.053	0.004808	0.844	0.8338	-0.6187	1.062	2.689	31150.0	27820.0	1.672	1.0
theta_d_pr[2,88]	0.2159	0.004024	0.8604	0.8591	-1.485	0.2101	1.893	45780.0	31210.0	2.457	1.0
theta_d_pr[2,89]	-0.503	0.004006	0.8371	0.8262	-2.142	-0.5056	1.15	43710.0	28240.0	2.346	1.0
theta_d_pr[2,90]	-0.5397	0.004347	0.8652	0.855	-2.207	-0.5526	1.196	39890.0	27460.0	2.14	1.0
theta_d_pr[2,91]	-0.1752	0.004034	0.9546	0.9685	-2.026	-0.1816	1.686	56170.0	31670.0	3.014	1.0
theta_d_pr[2,92]	-0.4215	0.003912	0.8598	0.8571	-2.102	-0.427	1.275	48440.0	29990.0	2.599	1.0
theta_d_pr[2,93]	-0.1827	0.00356	0.7954	0.7911	-1.745	-0.1777	1.38	49990.0	30770.0	2.683	1.0
theta_d_pr[2,94]	-0.4007	0.004174	0.8374	0.8373	-2.039	-0.3935	1.237	40600.0	30100.0	2.178	1.0
theta_d_pr[2,95]	-0.4396	0.003717	0.7532	0.7416	-1.909	-0.4436	1.049	41200.0	30050.0	2.211	1.0
theta_d_pr[2,96]	-0.167	0.004305	0.9525	0.9561	-2.045	-0.1654	1.692	49030.0	30010.0	2.631	1.0
theta_d_pr[2,97]	0.3066	0.003962	0.878	0.8812	-1.419	0.3062	2.022	49180.0	32770.0	2.639	1.0
theta_d_pr[2,98]	-0.6737	0.00435	0.8927	0.8927	-2.411	-0.6702	1.076	42230.0	29860.0	2.266	1.0
theta_d_pr[2,99]	-0.09956	0.004059	0.9195	0.9042	-1.913	-0.1059	1.702	51410.0	31490.0	2.759	1.0
theta_d_pr[2,100]	0.1449	0.004248	0.8948	0.8994	-1.595	0.1399	1.903	44390.0	30160.0	2.382	1.0
theta_d_pr[2,101]	-0.3518	0.004045	0.8186	0.8137	-1.953	-0.3558	1.263	41030.0	29250.0	2.202	1.0
theta_d_pr[2,102]	0.8441	0.004537	0.8892	0.8905	-0.9145	0.8464	2.585	38510.0	27900.0	2.066	1.0
theta_d_pr[2,103]	-0.1702	0.004303	0.882	0.8819	-1.89	-0.1703	1.573	42070.0	31880.0	2.257	1.0
theta_d_pr[2,104]	-0.5704	0.003985	0.7558	0.7377	-2.054	-0.571	0.927	36150.0	28930.0	1.94	1.0
theta_d_pr[2,105]	0.8949	0.00447	0.9026	0.9076	-0.9068	0.9012	2.637	41320.0	27330.0	2.217	1.0
theta_d_pr[2,106]	-0.319	0.004443	1.015	1.013	-2.31	-0.3175	1.694	52390.0	27900.0	2.811	1.0
theta_d_pr[2,107]	0.1142	0.003977	0.8524	0.8404	-1.597	0.1269	1.764	46050.0	30860.0	2.471	1.0
theta_d_pr[2,108]	0.2135	0.004143	0.8988	0.8986	-1.549	0.2177	1.972	47200.0	29010.0	2.533	1.0
theta_d_pr[2,109]	-0.626	0.004117	0.8252	0.8139	-2.229	-0.6338	1.037	40540.0	27720.0	2.175	1.0
theta_d_pr[2,110]	0.8146	0.004186	0.8261	0.8163	-0.8303	0.8255	2.424	39150.0	26660.0	2.101	1.0
theta_d_pr[2,111]	0.2031	0.003981	0.8942	0.8909	-1.557	0.2019	1.941	50550.0	30720.0	2.712	1.0
theta_d_pr[2,112]	-0.1898	0.004006	0.8227	0.8148	-1.804	-0.1898	1.438	42130.0	30680.0	2.261	1.0
theta_d_pr[2,113]	-0.2136	0.003904	0.8427	0.8396	-1.856	-0.2148	1.449	46590.0	29730.0	2.5	1.0
theta_d_pr[2,114]	0.1728	0.003875	0.834	0.8223	-1.455	0.1717	1.822	46340.0	30930.0	2.486	1.0
theta_d_pr[2,115]	0.3678	0.003976	0.83	0.8226	-1.269	0.371	2.004	43680.0	30830.0	2.344	1.0
theta_d_pr[2,116]	0.44	0.003908	0.802	0.7952	-1.154	0.4482	1.997	42400.0	30400.0	2.275	1.0
theta_d_pr[2,117]	0.4606	0.004054	0.8545	0.8415	-1.221	0.4635	2.132	44570.0	30520.0	2.392	1.0
theta_d_pr[2,118]	0.6567	0.004272	0.8574	0.8441	-1.065	0.6634	2.314	40730.0	28930.0	2.186	1.0
theta_d_pr[2,119]	0.03037	0.004138	0.9269	0.9205	-1.803	0.02724	1.857	50310.0	30070.0	2.699	1.0
theta_d_pr[2,120]	0.39	0.003982	0.874	0.8713	-1.337	0.3871	2.087	48190.0	30300.0	2.586	1.0
theta_d_pr[2,121]	-1.026	0.005342	0.9281	0.9219	-2.817	-1.039	0.814	30330.0	26460.0	1.628	1.0
theta_d_pr[2,122]	-0.2711	0.004155	0.9296	0.9417	-2.079	-0.2766	1.56	50100.0	31290.0	2.689	1.0
theta_d_pr[2,123]	0.4311	0.004236	0.9348	0.9254	-1.425	0.4321	2.252	48750.0	29930.0	2.616	1.0
theta_d_pr[2,124]	0.6406	0.00402	0.8202	0.813	-0.9744	0.6482	2.225	41810.0	30430.0	2.243	1.0
theta_d_pr[2,125]	0.02359	0.004338	0.8513	0.8404	-1.632	0.02549	1.702	38520.0	28850.0	2.067	1.0
theta_d_pr[2,126]	0.4429	0.004258	0.8173	0.8026	-1.178	0.4507	2.029	37270.0	28450.0	2.0	1.0
theta_d_pr[2,127]	0.1046	0.004214	0.9543	0.9536	-1.755	0.09809	1.986	51420.0	30740.0	2.759	1.0
theta_d_pr[2,128]	-0.208	0.003787	0.8073	0.8022	-1.793	-0.2121	1.391	45560.0	30470.0	2.445	1.0
theta_d_pr[2,129]	-0.01229	0.003819	0.8517	0.8431	-1.668	-0.01421	1.668	49830.0	31410.0	2.674	1.0
theta_d_pr[2,130]	-0.1916	0.00408	0.8422	0.8338	-1.826	-0.1926	1.468	42680.0	31270.0	2.29	1.0
theta_d_pr[2,131]	0.5727	0.004275	0.907	0.9017	-1.23	0.5794	2.326	45180.0	28150.0	2.425	1.0
theta_d_pr[2,132]	-0.1274	0.004026	0.98	0.9842	-2.053	-0.1263	1.787	59300.0	29550.0	3.182	1.0
theta_d_pr[2,133]	-0.2404	0.004278	0.9603	0.9608	-2.114	-0.2477	1.643	50440.0	31330.0	2.706	1.0
theta_d_pr[2,134]	1.24	0.005226	0.8886	0.884	-0.537	1.257	2.932	29560.0	21920.0	1.586	1.0
theta_d_pr[2,135]	0.854	0.004257	0.8635	0.853	-0.8723	0.8709	2.506	41640.0	28940.0	2.234	1.0
theta_d_pr[2,136]	-0.2281	0.003912	0.817	0.8191	-1.808	-0.2292	1.389	43640.0	30480.0	2.342	1.0
theta_d_pr[2,137]	0.3356	0.004127	0.8939	0.8894	-1.439	0.3409	2.102	47050.0	30910.0	2.525	1.0
theta_d_pr[2,138]	0.04651	0.003906	0.8164	0.8033	-1.578	0.04824	1.63	43710.0	30730.0	2.346	1.0
theta_d_pr[2,139]	0.4048	0.003987	0.8111	0.7995	-1.19	0.4053	2.008	41530.0	28790.0	2.229	1.0
theta_d_pr[2,140]	0.0919	0.003748	0.8465	0.8427	-1.56	0.0931	1.758	51150.0	29820.0	2.745	1.0
theta_d_pr[2,141]	0.4379	0.004057	0.8785	0.8843	-1.306	0.4452	2.133	47120.0	31290.0	2.528	1.0
theta_d_pr[2,142]	-0.2248	0.003909	0.8031	0.7957	-1.79	-0.2315	1.368	42270.0	30920.0	2.268	1.0
theta_d_pr[2,143]	-0.2602	0.00426	0.8423	0.8357	-1.895	-0.2688	1.425	39260.0	30960.0	2.106	1.0
theta_d_pr[2,144]	-0.2816	0.003943	0.8619	0.8648	-1.966	-0.2874	1.428	47880.0	29370.0	2.569	1.0
theta_d_pr[2,145]	-0.6152	0.003705	0.7323	0.7142	-2.044	-0.621	0.8418	39250.0	29590.0	2.106	1.0
theta_d_pr[2,146]	-0.07446	0.003949	0.8393	0.8465	-1.724	-0.07524	1.571	45320.0	32120.0	2.432	1.0
theta_d_pr[2,147]	-0.3856	0.004204	0.9064	0.9012	-2.143	-0.3893	1.417	46600.0	31390.0	2.501	1.0
theta_d_pr[2,148]	0.2141	0.004137	0.9038	0.9054	-1.567	0.2192	1.97	47750.0	29570.0	2.562	1.0
theta_d_pr[2,149]	-1.155	0.004319	0.8202	0.8108	-2.764	-1.163	0.4749	36580.0	23700.0	1.963	1.0
theta_d_pr[2,150]	0.04135	0.004281	1.0	0.9926	-1.924	0.03701	2.01	54670.0	29610.0	2.934	1.0
theta_d_pr[2,151]	0.06235	0.004001	0.8707	0.8617	-1.667	0.06209	1.761	47400.0	30590.0	2.543	1.0
theta_d_pr[2,152]	-0.2261	0.003906	0.9088	0.9004	-2.017	-0.2288	1.549	54190.0	30540.0	2.908	1.0
theta_d_pr[2,153]	0.2077	0.004002	0.7721	0.758	-1.312	0.2058	1.733	37380.0	29030.0	2.006	1.0
theta_d_pr[2,154]	-0.847	0.004215	0.8461	0.8364	-2.473	-0.8619	0.8521	40790.0	27570.0	2.189	0.9999
theta_d_pr[2,155]	1.215	0.004623	0.8151	0.8009	-0.4096	1.227	2.777	31680.0	25520.0	1.7	1.0
theta_d_pr[2,156]	-0.001842	0.004736	0.9898	0.9849	-1.896	-0.0173	1.984	43880.0	30620.0	2.355	1.0
theta_d_pr[2,157]	-0.3862	0.00421	0.9155	0.9104	-2.17	-0.3847	1.415	47450.0	30800.0	2.546	1.0
theta_d_pr[2,158]	0.6132	0.004556	0.9622	0.9597	-1.297	0.6185	2.474	44700.0	31150.0	2.398	1.0
theta_d_pr[2,159]	0.06238	0.004205	0.9678	0.9703	-1.844	0.07038	1.941	52990.0	30430.0	2.843	1.0
theta_d_pr[3,1]	-0.5324	0.003743	0.7344	0.714	-1.904	-0.5564	0.9836	39300.0	28700.0	2.109	1.0
theta_d_pr[3,2]	0.09313	0.003688	0.8377	0.8296	-1.564	0.09552	1.728	51680.0	28590.0	2.773	1.0
theta_d_pr[3,3]	0.1064	0.00273	0.5288	0.5087	-0.945	0.1045	1.163	37790.0	29300.0	2.028	1.0
theta_d_pr[3,4]	0.1433	0.003783	0.7527	0.7324	-1.364	0.1522	1.606	40010.0	29020.0	2.147	1.0
theta_d_pr[3,5]	0.1999	0.003829	0.7514	0.735	-1.342	0.2152	1.643	39110.0	27770.0	2.099	1.0
theta_d_pr[3,6]	1.268	0.003479	0.7055	0.6932	-0.08392	1.259	2.71	41330.0	30370.0	2.218	1.0
theta_d_pr[3,7]	0.2522	0.003486	0.6941	0.683	-1.083	0.2406	1.657	40160.0	29350.0	2.155	1.0
theta_d_pr[3,8]	-0.3432	0.002491	0.4661	0.4561	-1.26	-0.3414	0.5708	35190.0	30640.0	1.888	1.0
theta_d_pr[3,9]	-0.6241	0.003163	0.6428	0.6247	-1.916	-0.6167	0.6368	41610.0	29200.0	2.233	1.0
theta_d_pr[3,10]	-0.4076	0.002404	0.4327	0.4274	-1.289	-0.3996	0.4181	32760.0	29620.0	1.758	1.0
theta_d_pr[3,11]	0.2496	0.003522	0.6629	0.6487	-1.092	0.2659	1.523	35960.0	28290.0	1.93	1.0
theta_d_pr[3,12]	-0.06943	0.003885	0.8155	0.7916	-1.681	-0.07519	1.538	44260.0	29990.0	2.375	1.0
theta_d_pr[3,13]	0.5265	0.003599	0.7497	0.7232	-0.9682	0.5276	2.016	43830.0	30270.0	2.352	1.0
theta_d_pr[3,14]	0.4925	0.003718	0.7992	0.7898	-1.069	0.4886	2.074	46280.0	28640.0	2.484	1.0
theta_d_pr[3,15]	-0.6606	0.003959	0.7879	0.7723	-2.148	-0.676	0.9569	40160.0	28490.0	2.155	1.0
theta_d_pr[3,16]	0.4671	0.003734	0.7222	0.7068	-1.013	0.4911	1.822	38180.0	27840.0	2.049	1.0
theta_d_pr[3,17]	0.4569	0.003536	0.6834	0.6609	-0.8511	0.4397	1.842	37680.0	29340.0	2.022	1.0
theta_d_pr[3,18]	0.1056	0.003584	0.7282	0.718	-1.297	0.09769	1.564	41730.0	28490.0	2.239	1.0
theta_d_pr[3,19]	1.109	0.003477	0.7277	0.7123	-0.3101	1.102	2.57	43970.0	29640.0	2.36	1.0
theta_d_pr[3,20]	-0.05703	0.003668	0.7974	0.7799	-1.624	-0.05791	1.522	47530.0	29980.0	2.55	1.0
theta_d_pr[3,21]	0.5096	0.003573	0.7876	0.7648	-1.048	0.5095	2.069	48760.0	29310.0	2.616	1.0
theta_d_pr[3,22]	-1.699	0.003138	0.6315	0.6185	-2.958	-1.694	-0.4747	40900.0	29900.0	2.195	1.0
theta_d_pr[3,23]	0.2156	0.003989	0.9495	0.9463	-1.643	0.2182	2.073	56750.0	29210.0	3.045	1.0
theta_d_pr[3,24]	1.365	0.003208	0.6241	0.6067	0.1754	1.347	2.648	38530.0	29430.0	2.068	1.0
theta_d_pr[3,25]	0.5847	0.003539	0.6878	0.6723	-0.7149	0.5624	1.999	38750.0	27160.0	2.079	1.0
theta_d_pr[3,26]	-0.5401	0.003784	0.8336	0.8209	-2.157	-0.5534	1.135	48780.0	31160.0	2.618	1.0
theta_d_pr[3,27]	-1.716	0.003085	0.5354	0.5265	-2.852	-1.683	-0.7571	31850.0	26740.0	1.709	1.0
theta_d_pr[3,28]	-0.05752	0.004095	0.7946	0.7883	-1.68	-0.03463	1.435	38180.0	30500.0	2.049	1.0
theta_d_pr[3,29]	-1.107	0.003499	0.7163	0.7022	-2.525	-1.107	0.3093	42130.0	29790.0	2.261	1.0
theta_d_pr[3,30]	1.284	0.00316	0.6159	0.6028	0.1215	1.265	2.554	38650.0	29070.0	2.074	1.0
theta_d_pr[3,31]	0.4378	0.003653	0.7921	0.7799	-1.141	0.4439	1.974	47300.0	29530.0	2.538	1.0
theta_d_pr[3,32]	-0.7933	0.003736	0.8009	0.7876	-2.358	-0.8015	0.7999	46090.0	28900.0	2.473	1.0
theta_d_pr[3,33]	1.097	0.003061	0.5302	0.5185	0.1371	1.069	2.227	31420.0	25120.0	1.686	1.0
theta_d_pr[3,34]	0.7234	0.004175	0.8917	0.8904	-1.066	0.7303	2.449	45840.0	29970.0	2.46	1.0
theta_d_pr[3,35]	1.484	0.003946	0.7208	0.7121	0.09998	1.471	2.938	33570.0	29150.0	1.801	1.0
theta_d_pr[3,36]	0.3119	0.0035	0.6827	0.661	-1.01	0.3007	1.676	38500.0	28250.0	2.066	1.0
theta_d_pr[3,37]	-0.1843	0.002521	0.4783	0.4632	-1.138	-0.181	0.7578	36160.0	29100.0	1.94	1.0
theta_d_pr[3,38]	-0.0357	0.003797	0.7946	0.7726	-1.652	-0.02242	1.504	44180.0	29680.0	2.371	1.0
theta_d_pr[3,39]	0.3619	0.003626	0.7683	0.7517	-1.173	0.3638	1.88	45030.0	29670.0	2.416	1.0
theta_d_pr[3,40]	-0.3428	0.00291	0.5751	0.5486	-1.468	-0.3484	0.8189	39700.0	27370.0	2.13	1.0
theta_d_pr[3,41]	-0.3082	0.003815	0.8612	0.8543	-1.975	-0.3153	1.415	51170.0	30260.0	2.746	1.0
theta_d_pr[3,42]	-0.292	0.002919	0.5415	0.5241	-1.336	-0.298	0.8063	34710.0	27840.0	1.863	1.0
theta_d_pr[3,43]	-0.8176	0.00419	0.8133	0.7922	-2.365	-0.8407	0.8606	38320.0	28550.0	2.056	1.0
theta_d_pr[3,44]	0.3683	0.003684	0.8805	0.8765	-1.369	0.376	2.084	57160.0	30510.0	3.067	1.0
theta_d_pr[3,45]	-0.1485	0.003642	0.7214	0.7097	-1.577	-0.1439	1.273	39340.0	30560.0	2.111	1.0
theta_d_pr[3,46]	0.08704	0.003284	0.6525	0.6389	-1.155	0.06776	1.418	39990.0	28400.0	2.146	1.0
theta_d_pr[3,47]	1.232	0.003395	0.6716	0.6544	-0.06449	1.219	2.602	39550.0	28430.0	2.122	1.0
theta_d_pr[3,48]	0.3458	0.004118	0.9452	0.9525	-1.506	0.347	2.193	52760.0	29230.0	2.831	1.0
theta_d_pr[3,49]	-0.6782	0.003789	0.8415	0.8383	-2.288	-0.6938	1.01	49700.0	29400.0	2.667	1.0
theta_d_pr[3,50]	0.2915	0.00386	0.8714	0.8552	-1.43	0.29	2.01	51070.0	30440.0	2.74	1.0
theta_d_pr[3,51]	0.5167	0.004276	0.9615	0.967	-1.366	0.5157	2.386	50610.0	30520.0	2.716	1.0
theta_d_pr[3,52]	-0.07431	0.002504	0.4359	0.4242	-0.9621	-0.06425	0.7585	30710.0	28020.0	1.648	1.0
theta_d_pr[3,53]	-0.595	0.003154	0.6217	0.6005	-1.823	-0.5975	0.6412	39120.0	30150.0	2.099	1.0
theta_d_pr[3,54]	-0.2151	0.004012	0.8817	0.873	-1.93	-0.222	1.535	48580.0	31010.0	2.607	1.0
theta_d_pr[3,55]	-0.08174	0.003482	0.7933	0.7925	-1.641	-0.07908	1.471	52040.0	29590.0	2.793	1.0
theta_d_pr[3,56]	-0.3082	0.004392	1.035	1.03	-2.319	-0.3138	1.741	55570.0	29780.0	2.982	1.0
theta_d_pr[3,57]	-0.2255	0.003567	0.793	0.7752	-1.778	-0.2339	1.358	49650.0	30770.0	2.664	1.0
theta_d_pr[3,58]	-1.005	0.00291	0.5811	0.5643	-2.143	-1.008	0.1599	40270.0	30550.0	2.161	1.0
theta_d_pr[3,59]	-0.2826	0.003657	0.8149	0.8018	-1.866	-0.2906	1.357	49970.0	29660.0	2.681	1.0
theta_d_pr[3,60]	-0.4325	0.003257	0.6994	0.6821	-1.816	-0.4325	0.9519	46270.0	31270.0	2.483	1.0
theta_d_pr[3,61]	-0.5898	0.0037	0.785	0.7625	-2.129	-0.5994	0.9744	45270.0	29310.0	2.429	1.0
theta_d_pr[3,62]	0.09016	0.003488	0.6529	0.6313	-1.206	0.08734	1.39	35290.0	28550.0	1.893	1.0
theta_d_pr[3,63]	-0.6298	0.003779	0.8278	0.8166	-2.231	-0.6414	1.032	48230.0	30550.0	2.588	1.0
theta_d_pr[3,64]	-0.5092	0.003937	0.8646	0.8506	-2.198	-0.5158	1.209	48380.0	28830.0	2.596	1.0
theta_d_pr[3,65]	-0.378	0.004124	0.9518	0.9463	-2.258	-0.3756	1.475	53430.0	28860.0	2.867	1.0
theta_d_pr[3,66]	0.5963	0.003983	0.7391	0.7305	-0.8251	0.5854	2.09	34680.0	28180.0	1.861	1.0
theta_d_pr[3,67]	0.1686	0.003899	0.8848	0.8746	-1.571	0.1662	1.927	51680.0	29590.0	2.773	1.0
theta_d_pr[3,68]	0.1816	0.003698	0.6958	0.6801	-1.119	0.153	1.631	36410.0	28100.0	1.954	1.0
theta_d_pr[3,69]	-1.661	0.004304	0.8368	0.8117	-3.229	-1.691	0.0863	38850.0	26610.0	2.085	1.0
theta_d_pr[3,70]	0.1017	0.003502	0.6983	0.678	-1.274	0.09836	1.488	40040.0	28800.0	2.148	1.0
theta_d_pr[3,71]	-0.1606	0.003681	0.8039	0.7845	-1.763	-0.1555	1.424	47910.0	28010.0	2.571	1.0
theta_d_pr[3,72]	-0.5172	0.003931	0.8531	0.8415	-2.156	-0.5332	1.2	47540.0	27820.0	2.551	1.0
theta_d_pr[3,73]	0.2047	0.003992	0.9761	0.9726	-1.711	0.2036	2.131	59780.0	29850.0	3.208	1.0
theta_d_pr[3,74]	0.03491	0.003831	0.8354	0.8215	-1.625	0.03146	1.679	47680.0	28720.0	2.558	1.0
theta_d_pr[3,75]	0.6638	0.004205	0.9283	0.9343	-1.188	0.676	2.436	48930.0	30910.0	2.626	1.0
theta_d_pr[3,76]	-0.5569	0.003723	0.8466	0.8492	-2.189	-0.5634	1.143	51760.0	28860.0	2.778	1.0
theta_d_pr[3,77]	-0.3987	0.003837	0.7941	0.7703	-1.95	-0.407	1.191	43230.0	28120.0	2.32	1.0
theta_d_pr[3,78]	0.3363	0.003614	0.8235	0.8133	-1.308	0.3476	1.927	52060.0	29430.0	2.793	1.0
theta_d_pr[3,79]	-0.6875	0.004061	0.8623	0.8411	-2.33	-0.716	1.063	45820.0	30340.0	2.459	1.0
theta_d_pr[3,80]	0.7198	0.002644	0.4889	0.4758	-0.227	0.7105	1.703	34570.0	27750.0	1.855	1.0
theta_d_pr[3,81]	-0.01637	0.003755	0.7875	0.7723	-1.551	-0.02756	1.561	44230.0	29500.0	2.373	1.0
theta_d_pr[3,82]	-0.4003	0.003147	0.6252	0.6057	-1.648	-0.3951	0.8243	39830.0	28850.0	2.138	1.0
theta_d_pr[3,83]	-0.06305	0.003262	0.6724	0.6556	-1.377	-0.06971	1.282	42790.0	28540.0	2.296	1.0
theta_d_pr[3,84]	-1.473	0.00329	0.6081	0.5907	-2.721	-1.46	-0.3095	34570.0	28070.0	1.855	1.0
theta_d_pr[3,85]	0.1519	0.002395	0.4524	0.4413	-0.7426	0.1501	1.044	36000.0	29250.0	1.932	1.0
theta_d_pr[3,86]	0.08066	0.003635	0.7989	0.7891	-1.472	0.07163	1.684	48560.0	27890.0	2.606	1.0
theta_d_pr[3,87]	-0.1049	0.00412	0.7807	0.7726	-1.556	-0.1309	1.488	36370.0	28860.0	1.951	1.0
theta_d_pr[3,88]	0.108	0.003388	0.6327	0.6066	-1.085	0.08689	1.427	35960.0	26820.0	1.929	1.0
theta_d_pr[3,89]	-1.69	0.003574	0.6921	0.6723	-3.045	-1.699	-0.3046	38260.0	27370.0	2.053	1.0
theta_d_pr[3,90]	-0.3277	0.003107	0.6279	0.6089	-1.577	-0.3251	0.9193	40960.0	30140.0	2.198	1.0
theta_d_pr[3,91]	0.1039	0.004259	0.9	0.8962	-1.667	0.1088	1.855	44710.0	30970.0	2.399	1.0
theta_d_pr[3,92]	-0.08799	0.003701	0.8437	0.8378	-1.745	-0.08745	1.587	52050.0	30590.0	2.793	1.0
theta_d_pr[3,93]	0.5048	0.003787	0.8285	0.8191	-1.116	0.5043	2.122	47960.0	30740.0	2.573	1.0
theta_d_pr[3,94]	0.2582	0.003089	0.571	0.55	-0.9196	0.2722	1.337	35230.0	28090.0	1.891	1.0
theta_d_pr[3,95]	-0.1827	0.003545	0.824	0.8149	-1.803	-0.1896	1.459	54090.0	28820.0	2.903	1.0
theta_d_pr[3,96]	0.2568	0.004103	0.9453	0.9362	-1.599	0.2586	2.103	53180.0	29660.0	2.854	1.0
theta_d_pr[3,97]	-0.2609	0.002847	0.5728	0.5545	-1.387	-0.265	0.877	41110.0	27740.0	2.206	1.0
theta_d_pr[3,98]	1.965	0.0034	0.7121	0.6915	0.5523	1.965	3.359	44180.0	28320.0	2.371	1.0
theta_d_pr[3,99]	-0.7063	0.004584	0.9067	0.9024	-2.436	-0.7231	1.133	39350.0	30460.0	2.112	1.0
theta_d_pr[3,100]	-0.1964	0.003771	0.7842	0.7713	-1.724	-0.2084	1.379	43640.0	29150.0	2.342	1.0
theta_d_pr[3,101]	1.256	0.003446	0.7128	0.7049	-0.1167	1.249	2.685	43010.0	29080.0	2.308	1.0
theta_d_pr[3,102]	-0.04006	0.003585	0.6889	0.6573	-1.364	-0.05482	1.388	37490.0	27160.0	2.012	1.0
theta_d_pr[3,103]	0.6034	0.003931	0.8339	0.8161	-1.048	0.6036	2.242	45240.0	28990.0	2.428	1.0
theta_d_pr[3,104]	-0.07084	0.003612	0.7714	0.7514	-1.61	-0.0693	1.448	45860.0	29780.0	2.461	1.0
theta_d_pr[3,105]	-0.4101	0.003942	0.8945	0.8965	-2.13	-0.4175	1.36	51620.0	30920.0	2.77	1.0
theta_d_pr[3,106]	0.1795	0.004018	0.9999	0.9931	-1.782	0.1789	2.142	62000.0	28680.0	3.327	1.0
theta_d_pr[3,107]	0.1227	0.003682	0.8326	0.8205	-1.519	0.1222	1.769	51270.0	30770.0	2.751	1.0
theta_d_pr[3,108]	0.451	0.003786	0.8407	0.8235	-1.252	0.4587	2.088	49490.0	30400.0	2.655	1.0
theta_d_pr[3,109]	-0.1363	0.003535	0.7157	0.695	-1.581	-0.1255	1.249	41430.0	29600.0	2.223	1.0
theta_d_pr[3,110]	-0.2316	0.003298	0.6171	0.591	-1.419	-0.2435	1.026	35600.0	28270.0	1.91	1.0
theta_d_pr[3,111]	0.7978	0.003802	0.6746	0.6619	-0.4481	0.7677	2.197	32270.0	28950.0	1.731	1.0
theta_d_pr[3,112]	0.2804	0.003335	0.6758	0.6472	-1.095	0.2961	1.595	41700.0	28760.0	2.238	1.0
theta_d_pr[3,113]	-1.727	0.003294	0.6793	0.6643	-3.08	-1.722	-0.3792	42800.0	28510.0	2.297	1.0
theta_d_pr[3,114]	0.1028	0.002869	0.4904	0.4706	-0.816	0.08616	1.127	29770.0	26260.0	1.597	1.0
theta_d_pr[3,115]	0.6008	0.003924	0.7994	0.7903	-0.9446	0.5954	2.201	41750.0	29780.0	2.24	1.0
theta_d_pr[3,116]	-0.4566	0.003285	0.6514	0.6298	-1.763	-0.4495	0.8186	39580.0	29160.0	2.124	1.0
theta_d_pr[3,117]	0.4229	0.003563	0.6986	0.6807	-0.9492	0.4146	1.819	38790.0	29680.0	2.082	1.0
theta_d_pr[3,118]	0.02399	0.003954	0.8858	0.8769	-1.697	0.02144	1.787	50340.0	30360.0	2.701	1.0
theta_d_pr[3,119]	0.4462	0.003692	0.7701	0.7559	-1.096	0.4526	1.947	43830.0	30060.0	2.352	1.0
theta_d_pr[3,120]	-0.3202	0.003715	0.8118	0.8023	-1.897	-0.326	1.305	48010.0	28190.0	2.576	1.0
theta_d_pr[3,121]	-0.1443	0.003637	0.7495	0.732	-1.621	-0.1435	1.339	42810.0	28270.0	2.297	1.0
theta_d_pr[3,122]	0.8318	0.003545	0.6834	0.6661	-0.4895	0.8213	2.207	37370.0	30030.0	2.005	1.0
theta_d_pr[3,123]	-0.499	0.004138	0.9144	0.9151	-2.281	-0.5017	1.313	48960.0	30570.0	2.627	1.0
theta_d_pr[3,124]	0.03661	0.003948	0.8291	0.8163	-1.586	0.03232	1.679	44260.0	28840.0	2.375	1.0
theta_d_pr[3,125]	-0.194	0.002837	0.5456	0.5325	-1.302	-0.1883	0.8623	37340.0	28010.0	2.004	1.0
theta_d_pr[3,126]	0.4473	0.003464	0.6611	0.6409	-0.8026	0.4274	1.803	37090.0	27120.0	1.99	1.0
theta_d_pr[3,127]	-0.6099	0.004259	0.9376	0.9383	-2.454	-0.6118	1.219	48540.0	30300.0	2.605	1.0
theta_d_pr[3,128]	0.4298	0.004044	0.7212	0.7165	-0.9041	0.3983	1.923	32660.0	27690.0	1.753	1.0
theta_d_pr[3,129]	-0.3827	0.003328	0.6873	0.6708	-1.708	-0.3917	1.01	43250.0	28810.0	2.321	1.0
theta_d_pr[3,130]	-0.04256	0.003472	0.7076	0.676	-1.466	-0.03684	1.351	42030.0	29030.0	2.256	0.9999
theta_d_pr[3,131]	-0.7454	0.003867	0.8294	0.8146	-2.341	-0.7653	0.9258	46350.0	29270.0	2.487	1.0
theta_d_pr[3,132]	-0.0104	0.003975	0.9507	0.9465	-1.872	-0.009327	1.867	57270.0	31010.0	3.073	1.0
theta_d_pr[3,133]	0.216	0.003994	0.9707	0.9701	-1.691	0.2131	2.136	59070.0	30620.0	3.17	1.0
theta_d_pr[3,134]	-0.2357	0.003897	0.823	0.8109	-1.869	-0.2338	1.375	44740.0	30070.0	2.401	1.0
theta_d_pr[3,135]	0.3361	0.003812	0.8847	0.8779	-1.414	0.3451	2.073	54000.0	30740.0	2.898	1.0
theta_d_pr[3,136]	-0.646	0.004234	0.7958	0.7666	-2.124	-0.6809	1.034	36520.0	27580.0	1.959	1.0
theta_d_pr[3,137]	0.07703	0.004054	0.9051	0.8974	-1.694	0.07739	1.864	49950.0	30200.0	2.68	1.0
theta_d_pr[3,138]	-0.2535	0.003371	0.6278	0.6025	-1.444	-0.2769	1.052	35560.0	26350.0	1.908	1.0
theta_d_pr[3,139]	-0.6595	0.003632	0.7336	0.7093	-2.07	-0.671	0.8221	41340.0	28900.0	2.218	1.0
theta_d_pr[3,140]	1.059	0.003308	0.6679	0.6523	-0.2206	1.044	2.418	41310.0	27960.0	2.217	1.0
theta_d_pr[3,141]	-0.7008	0.003812	0.841	0.8299	-2.341	-0.7051	0.9721	48770.0	29660.0	2.617	1.0
theta_d_pr[3,142]	0.7528	0.003417	0.6828	0.6563	-0.6063	0.7516	2.098	40340.0	29460.0	2.165	1.0
theta_d_pr[3,143]	0.2979	0.003938	0.9159	0.9059	-1.513	0.3059	2.081	54160.0	30060.0	2.906	1.0
theta_d_pr[3,144]	-1.234	0.003703	0.7589	0.7292	-2.687	-1.25	0.3375	42720.0	28380.0	2.292	1.0
theta_d_pr[3,145]	0.6678	0.004006	0.8678	0.867	-1.052	0.6766	2.352	47000.0	29020.0	2.522	1.0
theta_d_pr[3,146]	0.7318	0.003081	0.6332	0.6134	-0.5278	0.7299	1.984	42700.0	28800.0	2.291	1.0
theta_d_pr[3,147]	1.294	0.003532	0.7429	0.7228	-0.1971	1.302	2.733	44690.0	28840.0	2.398	1.0
theta_d_pr[3,148]	0.8578	0.003522	0.7489	0.735	-0.6143	0.8588	2.344	45390.0	30420.0	2.436	1.0
theta_d_pr[3,149]	0.4473	0.004307	0.8227	0.8114	-1.232	0.4695	2.01	36930.0	29610.0	1.982	1.0
theta_d_pr[3,150]	-0.0754	0.003818	0.9078	0.9066	-1.852	-0.07634	1.711	56670.0	28270.0	3.041	1.0
theta_d_pr[3,151]	-0.426	0.003621	0.7417	0.7161	-1.876	-0.4351	1.064	42590.0	27950.0	2.285	1.0
theta_d_pr[3,152]	0.284	0.00367	0.7747	0.7576	-1.274	0.2908	1.798	44790.0	29030.0	2.404	1.0
theta_d_pr[3,153]	0.6809	0.003589	0.8	0.7918	-0.8923	0.6856	2.248	49810.0	30420.0	2.673	1.0
theta_d_pr[3,154]	-0.3579	0.002568	0.5011	0.4873	-1.362	-0.3538	0.6275	38360.0	29700.0	2.058	0.9999
theta_d_pr[3,155]	-1.039	0.004282	0.8132	0.804	-2.566	-1.071	0.6384	36800.0	27720.0	1.975	1.0
theta_d_pr[3,156]	-0.1471	0.004932	0.9308	0.9293	-2.009	-0.128	1.629	35900.0	30050.0	1.926	1.0
theta_d_pr[3,157]	0.4124	0.003827	0.8352	0.8307	-1.244	0.4156	2.03	47770.0	29410.0	2.563	1.0
theta_d_pr[3,158]	-0.4667	0.004055	0.8754	0.8752	-2.145	-0.4788	1.281	46630.0	31720.0	2.502	1.0
theta_d_pr[3,159]	0.2832	0.004177	0.9449	0.946	-1.575	0.2805	2.139	51210.0	31220.0	2.748	1.0
theta_d_pr[4,1]	-0.7381	0.003538	0.7189	0.7027	-2.189	-0.7239	0.6484	41570.0	29350.0	2.23	1.0
theta_d_pr[4,2]	0.7634	0.002942	0.5733	0.5611	-0.3321	0.7505	1.937	38390.0	28590.0	2.06	1.0
theta_d_pr[4,3]	0.238	0.003673	0.7233	0.6988	-1.216	0.2447	1.663	39210.0	28220.0	2.104	1.0
theta_d_pr[4,4]	0.536	0.003972	0.8688	0.8633	-1.194	0.5456	2.237	47970.0	29320.0	2.574	1.0
theta_d_pr[4,5]	-0.03044	0.003802	0.8943	0.8903	-1.783	-0.03188	1.73	55520.0	30350.0	2.979	1.0
theta_d_pr[4,6]	-1.586	0.003104	0.6046	0.5938	-2.826	-1.565	-0.4551	38900.0	28570.0	2.087	1.0
theta_d_pr[4,7]	0.05367	0.003661	0.8297	0.8227	-1.571	0.05541	1.69	51740.0	29110.0	2.776	1.0
theta_d_pr[4,8]	0.1881	0.003358	0.6213	0.5991	-0.971	0.1659	1.492	35390.0	24480.0	1.899	1.0
theta_d_pr[4,9]	1.318	0.003196	0.571	0.5616	0.2796	1.286	2.535	33170.0	27000.0	1.78	1.0
theta_d_pr[4,10]	1.001	0.003147	0.5603	0.5419	-0.02947	0.9717	2.18	32810.0	26080.0	1.76	1.0
theta_d_pr[4,11]	-0.9851	0.00308	0.6202	0.6062	-2.255	-0.9699	0.1968	41090.0	28520.0	2.205	1.0
theta_d_pr[4,12]	-1.724	0.003101	0.6099	0.5971	-2.948	-1.715	-0.5435	38940.0	28810.0	2.089	0.9999
theta_d_pr[4,13]	-0.5943	0.00363	0.7639	0.7444	-2.107	-0.5947	0.9219	44560.0	29320.0	2.391	1.0
theta_d_pr[4,14]	0.8795	0.003932	0.8406	0.8283	-0.8179	0.8956	2.491	45930.0	29140.0	2.465	1.0
theta_d_pr[4,15]	-0.7152	0.003569	0.7413	0.7232	-2.158	-0.7188	0.7593	43680.0	29170.0	2.344	1.0
theta_d_pr[4,16]	-0.768	0.003573	0.6545	0.6403	-2.13	-0.7346	0.4304	34750.0	27970.0	1.865	1.0
theta_d_pr[4,17]	0.3783	0.003751	0.8368	0.8235	-1.304	0.3846	2.002	50140.0	29520.0	2.69	1.0
theta_d_pr[4,18]	0.8286	0.003643	0.7621	0.7437	-0.6878	0.8329	2.328	43770.0	30870.0	2.349	1.0
theta_d_pr[4,19]	-0.9376	0.003727	0.8042	0.7798	-2.52	-0.9435	0.6627	46890.0	28640.0	2.516	1.0
theta_d_pr[4,20]	0.3815	0.002527	0.5068	0.4976	-0.6182	0.3827	1.372	40040.0	29160.0	2.149	1.0
theta_d_pr[4,21]	1.012	0.003552	0.74	0.7318	-0.4296	1.008	2.475	43630.0	29040.0	2.341	1.0
theta_d_pr[4,22]	-0.208	0.003519	0.7429	0.7242	-1.689	-0.2048	1.256	44780.0	29070.0	2.403	1.0
theta_d_pr[4,23]	0.3322	0.004009	0.9367	0.9348	-1.518	0.3315	2.155	54920.0	30980.0	2.947	1.0
theta_d_pr[4,24]	-0.5436	0.003879	0.7768	0.7577	-2.027	-0.5628	1.048	40710.0	28850.0	2.185	1.0
theta_d_pr[4,25]	-0.179	0.003233	0.6353	0.6115	-1.396	-0.1901	1.115	39310.0	27560.0	2.109	1.0
theta_d_pr[4,26]	-0.4683	0.002709	0.526	0.5081	-1.516	-0.4635	0.5577	38030.0	29360.0	2.041	1.0
theta_d_pr[4,27]	1.069	0.002568	0.459	0.4494	0.2277	1.048	2.024	32820.0	27380.0	1.761	1.0
theta_d_pr[4,28]	0.4595	0.003286	0.5974	0.5732	-0.6279	0.4229	1.734	34670.0	25310.0	1.86	1.0
theta_d_pr[4,29]	-0.5168	0.003782	0.7504	0.7268	-1.975	-0.5274	1.007	39910.0	27110.0	2.142	1.0
theta_d_pr[4,30]	-0.002684	0.002671	0.5188	0.4996	-1.061	0.008021	0.9993	38280.0	27950.0	2.054	1.0
theta_d_pr[4,31]	-0.326	0.004187	0.9684	0.9659	-2.223	-0.3275	1.586	53560.0	30740.0	2.874	1.0
theta_d_pr[4,32]	0.0219	0.003842	0.8714	0.8653	-1.68	0.02611	1.745	51510.0	30250.0	2.764	1.0
theta_d_pr[4,33]	-0.1515	0.002061	0.3825	0.3715	-0.9111	-0.1525	0.6037	34600.0	29480.0	1.856	1.0
theta_d_pr[4,34]	-0.1036	0.003991	0.9246	0.9206	-1.906	-0.1064	1.715	53750.0	29590.0	2.884	1.0
theta_d_pr[4,35]	-0.3993	0.004259	0.8482	0.8367	-2.018	-0.4188	1.335	39980.0	29800.0	2.145	1.0
theta_d_pr[4,36]	-0.2505	0.003767	0.8124	0.7953	-1.826	-0.257	1.387	46740.0	29770.0	2.508	1.0
theta_d_pr[4,37]	-0.3523	0.003096	0.5909	0.5735	-1.585	-0.333	0.7609	37370.0	26800.0	2.005	1.0
theta_d_pr[4,38]	1.108	0.003365	0.6416	0.6293	-0.1182	1.091	2.41	36760.0	28480.0	1.973	1.0
theta_d_pr[4,39]	-0.5594	0.003191	0.6306	0.612	-1.802	-0.5626	0.6921	39530.0	27320.0	2.121	1.0
theta_d_pr[4,40]	-0.9733	0.002374	0.3978	0.3835	-1.795	-0.9572	-0.2218	28450.0	28290.0	1.527	1.0
theta_d_pr[4,41]	-0.1092	0.004008	0.965	0.9664	-2.013	-0.1094	1.781	58070.0	29950.0	3.116	1.0
theta_d_pr[4,42]	-0.4734	0.004082	0.8476	0.8345	-2.076	-0.4997	1.264	43880.0	29460.0	2.355	1.0
theta_d_pr[4,43]	0.6836	0.003758	0.7248	0.7018	-0.771	0.6913	2.097	37780.0	27530.0	2.027	1.0
theta_d_pr[4,44]	-0.6494	0.004058	0.9212	0.9084	-2.42	-0.6633	1.215	51880.0	30190.0	2.784	1.0
theta_d_pr[4,45]	0.9308	0.003495	0.6845	0.6621	-0.44	0.9287	2.277	38780.0	28310.0	2.081	1.0
theta_d_pr[4,46]	-0.6771	0.004139	0.8478	0.828	-2.292	-0.7006	1.056	43080.0	28930.0	2.312	1.0
theta_d_pr[4,47]	0.629	0.003353	0.5749	0.5651	-0.445	0.6116	1.815	29920.0	26770.0	1.606	1.0
theta_d_pr[4,48]	-0.4488	0.0043	0.9716	0.9678	-2.341	-0.4485	1.485	51170.0	29310.0	2.746	1.0
theta_d_pr[4,49]	-0.1676	0.004043	0.9746	0.9692	-2.076	-0.1654	1.74	58220.0	28840.0	3.124	1.0
theta_d_pr[4,50]	-0.09535	0.004199	0.9814	0.9873	-2.015	-0.0927	1.815	54660.0	29680.0	2.933	1.0
theta_d_pr[4,51]	-0.2936	0.004282	1.01	1.013	-2.257	-0.2968	1.692	55780.0	29180.0	2.993	1.0
theta_d_pr[4,52]	1.042	0.002342	0.4074	0.3966	0.2473	1.04	1.85	30450.0	28840.0	1.634	1.0
theta_d_pr[4,53]	-1.512	0.003434	0.6549	0.625	-2.786	-1.517	-0.176	36940.0	26910.0	1.982	1.0
theta_d_pr[4,54]	0.2293	0.004074	0.9575	0.9542	-1.659	0.2294	2.093	55390.0	30580.0	2.972	1.0
theta_d_pr[4,55]	0.4302	0.004353	0.9605	0.9584	-1.473	0.4317	2.307	48790.0	31110.0	2.618	1.0
theta_d_pr[4,56]	-0.373	0.003495	0.7722	0.7601	-1.868	-0.382	1.175	49040.0	29670.0	2.632	1.0
theta_d_pr[4,57]	0.3165	0.003673	0.8167	0.804	-1.257	0.3062	1.964	49820.0	29340.0	2.673	1.0
theta_d_pr[4,58]	0.2255	0.003816	0.8639	0.8515	-1.482	0.2288	1.943	51400.0	30210.0	2.758	1.0
theta_d_pr[4,59]	-0.6111	0.004019	0.9041	0.8987	-2.357	-0.6145	1.172	50780.0	30690.0	2.725	1.0
theta_d_pr[4,60]	0.6441	0.00302	0.5788	0.5709	-0.4529	0.6281	1.83	37460.0	28300.0	2.01	1.0
theta_d_pr[4,61]	-0.1905	0.003116	0.5958	0.5728	-1.436	-0.1698	0.9452	37570.0	27400.0	2.016	1.0
theta_d_pr[4,62]	0.2443	0.003617	0.684	0.6584	-1.06	0.2228	1.646	36400.0	27360.0	1.953	1.0
theta_d_pr[4,63]	-0.5383	0.004045	0.8429	0.8379	-2.158	-0.5563	1.157	43670.0	30200.0	2.344	1.0
theta_d_pr[4,64]	-0.394	0.00403	0.8875	0.8852	-2.111	-0.4052	1.373	48650.0	29560.0	2.61	1.0
theta_d_pr[4,65]	0.2697	0.004282	1.003	1.003	-1.708	0.271	2.239	54950.0	29690.0	2.948	1.0
theta_d_pr[4,66]	-0.5035	0.004424	0.8605	0.8527	-2.133	-0.5296	1.25	38060.0	29950.0	2.042	1.0
theta_d_pr[4,67]	-0.951	0.004423	0.907	0.905	-2.68	-0.9738	0.8876	42420.0	30310.0	2.276	1.0
theta_d_pr[4,68]	-0.7428	0.003511	0.7102	0.6902	-2.172	-0.7308	0.6295	41380.0	28400.0	2.221	1.0
theta_d_pr[4,69]	-1.036	0.0035	0.6367	0.6114	-2.274	-1.043	0.2531	33840.0	25590.0	1.816	1.0
theta_d_pr[4,70]	0.8226	0.003387	0.5858	0.5522	-0.3958	0.8428	1.93	31590.0	23860.0	1.695	1.0
theta_d_pr[4,71]	0.101	0.00354	0.6867	0.6513	-1.272	0.1031	1.452	38200.0	29030.0	2.05	1.0
theta_d_pr[4,72]	-0.7497	0.004018	0.8222	0.8024	-2.311	-0.7694	0.9308	42560.0	29380.0	2.284	1.0
theta_d_pr[4,73]	-0.1302	0.003446	0.755	0.7478	-1.601	-0.1307	1.348	48140.0	28710.0	2.583	1.0
theta_d_pr[4,74]	-0.1415	0.004026	0.9748	0.9786	-2.044	-0.1388	1.767	58930.0	29290.0	3.162	1.0
theta_d_pr[4,75]	0.1998	0.003992	0.9591	0.9548	-1.688	0.2046	2.074	57190.0	28200.0	3.069	1.0
theta_d_pr[4,76]	-0.1274	0.003918	0.9321	0.9331	-1.941	-0.1298	1.685	56820.0	30720.0	3.049	1.0
theta_d_pr[4,77]	0.6764	0.004288	0.874	0.8634	-1.087	0.6903	2.362	41820.0	30020.0	2.244	1.0
theta_d_pr[4,78]	-0.3534	0.004127	0.9982	0.9985	-2.296	-0.3566	1.615	58510.0	30440.0	3.14	1.0
theta_d_pr[4,79]	0.2072	0.003895	0.8765	0.867	-1.542	0.2156	1.905	50950.0	29260.0	2.734	1.0
theta_d_pr[4,80]	-0.3096	0.003738	0.765	0.7464	-1.814	-0.3132	1.216	42230.0	29820.0	2.266	1.0
theta_d_pr[4,81]	-0.909	0.004321	0.889	0.8697	-2.583	-0.9415	0.932	43340.0	30060.0	2.325	1.0
theta_d_pr[4,82]	-0.3281	0.00372	0.7765	0.7661	-1.849	-0.3367	1.235	44050.0	28310.0	2.364	1.0
theta_d_pr[4,83]	0.3568	0.003681	0.8183	0.8136	-1.288	0.3682	1.952	49910.0	29350.0	2.678	1.0
theta_d_pr[4,84]	1.86	0.003296	0.6279	0.62	0.6837	1.838	3.158	37080.0	27050.0	1.989	1.0
theta_d_pr[4,85]	0.5257	0.003438	0.6804	0.6625	-0.7687	0.5063	1.922	39740.0	28870.0	2.132	1.0
theta_d_pr[4,86]	0.4267	0.002983	0.5922	0.5781	-0.7255	0.4185	1.611	39740.0	28920.0	2.132	1.0
theta_d_pr[4,87]	0.4465	0.003175	0.6217	0.6029	-0.7948	0.4476	1.664	38660.0	28900.0	2.074	1.0
theta_d_pr[4,88]	0.9193	0.003277	0.7016	0.6876	-0.4165	0.9032	2.338	46420.0	30290.0	2.491	1.0
theta_d_pr[4,89]	-0.4162	0.003617	0.7064	0.6788	-1.802	-0.4224	1.006	38530.0	28620.0	2.068	1.0
theta_d_pr[4,90]	-0.7176	0.003987	0.8504	0.8296	-2.342	-0.7351	1.021	46020.0	30410.0	2.47	1.0
theta_d_pr[4,91]	-0.1295	0.004167	0.9661	0.9764	-2.004	-0.1292	1.762	53780.0	30640.0	2.886	1.0
theta_d_pr[4,92]	-0.4757	0.004202	0.9248	0.9246	-2.255	-0.4958	1.373	48490.0	30180.0	2.602	1.0
theta_d_pr[4,93]	-0.1712	0.003663	0.8512	0.8488	-1.841	-0.1725	1.509	54340.0	30290.0	2.916	1.0
theta_d_pr[4,94]	-0.02013	0.002937	0.5681	0.5488	-1.118	-0.02674	1.131	37890.0	27840.0	2.033	1.0
theta_d_pr[4,95]	0.5282	0.002258	0.4152	0.4027	-0.2739	0.5226	1.369	34040.0	28440.0	1.827	1.0
theta_d_pr[4,96]	-0.02205	0.003764	0.914	0.9052	-1.817	-0.02225	1.768	59190.0	27990.0	3.176	1.0
theta_d_pr[4,97]	-0.6036	0.002975	0.6138	0.5944	-1.833	-0.6026	0.6068	42840.0	30320.0	2.299	1.0
theta_d_pr[4,98]	1.578	0.003719	0.7682	0.7596	0.06306	1.579	3.087	42730.0	29390.0	2.293	1.0
theta_d_pr[4,99]	-0.4955	0.004225	0.9598	0.9676	-2.327	-0.5085	1.387	51690.0	31960.0	2.774	1.0
theta_d_pr[4,100]	-0.9086	0.004621	0.9577	0.9608	-2.769	-0.9161	0.9888	43010.0	31960.0	2.308	1.0
theta_d_pr[4,101]	-0.5967	0.003857	0.8695	0.8693	-2.27	-0.606	1.127	50990.0	31500.0	2.736	1.0
theta_d_pr[4,102]	-0.2023	0.003774	0.7251	0.6968	-1.558	-0.2318	1.322	37990.0	27350.0	2.039	1.0
theta_d_pr[4,103]	-0.8579	0.00397	0.8077	0.7866	-2.408	-0.8782	0.795	42190.0	27740.0	2.264	1.0
theta_d_pr[4,104]	1.084	0.003044	0.5917	0.5719	-0.05619	1.065	2.297	38460.0	28350.0	2.064	1.0
theta_d_pr[4,105]	0.3337	0.003395	0.7027	0.6871	-1.032	0.3249	1.757	43170.0	28130.0	2.317	1.0
theta_d_pr[4,106]	-0.176	0.004133	0.9941	1.006	-2.102	-0.1763	1.775	57880.0	30140.0	3.106	1.0
theta_d_pr[4,107]	0.273	0.003485	0.8185	0.8165	-1.35	0.2781	1.849	55330.0	30490.0	2.969	1.0
theta_d_pr[4,108]	-0.1164	0.003903	0.8634	0.8507	-1.798	-0.1276	1.609	49110.0	30310.0	2.635	1.0
theta_d_pr[4,109]	0.03961	0.00367	0.7433	0.7289	-1.394	0.02349	1.553	41600.0	28130.0	2.232	1.0
theta_d_pr[4,110]	-0.09797	0.002968	0.572	0.5515	-1.262	-0.08455	1.004	37810.0	28290.0	2.029	1.0
theta_d_pr[4,111]	0.9261	0.002863	0.5697	0.5579	-0.1796	0.9161	2.064	40080.0	27720.0	2.151	1.0
theta_d_pr[4,112]	-0.4276	0.003656	0.6494	0.6134	-1.651	-0.4563	0.937	32590.0	26550.0	1.749	1.0
theta_d_pr[4,113]	-0.1521	0.003256	0.6251	0.5957	-1.398	-0.1508	1.093	37280.0	28650.0	2.001	1.0
theta_d_pr[4,114]	-0.4743	0.003812	0.8722	0.869	-2.172	-0.4866	1.264	52490.0	29040.0	2.817	1.0
theta_d_pr[4,115]	0.6219	0.003679	0.7327	0.7094	-0.8389	0.6202	2.063	40130.0	27570.0	2.153	1.0
theta_d_pr[4,116]	-0.04853	0.003148	0.6067	0.5891	-1.262	-0.03954	1.145	37510.0	29320.0	2.013	1.0
theta_d_pr[4,117]	0.01117	0.003563	0.7448	0.726	-1.443	0.0067	1.497	43980.0	28680.0	2.36	1.0
theta_d_pr[4,118]	0.01658	0.003681	0.7774	0.7588	-1.481	0.002051	1.589	45010.0	29400.0	2.415	1.0
theta_d_pr[4,119]	-0.08393	0.003844	0.9197	0.9079	-1.891	-0.08697	1.732	57360.0	28200.0	3.078	1.0
theta_d_pr[4,120]	1.048	0.003355	0.641	0.6155	-0.2266	1.047	2.326	37040.0	28510.0	1.988	1.0
theta_d_pr[4,121]	0.3418	0.003923	0.904	0.8963	-1.448	0.3452	2.093	53200.0	29980.0	2.855	1.0
theta_d_pr[4,122]	0.001831	0.004004	0.8477	0.8334	-1.647	-0.004165	1.694	44960.0	30670.0	2.413	1.0
theta_d_pr[4,123]	0.5171	0.003845	0.8767	0.877	-1.213	0.521	2.217	52260.0	30920.0	2.804	1.0
theta_d_pr[4,124]	0.5658	0.003723	0.7451	0.7173	-0.9476	0.5777	2.018	40580.0	29000.0	2.178	1.0
theta_d_pr[4,125]	0.4718	0.003339	0.5939	0.5719	-0.6064	0.4388	1.738	33170.0	25500.0	1.78	1.0
theta_d_pr[4,126]	-0.04235	0.00327	0.6239	0.6036	-1.262	-0.04343	1.201	37000.0	28180.0	1.985	1.0
theta_d_pr[4,127]	-0.1445	0.004091	0.9448	0.947	-1.99	-0.1484	1.722	53440.0	30410.0	2.868	1.0
theta_d_pr[4,128]	0.6178	0.00299	0.5397	0.5174	-0.4866	0.6332	1.651	33450.0	25760.0	1.795	1.0
theta_d_pr[4,129]	-0.2467	0.003814	0.7677	0.7494	-1.711	-0.2681	1.329	41280.0	26900.0	2.215	1.0
theta_d_pr[4,130]	-0.2365	0.002694	0.4846	0.4753	-1.187	-0.2357	0.7188	32430.0	30810.0	1.74	1.0
theta_d_pr[4,131]	0.4967	0.004279	0.8659	0.8511	-1.249	0.5127	2.152	41550.0	28590.0	2.23	1.0
theta_d_pr[4,132]	-0.1413	0.004001	0.9736	0.9662	-2.064	-0.1375	1.778	59260.0	29070.0	3.18	1.0
theta_d_pr[4,133]	-0.5845	0.004191	0.9272	0.9281	-2.36	-0.595	1.258	49070.0	32170.0	2.633	1.0
theta_d_pr[4,134]	0.7751	0.00227	0.3986	0.3836	-0.02625	0.7783	1.559	31120.0	27230.0	1.67	1.0
theta_d_pr[4,135]	0.05286	0.003544	0.8603	0.8522	-1.639	0.05251	1.735	59030.0	29290.0	3.168	1.0
theta_d_pr[4,136]	0.4188	0.003684	0.7405	0.7101	-1.052	0.414	1.904	40840.0	28890.0	2.192	1.0
theta_d_pr[4,137]	0.1781	0.003879	0.907	0.8945	-1.615	0.1816	1.951	54770.0	30710.0	2.939	1.0
theta_d_pr[4,138]	-0.6434	0.002502	0.4507	0.4404	-1.564	-0.6336	0.2151	32820.0	28940.0	1.761	1.0
theta_d_pr[4,139]	-0.3165	0.002684	0.5031	0.4856	-1.334	-0.3073	0.6565	35530.0	27780.0	1.906	1.0
theta_d_pr[4,140]	-0.926	0.002795	0.4897	0.4778	-1.961	-0.9021	-0.02828	31910.0	25270.0	1.713	1.0
theta_d_pr[4,141]	1.317	0.003807	0.743	0.7148	-0.2125	1.338	2.737	39120.0	25770.0	2.099	1.0
theta_d_pr[4,142]	-0.2167	0.003117	0.5843	0.5645	-1.371	-0.2182	0.9467	35330.0	29830.0	1.896	1.0
theta_d_pr[4,143]	1.094	0.003347	0.6472	0.6232	-0.1675	1.089	2.399	38170.0	28080.0	2.048	1.0
theta_d_pr[4,144]	-0.3826	0.003807	0.8362	0.8206	-2.013	-0.3885	1.286	48510.0	30430.0	2.603	1.0
theta_d_pr[4,145]	-0.402	0.003602	0.79	0.7714	-1.927	-0.4119	1.185	48480.0	28370.0	2.601	1.0
theta_d_pr[4,146]	-0.5802	0.002712	0.5272	0.5208	-1.64	-0.5726	0.423	38120.0	28000.0	2.046	1.0
theta_d_pr[4,147]	1.147	0.003463	0.7663	0.7555	-0.3571	1.149	2.65	49140.0	29250.0	2.637	1.0
theta_d_pr[4,148]	-0.2407	0.004459	0.9156	0.9147	-2.013	-0.2465	1.576	42420.0	32220.0	2.276	1.0
theta_d_pr[4,149]	0.9352	0.003524	0.6805	0.6589	-0.3888	0.9343	2.287	37870.0	27330.0	2.032	1.0
theta_d_pr[4,150]	0.1327	0.0041	0.9786	0.9814	-1.793	0.1356	2.043	57200.0	30080.0	3.069	1.0
theta_d_pr[4,151]	-0.4254	0.003311	0.6049	0.5917	-1.704	-0.3993	0.686	34940.0	25580.0	1.875	1.0
theta_d_pr[4,152]	0.3925	0.003826	0.8206	0.7995	-1.275	0.4006	1.975	46370.0	30680.0	2.488	1.0
theta_d_pr[4,153]	-0.3473	0.004013	0.8586	0.8532	-2.01	-0.3555	1.352	45860.0	30780.0	2.461	1.0
theta_d_pr[4,154]	1.091	0.003733	0.722	0.6887	-0.4124	1.117	2.451	38710.0	25380.0	2.077	1.0
theta_d_pr[4,155]	0.1198	0.003929	0.8199	0.809	-1.537	0.1376	1.691	43990.0	30300.0	2.36	1.0
theta_d_pr[4,156]	-0.4616	0.00446	0.9617	0.9576	-2.359	-0.4572	1.414	46680.0	30620.0	2.505	1.0
theta_d_pr[4,157]	-0.2512	0.004115	0.8583	0.8471	-1.896	-0.2722	1.472	43840.0	29560.0	2.352	1.0
theta_d_pr[4,158]	0.2088	0.003906	0.9448	0.9483	-1.644	0.2127	2.041	58590.0	30790.0	3.144	1.0
theta_d_pr[4,159]	-0.5278	0.004302	0.9528	0.9584	-2.391	-0.5313	1.332	49120.0	29940.0	2.636	1.0
theta_d_pr[5,1]	0.5006	0.004028	0.8405	0.8374	-1.168	0.5153	2.107	43630.0	30890.0	2.341	1.0
theta_d_pr[5,2]	-0.2614	0.003964	0.8689	0.8745	-1.953	-0.2661	1.443	48140.0	30340.0	2.583	1.0
theta_d_pr[5,3]	0.5367	0.004217	0.8962	0.8929	-1.225	0.541	2.278	45410.0	29750.0	2.437	1.0
theta_d_pr[5,4]	-0.1546	0.004009	0.8695	0.859	-1.861	-0.1607	1.579	47120.0	31100.0	2.529	1.0
theta_d_pr[5,5]	0.6405	0.00405	0.8075	0.7901	-0.9562	0.6446	2.235	39880.0	30250.0	2.14	1.0
theta_d_pr[5,6]	0.2789	0.004021	0.8246	0.8157	-1.358	0.2912	1.886	42090.0	31070.0	2.259	1.0
theta_d_pr[5,7]	0.5438	0.004272	0.8842	0.8815	-1.2	0.5508	2.261	42960.0	31170.0	2.305	1.0
theta_d_pr[5,8]	-0.3543	0.004089	0.8692	0.8657	-2.051	-0.3544	1.356	45370.0	30240.0	2.435	1.0
theta_d_pr[5,9]	0.02465	0.003879	0.8282	0.8232	-1.613	0.02702	1.651	45750.0	29570.0	2.455	1.0
theta_d_pr[5,10]	-0.1717	0.003955	0.8482	0.8462	-1.838	-0.1738	1.488	46040.0	30680.0	2.471	1.0
theta_d_pr[5,11]	0.09178	0.003902	0.8422	0.8365	-1.569	0.0895	1.743	46660.0	31230.0	2.504	1.0
theta_d_pr[5,12]	-0.216	0.004157	0.8783	0.8696	-1.928	-0.2193	1.527	44710.0	30000.0	2.399	1.0
theta_d_pr[5,13]	0.0728	0.00385	0.8713	0.8632	-1.66	0.07139	1.788	51270.0	30830.0	2.751	1.0
theta_d_pr[5,14]	0.1367	0.004101	0.8624	0.8598	-1.55	0.1418	1.819	44230.0	29630.0	2.374	1.0
theta_d_pr[5,15]	0.3386	0.003841	0.8223	0.8191	-1.278	0.3434	1.943	45920.0	31190.0	2.464	1.0
theta_d_pr[5,16]	-0.5843	0.004152	0.8479	0.8408	-2.235	-0.5887	1.103	41840.0	29450.0	2.245	1.0
theta_d_pr[5,17]	0.3224	0.00405	0.8707	0.8684	-1.394	0.3231	2.005	46300.0	30260.0	2.485	1.0
theta_d_pr[5,18]	0.06133	0.003869	0.8341	0.8225	-1.58	0.06321	1.706	46540.0	29690.0	2.497	1.0
theta_d_pr[5,19]	0.1653	0.003866	0.8124	0.8106	-1.439	0.1732	1.749	44250.0	29680.0	2.374	1.0
theta_d_pr[5,20]	0.1338	0.003957	0.8926	0.8885	-1.622	0.1342	1.88	50980.0	31340.0	2.736	1.0
theta_d_pr[5,21]	0.91	0.004262	0.8515	0.8451	-0.7914	0.9166	2.558	40290.0	27580.0	2.162	1.0
theta_d_pr[5,22]	-0.553	0.003909	0.8179	0.8146	-2.15	-0.5514	1.074	43840.0	30310.0	2.352	1.0
theta_d_pr[5,23]	0.2421	0.004062	0.9532	0.9496	-1.651	0.2426	2.088	55210.0	28460.0	2.963	1.0
theta_d_pr[5,24]	0.972	0.004217	0.8617	0.8557	-0.728	0.9741	2.64	41850.0	29810.0	2.246	1.0
theta_d_pr[5,25]	-0.1593	0.003863	0.8259	0.8222	-1.775	-0.1586	1.47	45760.0	31630.0	2.456	1.0
theta_d_pr[5,26]	0.1112	0.003814	0.8375	0.8344	-1.55	0.1169	1.753	48290.0	30680.0	2.591	1.0
theta_d_pr[5,27]	0.2057	0.004127	0.8888	0.8891	-1.54	0.2011	1.942	46450.0	30860.0	2.493	1.0
theta_d_pr[5,28]	-0.2815	0.004145	0.8783	0.8804	-2.007	-0.2854	1.449	44920.0	31030.0	2.411	1.0
theta_d_pr[5,29]	-0.4621	0.003982	0.8217	0.8127	-2.086	-0.4682	1.153	42740.0	30110.0	2.293	1.0
theta_d_pr[5,30]	-0.9455	0.004175	0.8353	0.819	-2.571	-0.9533	0.7342	40330.0	27700.0	2.164	1.0
theta_d_pr[5,31]	0.7024	0.00388	0.8691	0.8612	-1.025	0.7118	2.402	50330.0	29110.0	2.7	1.0
theta_d_pr[5,32]	-0.2724	0.003624	0.8095	0.8048	-1.841	-0.2773	1.335	50020.0	30430.0	2.684	1.0
theta_d_pr[5,33]	0.1681	0.003875	0.8353	0.8316	-1.467	0.1689	1.796	46560.0	31270.0	2.498	1.0
theta_d_pr[5,34]	0.881	0.004382	0.8763	0.8691	-0.8682	0.8867	2.589	40230.0	27870.0	2.159	1.0
theta_d_pr[5,35]	0.4455	0.004039	0.8804	0.8663	-1.296	0.4542	2.168	47670.0	30150.0	2.558	1.0
theta_d_pr[5,36]	0.7278	0.004409	0.8976	0.8938	-1.054	0.7384	2.478	41780.0	27870.0	2.242	1.0
theta_d_pr[5,37]	-0.3235	0.00417	0.8611	0.8558	-2.002	-0.325	1.391	42690.0	31560.0	2.291	1.0
theta_d_pr[5,38]	-1.122	0.004631	0.8324	0.8267	-2.751	-1.127	0.5331	32840.0	24960.0	1.762	1.0
theta_d_pr[5,39]	0.2704	0.003659	0.7705	0.7544	-1.257	0.2774	1.787	44380.0	30910.0	2.382	1.0
theta_d_pr[5,40]	-0.06455	0.004142	0.8892	0.8911	-1.813	-0.06834	1.668	46210.0	29760.0	2.48	1.0
theta_d_pr[5,41]	-0.03992	0.003877	0.9117	0.9134	-1.843	-0.03542	1.762	55350.0	29570.0	2.97	1.0
theta_d_pr[5,42]	0.02109	0.003809	0.8607	0.8556	-1.674	0.01997	1.709	51080.0	31230.0	2.741	1.0
theta_d_pr[5,43]	-0.6606	0.004123	0.8661	0.8576	-2.342	-0.6686	1.069	44310.0	29630.0	2.378	1.0
theta_d_pr[5,44]	0.1544	0.004271	0.957	0.9489	-1.751	0.1603	2.01	50290.0	29710.0	2.699	1.0
theta_d_pr[5,45]	-0.2	0.004042	0.8531	0.8492	-1.877	-0.204	1.474	45150.0	31730.0	2.423	1.0
theta_d_pr[5,46]	0.2018	0.003884	0.8251	0.8245	-1.421	0.202	1.821	45180.0	31520.0	2.424	1.0
theta_d_pr[5,47]	-0.1226	0.003989	0.8211	0.8178	-1.732	-0.1206	1.493	42460.0	31180.0	2.279	1.0
theta_d_pr[5,48]	0.1491	0.004316	0.9388	0.9354	-1.699	0.1495	1.99	47320.0	31010.0	2.539	1.0
theta_d_pr[5,49]	0.2855	0.003752	0.8764	0.863	-1.447	0.2928	2.017	54660.0	30350.0	2.933	1.0
theta_d_pr[5,50]	0.4214	0.004085	0.9331	0.9186	-1.434	0.4241	2.238	52390.0	28260.0	2.811	1.0
theta_d_pr[5,51]	0.4759	0.004356	0.9675	0.9648	-1.428	0.4771	2.35	49450.0	30100.0	2.653	1.0
theta_d_pr[5,52]	-0.02597	0.004068	0.8865	0.8845	-1.756	-0.01995	1.714	47560.0	31690.0	2.552	1.0
theta_d_pr[5,53]	0.1119	0.004064	0.8324	0.8276	-1.54	0.1115	1.738	42040.0	29330.0	2.256	1.0
theta_d_pr[5,54]	0.5624	0.004275	0.9215	0.9171	-1.257	0.5596	2.365	46710.0	29790.0	2.506	1.0
theta_d_pr[5,55]	-1.513	0.005067	0.8922	0.8861	-3.213	-1.53	0.2849	31840.0	24980.0	1.709	1.0
theta_d_pr[5,56]	-0.3361	0.004357	0.9781	0.9762	-2.273	-0.3368	1.573	50480.0	29470.0	2.709	1.0
theta_d_pr[5,57]	0.4001	0.003853	0.8765	0.8698	-1.32	0.3957	2.136	51830.0	30150.0	2.781	1.0
theta_d_pr[5,58]	0.1563	0.003855	0.8762	0.8771	-1.573	0.1622	1.869	51770.0	31250.0	2.778	1.0
theta_d_pr[5,59]	0.1529	0.003964	0.8449	0.8416	-1.499	0.153	1.819	45520.0	30500.0	2.442	1.0
theta_d_pr[5,60]	-0.518	0.004387	0.9017	0.8972	-2.27	-0.5282	1.263	42290.0	30610.0	2.269	1.0
theta_d_pr[5,61]	0.4351	0.0042	0.8802	0.8722	-1.3	0.4432	2.15	43980.0	31990.0	2.36	1.0
theta_d_pr[5,62]	0.08705	0.003907	0.8461	0.8381	-1.56	0.08353	1.765	46990.0	30620.0	2.521	1.0
theta_d_pr[5,63]	-0.2258	0.00407	0.8477	0.8372	-1.883	-0.2218	1.44	43540.0	31010.0	2.336	1.0
theta_d_pr[5,64]	0.2496	0.004015	0.8703	0.8641	-1.459	0.2515	1.949	46820.0	32150.0	2.512	1.0
theta_d_pr[5,65]	-0.1623	0.00429	0.9672	0.9538	-2.043	-0.159	1.745	50890.0	30990.0	2.731	1.0
theta_d_pr[5,66]	0.06633	0.004041	0.8891	0.8838	-1.689	0.06738	1.807	48490.0	30390.0	2.602	1.0
theta_d_pr[5,67]	-0.01273	0.00393	0.9153	0.9097	-1.808	-0.01433	1.764	54290.0	30130.0	2.913	1.0
theta_d_pr[5,68]	0.3078	0.003741	0.8227	0.8213	-1.335	0.3124	1.921	48500.0	30440.0	2.603	1.0
theta_d_pr[5,69]	0.157	0.004112	0.8833	0.8852	-1.581	0.1625	1.876	46180.0	31020.0	2.478	1.0
theta_d_pr[5,70]	0.229	0.003906	0.8538	0.8585	-1.445	0.2308	1.892	47940.0	32130.0	2.572	1.0
theta_d_pr[5,71]	0.5515	0.004018	0.8323	0.8317	-1.101	0.555	2.168	42970.0	29820.0	2.306	1.0
theta_d_pr[5,72]	-0.5702	0.004161	0.8234	0.8195	-2.156	-0.5741	1.08	39300.0	30100.0	2.109	1.0
theta_d_pr[5,73]	-0.5069	0.004386	0.9669	0.972	-2.393	-0.5113	1.393	48700.0	29530.0	2.613	1.0
theta_d_pr[5,74]	0.1277	0.003787	0.8725	0.8645	-1.595	0.1294	1.846	53200.0	30720.0	2.855	1.0
theta_d_pr[5,75]	0.7729	0.004133	0.9217	0.9193	-1.04	0.7806	2.565	49930.0	29650.0	2.679	0.9999
theta_d_pr[5,76]	0.2521	0.003789	0.8809	0.8779	-1.496	0.2622	1.965	54150.0	31400.0	2.906	1.0
theta_d_pr[5,77]	-1.406	0.004776	0.8785	0.8665	-3.089	-1.417	0.365	34400.0	26070.0	1.846	1.0
theta_d_pr[5,78]	0.5747	0.004007	0.8937	0.8781	-1.212	0.5773	2.322	49950.0	28350.0	2.68	1.0
theta_d_pr[5,79]	-0.4975	0.004214	0.8738	0.8704	-2.194	-0.501	1.233	43350.0	30100.0	2.326	1.0
theta_d_pr[5,80]	-0.07847	0.003866	0.8011	0.7944	-1.643	-0.08042	1.494	43000.0	30820.0	2.308	1.0
theta_d_pr[5,81]	0.5135	0.00394	0.8832	0.8825	-1.218	0.5164	2.236	50400.0	29000.0	2.705	1.0
theta_d_pr[5,82]	0.0686	0.004217	0.8792	0.8798	-1.652	0.06977	1.788	43490.0	30450.0	2.334	1.0
theta_d_pr[5,83]	-0.4774	0.004128	0.8606	0.8567	-2.157	-0.4789	1.217	43620.0	29390.0	2.341	1.0
theta_d_pr[5,84]	-1.3	0.004521	0.8463	0.8338	-2.926	-1.32	0.4005	35500.0	27140.0	1.905	1.0
theta_d_pr[5,85]	-0.2936	0.003668	0.789	0.7739	-1.838	-0.295	1.273	46400.0	31540.0	2.49	1.0
theta_d_pr[5,86]	-0.05389	0.003979	0.8634	0.8587	-1.742	-0.05893	1.653	47110.0	31170.0	2.528	1.0
theta_d_pr[5,87]	0.2587	0.003696	0.819	0.8112	-1.349	0.2625	1.86	49130.0	30480.0	2.637	1.0
theta_d_pr[5,88]	0.2703	0.004082	0.8416	0.8389	-1.369	0.2669	1.942	42660.0	30220.0	2.289	1.0
theta_d_pr[5,89]	0.2082	0.004107	0.8397	0.8322	-1.458	0.2121	1.846	41890.0	30600.0	2.248	1.0
theta_d_pr[5,90]	-0.3337	0.004145	0.862	0.8621	-2.022	-0.3325	1.359	43380.0	30750.0	2.328	1.0
theta_d_pr[5,91]	0.2729	0.004522	0.9688	0.9707	-1.638	0.281	2.142	46030.0	31660.0	2.47	1.0
theta_d_pr[5,92]	0.2279	0.003924	0.8394	0.8303	-1.424	0.2281	1.878	45850.0	30020.0	2.46	1.0
theta_d_pr[5,93]	0.08534	0.00428	0.9471	0.9464	-1.76	0.07818	1.96	49210.0	32120.0	2.64	1.0
theta_d_pr[5,94]	0.3147	0.004018	0.8531	0.8484	-1.369	0.3195	1.982	45200.0	31780.0	2.426	1.0
theta_d_pr[5,95]	-0.1943	0.003915	0.7953	0.7875	-1.764	-0.1938	1.379	41290.0	29590.0	2.216	1.0
theta_d_pr[5,96]	0.08149	0.004207	0.9344	0.9336	-1.756	0.07985	1.913	49390.0	28770.0	2.65	1.0
theta_d_pr[5,97]	-0.0539	0.004051	0.8876	0.8821	-1.774	-0.05666	1.687	48150.0	31560.0	2.584	1.0
theta_d_pr[5,98]	0.9066	0.004422	0.8682	0.8592	-0.8313	0.9145	2.584	38930.0	28210.0	2.089	1.0
theta_d_pr[5,99]	-0.1609	0.003779	0.891	0.8854	-1.927	-0.1639	1.599	55640.0	30460.0	2.986	1.0
theta_d_pr[5,100]	1.696	0.004618	0.7943	0.7776	0.1069	1.702	3.238	31310.0	19990.0	1.68	1.0
theta_d_pr[5,101]	-0.2094	0.004065	0.863	0.8611	-1.884	-0.2117	1.491	45130.0	30990.0	2.422	1.0
theta_d_pr[5,102]	0.3317	0.004224	0.8627	0.8597	-1.377	0.3351	2.01	41880.0	29610.0	2.247	1.0
theta_d_pr[5,103]	0.1678	0.004154	0.8674	0.8594	-1.528	0.169	1.885	43760.0	30320.0	2.348	1.0
theta_d_pr[5,104]	-0.6016	0.004064	0.7974	0.786	-2.154	-0.6076	0.9821	38570.0	30490.0	2.07	1.0
theta_d_pr[5,105]	-0.09038	0.004103	0.9383	0.9386	-1.924	-0.09535	1.743	52330.0	29880.0	2.808	1.0
theta_d_pr[5,106]	0.1362	0.00421	0.9983	0.9975	-1.816	0.1323	2.097	56460.0	29180.0	3.029	1.0
theta_d_pr[5,107]	-0.3281	0.004062	0.8878	0.8855	-2.063	-0.3244	1.419	47770.0	32030.0	2.563	1.0
theta_d_pr[5,108]	-0.2596	0.003923	0.8595	0.8601	-1.937	-0.2648	1.434	48110.0	30010.0	2.581	1.0
theta_d_pr[5,109]	-0.1848	0.003983	0.8689	0.8655	-1.89	-0.1881	1.52	47710.0	30940.0	2.56	1.0
theta_d_pr[5,110]	-0.427	0.004484	0.8902	0.8812	-2.147	-0.4336	1.331	39510.0	30870.0	2.12	1.0
theta_d_pr[5,111]	-0.01795	0.003679	0.8348	0.8281	-1.671	-0.02	1.636	51580.0	30190.0	2.768	1.0
theta_d_pr[5,112]	0.346	0.004184	0.8364	0.8267	-1.297	0.3426	1.999	40180.0	30740.0	2.156	1.0
theta_d_pr[5,113]	0.06379	0.004107	0.8678	0.8668	-1.632	0.06622	1.767	44680.0	32480.0	2.398	1.0
theta_d_pr[5,114]	0.5285	0.004072	0.8915	0.8896	-1.228	0.5344	2.262	47970.0	29290.0	2.574	1.0
theta_d_pr[5,115]	-0.5411	0.003893	0.8485	0.8418	-2.195	-0.547	1.143	47690.0	29940.0	2.559	1.0
theta_d_pr[5,116]	-0.7463	0.004292	0.8289	0.824	-2.359	-0.7479	0.8937	37510.0	30130.0	2.013	1.0
theta_d_pr[5,117]	0.5661	0.004102	0.8145	0.8065	-1.032	0.5684	2.176	39600.0	30510.0	2.125	1.0
theta_d_pr[5,118]	-0.1887	0.003928	0.8874	0.8851	-1.924	-0.1876	1.551	51100.0	31310.0	2.742	1.0
theta_d_pr[5,119]	-0.1539	0.004148	0.9292	0.9279	-1.967	-0.1593	1.677	50590.0	31590.0	2.715	1.0
theta_d_pr[5,120]	-0.2703	0.004103	0.9034	0.8911	-2.032	-0.2785	1.533	48620.0	29770.0	2.609	1.0
theta_d_pr[5,121]	1.001	0.004072	0.7977	0.7907	-0.6018	1.01	2.542	38950.0	25750.0	2.09	1.0
theta_d_pr[5,122]	-0.2681	0.004066	0.88	0.8663	-1.977	-0.2748	1.476	46870.0	30300.0	2.515	1.0
theta_d_pr[5,123]	-0.5989	0.004222	0.9148	0.912	-2.374	-0.6078	1.213	47070.0	29910.0	2.526	1.0
theta_d_pr[5,124]	0.3194	0.003912	0.8638	0.8551	-1.377	0.3256	2.007	48810.0	31080.0	2.619	1.0
theta_d_pr[5,125]	-0.7228	0.004109	0.8492	0.8329	-2.365	-0.7297	0.961	42870.0	29720.0	2.3	1.0
theta_d_pr[5,126]	-0.7597	0.004411	0.8348	0.8288	-2.353	-0.7711	0.9302	36120.0	29690.0	1.938	1.0
theta_d_pr[5,127]	0.06177	0.003905	0.9523	0.9496	-1.82	0.06061	1.921	59530.0	30800.0	3.195	1.0
theta_d_pr[5,128]	0.3408	0.003992	0.854	0.8435	-1.341	0.339	2.014	45810.0	30940.0	2.458	1.0
theta_d_pr[5,129]	0.2257	0.00411	0.8999	0.8957	-1.548	0.2309	1.985	47970.0	30750.0	2.574	1.0
theta_d_pr[5,130]	0.1019	0.003935	0.8416	0.8302	-1.561	0.1026	1.737	45830.0	30500.0	2.459	1.0
theta_d_pr[5,131]	-1.443	0.004461	0.8319	0.8166	-3.056	-1.453	0.2303	35410.0	21460.0	1.9	1.0
theta_d_pr[5,132]	0.0006264	0.004022	0.9787	0.9849	-1.909	-0.003214	1.922	59330.0	30080.0	3.183	1.0
theta_d_pr[5,133]	-0.1629	0.003994	0.9503	0.939	-2.024	-0.1616	1.701	56650.0	29830.0	3.04	1.0
theta_d_pr[5,134]	-0.2364	0.004159	0.8893	0.883	-1.965	-0.2428	1.506	45870.0	31610.0	2.461	1.0
theta_d_pr[5,135]	-0.2657	0.004101	0.8983	0.8927	-2.015	-0.2731	1.523	48120.0	30100.0	2.582	1.0
theta_d_pr[5,136]	0.4584	0.004513	0.8815	0.8751	-1.3	0.4678	2.166	38190.0	31710.0	2.049	1.0
theta_d_pr[5,137]	-0.3647	0.004227	0.9398	0.9376	-2.187	-0.3664	1.495	49480.0	30410.0	2.655	1.0
theta_d_pr[5,138]	-0.3552	0.004014	0.826	0.8177	-1.968	-0.3516	1.269	42520.0	31560.0	2.281	1.0
theta_d_pr[5,139]	-0.5516	0.004197	0.8193	0.8141	-2.16	-0.5509	1.06	38220.0	29820.0	2.051	1.0
theta_d_pr[5,140]	-0.6152	0.004269	0.898	0.8929	-2.348	-0.6244	1.201	44540.0	29050.0	2.39	1.0
theta_d_pr[5,141]	-0.7977	0.004283	0.9149	0.9163	-2.573	-0.805	1.014	45890.0	29500.0	2.463	1.0
theta_d_pr[5,142]	0.6556	0.003873	0.7991	0.7883	-0.9512	0.6701	2.204	42790.0	31370.0	2.296	1.0
theta_d_pr[5,143]	-0.1621	0.004024	0.8933	0.8969	-1.9	-0.165	1.597	49400.0	31610.0	2.651	1.0
theta_d_pr[5,144]	0.2028	0.003824	0.8152	0.804	-1.407	0.2056	1.816	45590.0	31870.0	2.446	1.0
theta_d_pr[5,145]	0.4448	0.004033	0.8491	0.8359	-1.25	0.4537	2.101	44400.0	30280.0	2.383	1.0
theta_d_pr[5,146]	0.4428	0.003969	0.8553	0.8487	-1.249	0.4512	2.107	46580.0	28480.0	2.5	1.0
theta_d_pr[5,147]	0.1496	0.003805	0.7973	0.7888	-1.428	0.1454	1.721	44020.0	30190.0	2.362	1.0
theta_d_pr[5,148]	0.3267	0.003711	0.8338	0.8232	-1.322	0.325	1.966	50600.0	30910.0	2.715	1.0
theta_d_pr[5,149]	-0.2038	0.004166	0.9323	0.9317	-2.043	-0.2067	1.61	50160.0	30340.0	2.692	1.0
theta_d_pr[5,150]	-0.2316	0.004042	0.9662	0.971	-2.106	-0.2352	1.671	57220.0	31430.0	3.07	1.0
theta_d_pr[5,151]	-0.05177	0.003998	0.8824	0.8817	-1.779	-0.05287	1.693	48780.0	31060.0	2.617	1.0
theta_d_pr[5,152]	-0.678	0.00395	0.8532	0.8484	-2.358	-0.6807	0.9865	46750.0	31440.0	2.509	1.0
theta_d_pr[5,153]	0.5409	0.004105	0.7862	0.7814	-1.015	0.5478	2.078	36770.0	29930.0	1.973	1.0
theta_d_pr[5,154]	0.06892	0.003989	0.852	0.8518	-1.605	0.06593	1.746	45660.0	31470.0	2.45	1.0
theta_d_pr[5,155]	-0.2382	0.004205	0.8455	0.8482	-1.894	-0.2307	1.402	40530.0	29730.0	2.175	1.0
theta_d_pr[5,156]	0.4538	0.004751	0.9837	0.9915	-1.46	0.452	2.37	42950.0	31360.0	2.304	1.0
theta_d_pr[5,157]	0.3647	0.003731	0.8283	0.8282	-1.263	0.3688	1.975	49380.0	29510.0	2.65	1.0
theta_d_pr[5,158]	-0.8846	0.004141	0.8596	0.8528	-2.544	-0.8877	0.8325	43370.0	26840.0	2.327	1.0
theta_d_pr[5,159]	-0.2497	0.004357	0.9824	0.986	-2.19	-0.2498	1.69	50920.0	31930.0	2.732	1.0
theta_d_pr[6,1]	0.6292	0.002422	0.4775	0.4664	-0.284	0.6147	1.597	39640.0	28970.0	2.127	1.0
theta_d_pr[6,2]	-0.1102	0.00274	0.5714	0.5565	-1.253	-0.1092	1.004	43750.0	29400.0	2.348	1.0
theta_d_pr[6,3]	0.2069	0.002229	0.445	0.4317	-0.6794	0.207	1.09	40150.0	28670.0	2.154	1.0
theta_d_pr[6,4]	0.04699	0.003516	0.7407	0.724	-1.424	0.05109	1.488	44640.0	29430.0	2.395	1.0
theta_d_pr[6,5]	-0.6653	0.003321	0.6577	0.6379	-1.988	-0.6633	0.6261	39550.0	27500.0	2.122	1.0
theta_d_pr[6,6]	1.65	0.002462	0.4386	0.4297	0.8582	1.626	2.581	32590.0	27810.0	1.749	1.0
theta_d_pr[6,7]	-0.9939	0.00313	0.6537	0.6459	-2.315	-0.984	0.2587	43980.0	29980.0	2.36	1.0
theta_d_pr[6,8]	-0.003565	0.002955	0.5729	0.556	-1.146	0.004809	1.113	37960.0	28630.0	2.037	1.0
theta_d_pr[6,9]	-0.635	0.002224	0.41	0.4021	-1.482	-0.6187	0.129	34990.0	25390.0	1.878	1.0
theta_d_pr[6,10]	-1.804	0.00267	0.4804	0.4739	-2.82	-1.776	-0.9449	33580.0	27650.0	1.802	1.0
theta_d_pr[6,11]	-0.3272	0.003052	0.6276	0.612	-1.578	-0.3237	0.9125	42560.0	29440.0	2.284	1.0
theta_d_pr[6,12]	0.3204	0.002739	0.5798	0.5698	-0.811	0.3188	1.491	45040.0	28880.0	2.417	1.0
theta_d_pr[6,13]	0.8839	0.002274	0.4567	0.4465	0.005669	0.8751	1.816	40860.0	27880.0	2.193	1.0
theta_d_pr[6,14]	-0.3357	0.003363	0.6893	0.6733	-1.734	-0.3226	0.9868	42460.0	28990.0	2.278	1.0
theta_d_pr[6,15]	-0.3767	0.003	0.6148	0.6069	-1.601	-0.373	0.8249	42200.0	29080.0	2.264	1.0
theta_d_pr[6,16]	-0.4799	0.002446	0.5122	0.4989	-1.499	-0.4808	0.5305	44100.0	29590.0	2.366	1.0
theta_d_pr[6,17]	0.3712	0.002434	0.4876	0.4733	-0.5744	0.3689	1.356	40550.0	28100.0	2.176	1.0
theta_d_pr[6,18]	-1.115	0.003238	0.6192	0.6042	-2.393	-1.096	0.05007	37180.0	28910.0	1.995	1.0
theta_d_pr[6,19]	1.683	0.003042	0.6455	0.6328	0.4377	1.671	2.983	45270.0	29150.0	2.429	1.0
theta_d_pr[6,20]	0.3912	0.002735	0.6056	0.5953	-0.8035	0.3871	1.588	49200.0	30420.0	2.64	1.0
theta_d_pr[6,21]	0.3894	0.002772	0.5858	0.575	-0.7717	0.3901	1.547	44890.0	29300.0	2.409	1.0
theta_d_pr[6,22]	-0.05075	0.003053	0.6098	0.5912	-1.282	-0.04105	1.134	40330.0	29130.0	2.164	1.0
theta_d_pr[6,23]	0.03013	0.004106	0.8929	0.8864	-1.704	0.02663	1.798	47410.0	30100.0	2.544	1.0
theta_d_pr[6,24]	-0.09333	0.003424	0.6973	0.6789	-1.471	-0.09349	1.286	41700.0	29670.0	2.238	1.0
theta_d_pr[6,25]	0.1163	0.002555	0.5169	0.5037	-0.9161	0.1207	1.133	41110.0	28440.0	2.206	1.0
theta_d_pr[6,26]	-0.2182	0.002759	0.5422	0.5264	-1.309	-0.2085	0.8343	38780.0	29390.0	2.081	1.0
theta_d_pr[6,27]	-0.7075	0.001997	0.3642	0.3557	-1.472	-0.6912	-0.02803	34080.0	25760.0	1.829	1.0
theta_d_pr[6,28]	0.01819	0.002367	0.4783	0.4743	-0.9355	0.02196	0.9407	41220.0	27470.0	2.212	1.0
theta_d_pr[6,29]	-0.7143	0.003048	0.5556	0.5449	-1.873	-0.6921	0.315	34060.0	26820.0	1.827	1.0
theta_d_pr[6,30]	1.531	0.002544	0.5083	0.5028	0.5915	1.514	2.574	40860.0	28110.0	2.192	1.0
theta_d_pr[6,31]	0.542	0.003861	0.8438	0.8318	-1.16	0.5564	2.176	48000.0	30070.0	2.575	1.0
theta_d_pr[6,32]	-0.3688	0.003235	0.7101	0.6978	-1.773	-0.3641	1.022	48280.0	31170.0	2.591	1.0
theta_d_pr[6,33]	1.929	0.002465	0.4391	0.4342	1.132	1.905	2.859	32550.0	28010.0	1.747	1.0
theta_d_pr[6,34]	-0.5866	0.003841	0.7811	0.7599	-2.096	-0.6019	1.001	41710.0	28910.0	2.238	1.0
theta_d_pr[6,35]	1.589	0.003595	0.7447	0.7273	0.09321	1.596	3.035	43270.0	29050.0	2.322	1.0
theta_d_pr[6,36]	0.07175	0.003385	0.6468	0.6278	-1.236	0.08219	1.327	36940.0	26750.0	1.982	1.0
theta_d_pr[6,37]	1.035	0.002367	0.4586	0.4485	0.1686	1.02	1.98	38320.0	28000.0	2.056	1.0
theta_d_pr[6,38]	-1.585	0.002604	0.5199	0.5139	-2.663	-1.567	-0.6162	40730.0	28280.0	2.186	1.0
theta_d_pr[6,39]	0.6818	0.002178	0.4386	0.4299	-0.1608	0.6723	1.571	41020.0	28280.0	2.201	1.0
theta_d_pr[6,40]	0.2241	0.002286	0.4623	0.4482	-0.6927	0.2246	1.141	41250.0	26850.0	2.213	1.0
theta_d_pr[6,41]	0.1076	0.003843	0.8715	0.8618	-1.616	0.1098	1.827	51610.0	29900.0	2.769	1.0
theta_d_pr[6,42]	-0.09988	0.002431	0.4756	0.4578	-1.041	-0.1007	0.8504	38740.0	27380.0	2.079	1.0
theta_d_pr[6,43]	0.3794	0.002513	0.5407	0.5302	-0.6802	0.3767	1.454	46480.0	29960.0	2.494	1.0
theta_d_pr[6,44]	-0.9381	0.003836	0.849	0.847	-2.576	-0.9465	0.7592	49070.0	31320.0	2.633	1.0
theta_d_pr[6,45]	-1.163	0.003001	0.6222	0.6099	-2.415	-1.15	0.03218	43520.0	29370.0	2.335	1.0
theta_d_pr[6,46]	0.1391	0.002497	0.5171	0.5041	-0.8813	0.1364	1.157	43210.0	27410.0	2.319	1.0
theta_d_pr[6,47]	-0.7082	0.002082	0.4311	0.4274	-1.592	-0.6974	0.1033	43490.0	30420.0	2.334	1.0
theta_d_pr[6,48]	-0.2955	0.004539	0.9547	0.9633	-2.155	-0.2983	1.566	44300.0	30890.0	2.377	1.0
theta_d_pr[6,49]	-0.1718	0.003625	0.8128	0.8001	-1.77	-0.1756	1.422	50560.0	30280.0	2.713	1.0
theta_d_pr[6,50]	-0.3854	0.003836	0.8776	0.8703	-2.097	-0.3979	1.369	52540.0	28230.0	2.82	1.0
theta_d_pr[6,51]	-0.6753	0.004201	0.9692	0.9696	-2.554	-0.6821	1.238	53370.0	29860.0	2.864	1.0
theta_d_pr[6,52]	-1.585	0.00273	0.508	0.5021	-2.645	-1.566	-0.6477	35380.0	28080.0	1.898	1.0
theta_d_pr[6,53]	-0.2015	0.002701	0.5095	0.4941	-1.248	-0.1888	0.7743	36340.0	27930.0	1.95	1.0
theta_d_pr[6,54]	-0.1219	0.00379	0.8415	0.8356	-1.791	-0.1188	1.524	49390.0	30570.0	2.65	1.0
theta_d_pr[6,55]	1.303	0.004124	0.8482	0.8319	-0.4297	1.327	2.927	42860.0	28420.0	2.3	1.0
theta_d_pr[6,56]	-0.7402	0.003378	0.6917	0.6753	-2.109	-0.7365	0.6285	42050.0	30040.0	2.257	1.0
theta_d_pr[6,57]	-0.2386	0.003378	0.751	0.737	-1.71	-0.2419	1.247	49550.0	29350.0	2.659	1.0
theta_d_pr[6,58]	-0.6214	0.003069	0.6231	0.6082	-1.879	-0.6104	0.6044	41680.0	29340.0	2.237	1.0
theta_d_pr[6,59]	-0.3137	0.00372	0.7745	0.7629	-1.86	-0.3058	1.202	43630.0	30000.0	2.341	1.0
theta_d_pr[6,60]	-0.7866	0.002646	0.5444	0.5352	-1.896	-0.7723	0.2533	42730.0	29890.0	2.293	1.0
theta_d_pr[6,61]	0.4614	0.002203	0.4524	0.4439	-0.414	0.458	1.359	42430.0	28910.0	2.277	1.0
theta_d_pr[6,62]	-0.4506	0.002383	0.4723	0.4635	-1.403	-0.4408	0.4562	39540.0	29440.0	2.122	1.0
theta_d_pr[6,63]	0.1565	0.002404	0.503	0.4912	-0.8414	0.1553	1.15	43940.0	28790.0	2.358	1.0
theta_d_pr[6,64]	-0.8171	0.00328	0.6848	0.6807	-2.189	-0.8072	0.4955	43820.0	28010.0	2.352	1.0
theta_d_pr[6,65]	0.1593	0.004146	0.9436	0.939	-1.684	0.1546	2.02	51960.0	29870.0	2.788	1.0
theta_d_pr[6,66]	-0.9954	0.003884	0.6855	0.673	-2.411	-0.976	0.2993	31640.0	27050.0	1.698	1.0
theta_d_pr[6,67]	0.1595	0.003296	0.6906	0.6821	-1.197	0.1604	1.519	44010.0	31130.0	2.362	1.0
theta_d_pr[6,68]	1.28	0.002614	0.5444	0.5306	0.227	1.27	2.369	43820.0	29380.0	2.352	1.0
theta_d_pr[6,69]	-0.4931	0.003189	0.6555	0.6403	-1.788	-0.4907	0.7954	42520.0	29080.0	2.281	1.0
theta_d_pr[6,70]	0.236	0.002068	0.4284	0.4212	-0.6048	0.2326	1.09	43090.0	28640.0	2.312	1.0
theta_d_pr[6,71]	-0.278	0.002346	0.4929	0.4816	-1.264	-0.2775	0.6937	44300.0	30140.0	2.377	1.0
theta_d_pr[6,72]	0.4019	0.00252	0.5132	0.4996	-0.5993	0.3985	1.428	41850.0	26660.0	2.246	1.0
theta_d_pr[6,73]	-0.7958	0.003524	0.7634	0.7509	-2.281	-0.8016	0.739	47220.0	28870.0	2.534	1.0
theta_d_pr[6,74]	0.4319	0.003705	0.8512	0.8457	-1.264	0.4376	2.094	52850.0	28780.0	2.836	1.0
theta_d_pr[6,75]	-0.8292	0.003915	0.8803	0.8723	-2.526	-0.8395	0.9249	50860.0	30110.0	2.729	1.0
theta_d_pr[6,76]	-0.5285	0.003556	0.791	0.778	-2.08	-0.5279	1.037	49710.0	28730.0	2.667	1.0
theta_d_pr[6,77]	0.9682	0.003267	0.6776	0.6647	-0.3473	0.9611	2.318	43300.0	28250.0	2.324	1.0
theta_d_pr[6,78]	-0.174	0.003755	0.8508	0.8302	-1.848	-0.1779	1.506	51390.0	28840.0	2.758	1.0
theta_d_pr[6,79]	0.3063	0.002961	0.642	0.6335	-0.9624	0.3066	1.572	47170.0	29000.0	2.531	1.0
theta_d_pr[6,80]	-0.5917	0.003134	0.6136	0.598	-1.839	-0.5751	0.588	38810.0	27800.0	2.083	1.0
theta_d_pr[6,81]	-0.03551	0.003376	0.6417	0.6289	-1.317	-0.02354	1.21	36290.0	28970.0	1.947	1.0
theta_d_pr[6,82]	-0.2876	0.003467	0.7405	0.72	-1.754	-0.2875	1.176	45830.0	30180.0	2.459	1.0
theta_d_pr[6,83]	0.1957	0.002414	0.5077	0.4951	-0.7917	0.1914	1.206	44480.0	29230.0	2.387	1.0
theta_d_pr[6,84]	-1.649	0.002722	0.5341	0.5282	-2.764	-1.624	-0.6626	39290.0	29040.0	2.109	1.0
theta_d_pr[6,85]	0.2143	0.002126	0.424	0.4102	-0.6071	0.2076	1.074	40350.0	27510.0	2.165	1.0
theta_d_pr[6,86]	-0.3418	0.002849	0.6207	0.605	-1.583	-0.3351	0.8665	47710.0	30010.0	2.56	1.0
theta_d_pr[6,87]	0.7238	0.002476	0.4499	0.4387	-0.1343	0.7104	1.649	33670.0	27180.0	1.806	1.0
theta_d_pr[6,88]	-0.634	0.00319	0.6384	0.6204	-1.934	-0.6201	0.5843	40750.0	27900.0	2.187	1.0
theta_d_pr[6,89]	0.1142	0.002339	0.4938	0.4819	-0.8505	0.1087	1.098	44880.0	28360.0	2.409	1.0
theta_d_pr[6,90]	-0.2982	0.003283	0.6846	0.6637	-1.658	-0.2956	1.046	43750.0	27270.0	2.348	1.0
theta_d_pr[6,91]	0.2704	0.004372	0.9252	0.9218	-1.537	0.261	2.104	44900.0	30400.0	2.409	1.0
theta_d_pr[6,92]	0.1808	0.003385	0.7343	0.7101	-1.283	0.1786	1.633	47300.0	29220.0	2.538	1.0
theta_d_pr[6,93]	1.669	0.003176	0.662	0.654	0.386	1.664	2.993	43640.0	29700.0	2.342	1.0
theta_d_pr[6,94]	0.6659	0.002303	0.4638	0.4526	-0.2184	0.6543	1.608	41260.0	28060.0	2.214	1.0
theta_d_pr[6,95]	-0.5223	0.002997	0.5798	0.5621	-1.709	-0.5081	0.5882	37900.0	28990.0	2.033	1.0
theta_d_pr[6,96]	-0.2511	0.00391	0.8435	0.8331	-1.922	-0.2446	1.388	46670.0	31090.0	2.505	1.0
theta_d_pr[6,97]	-0.008364	0.002447	0.5183	0.5077	-1.045	-0.00522	1.0	45090.0	27970.0	2.419	1.0
theta_d_pr[6,98]	-0.6167	0.003701	0.8216	0.8158	-2.223	-0.6202	1.002	49360.0	29640.0	2.649	1.0
theta_d_pr[6,99]	1.134	0.004136	0.8573	0.8498	-0.5978	1.149	2.783	43350.0	29000.0	2.326	1.0
theta_d_pr[6,100]	-0.3502	0.003508	0.6531	0.6425	-1.689	-0.3402	0.8936	35210.0	28360.0	1.889	1.0
theta_d_pr[6,101]	1.368	0.002989	0.6126	0.601	0.2088	1.352	2.61	42550.0	29040.0	2.283	1.0
theta_d_pr[6,102]	1.016	0.002613	0.5339	0.5206	-0.008222	1.004	2.107	42160.0	29670.0	2.262	1.0
theta_d_pr[6,103]	-1.607	0.003072	0.6334	0.627	-2.896	-1.588	-0.4103	43130.0	29020.0	2.314	1.0
theta_d_pr[6,104]	-0.8416	0.002617	0.5245	0.5124	-1.901	-0.8309	0.1618	40990.0	28530.0	2.2	1.0
theta_d_pr[6,105]	0.5564	0.003453	0.7602	0.7475	-0.934	0.5578	2.053	48540.0	30340.0	2.604	1.0
theta_d_pr[6,106]	-0.1815	0.004115	0.9842	0.9772	-2.108	-0.1826	1.756	57240.0	29840.0	3.071	1.0
theta_d_pr[6,107]	-0.6709	0.00333	0.6911	0.6822	-2.069	-0.6566	0.6484	43520.0	29880.0	2.335	1.0
theta_d_pr[6,108]	-0.6034	0.003268	0.6746	0.664	-1.945	-0.595	0.7013	42970.0	28300.0	2.306	1.0
theta_d_pr[6,109]	-0.9592	0.002663	0.546	0.5357	-2.082	-0.9444	0.07617	42780.0	28500.0	2.296	1.0
theta_d_pr[6,110]	1.013	0.002458	0.4524	0.4411	0.1792	0.9938	1.961	34870.0	26300.0	1.871	1.0
theta_d_pr[6,111]	0.4177	0.00276	0.5948	0.582	-0.7527	0.4119	1.608	46730.0	28900.0	2.507	1.0
theta_d_pr[6,112]	0.4403	0.002268	0.4365	0.424	-0.4077	0.4352	1.32	37210.0	29370.0	1.996	1.0
theta_d_pr[6,113]	0.5206	0.00231	0.4849	0.4723	-0.4233	0.5178	1.5	44330.0	28260.0	2.379	1.0
theta_d_pr[6,114]	1.078	0.003167	0.6454	0.6299	-0.1873	1.073	2.383	41790.0	29400.0	2.243	1.0
theta_d_pr[6,115]	0.8406	0.002736	0.5882	0.5765	-0.2891	0.8336	2.031	46650.0	28110.0	2.503	1.0
theta_d_pr[6,116]	-0.2164	0.002068	0.4251	0.4147	-1.064	-0.2128	0.6152	42440.0	28270.0	2.277	1.0
theta_d_pr[6,117]	-0.3495	0.002807	0.5771	0.5676	-1.508	-0.3411	0.7599	42790.0	28030.0	2.296	1.0
theta_d_pr[6,118]	0.4653	0.003464	0.6955	0.6834	-0.8944	0.4533	1.867	40580.0	28750.0	2.177	1.0
theta_d_pr[6,119]	-0.3387	0.003747	0.8459	0.8369	-1.97	-0.3446	1.36	51290.0	26430.0	2.752	1.0
theta_d_pr[6,120]	-0.1069	0.002369	0.4619	0.4488	-1.024	-0.1053	0.802	38410.0	27870.0	2.061	1.0
theta_d_pr[6,121]	0.375	0.003642	0.7685	0.7559	-1.125	0.3765	1.877	44640.0	29800.0	2.395	1.0
theta_d_pr[6,122]	0.7911	0.003953	0.8423	0.8442	-0.9103	0.8071	2.411	45710.0	30740.0	2.453	1.0
theta_d_pr[6,123]	0.5814	0.003792	0.8234	0.8125	-1.06	0.5886	2.183	47340.0	28490.0	2.54	1.0
theta_d_pr[6,124]	0.2999	0.002698	0.5327	0.5165	-0.7475	0.2968	1.372	39230.0	29360.0	2.105	1.0
theta_d_pr[6,125]	-0.9377	0.002281	0.4452	0.4337	-1.86	-0.9223	-0.1107	38980.0	28800.0	2.092	1.0
theta_d_pr[6,126]	-0.9258	0.002371	0.4753	0.4638	-1.902	-0.9118	-0.03223	40840.0	29000.0	2.192	1.0
theta_d_pr[6,127]	0.1655	0.004203	0.9163	0.9111	-1.653	0.1749	1.948	47660.0	30950.0	2.557	1.0
theta_d_pr[6,128]	0.2108	0.002309	0.4614	0.4496	-0.7001	0.2074	1.137	40050.0	29580.0	2.149	1.0
theta_d_pr[6,129]	0.1059	0.002695	0.5555	0.539	-1.004	0.1144	1.18	42770.0	29630.0	2.295	1.0
theta_d_pr[6,130]	-0.04453	0.002605	0.5023	0.4843	-1.032	-0.04597	0.9593	37440.0	28440.0	2.009	1.0
theta_d_pr[6,131]	1.218	0.002775	0.5792	0.5672	0.08649	1.212	2.377	43820.0	27820.0	2.352	1.0
theta_d_pr[6,132]	0.6248	0.004595	0.9757	0.9719	-1.307	0.6277	2.534	45200.0	31480.0	2.425	1.0
theta_d_pr[6,133]	0.05811	0.003833	0.8485	0.8409	-1.605	0.05472	1.73	49200.0	31520.0	2.64	1.0
theta_d_pr[6,134]	0.7011	0.002763	0.5366	0.5288	-0.3169	0.691	1.792	38170.0	28310.0	2.048	1.0
theta_d_pr[6,135]	0.4646	0.003035	0.6992	0.6867	-0.9239	0.4633	1.845	53320.0	30810.0	2.861	1.0
theta_d_pr[6,136]	0.01456	0.00243	0.4938	0.4833	-0.9754	0.01501	0.9849	41560.0	28780.0	2.23	1.0
theta_d_pr[6,137]	0.8195	0.004183	0.841	0.8205	-0.8722	0.8303	2.443	40930.0	28880.0	2.196	1.0
theta_d_pr[6,138]	0.3072	0.00232	0.456	0.4446	-0.5685	0.298	1.233	39420.0	27170.0	2.115	1.0
theta_d_pr[6,139]	0.7564	0.002277	0.4606	0.4429	-0.1225	0.7447	1.705	41720.0	27010.0	2.239	1.0
theta_d_pr[6,140]	0.423	0.001818	0.354	0.3426	-0.2568	0.4164	1.141	38320.0	29280.0	2.056	1.0
theta_d_pr[6,141]	-0.1894	0.003373	0.7401	0.7348	-1.649	-0.1868	1.254	48230.0	30770.0	2.588	1.0
theta_d_pr[6,142]	-0.01619	0.002243	0.4428	0.4314	-0.8912	-0.01801	0.8575	39150.0	28050.0	2.101	1.0
theta_d_pr[6,143]	-0.4248	0.003749	0.7774	0.7682	-1.962	-0.4235	1.113	43240.0	30140.0	2.32	1.0
theta_d_pr[6,144]	0.5347	0.002949	0.6136	0.5994	-0.6591	0.5271	1.767	43630.0	28440.0	2.341	1.0
theta_d_pr[6,145]	-0.04455	0.00246	0.4826	0.4707	-0.992	-0.04814	0.9056	38660.0	30110.0	2.075	1.0
theta_d_pr[6,146]	0.6889	0.002684	0.5607	0.5503	-0.409	0.6816	1.809	43910.0	28950.0	2.356	1.0
theta_d_pr[6,147]	-1.666	0.003337	0.7239	0.7174	-3.092	-1.663	-0.2501	47220.0	30490.0	2.534	1.0
theta_d_pr[6,148]	-0.2315	0.003471	0.6969	0.6805	-1.639	-0.2248	1.111	40630.0	29340.0	2.18	1.0
theta_d_pr[6,149]	-2.918	0.002937	0.6763	0.6753	-4.281	-2.907	-1.623	53420.0	30050.0	2.866	1.0
theta_d_pr[6,150]	0.2427	0.003798	0.8989	0.8997	-1.531	0.2434	1.989	56070.0	31440.0	3.009	1.0
theta_d_pr[6,151]	0.8894	0.00216	0.4379	0.4309	0.05749	0.8791	1.785	41670.0	28920.0	2.236	1.0
theta_d_pr[6,152]	0.4649	0.003652	0.7973	0.7848	-1.125	0.4673	2.02	47840.0	29900.0	2.567	1.0
theta_d_pr[6,153]	0.1218	0.002543	0.5288	0.5154	-0.9253	0.1224	1.174	43510.0	29250.0	2.335	1.0
theta_d_pr[6,154]	-0.2433	0.002163	0.4264	0.4139	-1.102	-0.2374	0.5894	39290.0	27790.0	2.108	1.0
theta_d_pr[6,155]	0.4893	0.002336	0.484	0.4711	-0.4555	0.4876	1.457	43150.0	29940.0	2.315	1.0
theta_d_pr[6,156]	-0.06743	0.005067	0.9119	0.9139	-1.845	-0.06785	1.732	32410.0	30320.0	1.739	1.0
theta_d_pr[6,157]	-1.068	0.002865	0.6064	0.5954	-2.296	-1.057	0.09852	45160.0	28930.0	2.423	1.0
theta_d_pr[6,158]	0.9291	0.004007	0.8564	0.8486	-0.7996	0.9458	2.578	46150.0	30000.0	2.476	1.0
theta_d_pr[6,159]	-0.2292	0.004366	0.9416	0.9387	-2.08	-0.2257	1.594	46570.0	30210.0	2.499	1.0
sigma[1,1]	0.2938	0.0002885	0.01932	0.01897	0.2582	0.2928	0.3343	4558.0	9632.0	0.2446	1.001
sigma[1,2]	0.1116	8.272e-05	0.008874	0.008859	0.09543	0.1113	0.1301	11570.0	18570.0	0.6207	1.0
sigma[2,1]	0.2143	0.0002959	0.03014	0.02976	0.1565	0.2137	0.275	10340.0	17260.0	0.5549	1.0
sigma[2,2]	0.1267	0.0004273	0.03204	0.03069	0.05881	0.1279	0.1857	6114.0	5511.0	0.3281	1.001
sigma[3,1]	0.3359	0.0002841	0.03177	0.03161	0.2784	0.3341	0.4027	12530.0	20450.0	0.6724	1.0
sigma[3,2]	0.1846	0.0002134	0.02454	0.02438	0.1389	0.184	0.2352	13160.0	20430.0	0.7059	1.0
sigma[4,1]	0.4277	0.0003778	0.0397	0.03902	0.3558	0.4256	0.512	11320.0	20670.0	0.6075	1.0
sigma[4,2]	0.203	0.0002412	0.02673	0.02634	0.1535	0.2018	0.2588	12260.0	21720.0	0.6581	1.0
sigma[5,1]	0.2619	0.0002567	0.02872	0.02853	0.2084	0.2611	0.3204	12510.0	21240.0	0.6713	1.0
sigma[5,2]	0.1178	0.0003483	0.02752	0.0259	0.05967	0.1187	0.1693	6861.0	7179.0	0.3682	1.001
sigma[6,1]	0.4263	0.0003625	0.03293	0.03251	0.3672	0.4244	0.4965	8313.0	15920.0	0.4461	1.0
sigma[6,2]	0.1769	0.000161	0.01818	0.01801	0.1435	0.1761	0.2149	12790.0	22530.0	0.6863	1.0
b1[1,1]	9.451	0.007799	1.345	1.33	7.065	9.367	12.34	30430.0	28230.0	1.633	1.0
b1[1,2]	6.338	0.003626	0.7991	0.7891	4.898	6.298	8.019	50290.0	30260.0	2.699	1.0
b1[1,3]	9.643	0.007798	1.371	1.356	7.241	9.55	12.6	32220.0	28680.0	1.729	1.0
b1[1,4]	3.88	0.003328	0.6791	0.6722	2.656	3.843	5.297	42740.0	29880.0	2.293	1.0
b1[1,5]	6.206	0.00566	0.961	0.934	4.506	6.13	8.28	29710.0	27510.0	1.594	0.9999
b1[1,6]	10.6	0.008774	1.492	1.488	7.965	10.5	13.76	29560.0	27940.0	1.586	1.0
b1[1,7]	3.911	0.00226	0.4424	0.4378	3.11	3.887	4.844	38760.0	33060.0	2.08	1.0
b1[1,8]	8.272	0.004957	1.031	1.02	6.4	8.224	10.44	43990.0	32190.0	2.36	1.0
b1[1,9]	11.04	0.008875	1.569	1.558	8.258	10.94	14.4	32150.0	28040.0	1.725	1.0
b1[1,10]	13.06	0.009497	1.703	1.693	9.959	12.99	16.64	32780.0	28620.0	1.759	1.0
b1[1,11]	7.729	0.006415	1.06	1.043	5.825	7.669	9.967	27970.0	26410.0	1.501	1.0
b1[1,12]	6.39	0.004927	0.8973	0.8859	4.769	6.344	8.294	34300.0	28310.0	1.841	1.0
b1[1,13]	9.86	0.007514	1.294	1.279	7.543	9.781	12.62	30590.0	27230.0	1.641	1.0
b1[1,14]	2.988	0.003162	0.6403	0.6225	1.831	2.951	4.344	42040.0	31430.0	2.256	1.0
b1[1,15]	6.225	0.005014	0.8871	0.8807	4.647	6.173	8.115	32020.0	29160.0	1.718	1.0
b1[1,16]	7.06	0.002501	0.6066	0.6056	5.939	7.037	8.323	60030.0	32630.0	3.221	1.0
b1[1,17]	9.457	0.00628	1.191	1.166	7.327	9.384	12.01	37280.0	28920.0	2.0	1.0
b1[1,18]	4.358	0.003628	0.6901	0.6776	3.111	4.321	5.842	36900.0	30710.0	1.98	1.0
b1[1,19]	5.442	0.004793	0.8539	0.8332	3.915	5.391	7.277	32920.0	28100.0	1.766	1.0
b1[1,20]	5.998	0.00376	0.7762	0.7679	4.586	5.961	7.625	43800.0	29610.0	2.35	1.0
b1[1,21]	4.657	0.004052	0.7549	0.7415	3.307	4.609	6.262	35850.0	29470.0	1.924	1.0
b1[1,22]	7.378	0.006152	1.041	1.017	5.544	7.31	9.622	29830.0	27570.0	1.601	1.0
b1[1,23]	3.182	0.002969	0.598	0.589	2.092	3.156	4.427	41920.0	29300.0	2.249	1.0
b1[1,24]	6.119	0.004142	0.8197	0.8089	4.65	6.072	7.864	40490.0	29840.0	2.173	1.0
b1[1,25]	7.515	0.006725	1.083	1.058	5.623	7.433	9.863	27040.0	27180.0	1.451	1.0
b1[1,26]	9.164	0.006833	1.198	1.184	7.03	9.092	11.71	31590.0	27310.0	1.695	1.0
b1[1,27]	14.08	0.01055	1.925	1.921	10.62	13.99	18.12	33940.0	29840.0	1.821	1.0
b1[1,28]	8.123	0.00338	0.7476	0.7419	6.771	8.084	9.691	49610.0	32730.0	2.662	1.0
b1[1,29]	7.968	0.006012	1.069	1.049	6.061	7.907	10.25	32700.0	28200.0	1.755	1.0
b1[1,30]	7.464	0.004189	0.9301	0.9233	5.771	7.419	9.416	50840.0	31000.0	2.728	1.0
b1[1,31]	2.911	0.002268	0.51	0.5013	1.976	2.89	3.987	52170.0	30920.0	2.799	1.0
b1[1,32]	4.363	0.00339	0.6609	0.6455	3.185	4.323	5.773	39880.0	26690.0	2.14	1.0
b1[1,33]	12.11	0.009357	1.649	1.643	9.147	12.02	15.59	31680.0	28610.0	1.7	1.0
b1[1,34]	5.474	0.003637	0.7077	0.7027	4.199	5.442	6.967	39100.0	28710.0	2.098	1.0
b1[1,35]	3.167	0.002987	0.6046	0.596	2.06	3.141	4.435	41480.0	31730.0	2.226	1.0
b1[1,36]	5.267	0.005112	0.8526	0.8333	3.77	5.21	7.097	29220.0	25330.0	1.568	1.0
b1[1,37]	10.25	0.007639	1.391	1.378	7.723	10.18	13.17	33740.0	29390.0	1.81	1.0
b1[1,38]	8.204	0.006246	1.127	1.106	6.196	8.139	10.59	33490.0	29480.0	1.797	1.0
b1[1,39]	8.325	0.007447	1.257	1.243	6.118	8.236	11.02	29330.0	27670.0	1.574	1.0
b1[1,40]	12.65	0.008469	1.616	1.611	9.688	12.57	16.0	36960.0	28900.0	1.983	1.0
b1[1,41]	2.674	0.002466	0.5373	0.5284	1.7	2.645	3.807	49170.0	30440.0	2.638	1.0
b1[1,42]	12.7	0.009418	1.691	1.678	9.64	12.61	16.27	33150.0	27470.0	1.779	1.0
b1[1,43]	6.081	0.004195	0.8416	0.827	4.562	6.036	7.858	41490.0	29570.0	2.226	1.0
b1[1,44]	1.491	0.001242	0.2692	0.2676	0.968	1.489	2.025	47010.0	32100.0	2.523	1.0
b1[1,45]	5.831	0.005667	0.9229	0.9028	4.186	5.769	7.807	27620.0	26310.0	1.482	1.0
b1[1,46]	6.93	0.005766	1.006	0.9886	5.161	6.861	9.101	31540.0	28020.0	1.692	1.0
b1[1,47]	8.132	0.005227	1.066	1.054	6.213	8.071	10.38	42940.0	29140.0	2.304	1.0
b1[1,48]	4.624	0.002607	0.6008	0.5993	3.511	4.599	5.851	54320.0	30320.0	2.915	1.0
b1[1,49]	2.653	0.002352	0.5142	0.5041	1.71	2.629	3.727	49250.0	31060.0	2.643	1.0
b1[1,50]	1.404	0.001904	0.4605	0.4547	0.5112	1.4	2.319	58700.0	33850.0	3.15	1.0
b1[1,51]	2.182	0.001794	0.4592	0.4516	1.307	2.168	3.126	66260.0	32830.0	3.555	1.0
b1[1,52]	8.43	0.00357	0.7947	0.7895	6.988	8.389	10.1	50330.0	32870.0	2.701	1.0
b1[1,53]	7.646	0.005661	1.06	1.048	5.748	7.587	9.902	35820.0	30740.0	1.922	1.0
b1[1,54]	2.078	0.00207	0.4914	0.4886	1.161	2.064	3.089	57550.0	30430.0	3.088	1.0
b1[1,55]	3.442	0.003067	0.5735	0.5573	2.407	3.41	4.677	36280.0	28390.0	1.947	1.0
b1[1,56]	7.633	0.005071	0.9877	0.9678	5.895	7.566	9.762	39660.0	28370.0	2.128	1.0
b1[1,57]	4.459	0.002845	0.6037	0.6004	3.354	4.434	5.709	46410.0	29060.0	2.491	1.0
b1[1,58]	7.108	0.004323	0.8609	0.8536	5.544	7.065	8.915	40640.0	30360.0	2.18	1.0
b1[1,59]	2.847	0.002582	0.5564	0.5412	1.839	2.819	4.011	48600.0	30980.0	2.608	1.0
b1[1,60]	7.608	0.006213	1.074	1.05	5.69	7.538	9.895	31110.0	27600.0	1.669	1.0
b1[1,61]	8.204	0.00705	1.215	1.189	6.09	8.119	10.84	30660.0	27870.0	1.645	1.0
b1[1,62]	6.186	0.005459	0.9504	0.9243	4.53	6.115	8.247	31700.0	26930.0	1.701	1.0
b1[1,63]	6.033	0.005114	0.9052	0.8881	4.419	5.978	7.955	32910.0	24990.0	1.766	1.0
b1[1,64]	4.175	0.00287	0.619	0.6139	3.031	4.147	5.464	47910.0	29960.0	2.571	1.0
b1[1,65]	0.6494	0.002451	0.5235	0.514	-0.3954	0.6564	1.659	46160.0	30440.0	2.477	1.0
b1[1,66]	3.097	0.003271	0.6252	0.6078	1.97	3.061	4.429	37110.0	32380.0	1.992	1.0
b1[1,67]	3.233	0.002081	0.5342	0.5292	2.229	3.218	4.326	66410.0	30330.0	3.564	1.0
b1[1,68]	5.905	0.005092	0.9206	0.9069	4.268	5.841	7.863	33250.0	31170.0	1.784	1.0
b1[1,69]	5.84	0.005481	0.8983	0.8827	4.248	5.783	7.767	27720.0	26550.0	1.488	1.0
b1[1,70]	8.511	0.005825	1.161	1.151	6.433	8.444	10.97	40990.0	31170.0	2.199	1.0
b1[1,71]	9.649	0.007659	1.265	1.261	7.384	9.577	12.31	28110.0	25440.0	1.509	1.0
b1[1,72]	6.5	0.00574	0.9603	0.9491	4.789	6.438	8.555	28990.0	25940.0	1.556	1.0
b1[1,73]	6.034	0.003117	0.6774	0.6664	4.816	6.0	7.464	48910.0	29870.0	2.625	1.0
b1[1,74]	3.057	0.002258	0.5082	0.5032	2.125	3.035	4.116	52090.0	30710.0	2.795	1.0
b1[1,75]	2.046	0.002243	0.4981	0.4874	1.092	2.035	3.054	49760.0	31940.0	2.67	1.0
b1[1,76]	3.507	0.002636	0.5772	0.5697	2.438	3.484	4.693	48850.0	30370.0	2.621	1.0
b1[1,77]	5.573	0.004395	0.7837	0.7761	4.16	5.531	7.238	32770.0	28000.0	1.759	1.0
b1[1,78]	2.581	0.001789	0.4379	0.4311	1.757	2.567	3.489	61510.0	31670.0	3.301	1.0
b1[1,79]	5.464	0.004194	0.7621	0.7425	4.103	5.417	7.089	34890.0	28220.0	1.872	1.0
b1[1,80]	7.933	0.00694	1.168	1.152	5.855	7.862	10.43	29050.0	27890.0	1.559	1.0
b1[1,81]	3.511	0.00331	0.6613	0.6475	2.322	3.477	4.914	40760.0	30780.0	2.187	1.0
b1[1,82]	5.547	0.004544	0.8251	0.8037	4.075	5.498	7.292	34000.0	28710.0	1.824	1.0
b1[1,83]	8.695	0.006216	1.117	1.108	6.712	8.632	11.07	33440.0	28440.0	1.794	1.0
b1[1,84]	8.49	0.005874	1.099	1.077	6.539	8.426	10.83	36330.0	28680.0	1.95	1.0
b1[1,85]	12.21	0.009127	1.633	1.623	9.285	12.12	15.64	32680.0	27980.0	1.754	1.0
b1[1,86]	5.372	0.004931	0.8503	0.8404	3.859	5.32	7.183	30700.0	28820.0	1.648	1.0
b1[1,87]	9.216	0.00848	1.358	1.345	6.84	9.125	12.14	26430.0	26220.0	1.418	1.0
b1[1,88]	6.332	0.004797	0.8835	0.8661	4.767	6.276	8.231	34800.0	31770.0	1.867	1.0
b1[1,89]	8.322	0.007496	1.164	1.157	6.244	8.254	10.77	24590.0	28040.0	1.32	1.0
b1[1,90]	6.261	0.004025	0.8077	0.7987	4.797	6.219	7.948	41540.0	30210.0	2.229	1.0
b1[1,91]	0.7365	0.002468	0.5132	0.5045	-0.3101	0.7479	1.715	44110.0	29830.0	2.367	1.0
b1[1,92]	5.58	0.003743	0.704	0.6876	4.319	5.535	7.079	36670.0	28930.0	1.968	1.0
b1[1,93]	3.605	0.00298	0.6091	0.5866	2.494	3.573	4.902	43760.0	29130.0	2.348	1.0
b1[1,94]	8.319	0.006118	1.143	1.127	6.284	8.255	10.75	35930.0	29700.0	1.928	1.0
b1[1,95]	10.46	0.008869	1.471	1.466	7.83	10.37	13.58	28010.0	28360.0	1.503	1.0
b1[1,96]	1.527	0.002159	0.5272	0.5206	0.5307	1.515	2.601	59660.0	31890.0	3.201	1.0
b1[1,97]	7.51	0.005526	0.9927	0.9791	5.726	7.457	9.601	33260.0	29230.0	1.785	1.0
b1[1,98]	1.955	0.001225	0.2422	0.2404	1.491	1.952	2.44	39090.0	31860.0	2.097	0.9999
b1[1,99]	2.254	0.002895	0.5671	0.5557	1.225	2.222	3.443	39450.0	31690.0	2.117	1.0
b1[1,100]	3.854	0.003547	0.6769	0.6622	2.658	3.811	5.283	38320.0	29380.0	2.056	1.0
b1[1,101]	5.374	0.005459	0.9072	0.8854	3.795	5.309	7.352	28950.0	25420.0	1.554	1.0
b1[1,102]	7.788	0.00654	1.123	1.106	5.812	7.715	10.21	30240.0	28190.0	1.623	1.0
b1[1,103]	5.272	0.004924	0.8413	0.8266	3.789	5.215	7.078	30510.0	26230.0	1.637	1.0
b1[1,104]	6.225	0.0058	1.037	1.025	4.379	6.159	8.442	32840.0	28750.0	1.762	1.0
b1[1,105]	3.297	0.002179	0.5259	0.5175	2.317	3.278	4.379	59570.0	30960.0	3.196	1.0
b1[1,106]	0.006281	0.002051	0.4978	0.4919	-0.9628	-0.001188	1.001	59260.0	32650.0	3.18	1.0
b1[1,107]	2.625	0.001862	0.3544	0.3497	1.973	2.609	3.368	36490.0	30450.0	1.958	1.0
b1[1,108]	4.846	0.003103	0.6421	0.6282	3.681	4.81	6.203	44160.0	30930.0	2.37	1.0
b1[1,109]	5.507	0.004462	0.8355	0.8192	4.014	5.462	7.268	36260.0	28810.0	1.946	1.0
b1[1,110]	10.2	0.008248	1.445	1.433	7.597	10.11	13.28	31390.0	27360.0	1.684	0.9999
b1[1,111]	5.844	0.003432	0.7509	0.7427	4.477	5.808	7.428	49630.0	30790.0	2.663	1.0
b1[1,112]	9.595	0.007958	1.376	1.359	7.17	9.506	12.54	30830.0	27910.0	1.654	1.0
b1[1,113]	7.71	0.006682	1.13	1.111	5.692	7.639	10.12	29370.0	26130.0	1.576	1.0
b1[1,114]	8.788	0.006215	1.183	1.165	6.697	8.713	11.31	37370.0	29200.0	2.005	1.0
b1[1,115]	5.384	0.00357	0.7543	0.7449	4.035	5.339	6.978	45850.0	31470.0	2.46	1.0
b1[1,116]	8.751	0.007165	1.248	1.235	6.529	8.677	11.39	31340.0	27830.0	1.681	1.0
b1[1,117]	4.68	0.002816	0.5326	0.5239	3.723	4.648	5.817	36420.0	31270.0	1.954	1.0
b1[1,118]	3.54	0.002694	0.5859	0.5772	2.473	3.511	4.765	48040.0	31270.0	2.578	1.0
b1[1,119]	3.534	0.002966	0.6113	0.605	2.424	3.502	4.827	43900.0	29940.0	2.356	1.0
b1[1,120]	8.644	0.006432	1.178	1.168	6.581	8.564	11.17	35190.0	28500.0	1.888	1.0
b1[1,121]	4.308	0.002561	0.4882	0.4848	3.426	4.283	5.332	37140.0	32370.0	1.993	1.0
b1[1,122]	3.682	0.003083	0.6267	0.6167	2.545	3.645	5.002	42890.0	30270.0	2.302	1.0
b1[1,123]	2.29	0.002715	0.5782	0.5724	1.223	2.264	3.493	46520.0	30890.0	2.496	1.0
b1[1,124]	6.238	0.005279	0.9354	0.9169	4.589	6.17	8.249	32540.0	28040.0	1.746	1.0
b1[1,125]	10.83	0.008228	1.45	1.442	8.211	10.76	13.9	31660.0	28570.0	1.699	1.0
b1[1,126]	8.997	0.006994	1.211	1.189	6.837	8.923	11.59	30930.0	26960.0	1.66	1.0
b1[1,127]	3.776	0.003595	0.6666	0.6556	2.568	3.742	5.188	35670.0	27370.0	1.914	1.0
b1[1,128]	9.053	0.006461	1.227	1.208	6.868	8.98	11.66	37140.0	28570.0	1.993	1.0
b1[1,129]	6.72	0.005095	0.938	0.9261	5.056	6.662	8.725	34880.0	27950.0	1.872	1.0
b1[1,130]	10.52	0.008326	1.454	1.437	7.919	10.43	13.59	31060.0	29260.0	1.667	1.0
b1[1,131]	5.157	0.003799	0.7686	0.7529	3.755	5.117	6.792	42070.0	30920.0	2.257	1.0
b1[1,132]	0.4691	0.002601	0.5548	0.5502	-0.5995	0.4604	1.577	45920.0	31540.0	2.464	1.0
b1[1,133]	4.314	0.003146	0.6306	0.6269	3.174	4.284	5.638	41460.0	30050.0	2.225	1.0
b1[1,134]	7.321	0.004299	0.761	0.7423	5.986	7.265	8.964	32560.0	29870.0	1.747	1.0
b1[1,135]	3.501	0.003285	0.6138	0.6069	2.382	3.467	4.789	36550.0	26750.0	1.961	1.0
b1[1,136]	7.045	0.007213	1.091	1.063	5.187	6.96	9.441	24540.0	24580.0	1.317	1.0
b1[1,137]	1.687	0.002911	0.6012	0.5916	0.5457	1.668	2.929	43220.0	30360.0	2.319	1.0
b1[1,138]	10.57	0.008495	1.45	1.439	7.969	10.49	13.64	29420.0	28600.0	1.579	1.0
b1[1,139]	9.277	0.007833	1.331	1.306	6.917	9.199	12.11	29540.0	27200.0	1.585	1.0
b1[1,140]	12.58	0.008979	1.692	1.666	9.502	12.5	16.17	36610.0	28570.0	1.964	1.0
b1[1,141]	2.844	0.001475	0.3452	0.3413	2.19	2.836	3.549	54980.0	32060.0	2.95	1.0
b1[1,142]	8.218	0.007586	1.265	1.25	5.997	8.134	10.89	28480.0	28350.0	1.528	1.0
b1[1,143]	4.871	0.004236	0.7475	0.7257	3.56	4.822	6.481	32610.0	27560.0	1.75	1.0
b1[1,144]	6.598	0.005252	0.9138	0.8934	4.963	6.544	8.553	31520.0	26260.0	1.691	1.0
b1[1,145]	6.548	0.005015	0.9309	0.9055	4.911	6.48	8.548	36290.0	27750.0	1.948	1.0
b1[1,146]	7.32	0.005148	0.9672	0.9557	5.578	7.269	9.381	36580.0	28960.0	1.963	1.0
b1[1,147]	2.907	0.001682	0.3399	0.3388	2.266	2.897	3.599	40900.0	30750.0	2.195	1.0
b1[1,148]	3.118	0.002865	0.6117	0.5969	2.022	3.082	4.432	46810.0	32580.0	2.512	1.0
b1[1,149]	4.258	0.001868	0.412	0.4063	3.499	4.241	5.118	49000.0	32740.0	2.63	1.0
b1[1,150]	1.973	0.00251	0.5398	0.532	0.9724	1.952	3.086	47600.0	30620.0	2.554	1.0
b1[1,151]	8.986	0.006757	1.234	1.209	6.777	8.904	11.59	34350.0	28640.0	1.843	1.0
b1[1,152]	3.313	0.001605	0.3374	0.3341	2.684	3.302	4.007	44360.0	32630.0	2.38	1.0
b1[1,153]	5.503	0.006551	1.015	0.991	3.739	5.419	7.704	25070.0	24650.0	1.345	1.0
b1[1,154]	10.69	0.00731	1.43	1.412	8.146	10.61	13.73	39170.0	30500.0	2.102	0.9999
b1[1,155]	6.372	0.006478	1.038	1.008	4.579	6.285	8.619	26900.0	26760.0	1.444	1.0
b1[1,156]	0.4415	0.003855	0.6652	0.637	-1.003	0.4848	1.638	31050.0	27890.0	1.666	1.0
b1[1,157]	4.277	0.002672	0.5942	0.588	3.193	4.246	5.52	51430.0	32560.0	2.76	0.9999
b1[1,158]	2.541	0.002751	0.5642	0.5526	1.514	2.511	3.73	43710.0	29450.0	2.345	1.0
b1[1,159]	3.85	0.00326	0.6382	0.6329	2.687	3.82	5.199	39140.0	29170.0	2.1	1.0
b1[2,1]	9.432	0.006434	1.225	1.209	7.251	9.356	12.05	37230.0	30410.0	1.998	1.0
b1[2,2]	8.627	0.005433	1.034	1.032	6.743	8.576	10.78	37050.0	29360.0	1.988	1.0
b1[2,3]	11.53	0.008724	1.544	1.529	8.764	11.44	14.81	32050.0	28490.0	1.72	1.0
b1[2,4]	5.58	0.0051	0.8483	0.8201	4.099	5.517	7.407	29280.0	25470.0	1.571	1.0
b1[2,5]	4.743	0.005372	0.8522	0.8145	3.304	4.662	6.644	26830.0	25310.0	1.44	1.0
b1[2,6]	10.58	0.009064	1.512	1.491	7.895	10.49	13.79	28980.0	26930.0	1.555	1.0
b1[2,7]	6.567	0.004934	0.8358	0.8248	5.036	6.528	8.324	29310.0	26410.0	1.573	1.0
b1[2,8]	9.462	0.006921	1.212	1.203	7.288	9.392	12.03	31400.0	27960.0	1.685	1.0
b1[2,9]	11.7	0.009151	1.578	1.566	8.857	11.62	15.05	30310.0	28950.0	1.626	1.0
b1[2,10]	11.49	0.01054	1.674	1.677	8.525	11.39	15.04	25980.0	25080.0	1.394	1.0
b1[2,11]	6.829	0.004309	0.8772	0.8652	5.23	6.79	8.66	42690.0	30130.0	2.291	1.0
b1[2,12]	6.197	0.004556	0.8642	0.8476	4.659	6.15	8.021	37530.0	28570.0	2.014	1.0
b1[2,13]	7.798	0.00537	1.031	1.006	5.977	7.724	10.02	38210.0	30110.0	2.05	1.0
b1[2,14]	6.529	0.006204	0.9881	0.9731	4.766	6.464	8.639	26060.0	25700.0	1.398	1.0
b1[2,15]	5.755	0.005249	0.8771	0.8539	4.233	5.691	7.655	29530.0	26290.0	1.584	1.0
b1[2,16]	7.405	0.00559	0.949	0.9409	5.708	7.349	9.391	29890.0	25570.0	1.604	1.0
b1[2,17]	8.881	0.00598	1.15	1.136	6.803	8.817	11.32	38020.0	28880.0	2.04	1.0
b1[2,18]	8.261	0.005873	1.044	1.034	6.349	8.213	10.44	32280.0	26550.0	1.732	1.0
b1[2,19]	6.061	0.004577	0.8463	0.8364	4.539	6.015	7.854	35180.0	27710.0	1.888	1.0
b1[2,20]	7.071	0.004974	0.9063	0.8972	5.429	7.027	8.99	34150.0	28150.0	1.832	1.0
b1[2,21]	7.168	0.005056	0.9139	0.91	5.521	7.121	9.092	33830.0	27260.0	1.815	1.0
b1[2,22]	6.769	0.005401	0.9643	0.9465	5.061	6.705	8.834	33120.0	27650.0	1.777	1.0
b1[2,23]	1.125	0.002153	0.5209	0.5116	0.1062	1.122	2.153	58740.0	31740.0	3.152	1.0
b1[2,24]	8.785	0.005525	1.043	1.044	6.899	8.731	10.97	36750.0	27670.0	1.972	1.0
b1[2,25]	7.943	0.006162	1.079	1.073	6.002	7.883	10.24	31640.0	27960.0	1.698	1.0
b1[2,26]	8.353	0.004825	1.019	1.005	6.496	8.303	10.5	46170.0	30920.0	2.477	1.0
b1[2,27]	14.71	0.0105	1.906	1.901	11.23	14.63	18.71	33840.0	29300.0	1.816	1.0
b1[2,28]	9.795	0.007058	1.206	1.184	7.613	9.727	12.36	29910.0	26620.0	1.605	1.0
b1[2,29]	8.376	0.006715	1.138	1.126	6.36	8.3	10.82	29830.0	27200.0	1.601	1.0
b1[2,30]	9.583	0.007796	1.296	1.286	7.214	9.524	12.34	28240.0	25330.0	1.515	1.0
b1[2,31]	3.97	0.003808	0.6519	0.6288	2.822	3.924	5.398	31720.0	25270.0	1.702	1.0
b1[2,32]	4.794	0.003654	0.7022	0.6902	3.517	4.759	6.274	38320.0	28010.0	2.056	1.0
b1[2,33]	13.45	0.009982	1.756	1.758	10.25	13.36	17.11	31490.0	28740.0	1.69	1.0
b1[2,34]	2.231	0.002412	0.5442	0.5405	1.228	2.214	3.355	52120.0	30580.0	2.797	1.0
b1[2,35]	9.195	0.007034	1.163	1.146	7.071	9.133	11.65	27890.0	26360.0	1.497	1.0
b1[2,36]	7.9	0.004797	0.9429	0.9292	6.199	7.843	9.889	40260.0	28040.0	2.16	1.0
b1[2,37]	11.39	0.008874	1.52	1.502	8.641	11.32	14.61	30000.0	27600.0	1.61	1.0
b1[2,38]	7.958	0.005674	1.056	1.051	6.064	7.903	10.21	35520.0	28590.0	1.906	1.0
b1[2,39]	9.238	0.008146	1.347	1.328	6.877	9.145	12.16	28430.0	26360.0	1.526	1.0
b1[2,40]	11.62	0.007673	1.513	1.502	8.856	11.55	14.75	39540.0	29690.0	2.122	1.0
b1[2,41]	2.082	0.002196	0.5054	0.5002	1.143	2.064	3.118	53960.0	31000.0	2.896	1.0
b1[2,42]	11.75	0.008884	1.589	1.567	8.943	11.64	15.11	33080.0	29820.0	1.775	1.0
b1[2,43]	6.738	0.005575	0.9816	0.9686	5.017	6.673	8.845	32070.0	26980.0	1.721	1.0
b1[2,44]	3.679	0.003095	0.5765	0.5727	2.625	3.651	4.874	35420.0	30070.0	1.901	1.0
b1[2,45]	5.512	0.00379	0.7694	0.758	4.093	5.48	7.11	42020.0	30350.0	2.255	1.0
b1[2,46]	8.137	0.006271	1.1	1.084	6.191	8.063	10.49	31700.0	27790.0	1.701	1.0
b1[2,47]	11.63	0.008744	1.466	1.458	8.935	11.57	14.68	28720.0	25600.0	1.541	1.0
b1[2,48]	0.0179	0.001906	0.4919	0.4866	-0.9536	0.01871	0.9765	66810.0	31940.0	3.585	1.0
b1[2,49]	4.185	0.003009	0.5912	0.5869	3.122	4.151	5.435	39740.0	30450.0	2.132	1.0
b1[2,50]	3.51	0.003446	0.6322	0.6228	2.37	3.471	4.839	34790.0	27220.0	1.867	1.0
b1[2,51]	0.524	0.002083	0.4961	0.4927	-0.4305	0.5183	1.511	57170.0	29810.0	3.068	1.0
b1[2,52]	11.35	0.007873	1.379	1.369	8.814	11.3	14.22	31430.0	26040.0	1.687	1.0
b1[2,53]	9.641	0.006849	1.258	1.239	7.361	9.574	12.29	34740.0	27850.0	1.864	1.0
b1[2,54]	3.929	0.002881	0.5928	0.5873	2.845	3.902	5.164	43480.0	29700.0	2.333	1.0
b1[2,55]	3.317	0.002197	0.478	0.4731	2.437	3.299	4.308	48270.0	31890.0	2.59	1.0
b1[2,56]	8.758	0.00507	1.029	1.012	6.921	8.697	10.94	43520.0	27360.0	2.335	1.0
b1[2,57]	3.812	0.00245	0.5654	0.5634	2.756	3.797	4.973	54230.0	30370.0	2.91	1.0
b1[2,58]	7.67	0.005719	0.995	0.9855	5.894	7.611	9.791	30970.0	28430.0	1.662	1.0
b1[2,59]	5.792	0.004886	0.8103	0.7959	4.364	5.741	7.518	28550.0	26210.0	1.532	1.0
b1[2,60]	6.608	0.005268	0.9257	0.9079	4.971	6.55	8.592	32870.0	26170.0	1.764	1.0
b1[2,61]	9.218	0.007015	1.24	1.211	7.041	9.13	11.9	32170.0	28050.0	1.726	1.0
b1[2,62]	10.54	0.008381	1.381	1.375	8.067	10.47	13.44	27880.0	25690.0	1.496	1.0
b1[2,63]	6.36	0.004923	0.8882	0.859	4.767	6.298	8.253	33950.0	27100.0	1.822	1.0
b1[2,64]	5.134	0.003768	0.7111	0.704	3.859	5.098	6.641	36910.0	27650.0	1.981	1.0
b1[2,65]	2.018	0.002041	0.4889	0.4819	1.097	2.006	3.014	58200.0	32600.0	3.123	1.0
b1[2,66]	9.917	0.007805	1.263	1.254	7.617	9.859	12.55	26840.0	25540.0	1.44	1.0
b1[2,67]	5.419	0.003884	0.7259	0.7183	4.103	5.382	6.956	36140.0	28120.0	1.939	1.0
b1[2,68]	8.633	0.006412	1.131	1.122	6.586	8.567	11.01	31600.0	28780.0	1.695	1.0
b1[2,69]	6.956	0.005139	0.9214	0.9044	5.317	6.898	8.925	33640.0	26260.0	1.805	1.0
b1[2,70]	10.56	0.007156	1.349	1.335	8.134	10.49	13.39	36380.0	28750.0	1.952	1.0
b1[2,71]	6.554	0.003935	0.8326	0.8244	5.048	6.511	8.312	46070.0	30790.0	2.472	0.9999
b1[2,72]	6.226	0.004219	0.8428	0.8366	4.72	6.18	8.03	41150.0	29420.0	2.208	1.0
b1[2,73]	6.393	0.00289	0.6693	0.6608	5.173	6.361	7.779	55910.0	29570.0	3.0	1.0
b1[2,74]	2.594	0.002351	0.5115	0.5046	1.644	2.576	3.655	48390.0	28470.0	2.596	1.0
b1[2,75]	2.622	0.002607	0.5349	0.5247	1.639	2.6	3.738	43730.0	29820.0	2.346	1.0
b1[2,76]	2.849	0.00252	0.5672	0.5549	1.797	2.828	4.026	51750.0	31570.0	2.777	1.0
b1[2,77]	4.025	0.003484	0.6825	0.6704	2.781	3.994	5.445	39780.0	28990.0	2.135	1.0
b1[2,78]	2.182	0.002344	0.499	0.4887	1.254	2.162	3.221	46770.0	28100.0	2.51	1.0
b1[2,79]	4.342	0.003822	0.7018	0.6788	3.092	4.297	5.846	36120.0	26860.0	1.938	1.0
b1[2,80]	8.332	0.007466	1.224	1.194	6.18	8.243	10.97	27650.0	27480.0	1.484	1.0
b1[2,81]	9.178	0.006441	1.105	1.094	7.183	9.123	11.51	30470.0	27370.0	1.635	1.0
b1[2,82]	6.01	0.004651	0.8338	0.8038	4.531	5.953	7.807	33660.0	26550.0	1.806	1.0
b1[2,83]	8.204	0.005287	1.033	1.022	6.369	8.141	10.41	39820.0	28840.0	2.137	1.0
b1[2,84]	8.502	0.006898	1.168	1.156	6.438	8.421	11.03	29620.0	27700.0	1.59	1.0
b1[2,85]	11.36	0.009467	1.611	1.598	8.471	11.26	14.77	29440.0	28400.0	1.58	1.0
b1[2,86]	6.36	0.005284	0.9063	0.8827	4.724	6.306	8.278	30270.0	25920.0	1.624	1.0
b1[2,87]	10.5	0.007183	1.37	1.361	8.04	10.43	13.41	37450.0	28330.0	2.009	1.0
b1[2,88]	9.335	0.007031	1.221	1.211	7.136	9.265	11.92	30930.0	26600.0	1.66	1.0
b1[2,89]	6.443	0.005346	0.9657	0.9437	4.737	6.383	8.515	33760.0	28110.0	1.812	1.0
b1[2,90]	5.725	0.005582	0.896	0.881	4.147	5.666	7.655	26860.0	25220.0	1.442	1.0
b1[2,91]	4.667	0.00328	0.6526	0.6425	3.491	4.63	6.04	41040.0	28140.0	2.202	1.0
b1[2,92]	4.462	0.003547	0.6686	0.6594	3.259	4.427	5.873	36930.0	27920.0	1.982	1.0
b1[2,93]	5.989	0.005576	0.8876	0.8569	4.437	5.927	7.919	26840.0	25710.0	1.44	1.0
b1[2,94]	9.533	0.007522	1.308	1.314	7.195	9.462	12.27	30920.0	27870.0	1.659	1.0
b1[2,95]	10.53	0.008647	1.435	1.421	7.95	10.45	13.58	28170.0	28990.0	1.512	1.0
b1[2,96]	3.661	0.0029	0.5917	0.5851	2.583	3.635	4.903	43300.0	29270.0	2.323	1.0
b1[2,97]	6.593	0.004524	0.9028	0.8851	4.988	6.534	8.527	41050.0	29330.0	2.203	1.0
b1[2,98]	6.395	0.005627	0.8753	0.8735	4.792	6.355	8.215	24480.0	24960.0	1.314	1.0
b1[2,99]	4.671	0.003555	0.6696	0.6579	3.469	4.633	6.083	36810.0	29260.0	1.975	1.0
b1[2,100]	6.296	0.005214	0.9003	0.88	4.699	6.237	8.241	30840.0	26830.0	1.655	1.0
b1[2,101]	5.338	0.004878	0.8379	0.8188	3.847	5.285	7.121	30870.0	26440.0	1.656	0.9999
b1[2,102]	9.755	0.005931	1.175	1.159	7.617	9.702	12.23	40390.0	28680.0	2.167	1.0
b1[2,103]	5.28	0.004512	0.7864	0.7613	3.898	5.222	6.987	32210.0	26560.0	1.728	1.0
b1[2,104]	7.766	0.007336	1.175	1.16	5.68	7.695	10.28	26230.0	27170.0	1.408	1.0
b1[2,105]	6.66	0.004058	0.7721	0.7589	5.246	6.625	8.267	37550.0	27820.0	2.015	1.0
b1[2,106]	1.002	0.002991	0.5788	0.5774	-0.08821	0.9895	2.179	37480.0	32570.0	2.011	1.0
b1[2,107]	6.039	0.005152	0.8138	0.7975	4.586	5.991	7.771	25790.0	24600.0	1.384	1.0
b1[2,108]	5.296	0.004474	0.7825	0.7668	3.907	5.248	6.98	31650.0	27190.0	1.698	1.0
b1[2,109]	6.939	0.005855	0.9945	0.985	5.175	6.872	9.045	29930.0	26840.0	1.606	1.0
b1[2,110]	9.725	0.007396	1.299	1.285	7.436	9.637	12.49	32180.0	26000.0	1.727	1.0
b1[2,111]	7.967	0.005498	1.005	1.006	6.119	7.926	10.06	34100.0	27690.0	1.83	1.0
b1[2,112]	9.188	0.008013	1.343	1.308	6.831	9.092	12.12	29040.0	26790.0	1.558	1.0
b1[2,113]	7.701	0.00564	1.034	1.011	5.862	7.635	9.938	35020.0	26620.0	1.879	1.0
b1[2,114]	11.84	0.007127	1.396	1.385	9.271	11.79	14.72	39550.0	27810.0	2.122	1.0
b1[2,115]	6.453	0.005776	0.9587	0.9557	4.719	6.395	8.468	28160.0	26840.0	1.511	1.0
b1[2,116]	8.868	0.00816	1.311	1.292	6.54	8.776	11.67	26720.0	27190.0	1.434	1.0
b1[2,117]	7.216	0.006744	1.027	1.006	5.374	7.151	9.423	23920.0	24110.0	1.284	1.0
b1[2,118]	6.367	0.005144	0.8694	0.8581	4.8	6.319	8.205	29330.0	26220.0	1.574	1.0
b1[2,119]	3.211	0.0034	0.6246	0.6129	2.088	3.174	4.545	35170.0	27980.0	1.887	1.0
b1[2,120]	9.674	0.006787	1.25	1.236	7.435	9.592	12.33	35420.0	26400.0	1.901	0.9999
b1[2,121]	3.858	0.004567	0.6846	0.6499	2.68	3.801	5.361	25230.0	20600.0	1.354	1.0
b1[2,122]	5.475	0.004841	0.8219	0.8137	4.003	5.42	7.227	29950.0	26500.0	1.607	1.0
b1[2,123]	3.271	0.003698	0.6724	0.6572	2.085	3.226	4.713	35490.0	26050.0	1.904	1.0
b1[2,124]	8.231	0.006556	1.117	1.107	6.256	8.16	10.6	30100.0	26340.0	1.615	1.0
b1[2,125]	8.685	0.006962	1.25	1.231	6.478	8.601	11.34	33390.0	27740.0	1.792	1.0
b1[2,126]	7.617	0.006917	1.131	1.102	5.624	7.546	10.05	27880.0	25510.0	1.496	1.0
b1[2,127]	0.9421	0.002097	0.5229	0.5126	-0.07792	0.9402	1.978	62350.0	31460.0	3.345	1.0
b1[2,128]	10.18	0.007251	1.331	1.314	7.779	10.12	12.98	34450.0	28500.0	1.848	1.0
b1[2,129]	7.869	0.005292	1.006	0.9903	6.047	7.816	9.985	37180.0	27810.0	1.995	1.0
b1[2,130]	11.38	0.008896	1.556	1.545	8.608	11.3	14.68	31200.0	29080.0	1.674	1.0
b1[2,131]	7.985	0.004803	0.9545	0.9477	6.256	7.934	9.997	40990.0	27930.0	2.2	1.0
b1[2,132]	1.847	0.002151	0.4952	0.4833	0.9125	1.831	2.861	53540.0	32010.0	2.873	1.0
b1[2,133]	1.535	0.002124	0.4951	0.4882	0.6092	1.522	2.558	55050.0	32370.0	2.954	1.0
b1[2,134]	8.588	0.006034	1.069	1.065	6.674	8.532	10.86	32500.0	26640.0	1.744	1.0
b1[2,135]	3.896	0.00264	0.5791	0.5735	2.829	3.871	5.101	49680.0	30090.0	2.666	1.0
b1[2,136]	7.708	0.005897	1.057	1.04	5.833	7.642	9.957	33630.0	26900.0	1.805	1.0
b1[2,137]	5.045	0.004727	0.813	0.7995	3.598	4.993	6.775	30870.0	26060.0	1.656	1.0
b1[2,138]	10.5	0.008783	1.485	1.462	7.815	10.42	13.66	29190.0	27250.0	1.566	1.0
b1[2,139]	8.196	0.007075	1.223	1.185	6.028	8.11	10.83	30820.0	27450.0	1.654	1.0
b1[2,140]	12.84	0.01014	1.778	1.778	9.648	12.74	16.6	31450.0	29040.0	1.688	1.0
b1[2,141]	4.588	0.003782	0.6626	0.6608	3.378	4.553	5.961	31730.0	26290.0	1.703	1.0
b1[2,142]	9.722	0.00753	1.33	1.325	7.353	9.648	12.52	32060.0	27270.0	1.721	1.0
b1[2,143]	4.863	0.004875	0.7916	0.7678	3.44	4.816	6.565	27150.0	24680.0	1.457	1.0
b1[2,144]	5.273	0.003638	0.7352	0.7254	3.956	5.232	6.825	42170.0	30490.0	2.263	1.0
b1[2,145]	8.452	0.007475	1.198	1.178	6.326	8.375	11.04	26620.0	25330.0	1.428	1.0
b1[2,146]	7.178	0.005182	0.9582	0.9533	5.443	7.122	9.196	34960.0	28940.0	1.876	1.0
b1[2,147]	5.478	0.005494	0.8506	0.8355	3.936	5.436	7.27	24470.0	24800.0	1.313	1.0
b1[2,148]	7.481	0.006094	1.009	0.9962	5.658	7.433	9.6	28250.0	25340.0	1.516	1.0
b1[2,149]	5.245	0.004291	0.7132	0.7027	3.934	5.209	6.746	28360.0	24810.0	1.522	1.0
b1[2,150]	1.375	0.002348	0.5071	0.4996	0.3957	1.373	2.389	47130.0	31670.0	2.529	1.0
b1[2,151]	9.397	0.0065	1.216	1.192	7.241	9.322	11.98	36390.0	27470.0	1.953	1.0
b1[2,152]	5.727	0.004682	0.7621	0.7512	4.381	5.676	7.341	27690.0	23940.0	1.486	1.0
b1[2,153]	6.664	0.006442	1.026	1.009	4.868	6.588	8.881	26340.0	24580.0	1.413	1.0
b1[2,154]	12.09	0.008796	1.611	1.603	9.187	12.0	15.47	34370.0	28530.0	1.844	1.0
b1[2,155]	9.07	0.00661	1.173	1.16	6.974	8.996	11.57	32760.0	27550.0	1.758	1.0
b1[2,156]	7.384	0.004925	0.9314	0.9208	5.724	7.337	9.364	37280.0	27200.0	2.001	1.0
b1[2,157]	5.842	0.004636	0.8145	0.8041	4.382	5.794	7.568	32000.0	26850.0	1.717	1.0
b1[2,158]	4.688	0.003052	0.6232	0.6109	3.547	4.659	6.003	43400.0	29360.0	2.329	1.0
b1[2,159]	0.07697	0.002057	0.4975	0.4935	-0.8971	0.07465	1.062	58760.0	32050.0	3.153	1.0
a1[1,1]	0.3944	0.0003307	0.06842	0.06798	0.2691	0.3914	0.5372	43290.0	31050.0	2.323	1.0
a1[1,2]	0.3654	0.0003239	0.06458	0.0641	0.2486	0.3619	0.501	40290.0	31890.0	2.162	1.0
a1[1,3]	0.4056	0.000378	0.07079	0.07119	0.2781	0.4021	0.5544	35390.0	30420.0	1.899	1.0
a1[1,4]	0.3388	0.0003844	0.07872	0.07819	0.1967	0.3351	0.5046	42100.0	31700.0	2.259	1.0
a1[1,5]	0.3474	0.0003925	0.07637	0.07669	0.2086	0.3436	0.5073	37850.0	30720.0	2.031	1.0
a1[1,6]	0.4394	0.0003728	0.06725	0.067	0.3159	0.4369	0.579	32800.0	31320.0	1.76	1.0
a1[1,7]	0.2643	0.000273	0.05552	0.05537	0.1638	0.2616	0.381	41510.0	30970.0	2.227	0.9999
a1[1,8]	0.385	0.0003046	0.06394	0.06325	0.2663	0.3826	0.5169	44150.0	31320.0	2.369	1.0
a1[1,9]	0.3472	0.0003289	0.06257	0.06235	0.2329	0.3442	0.4773	36190.0	31570.0	1.942	1.0
a1[1,10]	0.291	0.0003573	0.06453	0.06306	0.1771	0.2867	0.4307	32810.0	30910.0	1.761	1.0
a1[1,11]	0.3334	0.000433	0.07528	0.07554	0.1987	0.3293	0.4926	30090.0	29940.0	1.614	1.0
a1[1,12]	0.3197	0.0003887	0.0709	0.07039	0.1965	0.3144	0.4725	33620.0	31000.0	1.804	1.0
a1[1,13]	0.4192	0.0003442	0.06865	0.06822	0.2934	0.4158	0.5624	40090.0	32000.0	2.151	1.0
a1[1,14]	0.3557	0.000387	0.07523	0.07424	0.2192	0.3515	0.5131	38080.0	30980.0	2.043	1.0
a1[1,15]	0.3222	0.0003609	0.07038	0.07078	0.1958	0.3183	0.4701	38020.0	31110.0	2.04	1.0
a1[1,16]	0.3996	0.0003609	0.07379	0.0737	0.2673	0.3953	0.5567	43150.0	29960.0	2.316	1.0
a1[1,17]	0.4125	0.0004029	0.08204	0.08168	0.2643	0.4081	0.5841	41890.0	31100.0	2.248	1.0
a1[1,18]	0.2748	0.0004966	0.07085	0.07142	0.1481	0.2706	0.4239	20520.0	26350.0	1.101	1.0
a1[1,19]	0.3201	0.0003674	0.07024	0.07016	0.1943	0.3162	0.4683	36690.0	33390.0	1.969	1.0
a1[1,20]	0.4028	0.0003451	0.07013	0.06975	0.2756	0.3995	0.549	41960.0	29890.0	2.252	1.0
a1[1,21]	0.3388	0.0003736	0.07241	0.07288	0.2089	0.3349	0.4908	37430.0	31910.0	2.009	1.0
a1[1,22]	0.2851	0.0004259	0.0743	0.07363	0.1567	0.2795	0.4467	30400.0	29730.0	1.631	1.0
a1[1,23]	0.2931	0.0003254	0.06898	0.06839	0.172	0.2887	0.4404	45150.0	32720.0	2.423	1.0
a1[1,24]	0.3548	0.0004029	0.08155	0.0816	0.2083	0.3503	0.5258	41320.0	30550.0	2.217	1.0
a1[1,25]	0.3572	0.0005169	0.08206	0.08183	0.2147	0.3513	0.5343	24950.0	28240.0	1.339	1.0
a1[1,26]	0.3911	0.000368	0.06861	0.06846	0.2662	0.388	0.5352	35090.0	30680.0	1.883	1.0
a1[1,27]	0.4336	0.0004111	0.07944	0.07865	0.2908	0.4287	0.6016	38070.0	28890.0	2.043	1.0
a1[1,28]	0.4776	0.000392	0.07369	0.07393	0.3433	0.4746	0.631	35790.0	29610.0	1.92	1.0
a1[1,29]	0.2778	0.0003612	0.06309	0.06243	0.1656	0.2738	0.4122	30710.0	29850.0	1.648	1.0
a1[1,30]	0.3801	0.0003977	0.07497	0.0742	0.2464	0.3755	0.5394	35890.0	31440.0	1.926	1.0
a1[1,31]	0.38	0.0004446	0.08792	0.08801	0.22	0.3761	0.5639	39540.0	30310.0	2.122	1.0
a1[1,32]	0.3366	0.000444	0.0844	0.08449	0.1818	0.3328	0.5116	35510.0	28150.0	1.906	1.0
a1[1,33]	0.3126	0.0004078	0.07019	0.06911	0.1917	0.3069	0.4671	30100.0	31960.0	1.615	1.0
a1[1,34]	0.4466	0.0005004	0.09232	0.09366	0.2781	0.4425	0.6388	34320.0	29760.0	1.841	1.0
a1[1,35]	0.3568	0.0004236	0.0824	0.08243	0.2108	0.3517	0.53	38230.0	30090.0	2.052	1.0
a1[1,36]	0.3364	0.0003391	0.06384	0.0631	0.2213	0.3326	0.4713	35690.0	30740.0	1.915	1.0
a1[1,37]	0.3178	0.0003252	0.06158	0.061	0.2045	0.3151	0.4459	35790.0	32280.0	1.92	1.0
a1[1,38]	0.2827	0.0003387	0.06258	0.06208	0.1709	0.279	0.4161	33930.0	32240.0	1.82	1.0
a1[1,39]	0.2824	0.0003511	0.06037	0.0588	0.179	0.2776	0.4139	29640.0	31220.0	1.591	1.0
a1[1,40]	0.381	0.0004047	0.07627	0.07651	0.242	0.3773	0.5387	35480.0	29530.0	1.904	1.0
a1[1,41]	0.3645	0.0003998	0.0873	0.08722	0.2062	0.3605	0.5468	48070.0	30730.0	2.579	1.0
a1[1,42]	0.3618	0.0003665	0.07369	0.07323	0.2304	0.3574	0.5185	40900.0	30710.0	2.194	1.0
a1[1,43]	0.3275	0.0003334	0.06763	0.06684	0.2068	0.323	0.4714	41470.0	31580.0	2.225	1.0
a1[1,44]	0.3697	0.0004145	0.08605	0.08603	0.216	0.3645	0.5517	44400.0	29450.0	2.382	1.0
a1[1,45]	0.3233	0.0004542	0.07448	0.07388	0.192	0.3184	0.4835	26520.0	27660.0	1.423	1.0
a1[1,46]	0.318	0.0003861	0.06961	0.06855	0.1952	0.3133	0.4678	32590.0	31280.0	1.749	1.0
a1[1,47]	0.3565	0.0003544	0.06793	0.06764	0.2345	0.353	0.4993	36950.0	31560.0	1.983	1.0
a1[1,48]	0.4243	0.0003871	0.08311	0.08416	0.272	0.4213	0.5949	46130.0	31210.0	2.475	1.0
a1[1,49]	0.3337	0.0004031	0.08182	0.08115	0.1866	0.329	0.5063	41440.0	29600.0	2.224	1.0
a1[1,50]	0.3458	0.0004102	0.08778	0.08806	0.1876	0.3415	0.5316	46340.0	31150.0	2.487	1.0
a1[1,51]	0.3685	0.0004237	0.09361	0.09354	0.1981	0.3641	0.5632	49390.0	29660.0	2.65	1.0
a1[1,52]	0.4223	0.0004128	0.07637	0.07581	0.2849	0.4178	0.5837	34670.0	29500.0	1.86	1.0
a1[1,53]	0.37	0.0004058	0.07462	0.0746	0.2297	0.3678	0.5218	33670.0	30490.0	1.807	1.0
a1[1,54]	0.3392	0.0003945	0.08288	0.08245	0.1889	0.3348	0.5126	44000.0	31510.0	2.361	1.0
a1[1,55]	0.2929	0.0003465	0.0757	0.07501	0.1593	0.2879	0.4547	48200.0	29450.0	2.586	1.0
a1[1,56]	0.1724	0.0003004	0.05054	0.04981	0.08527	0.1684	0.2819	28700.0	29510.0	1.54	1.0
a1[1,57]	0.392	0.0003949	0.0834	0.08266	0.2377	0.3885	0.5638	44840.0	30560.0	2.406	1.0
a1[1,58]	0.4119	0.0003976	0.07828	0.07909	0.2676	0.4088	0.5731	39200.0	30780.0	2.104	1.0
a1[1,59]	0.3326	0.0004539	0.08487	0.08403	0.1811	0.3278	0.5111	34760.0	30020.0	1.865	1.0
a1[1,60]	0.3143	0.0003367	0.0646	0.06402	0.1986	0.3105	0.4504	36950.0	31240.0	1.983	1.0
a1[1,61]	0.3369	0.0003417	0.0677	0.06769	0.2162	0.3328	0.4803	39930.0	29420.0	2.143	1.0
a1[1,62]	0.3568	0.000536	0.08263	0.08296	0.2101	0.3519	0.53	23620.0	27440.0	1.267	1.0
a1[1,63]	0.3457	0.0003478	0.06183	0.06116	0.2344	0.3423	0.4752	31870.0	31140.0	1.71	1.0
a1[1,64]	0.3269	0.0003737	0.0693	0.06852	0.2018	0.3228	0.4741	34700.0	29910.0	1.862	1.0
a1[1,65]	0.3414	0.0004051	0.08945	0.08925	0.1801	0.3368	0.5281	48970.0	29810.0	2.627	1.0
a1[1,66]	0.2872	0.0005123	0.07805	0.07751	0.1472	0.2831	0.4522	22990.0	27010.0	1.234	1.0
a1[1,67]	0.4658	0.0004793	0.08418	0.08527	0.3102	0.4627	0.6385	31240.0	28510.0	1.676	1.0
a1[1,68]	0.3039	0.0003645	0.06703	0.06613	0.1838	0.3	0.4457	34000.0	31050.0	1.825	1.0
a1[1,69]	0.3005	0.0003543	0.06236	0.06182	0.1909	0.2969	0.434	31020.0	31340.0	1.664	1.0
a1[1,70]	0.3591	0.0003479	0.0675	0.06782	0.2362	0.3562	0.4992	37650.0	32420.0	2.02	1.0
a1[1,71]	0.3943	0.000401	0.07772	0.07741	0.2553	0.3896	0.5585	38330.0	30630.0	2.057	1.0
a1[1,72]	0.296	0.0003651	0.06032	0.0597	0.188	0.2918	0.4239	27360.0	29220.0	1.468	1.0
a1[1,73]	0.2922	0.0003654	0.06687	0.06597	0.1726	0.2886	0.4343	34170.0	30090.0	1.834	1.0
a1[1,74]	0.3732	0.0004024	0.08695	0.08746	0.2146	0.369	0.5542	47070.0	30250.0	2.526	1.0
a1[1,75]	0.299	0.0004198	0.08659	0.08604	0.1473	0.2925	0.4871	43040.0	30030.0	2.31	1.0
a1[1,76]	0.3708	0.0003859	0.08115	0.08125	0.2217	0.3673	0.5398	44360.0	30690.0	2.38	1.0
a1[1,77]	0.321	0.0003401	0.07067	0.07032	0.1937	0.3169	0.4702	43420.0	32360.0	2.33	1.0
a1[1,78]	0.3715	0.0004193	0.09057	0.09043	0.205	0.3669	0.56	47100.0	29130.0	2.527	0.9999
a1[1,79]	0.2735	0.0003156	0.06244	0.06238	0.1635	0.2696	0.4072	39360.0	31560.0	2.112	1.0
a1[1,80]	0.2579	0.0003314	0.05751	0.05716	0.156	0.254	0.3806	30190.0	30590.0	1.62	1.0
a1[1,81]	0.3679	0.0004022	0.07539	0.0755	0.2278	0.3653	0.5237	34980.0	29920.0	1.877	1.0
a1[1,82]	0.3189	0.0003915	0.07158	0.07129	0.1903	0.3151	0.4694	33350.0	30140.0	1.79	0.9999
a1[1,83]	0.2764	0.0002623	0.05575	0.05549	0.1753	0.2733	0.3935	45530.0	31080.0	2.443	1.0
a1[1,84]	0.3152	0.0004932	0.0804	0.08041	0.1706	0.3107	0.4837	26420.0	27820.0	1.418	1.0
a1[1,85]	0.3795	0.00037	0.07048	0.06966	0.2525	0.3754	0.5291	37260.0	28180.0	1.999	1.0
a1[1,86]	0.2099	0.0003645	0.06002	0.05898	0.1063	0.2056	0.341	26630.0	30480.0	1.429	1.0
a1[1,87]	0.2733	0.0003813	0.06	0.05902	0.1692	0.2689	0.4032	24680.0	29070.0	1.324	1.0
a1[1,88]	0.3074	0.0003364	0.06773	0.06706	0.1859	0.3034	0.4505	40770.0	30720.0	2.188	1.0
a1[1,89]	0.3794	0.0003994	0.07319	0.07283	0.2461	0.3754	0.5325	33850.0	31150.0	1.817	1.0
a1[1,90]	0.3548	0.0003637	0.0704	0.0707	0.2268	0.3518	0.5009	37340.0	29370.0	2.004	1.0
a1[1,91]	0.3292	0.0003998	0.08616	0.08483	0.1738	0.3239	0.5101	47240.0	29700.0	2.535	1.0
a1[1,92]	0.3679	0.0003587	0.07316	0.07279	0.2342	0.3643	0.521	41800.0	29780.0	2.243	1.0
a1[1,93]	0.2995	0.0002957	0.0608	0.06005	0.1911	0.2958	0.4295	43050.0	30290.0	2.31	1.0
a1[1,94]	0.3554	0.0003749	0.06994	0.07021	0.2294	0.3516	0.5029	34850.0	30540.0	1.87	1.0
a1[1,95]	0.2821	0.0003108	0.05418	0.05372	0.1866	0.2785	0.3975	30820.0	30930.0	1.654	1.0
a1[1,96]	0.2821	0.0003836	0.07893	0.07789	0.1462	0.2758	0.4525	43290.0	29720.0	2.323	1.0
a1[1,97]	0.3736	0.0003794	0.07422	0.07343	0.2403	0.3691	0.5293	38850.0	31790.0	2.084	1.0
a1[1,98]	0.2961	0.0004061	0.07271	0.07132	0.1702	0.2904	0.4547	32790.0	28650.0	1.76	1.0
a1[1,99]	0.2914	0.0004147	0.07977	0.07963	0.1514	0.2859	0.461	36880.0	29860.0	1.979	1.0
a1[1,100]	0.3525	0.0004136	0.08007	0.08021	0.2083	0.3484	0.5192	37520.0	30720.0	2.013	1.0
a1[1,101]	0.3015	0.0003269	0.05999	0.05956	0.1946	0.2982	0.4291	33410.0	31870.0	1.793	1.0
a1[1,102]	0.3307	0.0004244	0.07276	0.07264	0.2027	0.326	0.4851	29040.0	30080.0	1.558	1.001
a1[1,103]	0.2886	0.0004065	0.07057	0.07044	0.1633	0.2841	0.4389	29960.0	30200.0	1.607	1.0
a1[1,104]	0.3098	0.0003434	0.05973	0.0591	0.2022	0.3064	0.4361	29880.0	30700.0	1.603	1.0
a1[1,105]	0.3605	0.0004508	0.07753	0.07706	0.2215	0.3563	0.5235	30040.0	29660.0	1.612	1.0
a1[1,106]	0.3003	0.000422	0.08856	0.08846	0.1453	0.2944	0.49	45030.0	28770.0	2.416	1.0
a1[1,107]	0.2509	0.0003989	0.06585	0.06265	0.1437	0.2433	0.3994	28230.0	26640.0	1.515	1.0
a1[1,108]	0.3272	0.0003858	0.07703	0.07584	0.1905	0.3219	0.4921	40240.0	30670.0	2.159	1.0
a1[1,109]	0.2883	0.0003746	0.06434	0.06396	0.1747	0.2841	0.4258	30000.0	29740.0	1.61	1.0
a1[1,110]	0.2785	0.0003241	0.05837	0.05823	0.1752	0.2748	0.4033	32700.0	31030.0	1.755	1.0
a1[1,111]	0.3564	0.0004037	0.07989	0.0805	0.2143	0.3516	0.5257	39850.0	28800.0	2.138	1.0
a1[1,112]	0.3026	0.0003767	0.06596	0.06529	0.1871	0.298	0.4452	30700.0	31280.0	1.647	1.0
a1[1,113]	0.3303	0.0003135	0.06429	0.06358	0.214	0.3268	0.4653	42310.0	31940.0	2.271	1.0
a1[1,114]	0.3711	0.0003608	0.06654	0.06599	0.2481	0.3682	0.5085	33720.0	29620.0	1.81	1.0
a1[1,115]	0.2147	0.0002752	0.05202	0.05211	0.1225	0.2114	0.325	35810.0	33200.0	1.922	1.0
a1[1,116]	0.3468	0.0004074	0.06906	0.06865	0.2243	0.3423	0.4933	28850.0	29110.0	1.548	1.0
a1[1,117]	0.3706	0.0003956	0.07466	0.0744	0.237	0.3662	0.5297	36170.0	29920.0	1.941	1.0
a1[1,118]	0.3203	0.0003967	0.07244	0.07236	0.1895	0.3169	0.4723	33330.0	31290.0	1.789	1.0
a1[1,119]	0.2859	0.0003877	0.07649	0.07649	0.1515	0.281	0.4493	39100.0	30320.0	2.098	1.0
a1[1,120]	0.3187	0.0003616	0.07102	0.06943	0.1957	0.3134	0.472	38790.0	31480.0	2.082	1.0
a1[1,121]	0.3273	0.0003657	0.06785	0.06778	0.203	0.324	0.4672	34100.0	31040.0	1.83	1.0
a1[1,122]	0.3112	0.0004047	0.07917	0.07892	0.1703	0.3063	0.4771	38260.0	31080.0	2.053	1.0
a1[1,123]	0.2744	0.0003719	0.07528	0.07434	0.1418	0.2693	0.4361	41550.0	30500.0	2.23	1.0
a1[1,124]	0.3026	0.0003581	0.06369	0.063	0.192	0.2975	0.4403	32220.0	29030.0	1.729	1.0
a1[1,125]	0.3302	0.0003154	0.06074	0.06052	0.2234	0.3263	0.4599	37140.0	31480.0	1.993	1.0
a1[1,126]	0.3157	0.0003919	0.06713	0.06642	0.1987	0.3111	0.4591	29040.0	31080.0	1.558	1.0
a1[1,127]	0.2876	0.0003768	0.07597	0.07519	0.1522	0.2826	0.452	40760.0	30020.0	2.187	1.0
a1[1,128]	0.3342	0.0003147	0.06313	0.06258	0.2207	0.3305	0.4682	41100.0	29190.0	2.206	1.0
a1[1,129]	0.3003	0.0003262	0.06518	0.06442	0.1855	0.2961	0.4406	41020.0	29800.0	2.201	1.0
a1[1,130]	0.2958	0.0003542	0.0656	0.06465	0.1821	0.2911	0.4391	34530.0	31370.0	1.853	1.0
a1[1,131]	0.3685	0.0004708	0.08222	0.08208	0.2185	0.3648	0.54	30510.0	29620.0	1.637	1.0
a1[1,132]	0.3247	0.0003779	0.08591	0.08557	0.1704	0.3195	0.5066	52270.0	29430.0	2.805	1.0
a1[1,133]	0.3059	0.000391	0.0785	0.0787	0.1641	0.3017	0.4701	39940.0	30060.0	2.143	1.0
a1[1,134]	0.2432	0.0004426	0.06639	0.06429	0.1324	0.2367	0.3903	22550.0	29320.0	1.21	1.0
a1[1,135]	0.3312	0.0004238	0.07192	0.07131	0.2042	0.3262	0.485	28690.0	30290.0	1.539	1.0
a1[1,136]	0.3192	0.0003026	0.05832	0.05757	0.213	0.3162	0.4417	37420.0	31520.0	2.008	1.0
a1[1,137]	0.2499	0.0003862	0.07084	0.06969	0.1284	0.2445	0.4047	33550.0	29560.0	1.8	1.0
a1[1,138]	0.3331	0.0003832	0.06797	0.06704	0.2139	0.3287	0.4794	31860.0	29130.0	1.709	1.0
a1[1,139]	0.2765	0.000308	0.05892	0.05861	0.1709	0.2728	0.4023	36550.0	31160.0	1.961	1.0
a1[1,140]	0.3498	0.0003347	0.06826	0.06788	0.2285	0.3458	0.4949	42190.0	31730.0	2.264	1.0
a1[1,141]	0.3026	0.0003529	0.07139	0.07036	0.1796	0.2971	0.4574	41660.0	30240.0	2.235	1.0
a1[1,142]	0.2972	0.0003347	0.05995	0.05911	0.1903	0.2942	0.4257	32430.0	29590.0	1.74	1.0
a1[1,143]	0.2291	0.0002981	0.05414	0.05397	0.134	0.2256	0.3441	33120.0	31580.0	1.777	1.0
a1[1,144]	0.3769	0.0003739	0.07281	0.07249	0.2466	0.3726	0.5309	38380.0	30510.0	2.059	1.0
a1[1,145]	0.2596	0.0002849	0.05031	0.04994	0.1696	0.2569	0.366	31070.0	31620.0	1.667	1.0
a1[1,146]	0.3408	0.0003083	0.06374	0.06299	0.2257	0.3373	0.4753	43200.0	32180.0	2.318	1.0
a1[1,147]	0.3531	0.0003995	0.07967	0.07874	0.2145	0.3476	0.5248	41230.0	28950.0	2.212	1.0
a1[1,148]	0.2785	0.0003823	0.07389	0.07342	0.1477	0.2739	0.4355	37440.0	30200.0	2.009	1.0
a1[1,149]	0.4052	0.0003995	0.06925	0.06873	0.2814	0.4014	0.5522	30190.0	29440.0	1.62	1.0
a1[1,150]	0.2969	0.00039	0.0844	0.08398	0.1481	0.2915	0.4775	47540.0	28820.0	2.551	1.0
a1[1,151]	0.3485	0.0003856	0.0728	0.07324	0.218	0.3446	0.5007	35380.0	30960.0	1.899	1.0
a1[1,152]	0.3299	0.0003699	0.07766	0.07655	0.196	0.3233	0.4992	45980.0	27900.0	2.467	1.0
a1[1,153]	0.2224	0.0003114	0.05147	0.05105	0.1334	0.2185	0.3333	27410.0	29720.0	1.471	1.0
a1[1,154]	0.4637	0.0004081	0.07458	0.07469	0.3269	0.4605	0.6174	33830.0	30340.0	1.815	1.0
a1[1,155]	0.2428	0.0003827	0.05786	0.05724	0.1412	0.2388	0.3667	22720.0	29970.0	1.219	1.0
a1[1,156]	0.3598	0.0005114	0.09437	0.0944	0.1826	0.3573	0.5536	33550.0	26450.0	1.8	1.0
a1[1,157]	0.374	0.0004523	0.08522	0.08538	0.2216	0.3691	0.5543	35630.0	30440.0	1.912	1.0
a1[1,158]	0.2905	0.0003887	0.07713	0.07639	0.1564	0.285	0.4561	39780.0	30260.0	2.135	1.0
a1[1,159]	0.3174	0.0003325	0.0743	0.07288	0.1841	0.3125	0.4761	51090.0	28900.0	2.741	1.0
a1[2,1]	0.38	0.0003765	0.0755	0.07516	0.2401	0.3772	0.5366	40470.0	30630.0	2.171	1.0
a1[2,2]	0.4053	0.0003593	0.07093	0.07046	0.2745	0.4026	0.5532	39110.0	30980.0	2.099	1.0
a1[2,3]	0.384	0.0003793	0.0731	0.07236	0.2522	0.3801	0.5387	37890.0	28240.0	2.033	1.0
a1[2,4]	0.3297	0.0003521	0.07194	0.07199	0.2	0.3254	0.4818	41700.0	29890.0	2.238	1.0
a1[2,5]	0.3121	0.000476	0.08009	0.08046	0.1702	0.307	0.4822	27950.0	28190.0	1.5	1.0
a1[2,6]	0.364	0.0004493	0.07135	0.07065	0.2362	0.36	0.5146	25310.0	29780.0	1.358	1.0
a1[2,7]	0.278	0.0002938	0.05811	0.05782	0.1745	0.2745	0.4016	39210.0	32370.0	2.104	1.0
a1[2,8]	0.3969	0.0004411	0.07771	0.07757	0.2559	0.3929	0.5596	31210.0	30530.0	1.675	1.0
a1[2,9]	0.3337	0.0003759	0.06497	0.06461	0.2189	0.3296	0.4724	29930.0	30060.0	1.606	1.0
a1[2,10]	0.2468	0.0004211	0.06453	0.06446	0.1352	0.2423	0.3856	22920.0	28120.0	1.23	1.0
a1[2,11]	0.3664	0.000355	0.06837	0.06757	0.2415	0.3634	0.5091	37110.0	31440.0	1.992	1.0
a1[2,12]	0.3091	0.0003341	0.06333	0.06225	0.1953	0.3055	0.4425	35730.0	30690.0	1.917	1.0
a1[2,13]	0.3957	0.0004056	0.07602	0.0754	0.257	0.3925	0.5562	35390.0	29370.0	1.899	1.0
a1[2,14]	0.3231	0.0003866	0.06852	0.06758	0.2013	0.3187	0.4706	31870.0	29470.0	1.71	1.0
a1[2,15]	0.2772	0.0004233	0.07164	0.07184	0.1475	0.2739	0.4273	27980.0	27320.0	1.501	1.0
a1[2,16]	0.3968	0.0002902	0.0635	0.06345	0.2792	0.3943	0.5278	48100.0	30190.0	2.581	1.0
a1[2,17]	0.3969	0.0004327	0.0824	0.08298	0.2497	0.3921	0.5699	36580.0	32140.0	1.963	1.0
a1[2,18]	0.4297	0.0003967	0.06958	0.06941	0.3017	0.4265	0.5745	30950.0	29760.0	1.661	1.0
a1[2,19]	0.3157	0.0003843	0.07319	0.07328	0.1832	0.3125	0.4676	35950.0	30290.0	1.929	1.0
a1[2,20]	0.3491	0.0003902	0.07126	0.07122	0.2205	0.3458	0.4994	33820.0	29760.0	1.815	1.0
a1[2,21]	0.3621	0.0004273	0.08026	0.08033	0.2183	0.3578	0.5313	35410.0	29880.0	1.9	1.0
a1[2,22]	0.3192	0.0004005	0.07331	0.07245	0.1901	0.3144	0.4762	33220.0	30420.0	1.783	1.0
a1[2,23]	0.3018	0.0004371	0.08532	0.08557	0.1514	0.2966	0.4836	37760.0	29910.0	2.026	1.0
a1[2,24]	0.3911	0.0003791	0.08112	0.08197	0.2436	0.3875	0.5596	46450.0	29030.0	2.492	1.0
a1[2,25]	0.4264	0.0004713	0.08212	0.08216	0.2767	0.4226	0.5978	30450.0	29360.0	1.634	1.0
a1[2,26]	0.4243	0.0003632	0.07259	0.07233	0.2902	0.4213	0.576	40160.0	31010.0	2.155	1.0
a1[2,27]	0.4124	0.0003757	0.07452	0.07377	0.2794	0.408	0.5706	40210.0	29720.0	2.158	1.0
a1[2,28]	0.4467	0.0004044	0.07569	0.07476	0.3078	0.4435	0.6053	35220.0	30170.0	1.89	1.0
a1[2,29]	0.3265	0.000378	0.06754	0.06714	0.2058	0.3225	0.4697	31810.0	31820.0	1.707	1.0
a1[2,30]	0.3488	0.000373	0.06742	0.06753	0.2279	0.345	0.492	32680.0	30290.0	1.754	1.0
a1[2,31]	0.317	0.0004893	0.08591	0.08617	0.1651	0.3114	0.5002	30450.0	29130.0	1.634	1.0
a1[2,32]	0.3713	0.0004018	0.07882	0.07843	0.2277	0.3674	0.537	38400.0	31270.0	2.061	1.0
a1[2,33]	0.2762	0.0003362	0.06269	0.06217	0.1667	0.2721	0.4119	35180.0	31570.0	1.888	1.0
a1[2,34]	0.3769	0.000525	0.09518	0.09562	0.207	0.3716	0.5778	32820.0	29820.0	1.761	1.0
a1[2,35]	0.3445	0.0003332	0.07054	0.07024	0.2177	0.3407	0.4928	45260.0	30140.0	2.429	1.0
a1[2,36]	0.3764	0.0003897	0.0746	0.07417	0.2394	0.373	0.5309	36830.0	31190.0	1.976	1.0
a1[2,37]	0.3454	0.0003676	0.06833	0.06767	0.224	0.3415	0.4906	34550.0	30210.0	1.854	1.0
a1[2,38]	0.3414	0.0003573	0.06625	0.06605	0.2243	0.3373	0.4828	34510.0	32110.0	1.852	1.0
a1[2,39]	0.3193	0.0004104	0.0702	0.07024	0.1948	0.3148	0.4678	29220.0	29030.0	1.568	1.0
a1[2,40]	0.4168	0.0003743	0.07595	0.07532	0.2773	0.4138	0.575	41590.0	30510.0	2.232	1.0
a1[2,41]	0.3499	0.0004139	0.08947	0.08943	0.1884	0.3451	0.5377	47260.0	29480.0	2.536	1.0
a1[2,42]	0.3435	0.0004569	0.07744	0.07649	0.207	0.338	0.5097	28550.0	30120.0	1.532	1.0
a1[2,43]	0.3459	0.000381	0.07301	0.07358	0.2136	0.3418	0.498	36400.0	28760.0	1.953	1.0
a1[2,44]	0.3583	0.0004055	0.08205	0.08133	0.2132	0.3527	0.5338	41420.0	31360.0	2.223	1.0
a1[2,45]	0.3803	0.0003999	0.07774	0.07741	0.2386	0.377	0.5425	37950.0	30610.0	2.036	1.0
a1[2,46]	0.3355	0.0003361	0.06475	0.06397	0.2203	0.3317	0.4738	37310.0	32220.0	2.002	1.0
a1[2,47]	0.3434	0.000345	0.06632	0.06608	0.2257	0.3392	0.4843	37130.0	31110.0	1.992	1.0
a1[2,48]	0.382	0.0004934	0.09309	0.09371	0.2109	0.3786	0.573	35520.0	29210.0	1.906	1.0
a1[2,49]	0.3967	0.0003986	0.08361	0.08402	0.242	0.3937	0.5687	44270.0	29650.0	2.376	1.0
a1[2,50]	0.3676	0.0003778	0.08176	0.08148	0.2215	0.3631	0.5397	47390.0	30480.0	2.543	1.0
a1[2,51]	0.3525	0.0003984	0.09139	0.09134	0.1871	0.3476	0.5458	53170.0	30300.0	2.853	1.0
a1[2,52]	0.4069	0.0004018	0.07457	0.07366	0.2731	0.4028	0.5656	34820.0	29440.0	1.869	1.0
a1[2,53]	0.4116	0.0003241	0.06366	0.06383	0.2943	0.4086	0.5449	39010.0	34410.0	2.093	1.0
a1[2,54]	0.3549	0.0003619	0.07966	0.07918	0.2106	0.3506	0.5207	48730.0	30520.0	2.615	1.0
a1[2,55]	0.2988	0.0004347	0.08708	0.08713	0.1449	0.2935	0.4847	40060.0	31190.0	2.15	1.0
a1[2,56]	0.163	0.0002502	0.04607	0.04649	0.0799	0.1608	0.2596	33770.0	28900.0	1.812	1.0
a1[2,57]	0.4012	0.0004291	0.08863	0.08856	0.2382	0.398	0.5844	42860.0	30980.0	2.3	1.0
a1[2,58]	0.3607	0.0004173	0.07623	0.07612	0.22	0.3571	0.5184	33360.0	27930.0	1.79	1.0
a1[2,59]	0.3578	0.00035	0.07563	0.075	0.2205	0.3539	0.5163	46790.0	29280.0	2.511	1.0
a1[2,60]	0.314	0.0003664	0.0701	0.06965	0.1878	0.3102	0.461	36620.0	30620.0	1.965	1.0
a1[2,61]	0.3168	0.0003769	0.06924	0.06913	0.1906	0.3135	0.4613	33580.0	30210.0	1.802	1.0
a1[2,62]	0.4467	0.0003683	0.07222	0.07174	0.3162	0.4434	0.5994	38670.0	32200.0	2.075	1.0
a1[2,63]	0.3484	0.0003227	0.06077	0.06033	0.2394	0.3448	0.4783	35680.0	30620.0	1.915	1.0
a1[2,64]	0.2649	0.0003443	0.06066	0.0599	0.1573	0.2607	0.3938	31140.0	31830.0	1.671	1.0
a1[2,65]	0.3724	0.0003952	0.08886	0.08864	0.2102	0.3678	0.5567	51040.0	30630.0	2.739	1.0
a1[2,66]	0.4087	0.0003398	0.07022	0.07045	0.2822	0.4048	0.5562	43120.0	31040.0	2.314	1.0
a1[2,67]	0.3853	0.0004165	0.07525	0.07481	0.2496	0.3817	0.5445	32940.0	30240.0	1.768	1.0
a1[2,68]	0.3395	0.0003545	0.06941	0.06894	0.2145	0.336	0.4862	38600.0	29230.0	2.071	1.0
a1[2,69]	0.371	0.0003577	0.06495	0.06415	0.2545	0.3676	0.5078	33450.0	30100.0	1.795	1.0
a1[2,70]	0.4005	0.0004324	0.08226	0.08123	0.2481	0.3969	0.5715	36260.0	30460.0	1.946	1.0
a1[2,71]	0.3819	0.0004523	0.08472	0.08541	0.2264	0.3778	0.5568	34970.0	29560.0	1.877	1.0
a1[2,72]	0.3958	0.0003915	0.06914	0.0695	0.2695	0.3931	0.5382	31410.0	29510.0	1.685	1.0
a1[2,73]	0.2407	0.0002481	0.05501	0.0554	0.1386	0.239	0.3529	48860.0	29490.0	2.622	1.0
a1[2,74]	0.3542	0.0004471	0.09	0.09014	0.1917	0.3497	0.5428	40750.0	29660.0	2.186	1.0
a1[2,75]	0.3151	0.0003864	0.08425	0.08406	0.1646	0.3104	0.4928	48350.0	30380.0	2.594	1.0
a1[2,76]	0.3805	0.0003635	0.07765	0.07792	0.2384	0.3769	0.5421	46120.0	30150.0	2.475	1.0
a1[2,77]	0.3299	0.0003807	0.0767	0.07644	0.1913	0.326	0.4909	40630.0	30970.0	2.18	1.0
a1[2,78]	0.3545	0.0004085	0.0896	0.08965	0.1919	0.3495	0.5423	48540.0	28780.0	2.605	1.0
a1[2,79]	0.3139	0.000371	0.07065	0.07004	0.1872	0.3103	0.4632	36260.0	31720.0	1.946	1.0
a1[2,80]	0.2933	0.0003886	0.06393	0.06293	0.182	0.2886	0.4307	27140.0	29480.0	1.456	1.0
a1[2,81]	0.4077	0.0003359	0.06945	0.06914	0.2794	0.4043	0.5509	42960.0	31420.0	2.305	1.0
a1[2,82]	0.3611	0.0003425	0.06886	0.06819	0.2349	0.3578	0.5042	40720.0	30410.0	2.185	1.0
a1[2,83]	0.3226	0.0003726	0.06933	0.06921	0.1975	0.3192	0.467	34700.0	31960.0	1.862	1.0
a1[2,84]	0.406	0.0004579	0.0785	0.07804	0.2646	0.4017	0.5707	29460.0	30330.0	1.581	1.0
a1[2,85]	0.346	0.0003742	0.06711	0.06677	0.2263	0.3422	0.4878	32160.0	31710.0	1.726	1.0
a1[2,86]	0.2594	0.0004106	0.06718	0.06665	0.1432	0.2541	0.405	26990.0	30110.0	1.448	1.0
a1[2,87]	0.3822	0.0004749	0.07827	0.07826	0.2422	0.378	0.5474	27070.0	29430.0	1.452	1.0
a1[2,88]	0.3385	0.0003649	0.07149	0.07145	0.2097	0.3348	0.4891	38370.0	30370.0	2.059	1.0
a1[2,89]	0.3428	0.0003757	0.0676	0.06687	0.2212	0.3389	0.4847	32860.0	30950.0	1.763	1.0
a1[2,90]	0.316	0.0004427	0.07078	0.06991	0.1919	0.3113	0.4672	25400.0	29540.0	1.363	1.0
a1[2,91]	0.3229	0.0003317	0.07403	0.07367	0.1889	0.3193	0.4787	49560.0	31210.0	2.66	1.0
a1[2,92]	0.339	0.000323	0.06831	0.06795	0.2138	0.3361	0.4807	44660.0	31020.0	2.396	1.0
a1[2,93]	0.294	0.0002766	0.05593	0.05577	0.1919	0.2909	0.4104	40820.0	31410.0	2.19	1.0
a1[2,94]	0.3293	0.0003849	0.06749	0.06696	0.2083	0.3253	0.4716	30480.0	30260.0	1.635	1.0
a1[2,95]	0.2561	0.0003381	0.05616	0.0553	0.158	0.2518	0.3777	27420.0	30220.0	1.471	1.0
a1[2,96]	0.2774	0.0003598	0.07285	0.07313	0.1477	0.2732	0.4315	40750.0	30610.0	2.187	1.0
a1[2,97]	0.4164	0.0004196	0.07971	0.07995	0.2706	0.4125	0.583	36280.0	30430.0	1.947	1.0
a1[2,98]	0.2479	0.0003117	0.05988	0.06001	0.1413	0.2443	0.3748	36720.0	29780.0	1.971	1.0
a1[2,99]	0.2917	0.0003176	0.06791	0.06717	0.1708	0.2877	0.437	46290.0	31550.0	2.484	1.0
a1[2,100]	0.3775	0.0003568	0.07325	0.07291	0.2443	0.3742	0.5305	42110.0	32220.0	2.26	1.0
a1[2,101]	0.2823	0.0003722	0.06488	0.06415	0.1651	0.2788	0.419	29860.0	28590.0	1.602	1.0
a1[2,102]	0.4254	0.0004329	0.08208	0.08244	0.2756	0.4218	0.5962	36710.0	29530.0	1.97	1.0
a1[2,103]	0.2845	0.0003825	0.07004	0.06998	0.1608	0.2799	0.4341	33310.0	31740.0	1.787	1.0
a1[2,104]	0.2711	0.0003206	0.05439	0.05392	0.173	0.2677	0.3856	28560.0	29950.0	1.533	1.0
a1[2,105]	0.4621	0.000436	0.08101	0.08179	0.3137	0.4588	0.6298	34680.0	30500.0	1.861	1.0
a1[2,106]	0.2827	0.0004656	0.08901	0.08875	0.1303	0.2751	0.4742	37490.0	29390.0	2.012	1.0
a1[2,107]	0.2699	0.0003389	0.06201	0.06115	0.1614	0.2649	0.4027	34200.0	28840.0	1.835	1.0
a1[2,108]	0.3584	0.0003534	0.07355	0.07364	0.2267	0.3542	0.5147	43690.0	31630.0	2.344	1.0
a1[2,109]	0.2454	0.0003135	0.05541	0.05493	0.1485	0.2414	0.3637	31010.0	31160.0	1.664	1.0
a1[2,110]	0.365	0.0004223	0.07263	0.07181	0.2336	0.3613	0.519	29720.0	30080.0	1.595	1.0
a1[2,111]	0.3876	0.0003353	0.07394	0.07304	0.2554	0.3834	0.5454	49880.0	31010.0	2.677	1.0
a1[2,112]	0.2969	0.0003749	0.06653	0.06593	0.1795	0.2926	0.4377	31190.0	30440.0	1.674	1.0
a1[2,113]	0.3222	0.0003579	0.06813	0.06799	0.196	0.3196	0.4634	35940.0	30410.0	1.928	1.0
a1[2,114]	0.4002	0.0003718	0.07407	0.07347	0.2645	0.3965	0.5546	40190.0	29780.0	2.156	1.0
a1[2,115]	0.2539	0.0003756	0.06253	0.06202	0.1445	0.2494	0.3895	27700.0	29680.0	1.486	1.0
a1[2,116]	0.4009	0.0003688	0.06691	0.06689	0.2795	0.3975	0.5401	32980.0	32240.0	1.77	1.0
a1[2,117]	0.4281	0.0004272	0.07517	0.07454	0.2912	0.4247	0.5867	31230.0	29410.0	1.676	1.0
a1[2,118]	0.3944	0.0003529	0.06882	0.06791	0.2698	0.3908	0.5383	38540.0	31460.0	2.068	1.0
a1[2,119]	0.2984	0.00033	0.07187	0.07148	0.1699	0.2943	0.4503	47730.0	31340.0	2.561	1.0
a1[2,120]	0.3673	0.0003933	0.07684	0.07677	0.2299	0.3628	0.5285	38140.0	30900.0	2.047	1.0
a1[2,121]	0.25	0.0005353	0.07613	0.07718	0.1169	0.2447	0.4117	19710.0	23390.0	1.058	1.0
a1[2,122]	0.2972	0.0003794	0.0724	0.07214	0.1672	0.293	0.4499	36080.0	29940.0	1.936	1.0
a1[2,123]	0.3238	0.0004001	0.079	0.07805	0.1839	0.3188	0.4943	39290.0	29650.0	2.108	1.0
a1[2,124]	0.374	0.0004065	0.07127	0.07058	0.2449	0.3707	0.5247	30910.0	30570.0	1.659	1.0
a1[2,125]	0.3455	0.0004752	0.07884	0.07787	0.203	0.341	0.512	27370.0	27640.0	1.469	1.0
a1[2,126]	0.3686	0.0003565	0.06487	0.06428	0.251	0.3654	0.5051	33140.0	31370.0	1.778	1.0
a1[2,127]	0.3086	0.0003993	0.08406	0.08428	0.1602	0.3028	0.4881	44670.0	30190.0	2.397	1.0
a1[2,128]	0.3266	0.000342	0.06484	0.06436	0.2104	0.3231	0.4654	36110.0	30560.0	1.938	1.0
a1[2,129]	0.3102	0.0003126	0.06648	0.06611	0.1896	0.3069	0.45	45460.0	29990.0	2.439	0.9999
a1[2,130]	0.2904	0.0003922	0.07021	0.06902	0.171	0.2846	0.4433	32560.0	30660.0	1.747	1.0
a1[2,131]	0.4377	0.0004042	0.0801	0.07898	0.2881	0.4348	0.6047	39480.0	28670.0	2.118	1.0
a1[2,132]	0.324	0.0003769	0.08418	0.08527	0.1735	0.3193	0.5009	50730.0	31290.0	2.722	1.0
a1[2,133]	0.2955	0.00039	0.08092	0.0809	0.1531	0.29	0.4695	42910.0	29700.0	2.303	1.0
a1[2,134]	0.3644	0.0004467	0.07576	0.07615	0.2281	0.3599	0.5237	28970.0	30990.0	1.554	1.0
a1[2,135]	0.4265	0.0004214	0.07839	0.07872	0.2807	0.4235	0.5878	34710.0	31420.0	1.863	1.0
a1[2,136]	0.3108	0.0004009	0.0688	0.06821	0.1885	0.3065	0.4574	29100.0	27870.0	1.562	1.0
a1[2,137]	0.2873	0.0003372	0.06448	0.06347	0.1735	0.2831	0.4267	36620.0	31250.0	1.965	1.0
a1[2,138]	0.3491	0.0003814	0.06694	0.06688	0.2302	0.3452	0.49	31020.0	30490.0	1.665	1.0
a1[2,139]	0.3237	0.0003846	0.06655	0.06549	0.206	0.3191	0.4669	29850.0	31270.0	1.602	1.0
a1[2,140]	0.3703	0.0003426	0.07036	0.06978	0.243	0.3661	0.5192	43040.0	29270.0	2.309	1.0
a1[2,141]	0.3548	0.0003934	0.07571	0.07552	0.2174	0.3511	0.5133	37250.0	30350.0	1.999	1.0
a1[2,142]	0.2889	0.0003731	0.06431	0.06376	0.1746	0.2849	0.4245	29610.0	30320.0	1.589	1.0
a1[2,143]	0.22	0.0004176	0.06257	0.06166	0.1134	0.2148	0.3577	22430.0	27410.0	1.204	1.0
a1[2,144]	0.3615	0.0003788	0.07513	0.07507	0.2255	0.3577	0.5175	39440.0	31060.0	2.116	1.0
a1[2,145]	0.2212	0.0002979	0.04793	0.0473	0.1381	0.2175	0.3247	26090.0	29910.0	1.4	1.0
a1[2,146]	0.346	0.0003862	0.0725	0.07245	0.2146	0.3423	0.4984	35240.0	30790.0	1.891	1.0
a1[2,147]	0.3276	0.00039	0.0737	0.07228	0.1982	0.3227	0.4845	36050.0	29430.0	1.935	1.0
a1[2,148]	0.3065	0.000288	0.06227	0.06226	0.1913	0.3039	0.4356	46710.0	30660.0	2.506	1.0
a1[2,149]	0.3072	0.0003725	0.06278	0.06287	0.191	0.305	0.4368	28430.0	29120.0	1.525	1.0
a1[2,150]	0.3123	0.0004358	0.09086	0.09045	0.15	0.307	0.506	43630.0	29700.0	2.341	1.0
a1[2,151]	0.3662	0.000363	0.075	0.0749	0.231	0.3623	0.5229	43120.0	30590.0	2.314	1.0
a1[2,152]	0.32	0.000334	0.07337	0.07308	0.187	0.3163	0.4725	48350.0	32180.0	2.595	1.0
a1[2,153]	0.2484	0.0003402	0.05496	0.0539	0.1518	0.2448	0.3673	26160.0	29270.0	1.404	1.0
a1[2,154]	0.391	0.000429	0.07333	0.07307	0.2554	0.3877	0.5439	29470.0	30250.0	1.581	1.0
a1[2,155]	0.3611	0.0004254	0.06957	0.0693	0.2369	0.3569	0.5087	26660.0	29830.0	1.431	1.0
a1[2,156]	0.3697	0.0003187	0.07466	0.07373	0.2339	0.3656	0.5263	55490.0	30960.0	2.977	1.0
a1[2,157]	0.3475	0.0003623	0.07263	0.07213	0.2185	0.3429	0.5034	40320.0	31230.0	2.164	1.0
a1[2,158]	0.3595	0.0004476	0.08837	0.08782	0.1993	0.3552	0.5445	39270.0	30130.0	2.107	1.0
a1[2,159]	0.3357	0.0004086	0.0875	0.08675	0.1778	0.3305	0.5212	46330.0	29630.0	2.486	1.0
a2[1,1]	0.05501	0.0001287	0.02511	0.02605	0.01316	0.05271	0.1088	35190.0	25590.0	1.888	1.0
a2[1,2]	0.04736	0.0001114	0.02528	0.02457	0.009936	0.04353	0.1058	48910.0	28730.0	2.624	1.0
a2[1,3]	0.1225	0.000146	0.02903	0.02892	0.06685	0.1221	0.1807	39170.0	26930.0	2.102	1.0
a2[1,4]	0.1018	0.0001687	0.03765	0.03787	0.03564	0.09936	0.1815	47370.0	26650.0	2.542	1.0
a2[1,5]	0.05077	8.519e-05	0.01808	0.01829	0.01796	0.05	0.08822	44020.0	27870.0	2.362	1.0
a2[1,6]	0.0623	0.0001453	0.02778	0.02737	0.01785	0.05909	0.1246	34890.0	26430.0	1.872	1.0
a2[1,7]	0.1296	0.0002313	0.0447	0.04516	0.04942	0.1277	0.2235	35910.0	26120.0	1.927	1.0
a2[1,8]	0.2482	0.0001779	0.03824	0.03814	0.1743	0.2476	0.3251	46120.0	30990.0	2.475	1.0
a2[1,9]	0.09624	0.0001308	0.02874	0.0285	0.04272	0.09523	0.1558	46500.0	25440.0	2.495	1.0
a2[1,10]	0.1589	0.0001371	0.02555	0.02566	0.1097	0.1585	0.2099	34750.0	31220.0	1.865	1.0
a2[1,11]	0.1953	0.0001854	0.03925	0.03913	0.1202	0.1947	0.2742	44700.0	32440.0	2.399	1.0
a2[1,12]	0.08545	0.0001564	0.03519	0.03558	0.02488	0.08288	0.1604	46530.0	25610.0	2.497	1.0
a2[1,13]	0.05292	0.0001012	0.02306	0.02395	0.01425	0.05112	0.1023	47750.0	27620.0	2.562	1.0
a2[1,14]	0.07201	0.000179	0.03616	0.03439	0.018	0.06654	0.1568	39360.0	26210.0	2.112	1.0
a2[1,15]	0.09013	0.0002272	0.04119	0.04135	0.02344	0.0857	0.1816	31520.0	26330.0	1.691	1.0
a2[1,16]	0.02986	3.948e-05	0.009815	0.009868	0.01151	0.02949	0.05013	60240.0	30590.0	3.232	1.0
a2[1,17]	0.08635	0.0001701	0.03264	0.03357	0.02874	0.08464	0.1544	35280.0	26310.0	1.893	1.0
a2[1,18]	0.08379	0.0001708	0.03396	0.03389	0.02646	0.08087	0.1578	37510.0	25210.0	2.013	1.0
a2[1,19]	0.0719	0.0001507	0.03179	0.03106	0.02156	0.06818	0.1433	42460.0	28210.0	2.278	1.0
a2[1,20]	0.08369	0.0001584	0.03508	0.03568	0.02365	0.08094	0.1588	45650.0	27220.0	2.45	1.0
a2[1,21]	0.06268	0.0001419	0.03023	0.02953	0.01604	0.05876	0.1324	42590.0	27600.0	2.286	1.0
a2[1,22]	0.2285	0.0002922	0.05408	0.05369	0.1265	0.2272	0.3387	33930.0	27040.0	1.821	1.0
a2[1,23]	0.05641	0.0001569	0.03542	0.03129	0.01001	0.0489	0.1442	56730.0	28750.0	3.044	1.0
a2[1,24]	0.06201	0.0001338	0.0244	0.02432	0.02139	0.05966	0.1154	31680.0	27080.0	1.7	1.0
a2[1,25]	0.1356	0.0002491	0.04714	0.04787	0.05041	0.1335	0.2338	34110.0	23380.0	1.83	1.0
a2[1,26]	0.05667	0.0001302	0.028	0.02874	0.01179	0.0536	0.118	42700.0	26460.0	2.291	1.0
a2[1,27]	0.1693	0.0001151	0.02392	0.02358	0.1219	0.1693	0.2163	43510.0	31990.0	2.335	1.0
a2[1,28]	0.07409	8.186e-05	0.0193	0.01934	0.03702	0.07376	0.113	54950.0	27940.0	2.949	1.0
a2[1,29]	0.1415	0.0002295	0.04313	0.04369	0.0605	0.1405	0.2285	34640.0	26000.0	1.859	1.0
a2[1,30]	0.07103	0.0001467	0.02742	0.02714	0.02534	0.06838	0.1313	33050.0	25750.0	1.773	1.0
a2[1,31]	0.02839	7.581e-05	0.01623	0.01483	0.005985	0.02535	0.06789	46040.0	26770.0	2.47	1.0
a2[1,32]	0.1143	0.0002094	0.0449	0.04571	0.03566	0.1117	0.2093	42890.0	24430.0	2.302	1.0
a2[1,33]	0.08107	0.0001365	0.02474	0.02487	0.03508	0.08024	0.1318	31640.0	23000.0	1.698	1.0
a2[1,34]	0.02375	4.798e-05	0.01216	0.01178	0.00532	0.02196	0.05192	62540.0	28010.0	3.356	1.0
a2[1,35]	0.1164	0.0003058	0.05062	0.04948	0.03558	0.1104	0.2308	26250.0	25640.0	1.408	1.0
a2[1,36]	0.1729	0.0002975	0.05462	0.05481	0.07316	0.1707	0.2869	32820.0	25130.0	1.761	1.0
a2[1,37]	0.1976	0.0001839	0.03686	0.03682	0.1275	0.1967	0.2728	39980.0	28810.0	2.145	1.0
a2[1,38]	0.08897	0.0001573	0.03396	0.03462	0.02815	0.08723	0.1595	44470.0	28390.0	2.387	1.0
a2[1,39]	0.04503	9.893e-05	0.022	0.02143	0.01105	0.04199	0.09551	46370.0	26340.0	2.488	1.0
a2[1,40]	0.1307	0.0001646	0.0334	0.03308	0.06512	0.1307	0.1963	40970.0	23960.0	2.199	1.0
a2[1,41]	0.06201	0.0001407	0.03236	0.03234	0.01277	0.05765	0.1359	48920.0	28220.0	2.625	1.0
a2[1,42]	0.1336	0.0001561	0.03108	0.03095	0.07285	0.1337	0.1951	39650.0	25920.0	2.127	1.0
a2[1,43]	0.1284	0.000313	0.05561	0.05673	0.0336	0.1243	0.2476	29560.0	24150.0	1.586	1.0
a2[1,44]	0.03832	0.0001068	0.02375	0.02064	0.007257	0.03342	0.09739	55990.0	29010.0	3.004	1.0
a2[1,45]	0.1913	0.0002925	0.05722	0.05687	0.08843	0.1888	0.3122	37340.0	28660.0	2.003	1.0
a2[1,46]	0.1039	0.0001752	0.03561	0.03606	0.03957	0.1023	0.1781	39420.0	26610.0	2.115	1.0
a2[1,47]	0.08222	0.0001652	0.03165	0.0316	0.02847	0.07957	0.1506	34910.0	25490.0	1.873	1.0
a2[1,48]	0.05518	0.0001292	0.03122	0.02961	0.01069	0.04983	0.129	59340.0	29000.0	3.184	1.0
a2[1,49]	0.04452	0.0001268	0.02598	0.02483	0.008039	0.04009	0.1059	39420.0	27070.0	2.115	1.0
a2[1,50]	0.08028	0.0002167	0.04448	0.04117	0.01791	0.07263	0.1873	42300.0	29500.0	2.27	1.0
a2[1,51]	0.04841	0.0001132	0.02823	0.02609	0.009479	0.04328	0.1163	66250.0	28930.0	3.555	1.0
a2[1,52]	0.1899	0.0001181	0.02281	0.02277	0.1462	0.1897	0.2356	37290.0	34120.0	2.001	1.0
a2[1,53]	0.1654	0.0002475	0.04452	0.04444	0.08283	0.1642	0.2567	31730.0	26810.0	1.703	1.0
a2[1,54]	0.09124	0.0002493	0.05019	0.04719	0.0186	0.08317	0.2097	38930.0	27440.0	2.089	1.0
a2[1,55]	0.01886	5.452e-05	0.01175	0.01049	0.003392	0.01647	0.04768	46170.0	27140.0	2.478	1.0
a2[1,56]	0.1476	0.0004677	0.09361	0.08632	0.02314	0.1284	0.3763	41680.0	28720.0	2.236	1.0
a2[1,57]	0.08789	0.000172	0.03831	0.03853	0.02417	0.08452	0.1721	46110.0	28250.0	2.474	1.0
a2[1,58]	0.1021	0.0001424	0.02906	0.02872	0.04741	0.1011	0.162	40560.0	25140.0	2.176	1.0
a2[1,59]	0.0368	0.0001059	0.02177	0.01997	0.006878	0.03265	0.08953	41010.0	27520.0	2.2	1.0
a2[1,60]	0.1014	0.0001546	0.0339	0.0338	0.03981	0.09972	0.1725	46140.0	26540.0	2.476	1.0
a2[1,61]	0.1015	0.0001941	0.04116	0.04162	0.03083	0.09853	0.189	42110.0	27100.0	2.26	1.0
a2[1,62]	0.1301	0.0002242	0.04046	0.04026	0.05647	0.1282	0.2147	31850.0	27620.0	1.709	1.0
a2[1,63]	0.08688	0.0001925	0.03873	0.03909	0.02212	0.08364	0.1715	38120.0	26800.0	2.045	1.0
a2[1,64]	0.1856	0.000371	0.07424	0.07597	0.05507	0.1812	0.3428	38320.0	27080.0	2.056	1.0
a2[1,65]	0.0695	0.0002325	0.04647	0.03962	0.01098	0.05929	0.1855	43260.0	29710.0	2.321	1.0
a2[1,66]	0.106	0.0002658	0.04706	0.04532	0.03201	0.09996	0.2138	29990.0	26120.0	1.609	1.0
a2[1,67]	0.1343	0.0003069	0.06466	0.06374	0.0337	0.1263	0.2823	43250.0	29780.0	2.321	1.0
a2[1,68]	0.09706	0.000207	0.03907	0.03961	0.03103	0.09402	0.181	33290.0	24420.0	1.786	1.0
a2[1,69]	0.1391	0.0003252	0.05878	0.05962	0.03713	0.1353	0.2639	30700.0	24480.0	1.647	1.0
a2[1,70]	0.09284	0.000162	0.03407	0.03377	0.0334	0.09052	0.1658	41890.0	25580.0	2.248	1.0
a2[1,71]	0.06309	0.0001185	0.02652	0.02694	0.01779	0.06105	0.1198	47640.0	27390.0	2.557	1.0
a2[1,72]	0.09433	0.0002149	0.04598	0.04618	0.02158	0.08925	0.198	42160.0	26940.0	2.262	1.0
a2[1,73]	0.08205	0.0002187	0.05029	0.04548	0.01492	0.07175	0.2063	58950.0	29840.0	3.163	1.0
a2[1,74]	0.05837	0.0001297	0.02922	0.02873	0.01323	0.05449	0.1252	46960.0	27550.0	2.52	1.0
a2[1,75]	0.05228	0.0001242	0.02978	0.02745	0.01081	0.04699	0.1243	61730.0	30080.0	3.312	1.0
a2[1,76]	0.08253	0.0001668	0.03829	0.03821	0.02026	0.07859	0.1676	48200.0	24870.0	2.586	1.0
a2[1,77]	0.114	0.0002062	0.04486	0.04529	0.03517	0.1115	0.2089	44650.0	25570.0	2.396	1.0
a2[1,78]	0.0197	5.084e-05	0.0117	0.01063	0.003781	0.01748	0.04817	58810.0	28220.0	3.156	1.0
a2[1,79]	0.09322	0.0002365	0.04736	0.04791	0.01935	0.08728	0.1987	36960.0	26100.0	1.983	1.0
a2[1,80]	0.1186	0.000123	0.02519	0.02475	0.0705	0.1181	0.17	41590.0	28230.0	2.232	1.0
a2[1,81]	0.08886	0.0001947	0.03983	0.03983	0.02433	0.08498	0.1772	39560.0	27740.0	2.123	1.0
a2[1,82]	0.167	0.0002059	0.04152	0.04111	0.08806	0.1661	0.2517	40140.0	28610.0	2.154	1.0
a2[1,83]	0.1517	0.0002034	0.04398	0.04372	0.0696	0.15	0.2426	45690.0	26550.0	2.452	1.0
a2[1,84]	0.1621	0.0001946	0.03631	0.03591	0.09275	0.1615	0.2351	34870.0	28470.0	1.871	1.0
a2[1,85]	0.1418	0.0001248	0.02582	0.02559	0.09141	0.1416	0.193	42730.0	29630.0	2.293	1.0
a2[1,86]	0.09612	0.0001867	0.04113	0.04138	0.02732	0.09236	0.1861	45670.0	26820.0	2.451	1.0
a2[1,87]	0.08376	0.0002134	0.03971	0.04007	0.0216	0.07892	0.1727	32240.0	25890.0	1.73	1.0
a2[1,88]	0.09634	0.0001828	0.03319	0.03372	0.03647	0.09468	0.1656	31410.0	23300.0	1.685	1.0
a2[1,89]	0.1414	0.0002437	0.04286	0.04303	0.05632	0.1421	0.224	31070.0	21100.0	1.667	1.0
a2[1,90]	0.1801	0.0002341	0.04653	0.04616	0.09402	0.1781	0.2767	39000.0	29080.0	2.093	1.0
a2[1,91]	0.07224	0.0002442	0.04515	0.03854	0.01403	0.06289	0.1863	36930.0	28560.0	1.982	1.0
a2[1,92]	0.04404	0.0001129	0.02401	0.02332	0.008808	0.04029	0.1002	43300.0	28960.0	2.324	1.0
a2[1,93]	0.07413	0.0001787	0.03806	0.0362	0.01765	0.06816	0.1637	44040.0	27960.0	2.363	1.0
a2[1,94]	0.1267	0.0001119	0.02688	0.02648	0.07669	0.1256	0.1819	56870.0	30430.0	3.052	1.0
a2[1,95]	0.03066	8.075e-05	0.01785	0.01682	0.005556	0.02753	0.0738	46570.0	28470.0	2.499	1.0
a2[1,96]	0.08936	0.0002534	0.05417	0.04806	0.01641	0.07864	0.2244	50510.0	29880.0	2.711	1.0
a2[1,97]	0.1269	0.00015	0.0317	0.0318	0.06672	0.1263	0.1904	43890.0	24490.0	2.355	1.0
a2[1,98]	0.04606	0.0001036	0.02129	0.02045	0.01328	0.04317	0.09554	40310.0	27280.0	2.163	1.0
a2[1,99]	0.1079	0.00034	0.06096	0.05792	0.02142	0.09722	0.2527	31060.0	27400.0	1.667	1.0
a2[1,100]	0.02883	7.92e-05	0.01658	0.0155	0.005569	0.02582	0.06858	41580.0	27390.0	2.231	1.0
a2[1,101]	0.07989	0.000181	0.03476	0.03416	0.02441	0.07591	0.1585	35490.0	26390.0	1.905	1.0
a2[1,102]	0.09095	0.0001666	0.03326	0.03317	0.03096	0.0895	0.1609	37730.0	23180.0	2.024	1.0
a2[1,103]	0.08274	0.0001881	0.03834	0.03764	0.02267	0.07802	0.1698	40850.0	29100.0	2.192	1.0
a2[1,104]	0.07033	0.0001302	0.02867	0.02826	0.02132	0.06815	0.133	45340.0	25640.0	2.433	1.0
a2[1,105]	0.04748	0.0001527	0.0312	0.02739	0.007491	0.04059	0.1257	42960.0	29150.0	2.305	1.0
a2[1,106]	0.1069	0.0003144	0.06977	0.06015	0.01793	0.09119	0.2825	59070.0	29670.0	3.17	1.0
a2[1,107]	0.04977	0.0001207	0.02682	0.0252	0.01104	0.0453	0.1134	48510.0	28420.0	2.603	1.0
a2[1,108]	0.06189	0.0001236	0.02934	0.02917	0.01558	0.05839	0.128	53430.0	29230.0	2.867	1.0
a2[1,109]	0.1115	0.0001556	0.0341	0.03407	0.04885	0.1102	0.1823	46790.0	28160.0	2.511	1.0
a2[1,110]	0.1063	0.0001621	0.03213	0.03207	0.04673	0.1054	0.1726	37930.0	24090.0	2.035	1.0
a2[1,111]	0.0943	0.0002225	0.03832	0.03815	0.03064	0.09094	0.1787	27970.0	24160.0	1.501	1.0
a2[1,112]	0.09744	0.0001314	0.02981	0.02982	0.0429	0.09609	0.159	49820.0	27470.0	2.674	1.0
a2[1,113]	0.1489	0.0002097	0.04185	0.04146	0.06764	0.1483	0.2325	39100.0	22840.0	2.098	1.0
a2[1,114]	0.1757	0.0002518	0.04206	0.04209	0.09557	0.1747	0.2613	27660.0	25020.0	1.484	1.0
a2[1,115]	0.1962	0.0004172	0.07636	0.07576	0.06799	0.1893	0.3643	32200.0	24140.0	1.728	1.0
a2[1,116]	0.1257	0.000173	0.03554	0.03598	0.05955	0.1246	0.1981	41240.0	26470.0	2.213	1.0
a2[1,117]	0.06971	0.0001429	0.02739	0.02796	0.0221	0.06801	0.1275	35490.0	27260.0	1.904	1.0
a2[1,118]	0.09736	0.000256	0.05164	0.04999	0.02123	0.08945	0.2176	39200.0	28150.0	2.103	1.0
a2[1,119]	0.1338	0.0002261	0.04884	0.04822	0.04832	0.1303	0.2404	44840.0	28740.0	2.406	1.0
a2[1,120]	0.06648	0.0001347	0.03028	0.03122	0.01646	0.06378	0.1312	45930.0	25850.0	2.464	1.0
a2[1,121]	0.0568	0.0001105	0.02373	0.02404	0.01666	0.05475	0.1086	42770.0	27260.0	2.295	1.0
a2[1,122]	0.09816	0.0002221	0.03919	0.03829	0.03388	0.09429	0.186	30030.0	26260.0	1.611	1.0
a2[1,123]	0.103	0.0002921	0.05895	0.05544	0.0194	0.09253	0.2443	39150.0	27800.0	2.101	1.0
a2[1,124]	0.09149	0.0002183	0.04453	0.04317	0.02331	0.08566	0.1942	39400.0	26820.0	2.114	1.0
a2[1,125]	0.1263	0.0001022	0.02471	0.02455	0.07906	0.1258	0.1761	57950.0	30040.0	3.109	1.0
a2[1,126]	0.07998	0.0001616	0.0306	0.03077	0.02782	0.0777	0.1465	33660.0	23210.0	1.806	1.0
a2[1,127]	0.2258	0.0003839	0.08056	0.08153	0.07735	0.2233	0.3916	43140.0	27770.0	2.315	1.0
a2[1,128]	0.0976	0.0002364	0.04195	0.04268	0.0286	0.09338	0.1896	29290.0	23990.0	1.572	1.0
a2[1,129]	0.09592	0.0001669	0.03363	0.03407	0.0343	0.09457	0.165	38950.0	24770.0	2.09	1.0
a2[1,130]	0.06697	0.0001162	0.02518	0.02578	0.02217	0.06575	0.1199	44120.0	26200.0	2.368	1.0
a2[1,131]	0.03988	0.0001194	0.02352	0.02255	0.006944	0.0356	0.09527	37060.0	28520.0	1.988	1.0
a2[1,132]	0.08875	0.0002786	0.05689	0.04926	0.01559	0.07639	0.2303	46580.0	29430.0	2.499	1.0
a2[1,133]	0.09148	0.0002069	0.05073	0.04831	0.01832	0.08325	0.2115	61600.0	28860.0	3.305	1.0
a2[1,134]	0.06129	0.0001124	0.02545	0.02595	0.01719	0.05966	0.1156	47870.0	27500.0	2.569	1.0
a2[1,135]	0.05073	0.0001513	0.03165	0.02748	0.009443	0.04417	0.13	49220.0	29830.0	2.641	1.0
a2[1,136]	0.1159	0.0002786	0.05006	0.05208	0.03035	0.1124	0.2211	30230.0	23450.0	1.622	1.0
a2[1,137]	0.1008	0.0002851	0.05734	0.053	0.02118	0.09054	0.2397	42050.0	31140.0	2.256	1.0
a2[1,138]	0.1496	0.000248	0.04502	0.04542	0.06342	0.1494	0.2401	32280.0	23530.0	1.732	1.0
a2[1,139]	0.1356	0.0002233	0.04601	0.04655	0.05033	0.1343	0.2296	40410.0	24110.0	2.168	1.0
a2[1,140]	0.06308	0.0001242	0.02526	0.02558	0.01984	0.06112	0.1175	38610.0	24940.0	2.072	1.0
a2[1,141]	0.1178	0.0002063	0.04769	0.04791	0.03517	0.1144	0.2204	49960.0	27270.0	2.681	1.0
a2[1,142]	0.09454	0.0001473	0.03144	0.03169	0.03747	0.09307	0.1605	43740.0	25550.0	2.347	1.0
a2[1,143]	0.04954	0.0001436	0.03128	0.02722	0.008989	0.043	0.128	51810.0	29490.0	2.78	1.0
a2[1,144]	0.09077	0.0001913	0.0365	0.0377	0.02526	0.08935	0.1664	34430.0	22730.0	1.847	1.0
a2[1,145]	0.0391	8.982e-05	0.02157	0.02009	0.008488	0.03538	0.09071	58880.0	28710.0	3.16	1.0
a2[1,146]	0.09091	0.000123	0.02767	0.02748	0.04082	0.08966	0.1489	48340.0	26030.0	2.594	1.0
a2[1,147]	0.03299	7.012e-05	0.01606	0.01523	0.008695	0.03069	0.07064	50280.0	28160.0	2.698	1.0
a2[1,148]	0.05436	0.0001377	0.02725	0.02574	0.01388	0.05011	0.1187	37430.0	27330.0	2.009	1.0
a2[1,149]	0.0818	9.861e-05	0.02411	0.02415	0.03676	0.08106	0.1313	58210.0	29470.0	3.124	1.0
a2[1,150]	0.08213	0.0001902	0.04411	0.04267	0.01665	0.07545	0.185	50970.0	28300.0	2.735	1.0
a2[1,151]	0.08564	0.0001703	0.03528	0.03526	0.02593	0.08277	0.1623	39720.0	24930.0	2.131	1.0
a2[1,152]	0.03207	7.019e-05	0.01608	0.01562	0.007454	0.02977	0.06919	48300.0	25770.0	2.592	1.0
a2[1,153]	0.03786	0.0001043	0.02146	0.01962	0.008164	0.0339	0.09003	43090.0	29260.0	2.312	1.0
a2[1,154]	0.1751	0.0001746	0.03363	0.03309	0.11	0.1746	0.2425	37060.0	28060.0	1.989	1.0
a2[1,155]	0.1124	0.0002901	0.05201	0.05225	0.02772	0.1071	0.2276	29750.0	23040.0	1.596	1.0
a2[1,156]	0.06626	0.0002918	0.04641	0.03624	0.01153	0.05452	0.1878	29990.0	27350.0	1.609	1.0
a2[1,157]	0.03096	7.415e-05	0.01691	0.01609	0.006558	0.02813	0.07049	50870.0	28340.0	2.73	1.0
a2[1,158]	0.06861	0.0002059	0.041	0.03761	0.01262	0.06092	0.1689	38590.0	29360.0	2.071	1.0
a2[1,159]	0.05924	0.0001239	0.03149	0.0305	0.01228	0.05474	0.1325	65590.0	29610.0	3.52	1.0
a2[2,1]	0.04282	6.658e-05	0.01533	0.01567	0.01512	0.04219	0.0744	50470.0	28380.0	2.708	1.0
a2[2,2]	0.061	0.0001333	0.03036	0.03036	0.01401	0.05716	0.1299	49130.0	28310.0	2.636	1.0
a2[2,3]	0.1512	0.0001496	0.03215	0.03207	0.08778	0.1511	0.2145	46200.0	26670.0	2.479	1.0
a2[2,4]	0.131	0.0002383	0.04877	0.04981	0.04318	0.1292	0.2323	39780.0	25530.0	2.135	0.9999
a2[2,5]	0.07359	0.0001709	0.03397	0.03388	0.01928	0.0697	0.1491	36730.0	25330.0	1.971	1.0
a2[2,6]	0.1584	0.00019	0.03983	0.03978	0.08199	0.1576	0.2382	43700.0	29330.0	2.345	1.0
a2[2,7]	0.1706	0.0002027	0.04607	0.04553	0.08522	0.1689	0.2662	50410.0	27490.0	2.705	1.0
a2[2,8]	0.239	0.000212	0.04079	0.0407	0.1633	0.2372	0.3235	37440.0	33310.0	2.009	1.0
a2[2,9]	0.07611	0.0001343	0.02626	0.0268	0.02904	0.07482	0.1309	36760.0	26400.0	1.973	1.0
a2[2,10]	0.1467	0.0001438	0.02796	0.02779	0.09349	0.1461	0.2034	37450.0	28460.0	2.009	1.0
a2[2,11]	0.2534	0.0004083	0.07047	0.07046	0.1214	0.2516	0.3972	29440.0	24860.0	1.58	1.0
a2[2,12]	0.09765	0.0002055	0.04311	0.04309	0.02733	0.09349	0.1935	41510.0	27210.0	2.228	1.0
a2[2,13]	0.09063	0.000157	0.0339	0.0348	0.02905	0.08931	0.1608	44220.0	24490.0	2.373	1.0
a2[2,14]	0.1133	0.0001728	0.03898	0.03894	0.04319	0.1115	0.1954	48560.0	27040.0	2.606	1.0
a2[2,15]	0.0659	0.0001018	0.02469	0.02408	0.02429	0.06365	0.1203	58390.0	29490.0	3.133	1.0
a2[2,16]	0.05579	0.0001336	0.02591	0.02593	0.01463	0.05275	0.1138	34690.0	25450.0	1.861	1.0
a2[2,17]	0.1325	0.0001932	0.03712	0.03758	0.06138	0.1324	0.2057	36660.0	27150.0	1.967	1.0
a2[2,18]	0.1038	0.0001413	0.03245	0.03273	0.04302	0.1028	0.17	51180.0	27060.0	2.746	1.0
a2[2,19]	0.1633	0.0002295	0.0463	0.04655	0.07635	0.162	0.2582	39860.0	25920.0	2.139	1.0
a2[2,20]	0.09547	0.0001726	0.03947	0.04025	0.02816	0.09217	0.1799	48940.0	26730.0	2.626	1.0
a2[2,21]	0.1029	0.00018	0.03901	0.03945	0.03382	0.1009	0.1852	44370.0	25810.0	2.381	1.0
a2[2,22]	0.1033	0.0001656	0.03312	0.03304	0.04426	0.1013	0.1738	39240.0	27110.0	2.106	1.0
a2[2,23]	0.08046	0.0002581	0.05243	0.04549	0.01367	0.06922	0.2122	46970.0	30200.0	2.52	1.0
a2[2,24]	0.1673	0.0001678	0.03563	0.03532	0.09912	0.1668	0.2384	45150.0	32240.0	2.423	1.0
a2[2,25]	0.2097	0.0002062	0.04624	0.04584	0.1205	0.2091	0.3024	49860.0	30320.0	2.675	1.0
a2[2,26]	0.04556	0.0001004	0.02359	0.02282	0.01035	0.04205	0.1008	53540.0	29580.0	2.873	1.0
a2[2,27]	0.07067	0.0001311	0.02272	0.02316	0.02832	0.06992	0.1168	29130.0	22480.0	1.563	1.0
a2[2,28]	0.09096	0.0002345	0.04451	0.04377	0.0231	0.08494	0.1931	33990.0	27330.0	1.824	1.0
a2[2,29]	0.0846	0.0001554	0.03326	0.03369	0.02853	0.08183	0.1564	43530.0	27390.0	2.336	1.0
a2[2,30]	0.1771	0.0001524	0.03306	0.03278	0.1139	0.1764	0.244	47010.0	32810.0	2.522	1.0
a2[2,31]	0.04803	9.539e-05	0.02139	0.02174	0.01253	0.04622	0.09431	46280.0	26510.0	2.483	1.0
a2[2,32]	0.08121	0.0001672	0.03593	0.03522	0.02352	0.07707	0.1617	44350.0	26830.0	2.38	1.0
a2[2,33]	0.1793	0.0001235	0.02588	0.02579	0.1304	0.1787	0.2319	43880.0	32450.0	2.355	1.0
a2[2,34]	0.05683	0.000204	0.03724	0.03219	0.009196	0.04864	0.1505	34750.0	28190.0	1.865	1.0
a2[2,35]	0.278	0.0001686	0.0401	0.04003	0.2011	0.2778	0.3577	56590.0	33870.0	3.037	1.0
a2[2,36]	0.2285	0.0002696	0.05375	0.05373	0.1226	0.2283	0.334	39710.0	27710.0	2.131	1.0
a2[2,37]	0.205	0.0001754	0.03511	0.03473	0.1362	0.205	0.2741	40200.0	29510.0	2.157	1.0
a2[2,38]	0.1045	0.0002124	0.04514	0.04637	0.02856	0.1007	0.2017	41910.0	26060.0	2.249	1.0
a2[2,39]	0.06971	0.0001283	0.0281	0.02851	0.02057	0.06797	0.1297	45350.0	26720.0	2.433	1.0
a2[2,40]	0.124	0.0001441	0.03107	0.03091	0.06454	0.1237	0.1863	45810.0	27420.0	2.458	1.0
a2[2,41]	0.05978	0.0001528	0.0333	0.03027	0.01342	0.05404	0.1406	50660.0	29550.0	2.718	1.0
a2[2,42]	0.1312	0.0001813	0.03245	0.03247	0.07231	0.1298	0.1989	31880.0	29720.0	1.711	1.0
a2[2,43]	0.08763	0.0001437	0.03274	0.03345	0.02987	0.08568	0.1566	49160.0	26570.0	2.638	1.0
a2[2,44]	0.06128	0.0001519	0.0341	0.03253	0.01238	0.05557	0.142	49770.0	29770.0	2.671	1.0
a2[2,45]	0.2022	0.0002993	0.05923	0.05904	0.09157	0.2003	0.324	38100.0	25620.0	2.044	1.0
a2[2,46]	0.1262	0.0001494	0.03274	0.03252	0.06422	0.125	0.1932	47190.0	28360.0	2.532	1.0
a2[2,47]	0.1942	0.0002012	0.0446	0.04435	0.1061	0.1946	0.2815	49180.0	27790.0	2.639	1.0
a2[2,48]	0.0881	0.0002908	0.05722	0.0496	0.0152	0.07583	0.2317	42170.0	29730.0	2.263	1.0
a2[2,49]	0.03028	6.495e-05	0.0156	0.0151	0.007235	0.02794	0.06691	56980.0	29860.0	3.057	1.0
a2[2,50]	0.11	0.0001897	0.04366	0.04385	0.03381	0.1072	0.2024	49850.0	26210.0	2.675	1.0
a2[2,51]	0.08865	0.000308	0.05871	0.05099	0.01443	0.07546	0.2379	39970.0	29800.0	2.145	1.0
a2[2,52]	0.2101	0.0002171	0.03931	0.0389	0.1345	0.2096	0.2885	32620.0	26340.0	1.75	1.0
a2[2,53]	0.1364	0.0001699	0.0363	0.03636	0.06956	0.1349	0.2118	45000.0	28170.0	2.415	1.0
a2[2,54]	0.09029	0.0001742	0.04042	0.04007	0.0243	0.086	0.1793	52040.0	28890.0	2.793	1.0
a2[2,55]	0.02132	4.606e-05	0.0113	0.01102	0.004577	0.01968	0.04755	56070.0	28320.0	3.009	1.0
a2[2,56]	0.1409	0.0004034	0.0872	0.07795	0.02608	0.1228	0.3565	52450.0	29270.0	2.815	1.0
a2[2,57]	0.08877	0.0001549	0.03649	0.03616	0.028	0.08546	0.1694	52350.0	27050.0	2.809	1.0
a2[2,58]	0.06125	7.527e-05	0.01734	0.01721	0.02879	0.06057	0.09696	51780.0	26920.0	2.778	1.0
a2[2,59]	0.03407	6.695e-05	0.01567	0.01548	0.009144	0.03224	0.06935	52750.0	29710.0	2.83	1.0
a2[2,60]	0.09099	0.0001508	0.03289	0.03273	0.03359	0.08879	0.1614	45150.0	27310.0	2.423	1.0
a2[2,61]	0.08121	0.0001445	0.03322	0.03383	0.0246	0.07862	0.1526	49580.0	28010.0	2.661	1.0
a2[2,62]	0.1579	0.0002095	0.04311	0.04326	0.07495	0.1569	0.245	41490.0	25470.0	2.226	1.0
a2[2,63]	0.06748	0.0001483	0.03286	0.03207	0.01708	0.06302	0.1435	48130.0	29260.0	2.583	0.9999
a2[2,64]	0.1616	0.0003136	0.06647	0.06714	0.04922	0.156	0.3055	43130.0	27570.0	2.315	1.0
a2[2,65]	0.06081	0.00015	0.03509	0.03168	0.01227	0.05431	0.1466	58540.0	26620.0	3.141	1.0
a2[2,66]	0.1667	0.0001357	0.03358	0.03339	0.1022	0.1665	0.234	61080.0	32160.0	3.278	1.0
a2[2,67]	0.1666	0.000279	0.06339	0.06409	0.05445	0.1629	0.301	49550.0	28250.0	2.659	1.0
a2[2,68]	0.1225	0.0001188	0.02745	0.02724	0.06974	0.1221	0.1775	52990.0	30130.0	2.844	1.0
a2[2,69]	0.05385	0.0001037	0.02424	0.02347	0.01564	0.0509	0.1089	53030.0	28020.0	2.846	1.0
a2[2,70]	0.1152	0.0001645	0.03548	0.03584	0.0484	0.1144	0.1874	44990.0	25980.0	2.414	1.0
a2[2,71]	0.06916	0.0001501	0.03364	0.03324	0.01694	0.06491	0.1461	46950.0	27550.0	2.519	1.0
a2[2,72]	0.0772	0.0001398	0.03392	0.03391	0.02168	0.07397	0.1519	54990.0	27050.0	2.951	1.0
a2[2,73]	0.1127	0.0003396	0.07147	0.06292	0.01946	0.09739	0.2907	50280.0	29980.0	2.698	1.0
a2[2,74]	0.07208	0.0001625	0.03579	0.035	0.01686	0.06737	0.1541	45560.0	27400.0	2.445	1.0
a2[2,75]	0.102	0.0003012	0.05887	0.05653	0.01862	0.09167	0.2426	37910.0	29590.0	2.034	1.0
a2[2,76]	0.06789	0.0001638	0.03601	0.03324	0.01601	0.06172	0.154	48140.0	28240.0	2.583	1.0
a2[2,77]	0.1043	0.000204	0.0426	0.04211	0.03316	0.1003	0.1983	42120.0	29940.0	2.26	1.0
a2[2,78]	0.03352	9.804e-05	0.02045	0.0183	0.006196	0.02954	0.08346	43380.0	28630.0	2.328	1.0
a2[2,79]	0.06691	0.0001218	0.02987	0.02941	0.0191	0.06381	0.134	58850.0	27610.0	3.158	1.0
a2[2,80]	0.2042	0.0001952	0.03807	0.0374	0.1314	0.2035	0.281	37920.0	28290.0	2.035	1.0
a2[2,81]	0.1015	0.0001656	0.03686	0.0375	0.03555	0.09963	0.1785	47780.0	28360.0	2.564	1.0
a2[2,82]	0.1551	0.0002116	0.04334	0.04363	0.0735	0.1541	0.2429	41010.0	26310.0	2.2	1.0
a2[2,83]	0.1686	0.0002305	0.04699	0.04708	0.08152	0.1671	0.2649	40740.0	27760.0	2.186	1.0
a2[2,84]	0.07835	0.0001392	0.02703	0.0271	0.03006	0.07693	0.1353	36140.0	26240.0	1.939	1.0
a2[2,85]	0.1781	0.000157	0.03215	0.03167	0.1157	0.1776	0.2428	41690.0	27300.0	2.237	1.0
a2[2,86]	0.1173	0.0001892	0.04382	0.04418	0.03991	0.1148	0.2105	51020.0	26950.0	2.738	1.0
a2[2,87]	0.08744	0.0001029	0.02412	0.02415	0.04034	0.08748	0.1351	54640.0	28020.0	2.932	1.0
a2[2,88]	0.1185	0.0001199	0.0281	0.02784	0.0662	0.1176	0.1757	54090.0	29120.0	2.903	1.0
a2[2,89]	0.05565	9.934e-05	0.0217	0.02143	0.01901	0.05369	0.1032	45410.0	27870.0	2.437	1.0
a2[2,90]	0.1737	0.0002418	0.04661	0.04663	0.08711	0.172	0.2693	36480.0	27190.0	1.958	1.0
a2[2,91]	0.08521	0.0001253	0.03138	0.03161	0.02875	0.08369	0.1512	60110.0	28510.0	3.225	1.0
a2[2,92]	0.04998	0.0001246	0.02706	0.02592	0.01077	0.04563	0.1143	46770.0	28550.0	2.51	1.0
a2[2,93]	0.1177	0.0002009	0.04331	0.0443	0.03798	0.1164	0.2069	44860.0	27910.0	2.407	1.0
a2[2,94]	0.1717	0.0002463	0.04425	0.0444	0.0868	0.1713	0.2602	31950.0	25060.0	1.714	1.0
a2[2,95]	0.03199	7.25e-05	0.01717	0.01665	0.006701	0.02933	0.07205	52660.0	28090.0	2.826	1.0
a2[2,96]	0.1219	0.0002873	0.06458	0.06318	0.02542	0.1125	0.2708	49640.0	29630.0	2.664	1.0
a2[2,97]	0.1268	0.0001502	0.03266	0.03265	0.06697	0.1256	0.1945	45940.0	26830.0	2.465	1.0
a2[2,98]	0.1866	0.0002506	0.04974	0.04973	0.0877	0.1869	0.2834	39590.0	24850.0	2.124	1.0
a2[2,99]	0.07409	0.0001127	0.02771	0.02759	0.02564	0.07249	0.1333	58260.0	28960.0	3.126	1.0
a2[2,100]	0.029	5.654e-05	0.01361	0.01353	0.007481	0.02742	0.05945	54050.0	27910.0	2.901	1.0
a2[2,101]	0.1906	0.0002277	0.04672	0.04623	0.1039	0.1893	0.2873	41830.0	31480.0	2.245	1.0
a2[2,102]	0.1027	0.0001466	0.02996	0.03034	0.04525	0.1025	0.1623	41220.0	28470.0	2.212	1.0
a2[2,103]	0.1411	0.0002651	0.05773	0.05852	0.04196	0.1369	0.2645	44250.0	25770.0	2.374	1.0
a2[2,104]	0.08049	0.000157	0.03383	0.03422	0.02398	0.07777	0.1542	43720.0	26330.0	2.346	1.0
a2[2,105]	0.04016	9.307e-05	0.02266	0.02118	0.008284	0.03604	0.09508	59600.0	27990.0	3.198	1.0
a2[2,106]	0.1381	0.0003688	0.08315	0.07635	0.02511	0.1217	0.3414	53570.0	30470.0	2.875	1.0
a2[2,107]	0.06492	0.000143	0.03147	0.03105	0.016	0.06077	0.1369	46800.0	26910.0	2.511	1.0
a2[2,108]	0.1017	0.0002415	0.04906	0.04856	0.02408	0.09588	0.2121	39640.0	28160.0	2.127	1.0
a2[2,109]	0.1219	0.000208	0.04384	0.04438	0.04406	0.1195	0.2141	41690.0	25650.0	2.237	1.0
a2[2,110]	0.1074	0.0001433	0.02988	0.02966	0.05314	0.1061	0.1704	42740.0	27600.0	2.293	1.0
a2[2,111]	0.1693	0.0001209	0.02875	0.02834	0.1137	0.1689	0.2269	56360.0	32960.0	3.024	1.0
a2[2,112]	0.1368	0.0002153	0.04399	0.04468	0.05463	0.1359	0.2263	40220.0	23970.0	2.158	1.0
a2[2,113]	0.05854	0.0001098	0.02332	0.02331	0.01944	0.05642	0.1093	42120.0	26640.0	2.26	1.0
a2[2,114]	0.2091	0.0001165	0.02387	0.02358	0.1625	0.209	0.2562	42040.0	34510.0	2.256	1.0
a2[2,115]	0.2871	0.0002722	0.06396	0.06313	0.1682	0.2843	0.4203	54740.0	29970.0	2.938	1.0
a2[2,116]	0.1118	0.0001556	0.03421	0.0343	0.04804	0.1109	0.1819	46390.0	25030.0	2.489	1.0
a2[2,117]	0.1081	0.0001713	0.03587	0.03632	0.04165	0.1071	0.1809	42460.0	25970.0	2.278	1.0
a2[2,118]	0.1121	0.0001881	0.0456	0.04653	0.03285	0.1094	0.2096	54580.0	27520.0	2.929	1.0
a2[2,119]	0.1976	0.0003594	0.06962	0.06995	0.07143	0.1943	0.3432	36130.0	26250.0	1.939	1.0
a2[2,120]	0.06335	0.0001318	0.02909	0.02942	0.01622	0.06026	0.1277	45420.0	27550.0	2.437	1.0
a2[2,121]	0.06197	0.0001278	0.02682	0.02622	0.01818	0.05909	0.1217	41470.0	25290.0	2.225	1.0
a2[2,122]	0.1803	0.0001892	0.04116	0.04078	0.1003	0.1799	0.263	46970.0	27900.0	2.52	1.0
a2[2,123]	0.08346	0.0001523	0.03802	0.03763	0.02227	0.07917	0.1684	59970.0	29210.0	3.218	1.0
a2[2,124]	0.1069	0.0001809	0.03936	0.03999	0.03588	0.1049	0.1878	45320.0	27130.0	2.432	1.0
a2[2,125]	0.1331	0.0001958	0.03649	0.03594	0.06659	0.1309	0.2093	33900.0	25610.0	1.819	1.0
a2[2,126]	0.1221	0.0001249	0.03002	0.02972	0.06558	0.1212	0.1838	56490.0	28440.0	3.031	1.0
a2[2,127]	0.1941	0.0004851	0.09386	0.09237	0.04925	0.1813	0.4098	36010.0	28560.0	1.932	1.0
a2[2,128]	0.1409	0.0001086	0.02563	0.02537	0.09237	0.1404	0.1926	55460.0	33880.0	2.976	1.0
a2[2,129]	0.08747	0.0001237	0.02879	0.02847	0.03714	0.08547	0.1495	52010.0	27440.0	2.791	1.0
a2[2,130]	0.07781	0.0001385	0.02878	0.02938	0.02564	0.07661	0.1373	41170.0	25450.0	2.209	1.0
a2[2,131]	0.02508	5.032e-05	0.01235	0.01215	0.006075	0.02338	0.05342	58300.0	30450.0	3.129	1.0
a2[2,132]	0.1	0.0002165	0.05196	0.05022	0.02251	0.09269	0.2217	57910.0	29350.0	3.108	1.0
a2[2,133]	0.1257	0.0003482	0.07429	0.06843	0.02362	0.1112	0.3057	48500.0	29900.0	2.602	1.0
a2[2,134]	0.06436	0.0001531	0.03312	0.03196	0.0149	0.0593	0.1419	44160.0	27900.0	2.37	1.0
a2[2,135]	0.07602	0.0001763	0.03951	0.03863	0.01645	0.07055	0.1671	47970.0	27760.0	2.574	1.0
a2[2,136]	0.08684	0.0001179	0.0286	0.0284	0.03502	0.08529	0.1471	56760.0	28710.0	3.046	1.0
a2[2,137]	0.1182	0.0001994	0.04835	0.04848	0.03606	0.1141	0.2232	55670.0	26760.0	2.987	1.0
a2[2,138]	0.1476	0.0001506	0.03335	0.03324	0.08399	0.1468	0.2144	48600.0	28200.0	2.608	1.0
a2[2,139]	0.1058	0.0001687	0.03631	0.0361	0.04081	0.1037	0.1828	44450.0	25750.0	2.385	1.0
a2[2,140]	0.1432	0.0001782	0.03517	0.03508	0.07482	0.143	0.2128	38750.0	28330.0	2.08	1.0
a2[2,141]	0.09011	0.0002021	0.0429	0.04162	0.02388	0.08438	0.1878	43710.0	28320.0	2.345	1.0
a2[2,142]	0.1721	0.0002556	0.05014	0.05054	0.07609	0.1715	0.2721	37740.0	25790.0	2.025	1.0
a2[2,143]	0.07367	0.0002001	0.04252	0.03966	0.01437	0.06586	0.1771	45290.0	29200.0	2.43	1.0
a2[2,144]	0.04487	8.601e-05	0.01978	0.01958	0.01311	0.04258	0.08922	50130.0	27210.0	2.69	1.0
a2[2,145]	0.07837	0.0001978	0.04133	0.0404	0.01695	0.07238	0.1748	41280.0	26900.0	2.215	1.0
a2[2,146]	0.1645	0.000205	0.04304	0.04286	0.08123	0.1639	0.2503	43670.0	24370.0	2.343	1.0
a2[2,147]	0.1002	0.0001762	0.03584	0.03607	0.03431	0.09877	0.1743	39080.0	22400.0	2.097	1.0
a2[2,148]	0.1109	0.0001387	0.03307	0.03289	0.04751	0.1102	0.178	55180.0	26470.0	2.961	1.0
a2[2,149]	0.1345	0.0003314	0.06106	0.05988	0.03787	0.127	0.2733	32280.0	26580.0	1.732	1.0
a2[2,150]	0.09253	0.0002229	0.05007	0.04707	0.02027	0.08445	0.2102	51710.0	29590.0	2.775	1.0
a2[2,151]	0.0748	0.0001161	0.02628	0.02685	0.02731	0.07375	0.1291	48800.0	27180.0	2.619	1.0
a2[2,152]	0.049	0.0001037	0.02262	0.0227	0.01243	0.04666	0.09917	44450.0	27560.0	2.385	1.0
a2[2,153]	0.07313	0.0001312	0.02927	0.02939	0.02222	0.07117	0.136	46840.0	26140.0	2.513	1.0
a2[2,154]	0.1663	0.0001621	0.03453	0.03441	0.1015	0.1655	0.2367	44680.0	29560.0	2.397	0.9999
a2[2,155]	0.06366	9.597e-05	0.02309	0.02316	0.02246	0.06239	0.1126	54860.0	28110.0	2.944	1.0
a2[2,156]	0.06429	9.714e-05	0.02539	0.02555	0.01992	0.06268	0.1183	64200.0	28410.0	3.445	1.0
a2[2,157]	0.05278	0.0001273	0.02728	0.02715	0.01126	0.04909	0.1145	42140.0	26920.0	2.261	1.0
a2[2,158]	0.05462	9.405e-05	0.02273	0.023	0.01622	0.05265	0.1039	56200.0	29480.0	3.016	1.0
a2[2,159]	0.09054	0.0002924	0.05776	0.05054	0.01606	0.07813	0.2336	43240.0	30100.0	2.32	1.0
a3[1,1]	0.1198	0.0001613	0.0381	0.03733	0.04853	0.1187	0.1981	53640.0	26170.0	2.878	1.0
a3[1,2]	0.1739	0.0002841	0.05238	0.05255	0.07827	0.1716	0.2839	33320.0	26750.0	1.788	1.0
a3[1,3]	0.1176	0.0002234	0.04517	0.04596	0.03796	0.1151	0.2129	39090.0	26730.0	2.098	1.0
a3[1,4]	0.1543	0.000356	0.07662	0.07512	0.03482	0.1444	0.3291	44370.0	29390.0	2.381	1.0
a3[1,5]	0.1212	0.0003112	0.06862	0.06781	0.02071	0.1108	0.2796	45730.0	28750.0	2.454	1.0
a3[1,6]	0.1051	0.0001358	0.02699	0.02683	0.05409	0.1044	0.1604	39050.0	30710.0	2.095	1.0
a3[1,7]	0.03131	8.784e-05	0.01992	0.01873	0.004248	0.02758	0.07913	48690.0	28380.0	2.613	1.0
a3[1,8]	0.1092	0.000215	0.03988	0.04026	0.03742	0.1071	0.1923	32520.0	21980.0	1.745	1.0
a3[1,9]	0.04988	0.000114	0.02084	0.02116	0.01469	0.04805	0.09504	31110.0	23720.0	1.67	1.0
a3[1,10]	0.1571	0.000279	0.04793	0.04849	0.06649	0.1561	0.2538	28910.0	23530.0	1.551	1.0
a3[1,11]	0.2061	0.0002104	0.04886	0.04846	0.1147	0.2044	0.3056	52780.0	28250.0	2.832	1.0
a3[1,12]	0.2144	0.0002733	0.05346	0.05262	0.1111	0.2138	0.3219	37940.0	24930.0	2.036	1.0
a3[1,13]	0.07638	0.0001498	0.03103	0.03204	0.01925	0.07567	0.1392	40410.0	23530.0	2.169	1.0
a3[1,14]	0.06206	0.0002188	0.04099	0.03416	0.01021	0.05305	0.1664	38100.0	28190.0	2.044	1.0
a3[1,15]	0.1519	0.0002649	0.05558	0.05563	0.04995	0.1496	0.2665	41640.0	23930.0	2.234	1.0
a3[1,16]	0.1628	0.0001453	0.0352	0.03463	0.0963	0.1618	0.2343	58140.0	29610.0	3.12	1.0
a3[1,17]	0.03867	0.0001004	0.02354	0.02258	0.005786	0.03452	0.09482	52050.0	28110.0	2.793	1.0
a3[1,18]	0.04033	0.0001222	0.02462	0.02193	0.007274	0.03536	0.101	39610.0	27980.0	2.126	1.0
a3[1,19]	0.2124	0.0003769	0.07663	0.0771	0.06989	0.2101	0.3699	39840.0	24070.0	2.138	1.0
a3[1,20]	0.1939	0.0002148	0.04316	0.0425	0.1162	0.1916	0.2853	40390.0	31070.0	2.167	1.0
a3[1,21]	0.106	0.00024	0.04789	0.0469	0.0294	0.1008	0.215	38050.0	26560.0	2.042	1.0
a3[1,22]	0.1315	0.0002192	0.0457	0.04591	0.04559	0.1303	0.2241	42090.0	25760.0	2.258	1.0
a3[1,23]	0.07229	0.0001965	0.04537	0.0421	0.01026	0.06404	0.1815	54170.0	27520.0	2.907	1.0
a3[1,24]	0.1121	0.0002745	0.05343	0.05355	0.02541	0.1065	0.2312	34750.0	24800.0	1.865	1.0
a3[1,25]	0.1799	0.0002904	0.05507	0.0552	0.07562	0.1787	0.2911	35110.0	23510.0	1.884	1.0
a3[1,26]	0.1544	0.0001817	0.0371	0.03672	0.08415	0.1532	0.2305	41290.0	29460.0	2.216	1.0
a3[1,27]	0.1094	0.0001579	0.02919	0.02901	0.05542	0.1083	0.17	33510.0	26080.0	1.798	0.9999
a3[1,28]	0.05471	0.0001112	0.02136	0.02208	0.01633	0.05385	0.09834	34440.0	22200.0	1.848	1.0
a3[1,29]	0.09408	0.000211	0.04149	0.04228	0.02299	0.09131	0.1821	35480.0	23970.0	1.904	1.0
a3[1,30]	0.1483	0.0001485	0.03183	0.03156	0.08734	0.1477	0.2128	45570.0	29440.0	2.445	1.0
a3[1,31]	0.1601	0.0005074	0.1026	0.09825	0.02109	0.1401	0.4064	41590.0	30160.0	2.232	1.0
a3[1,32]	0.09225	0.0002211	0.05019	0.04936	0.01621	0.08567	0.2072	46950.0	25940.0	2.519	1.0
a3[1,33]	0.1901	0.000143	0.02946	0.02935	0.1334	0.1896	0.2492	42520.0	30420.0	2.281	1.0
a3[1,34]	0.08638	0.0002852	0.05898	0.05271	0.01024	0.07365	0.2342	43060.0	27820.0	2.311	1.0
a3[1,35]	0.1943	0.0004963	0.08991	0.08934	0.04945	0.1842	0.3955	31470.0	25760.0	1.689	1.0
a3[1,36]	0.05107	0.0001486	0.03041	0.02888	0.007915	0.0459	0.1235	38760.0	26860.0	2.08	1.0
a3[1,37]	0.175	0.0001923	0.0401	0.03999	0.09725	0.1744	0.2553	43310.0	27730.0	2.324	1.0
a3[1,38]	0.06859	0.0001531	0.02912	0.02917	0.02008	0.06586	0.1322	33990.0	24840.0	1.824	1.0
a3[1,39]	0.1645	0.0002371	0.04701	0.04666	0.07404	0.1638	0.2589	38580.0	24390.0	2.07	1.0
a3[1,40]	0.2967	0.0001902	0.03895	0.03839	0.2198	0.2967	0.373	42280.0	28550.0	2.269	1.0
a3[1,41]	0.1474	0.000415	0.09309	0.08744	0.02013	0.1298	0.3733	50840.0	29830.0	2.728	1.0
a3[1,42]	0.08046	0.0002537	0.04837	0.04777	0.01142	0.07251	0.1935	33520.0	26880.0	1.799	1.0
a3[1,43]	0.1067	0.000202	0.04043	0.0413	0.03447	0.1046	0.1904	38440.0	26730.0	2.063	1.0
a3[1,44]	0.1478	0.0004084	0.08417	0.08476	0.02129	0.1364	0.3407	38750.0	26810.0	2.079	1.0
a3[1,45]	0.07996	0.0001464	0.0319	0.03171	0.02536	0.07736	0.1488	44500.0	27340.0	2.388	1.0
a3[1,46]	0.0999	0.0002665	0.05361	0.05553	0.01622	0.0942	0.2183	36110.0	25100.0	1.938	1.0
a3[1,47]	0.1602	0.0003205	0.05217	0.05229	0.06738	0.1572	0.2709	25770.0	24130.0	1.383	1.0
a3[1,48]	0.2166	0.0004532	0.1028	0.1052	0.04225	0.2088	0.437	48240.0	27240.0	2.589	1.0
a3[1,49]	0.1137	0.0003982	0.08249	0.07167	0.01245	0.09434	0.3236	47460.0	29210.0	2.547	1.0
a3[1,50]	0.1295	0.0004429	0.09022	0.07983	0.01576	0.1096	0.3557	45190.0	30310.0	2.425	1.0
a3[1,51]	0.1638	0.000536	0.1149	0.106	0.01711	0.1382	0.4477	49310.0	29130.0	2.646	1.0
a3[1,52]	0.06662	4.826e-05	0.01199	0.01194	0.04342	0.06647	0.09053	61630.0	31770.0	3.307	1.0
a3[1,53]	0.177	0.0003285	0.05638	0.05679	0.06924	0.1757	0.2907	28770.0	21450.0	1.544	1.0
a3[1,54]	0.153	0.0004579	0.09579	0.08904	0.02246	0.1345	0.3861	44990.0	30760.0	2.414	1.0
a3[1,55]	0.07281	0.0001968	0.04662	0.04324	0.009661	0.06398	0.1858	55770.0	29230.0	2.993	1.0
a3[1,56]	0.009406	3.378e-05	0.007086	0.005991	0.0009276	0.007653	0.02747	43240.0	29220.0	2.32	1.0
a3[1,57]	0.1525	0.0003311	0.06931	0.07074	0.03828	0.1463	0.3038	40540.0	25550.0	2.175	1.0
a3[1,58]	0.1102	0.0002572	0.05821	0.05908	0.02026	0.1029	0.2414	47720.0	27790.0	2.561	1.0
a3[1,59]	0.04169	0.0001862	0.03456	0.027	0.003494	0.03233	0.1325	34690.0	29250.0	1.862	1.0
a3[1,60]	0.1417	0.0002273	0.04321	0.04361	0.06067	0.1406	0.2293	35210.0	25420.0	1.889	1.0
a3[1,61]	0.1344	0.0001501	0.03399	0.03388	0.06939	0.1337	0.2029	50550.0	27640.0	2.713	1.0
a3[1,62]	0.1287	0.0002773	0.05032	0.05061	0.04189	0.1251	0.2372	31090.0	23820.0	1.668	1.0
a3[1,63]	0.04688	0.000172	0.03123	0.02935	0.005466	0.04083	0.1229	31480.0	26890.0	1.689	1.0
a3[1,64]	0.04985	0.0001814	0.03587	0.03144	0.005293	0.04146	0.14	38940.0	28480.0	2.089	1.0
a3[1,65]	0.1697	0.00053	0.1128	0.105	0.02112	0.1464	0.445	49820.0	29930.0	2.673	1.0
a3[1,66]	0.09499	0.0003083	0.0566	0.05437	0.01486	0.08567	0.2287	30640.0	24870.0	1.644	1.0
a3[1,67]	0.03841	0.0001725	0.03113	0.02543	0.00313	0.03007	0.1198	30460.0	28340.0	1.634	1.0
a3[1,68]	0.1557	0.0002317	0.04997	0.04932	0.06335	0.1537	0.2603	44510.0	24990.0	2.388	1.0
a3[1,69]	0.165	0.000312	0.05393	0.05391	0.06479	0.1633	0.2751	28880.0	22480.0	1.55	1.0
a3[1,70]	0.09165	0.0001073	0.02489	0.02464	0.04426	0.09112	0.142	52670.0	27270.0	2.826	1.0
a3[1,71]	0.1193	0.0002032	0.04137	0.04253	0.04105	0.1187	0.2014	40230.0	24840.0	2.159	1.0
a3[1,72]	0.06818	0.0002015	0.03816	0.03924	0.01003	0.0636	0.1532	32020.0	24760.0	1.718	1.0
a3[1,73]	0.006945	2.311e-05	0.005069	0.004348	0.0007821	0.005745	0.0198	47890.0	29050.0	2.57	1.0
a3[1,74]	0.1025	0.000339	0.07308	0.06463	0.01153	0.08556	0.2847	50820.0	30280.0	2.727	1.0
a3[1,75]	0.1169	0.0003778	0.07922	0.07014	0.01594	0.09961	0.314	48630.0	29270.0	2.61	1.0
a3[1,76]	0.1842	0.0004393	0.09645	0.0978	0.03287	0.1732	0.3997	45330.0	27690.0	2.433	1.0
a3[1,77]	0.1237	0.000254	0.05533	0.05583	0.03115	0.1188	0.2449	45000.0	27090.0	2.415	1.0
a3[1,78]	0.1202	0.0004861	0.09634	0.07742	0.01086	0.09431	0.3733	48550.0	29430.0	2.605	1.0
a3[1,79]	0.06201	0.000163	0.03694	0.03592	0.009387	0.05585	0.1494	49410.0	27780.0	2.651	1.0
a3[1,80]	0.1035	0.0002178	0.04425	0.04477	0.02616	0.1007	0.197	37860.0	23900.0	2.032	1.0
a3[1,81]	0.1043	0.0003273	0.06253	0.06259	0.0137	0.09461	0.2492	32700.0	25420.0	1.754	1.0
a3[1,82]	0.1878	0.0003864	0.07496	0.07571	0.0571	0.1825	0.3476	35600.0	24320.0	1.91	1.0
a3[1,83]	0.02428	6.243e-05	0.01472	0.01423	0.003564	0.02173	0.05887	53410.0	29730.0	2.866	1.0
a3[1,84]	0.06497	0.0001495	0.02791	0.02779	0.01875	0.06235	0.1264	32720.0	25320.0	1.756	1.0
a3[1,85]	0.1042	0.0002147	0.04164	0.04264	0.03154	0.1016	0.1918	35480.0	25560.0	1.904	1.0
a3[1,86]	0.1922	0.0002549	0.05207	0.05156	0.09514	0.1905	0.2995	40640.0	25160.0	2.181	1.0
a3[1,87]	0.1049	0.0001643	0.03362	0.03397	0.04305	0.1038	0.1743	40830.0	27220.0	2.191	1.0
a3[1,88]	0.1602	0.0002926	0.06	0.06072	0.05345	0.157	0.2865	39600.0	25220.0	2.125	1.0
a3[1,89]	0.1202	0.0002087	0.04386	0.04427	0.0403	0.1186	0.2107	41760.0	23450.0	2.241	1.0
a3[1,90]	0.07513	0.0002159	0.04376	0.04424	0.0104	0.0689	0.1743	36760.0	26300.0	1.972	1.0
a3[1,91]	0.1081	0.0003933	0.07845	0.06665	0.01275	0.08958	0.3066	43420.0	29980.0	2.33	1.0
a3[1,92]	0.1072	0.0003261	0.06696	0.06618	0.01333	0.09554	0.2629	38720.0	27520.0	2.078	1.0
a3[1,93]	0.03901	0.0001246	0.02687	0.02396	0.004739	0.03328	0.1058	45650.0	29250.0	2.45	1.0
a3[1,94]	0.1461	0.000211	0.04185	0.04179	0.06713	0.1452	0.2315	38350.0	24110.0	2.058	1.0
a3[1,95]	0.1226	0.000128	0.02576	0.02566	0.07421	0.1219	0.1749	40240.0	28650.0	2.159	1.0
a3[1,96]	0.04794	0.0001813	0.03686	0.02938	0.005189	0.03868	0.1433	47530.0	27880.0	2.55	1.0
a3[1,97]	0.2453	0.0002931	0.06002	0.0599	0.1291	0.2443	0.3644	41660.0	26770.0	2.235	1.0
a3[1,98]	0.08821	0.0002628	0.04756	0.04373	0.02013	0.08012	0.2026	32250.0	28460.0	1.73	1.0
a3[1,99]	0.1116	0.000402	0.07657	0.07112	0.01261	0.0956	0.2988	36740.0	29260.0	1.972	1.0
a3[1,100]	0.04946	0.0002664	0.04499	0.03169	0.00374	0.03614	0.1693	30960.0	28710.0	1.662	1.0
a3[1,101]	0.0518	0.0001803	0.03482	0.03244	0.006047	0.04486	0.1371	35440.0	27970.0	1.902	1.0
a3[1,102]	0.1504	0.0003209	0.0594	0.06149	0.04278	0.1484	0.2732	32530.0	22950.0	1.746	1.0
a3[1,103]	0.1695	0.0003915	0.07384	0.07565	0.04139	0.1651	0.3253	33340.0	23510.0	1.789	1.0
a3[1,104]	0.08613	0.0001625	0.03117	0.03052	0.0319	0.08394	0.1539	35390.0	25210.0	1.899	1.0
a3[1,105]	0.1396	0.0002879	0.05646	0.05583	0.04357	0.1348	0.2633	36230.0	24630.0	1.944	1.0
a3[1,106]	0.09784	0.0004084	0.07971	0.06172	0.009135	0.07622	0.3076	47580.0	29630.0	2.553	1.0
a3[1,107]	0.01758	5.299e-05	0.01194	0.0107	0.002273	0.01503	0.04738	50610.0	26050.0	2.716	1.0
a3[1,108]	0.09818	0.0002757	0.05653	0.05492	0.01629	0.08892	0.2292	37980.0	26590.0	2.038	1.0
a3[1,109]	0.09403	0.0002197	0.04305	0.04364	0.0231	0.09003	0.1881	35640.0	25200.0	1.913	1.0
a3[1,110]	0.1666	0.0001853	0.03921	0.03876	0.09026	0.1664	0.2445	44460.0	25990.0	2.386	1.0
a3[1,111]	0.1189	0.0001943	0.03831	0.0373	0.05165	0.1161	0.2016	37530.0	25620.0	2.014	1.0
a3[1,112]	0.1338	0.0002766	0.04793	0.04874	0.0441	0.1327	0.2318	28910.0	22350.0	1.551	1.0
a3[1,113]	0.1288	0.0001951	0.0392	0.03925	0.05485	0.1277	0.2082	39520.0	25030.0	2.12	1.0
a3[1,114]	0.04485	0.0001436	0.03058	0.02877	0.005015	0.03837	0.1198	42840.0	29180.0	2.299	1.0
a3[1,115]	0.0737	0.0001733	0.03449	0.03408	0.01878	0.06989	0.1514	37470.0	27030.0	2.011	1.0
a3[1,116]	0.1163	0.0001778	0.03512	0.03543	0.0508	0.1156	0.188	38220.0	25320.0	2.051	1.0
a3[1,117]	0.09336	0.0001911	0.04183	0.04201	0.02386	0.08958	0.1853	44020.0	24420.0	2.362	1.0
a3[1,118]	0.08553	0.0002185	0.04413	0.04346	0.01744	0.07989	0.1862	37340.0	26930.0	2.004	1.0
a3[1,119]	0.1346	0.0003447	0.07617	0.07523	0.02112	0.1238	0.309	45900.0	26570.0	2.463	1.0
a3[1,120]	0.05403	0.0001095	0.02242	0.02269	0.01614	0.05217	0.1025	39350.0	26480.0	2.111	0.9999
a3[1,121]	0.05147	0.0001256	0.03084	0.02964	0.00783	0.04623	0.1243	58390.0	28160.0	3.133	1.0
a3[1,122]	0.2248	0.0005483	0.0999	0.1006	0.05991	0.2155	0.446	32520.0	27470.0	1.745	1.0
a3[1,123]	0.06535	0.0002086	0.04307	0.03744	0.009916	0.05618	0.1729	45960.0	29870.0	2.466	1.0
a3[1,124]	0.03218	7.336e-05	0.01662	0.01631	0.00664	0.03001	0.07018	47400.0	24830.0	2.544	1.0
a3[1,125]	0.09645	0.0001935	0.03528	0.03631	0.03272	0.09526	0.1688	31830.0	21480.0	1.708	0.9999
a3[1,126]	0.1641	0.0002258	0.0468	0.0463	0.07399	0.1632	0.2588	42130.0	24990.0	2.261	1.0
a3[1,127]	0.1066	0.0002543	0.05971	0.06126	0.01586	0.09916	0.2402	50200.0	26950.0	2.693	1.0
a3[1,128]	0.13	0.0001296	0.02872	0.02852	0.07558	0.1292	0.1884	48630.0	29620.0	2.61	1.0
a3[1,129]	0.1355	0.0003046	0.05896	0.05982	0.03477	0.1315	0.2624	34960.0	25210.0	1.876	1.0
a3[1,130]	0.2614	0.0002952	0.05101	0.0512	0.1629	0.2609	0.3621	29910.0	30980.0	1.605	1.0
a3[1,131]	0.2271	0.0003192	0.06675	0.06606	0.105	0.2242	0.3657	43120.0	29090.0	2.314	1.0
a3[1,132]	0.08707	0.0003448	0.06959	0.05504	0.008595	0.06904	0.2685	48280.0	30370.0	2.591	1.0
a3[1,133]	0.1157	0.0002996	0.06018	0.06284	0.0183	0.1102	0.2452	37490.0	27250.0	2.012	1.0
a3[1,134]	0.08098	6.285e-05	0.01325	0.01322	0.05594	0.08069	0.1076	44300.0	33200.0	2.377	1.0
a3[1,135]	0.02191	7.545e-05	0.01636	0.01367	0.002452	0.018	0.06348	51040.0	28400.0	2.739	1.0
a3[1,136]	0.06905	0.0001464	0.03178	0.03215	0.01649	0.06654	0.1385	42610.0	25860.0	2.286	1.0
a3[1,137]	0.08288	0.0002712	0.05563	0.04905	0.01137	0.07099	0.2203	43660.0	28700.0	2.343	1.0
a3[1,138]	0.2194	0.0001944	0.03747	0.03751	0.149	0.2182	0.2959	37190.0	32770.0	1.995	1.0
a3[1,139]	0.1533	0.0001622	0.03255	0.0324	0.09053	0.1529	0.2188	40010.0	25830.0	2.147	1.0
a3[1,140]	0.1403	0.0001249	0.02458	0.02448	0.09357	0.1398	0.1897	38770.0	31660.0	2.08	1.0
a3[1,141]	0.05713	0.0001074	0.02487	0.02439	0.01666	0.05469	0.1128	50360.0	26750.0	2.703	1.0
a3[1,142]	0.1449	0.0002285	0.04335	0.0431	0.06653	0.1427	0.2353	35150.0	26480.0	1.886	1.0
a3[1,143]	0.04514	9.796e-05	0.0205	0.01986	0.01225	0.0428	0.09153	41160.0	26040.0	2.209	1.0
a3[1,144]	0.09882	0.0002353	0.05109	0.05036	0.0191	0.09262	0.2139	42970.0	27010.0	2.306	1.0
a3[1,145]	0.02683	8.153e-05	0.0171	0.01609	0.003525	0.02363	0.06765	39590.0	26140.0	2.124	1.0
a3[1,146]	0.245	0.0002188	0.04585	0.04547	0.1587	0.2437	0.3384	43640.0	30560.0	2.341	1.0
a3[1,147]	0.1468	0.0003125	0.06387	0.0624	0.04563	0.1394	0.2916	40780.0	27220.0	2.188	1.0
a3[1,148]	0.1254	0.00044	0.07817	0.07192	0.02004	0.11	0.3167	30730.0	27240.0	1.649	1.0
a3[1,149]	0.05455	0.0001085	0.02419	0.02425	0.01432	0.05225	0.1078	44840.0	23160.0	2.406	1.0
a3[1,150]	0.09457	0.0003353	0.07051	0.05945	0.01026	0.07762	0.2736	53090.0	31080.0	2.849	1.0
a3[1,151]	0.1437	0.0001279	0.02989	0.02974	0.08588	0.1433	0.2037	54380.0	30390.0	2.918	1.0
a3[1,152]	0.08822	0.000181	0.04163	0.04158	0.02082	0.08374	0.1812	48880.0	27180.0	2.623	1.0
a3[1,153]	0.05487	0.0001776	0.03612	0.03321	0.007055	0.04787	0.1429	38390.0	25430.0	2.06	1.0
a3[1,154]	0.02514	5.586e-05	0.01237	0.0122	0.005833	0.02362	0.05309	46040.0	27780.0	2.471	1.0
a3[1,155]	0.04688	8.494e-05	0.02175	0.02159	0.0113	0.04472	0.09492	59960.0	26910.0	3.217	1.0
a3[1,156]	0.07379	0.0003352	0.05962	0.04588	0.007581	0.05788	0.2338	35670.0	29930.0	1.914	1.0
a3[1,157]	0.2583	0.0005626	0.1085	0.1092	0.0739	0.249	0.4937	35590.0	26580.0	1.91	1.0
a3[1,158]	0.123	0.0003836	0.08062	0.07306	0.01747	0.1063	0.3223	45900.0	28760.0	2.463	1.0
a3[1,159]	0.2411	0.000378	0.09022	0.09076	0.07166	0.2389	0.4256	54240.0	26000.0	2.91	1.0
a3[2,1]	0.08723	0.0001984	0.03968	0.0402	0.02279	0.08309	0.1748	37050.0	25150.0	1.988	1.0
a3[2,2]	0.2907	0.0002449	0.05014	0.05	0.1914	0.2908	0.3893	41940.0	31710.0	2.251	1.0
a3[2,3]	0.1588	0.0002904	0.05683	0.05795	0.05231	0.1574	0.273	36950.0	23350.0	1.983	1.0
a3[2,4]	0.235	0.0004429	0.09419	0.09664	0.06331	0.2327	0.4287	43340.0	26270.0	2.325	1.0
a3[2,5]	0.1356	0.000304	0.06913	0.06883	0.02702	0.1274	0.292	48900.0	29460.0	2.624	1.0
a3[2,6]	0.03816	8.592e-05	0.01699	0.01691	0.01062	0.03633	0.0762	36360.0	25520.0	1.951	1.0
a3[2,7]	0.03986	0.0001038	0.02357	0.02316	0.006077	0.03607	0.09526	47560.0	27590.0	2.552	1.0
a3[2,8]	0.1402	0.0001479	0.03259	0.0322	0.0761	0.1401	0.2051	48560.0	29120.0	2.606	1.0
a3[2,9]	0.1468	0.0001332	0.02713	0.02714	0.09439	0.1465	0.201	41450.0	32840.0	2.224	1.0
a3[2,10]	0.299	0.0001802	0.04177	0.04178	0.2188	0.2985	0.3821	53810.0	32810.0	2.887	1.0
a3[2,11]	0.1333	0.0002167	0.04355	0.04386	0.05413	0.1315	0.2235	38720.0	27070.0	2.078	1.0
a3[2,12]	0.08394	0.0001399	0.0293	0.02966	0.03176	0.08219	0.1459	42160.0	26590.0	2.262	1.0
a3[2,13]	0.05947	0.0001412	0.03076	0.03061	0.01229	0.05547	0.1292	43410.0	26030.0	2.33	1.0
a3[2,14]	0.1302	0.0002591	0.05328	0.05492	0.0329	0.1285	0.2396	40270.0	23590.0	2.161	1.0
a3[2,15]	0.1113	0.000199	0.04435	0.04478	0.03357	0.108	0.2059	46210.0	25170.0	2.48	1.0
a3[2,16]	0.1204	0.0002751	0.04772	0.04837	0.03841	0.1168	0.2229	28400.0	23730.0	1.524	1.0
a3[2,17]	0.06398	0.0001648	0.03531	0.03636	0.01008	0.0596	0.1424	40580.0	27420.0	2.177	1.0
a3[2,18]	0.08795	0.0001477	0.03282	0.0328	0.02746	0.08662	0.1558	46850.0	24830.0	2.514	1.0
a3[2,19]	0.1414	0.0002828	0.06031	0.06135	0.04023	0.1364	0.2724	43640.0	27730.0	2.342	1.0
a3[2,20]	0.268	0.0002287	0.05011	0.04955	0.1708	0.2675	0.3683	47840.0	28290.0	2.567	1.0
a3[2,21]	0.2206	0.0002859	0.06158	0.06154	0.09847	0.2211	0.3408	46530.0	25300.0	2.497	1.0
a3[2,22]	0.1362	0.0002795	0.05726	0.05659	0.04004	0.1309	0.2622	39010.0	24430.0	2.093	1.0
a3[2,23]	0.113	0.0003786	0.07702	0.06852	0.01432	0.09631	0.3035	42690.0	30130.0	2.291	1.0
a3[2,24]	0.08667	0.0001521	0.0336	0.0341	0.02686	0.08488	0.1567	46470.0	27760.0	2.494	1.0
a3[2,25]	0.1842	0.0002409	0.04991	0.04948	0.09192	0.1824	0.2879	42190.0	28520.0	2.264	1.0
a3[2,26]	0.1336	0.0001845	0.03443	0.03391	0.06884	0.1323	0.2047	34460.0	26620.0	1.849	1.0
a3[2,27]	0.2366	0.0001874	0.0362	0.03601	0.1686	0.2357	0.3098	37330.0	31710.0	2.003	1.0
a3[2,28]	0.09002	0.0001022	0.02354	0.02307	0.04741	0.08876	0.1392	52110.0	29640.0	2.796	1.0
a3[2,29]	0.07474	0.0001256	0.02943	0.03053	0.02148	0.07371	0.1349	51330.0	24460.0	2.754	1.0
a3[2,30]	0.1719	0.0002139	0.04289	0.04191	0.09073	0.1707	0.2598	39540.0	25840.0	2.122	1.0
a3[2,31]	0.1461	0.0003738	0.08475	0.08183	0.02399	0.1316	0.3467	52110.0	29310.0	2.796	1.0
a3[2,32]	0.1103	0.0002702	0.05892	0.05864	0.02031	0.1024	0.2451	43760.0	26340.0	2.348	1.0
a3[2,33]	0.1993	0.0001358	0.03018	0.02979	0.1424	0.1987	0.2607	49290.0	33120.0	2.645	1.0
a3[2,34]	0.0916	0.0002421	0.05549	0.05232	0.0138	0.08212	0.2238	51290.0	26670.0	2.752	1.0
a3[2,35]	0.1683	0.0002125	0.04924	0.04932	0.07241	0.1682	0.2652	53360.0	27050.0	2.863	1.0
a3[2,36]	0.04874	0.0001091	0.02558	0.02573	0.009012	0.04549	0.1062	49480.0	27310.0	2.655	1.0
a3[2,37]	0.1656	0.000281	0.05079	0.05106	0.06914	0.1641	0.2684	31950.0	23500.0	1.715	1.0
a3[2,38]	0.166	0.000187	0.04055	0.0405	0.086	0.1659	0.2448	47070.0	28240.0	2.526	1.0
a3[2,39]	0.1346	0.0001906	0.04167	0.04181	0.0589	0.1326	0.2213	46150.0	27260.0	2.476	1.0
a3[2,40]	0.2042	0.0001752	0.03369	0.03363	0.1398	0.2039	0.2714	37010.0	30820.0	1.986	1.0
a3[2,41]	0.1588	0.0004729	0.1019	0.09148	0.02324	0.1377	0.4107	50290.0	29750.0	2.699	1.0
a3[2,42]	0.06204	0.0001204	0.02793	0.02855	0.01444	0.06	0.1221	50550.0	29140.0	2.712	1.0
a3[2,43]	0.1902	0.0003384	0.06525	0.06634	0.0668	0.1887	0.3207	36140.0	23540.0	1.939	1.0
a3[2,44]	0.1094	0.0002649	0.06025	0.05869	0.02036	0.1005	0.2498	49240.0	29780.0	2.642	1.0
a3[2,45]	0.1724	0.0003046	0.05538	0.05527	0.0678	0.171	0.2856	32280.0	24730.0	1.732	1.0
a3[2,46]	0.06955	0.0001442	0.03475	0.03504	0.01459	0.0656	0.1476	53800.0	26920.0	2.887	1.0
a3[2,47]	0.2528	0.0001599	0.03517	0.03506	0.1859	0.2519	0.3236	48300.0	32930.0	2.592	1.0
a3[2,48]	0.1969	0.0005749	0.1152	0.1117	0.03349	0.1772	0.4696	40340.0	29230.0	2.165	1.0
a3[2,49]	0.1159	0.000355	0.07868	0.07105	0.01495	0.09883	0.3117	53880.0	28960.0	2.891	1.0
a3[2,50]	0.1357	0.0003401	0.0796	0.07699	0.0209	0.1234	0.3243	54470.0	29440.0	2.923	1.0
a3[2,51]	0.1554	0.0004969	0.1081	0.0962	0.01874	0.1302	0.4272	57710.0	29960.0	3.097	1.0
a3[2,52]	0.1616	0.0001683	0.03154	0.03143	0.1004	0.1614	0.2232	35060.0	27020.0	1.881	1.0
a3[2,53]	0.07518	0.0001318	0.02768	0.02793	0.02621	0.07365	0.134	41970.0	26180.0	2.252	1.0
a3[2,54]	0.1944	0.0004357	0.09833	0.09899	0.03614	0.1845	0.4124	48050.0	26840.0	2.579	1.0
a3[2,55]	0.122	0.0004341	0.08424	0.07678	0.01417	0.1038	0.3302	38290.0	30160.0	2.055	1.0
a3[2,56]	0.00748	1.94e-05	0.004775	0.004461	0.001037	0.006531	0.01897	59560.0	29650.0	3.196	1.0
a3[2,57]	0.205	0.0003023	0.07059	0.07047	0.07531	0.202	0.3521	52080.0	25780.0	2.795	1.0
a3[2,58]	0.1456	0.0002909	0.06468	0.06786	0.03339	0.1425	0.28	46440.0	25310.0	2.492	1.0
a3[2,59]	0.02683	8.863e-05	0.0187	0.01585	0.003501	0.0226	0.07399	46910.0	27670.0	2.517	1.0
a3[2,60]	0.2326	0.0002541	0.0504	0.05032	0.1401	0.2303	0.3368	39220.0	32150.0	2.104	1.0
a3[2,61]	0.1403	0.0002384	0.04451	0.04525	0.05653	0.1394	0.2288	33990.0	23740.0	1.824	1.0
a3[2,62]	0.1686	0.0001898	0.043	0.04305	0.08458	0.1686	0.2527	51330.0	25360.0	2.755	1.0
a3[2,63]	0.03371	8.389e-05	0.01939	0.01845	0.005662	0.03057	0.07966	52230.0	28440.0	2.803	1.0
a3[2,64]	0.04065	0.0001004	0.02488	0.02354	0.006311	0.03612	0.09978	61000.0	28970.0	3.273	1.0
a3[2,65]	0.2215	0.000611	0.131	0.1319	0.03123	0.2011	0.5252	45930.0	29230.0	2.464	1.0
a3[2,66]	0.07066	0.0001097	0.02632	0.0268	0.02267	0.06969	0.1252	54340.0	27550.0	2.916	1.0
a3[2,67]	0.01695	4.391e-05	0.01091	0.009823	0.002584	0.01471	0.04377	64810.0	29640.0	3.478	1.0
a3[2,68]	0.1138	0.0002105	0.04503	0.04558	0.03515	0.111	0.2092	42550.0	25500.0	2.283	1.0
a3[2,69]	0.09627	0.0001342	0.02922	0.02901	0.04306	0.09495	0.1574	46620.0	29380.0	2.502	1.0
a3[2,70]	0.1836	0.0003027	0.05148	0.05163	0.07915	0.1849	0.2818	29380.0	19840.0	1.576	1.0
a3[2,71]	0.1483	0.0002675	0.05089	0.05172	0.05281	0.1473	0.2504	35130.0	24490.0	1.885	1.0
a3[2,72]	0.04328	0.0001015	0.02358	0.02288	0.008279	0.03991	0.09888	51730.0	28350.0	2.776	1.0
a3[2,73]	0.007541	2.058e-05	0.004957	0.004556	0.001002	0.006522	0.01969	54730.0	28120.0	2.937	1.0
a3[2,74]	0.1076	0.0003364	0.07529	0.06475	0.01375	0.09013	0.2985	59400.0	28460.0	3.187	1.0
a3[2,75]	0.1497	0.000356	0.08375	0.08278	0.02361	0.1382	0.3421	52970.0	27110.0	2.843	1.0
a3[2,76]	0.1939	0.0004458	0.0993	0.09866	0.03877	0.1818	0.4221	47320.0	26610.0	2.539	1.0
a3[2,77]	0.2172	0.0005538	0.101	0.1018	0.05075	0.208	0.4379	31470.0	24820.0	1.688	1.0
a3[2,78]	0.1063	0.0003801	0.07998	0.0645	0.01256	0.08612	0.3142	58470.0	29090.0	3.138	1.0
a3[2,79]	0.08755	0.0002372	0.05205	0.05049	0.01329	0.07923	0.2106	45240.0	27230.0	2.428	1.0
a3[2,80]	0.09751	0.0001821	0.04094	0.04219	0.02644	0.0952	0.1832	46900.0	25790.0	2.517	1.0
a3[2,81]	0.05826	0.0001149	0.02822	0.02912	0.01255	0.05559	0.1198	54980.0	27460.0	2.95	0.9999
a3[2,82]	0.1745	0.0002629	0.05841	0.05817	0.06721	0.1722	0.2952	47420.0	25380.0	2.545	1.0
a3[2,83]	0.04232	0.0001168	0.02565	0.02525	0.005826	0.03796	0.1025	43690.0	27510.0	2.344	1.0
a3[2,84]	0.2418	0.0002351	0.04838	0.04805	0.1533	0.2398	0.3423	42370.0	30430.0	2.274	1.0
a3[2,85]	0.1657	0.0001942	0.04466	0.04452	0.07817	0.1655	0.2536	52520.0	24960.0	2.818	1.0
a3[2,86]	0.2709	0.0002994	0.05859	0.05852	0.1575	0.2706	0.388	38140.0	27580.0	2.047	1.0
a3[2,87]	0.1628	0.0002271	0.04698	0.04726	0.0733	0.162	0.2568	41940.0	25820.0	2.251	1.0
a3[2,88]	0.2913	0.0002723	0.06461	0.06414	0.1634	0.2916	0.4169	56500.0	27940.0	3.032	1.0
a3[2,89]	0.1063	0.0001965	0.04065	0.04041	0.03581	0.1033	0.193	40270.0	25680.0	2.161	1.0
a3[2,90]	0.04963	0.0001224	0.02876	0.02737	0.008569	0.04487	0.1188	53450.0	29290.0	2.868	1.0
a3[2,91]	0.1088	0.0002538	0.06161	0.0603	0.01751	0.09969	0.2513	56060.0	28630.0	3.008	1.0
a3[2,92]	0.08599	0.0002087	0.04793	0.04681	0.0149	0.0788	0.1976	49650.0	28580.0	2.664	1.0
a3[2,93]	0.04012	0.0001134	0.02566	0.02356	0.005816	0.03509	0.1028	49100.0	27180.0	2.635	1.0
a3[2,94]	0.1652	0.0001828	0.03888	0.03909	0.08948	0.1652	0.2415	45110.0	27490.0	2.421	1.0
a3[2,95]	0.195	0.0001597	0.03178	0.03163	0.133	0.1948	0.2579	39600.0	29350.0	2.125	1.0
a3[2,96]	0.05469	0.0001512	0.03556	0.03298	0.007395	0.04776	0.1416	54460.0	28120.0	2.922	1.0
a3[2,97]	0.2017	0.000258	0.05396	0.05416	0.1003	0.2001	0.3121	42930.0	27390.0	2.304	1.0
a3[2,98]	0.2546	0.00032	0.06918	0.06899	0.1184	0.2552	0.3901	46870.0	26560.0	2.515	1.0
a3[2,99]	0.08746	0.0002131	0.05191	0.0502	0.01388	0.07882	0.2098	57030.0	27220.0	3.06	1.0
a3[2,100]	0.02241	5.987e-05	0.01414	0.01276	0.00346	0.01965	0.05699	57510.0	30250.0	3.086	1.0
a3[2,101]	0.03654	0.0001071	0.02376	0.02136	0.005335	0.03165	0.09559	49600.0	28740.0	2.662	1.0
a3[2,102]	0.1492	0.0002053	0.04561	0.04557	0.06369	0.148	0.2425	48070.0	28600.0	2.58	0.9999
a3[2,103]	0.1109	0.0002014	0.04431	0.04538	0.03299	0.1085	0.2045	45920.0	28500.0	2.464	1.0
a3[2,104]	0.1972	0.000203	0.04316	0.04268	0.1168	0.1959	0.2864	44870.0	29210.0	2.408	1.0
a3[2,105]	0.1917	0.0002746	0.05433	0.05421	0.08547	0.1913	0.2984	38980.0	27130.0	2.092	1.0
a3[2,106]	0.09876	0.0003896	0.07637	0.05934	0.01155	0.07923	0.2998	51950.0	27670.0	2.788	1.0
a3[2,107]	0.02879	8.288e-05	0.01854	0.01749	0.003774	0.02508	0.07331	45850.0	28070.0	2.46	1.0
a3[2,108]	0.1016	0.0001996	0.04556	0.04693	0.02344	0.09847	0.1985	47860.0	25600.0	2.568	1.0
a3[2,109]	0.1105	0.0001856	0.03999	0.04061	0.03765	0.109	0.1931	44600.0	28200.0	2.393	1.0
a3[2,110]	0.1822	0.0002819	0.05126	0.05108	0.08411	0.1813	0.284	32600.0	24370.0	1.749	1.0
a3[2,111]	0.2332	0.0001724	0.04429	0.04375	0.1468	0.2332	0.3203	65860.0	29940.0	3.534	1.0
a3[2,112]	0.1147	0.0001364	0.03045	0.03055	0.05623	0.1143	0.1753	49060.0	28240.0	2.632	1.0
a3[2,113]	0.136	0.0001939	0.04208	0.04188	0.05707	0.1348	0.2228	45560.0	24970.0	2.445	1.0
a3[2,114]	0.03479	9.035e-05	0.02222	0.02044	0.004902	0.03044	0.08937	58880.0	26860.0	3.159	1.0
a3[2,115]	0.1318	0.000233	0.04752	0.0487	0.04223	0.131	0.2265	39920.0	23830.0	2.142	1.0
a3[2,116]	0.1318	0.0001984	0.03975	0.0399	0.05761	0.1308	0.2126	39090.0	23850.0	2.097	1.0
a3[2,117]	0.1087	0.0001912	0.04134	0.04223	0.03489	0.1069	0.1945	43810.0	24090.0	2.351	1.0
a3[2,118]	0.09774	0.0001682	0.03688	0.03693	0.03025	0.09627	0.1747	46120.0	26620.0	2.475	1.0
a3[2,119]	0.1465	0.0003616	0.08008	0.07879	0.02608	0.1352	0.332	47900.0	27970.0	2.57	1.0
a3[2,120]	0.135	0.0002266	0.04114	0.04136	0.0546	0.135	0.216	32720.0	23940.0	1.756	1.0
a3[2,121]	0.08398	0.0002625	0.05523	0.05018	0.01103	0.07259	0.2192	43590.0	28650.0	2.339	1.0
a3[2,122]	0.2475	0.0003915	0.0825	0.08197	0.0981	0.243	0.4225	43510.0	28940.0	2.335	1.0
a3[2,123]	0.1103	0.0002639	0.05927	0.05725	0.02005	0.1023	0.246	47820.0	26820.0	2.566	1.0
a3[2,124]	0.06325	0.0001436	0.02932	0.03005	0.01348	0.06114	0.1266	37890.0	24060.0	2.033	1.0
a3[2,125]	0.1492	0.0001304	0.02949	0.02937	0.09255	0.1487	0.2084	51000.0	32400.0	2.737	1.0
a3[2,126]	0.1835	0.0002385	0.05028	0.04963	0.08814	0.1818	0.2875	43480.0	24850.0	2.333	1.0
a3[2,127]	0.1173	0.0003887	0.07885	0.06961	0.01604	0.09998	0.3155	45220.0	30800.0	2.426	1.0
a3[2,128]	0.2176	0.0002917	0.05299	0.05284	0.1121	0.2181	0.3203	33230.0	23300.0	1.783	1.0
a3[2,129]	0.1308	0.0002033	0.04626	0.0467	0.04518	0.1295	0.2253	49690.0	27070.0	2.667	1.0
a3[2,130]	0.2608	0.0002398	0.04658	0.04636	0.1701	0.2608	0.3524	37690.0	30160.0	2.022	1.0
a3[2,131]	0.3295	0.0006757	0.1233	0.1275	0.1068	0.3234	0.5829	32420.0	24880.0	1.74	1.0
a3[2,132]	0.09011	0.000309	0.06612	0.05516	0.01091	0.07402	0.2592	56170.0	30250.0	3.014	1.0
a3[2,133]	0.09427	0.0003418	0.06536	0.05461	0.01376	0.07892	0.2606	39730.0	30840.0	2.132	1.0
a3[2,134]	0.1611	0.0001722	0.03251	0.03221	0.09891	0.1606	0.2267	35240.0	24680.0	1.891	1.0
a3[2,135]	0.02865	9.808e-05	0.02071	0.0175	0.003391	0.02373	0.08107	47910.0	29930.0	2.571	1.0
a3[2,136]	0.1093	0.0002084	0.0422	0.04342	0.0324	0.1079	0.1955	39070.0	24380.0	2.096	1.0
a3[2,137]	0.1078	0.0002832	0.06017	0.06015	0.01716	0.09974	0.2445	42860.0	28690.0	2.3	1.0
a3[2,138]	0.1752	0.0001947	0.03692	0.03696	0.1046	0.1744	0.249	35800.0	28530.0	1.921	1.0
a3[2,139]	0.1466	0.0001887	0.03698	0.03638	0.07633	0.1458	0.2222	37760.0	25970.0	2.026	1.0
a3[2,140]	0.08967	0.0001485	0.02721	0.02734	0.03944	0.08846	0.146	32580.0	25390.0	1.748	1.0
a3[2,141]	0.1702	0.0003673	0.06528	0.06563	0.05061	0.1674	0.3057	29930.0	20820.0	1.606	1.0
a3[2,142]	0.1454	0.0001862	0.03783	0.03809	0.07229	0.1451	0.2203	41010.0	28040.0	2.201	1.0
a3[2,143]	0.1194	0.0001823	0.03569	0.03536	0.04909	0.1193	0.1901	37910.0	22200.0	2.034	1.0
a3[2,144]	0.08684	0.0001732	0.04177	0.04224	0.0201	0.08239	0.1792	50190.0	26630.0	2.693	1.0
a3[2,145]	0.02182	5.391e-05	0.01233	0.01195	0.003665	0.01991	0.05046	49270.0	29710.0	2.644	1.0
a3[2,146]	0.2049	0.0002447	0.04843	0.04815	0.115	0.2032	0.3041	38620.0	27770.0	2.072	1.0
a3[2,147]	0.3024	0.00039	0.0803	0.07948	0.1485	0.3009	0.4646	42040.0	27010.0	2.256	1.0
a3[2,148]	0.1146	0.0001974	0.04514	0.04572	0.0337	0.1127	0.2093	49840.0	25920.0	2.675	1.0
a3[2,149]	0.1257	0.0002166	0.04032	0.0406	0.04882	0.1251	0.2073	33960.0	23260.0	1.822	1.0
a3[2,150]	0.1221	0.000419	0.08885	0.07739	0.01361	0.1009	0.3459	49520.0	30160.0	2.657	1.0
a3[2,151]	0.1306	0.0002335	0.04459	0.04577	0.04942	0.1289	0.2224	34570.0	23400.0	1.855	1.0
a3[2,152]	0.137	0.000317	0.06456	0.0659	0.03035	0.1316	0.2782	38620.0	26350.0	2.073	0.9999
a3[2,153]	0.04773	0.0001146	0.02765	0.02687	0.007803	0.04335	0.1129	54540.0	26870.0	2.926	1.0
a3[2,154]	0.07807	0.0001867	0.03468	0.03602	0.0175	0.07606	0.1503	32080.0	22810.0	1.722	1.0
a3[2,155]	0.0662	0.0001888	0.03848	0.03746	0.0111	0.05996	0.1566	37460.0	26930.0	2.01	1.0
a3[2,156]	0.05437	0.000118	0.0295	0.02978	0.009296	0.05052	0.121	57540.0	28060.0	3.088	0.9999
a3[2,157]	0.2485	0.0003163	0.07187	0.07118	0.1137	0.2461	0.397	50760.0	29120.0	2.724	1.0
a3[2,158]	0.1579	0.000381	0.08654	0.08487	0.02797	0.1451	0.3572	48970.0	28480.0	2.628	1.0
a3[2,159]	0.2138	0.0006017	0.1152	0.1128	0.04369	0.1961	0.4815	36620.0	28640.0	1.965	1.0
a4[1,1]	0.318	0.0004209	0.07158	0.07039	0.1939	0.3126	0.4746	28780.0	29380.0	1.545	1.0
a4[1,2]	0.4375	0.000436	0.08168	0.08257	0.2873	0.4342	0.6056	35270.0	30080.0	1.893	1.0
a4[1,3]	0.2781	0.0004517	0.07575	0.07573	0.1501	0.2713	0.4433	27970.0	30170.0	1.501	1.0
a4[1,4]	0.251	0.0003563	0.0672	0.06655	0.1324	0.2463	0.3947	35740.0	30540.0	1.918	1.0
a4[1,5]	0.1394	0.0002391	0.04009	0.03931	0.0707	0.136	0.2265	28160.0	30660.0	1.511	1.0
a4[1,6]	0.1884	0.0003292	0.05413	0.05207	0.1004	0.1828	0.3114	27570.0	28300.0	1.479	1.0
a4[1,7]	0.3172	0.0004042	0.07391	0.07369	0.1848	0.313	0.4732	33390.0	30090.0	1.792	1.0
a4[1,8]	0.3917	0.000429	0.07908	0.07941	0.248	0.3885	0.5561	34090.0	31040.0	1.829	1.0
a4[1,9]	0.2921	0.0003708	0.0662	0.06553	0.1773	0.2871	0.4358	32260.0	30670.0	1.731	1.0
a4[1,10]	0.3621	0.0004255	0.07483	0.07419	0.2285	0.357	0.5212	31140.0	30220.0	1.671	1.0
a4[1,11]	0.2935	0.0003327	0.06518	0.06446	0.1777	0.289	0.4326	38630.0	31090.0	2.073	1.0
a4[1,12]	0.3866	0.0004046	0.07684	0.07672	0.2461	0.3834	0.5462	36120.0	31740.0	1.938	1.0
a4[1,13]	0.3511	0.0003829	0.07654	0.07618	0.2151	0.3463	0.5146	40400.0	30920.0	2.168	1.0
a4[1,14]	0.2777	0.0003723	0.0688	0.06755	0.1592	0.2721	0.4272	34090.0	30820.0	1.829	1.0
a4[1,15]	0.3026	0.0003551	0.06475	0.0644	0.1878	0.2983	0.4413	33540.0	30090.0	1.8	1.0
a4[1,16]	0.398	0.0003483	0.06896	0.06826	0.2721	0.3946	0.542	39800.0	32610.0	2.136	1.0
a4[1,17]	0.391	0.0003712	0.07286	0.07287	0.2586	0.3873	0.5434	38700.0	31450.0	2.077	1.0
a4[1,18]	0.3582	0.0003526	0.06767	0.06723	0.2374	0.3541	0.5026	37480.0	29820.0	2.011	1.0
a4[1,19]	0.2248	0.000289	0.05261	0.05164	0.135	0.2203	0.3404	33440.0	30930.0	1.794	1.0
a4[1,20]	0.4079	0.0004351	0.08411	0.08515	0.2551	0.4041	0.5832	37500.0	31130.0	2.012	1.0
a4[1,21]	0.3201	0.0003992	0.0698	0.06975	0.1964	0.3157	0.4684	30780.0	31590.0	1.652	1.0
a4[1,22]	0.2916	0.000362	0.06346	0.06296	0.1805	0.2869	0.4273	31180.0	30260.0	1.673	1.0
a4[1,23]	0.3857	0.0003927	0.08222	0.08278	0.2381	0.3815	0.5582	44150.0	30240.0	2.369	1.0
a4[1,24]	0.3124	0.0003254	0.0625	0.06201	0.2016	0.3088	0.4448	37120.0	31950.0	1.992	1.0
a4[1,25]	0.3154	0.000376	0.06631	0.06577	0.1964	0.3115	0.4561	31180.0	30030.0	1.673	1.0
a4[1,26]	0.306	0.000362	0.0664	0.06582	0.1866	0.3024	0.448	34300.0	29500.0	1.84	1.0
a4[1,27]	0.3331	0.0004591	0.08012	0.07942	0.1942	0.3268	0.5048	30740.0	30320.0	1.649	1.0
a4[1,28]	0.3802	0.0003081	0.06604	0.06563	0.264	0.3756	0.5222	47510.0	31490.0	2.549	1.0
a4[1,29]	0.3604	0.0003781	0.06828	0.06814	0.2365	0.3571	0.5027	33200.0	31100.0	1.781	1.0
a4[1,30]	0.4159	0.0004194	0.07485	0.075	0.2782	0.4131	0.5718	31840.0	29210.0	1.709	1.0
a4[1,31]	0.1542	0.000257	0.04865	0.04768	0.07145	0.1498	0.2601	36620.0	31060.0	1.965	1.0
a4[1,32]	0.2778	0.0002943	0.05915	0.05835	0.1713	0.2741	0.403	40900.0	30070.0	2.195	1.0
a4[1,33]	0.3733	0.000315	0.06508	0.06459	0.2544	0.3703	0.5078	43070.0	31890.0	2.311	1.0
a4[1,34]	0.2297	0.0002613	0.05291	0.05205	0.1363	0.226	0.3425	41660.0	30420.0	2.236	1.0
a4[1,35]	0.2596	0.0003539	0.06778	0.06695	0.1425	0.2544	0.4078	37420.0	30340.0	2.008	1.0
a4[1,36]	0.3756	0.0005238	0.08402	0.08437	0.2242	0.3712	0.5532	25530.0	27740.0	1.37	1.0
a4[1,37]	0.3247	0.0004084	0.07118	0.07023	0.1994	0.3197	0.4777	30640.0	30110.0	1.644	1.0
a4[1,38]	0.4236	0.0004399	0.07299	0.07285	0.2892	0.4203	0.5768	27590.0	30100.0	1.481	1.0
a4[1,39]	0.223	0.0002773	0.04921	0.04859	0.1364	0.2197	0.328	31520.0	30920.0	1.691	1.0
a4[1,40]	0.4344	0.0004098	0.0787	0.0785	0.2918	0.4302	0.5993	36960.0	30520.0	1.983	1.0
a4[1,41]	0.2008	0.0002933	0.06208	0.06088	0.0945	0.1959	0.3372	45630.0	30200.0	2.449	1.0
a4[1,42]	0.4204	0.0004189	0.08049	0.081	0.2735	0.4166	0.5875	37180.0	30160.0	1.995	1.0
a4[1,43]	0.3645	0.0004283	0.0771	0.07736	0.2256	0.3601	0.5265	32490.0	30510.0	1.743	1.0
a4[1,44]	0.3742	0.0005309	0.09821	0.09811	0.2027	0.367	0.5846	35040.0	29290.0	1.88	1.0
a4[1,45]	0.3065	0.0003474	0.06327	0.06263	0.1945	0.3022	0.4419	33360.0	30240.0	1.79	1.0
a4[1,46]	0.2992	0.0003197	0.0615	0.06138	0.1882	0.2963	0.4284	37060.0	31870.0	1.989	1.0
a4[1,47]	0.3478	0.0004175	0.07064	0.07067	0.2204	0.3441	0.4956	28700.0	29000.0	1.54	1.0
a4[1,48]	0.2788	0.0002586	0.05897	0.05832	0.1758	0.2746	0.4062	52820.0	32420.0	2.835	1.0
a4[1,49]	0.167	0.0002722	0.05244	0.05132	0.07888	0.1619	0.2831	37630.0	30920.0	2.019	1.0
a4[1,50]	0.2099	0.0003629	0.07	0.06732	0.09502	0.2024	0.3677	38360.0	29160.0	2.058	1.0
a4[1,51]	0.2566	0.0002738	0.06637	0.06486	0.1407	0.2517	0.3986	60400.0	31180.0	3.241	1.0
a4[1,52]	0.3988	0.0003726	0.07676	0.07569	0.2639	0.3935	0.5647	43880.0	30140.0	2.354	1.0
a4[1,53]	0.3092	0.0004059	0.07004	0.06922	0.1851	0.3043	0.4596	29670.0	30100.0	1.592	1.0
a4[1,54]	0.2493	0.0003782	0.07284	0.07067	0.125	0.2428	0.41	38000.0	28820.0	2.039	1.0
a4[1,55]	0.4027	0.0003814	0.07219	0.07178	0.2706	0.399	0.5534	35790.0	30260.0	1.921	1.0
a4[1,56]	0.4234	0.0004694	0.09789	0.09889	0.2441	0.4191	0.6256	43610.0	30440.0	2.34	1.0
a4[1,57]	0.4329	0.0003617	0.07575	0.0756	0.2929	0.4299	0.59	44240.0	31310.0	2.374	1.0
a4[1,58]	0.3947	0.0004163	0.07945	0.07924	0.2518	0.3903	0.5619	37020.0	29550.0	1.986	1.0
a4[1,59]	0.306	0.0003302	0.06508	0.06382	0.1911	0.3015	0.4457	39540.0	30990.0	2.122	1.0
a4[1,60]	0.3923	0.0004647	0.08048	0.08107	0.2498	0.3878	0.5626	29800.0	31300.0	1.599	1.0
a4[1,61]	0.3543	0.0004823	0.08166	0.08125	0.211	0.3488	0.5298	28690.0	30460.0	1.539	1.0
a4[1,62]	0.2675	0.0003198	0.06008	0.05944	0.1603	0.264	0.3945	35190.0	28920.0	1.888	1.0
a4[1,63]	0.3184	0.0004352	0.07229	0.07203	0.1917	0.3132	0.4745	27630.0	30850.0	1.483	1.0
a4[1,64]	0.3152	0.0003623	0.0711	0.07096	0.1888	0.311	0.4669	38920.0	31650.0	2.088	1.0
a4[1,65]	0.2395	0.0004294	0.08272	0.08127	0.1026	0.231	0.4228	38180.0	31080.0	2.049	1.0
a4[1,66]	0.3515	0.0004032	0.07851	0.07857	0.2102	0.3473	0.519	38280.0	31260.0	2.054	1.0
a4[1,67]	0.3472	0.0003881	0.08068	0.0792	0.2038	0.3422	0.5176	43740.0	30780.0	2.347	1.0
a4[1,68]	0.3095	0.0003668	0.06576	0.06467	0.1934	0.3052	0.4515	32220.0	31120.0	1.729	1.0
a4[1,69]	0.2504	0.0003986	0.06862	0.06785	0.132	0.2447	0.3981	29460.0	29360.0	1.581	1.0
a4[1,70]	0.3472	0.0003143	0.06632	0.06633	0.2261	0.3446	0.4849	44430.0	32400.0	2.384	1.0
a4[1,71]	0.3888	0.0003316	0.06498	0.06455	0.271	0.3857	0.5247	38900.0	31950.0	2.087	1.0
a4[1,72]	0.3032	0.0003445	0.06255	0.06223	0.1924	0.2993	0.4353	32970.0	31650.0	1.769	1.0
a4[1,73]	0.5067	0.0004551	0.09419	0.09494	0.3249	0.5058	0.6932	42760.0	29030.0	2.295	1.0
a4[1,74]	0.1457	0.0002292	0.04524	0.04423	0.06887	0.1417	0.2463	39850.0	29460.0	2.138	1.0
a4[1,75]	0.2227	0.0003268	0.06559	0.06349	0.1114	0.2168	0.3676	41590.0	29810.0	2.232	1.0
a4[1,76]	0.2354	0.0003168	0.06415	0.06367	0.1224	0.2314	0.3728	40590.0	31050.0	2.178	1.0
a4[1,77]	0.3076	0.000463	0.07389	0.07378	0.1789	0.3022	0.4657	25480.0	29090.0	1.367	1.0
a4[1,78]	0.1073	0.000187	0.0369	0.03617	0.04637	0.1037	0.1898	40000.0	29010.0	2.147	1.0
a4[1,79]	0.3522	0.0004147	0.07429	0.07391	0.2187	0.3481	0.5089	32060.0	30930.0	1.72	1.0
a4[1,80]	0.3157	0.0003447	0.06146	0.06103	0.2059	0.3123	0.4457	32100.0	30080.0	1.722	1.0
a4[1,81]	0.3588	0.0004094	0.07894	0.07871	0.2168	0.3544	0.5242	37660.0	30670.0	2.021	1.0
a4[1,82]	0.298	0.0003477	0.06572	0.06471	0.1812	0.2937	0.4385	35820.0	31870.0	1.922	1.0
a4[1,83]	0.4211	0.00045	0.07936	0.07826	0.2786	0.4162	0.59	31120.0	30590.0	1.67	1.0
a4[1,84]	0.3708	0.0004137	0.07089	0.07141	0.2423	0.3675	0.5184	29490.0	29580.0	1.582	1.0
a4[1,85]	0.2771	0.0003054	0.05808	0.05721	0.1755	0.2729	0.4017	36690.0	30430.0	1.969	1.0
a4[1,86]	0.3757	0.0004299	0.07784	0.07804	0.2363	0.3719	0.5394	32960.0	31000.0	1.769	1.0
a4[1,87]	0.3011	0.0003145	0.05941	0.05875	0.1935	0.2978	0.4265	35440.0	31530.0	1.902	1.0
a4[1,88]	0.3604	0.0003749	0.06953	0.06982	0.2332	0.3576	0.5033	34530.0	31280.0	1.853	1.0
a4[1,89]	0.3061	0.0003648	0.06317	0.06299	0.1934	0.3026	0.4399	30160.0	30940.0	1.619	1.0
a4[1,90]	0.3594	0.0004193	0.07731	0.07762	0.2212	0.3549	0.5211	34070.0	31350.0	1.828	1.0
a4[1,91]	0.2558	0.0004663	0.08473	0.08312	0.1158	0.2468	0.4453	33990.0	29430.0	1.824	1.0
a4[1,92]	0.2873	0.0003375	0.06354	0.06319	0.1755	0.2829	0.4231	35930.0	30090.0	1.928	1.0
a4[1,93]	0.3484	0.0005483	0.09511	0.09538	0.1782	0.3433	0.5483	29920.0	29270.0	1.606	1.0
a4[1,94]	0.346	0.0003837	0.07157	0.07117	0.2164	0.3423	0.4962	34870.0	31900.0	1.871	1.0
a4[1,95]	0.2454	0.0003207	0.05682	0.05598	0.147	0.2409	0.3696	31740.0	29450.0	1.703	1.0
a4[1,96]	0.3959	0.0004674	0.09396	0.09464	0.2259	0.3914	0.592	40700.0	30500.0	2.184	1.0
a4[1,97]	0.3493	0.0004284	0.07934	0.07902	0.2079	0.3448	0.516	34380.0	29790.0	1.845	1.0
a4[1,98]	0.3217	0.000385	0.07042	0.06972	0.1987	0.3164	0.4732	34110.0	29660.0	1.83	1.0
a4[1,99]	0.3312	0.0004131	0.08068	0.08042	0.1878	0.3265	0.5024	38210.0	31420.0	2.05	1.0
a4[1,100]	0.1517	0.0002669	0.04125	0.04056	0.08042	0.1485	0.241	24360.0	24720.0	1.307	1.0
a4[1,101]	0.2672	0.0004173	0.06953	0.06896	0.1483	0.2609	0.4202	27920.0	29110.0	1.498	1.0
a4[1,102]	0.3139	0.0003311	0.06117	0.06123	0.2033	0.3108	0.4424	34170.0	32350.0	1.834	1.0
a4[1,103]	0.2922	0.0003593	0.06571	0.06488	0.175	0.2884	0.4302	33360.0	30840.0	1.79	1.0
a4[1,104]	0.255	0.000327	0.05536	0.05529	0.157	0.2514	0.3727	28640.0	31770.0	1.537	1.0
a4[1,105]	0.3587	0.0004591	0.08985	0.09037	0.1955	0.3544	0.547	38360.0	30170.0	2.058	1.0
a4[1,106]	0.3335	0.0004539	0.1022	0.1027	0.1544	0.327	0.5517	51040.0	29660.0	2.739	1.0
a4[1,107]	0.4616	0.0005416	0.08935	0.08953	0.2993	0.4564	0.6491	27430.0	27930.0	1.472	1.0
a4[1,108]	0.3189	0.0003559	0.07142	0.07111	0.1934	0.3137	0.4722	40610.0	31790.0	2.179	1.0
a4[1,109]	0.3657	0.0004107	0.0766	0.07656	0.2282	0.3613	0.5279	35040.0	30100.0	1.88	1.0
a4[1,110]	0.3961	0.0004119	0.07463	0.07484	0.2616	0.3921	0.5531	32990.0	30740.0	1.77	1.0
a4[1,111]	0.41	0.0003532	0.0712	0.07089	0.2791	0.407	0.5585	40780.0	31200.0	2.188	1.0
a4[1,112]	0.3368	0.0003242	0.06282	0.06253	0.2238	0.3334	0.4686	37850.0	32000.0	2.031	1.0
a4[1,113]	0.3262	0.000436	0.07681	0.07699	0.1878	0.3225	0.488	30860.0	27670.0	1.656	1.0
a4[1,114]	0.3243	0.000311	0.06516	0.06523	0.2087	0.3203	0.4628	44260.0	30960.0	2.375	1.0
a4[1,115]	0.3807	0.0003616	0.07315	0.07334	0.2459	0.3773	0.5318	41060.0	29990.0	2.203	1.0
a4[1,116]	0.3062	0.000354	0.06425	0.06365	0.1932	0.3018	0.4431	33110.0	30370.0	1.777	1.0
a4[1,117]	0.1835	0.0002555	0.04601	0.04595	0.1002	0.1809	0.28	32180.0	29470.0	1.727	1.0
a4[1,118]	0.3508	0.0003888	0.07912	0.07962	0.2075	0.3465	0.517	41930.0	31500.0	2.25	1.0
a4[1,119]	0.2656	0.000355	0.06967	0.0698	0.1418	0.2616	0.413	38740.0	30350.0	2.079	1.0
a4[1,120]	0.4028	0.0003917	0.07898	0.07921	0.258	0.3992	0.5668	41040.0	31870.0	2.202	1.0
a4[1,121]	0.2292	0.0002765	0.04886	0.04863	0.142	0.2263	0.3334	30850.0	31060.0	1.656	1.0
a4[1,122]	0.275	0.0003417	0.06684	0.06566	0.1589	0.2704	0.4193	38400.0	31410.0	2.06	1.0
a4[1,123]	0.3797	0.0004619	0.08804	0.08863	0.2198	0.3757	0.5622	36300.0	30980.0	1.948	1.0
a4[1,124]	0.2839	0.0003767	0.07034	0.06984	0.1613	0.279	0.4357	35110.0	30180.0	1.884	1.0
a4[1,125]	0.4101	0.0003967	0.07377	0.07336	0.2781	0.4058	0.5672	34840.0	30560.0	1.869	1.0
a4[1,126]	0.2961	0.0002861	0.05483	0.05508	0.1967	0.2934	0.4109	36760.0	32580.0	1.972	1.0
a4[1,127]	0.2991	0.0003435	0.07419	0.07385	0.1671	0.295	0.4568	47410.0	31330.0	2.544	1.0
a4[1,128]	0.3402	0.0003976	0.07304	0.07256	0.2103	0.3359	0.4961	33950.0	30230.0	1.822	1.0
a4[1,129]	0.4003	0.0004877	0.0868	0.08782	0.2437	0.3962	0.5815	31750.0	29130.0	1.704	1.0
a4[1,130]	0.33	0.0003926	0.06758	0.06674	0.2095	0.3262	0.4737	29790.0	31410.0	1.599	1.0
a4[1,131]	0.3124	0.0004314	0.06762	0.06649	0.1917	0.3081	0.4561	24460.0	29250.0	1.312	1.0
a4[1,132]	0.3304	0.0004445	0.09681	0.09681	0.1587	0.3239	0.5367	49250.0	30260.0	2.643	1.0
a4[1,133]	0.3716	0.0004072	0.08623	0.08649	0.217	0.3661	0.5542	45490.0	30840.0	2.441	1.0
a4[1,134]	0.4103	0.0004457	0.07983	0.07946	0.2699	0.4048	0.5811	32620.0	28830.0	1.75	1.0
a4[1,135]	0.3747	0.0004192	0.07727	0.07774	0.2355	0.3703	0.5367	34170.0	31410.0	1.834	1.0
a4[1,136]	0.324	0.0005344	0.08127	0.08094	0.1817	0.3179	0.4996	22830.0	28680.0	1.225	1.0
a4[1,137]	0.3557	0.0004991	0.09177	0.09239	0.1927	0.3501	0.5497	34080.0	30160.0	1.829	1.0
a4[1,138]	0.347	0.0004123	0.07123	0.07087	0.2216	0.3421	0.4994	30300.0	30160.0	1.626	1.0
a4[1,139]	0.2626	0.0003448	0.06004	0.05885	0.1594	0.2573	0.3933	30770.0	31330.0	1.651	1.0
a4[1,140]	0.3752	0.0003861	0.07313	0.07281	0.243	0.3713	0.5287	35940.0	30730.0	1.929	1.0
a4[1,141]	0.4613	0.0004915	0.09079	0.09208	0.2931	0.4583	0.6468	34200.0	29680.0	1.835	1.0
a4[1,142]	0.2582	0.0003482	0.05729	0.05618	0.1592	0.2533	0.3836	27100.0	30750.0	1.454	1.0
a4[1,143]	0.2834	0.0003594	0.07113	0.07043	0.1595	0.2778	0.4376	39850.0	29580.0	2.138	1.0
a4[1,144]	0.3175	0.0003585	0.0652	0.06472	0.1984	0.3143	0.4542	33160.0	29000.0	1.78	1.0
a4[1,145]	0.3312	0.0004062	0.07334	0.07309	0.2	0.3273	0.4868	32510.0	30160.0	1.745	1.0
a4[1,146]	0.3502	0.0003974	0.07461	0.07484	0.2154	0.3461	0.5062	35360.0	31140.0	1.897	1.0
a4[1,147]	0.3113	0.0002586	0.05497	0.0535	0.2144	0.3074	0.4296	47180.0	29090.0	2.532	1.0
a4[1,148]	0.2892	0.0003239	0.06508	0.06407	0.174	0.2852	0.4286	40840.0	31690.0	2.191	1.0
a4[1,149]	0.4308	0.0004534	0.08584	0.08484	0.2803	0.4244	0.6158	36720.0	28810.0	1.97	1.0
a4[1,150]	0.2712	0.0003855	0.08179	0.0807	0.1308	0.2647	0.4501	46240.0	30200.0	2.481	1.0
a4[1,151]	0.389	0.0003822	0.07217	0.07138	0.2584	0.3844	0.5421	35570.0	31140.0	1.909	1.0
a4[1,152]	0.3783	0.0004223	0.07707	0.07669	0.2435	0.373	0.5433	33730.0	30680.0	1.81	1.0
a4[1,153]	0.2226	0.0003378	0.05213	0.05131	0.1335	0.2184	0.3356	23840.0	28970.0	1.279	1.0
a4[1,154]	0.3668	0.0004433	0.0791	0.07833	0.2288	0.3614	0.5368	32400.0	29060.0	1.739	1.0
a4[1,155]	0.3264	0.0004372	0.07209	0.07168	0.2013	0.3215	0.4809	27090.0	30490.0	1.454	1.0
a4[1,156]	0.3317	0.0005406	0.09713	0.09789	0.1603	0.3259	0.5379	31990.0	29840.0	1.717	1.0
a4[1,157]	0.233	0.0002688	0.05589	0.05507	0.1355	0.229	0.3539	43490.0	32530.0	2.334	1.0
a4[1,158]	0.3102	0.0004003	0.07171	0.07142	0.1826	0.3059	0.4624	32850.0	28710.0	1.763	1.0
a4[1,159]	0.3653	0.0003693	0.07772	0.07693	0.2259	0.3607	0.5298	44800.0	31480.0	2.404	1.0
a4[2,1]	0.4062	0.0003556	0.07007	0.07028	0.2789	0.4028	0.5524	39260.0	30450.0	2.107	1.0
a4[2,2]	0.4593	0.0004017	0.07679	0.07675	0.3152	0.4566	0.617	36670.0	31770.0	1.967	1.0
a4[2,3]	0.3653	0.0004573	0.08292	0.08258	0.2189	0.3598	0.5428	33240.0	30220.0	1.783	1.0
a4[2,4]	0.2771	0.0003743	0.06767	0.06687	0.1581	0.2722	0.4232	32710.0	30600.0	1.755	1.0
a4[2,5]	0.2082	0.0003236	0.05312	0.05246	0.1163	0.204	0.3234	26920.0	30730.0	1.445	1.0
a4[2,6]	0.2413	0.0003372	0.05714	0.05636	0.1419	0.2371	0.3647	29030.0	28430.0	1.558	1.0
a4[2,7]	0.4096	0.0004077	0.07771	0.07791	0.2678	0.4061	0.571	36730.0	30340.0	1.971	1.0
a4[2,8]	0.4043	0.0003978	0.07337	0.07391	0.2706	0.4013	0.5567	34410.0	28960.0	1.846	1.0
a4[2,9]	0.3353	0.000339	0.06376	0.06442	0.2199	0.3324	0.4671	35390.0	32480.0	1.899	1.0
a4[2,10]	0.3911	0.0003848	0.0708	0.07095	0.2639	0.3874	0.5384	33870.0	30460.0	1.818	1.0
a4[2,11]	0.3434	0.0003679	0.06909	0.0689	0.2158	0.3411	0.4868	35080.0	29020.0	1.882	1.0
a4[2,12]	0.4123	0.0003971	0.0768	0.07691	0.2698	0.4094	0.5708	37420.0	31460.0	2.008	1.0
a4[2,13]	0.4024	0.0003969	0.07731	0.07769	0.2606	0.3995	0.5621	37960.0	31570.0	2.037	1.0
a4[2,14]	0.3298	0.0003981	0.07032	0.06886	0.2066	0.3246	0.4819	31020.0	31450.0	1.665	1.0
a4[2,15]	0.3749	0.000346	0.06619	0.06563	0.2547	0.3712	0.5138	36750.0	31120.0	1.972	1.0
a4[2,16]	0.3904	0.0004613	0.07538	0.07584	0.2509	0.388	0.5453	26630.0	29100.0	1.429	1.0
a4[2,17]	0.4676	0.0004398	0.08341	0.08373	0.3091	0.4655	0.6362	36040.0	30480.0	1.934	1.0
a4[2,18]	0.4088	0.0003612	0.07078	0.06988	0.278	0.4055	0.5571	38580.0	31440.0	2.07	1.0
a4[2,19]	0.2751	0.0003182	0.06088	0.06052	0.1685	0.2708	0.4061	37250.0	30840.0	1.999	1.0
a4[2,20]	0.4669	0.0004371	0.08394	0.08553	0.3103	0.4645	0.6359	36880.0	31320.0	1.979	1.0
a4[2,21]	0.4471	0.0004052	0.07732	0.07716	0.3041	0.4443	0.6065	36590.0	31900.0	1.963	1.0
a4[2,22]	0.2867	0.000315	0.05891	0.0581	0.1819	0.2829	0.4115	35170.0	32170.0	1.887	1.0
a4[2,23]	0.4548	0.0004868	0.09836	0.09889	0.2682	0.4524	0.6531	40790.0	29420.0	2.189	1.0
a4[2,24]	0.4455	0.0004842	0.08398	0.08422	0.2916	0.4419	0.6188	30250.0	30600.0	1.623	1.0
a4[2,25]	0.3445	0.0003668	0.06745	0.06657	0.221	0.3412	0.4864	33810.0	31660.0	1.815	1.0
a4[2,26]	0.3581	0.0003407	0.06788	0.06727	0.2327	0.355	0.4999	39670.0	32170.0	2.128	1.0
a4[2,27]	0.3953	0.000436	0.08181	0.08181	0.2493	0.3902	0.5688	35720.0	29870.0	1.917	1.0
a4[2,28]	0.4007	0.0004483	0.08124	0.08067	0.2508	0.3972	0.5695	32960.0	30090.0	1.769	1.0
a4[2,29]	0.3635	0.0003488	0.06498	0.06474	0.2447	0.3606	0.4991	34700.0	31890.0	1.862	1.0
a4[2,30]	0.3747	0.0003942	0.06804	0.0672	0.2516	0.3708	0.5194	29750.0	31230.0	1.597	1.0
a4[2,31]	0.2314	0.0003284	0.06113	0.06091	0.1228	0.2276	0.361	34550.0	31440.0	1.854	1.0
a4[2,32]	0.2961	0.0003149	0.06117	0.0607	0.1869	0.2921	0.4259	38010.0	31040.0	2.04	1.0
a4[2,33]	0.4352	0.0003992	0.07724	0.07779	0.2943	0.4319	0.5943	37780.0	31850.0	2.027	1.0
a4[2,34]	0.3419	0.0004687	0.07997	0.07988	0.1992	0.3375	0.5105	29180.0	29920.0	1.566	1.0
a4[2,35]	0.3366	0.0003537	0.07129	0.07061	0.2085	0.3332	0.4876	40980.0	31310.0	2.199	1.0
a4[2,36]	0.4894	0.0004208	0.08161	0.08251	0.3368	0.4867	0.657	37860.0	31200.0	2.031	1.0
a4[2,37]	0.3401	0.0004625	0.07645	0.07587	0.2049	0.3352	0.504	27310.0	28510.0	1.465	1.0
a4[2,38]	0.3667	0.0003988	0.07055	0.07035	0.2353	0.3647	0.5121	31290.0	28810.0	1.679	1.0
a4[2,39]	0.2809	0.0002975	0.05383	0.05362	0.1827	0.2782	0.3932	32700.0	32590.0	1.755	1.0
a4[2,40]	0.4753	0.000462	0.08624	0.08666	0.3167	0.4714	0.652	35000.0	30550.0	1.878	1.0
a4[2,41]	0.2326	0.0003385	0.06916	0.06802	0.1142	0.2269	0.3835	43350.0	28410.0	2.326	1.0
a4[2,42]	0.4687	0.0003834	0.07647	0.07631	0.3289	0.4658	0.6272	40170.0	31410.0	2.156	1.0
a4[2,43]	0.3492	0.0003414	0.06721	0.0668	0.2276	0.3456	0.4913	39000.0	32980.0	2.093	1.0
a4[2,44]	0.4328	0.0004037	0.08428	0.08406	0.2794	0.4289	0.608	43740.0	30250.0	2.347	1.0
a4[2,45]	0.3322	0.0003784	0.07273	0.07235	0.1989	0.3288	0.4853	37010.0	29530.0	1.986	1.0
a4[2,46]	0.3596	0.0003773	0.0696	0.0695	0.2358	0.3552	0.5082	34280.0	29710.0	1.839	1.0
a4[2,47]	0.3807	0.000326	0.06384	0.06385	0.2656	0.3774	0.5137	38540.0	31070.0	2.068	1.0
a4[2,48]	0.3352	0.0004601	0.08776	0.08687	0.178	0.33	0.5216	36820.0	28640.0	1.976	1.0
a4[2,49]	0.2168	0.0003098	0.05882	0.05739	0.1163	0.2114	0.3472	36850.0	30810.0	1.977	1.0
a4[2,50]	0.2763	0.0003408	0.06978	0.06894	0.1561	0.2703	0.4278	42670.0	32840.0	2.29	1.0
a4[2,51]	0.3384	0.0004841	0.09324	0.09369	0.171	0.3339	0.5355	37340.0	31040.0	2.004	1.0
a4[2,52]	0.4427	0.0004442	0.08262	0.08246	0.2903	0.4398	0.6142	34600.0	31140.0	1.857	1.0
a4[2,53]	0.3613	0.0003432	0.06585	0.06546	0.2426	0.3577	0.5017	36950.0	31400.0	1.983	1.0
a4[2,54]	0.3346	0.0003886	0.07781	0.07742	0.1971	0.3297	0.5021	40780.0	31340.0	2.188	1.0
a4[2,55]	0.3134	0.0004968	0.07751	0.07687	0.1791	0.3071	0.4804	25240.0	26910.0	1.355	1.0
a4[2,56]	0.4379	0.0005185	0.1067	0.109	0.2381	0.4349	0.6531	42200.0	31090.0	2.264	1.0
a4[2,57]	0.5179	0.000423	0.08243	0.083	0.3608	0.5168	0.682	38210.0	30180.0	2.05	1.0
a4[2,58]	0.4553	0.0003913	0.0788	0.07891	0.3128	0.4516	0.6201	41140.0	29500.0	2.208	1.0
a4[2,59]	0.3624	0.0004123	0.07248	0.07238	0.2321	0.3586	0.5154	30990.0	28650.0	1.663	1.0
a4[2,60]	0.3907	0.000531	0.08831	0.08855	0.2321	0.386	0.5756	27470.0	28370.0	1.474	1.0
a4[2,61]	0.4393	0.0004826	0.08347	0.08358	0.2895	0.4346	0.6146	30030.0	31470.0	1.611	1.0
a4[2,62]	0.3158	0.0003915	0.07026	0.06904	0.1922	0.311	0.4671	32560.0	29240.0	1.747	1.0
a4[2,63]	0.3414	0.000378	0.0699	0.06952	0.2178	0.3371	0.4892	34260.0	32340.0	1.839	1.0
a4[2,64]	0.3803	0.0003678	0.07316	0.07356	0.2455	0.3774	0.5307	39460.0	32230.0	2.118	1.0
a4[2,65]	0.2629	0.0003803	0.07932	0.07837	0.1274	0.2564	0.4359	44770.0	30350.0	2.402	1.0
a4[2,66]	0.4021	0.0004044	0.07912	0.07844	0.2587	0.3981	0.5701	38420.0	31690.0	2.062	1.0
a4[2,67]	0.3903	0.0003958	0.0831	0.08332	0.2377	0.3869	0.5631	44420.0	31140.0	2.384	1.0
a4[2,68]	0.3795	0.0003298	0.06533	0.06495	0.2616	0.3763	0.5175	39760.0	30830.0	2.133	1.0
a4[2,69]	0.3015	0.0003761	0.07075	0.0705	0.1769	0.2963	0.4527	35800.0	30430.0	1.921	1.0
a4[2,70]	0.4134	0.0003959	0.07794	0.07781	0.2721	0.4095	0.5771	38910.0	31020.0	2.088	1.0
a4[2,71]	0.4873	0.0004275	0.07748	0.07788	0.3422	0.485	0.6445	32960.0	31180.0	1.768	1.0
a4[2,72]	0.2975	0.0003548	0.06521	0.0642	0.1815	0.2929	0.4359	33700.0	31230.0	1.808	1.0
a4[2,73]	0.505	0.0005717	0.1068	0.1098	0.2989	0.5054	0.7133	34920.0	29230.0	1.874	1.0
a4[2,74]	0.1826	0.0002986	0.05481	0.05288	0.0899	0.1773	0.3044	35240.0	28150.0	1.891	1.0
a4[2,75]	0.3222	0.0003977	0.07906	0.07841	0.1824	0.3173	0.4908	39700.0	29940.0	2.13	1.0
a4[2,76]	0.2934	0.000359	0.07236	0.07262	0.1631	0.2895	0.4443	40590.0	31460.0	2.178	1.0
a4[2,77]	0.2361	0.0003717	0.06264	0.06165	0.1278	0.2311	0.3714	28780.0	29080.0	1.544	1.0
a4[2,78]	0.1631	0.0003045	0.05473	0.05244	0.07272	0.1577	0.2863	33610.0	27510.0	1.803	1.0
a4[2,79]	0.3523	0.000428	0.07797	0.0774	0.2127	0.3485	0.5157	33060.0	30190.0	1.774	1.0
a4[2,80]	0.3524	0.0003652	0.0659	0.06588	0.2327	0.349	0.4904	32650.0	30950.0	1.752	1.0
a4[2,81]	0.4512	0.0003583	0.07511	0.07594	0.3126	0.4486	0.6045	44250.0	31300.0	2.375	1.0
a4[2,82]	0.3472	0.0004809	0.08143	0.0824	0.1977	0.3437	0.5145	28400.0	27740.0	1.524	1.0
a4[2,83]	0.4227	0.0004039	0.07727	0.07677	0.2824	0.4189	0.5832	36660.0	31800.0	1.967	1.0
a4[2,84]	0.3015	0.0004009	0.06506	0.06476	0.1854	0.2979	0.4405	26290.0	29350.0	1.411	1.0
a4[2,85]	0.2934	0.0003099	0.05731	0.05723	0.1912	0.2905	0.4148	34150.0	30340.0	1.833	1.0
a4[2,86]	0.416	0.0004118	0.07667	0.07751	0.2763	0.4126	0.5751	34690.0	32100.0	1.862	1.0
a4[2,87]	0.3667	0.0003442	0.06962	0.0694	0.2413	0.3632	0.5132	41490.0	31010.0	2.226	1.0
a4[2,88]	0.4309	0.0004146	0.078	0.07782	0.2885	0.4274	0.5951	35740.0	29920.0	1.918	1.0
a4[2,89]	0.3678	0.0004398	0.07502	0.07615	0.2313	0.3644	0.5232	28980.0	29800.0	1.555	1.0
a4[2,90]	0.3736	0.000409	0.07207	0.07214	0.2439	0.3698	0.5245	30840.0	30780.0	1.655	1.0
a4[2,91]	0.3152	0.0003643	0.07439	0.07335	0.1854	0.31	0.4776	42480.0	31600.0	2.279	1.0
a4[2,92]	0.3487	0.0003891	0.07024	0.06948	0.2238	0.3439	0.4996	32650.0	30350.0	1.752	1.0
a4[2,93]	0.3997	0.0005336	0.09126	0.09258	0.2348	0.3957	0.5887	28900.0	29320.0	1.551	1.0
a4[2,94]	0.4195	0.0004122	0.07549	0.07537	0.2812	0.4163	0.5751	33640.0	30930.0	1.805	1.0
a4[2,95]	0.2681	0.0003067	0.0535	0.05291	0.1718	0.265	0.3816	30400.0	29780.0	1.631	1.0
a4[2,96]	0.4485	0.0004151	0.08497	0.08504	0.2941	0.4449	0.6243	42430.0	32080.0	2.277	1.0
a4[2,97]	0.3882	0.0003793	0.07615	0.07687	0.2514	0.3841	0.5483	40840.0	31430.0	2.192	1.0
a4[2,98]	0.4488	0.0004416	0.07919	0.07975	0.3031	0.4453	0.6105	32280.0	30350.0	1.732	1.0
a4[2,99]	0.3597	0.000381	0.07648	0.07608	0.2216	0.3562	0.5213	40210.0	31800.0	2.158	1.0
a4[2,100]	0.3042	0.0003638	0.05879	0.05809	0.1992	0.3008	0.4295	25910.0	28400.0	1.39	1.0
a4[2,101]	0.29	0.0004123	0.07143	0.071	0.1647	0.2846	0.443	30010.0	29990.0	1.61	1.0
a4[2,102]	0.388	0.0004613	0.08104	0.08178	0.2373	0.3853	0.5534	30850.0	29080.0	1.655	1.0
a4[2,103]	0.3495	0.000446	0.0792	0.07901	0.2082	0.3449	0.5159	31720.0	30450.0	1.702	1.0
a4[2,104]	0.2477	0.0003457	0.05658	0.05562	0.1499	0.243	0.371	26840.0	30090.0	1.44	1.0
a4[2,105]	0.3944	0.0004356	0.0869	0.08782	0.2374	0.39	0.5756	39870.0	31470.0	2.14	1.0
a4[2,106]	0.3886	0.000446	0.1041	0.1052	0.1993	0.3837	0.6043	54710.0	29730.0	2.936	1.0
a4[2,107]	0.4771	0.0004463	0.07911	0.0799	0.3284	0.4748	0.6367	31440.0	32500.0	1.687	1.0
a4[2,108]	0.3391	0.0003663	0.07101	0.0708	0.2092	0.3359	0.4863	37320.0	31570.0	2.003	1.0
a4[2,109]	0.3938	0.0004047	0.0774	0.07699	0.2518	0.3894	0.5575	36900.0	30010.0	1.98	1.0
a4[2,110]	0.4033	0.0005792	0.09036	0.09037	0.2424	0.3974	0.5966	24320.0	28510.0	1.305	1.0
a4[2,111]	0.4549	0.0003423	0.07144	0.07124	0.3209	0.4527	0.6014	43860.0	30890.0	2.354	1.0
a4[2,112]	0.4136	0.0004417	0.07828	0.07774	0.2709	0.4101	0.5782	31530.0	29900.0	1.692	1.0
a4[2,113]	0.3747	0.0003465	0.07012	0.06988	0.2463	0.3718	0.5204	41140.0	32810.0	2.207	1.0
a4[2,114]	0.4173	0.0004382	0.08484	0.08523	0.2643	0.4128	0.5945	38240.0	29870.0	2.052	1.0
a4[2,115]	0.3765	0.0003591	0.07066	0.07082	0.2472	0.373	0.5223	38690.0	31790.0	2.076	1.0
a4[2,116]	0.2865	0.0004324	0.06713	0.0671	0.1658	0.283	0.4281	23980.0	29240.0	1.287	1.0
a4[2,117]	0.2584	0.0003556	0.05978	0.05962	0.1529	0.2544	0.3856	28100.0	28580.0	1.508	1.0
a4[2,118]	0.3778	0.0003852	0.07602	0.07524	0.241	0.3732	0.5382	39650.0	29450.0	2.128	1.0
a4[2,119]	0.2939	0.0004623	0.0827	0.08301	0.147	0.2885	0.4689	31730.0	29890.0	1.703	1.0
a4[2,120]	0.4239	0.0004817	0.08777	0.0883	0.2658	0.4196	0.608	33390.0	29800.0	1.792	1.0
a4[2,121]	0.3503	0.0003923	0.06641	0.06558	0.2301	0.3467	0.4903	28700.0	29370.0	1.54	1.0
a4[2,122]	0.2943	0.0004591	0.07633	0.0757	0.1626	0.2878	0.4593	27720.0	30030.0	1.487	1.0
a4[2,123]	0.3698	0.0004426	0.08426	0.08455	0.2186	0.3653	0.5484	36250.0	31570.0	1.945	1.0
a4[2,124]	0.3521	0.0003271	0.06827	0.06828	0.2288	0.3487	0.4964	44500.0	30840.0	2.388	1.0
a4[2,125]	0.3894	0.0004235	0.07579	0.07576	0.2519	0.386	0.5475	32220.0	30650.0	1.729	1.0
a4[2,126]	0.2767	0.000451	0.06904	0.06942	0.155	0.2722	0.4244	23060.0	27160.0	1.237	1.0
a4[2,127]	0.3478	0.0004403	0.09259	0.09207	0.1801	0.3423	0.5436	44570.0	29800.0	2.391	1.0
a4[2,128]	0.4155	0.0003647	0.0719	0.07143	0.2842	0.412	0.5654	39110.0	31560.0	2.099	1.0
a4[2,129]	0.4675	0.0004289	0.08422	0.08419	0.3109	0.4642	0.6405	38790.0	30960.0	2.082	1.0
a4[2,130]	0.3833	0.0003901	0.07344	0.07303	0.2491	0.3798	0.5369	35730.0	28970.0	1.917	1.0
a4[2,131]	0.2376	0.0002985	0.0533	0.05325	0.1411	0.235	0.3495	32040.0	30380.0	1.719	1.0
a4[2,132]	0.3731	0.0004258	0.09634	0.09674	0.2019	0.3678	0.5765	52450.0	28760.0	2.815	1.0
a4[2,133]	0.4021	0.0004775	0.09698	0.09827	0.2248	0.3981	0.6033	41490.0	30120.0	2.226	1.0
a4[2,134]	0.4346	0.0004473	0.08403	0.08368	0.2803	0.4306	0.6071	35320.0	31600.0	1.895	1.0
a4[2,135]	0.3957	0.0004507	0.08653	0.08719	0.2384	0.3915	0.5757	36970.0	30460.0	1.984	1.0
a4[2,136]	0.4083	0.0003915	0.07366	0.07406	0.273	0.4055	0.5616	35190.0	31170.0	1.888	1.0
a4[2,137]	0.3659	0.0004452	0.08121	0.08013	0.2218	0.3609	0.5395	33400.0	30960.0	1.792	1.0
a4[2,138]	0.3592	0.0003709	0.06608	0.06625	0.241	0.3557	0.4985	31880.0	30780.0	1.711	1.0
a4[2,139]	0.2585	0.0003452	0.05894	0.05813	0.1545	0.2545	0.3855	29230.0	29870.0	1.569	1.0
a4[2,140]	0.3652	0.0005183	0.08634	0.08604	0.2143	0.3598	0.5513	28120.0	29140.0	1.509	1.0
a4[2,141]	0.4325	0.0004388	0.08406	0.08438	0.2777	0.4292	0.6063	36850.0	30190.0	1.978	1.0
a4[2,142]	0.3538	0.0003789	0.06727	0.06656	0.2343	0.349	0.4957	31790.0	28600.0	1.706	1.0
a4[2,143]	0.3109	0.0003947	0.07554	0.07513	0.1755	0.3065	0.4714	36690.0	29600.0	1.969	1.0
a4[2,144]	0.3785	0.0003019	0.06355	0.06328	0.2609	0.3761	0.5103	44540.0	32410.0	2.39	1.0
a4[2,145]	0.4154	0.0004074	0.07101	0.07049	0.2861	0.4122	0.5643	30370.0	31050.0	1.63	1.0
a4[2,146]	0.4356	0.0003954	0.07416	0.07459	0.2967	0.4332	0.5873	35290.0	30890.0	1.894	1.0
a4[2,147]	0.3683	0.0003649	0.06734	0.06731	0.2459	0.3654	0.5094	34440.0	30200.0	1.848	1.0
a4[2,148]	0.359	0.000341	0.06539	0.06439	0.2413	0.3553	0.4979	37120.0	31510.0	1.992	1.0
a4[2,149]	0.4583	0.000528	0.09462	0.09504	0.2783	0.456	0.6496	32060.0	28620.0	1.72	1.0
a4[2,150]	0.2923	0.0004324	0.08841	0.08756	0.1419	0.2846	0.487	43030.0	28940.0	2.309	1.0
a4[2,151]	0.4308	0.0004615	0.0858	0.08621	0.2758	0.4265	0.6104	35030.0	28140.0	1.88	1.0
a4[2,152]	0.3617	0.0003699	0.06921	0.06946	0.2352	0.3585	0.505	34920.0	31090.0	1.874	1.0
a4[2,153]	0.3025	0.000387	0.0618	0.06118	0.1929	0.2984	0.4351	25480.0	28650.0	1.367	1.0
a4[2,154]	0.4182	0.0004107	0.07815	0.0791	0.2779	0.4142	0.5804	36510.0	30730.0	1.959	1.0
a4[2,155]	0.3482	0.000353	0.06778	0.06758	0.2239	0.345	0.4883	36770.0	31850.0	1.973	1.0
a4[2,156]	0.415	0.0003718	0.08112	0.08162	0.2699	0.4104	0.5857	48650.0	31640.0	2.61	1.0
a4[2,157]	0.2998	0.0003203	0.06146	0.06068	0.1893	0.296	0.4292	37180.0	31660.0	1.995	1.0
a4[2,158]	0.2775	0.0003025	0.06047	0.06011	0.1689	0.2741	0.4037	40190.0	31800.0	2.156	1.0
a4[2,159]	0.3888	0.000522	0.1009	0.1027	0.2035	0.3849	0.5947	37160.0	29040.0	1.994	1.0
q0[1,1]	0.5827	0.0001899	0.04361	0.04256	0.5018	0.5808	0.6732	55080.0	27960.0	2.955	1.0
q0[1,2]	0.3881	0.0002768	0.05916	0.05833	0.2665	0.3898	0.5003	46890.0	26720.0	2.516	1.0
q0[1,3]	0.6086	0.0002231	0.04504	0.04418	0.5264	0.6059	0.7034	42990.0	27440.0	2.307	1.0
q0[1,4]	0.7132	0.000376	0.07736	0.0785	0.5634	0.7125	0.8638	42300.0	27090.0	2.27	1.0
q0[1,5]	0.7226	0.0003169	0.06016	0.06017	0.61	0.7201	0.8461	37130.0	25380.0	1.992	1.0
q0[1,6]	0.3648	0.0002099	0.04211	0.04153	0.2753	0.3673	0.4402	42200.0	28020.0	2.265	1.0
q0[1,7]	0.7004	0.0003672	0.07145	0.0721	0.5598	0.701	0.8385	37630.0	27960.0	2.019	1.0
q0[1,8]	0.6706	0.000293	0.05831	0.0582	0.5628	0.6681	0.7901	41380.0	26320.0	2.22	1.0
q0[1,9]	0.467	0.0001387	0.03573	0.035	0.3928	0.4683	0.5345	68060.0	29780.0	3.652	1.0
q0[1,10]	0.6955	0.000254	0.04695	0.04655	0.6117	0.6932	0.795	36090.0	25970.0	1.937	1.0
q0[1,11]	0.6898	0.0003072	0.06147	0.06067	0.5777	0.6869	0.8178	41800.0	26530.0	2.243	1.0
q0[1,12]	0.4079	0.0002721	0.0607	0.06015	0.2844	0.4099	0.5224	50820.0	28960.0	2.727	1.0
q0[1,13]	0.435	0.0001716	0.04215	0.04136	0.35	0.4356	0.5159	61240.0	28500.0	3.286	1.0
q0[1,14]	0.5875	0.0004553	0.08585	0.08445	0.4201	0.5874	0.7571	35680.0	26720.0	1.914	1.0
q0[1,15]	0.6584	0.000329	0.06313	0.06221	0.5417	0.6557	0.7904	38260.0	25660.0	2.053	1.0
q0[1,16]	0.6891	0.0001961	0.0461	0.04544	0.6015	0.6877	0.7835	56880.0	28110.0	3.052	1.0
q0[1,17]	0.6124	0.0001972	0.0459	0.04555	0.5275	0.6105	0.7079	55940.0	29660.0	3.002	1.0
q0[1,18]	0.6847	0.000393	0.07047	0.07105	0.5475	0.6841	0.8219	32210.0	26670.0	1.728	1.0
q0[1,19]	0.5008	0.0003089	0.06637	0.0643	0.3729	0.4992	0.6363	47260.0	27070.0	2.536	1.0
q0[1,20]	0.3635	0.0002941	0.06347	0.0636	0.2361	0.365	0.4841	47490.0	27790.0	2.549	1.0
q0[1,21]	0.5328	0.0003514	0.06905	0.06796	0.402	0.5316	0.6718	39210.0	27160.0	2.104	1.0
q0[1,22]	0.6806	0.000345	0.06268	0.0626	0.5654	0.6779	0.81	34250.0	24000.0	1.838	1.0
q0[1,23]	0.4344	0.0004122	0.09368	0.09205	0.2432	0.4366	0.614	52770.0	27960.0	2.832	1.0
q0[1,24]	0.7656	0.0003156	0.06125	0.06283	0.6494	0.7645	0.8874	37960.0	25550.0	2.037	1.0
q0[1,25]	0.4331	0.0002388	0.05191	0.05046	0.3278	0.4339	0.5325	47960.0	28810.0	2.574	1.0
q0[1,26]	0.3712	0.0002309	0.04971	0.04898	0.267	0.3733	0.462	48010.0	27770.0	2.576	0.9999
q0[1,27]	0.5177	0.0001178	0.03126	0.03052	0.4565	0.5175	0.5801	71130.0	30960.0	3.817	1.0
q0[1,28]	0.4062	0.0001889	0.04531	0.04489	0.3141	0.4075	0.4919	58500.0	29420.0	3.139	1.0
q0[1,29]	0.6865	0.0003551	0.06064	0.06109	0.5752	0.6835	0.8127	30010.0	24690.0	1.611	1.0
q0[1,30]	0.4636	0.0002224	0.05146	0.05029	0.3617	0.4638	0.5653	53980.0	28630.0	2.896	1.0
q0[1,31]	0.7799	0.0004065	0.08272	0.08632	0.612	0.783	0.9286	40060.0	27770.0	2.15	1.0
q0[1,32]	0.6963	0.0003634	0.0751	0.07568	0.5486	0.6959	0.8436	42670.0	27180.0	2.289	1.0
q0[1,33]	0.3692	0.000202	0.04192	0.04091	0.2811	0.3712	0.4466	44880.0	27330.0	2.408	1.0
q0[1,34]	0.6884	0.0002622	0.06235	0.06208	0.5705	0.6863	0.8154	58210.0	28690.0	3.124	1.0
q0[1,35]	0.5476	0.0005373	0.09573	0.09424	0.3656	0.5444	0.744	32480.0	26140.0	1.743	1.0
q0[1,36]	0.6677	0.0004087	0.07094	0.07135	0.5354	0.6654	0.8126	30910.0	24570.0	1.659	1.0
q0[1,37]	0.5404	0.0001665	0.04096	0.03955	0.4633	0.5389	0.6244	62360.0	28770.0	3.346	0.9999
q0[1,38]	0.553	0.0001745	0.04414	0.04321	0.4684	0.5524	0.6426	64840.0	30580.0	3.48	1.0
q0[1,39]	0.4488	0.0002106	0.04572	0.04471	0.3557	0.4503	0.5365	48150.0	27380.0	2.584	1.0
q0[1,40]	0.3796	0.0002074	0.04507	0.0446	0.2843	0.3819	0.4608	50330.0	27130.0	2.701	1.0
q0[1,41]	0.7513	0.0003983	0.08768	0.08969	0.571	0.755	0.9112	47170.0	27560.0	2.531	1.0
q0[1,42]	0.6517	0.0002237	0.04602	0.04498	0.5693	0.649	0.7489	44910.0	27710.0	2.41	1.0
q0[1,43]	0.4592	0.000257	0.05768	0.05665	0.3442	0.4597	0.5721	51060.0	28870.0	2.74	1.0
q0[1,44]	0.7228	0.0004958	0.0973	0.09712	0.5114	0.7312	0.8896	38560.0	29860.0	2.069	1.0
q0[1,45]	0.5083	0.0002422	0.05959	0.05796	0.3882	0.5089	0.6236	61300.0	30470.0	3.289	1.0
q0[1,46]	0.5997	0.0002605	0.05541	0.05416	0.4943	0.5981	0.7129	46850.0	25940.0	2.514	1.0
q0[1,47]	0.5376	0.0001986	0.04485	0.04356	0.4503	0.5373	0.628	51410.0	31890.0	2.759	1.0
q0[1,48]	0.6947	0.0003102	0.07589	0.07529	0.55	0.6932	0.8483	60590.0	29960.0	3.251	1.0
q0[1,49]	0.7922	0.000361	0.07528	0.07705	0.6363	0.7959	0.9261	41780.0	27270.0	2.242	1.0
q0[1,50]	0.7845	0.000451	0.09061	0.08865	0.5823	0.7943	0.9318	41700.0	27870.0	2.238	1.0
q0[1,51]	0.7937	0.0003417	0.08418	0.08511	0.6112	0.8011	0.9351	59980.0	27630.0	3.219	1.0
q0[1,52]	0.711	0.0002874	0.05234	0.05267	0.6119	0.7096	0.8166	33640.0	26630.0	1.805	1.0
q0[1,53]	0.6339	0.0003157	0.05667	0.05569	0.5295	0.6316	0.7516	33430.0	25550.0	1.794	1.0
q0[1,54]	0.7314	0.000448	0.09317	0.0947	0.5347	0.7365	0.8974	42480.0	28880.0	2.279	1.0
q0[1,55]	0.7725	0.0004845	0.08514	0.09009	0.6045	0.7739	0.9286	30430.0	26320.0	1.633	1.0
q0[1,56]	0.2302	0.000297	0.057	0.05816	0.1135	0.2322	0.3354	37490.0	26560.0	2.012	1.0
q0[1,57]	0.6719	0.0003375	0.07715	0.07783	0.5225	0.6714	0.8235	52050.0	28720.0	2.793	1.0
q0[1,58]	0.7377	0.0002827	0.05906	0.05973	0.6242	0.737	0.8545	43960.0	27700.0	2.359	1.0
q0[1,59]	0.7613	0.0003971	0.07777	0.07941	0.602	0.7637	0.9035	37350.0	26170.0	2.004	1.0
q0[1,60]	0.5146	0.0001927	0.04965	0.04796	0.4182	0.5143	0.6134	67160.0	29990.0	3.604	0.9999
q0[1,61]	0.5023	0.0002101	0.04647	0.04551	0.4126	0.5017	0.5962	49320.0	30850.0	2.647	1.0
q0[1,62]	0.5683	0.0002798	0.05468	0.0537	0.4641	0.5673	0.6786	38710.0	26780.0	2.077	1.0
q0[1,63]	0.452	0.0002467	0.05363	0.05223	0.343	0.4532	0.5547	48270.0	29240.0	2.59	1.0
q0[1,64]	0.6345	0.0004227	0.07989	0.08074	0.4779	0.6341	0.7918	35740.0	27380.0	1.918	1.0
q0[1,65]	0.7129	0.0006468	0.1241	0.1233	0.4328	0.7262	0.9151	38620.0	28060.0	2.072	1.0
q0[1,66]	0.7109	0.0004636	0.07857	0.07901	0.553	0.7124	0.8605	28320.0	24700.0	1.52	1.0
q0[1,67]	0.4405	0.0004435	0.08757	0.08748	0.2696	0.4406	0.6123	38990.0	29270.0	2.092	1.0
q0[1,68]	0.5125	0.0002912	0.06055	0.0586	0.3977	0.5113	0.6365	44380.0	26840.0	2.381	1.0
q0[1,69]	0.3363	0.000336	0.06646	0.06662	0.1984	0.3389	0.4592	40370.0	25760.0	2.166	1.0
q0[1,70]	0.4539	0.0001966	0.04468	0.04376	0.3642	0.4544	0.5408	52130.0	27240.0	2.797	1.0
q0[1,71]	0.5886	0.0002037	0.04533	0.04422	0.5063	0.5861	0.6835	51560.0	28700.0	2.767	1.0
q0[1,72]	0.4327	0.0002553	0.05406	0.0529	0.3222	0.4337	0.5355	45650.0	28350.0	2.45	1.0
q0[1,73]	0.2001	0.0003199	0.06285	0.06455	0.07986	0.1997	0.3239	38210.0	27260.0	2.05	1.0
q0[1,74]	0.7984	0.0003755	0.07831	0.08118	0.6358	0.8023	0.9366	41840.0	27750.0	2.245	1.0
q0[1,75]	0.8317	0.0003118	0.07054	0.06924	0.6733	0.8394	0.9454	51570.0	29240.0	2.767	1.0
q0[1,76]	0.6676	0.000358	0.08391	0.08503	0.5021	0.6678	0.8311	54840.0	28720.0	2.943	1.0
q0[1,77]	0.5814	0.0002983	0.06565	0.06381	0.4583	0.579	0.717	50210.0	26430.0	2.694	1.0
q0[1,78]	0.8254	0.0003237	0.07061	0.07245	0.6745	0.8309	0.9462	45800.0	28810.0	2.458	1.0
q0[1,79]	0.561	0.0002757	0.06528	0.06332	0.4345	0.5596	0.6934	57380.0	27280.0	3.079	1.0
q0[1,80]	0.7537	0.0003102	0.05654	0.0569	0.6461	0.7521	0.8681	33930.0	24640.0	1.82	1.0
q0[1,81]	0.5572	0.0004626	0.08357	0.08291	0.3959	0.5559	0.7219	32860.0	26650.0	1.763	1.0
q0[1,82]	0.7676	0.0003402	0.06736	0.06905	0.6369	0.7674	0.8969	38920.0	25640.0	2.089	1.0
q0[1,83]	0.6057	0.0002345	0.04998	0.0487	0.5133	0.6036	0.7106	47220.0	28130.0	2.534	1.0
q0[1,84]	0.6553	0.0002579	0.05243	0.05185	0.5589	0.6528	0.7644	42850.0	27140.0	2.3	1.0
q0[1,85]	0.6006	0.0001689	0.03848	0.03797	0.5302	0.5988	0.6808	54140.0	28490.0	2.905	1.0
q0[1,86]	0.4294	0.0002843	0.06601	0.06493	0.2961	0.4305	0.5557	54980.0	27260.0	2.95	1.0
q0[1,87]	0.3722	0.0002608	0.04777	0.04695	0.2718	0.3744	0.4592	35360.0	26480.0	1.897	1.0
q0[1,88]	0.7504	0.0003279	0.06239	0.06391	0.6298	0.7499	0.8729	36320.0	25290.0	1.949	1.0
q0[1,89]	0.5782	0.0002098	0.04898	0.04809	0.4861	0.5769	0.6782	55490.0	27110.0	2.978	1.0
q0[1,90]	0.7213	0.0003271	0.06574	0.06623	0.5968	0.7199	0.8547	41040.0	26060.0	2.202	1.0
q0[1,91]	0.7811	0.0005717	0.1019	0.09829	0.545	0.7946	0.9382	33090.0	28430.0	1.776	1.0
q0[1,92]	0.7373	0.000348	0.06932	0.07068	0.6054	0.7358	0.875	40220.0	25420.0	2.158	1.0
q0[1,93]	0.4273	0.0004267	0.081	0.07895	0.2727	0.4251	0.5946	36540.0	26570.0	1.961	1.0
q0[1,94]	0.4905	0.0002157	0.04847	0.04733	0.3947	0.4908	0.5855	50430.0	29770.0	2.706	1.0
q0[1,95]	0.3284	0.0002468	0.04928	0.04852	0.2229	0.3317	0.4157	42360.0	29020.0	2.273	1.0
q0[1,96]	0.6307	0.0005743	0.1115	0.1133	0.4021	0.6343	0.8372	37370.0	28050.0	2.005	1.0
q0[1,97]	0.4887	0.0002018	0.04989	0.04882	0.3894	0.4886	0.5874	61370.0	28950.0	3.293	1.0
q0[1,98]	0.8325	0.0003206	0.067	0.06718	0.6853	0.8392	0.9431	43140.0	29800.0	2.315	1.0
q0[1,99]	0.6656	0.000609	0.1102	0.1144	0.4498	0.6656	0.8756	32430.0	24410.0	1.74	1.0
q0[1,100]	0.7017	0.0003831	0.07021	0.07103	0.5675	0.7007	0.8411	34070.0	25650.0	1.828	1.0
q0[1,101]	0.5222	0.0002584	0.05914	0.05661	0.4106	0.5204	0.6447	54010.0	27880.0	2.898	1.0
q0[1,102]	0.5885	0.0002188	0.05062	0.04972	0.4941	0.5867	0.6935	55400.0	27300.0	2.973	1.0
q0[1,103]	0.6627	0.0003357	0.06553	0.06585	0.54	0.6605	0.7955	38860.0	26930.0	2.085	1.0
q0[1,104]	0.4893	0.0002468	0.05391	0.05232	0.3796	0.4905	0.5934	48750.0	29000.0	2.616	1.0
q0[1,105]	0.2406	0.0003634	0.07489	0.0758	0.1051	0.2376	0.3952	41600.0	29550.0	2.232	1.0
q0[1,106]	0.5197	0.000715	0.1586	0.1681	0.2147	0.5194	0.824	48930.0	29010.0	2.626	1.0
q0[1,107]	0.6656	0.0004286	0.08111	0.08223	0.5066	0.666	0.8232	35640.0	26460.0	1.913	1.0
q0[1,108]	0.713	0.0003391	0.06872	0.06946	0.5816	0.7121	0.8502	41480.0	26150.0	2.226	1.0
q0[1,109]	0.5974	0.0002958	0.06084	0.05954	0.4803	0.5958	0.7217	43100.0	27830.0	2.313	1.0
q0[1,110]	0.4895	0.000146	0.03837	0.03723	0.4134	0.4896	0.566	69470.0	29920.0	3.728	1.0
q0[1,111]	0.6154	0.0002725	0.06072	0.05999	0.5015	0.6135	0.7403	50820.0	28540.0	2.727	1.0
q0[1,112]	0.4388	0.0002206	0.04397	0.04297	0.3476	0.4406	0.521	40370.0	28660.0	2.166	1.0
q0[1,113]	0.4495	0.0002187	0.04931	0.04785	0.3506	0.4502	0.5455	51880.0	28280.0	2.784	1.0
q0[1,114]	0.6758	0.000332	0.06018	0.05936	0.5682	0.6721	0.8039	34410.0	26480.0	1.847	1.0
q0[1,115]	0.3899	0.0003001	0.06392	0.06242	0.2606	0.391	0.5137	46120.0	26320.0	2.475	1.0
q0[1,116]	0.5325	0.0001874	0.04229	0.04147	0.4504	0.5321	0.6171	51380.0	29770.0	2.757	1.0
q0[1,117]	0.6285	0.000317	0.06432	0.06357	0.505	0.6269	0.7578	41890.0	24660.0	2.248	1.0
q0[1,118]	0.3341	0.0004196	0.0801	0.08064	0.1781	0.3338	0.4929	36360.0	26380.0	1.951	1.0
q0[1,119]	0.7959	0.0003095	0.07352	0.07554	0.6439	0.7993	0.927	54660.0	28740.0	2.933	1.0
q0[1,120]	0.4213	0.000207	0.04503	0.04375	0.327	0.4232	0.5042	48850.0	28750.0	2.621	1.0
q0[1,121]	0.7681	0.000319	0.06796	0.07013	0.6359	0.768	0.8994	45210.0	24970.0	2.426	1.0
q0[1,122]	0.7942	0.000432	0.08031	0.08423	0.6289	0.7976	0.9367	33510.0	27840.0	1.798	1.0
q0[1,123]	0.5436	0.0005403	0.1083	0.108	0.3369	0.5407	0.7632	40580.0	27510.0	2.178	1.0
q0[1,124]	0.3758	0.0002915	0.05702	0.05575	0.2576	0.3776	0.4843	39230.0	27070.0	2.105	1.0
q0[1,125]	0.5544	0.0001379	0.03592	0.03521	0.4854	0.5535	0.6273	68770.0	29560.0	3.69	1.0
q0[1,126]	0.5782	0.0001874	0.04348	0.04243	0.4966	0.5768	0.668	55530.0	28320.0	2.98	1.0
q0[1,127]	0.6923	0.0003953	0.09108	0.09261	0.5156	0.6915	0.8698	53070.0	28690.0	2.848	1.0
q0[1,128]	0.4147	0.0002081	0.04675	0.04614	0.3184	0.4164	0.5022	51720.0	29920.0	2.775	1.0
q0[1,129]	0.6346	0.0002913	0.05922	0.05864	0.525	0.6324	0.7574	42890.0	26020.0	2.301	1.0
q0[1,130]	0.3772	0.0002861	0.05194	0.05085	0.266	0.3802	0.4701	35000.0	25300.0	1.878	1.0
q0[1,131]	0.5166	0.0003298	0.06745	0.0666	0.3861	0.5155	0.6524	42380.0	26790.0	2.274	1.0
q0[1,132]	0.6409	0.0007944	0.1466	0.1572	0.3431	0.6493	0.8956	33860.0	31390.0	1.817	1.0
q0[1,133]	0.3923	0.0003061	0.07904	0.07958	0.2344	0.3932	0.5451	67220.0	29560.0	3.607	1.0
q0[1,134]	0.334	0.0002943	0.05559	0.05587	0.2202	0.3361	0.4362	37060.0	27040.0	1.989	1.0
q0[1,135]	0.4031	0.0003688	0.08023	0.07851	0.2474	0.4023	0.5632	47570.0	28540.0	2.552	1.0
q0[1,136]	0.4787	0.000232	0.05148	0.04945	0.3749	0.4795	0.5781	49870.0	29790.0	2.676	1.0
q0[1,137]	0.4739	0.0006468	0.1159	0.1156	0.2601	0.4693	0.7128	32830.0	25880.0	1.761	1.0
q0[1,138]	0.3922	0.0002506	0.04841	0.04714	0.2889	0.3952	0.4793	40210.0	25700.0	2.158	1.0
q0[1,139]	0.3992	0.0002004	0.0457	0.04427	0.3038	0.4009	0.4841	54910.0	26470.0	2.946	1.0
q0[1,140]	0.4129	0.0001678	0.03606	0.03494	0.336	0.4146	0.4787	48670.0	28720.0	2.612	1.0
q0[1,141]	0.4127	0.0003778	0.08612	0.08628	0.2429	0.4127	0.5814	52030.0	29310.0	2.792	1.0
q0[1,142]	0.4496	0.0002217	0.04603	0.04467	0.3528	0.4515	0.5362	44520.0	28020.0	2.389	1.0
q0[1,143]	0.2367	0.0003603	0.07015	0.07284	0.09947	0.237	0.3715	37970.0	26480.0	2.038	1.0
q0[1,144]	0.6302	0.0002626	0.0578	0.05677	0.521	0.6281	0.7499	50030.0	27310.0	2.685	1.0
q0[1,145]	0.4141	0.0002662	0.05329	0.05222	0.3044	0.4161	0.5139	41020.0	27850.0	2.201	1.0
q0[1,146]	0.3546	0.0002659	0.05698	0.05647	0.2384	0.3563	0.4615	47060.0	27990.0	2.525	1.0
q0[1,147]	0.7792	0.000335	0.06851	0.06935	0.6349	0.7837	0.9009	40900.0	28360.0	2.194	1.0
q0[1,148]	0.6669	0.0004365	0.08243	0.08237	0.5029	0.6678	0.8267	35420.0	26600.0	1.901	1.0
q0[1,149]	0.7161	0.0002981	0.06543	0.06609	0.5852	0.7165	0.8412	47890.0	28310.0	2.57	1.0
q0[1,150]	0.826	0.0003835	0.08045	0.0804	0.6458	0.8349	0.9528	43750.0	29170.0	2.348	1.0
q0[1,151]	0.4659	0.0001791	0.0437	0.04229	0.3776	0.4664	0.5513	60020.0	29280.0	3.22	1.0
q0[1,152]	0.7497	0.0004091	0.08165	0.08367	0.5847	0.7515	0.9019	38780.0	26100.0	2.081	1.0
q0[1,153]	0.559	0.0002929	0.05846	0.05616	0.4481	0.5568	0.6817	41280.0	26410.0	2.215	1.0
q0[1,154]	0.6318	0.0002199	0.04414	0.04362	0.5494	0.6304	0.7231	41550.0	27260.0	2.23	1.0
q0[1,155]	0.5273	0.0002628	0.05413	0.0528	0.4242	0.5256	0.6385	43240.0	27810.0	2.32	1.0
q0[1,156]	0.5823	0.0007122	0.1231	0.1273	0.3334	0.5868	0.8076	29900.0	27880.0	1.604	1.0
q0[1,157]	0.661	0.0003187	0.06544	0.06533	0.5344	0.6606	0.7912	42450.0	26580.0	2.278	1.0
q0[1,158]	0.7535	0.0004854	0.09268	0.09602	0.5665	0.7569	0.9208	35350.0	25680.0	1.897	1.0
q0[1,159]	0.6683	0.0003583	0.08653	0.0866	0.5023	0.6663	0.8427	58930.0	28210.0	3.162	1.0
q0[2,1]	0.6486	0.0002635	0.05075	0.04971	0.5558	0.6459	0.7556	39150.0	26510.0	2.101	1.0
q0[2,2]	0.3562	0.0002577	0.05529	0.05486	0.2412	0.3579	0.4592	47530.0	27680.0	2.55	1.0
q0[2,3]	0.6187	0.0002009	0.04295	0.04205	0.5404	0.6164	0.7097	48150.0	28960.0	2.584	1.0
q0[2,4]	0.7043	0.0003343	0.07009	0.07053	0.5729	0.7025	0.8467	45100.0	27950.0	2.42	1.0
q0[2,5]	0.6231	0.0003634	0.07171	0.07016	0.4892	0.6203	0.7727	40330.0	25820.0	2.164	1.0
q0[2,6]	0.5735	0.0001697	0.03951	0.03852	0.4982	0.5724	0.6543	55560.0	29060.0	2.981	1.0
q0[2,7]	0.555	0.0002182	0.05551	0.054	0.4493	0.5534	0.6683	66150.0	29920.0	3.55	1.0
q0[2,8]	0.654	0.0002514	0.05184	0.05142	0.5599	0.6515	0.7628	45130.0	27370.0	2.422	1.0
q0[2,9]	0.363	0.0002269	0.04296	0.04226	0.2721	0.3656	0.4399	38290.0	25130.0	2.055	1.0
q0[2,10]	0.4348	0.0001522	0.0401	0.03933	0.3532	0.436	0.5106	70800.0	29810.0	3.799	1.0
q0[2,11]	0.6315	0.0003575	0.0675	0.06693	0.5078	0.6284	0.7718	36740.0	27690.0	1.971	1.0
q0[2,12]	0.4337	0.0002717	0.06068	0.05902	0.3104	0.4352	0.5504	50710.0	27540.0	2.721	1.0
q0[2,13]	0.5396	0.0002201	0.04919	0.04819	0.4433	0.5393	0.6376	50200.0	29830.0	2.694	1.0
q0[2,14]	0.5244	0.000218	0.05779	0.05559	0.4108	0.5238	0.6399	71520.0	28800.0	3.838	1.0
q0[2,15]	0.5916	0.0003148	0.06525	0.06361	0.4714	0.589	0.7281	45400.0	25660.0	2.436	1.0
q0[2,16]	0.6101	0.0002611	0.05285	0.05188	0.5124	0.608	0.7211	42610.0	26540.0	2.286	1.0
q0[2,17]	0.6438	0.0002494	0.04965	0.04892	0.5529	0.6414	0.748	41390.0	25350.0	2.221	1.0
q0[2,18]	0.52	0.0001693	0.04561	0.04493	0.4316	0.5192	0.6111	72980.0	32240.0	3.916	1.0
q0[2,19]	0.7055	0.0003222	0.06469	0.06536	0.5812	0.7046	0.8335	40530.0	26740.0	2.175	1.0
q0[2,20]	0.3978	0.0002657	0.06035	0.05933	0.275	0.3992	0.5122	52980.0	27470.0	2.843	1.0
q0[2,21]	0.5687	0.0002244	0.05451	0.05314	0.4644	0.5675	0.6805	60250.0	30850.0	3.233	1.0
q0[2,22]	0.6582	0.0002804	0.05811	0.05808	0.5516	0.6557	0.7802	44750.0	26570.0	2.401	1.0
q0[2,23]	0.4226	0.0006478	0.1269	0.1301	0.1874	0.4183	0.6818	38380.0	29130.0	2.06	1.0
q0[2,24]	0.7413	0.0003211	0.06262	0.06377	0.6253	0.7393	0.8695	39190.0	25510.0	2.103	1.0
q0[2,25]	0.4311	0.0002584	0.05435	0.05308	0.3164	0.4331	0.5321	46290.0	25640.0	2.484	1.0
q0[2,26]	0.3267	0.0003002	0.0558	0.05572	0.2101	0.3291	0.4294	35620.0	25540.0	1.912	1.0
q0[2,27]	0.4015	0.0001792	0.03684	0.03621	0.3238	0.4034	0.4682	44660.0	26620.0	2.397	1.0
q0[2,28]	0.3911	0.0002323	0.04886	0.0484	0.2892	0.3936	0.4804	46630.0	25100.0	2.502	1.0
q0[2,29]	0.5768	0.0002053	0.04793	0.04665	0.4874	0.5749	0.6774	56290.0	29260.0	3.02	1.0
q0[2,30]	0.6545	0.0002321	0.0493	0.04851	0.564	0.6522	0.7581	47460.0	26800.0	2.547	1.0
q0[2,31]	0.8216	0.0002826	0.06433	0.06642	0.6877	0.8252	0.9365	50210.0	26900.0	2.694	1.0
q0[2,32]	0.634	0.0003414	0.07354	0.07299	0.4966	0.6315	0.7858	47760.0	27000.0	2.563	1.0
q0[2,33]	0.6159	0.0001623	0.0376	0.03678	0.5474	0.6139	0.6957	56680.0	30360.0	3.041	1.0
q0[2,34]	0.5933	0.0005574	0.1023	0.1035	0.3938	0.5919	0.7953	33710.0	26700.0	1.809	1.0
q0[2,35]	0.7355	0.0002445	0.05867	0.05925	0.6245	0.7345	0.8527	58740.0	26810.0	3.152	1.0
q0[2,36]	0.6612	0.0002916	0.06063	0.06013	0.5483	0.659	0.7868	44320.0	27870.0	2.378	1.0
q0[2,37]	0.6614	0.0002343	0.04671	0.04595	0.5761	0.6592	0.7597	41370.0	26080.0	2.22	1.0
q0[2,38]	0.3209	0.000271	0.05452	0.05443	0.2103	0.3222	0.4247	41200.0	26530.0	2.211	1.0
q0[2,39]	0.5254	0.0001779	0.04287	0.0419	0.4418	0.525	0.6115	58590.0	29420.0	3.144	1.0
q0[2,40]	0.392	0.0002117	0.04557	0.0448	0.2961	0.3946	0.4746	49470.0	26550.0	2.655	1.0
q0[2,41]	0.7484	0.0004091	0.09124	0.09204	0.5556	0.7531	0.9102	48300.0	27760.0	2.592	1.0
q0[2,42]	0.6214	0.0002591	0.04801	0.04685	0.5372	0.6178	0.7246	37230.0	25190.0	1.998	1.0
q0[2,43]	0.4937	0.0002571	0.05705	0.05617	0.3803	0.4936	0.6053	49590.0	28230.0	2.661	1.0
q0[2,44]	0.5914	0.0003576	0.08633	0.08485	0.427	0.5889	0.7667	59780.0	28260.0	3.208	1.0
q0[2,45]	0.3341	0.0003294	0.06623	0.06597	0.2025	0.3347	0.463	40690.0	27420.0	2.183	1.0
q0[2,46]	0.601	0.0002052	0.04844	0.04733	0.51	0.5991	0.7005	57970.0	28230.0	3.111	1.0
q0[2,47]	0.421	0.0001645	0.04059	0.03995	0.3371	0.4224	0.497	63090.0	27380.0	3.386	1.0
q0[2,48]	0.6361	0.000688	0.1311	0.1356	0.362	0.6444	0.866	36360.0	30090.0	1.951	1.0
q0[2,49]	0.7625	0.0003771	0.0742	0.07665	0.6197	0.7625	0.9066	38650.0	26040.0	2.074	0.9999
q0[2,50]	0.7321	0.0003963	0.08758	0.08902	0.5578	0.7331	0.8984	47820.0	26470.0	2.566	1.0
q0[2,51]	0.7019	0.0006605	0.1298	0.1341	0.4235	0.7138	0.9166	38280.0	29430.0	2.054	1.0
q0[2,52]	0.4836	0.0001347	0.03767	0.03703	0.4095	0.4835	0.5578	78620.0	31350.0	4.219	1.0
q0[2,53]	0.59	0.0001916	0.04415	0.04301	0.5079	0.5882	0.6821	55060.0	30780.0	2.954	1.0
q0[2,54]	0.7041	0.0003717	0.08356	0.08469	0.5404	0.7037	0.8671	50380.0	27210.0	2.703	1.0
q0[2,55]	0.8777	0.0002026	0.04778	0.04847	0.7738	0.8819	0.9583	54080.0	28440.0	2.902	1.0
q0[2,56]	0.1499	0.0002342	0.04745	0.04852	0.06221	0.1482	0.2475	40210.0	28610.0	2.158	1.0
q0[2,57]	0.6242	0.0003955	0.08499	0.08485	0.4608	0.6232	0.7921	46600.0	26100.0	2.501	1.0
q0[2,58]	0.6469	0.0002582	0.05765	0.05724	0.5418	0.6441	0.7672	53200.0	28320.0	2.855	1.0
q0[2,59]	0.7141	0.0003601	0.06687	0.06741	0.5925	0.7109	0.8529	35420.0	26780.0	1.901	1.0
q0[2,60]	0.3885	0.000307	0.06057	0.05991	0.2641	0.39	0.5033	39390.0	28130.0	2.114	1.0
q0[2,61]	0.5482	0.0001927	0.04537	0.04439	0.4619	0.5469	0.6403	56690.0	29020.0	3.042	1.0
q0[2,62]	0.4876	0.0001477	0.04016	0.03898	0.4071	0.4878	0.5666	74390.0	28040.0	3.992	1.0
q0[2,63]	0.4554	0.0002233	0.05116	0.05014	0.351	0.4566	0.5519	53720.0	27420.0	2.883	1.0
q0[2,64]	0.5064	0.0002743	0.06761	0.06631	0.3747	0.5058	0.6414	61250.0	28130.0	3.287	1.0
q0[2,65]	0.7197	0.0004578	0.1032	0.1053	0.5036	0.7252	0.9036	50610.0	28740.0	2.716	1.0
q0[2,66]	0.5684	0.000165	0.04004	0.03909	0.4925	0.5675	0.6496	59550.0	32090.0	3.195	1.0
q0[2,67]	0.4436	0.0002324	0.05977	0.05866	0.3234	0.444	0.5588	67270.0	28450.0	3.61	1.0
q0[2,68]	0.6673	0.0002096	0.0488	0.04841	0.5778	0.6655	0.7688	56720.0	27860.0	3.044	1.0
q0[2,69]	0.2614	0.0002938	0.05952	0.06005	0.141	0.2629	0.3738	41620.0	25980.0	2.233	1.0
q0[2,70]	0.4683	0.0001681	0.04038	0.03955	0.3876	0.4687	0.5467	58400.0	28520.0	3.134	1.0
q0[2,71]	0.532	0.000261	0.05578	0.05443	0.424	0.5309	0.6448	46110.0	29130.0	2.474	1.0
q0[2,72]	0.4701	0.0002369	0.05259	0.05173	0.3634	0.4709	0.5705	49940.0	29230.0	2.68	1.0
q0[2,73]	0.1226	0.0001953	0.04479	0.04593	0.04532	0.1194	0.2183	50470.0	29420.0	2.708	1.0
q0[2,74]	0.8267	0.0003221	0.07017	0.0713	0.6753	0.8324	0.9442	45780.0	27450.0	2.457	1.0
q0[2,75]	0.7349	0.0004867	0.098	0.1017	0.5352	0.7383	0.912	39300.0	27730.0	2.109	1.0
q0[2,76]	0.581	0.0004772	0.09944	0.09845	0.3868	0.58	0.7804	43710.0	26210.0	2.345	1.0
q0[2,77]	0.689	0.0003707	0.07353	0.07437	0.5447	0.6892	0.8319	39420.0	26440.0	2.115	1.0
q0[2,78]	0.7967	0.0003889	0.07979	0.08179	0.6299	0.8019	0.9361	40690.0	27080.0	2.183	1.0
q0[2,79]	0.5846	0.0003545	0.07408	0.07284	0.4393	0.5838	0.733	43980.0	25610.0	2.36	1.0
q0[2,80]	0.6691	0.0002777	0.05624	0.05548	0.5665	0.6665	0.7881	42900.0	26540.0	2.302	1.0
q0[2,81]	0.5349	0.0001663	0.04251	0.04128	0.4536	0.5341	0.6211	65800.0	30570.0	3.531	1.0
q0[2,82]	0.7217	0.0003663	0.07191	0.07278	0.5853	0.72	0.8656	39080.0	26580.0	2.097	1.0
q0[2,83]	0.6142	0.0002471	0.05296	0.0521	0.5153	0.6122	0.7246	47240.0	28630.0	2.535	1.0
q0[2,84]	0.4123	0.0002235	0.05078	0.04979	0.3075	0.4145	0.5078	53150.0	29440.0	2.852	1.0
q0[2,85]	0.6114	0.0002171	0.04444	0.04359	0.531	0.6091	0.7038	44360.0	26370.0	2.38	1.0
q0[2,86]	0.3661	0.0003057	0.06386	0.06343	0.2353	0.3675	0.4865	44500.0	26960.0	2.388	1.0
q0[2,87]	0.4524	0.0001817	0.04108	0.0402	0.3684	0.4538	0.5303	52330.0	29340.0	2.808	1.0
q0[2,88]	0.6609	0.0002459	0.05375	0.05309	0.5648	0.6575	0.7738	50690.0	28030.0	2.72	1.0
q0[2,89]	0.5758	0.0002381	0.05164	0.05031	0.4797	0.5737	0.6832	48530.0	27610.0	2.604	1.0
q0[2,90]	0.6694	0.0003614	0.06924	0.0694	0.5419	0.6666	0.8128	38160.0	24940.0	2.048	1.0
q0[2,91]	0.8008	0.0003084	0.06956	0.07164	0.6603	0.8029	0.929	49820.0	29210.0	2.674	1.0
q0[2,92]	0.7427	0.000351	0.06995	0.07125	0.6071	0.7424	0.8792	39600.0	26590.0	2.125	1.0
q0[2,93]	0.6374	0.0002839	0.06385	0.0627	0.516	0.6356	0.7671	51680.0	28290.0	2.773	1.0
q0[2,94]	0.5648	0.0002026	0.04532	0.04366	0.4798	0.5631	0.6574	52360.0	27710.0	2.81	1.0
q0[2,95]	0.2518	0.0002965	0.05437	0.05495	0.1424	0.2532	0.3543	34600.0	26460.0	1.857	1.0
q0[2,96]	0.5825	0.000363	0.08541	0.08377	0.4195	0.5807	0.7554	56230.0	27950.0	3.018	1.0
q0[2,97]	0.4693	0.0002757	0.05833	0.05731	0.3522	0.4697	0.5828	45300.0	27000.0	2.431	0.9999
q0[2,98]	0.7627	0.0003325	0.06958	0.07158	0.6294	0.7616	0.8991	44160.0	28680.0	2.37	1.0
q0[2,99]	0.784	0.0002852	0.06514	0.06728	0.655	0.7845	0.908	51530.0	28430.0	2.765	1.0
q0[2,100]	0.6431	0.0002675	0.05445	0.05354	0.5438	0.6399	0.7594	43360.0	27430.0	2.327	1.0
q0[2,101]	0.686	0.0003418	0.06495	0.06509	0.564	0.6846	0.8171	36660.0	27100.0	1.967	1.0
q0[2,102]	0.7023	0.0002601	0.05132	0.05118	0.6074	0.7002	0.809	40280.0	26860.0	2.161	1.0
q0[2,103]	0.4268	0.0002725	0.06494	0.06376	0.298	0.4269	0.5537	57220.0	28530.0	3.07	1.0
q0[2,104]	0.3571	0.0002416	0.05193	0.05127	0.2506	0.359	0.454	47650.0	27180.0	2.557	1.0
q0[2,105]	0.2869	0.0003421	0.06935	0.07016	0.146	0.289	0.4165	41760.0	28240.0	2.241	1.0
q0[2,106]	0.4785	0.0007034	0.153	0.1583	0.1997	0.4712	0.7908	47820.0	29530.0	2.566	1.0
q0[2,107]	0.5611	0.0002524	0.06055	0.05953	0.4475	0.559	0.6854	58940.0	30500.0	3.163	1.0
q0[2,108]	0.6214	0.0003323	0.069	0.06811	0.4937	0.6187	0.7641	44540.0	27210.0	2.39	1.0
q0[2,109]	0.4468	0.0002036	0.05054	0.04931	0.3452	0.4472	0.5449	62020.0	29560.0	3.328	1.0
q0[2,110]	0.6108	0.0002637	0.04931	0.04835	0.5207	0.6081	0.7153	36840.0	25060.0	1.977	1.0
q0[2,111]	0.6529	0.0002638	0.0586	0.05821	0.5429	0.6508	0.7745	51120.0	26770.0	2.743	1.0
q0[2,112]	0.4817	0.0001903	0.04338	0.04268	0.3951	0.4819	0.5655	52480.0	28280.0	2.816	1.0
q0[2,113]	0.5036	0.0002108	0.04911	0.048	0.4069	0.5035	0.6012	54600.0	29890.0	2.93	1.0
q0[2,114]	0.7829	0.000271	0.05602	0.05698	0.6745	0.7823	0.8927	43020.0	26330.0	2.308	1.0
q0[2,115]	0.4869	0.0002477	0.0586	0.05751	0.3697	0.4873	0.6017	56590.0	30100.0	3.037	1.0
q0[2,116]	0.4839	0.0001919	0.04325	0.04148	0.3971	0.4842	0.5684	51640.0	28780.0	2.771	1.0
q0[2,117]	0.5643	0.0002239	0.05238	0.05073	0.4663	0.5627	0.6739	56470.0	28190.0	3.03	1.0
q0[2,118]	0.3755	0.0002576	0.06004	0.05898	0.252	0.3778	0.4883	56720.0	27390.0	3.043	1.0
q0[2,119]	0.7463	0.0004433	0.08829	0.09068	0.5667	0.749	0.9083	38710.0	26110.0	2.077	1.0
q0[2,120]	0.389	0.0002397	0.04706	0.04619	0.2909	0.3911	0.4763	39890.0	27150.0	2.14	1.0
q0[2,121]	0.7922	0.0003621	0.06796	0.07073	0.6545	0.794	0.9182	34820.0	26550.0	1.869	1.0
q0[2,122]	0.8549	0.0002626	0.05596	0.05755	0.737	0.8589	0.9512	43900.0	28490.0	2.356	1.0
q0[2,123]	0.6048	0.0003938	0.09178	0.09071	0.4263	0.6038	0.7894	54710.0	27320.0	2.936	1.0
q0[2,124]	0.398	0.0002188	0.05046	0.04936	0.2924	0.4	0.4911	55680.0	27970.0	2.988	1.0
q0[2,125]	0.4063	0.0002432	0.04959	0.04848	0.3042	0.4081	0.4991	42930.0	25920.0	2.303	1.0
q0[2,126]	0.4317	0.0002367	0.05158	0.05045	0.3281	0.4325	0.5313	48190.0	29880.0	2.586	1.0
q0[2,127]	0.6925	0.0006215	0.1197	0.1203	0.4313	0.7032	0.8942	38000.0	28140.0	2.039	1.0
q0[2,128]	0.4255	0.0002123	0.04568	0.04462	0.3305	0.4271	0.5111	47420.0	28570.0	2.545	1.0
q0[2,129]	0.6317	0.0002363	0.05229	0.05154	0.5352	0.6295	0.7408	51080.0	28120.0	2.741	1.0
q0[2,130]	0.354	0.000243	0.04873	0.04781	0.2505	0.3566	0.4418	42400.0	27050.0	2.275	1.0
q0[2,131]	0.6635	0.0002228	0.0503	0.04994	0.5708	0.6612	0.7679	53050.0	27930.0	2.847	1.0
q0[2,132]	0.7054	0.0004916	0.1103	0.1098	0.4681	0.7132	0.8978	50510.0	28320.0	2.71	1.0
q0[2,133]	0.3853	0.0005517	0.112	0.1131	0.1783	0.3811	0.6164	41320.0	28740.0	2.217	1.0
q0[2,134]	0.4085	0.000211	0.04971	0.04922	0.3055	0.4102	0.5017	57130.0	29940.0	3.066	1.0
q0[2,135]	0.4482	0.000323	0.075	0.0734	0.2981	0.449	0.5956	54270.0	29360.0	2.912	1.0
q0[2,136]	0.4625	0.0002351	0.05037	0.04901	0.3598	0.4637	0.5584	46740.0	28770.0	2.508	1.0
q0[2,137]	0.5691	0.0002758	0.07001	0.068	0.4349	0.5677	0.7109	65400.0	29080.0	3.509	1.0
q0[2,138]	0.4157	0.0001951	0.04147	0.04041	0.3289	0.4177	0.4917	46640.0	30060.0	2.503	1.0
q0[2,139]	0.4851	0.0002007	0.0471	0.04561	0.3905	0.4857	0.5774	55580.0	28030.0	2.982	1.0
q0[2,140]	0.4528	0.0001427	0.03285	0.03184	0.3844	0.4543	0.5142	54860.0	28770.0	2.944	1.0
q0[2,141]	0.37	0.0003956	0.07962	0.07975	0.2127	0.3707	0.5245	40570.0	29580.0	2.177	1.0
q0[2,142]	0.4292	0.0001905	0.04266	0.04153	0.341	0.4308	0.5092	51690.0	29750.0	2.774	1.0
q0[2,143]	0.1822	0.0003138	0.06239	0.0637	0.06921	0.1792	0.3116	38700.0	27390.0	2.076	1.0
q0[2,144]	0.6812	0.0003061	0.06324	0.06291	0.5605	0.6796	0.81	43610.0	26390.0	2.34	1.0
q0[2,145]	0.39	0.0002097	0.04379	0.04279	0.2975	0.392	0.47	45380.0	28920.0	2.435	1.0
q0[2,146]	0.4291	0.0002685	0.05772	0.05667	0.3099	0.4308	0.5379	47540.0	28990.0	2.551	1.0
q0[2,147]	0.5607	0.000297	0.0691	0.06661	0.4313	0.558	0.7039	56920.0	27230.0	3.054	1.0
q0[2,148]	0.6223	0.0002161	0.05327	0.05257	0.5242	0.6201	0.7325	62760.0	29850.0	3.367	1.0
q0[2,149]	0.3135	0.000316	0.06813	0.06822	0.1843	0.3123	0.4516	46580.0	29910.0	2.499	1.0
q0[2,150]	0.8353	0.0004225	0.08111	0.07599	0.6474	0.8473	0.956	41570.0	28320.0	2.23	1.0
q0[2,151]	0.5712	0.0001877	0.0429	0.04256	0.4902	0.5701	0.659	53230.0	30780.0	2.856	1.0
q0[2,152]	0.7869	0.0003047	0.06342	0.06485	0.6623	0.7869	0.9085	43030.0	28520.0	2.309	1.0
q0[2,153]	0.5578	0.0002391	0.05361	0.05224	0.4577	0.5558	0.6687	51730.0	28100.0	2.776	1.0
q0[2,154]	0.5816	0.0001633	0.03861	0.03758	0.5103	0.5797	0.663	58510.0	28210.0	3.14	1.0
q0[2,155]	0.5769	0.0001943	0.04504	0.04423	0.4926	0.5754	0.67	55530.0	27670.0	2.98	1.0
q0[2,156]	0.5584	0.0002301	0.05237	0.05089	0.4589	0.557	0.6656	52300.0	33090.0	2.806	1.0
q0[2,157]	0.4995	0.0002335	0.05865	0.057	0.3857	0.4991	0.6167	63690.0	29310.0	3.418	1.0
q0[2,158]	0.8345	0.0002598	0.0602	0.06195	0.7089	0.8377	0.9412	51940.0	27580.0	2.787	1.0
q0[2,159]	0.6185	0.000674	0.1319	0.1372	0.3483	0.6246	0.8549	38370.0	28990.0	2.059	1.0
