	Mean	MCSE	StdDev	MAD	2.5%	50%	97.5%	ESS_bulk	ESS_tail	ESS_bulk/s	R_hat
lp__	-36810.0	0.4361	36.99	36.59	-36880.0	-36810.0	-36740.0	7199.0	13980.0	0.3772	1.0
theta_mu[1,1]	0.6131	0.0003404	0.02543	0.0255	0.5638	0.613	0.6632	5584.0	11920.0	0.2926	1.001
theta_mu[1,2]	0.6814	0.0003319	0.02553	0.02563	0.632	0.6813	0.7317	5942.0	12920.0	0.3113	1.001
theta_mu[2,1]	-0.5177	0.0004138	0.04644	0.04607	-0.6096	-0.5174	-0.4274	12610.0	21420.0	0.6607	1.0
theta_mu[2,2]	-0.3895	0.0003928	0.04529	0.04535	-0.4786	-0.3894	-0.3012	13310.0	22290.0	0.6975	1.0
theta_mu[3,1]	-1.464	0.0004835	0.04499	0.04473	-1.553	-1.464	-1.377	8659.0	16490.0	0.4537	1.001
theta_mu[3,2]	-1.341	0.00046	0.04223	0.04246	-1.425	-1.34	-1.26	8389.0	17440.0	0.4395	1.001
theta_mu[4,1]	0.1929	0.0005295	0.03788	0.03765	0.1207	0.1923	0.2691	5143.0	10420.0	0.2695	1.001
theta_mu[4,2]	0.1475	0.0005276	0.03752	0.03723	0.07498	0.1473	0.2218	5074.0	10790.0	0.2658	1.001
theta_c_pr[1,1]	0.7705	0.002268	0.3705	0.3559	0.1143	0.7455	1.572	27340.0	26690.0	1.433	1.0
theta_c_pr[1,2]	0.05808	0.001738	0.2696	0.265	-0.4395	0.04746	0.6181	24340.0	27360.0	1.275	1.0
theta_c_pr[1,3]	1.227	0.002567	0.4307	0.4229	0.4697	1.199	2.15	28830.0	27180.0	1.511	1.0
theta_c_pr[1,4]	-0.4584	0.002453	0.3464	0.3255	-1.039	-0.4947	0.3315	20560.0	21960.0	1.077	1.0
theta_c_pr[1,5]	0.4184	0.003808	0.5592	0.5426	-0.5161	0.3617	1.657	21380.0	26940.0	1.12	1.0
theta_c_pr[1,6]	0.74	0.002202	0.3658	0.3628	0.09711	0.7178	1.522	27920.0	29440.0	1.463	1.0
theta_c_pr[1,7]	-0.5893	0.001855	0.2227	0.2197	-1.006	-0.5972	-0.1293	14360.0	23460.0	0.7521	1.001
theta_c_pr[1,8]	0.6729	0.002051	0.3443	0.3423	0.04717	0.6549	1.4	28430.0	29190.0	1.49	1.0
theta_c_pr[1,9]	1.647	0.002932	0.5104	0.5029	0.734	1.619	2.739	30410.0	30130.0	1.593	1.0
theta_c_pr[1,10]	1.888	0.002893	0.5197	0.519	0.9471	1.862	2.979	32520.0	30390.0	1.704	1.0
theta_c_pr[1,11]	0.3771	0.002196	0.3487	0.3426	-0.2446	0.3574	1.124	25480.0	28720.0	1.335	1.0
theta_c_pr[1,12]	-0.04391	0.002376	0.3481	0.3368	-0.6386	-0.07338	0.7231	21910.0	24350.0	1.148	1.0
theta_c_pr[1,13]	0.6232	0.002288	0.3649	0.3597	-0.02434	0.5993	1.398	25650.0	28010.0	1.344	1.0
theta_c_pr[1,14]	-0.4609	0.00264	0.3648	0.3425	-1.08	-0.4956	0.3593	19490.0	24800.0	1.021	1.0
theta_c_pr[1,15]	-0.2026	0.002057	0.3014	0.2903	-0.7363	-0.2224	0.444	21390.0	28000.0	1.121	1.0
theta_c_pr[1,16]	0.235	0.001872	0.271	0.2646	-0.2492	0.2174	0.8145	21250.0	26080.0	1.114	1.0
theta_c_pr[1,17]	0.6961	0.002085	0.3479	0.3413	0.07251	0.6757	1.438	27940.0	28640.0	1.464	1.0
theta_c_pr[1,18]	-0.125	0.001844	0.2871	0.2829	-0.6455	-0.1418	0.4815	24230.0	29030.0	1.27	1.0
theta_c_pr[1,19]	-0.2288	0.002436	0.3475	0.3316	-0.821	-0.261	0.5428	20800.0	24500.0	1.09	1.0
theta_c_pr[1,20]	-0.1337	0.001819	0.2707	0.2637	-0.6263	-0.1482	0.4389	22080.0	25670.0	1.157	1.0
theta_c_pr[1,21]	-0.2254	0.002044	0.3003	0.2894	-0.7565	-0.2471	0.4218	21770.0	25930.0	1.141	1.0
theta_c_pr[1,22]	0.4204	0.002551	0.4003	0.3893	-0.2712	0.3908	1.29	24900.0	27990.0	1.305	1.0
theta_c_pr[1,23]	-1.635	0.002256	0.2278	0.2153	-2.059	-1.642	-1.168	10260.0	19840.0	0.5376	1.0
theta_c_pr[1,24]	0.3501	0.001897	0.3144	0.311	-0.2124	0.3322	1.019	27900.0	28200.0	1.462	1.0
theta_c_pr[1,25]	0.5286	0.00264	0.4053	0.4001	-0.1772	0.4988	1.401	23940.0	27220.0	1.254	1.0
theta_c_pr[1,26]	0.7089	0.002265	0.3668	0.3628	0.05559	0.6859	1.483	26370.0	26460.0	1.382	1.0
theta_c_pr[1,27]	1.806	0.002652	0.4865	0.4858	0.9362	1.779	2.831	34200.0	27340.0	1.792	1.0
theta_c_pr[1,28]	0.7457	0.002019	0.3073	0.3028	0.1894	0.7282	1.392	23310.0	27600.0	1.221	1.0
theta_c_pr[1,29]	0.6385	0.002444	0.3885	0.3777	-0.03596	0.6101	1.481	25770.0	26820.0	1.35	1.0
theta_c_pr[1,30]	0.6409	0.002175	0.3539	0.3495	-0.01005	0.6254	1.382	26640.0	27580.0	1.396	1.0
theta_c_pr[1,31]	-0.6276	0.002996	0.4096	0.3745	-1.274	-0.681	0.325	19600.0	21440.0	1.027	1.0
theta_c_pr[1,32]	-0.5723	0.002101	0.2851	0.2713	-1.069	-0.5942	0.04644	18560.0	23510.0	0.9725	1.0
theta_c_pr[1,33]	2.012	0.002911	0.527	0.5274	1.063	1.981	3.115	33270.0	31560.0	1.743	1.0
theta_c_pr[1,34]	-0.7584	0.003358	0.3706	0.3157	-1.331	-0.8084	0.1331	13980.0	14370.0	0.7323	1.0
theta_c_pr[1,35]	-0.1451	0.002187	0.3204	0.3072	-0.7152	-0.166	0.5402	21920.0	24560.0	1.149	1.0
theta_c_pr[1,36]	-0.2559	0.001846	0.2711	0.2623	-0.7447	-0.2719	0.3248	21640.0	26560.0	1.134	1.0
theta_c_pr[1,37]	1.66	0.002886	0.5022	0.4939	0.7624	1.632	2.721	30390.0	29860.0	1.592	1.0
theta_c_pr[1,38]	0.4348	0.002054	0.3421	0.3403	-0.1802	0.4172	1.154	27740.0	29240.0	1.453	1.0
theta_c_pr[1,39]	0.9579	0.002976	0.4982	0.4873	0.09975	0.9196	2.042	28670.0	27990.0	1.502	1.0
theta_c_pr[1,40]	1.541	0.002378	0.4377	0.4325	0.7538	1.516	2.469	34260.0	30730.0	1.795	1.0
theta_c_pr[1,41]	-1.195	0.002759	0.3423	0.3039	-1.749	-1.236	-0.4015	15540.0	19950.0	0.8142	1.0
theta_c_pr[1,42]	1.72	0.002651	0.4777	0.4746	0.8652	1.693	2.723	32790.0	30610.0	1.718	1.0
theta_c_pr[1,43]	0.03428	0.002092	0.3335	0.3222	-0.5597	0.01294	0.7485	25600.0	27210.0	1.341	1.0
theta_c_pr[1,44]	-1.542	0.002147	0.1857	0.182	-1.899	-1.545	-1.168	7489.0	15620.0	0.3924	1.001
theta_c_pr[1,45]	-0.2383	0.002235	0.3243	0.3124	-0.8111	-0.26	0.4639	21170.0	26090.0	1.109	1.0
theta_c_pr[1,46]	0.5492	0.00258	0.4124	0.3956	-0.1638	0.5169	1.455	26030.0	26710.0	1.364	1.0
theta_c_pr[1,47]	1.331	0.002596	0.4466	0.4459	0.5277	1.303	2.276	30250.0	29580.0	1.585	1.0
theta_c_pr[1,48]	-1.61	0.002128	0.213	0.2107	-2.02	-1.612	-1.188	9996.0	20630.0	0.5237	1.0
theta_c_pr[1,49]	-0.725	0.003176	0.4045	0.3626	-1.348	-0.7864	0.2406	16620.0	20780.0	0.8708	1.0
theta_c_pr[1,50]	-1.286	0.00254	0.299	0.276	-1.807	-1.311	-0.6283	14090.0	19520.0	0.7384	1.0
theta_c_pr[1,51]	-1.882	0.002317	0.2223	0.213	-2.305	-1.885	-1.44	9169.0	18620.0	0.4804	1.0
theta_c_pr[1,52]	0.8251	0.001988	0.308	0.3055	0.2629	0.8127	1.468	24320.0	28640.0	1.274	1.0
theta_c_pr[1,53]	0.7359	0.002297	0.3833	0.3752	0.05744	0.71	1.565	28380.0	27860.0	1.487	1.0
theta_c_pr[1,54]	-1.168	0.002284	0.2676	0.2473	-1.631	-1.19	-0.5728	13730.0	20970.0	0.7191	1.0
theta_c_pr[1,55]	-1.067	0.001947	0.2232	0.2127	-1.473	-1.079	-0.5919	13040.0	20580.0	0.6833	1.0
theta_c_pr[1,56]	1.321	0.003145	0.5111	0.5018	0.4401	1.276	2.447	27270.0	27350.0	1.429	1.0
theta_c_pr[1,57]	-0.9908	0.001803	0.1913	0.1906	-1.362	-0.9927	-0.6102	11280.0	20880.0	0.5909	1.0
theta_c_pr[1,58]	0.1271	0.001833	0.2808	0.275	-0.3842	0.1136	0.7254	23460.0	28380.0	1.229	1.0
theta_c_pr[1,59]	-0.7102	0.002202	0.2808	0.267	-1.197	-0.7321	-0.09025	16170.0	22930.0	0.8472	1.0
theta_c_pr[1,60]	0.1943	0.002568	0.3833	0.3672	-0.4558	0.1593	1.044	23220.0	23750.0	1.217	1.0
theta_c_pr[1,61]	0.823	0.002666	0.4415	0.4351	0.04931	0.7902	1.776	27630.0	26960.0	1.447	1.0
theta_c_pr[1,62]	0.6615	0.002435	0.3948	0.3832	-0.0361	0.6328	1.51	26970.0	26450.0	1.413	1.0
theta_c_pr[1,63]	-0.05692	0.002094	0.3241	0.3126	-0.6295	-0.0789	0.6457	24210.0	27270.0	1.269	1.0
theta_c_pr[1,64]	-0.7444	0.001976	0.2495	0.2427	-1.195	-0.7586	-0.2178	15980.0	23710.0	0.8372	1.0
theta_c_pr[1,65]	-1.725	0.00281	0.3324	0.2974	-2.29	-1.755	-0.9666	13910.0	19850.0	0.7287	1.0
theta_c_pr[1,66]	-0.1024	0.002327	0.3318	0.3157	-0.6845	-0.1271	0.6228	21190.0	21030.0	1.11	1.0
theta_c_pr[1,67]	-0.982	0.001888	0.2087	0.2051	-1.375	-0.9881	-0.5524	12200.0	22210.0	0.639	1.0
theta_c_pr[1,68]	0.3806	0.002383	0.3738	0.3625	-0.282	0.3564	1.18	24750.0	27750.0	1.297	1.0
theta_c_pr[1,69]	0.0607	0.002195	0.3284	0.3176	-0.5186	0.03691	0.7716	22710.0	24980.0	1.19	1.0
theta_c_pr[1,70]	1.014	0.002216	0.3943	0.3871	0.302	0.9891	1.843	32220.0	29110.0	1.688	1.0
theta_c_pr[1,71]	0.3463	0.001982	0.3086	0.3048	-0.2144	0.329	0.9948	24220.0	27780.0	1.269	1.0
theta_c_pr[1,72]	0.03112	0.002202	0.3378	0.3286	-0.5639	0.007506	0.7683	23650.0	26570.0	1.239	1.0
theta_c_pr[1,73]	0.08665	0.002253	0.2968	0.2682	-0.3957	0.05484	0.7695	18660.0	20020.0	0.9777	1.0
theta_c_pr[1,74]	-0.9853	0.002628	0.3372	0.302	-1.532	-1.027	-0.1885	17080.0	19890.0	0.8949	1.0
theta_c_pr[1,75]	-1.335	0.002311	0.2644	0.2467	-1.799	-1.353	-0.7588	13080.0	22340.0	0.6852	1.0
theta_c_pr[1,76]	-1.147	0.002202	0.2674	0.2491	-1.619	-1.167	-0.5573	14670.0	21660.0	0.7686	1.0
theta_c_pr[1,77]	-0.3179	0.002539	0.3593	0.3407	-0.9247	-0.3513	0.482	20480.0	23190.0	1.073	1.0
theta_c_pr[1,78]	-1.026	0.003162	0.3955	0.3469	-1.633	-1.085	-0.07698	16360.0	18370.0	0.8574	1.0
theta_c_pr[1,79]	-0.4789	0.00231	0.3129	0.2952	-1.016	-0.5055	0.2238	18530.0	24080.0	0.9708	1.0
theta_c_pr[1,80]	0.7028	0.002836	0.4416	0.4355	-0.07325	0.6751	1.647	24610.0	26690.0	1.29	1.0
theta_c_pr[1,81]	-0.1209	0.00192	0.2976	0.2932	-0.6573	-0.1369	0.5074	24010.0	27590.0	1.258	1.0
theta_c_pr[1,82]	-0.1397	0.002127	0.3192	0.305	-0.6918	-0.1647	0.5585	22870.0	26030.0	1.198	1.0
theta_c_pr[1,83]	0.4393	0.002023	0.3279	0.3217	-0.1454	0.42	1.138	26980.0	27750.0	1.413	1.0
theta_c_pr[1,84]	0.04299	0.001719	0.2683	0.2639	-0.4483	0.03045	0.6054	24470.0	28320.0	1.282	1.0
theta_c_pr[1,85]	2.046	0.003122	0.556	0.5505	1.044	2.016	3.22	32130.0	30260.0	1.683	1.0
theta_c_pr[1,86]	-0.121	0.00238	0.3513	0.3371	-0.7377	-0.1464	0.6494	22030.0	25920.0	1.154	1.0
theta_c_pr[1,87]	1.356	0.002673	0.4767	0.4738	0.5047	1.327	2.363	32180.0	29080.0	1.686	1.0
theta_c_pr[1,88]	0.3764	0.002268	0.352	0.3412	-0.237	0.3522	1.146	24530.0	26890.0	1.285	1.0
theta_c_pr[1,89]	0.4864	0.002641	0.43	0.4122	-0.2459	0.4491	1.441	27100.0	27070.0	1.42	1.0
theta_c_pr[1,90]	-0.3744	0.002028	0.2636	0.2547	-0.8458	-0.3904	0.1883	16990.0	24050.0	0.8903	1.0
theta_c_pr[1,91]	-1.264	0.002247	0.2696	0.254	-1.747	-1.28	-0.6827	14280.0	23430.0	0.7481	1.0
theta_c_pr[1,92]	-0.5236	0.001936	0.2566	0.2464	-0.9764	-0.5409	0.03009	17580.0	23940.0	0.9211	1.0
theta_c_pr[1,93]	-0.6115	0.002194	0.2883	0.2708	-1.114	-0.6333	0.0229	17690.0	23210.0	0.927	1.0
theta_c_pr[1,94]	0.8623	0.002449	0.418	0.4114	0.1224	0.8323	1.763	30040.0	27690.0	1.574	1.0
theta_c_pr[1,95]	0.9253	0.002517	0.4134	0.409	0.1861	0.8995	1.804	27390.0	28900.0	1.435	1.0
theta_c_pr[1,96]	-1.5	0.002193	0.2311	0.2188	-1.924	-1.51	-1.016	10950.0	19920.0	0.5737	1.0
theta_c_pr[1,97]	0.02088	0.001933	0.3019	0.2943	-0.5205	0.0007735	0.6685	24680.0	27180.0	1.293	1.0
theta_c_pr[1,98]	-0.8537	0.00184	0.2048	0.2029	-1.243	-0.8574	-0.4396	12380.0	22700.0	0.6486	1.0
theta_c_pr[1,99]	-0.8971	0.003122	0.358	0.3178	-1.463	-0.9444	-0.04773	13640.0	17980.0	0.7147	1.0
theta_c_pr[1,100]	-0.1498	0.002635	0.3858	0.3681	-0.8056	-0.1845	0.7049	21490.0	26430.0	1.126	1.0
theta_c_pr[1,101]	-0.4499	0.002324	0.3273	0.3136	-1.015	-0.4764	0.2715	20370.0	22380.0	1.067	1.0
theta_c_pr[1,102]	0.9101	0.002492	0.4083	0.4033	0.189	0.8845	1.785	27520.0	25130.0	1.442	1.0
theta_c_pr[1,103]	-0.2015	0.002734	0.3961	0.3659	-0.8558	-0.2452	0.6997	21620.0	23260.0	1.132	1.0
theta_c_pr[1,104]	0.1637	0.002392	0.3742	0.3648	-0.5001	0.1379	0.9687	25210.0	24810.0	1.321	1.0
theta_c_pr[1,105]	-0.7743	0.001806	0.208	0.2049	-1.164	-0.7815	-0.3462	13200.0	22380.0	0.6916	1.0
theta_c_pr[1,106]	-2.216	0.002787	0.2803	0.2522	-2.711	-2.233	-1.614	9952.0	17550.0	0.5214	1.001
theta_c_pr[1,107]	-1.064	0.001987	0.2009	0.195	-1.44	-1.07	-0.6498	10170.0	19300.0	0.5329	1.0
theta_c_pr[1,108]	-0.4581	0.002055	0.2794	0.2683	-0.9461	-0.4788	0.1578	18580.0	24160.0	0.9733	1.0
theta_c_pr[1,109]	-0.03598	0.002214	0.3444	0.3329	-0.6398	-0.0606	0.7064	24790.0	27290.0	1.299	1.0
theta_c_pr[1,110]	1.206	0.002714	0.4612	0.4519	0.3893	1.178	2.198	29460.0	28410.0	1.543	1.0
theta_c_pr[1,111]	0.03796	0.001776	0.2715	0.2679	-0.4623	0.02611	0.6107	23420.0	26990.0	1.227	1.0
theta_c_pr[1,112]	1.031	0.002801	0.4701	0.4626	0.2102	0.9965	2.048	28740.0	28660.0	1.506	1.0
theta_c_pr[1,113]	0.4403	0.002215	0.3589	0.3516	-0.1987	0.4193	1.202	26580.0	28280.0	1.393	1.0
theta_c_pr[1,114]	1.083	0.002426	0.4051	0.393	0.3632	1.054	1.953	27930.0	28470.0	1.463	1.0
theta_c_pr[1,115]	-0.3584	0.001922	0.2829	0.2742	-0.8597	-0.3757	0.2521	22090.0	23480.0	1.157	1.0
theta_c_pr[1,116]	0.7589	0.002495	0.4233	0.4152	0.01606	0.7264	1.672	29350.0	28330.0	1.538	1.0
theta_c_pr[1,117]	-0.3312	0.002033	0.2717	0.2641	-0.8151	-0.3482	0.25	17720.0	25550.0	0.9285	1.0
theta_c_pr[1,118]	-0.5696	0.001983	0.2652	0.2555	-1.048	-0.5846	-0.006178	17830.0	25590.0	0.9341	1.0
theta_c_pr[1,119]	-0.9689	0.002156	0.271	0.2581	-1.449	-0.986	-0.3875	15670.0	23820.0	0.8209	1.0
theta_c_pr[1,120]	0.7924	0.00242	0.3894	0.3818	0.1111	0.7631	1.638	26310.0	25630.0	1.378	1.0
theta_c_pr[1,121]	-0.8774	0.002024	0.2319	0.2207	-1.287	-0.893	-0.3768	13010.0	22380.0	0.6816	1.0
theta_c_pr[1,122]	-0.3235	0.002722	0.3661	0.3471	-0.9372	-0.3592	0.4986	18520.0	21050.0	0.9705	1.0
theta_c_pr[1,123]	-1.282	0.002904	0.332	0.2956	-1.825	-1.32	-0.5129	13130.0	19440.0	0.6881	1.0
theta_c_pr[1,124]	0.4342	0.002626	0.4049	0.3917	-0.2601	0.3998	1.327	24340.0	25940.0	1.275	1.0
theta_c_pr[1,125]	1.12	0.002764	0.4636	0.4525	0.3023	1.086	2.115	29070.0	27810.0	1.523	1.0
theta_c_pr[1,126]	0.5613	0.002255	0.3674	0.3592	-0.09908	0.5402	1.337	26900.0	27560.0	1.409	1.0
theta_c_pr[1,127]	-1.496	0.002232	0.2443	0.236	-1.96	-1.503	-0.9914	11900.0	19930.0	0.6234	1.0
theta_c_pr[1,128]	1.107	0.002494	0.4253	0.4209	0.3459	1.083	2.012	29340.0	28120.0	1.537	1.0
theta_c_pr[1,129]	0.3599	0.002195	0.3554	0.3435	-0.2665	0.3344	1.135	26420.0	27780.0	1.384	1.0
theta_c_pr[1,130]	1.479	0.003089	0.5325	0.5323	0.5476	1.444	2.624	29880.0	28900.0	1.566	1.0
theta_c_pr[1,131]	0.04182	0.002644	0.3675	0.3431	-0.5643	0.00288	0.8812	20590.0	20560.0	1.079	1.0
theta_c_pr[1,132]	-1.98	0.002421	0.2345	0.2241	-2.422	-1.986	-1.502	9319.0	19950.0	0.4882	1.0
theta_c_pr[1,133]	-1.279	0.002446	0.2705	0.2453	-1.741	-1.301	-0.681	12110.0	18870.0	0.6347	1.0
theta_c_pr[1,134]	0.4172	0.002064	0.3011	0.296	-0.1188	0.3993	1.06	21370.0	26270.0	1.12	1.0
theta_c_pr[1,135]	-1.06	0.00211	0.2379	0.227	-1.492	-1.074	-0.5542	12660.0	22830.0	0.6633	1.0
theta_c_pr[1,136]	0.3332	0.00226	0.3662	0.3574	-0.307	0.3052	1.123	26150.0	26390.0	1.37	1.0
theta_c_pr[1,137]	-0.8934	0.003156	0.3992	0.3596	-1.538	-0.9413	0.04002	16560.0	19700.0	0.8677	1.0
theta_c_pr[1,138]	1.575	0.002892	0.5156	0.5129	0.6519	1.546	2.664	32100.0	29960.0	1.682	1.0
theta_c_pr[1,139]	1.088	0.002895	0.4821	0.476	0.2421	1.053	2.124	28190.0	28080.0	1.477	1.0
theta_c_pr[1,140]	1.99	0.003035	0.5473	0.542	1.009	1.959	3.146	32970.0	29890.0	1.727	1.0
theta_c_pr[1,141]	-1.174	0.001922	0.1886	0.1856	-1.532	-1.178	-0.7935	9556.0	17760.0	0.5007	1.0
theta_c_pr[1,142]	1.045	0.002822	0.4692	0.4665	0.2191	1.015	2.045	27960.0	28390.0	1.465	1.0
theta_c_pr[1,143]	-0.1906	0.002718	0.3865	0.3635	-0.8389	-0.23	0.6781	20770.0	23140.0	1.088	1.0
theta_c_pr[1,144]	-0.2108	0.001969	0.2843	0.2785	-0.724	-0.2255	0.3923	20990.0	27530.0	1.1	1.0
theta_c_pr[1,145]	0.3514	0.002711	0.4128	0.3905	-0.3265	0.3049	1.289	24250.0	24290.0	1.271	1.0
theta_c_pr[1,146]	0.1303	0.001933	0.3058	0.301	-0.4251	0.1143	0.7703	24980.0	28020.0	1.309	1.0
theta_c_pr[1,147]	-0.8876	0.001969	0.229	0.2245	-1.314	-0.8968	-0.4119	13500.0	22570.0	0.7073	1.0
theta_c_pr[1,148]	-0.2192	0.00244	0.3473	0.331	-0.8159	-0.2471	0.5489	20720.0	23390.0	1.085	1.0
theta_c_pr[1,149]	-0.6364	0.001854	0.2168	0.2129	-1.043	-0.6438	-0.19	13690.0	23640.0	0.7173	1.0
theta_c_pr[1,150]	-1.626	0.002348	0.2541	0.2404	-2.093	-1.638	-1.088	11640.0	20150.0	0.61	1.0
theta_c_pr[1,151]	0.8298	0.002315	0.3988	0.3868	0.126	0.802	1.691	30150.0	28550.0	1.58	1.0
theta_c_pr[1,152]	-0.6924	0.001843	0.2201	0.2159	-1.103	-0.7013	-0.2366	14190.0	22980.0	0.7436	1.0
theta_c_pr[1,153]	0.4494	0.003161	0.5006	0.4864	-0.3931	0.4039	1.551	25550.0	26900.0	1.339	1.0
theta_c_pr[1,154]	1.013	0.002172	0.3728	0.3677	0.3385	0.9918	1.801	30240.0	27230.0	1.584	1.0
theta_c_pr[1,155]	0.7078	0.00292	0.4783	0.4626	-0.1113	0.6655	1.756	27290.0	27850.0	1.43	1.0
theta_c_pr[1,156]	-1.018	0.002047	0.2533	0.2436	-1.487	-1.028	-0.4848	15400.0	24580.0	0.8069	1.0
theta_c_pr[1,157]	-0.4981	0.002379	0.3247	0.3028	-1.043	-0.5284	0.2341	19240.0	21130.0	1.008	1.0
theta_c_pr[1,158]	-0.8749	0.002494	0.2953	0.2692	-1.371	-0.903	-0.2157	14660.0	19530.0	0.7679	1.0
theta_c_pr[1,159]	-1.77	0.00226	0.22	0.2157	-2.194	-1.772	-1.329	9445.0	16900.0	0.4949	1.001
theta_c_pr[2,1]	0.7303	0.002493	0.4833	0.4746	-0.2016	0.724	1.713	37520.0	29500.0	1.966	1.0
theta_c_pr[2,2]	1.251	0.002634	0.4786	0.4708	0.3476	1.239	2.224	33010.0	30140.0	1.73	1.0
theta_c_pr[2,3]	0.6464	0.003079	0.5484	0.5386	-0.3752	0.6256	1.779	31750.0	29450.0	1.663	1.0
theta_c_pr[2,4]	-0.7773	0.003411	0.5605	0.5564	-1.869	-0.7781	0.3323	26990.0	25030.0	1.414	1.0
theta_c_pr[2,5]	-1.95	0.003168	0.4457	0.4402	-2.818	-1.952	-1.061	19800.0	27100.0	1.038	1.0
theta_c_pr[2,6]	0.5969	0.00244	0.4309	0.4233	-0.227	0.5893	1.465	31160.0	29440.0	1.633	1.0
theta_c_pr[2,7]	0.05052	0.002419	0.4428	0.4364	-0.8153	0.04608	0.933	33540.0	29150.0	1.757	1.0
theta_c_pr[2,8]	1.048	0.002629	0.466	0.4582	0.1899	1.03	2.016	31630.0	29680.0	1.657	1.0
theta_c_pr[2,9]	0.0971	0.002509	0.418	0.417	-0.6916	0.0889	0.9388	27780.0	28110.0	1.456	1.0
theta_c_pr[2,10]	0.1434	0.002663	0.4433	0.4393	-0.696	0.1304	1.048	27750.0	29530.0	1.454	1.0
theta_c_pr[2,11]	-0.008344	0.002701	0.4565	0.4461	-0.9022	-0.01402	0.8982	28550.0	28560.0	1.496	1.0
theta_c_pr[2,12]	0.07207	0.003236	0.5363	0.5298	-0.9544	0.06146	1.146	27360.0	27030.0	1.434	1.0
theta_c_pr[2,13]	0.9323	0.002589	0.482	0.4744	0.03155	0.9176	1.92	34640.0	29500.0	1.815	1.0
theta_c_pr[2,14]	-0.3877	0.003772	0.593	0.5835	-1.512	-0.3995	0.8086	24610.0	26150.0	1.29	1.0
theta_c_pr[2,15]	-0.1018	0.002826	0.472	0.4664	-1.014	-0.108	0.8412	27800.0	27860.0	1.457	1.0
theta_c_pr[2,16]	0.1319	0.002453	0.4506	0.4425	-0.7481	0.1282	1.036	33800.0	28600.0	1.771	1.0
theta_c_pr[2,17]	1.39	0.002753	0.5288	0.5204	0.4241	1.364	2.503	37270.0	30700.0	1.953	1.0
theta_c_pr[2,18]	0.4347	0.002456	0.4377	0.4277	-0.3994	0.428	1.321	31950.0	28920.0	1.674	1.0
theta_c_pr[2,19]	-0.6649	0.003167	0.5189	0.5177	-1.658	-0.6718	0.3695	26710.0	26480.0	1.399	1.0
theta_c_pr[2,20]	0.9934	0.002946	0.5307	0.5218	-0.005278	0.9767	2.081	32740.0	31280.0	1.715	1.0
theta_c_pr[2,21]	0.4007	0.002937	0.5247	0.5166	-0.6	0.3917	1.471	31790.0	29390.0	1.666	1.0
theta_c_pr[2,22]	-0.3977	0.003038	0.4793	0.4769	-1.303	-0.409	0.5722	24820.0	26710.0	1.301	1.0
theta_c_pr[2,23]	0.2752	0.005179	0.8339	0.8172	-1.45	0.3025	1.841	26890.0	21340.0	1.409	1.0
theta_c_pr[2,24]	0.6429	0.002615	0.4688	0.4603	-0.2338	0.6296	1.607	32410.0	30340.0	1.698	1.0
theta_c_pr[2,25]	0.3092	0.003297	0.5324	0.5247	-0.6962	0.2942	1.398	25960.0	27020.0	1.36	1.0
theta_c_pr[2,26]	0.591	0.002675	0.4579	0.4519	-0.269	0.5788	1.53	29470.0	29270.0	1.544	1.0
theta_c_pr[2,27]	1.505	0.003188	0.5905	0.5736	0.4209	1.474	2.748	34610.0	29990.0	1.813	1.0
theta_c_pr[2,28]	1.277	0.002601	0.5164	0.5041	0.3443	1.25	2.37	40070.0	31150.0	2.099	1.0
theta_c_pr[2,29]	0.09593	0.00272	0.4542	0.4476	-0.7822	0.09046	0.9991	27850.0	28550.0	1.459	1.0
theta_c_pr[2,30]	0.666	0.002576	0.4515	0.4498	-0.1788	0.6522	1.591	30850.0	29570.0	1.616	1.0
theta_c_pr[2,31]	-2.311	0.003234	0.5626	0.5578	-3.427	-2.307	-1.225	30380.0	29760.0	1.592	1.0
theta_c_pr[2,32]	-0.4145	0.003164	0.5168	0.5092	-1.42	-0.4187	0.6083	26720.0	26410.0	1.4	1.0
theta_c_pr[2,33]	0.4298	0.002502	0.4405	0.4333	-0.3896	0.4113	1.347	30970.0	30050.0	1.623	1.0
theta_c_pr[2,34]	-0.6674	0.005445	0.7249	0.7126	-2.112	-0.6627	0.7611	17780.0	17060.0	0.9318	1.0
theta_c_pr[2,35]	0.08091	0.003526	0.5626	0.5533	-0.9926	0.0699	1.223	25330.0	24580.0	1.327	1.0
theta_c_pr[2,36]	1.077	0.003276	0.559	0.5553	0.02753	1.066	2.211	29030.0	28870.0	1.521	1.0
theta_c_pr[2,37]	0.113	0.002618	0.4396	0.4381	-0.7147	0.103	0.9997	28160.0	29690.0	1.475	1.0
theta_c_pr[2,38]	0.4791	0.002342	0.4358	0.4308	-0.3438	0.4652	1.369	34720.0	31120.0	1.819	1.0
theta_c_pr[2,39]	-0.6857	0.002499	0.4114	0.4088	-1.487	-0.6904	0.137	27000.0	27470.0	1.415	1.0
theta_c_pr[2,40]	1.559	0.002755	0.5185	0.5126	0.6086	1.536	2.634	35590.0	29950.0	1.865	1.0
theta_c_pr[2,41]	-1.736	0.003841	0.6648	0.6523	-3.019	-1.743	-0.3953	29970.0	28400.0	1.57	1.0
theta_c_pr[2,42]	1.219	0.002888	0.5149	0.5115	0.2733	1.197	2.295	32070.0	31080.0	1.68	1.0
theta_c_pr[2,43]	0.06053	0.00276	0.4797	0.4741	-0.8711	0.05919	1.01	30160.0	27950.0	1.58	1.0
theta_c_pr[2,44]	1.007	0.005223	0.9154	0.9285	-0.8	1.028	2.749	30940.0	27810.0	1.621	1.0
theta_c_pr[2,45]	-0.02302	0.003201	0.5357	0.5289	-1.043	-0.03576	1.067	27970.0	28100.0	1.465	1.0
theta_c_pr[2,46]	-0.1518	0.002704	0.4538	0.4498	-1.022	-0.157	0.7615	28050.0	27800.0	1.469	1.0
theta_c_pr[2,47]	0.2533	0.0028	0.4594	0.4536	-0.6186	0.2439	1.193	26820.0	28830.0	1.405	1.0
theta_c_pr[2,48]	0.07923	0.003444	0.6892	0.689	-1.267	0.07783	1.441	40100.0	31940.0	2.101	1.0
theta_c_pr[2,49]	-1.899	0.003997	0.6413	0.6318	-3.086	-1.923	-0.569	25600.0	28520.0	1.341	1.0
theta_c_pr[2,50]	-1.389	0.004631	0.7543	0.7356	-2.785	-1.419	0.1736	26450.0	27020.0	1.386	1.0
theta_c_pr[2,51]	-0.6318	0.004155	0.8317	0.8131	-2.278	-0.6298	1.007	40390.0	29560.0	2.116	1.0
theta_c_pr[2,52]	1.485	0.003013	0.559	0.5495	0.4753	1.455	2.671	34920.0	29740.0	1.83	1.0
theta_c_pr[2,53]	0.399	0.002723	0.4613	0.4597	-0.4805	0.392	1.326	28620.0	30050.0	1.5	1.0
theta_c_pr[2,54]	-0.7304	0.003973	0.6866	0.6742	-2.047	-0.7413	0.6567	29710.0	26750.0	1.557	1.0
theta_c_pr[2,55]	-0.4944	0.003187	0.5366	0.5224	-1.56	-0.4923	0.5574	28600.0	26250.0	1.498	1.0
theta_c_pr[2,56]	-2.204	0.002608	0.4989	0.4939	-3.222	-2.19	-1.267	37050.0	28670.0	1.941	1.0
theta_c_pr[2,57]	1.499	0.00257	0.561	0.5605	0.4378	1.487	2.631	47820.0	32090.0	2.505	1.0
theta_c_pr[2,58]	1.087	0.002741	0.5423	0.5349	0.05529	1.072	2.197	39160.0	31920.0	2.051	1.0
theta_c_pr[2,59]	-0.2276	0.003231	0.5419	0.5303	-1.263	-0.2376	0.8773	28050.0	28300.0	1.47	1.0
theta_c_pr[2,60]	0.268	0.003808	0.6019	0.6018	-0.8704	0.2505	1.491	24590.0	23870.0	1.288	1.0
theta_c_pr[2,61]	0.3293	0.003205	0.5521	0.5479	-0.6817	0.306	1.48	29520.0	28870.0	1.546	1.0
theta_c_pr[2,62]	0.2443	0.002851	0.4832	0.4798	-0.669	0.2339	1.224	28570.0	28130.0	1.497	1.0
theta_c_pr[2,63]	-0.01102	0.00281	0.4777	0.4712	-0.9267	-0.01997	0.961	28860.0	28470.0	1.512	1.0
theta_c_pr[2,64]	-0.02631	0.002978	0.5229	0.515	-1.059	-0.02338	0.9965	31080.0	27750.0	1.628	1.0
theta_c_pr[2,65]	-1.569	0.006277	0.9977	0.9764	-3.342	-1.636	0.5879	25060.0	29400.0	1.313	1.0
theta_c_pr[2,66]	0.4458	0.003503	0.5721	0.5627	-0.6488	0.4356	1.602	26580.0	23990.0	1.392	1.0
theta_c_pr[2,67]	1.048	0.002991	0.5946	0.5886	-0.09212	1.039	2.254	39390.0	30260.0	2.064	1.0
theta_c_pr[2,68]	-0.01415	0.002617	0.4408	0.4326	-0.8597	-0.02228	0.8812	28320.0	28500.0	1.484	1.0
theta_c_pr[2,69]	-0.2202	0.002739	0.4538	0.4501	-1.095	-0.227	0.6807	27420.0	28890.0	1.436	1.0
theta_c_pr[2,70]	0.6947	0.002492	0.471	0.4665	-0.1945	0.6847	1.651	35770.0	29620.0	1.874	1.0
theta_c_pr[2,71]	1.101	0.00281	0.5173	0.5115	0.12	1.086	2.162	34010.0	30410.0	1.782	1.0
theta_c_pr[2,72]	-0.13	0.00264	0.4672	0.4651	-1.042	-0.1319	0.7928	31380.0	27600.0	1.644	1.0
theta_c_pr[2,73]	-0.4625	0.0051	0.7811	0.761	-2.191	-0.3739	0.8586	25890.0	23010.0	1.357	1.0
theta_c_pr[2,74]	-2.223	0.003287	0.5664	0.5557	-3.358	-2.217	-1.127	29830.0	29180.0	1.563	1.0
theta_c_pr[2,75]	-1.307	0.003962	0.6605	0.6511	-2.636	-1.298	-0.03593	28060.0	26260.0	1.47	1.0
theta_c_pr[2,76]	-0.585	0.00373	0.6371	0.6247	-1.846	-0.5797	0.657	29370.0	24960.0	1.539	1.0
theta_c_pr[2,77]	-0.9446	0.003364	0.5325	0.5286	-1.987	-0.9446	0.1136	25090.0	25920.0	1.315	1.0
theta_c_pr[2,78]	-2.893	0.003201	0.5652	0.5619	-4.029	-2.883	-1.81	31450.0	29530.0	1.648	1.0
theta_c_pr[2,79]	-0.2597	0.003206	0.5416	0.5332	-1.309	-0.2674	0.8292	28440.0	25570.0	1.49	1.0
theta_c_pr[2,80]	-0.1924	0.002714	0.4307	0.4288	-1.007	-0.2038	0.6818	25060.0	27710.0	1.313	1.0
theta_c_pr[2,81]	0.682	0.002683	0.5157	0.5078	-0.3152	0.677	1.718	36960.0	29130.0	1.936	1.0
theta_c_pr[2,82]	-0.1204	0.003242	0.5223	0.5187	-1.157	-0.1138	0.8995	26080.0	26170.0	1.366	1.0
theta_c_pr[2,83]	0.5947	0.002384	0.4454	0.4373	-0.2593	0.5854	1.487	34920.0	31000.0	1.829	1.0
theta_c_pr[2,84]	1.278	0.002562	0.4831	0.4772	0.3815	1.262	2.274	35810.0	30930.0	1.876	1.0
theta_c_pr[2,85]	-0.06294	0.002413	0.3987	0.3966	-0.8147	-0.07472	0.7422	27280.0	28380.0	1.429	1.0
theta_c_pr[2,86]	-0.4004	0.003169	0.5159	0.5074	-1.382	-0.4122	0.6485	26400.0	28190.0	1.383	1.0
theta_c_pr[2,87]	0.02677	0.002397	0.4329	0.4293	-0.7916	0.01428	0.9043	32620.0	30750.0	1.709	1.0
theta_c_pr[2,88]	0.3455	0.003	0.5113	0.5029	-0.6341	0.3368	1.378	29000.0	28190.0	1.519	1.0
theta_c_pr[2,89]	-0.02228	0.002934	0.4985	0.4956	-0.9805	-0.03105	0.9778	28780.0	28940.0	1.508	1.0
theta_c_pr[2,90]	0.703	0.003226	0.5347	0.5278	-0.3267	0.6963	1.782	27410.0	26990.0	1.436	1.0
theta_c_pr[2,91]	-1.006	0.004539	0.7297	0.7184	-2.354	-1.037	0.5202	25820.0	28900.0	1.353	1.0
theta_c_pr[2,92]	-0.1658	0.002831	0.4907	0.4841	-1.125	-0.1694	0.8071	30070.0	28010.0	1.576	1.0
theta_c_pr[2,93]	-0.2481	0.003003	0.5151	0.5103	-1.265	-0.2522	0.7608	29480.0	25700.0	1.545	1.0
theta_c_pr[2,94]	0.4403	0.002754	0.4832	0.4754	-0.4861	0.4303	1.428	30500.0	27950.0	1.598	1.0
theta_c_pr[2,95]	0.0285	0.00225	0.3809	0.3756	-0.7045	0.02239	0.7917	28720.0	29970.0	1.505	1.0
theta_c_pr[2,96]	0.2052	0.004078	0.7321	0.7125	-1.281	0.2202	1.624	32800.0	23500.0	1.718	1.0
theta_c_pr[2,97]	0.845	0.003109	0.5591	0.5563	-0.2136	0.8301	1.992	32130.0	28770.0	1.684	1.0
theta_c_pr[2,98]	-0.3049	0.002369	0.4323	0.4271	-1.124	-0.3145	0.5717	33440.0	29680.0	1.752	1.0
theta_c_pr[2,99]	-0.6653	0.005256	0.7198	0.7263	-2.094	-0.6542	0.7033	18910.0	21610.0	0.9907	1.0
theta_c_pr[2,100]	-1.176	0.002654	0.4313	0.4317	-2.034	-1.176	-0.3409	26500.0	29250.0	1.388	1.0
theta_c_pr[2,101]	-0.3275	0.003206	0.504	0.4995	-1.309	-0.33	0.6749	24720.0	25870.0	1.295	1.0
theta_c_pr[2,102]	0.2909	0.002615	0.4757	0.4716	-0.6224	0.2839	1.241	33070.0	29860.0	1.733	1.0
theta_c_pr[2,103]	-0.7031	0.003631	0.589	0.5809	-1.846	-0.7091	0.4708	26160.0	24310.0	1.37	1.0
theta_c_pr[2,104]	-0.4274	0.002588	0.4152	0.4073	-1.241	-0.4254	0.3899	25800.0	27130.0	1.352	1.0
theta_c_pr[2,105]	1.168	0.003116	0.6178	0.6092	-0.02343	1.162	2.405	39350.0	28270.0	2.062	1.0
theta_c_pr[2,106]	-0.7792	0.006679	1.107	1.125	-2.93	-0.7768	1.388	27350.0	23440.0	1.433	1.0
theta_c_pr[2,107]	1.448	0.004464	0.7489	0.7471	-0.08546	1.47	2.86	28670.0	26230.0	1.502	1.0
theta_c_pr[2,108]	-0.1123	0.003102	0.5258	0.5213	-1.127	-0.1202	0.9472	28650.0	28010.0	1.501	1.0
theta_c_pr[2,109]	-0.2473	0.002724	0.4826	0.4755	-1.186	-0.249	0.721	31320.0	26400.0	1.641	1.0
theta_c_pr[2,110]	0.4136	0.003368	0.5355	0.5333	-0.5998	0.4016	1.499	25160.0	28100.0	1.318	1.0
theta_c_pr[2,111]	0.8564	0.002377	0.4628	0.4549	-0.01919	0.8431	1.806	38090.0	30740.0	1.996	1.0
theta_c_pr[2,112]	0.1147	0.00284	0.479	0.4762	-0.787	0.1036	1.099	28280.0	28070.0	1.482	1.0
theta_c_pr[2,113]	0.1171	0.002407	0.4331	0.4319	-0.7173	0.115	0.9786	32350.0	28670.0	1.695	1.0
theta_c_pr[2,114]	0.7933	0.002569	0.4588	0.4525	-0.06654	0.7761	1.737	32070.0	28820.0	1.68	1.0
theta_c_pr[2,115]	-0.2323	0.002849	0.5077	0.4938	-1.269	-0.2217	0.736	32370.0	24620.0	1.696	1.0
theta_c_pr[2,116]	0.2203	0.002794	0.4726	0.4704	-0.6722	0.212	1.182	28450.0	28610.0	1.491	1.0
theta_c_pr[2,117]	-0.3164	0.00253	0.4441	0.4384	-1.198	-0.3131	0.547	30970.0	28090.0	1.622	1.0
theta_c_pr[2,118]	0.2447	0.002779	0.5207	0.5185	-0.7708	0.2429	1.278	35120.0	26750.0	1.84	1.0
theta_c_pr[2,119]	-0.9516	0.003173	0.5596	0.5487	-2.047	-0.9573	0.1548	31160.0	26350.0	1.633	1.0
theta_c_pr[2,120]	0.658	0.003129	0.543	0.5378	-0.3494	0.6392	1.78	30250.0	30570.0	1.585	1.0
theta_c_pr[2,121]	-0.6408	0.003105	0.508	0.5052	-1.659	-0.6321	0.3308	27020.0	25050.0	1.415	1.0
theta_c_pr[2,122]	-1.189	0.003526	0.5264	0.5125	-2.191	-1.201	-0.1165	22290.0	25530.0	1.168	1.0
theta_c_pr[2,123]	-0.2646	0.005274	0.7847	0.7916	-1.808	-0.2591	1.253	22240.0	21840.0	1.165	1.0
theta_c_pr[2,124]	-0.2509	0.002672	0.4501	0.4435	-1.108	-0.2581	0.6526	28330.0	27880.0	1.484	1.0
theta_c_pr[2,125]	0.5026	0.003004	0.5043	0.5032	-0.4484	0.4905	1.52	28010.0	27170.0	1.467	1.0
theta_c_pr[2,126]	-0.04552	0.002476	0.4264	0.4222	-0.8723	-0.04678	0.8034	29650.0	29250.0	1.553	1.0
theta_c_pr[2,127]	-0.4619	0.003829	0.7054	0.6963	-1.83	-0.4705	0.9534	33910.0	29710.0	1.777	1.0
theta_c_pr[2,128]	0.274	0.002403	0.4237	0.4155	-0.5388	0.2636	1.14	31210.0	30730.0	1.635	1.0
theta_c_pr[2,129]	0.2286	0.002786	0.4928	0.4816	-0.7001	0.213	1.254	31220.0	27580.0	1.636	1.0
theta_c_pr[2,130]	0.08629	0.003018	0.4769	0.4683	-0.7937	0.06469	1.077	24990.0	29120.0	1.31	1.0
theta_c_pr[2,131]	-0.6182	0.003446	0.5335	0.5349	-1.697	-0.6038	0.3869	24410.0	23310.0	1.279	1.0
theta_c_pr[2,132]	-0.1898	0.004723	0.9323	0.9371	-1.971	-0.2065	1.683	38800.0	27780.0	2.033	1.0
theta_c_pr[2,133]	-0.1886	0.005247	0.8096	0.8168	-1.725	-0.1989	1.428	23550.0	23270.0	1.234	1.0
theta_c_pr[2,134]	0.5359	0.003486	0.5699	0.5571	-0.4816	0.4968	1.75	26970.0	28010.0	1.413	1.0
theta_c_pr[2,135]	0.5091	0.003755	0.6448	0.642	-0.7368	0.5009	1.787	29410.0	27920.0	1.541	1.0
theta_c_pr[2,136]	0.1001	0.002727	0.4733	0.4675	-0.809	0.09714	1.056	30130.0	27940.0	1.578	1.0
theta_c_pr[2,137]	-0.8818	0.004998	0.7104	0.7131	-2.226	-0.8986	0.5451	20040.0	22700.0	1.05	1.0
theta_c_pr[2,138]	0.2561	0.002807	0.4604	0.4565	-0.6004	0.2409	1.205	26880.0	28850.0	1.408	1.0
theta_c_pr[2,139]	-0.5592	0.002594	0.4256	0.4205	-1.375	-0.5662	0.2968	26830.0	27750.0	1.406	1.0
theta_c_pr[2,140]	0.3972	0.002968	0.4972	0.4845	-0.5219	0.3767	1.442	28130.0	29320.0	1.474	1.0
theta_c_pr[2,141]	1.252	0.004318	0.7485	0.7281	-0.2457	1.257	2.715	30430.0	24360.0	1.594	1.0
theta_c_pr[2,142]	-0.3026	0.002719	0.4352	0.4347	-1.134	-0.3096	0.572	25670.0	29230.0	1.345	1.0
theta_c_pr[2,143]	-1.361	0.002979	0.4743	0.469	-2.275	-1.363	-0.4201	25320.0	27930.0	1.327	1.0
theta_c_pr[2,144]	0.2531	0.002421	0.4438	0.4366	-0.6054	0.2473	1.144	33600.0	29760.0	1.761	1.0
theta_c_pr[2,145]	-0.4768	0.003117	0.5062	0.5144	-1.482	-0.4717	0.4868	26510.0	27680.0	1.389	1.0
theta_c_pr[2,146]	0.5519	0.002571	0.457	0.4532	-0.3181	0.5436	1.471	31670.0	29910.0	1.659	1.0
theta_c_pr[2,147]	-0.2357	0.002691	0.4751	0.4585	-1.121	-0.2519	0.7387	31370.0	30340.0	1.644	1.0
theta_c_pr[2,148]	-0.5584	0.002983	0.4673	0.4638	-1.481	-0.5573	0.3475	24580.0	24380.0	1.288	1.0
theta_c_pr[2,149]	0.6564	0.002869	0.5477	0.5397	-0.37	0.641	1.781	36620.0	30370.0	1.919	1.0
theta_c_pr[2,150]	-1.496	0.004358	0.7763	0.7455	-2.942	-1.53	0.1365	32400.0	27390.0	1.697	1.0
theta_c_pr[2,151]	0.7847	0.002932	0.558	0.5483	-0.2571	0.7676	1.951	36070.0	30210.0	1.89	1.0
theta_c_pr[2,152]	-0.03225	0.003378	0.5602	0.5476	-1.037	-0.06932	1.159	28190.0	25540.0	1.477	1.0
theta_c_pr[2,153]	-1.27	0.002795	0.4132	0.409	-2.081	-1.272	-0.4552	21900.0	26490.0	1.147	1.0
theta_c_pr[2,154]	1.842	0.002751	0.531	0.5223	0.8582	1.823	2.947	37490.0	30920.0	1.964	1.0
theta_c_pr[2,155]	-0.3922	0.002866	0.4815	0.4761	-1.308	-0.4018	0.5862	28090.0	28700.0	1.472	1.0
theta_c_pr[2,156]	0.4095	0.004198	0.7133	0.7014	-1.018	0.4166	1.794	29300.0	25810.0	1.535	1.0
theta_c_pr[2,157]	-0.506	0.003449	0.5865	0.5914	-1.646	-0.5064	0.6461	28840.0	25710.0	1.511	1.0
theta_c_pr[2,158]	-0.8874	0.003587	0.5445	0.5346	-1.986	-0.8809	0.1674	23290.0	24060.0	1.22	1.0
theta_c_pr[2,159]	0.2936	0.004007	0.7923	0.7901	-1.27	0.2985	1.84	39230.0	29120.0	2.055	1.0
theta_c_pr[3,1]	-0.546	0.002474	0.4197	0.3878	-1.511	-0.4965	0.1396	32770.0	23630.0	1.717	1.0
theta_c_pr[3,2]	0.7266	0.002345	0.4067	0.3904	-0.1481	0.7518	1.449	31130.0	27140.0	1.631	1.0
theta_c_pr[3,3]	0.8082	0.001898	0.3101	0.299	0.165	0.8189	1.393	26810.0	28690.0	1.405	1.0
theta_c_pr[3,4]	0.4148	0.002579	0.465	0.4418	-0.5796	0.4408	1.265	33810.0	26580.0	1.772	1.0
theta_c_pr[3,5]	-1.119	0.00269	0.4712	0.444	-2.168	-1.076	-0.3137	33340.0	25440.0	1.747	1.0
theta_c_pr[3,6]	-0.01108	0.002005	0.3481	0.3305	-0.769	0.01363	0.6003	32820.0	23480.0	1.72	1.0
theta_c_pr[3,7]	-0.362	0.002716	0.5147	0.4875	-1.526	-0.3125	0.5109	41560.0	21730.0	2.177	1.0
theta_c_pr[3,8]	1.455	0.001839	0.2505	0.2462	0.9719	1.453	1.957	18560.0	26470.0	0.9724	1.0
theta_c_pr[3,9]	0.1499	0.001801	0.2919	0.2813	-0.4716	0.166	0.6769	26940.0	25750.0	1.411	1.0
theta_c_pr[3,10]	1.232	0.00179	0.2326	0.232	0.7863	1.23	1.695	16900.0	25110.0	0.8855	1.0
theta_c_pr[3,11]	1.242	0.002098	0.322	0.3177	0.5918	1.248	1.863	23680.0	27380.0	1.241	1.0
theta_c_pr[3,12]	0.3092	0.002203	0.4032	0.3863	-0.5402	0.3275	1.051	34480.0	26080.0	1.806	1.0
theta_c_pr[3,13]	-0.3593	0.002824	0.4821	0.4463	-1.486	-0.2983	0.4099	33880.0	23720.0	1.775	1.0
theta_c_pr[3,14]	-0.2248	0.002983	0.5277	0.5169	-1.301	-0.2102	0.7724	31700.0	27890.0	1.661	1.0
theta_c_pr[3,15]	0.1321	0.002418	0.4275	0.4086	-0.7976	0.1596	0.8974	33360.0	24710.0	1.748	1.0
theta_c_pr[3,16]	-0.8217	0.00237	0.4001	0.3878	-1.693	-0.7912	-0.1254	30150.0	27340.0	1.58	1.0
theta_c_pr[3,17]	-0.03861	0.002577	0.4518	0.4266	-1.047	0.008156	0.7179	34680.0	24010.0	1.817	1.0
theta_c_pr[3,18]	-0.1924	0.00227	0.4191	0.4055	-1.087	-0.1664	0.5611	35110.0	27440.0	1.84	1.0
theta_c_pr[3,19]	0.3263	0.002692	0.4766	0.4607	-0.6615	0.3419	1.213	31960.0	27870.0	1.674	1.0
theta_c_pr[3,20]	1.193	0.001923	0.3138	0.3085	0.5596	1.196	1.798	26630.0	26790.0	1.395	1.0
theta_c_pr[3,21]	0.2819	0.002242	0.4257	0.4099	-0.6317	0.3077	1.048	37510.0	25690.0	1.965	1.0
theta_c_pr[3,22]	0.6894	0.00223	0.366	0.3601	-0.05946	0.699	1.383	27020.0	28680.0	1.416	1.0
theta_c_pr[3,23]	-0.7283	0.003373	0.7865	0.7876	-2.334	-0.7065	0.7585	55270.0	30420.0	2.896	1.0
theta_c_pr[3,24]	0.1488	0.002112	0.3531	0.3398	-0.5949	0.1671	0.7957	28760.0	26420.0	1.507	1.0
theta_c_pr[3,25]	1.296	0.002119	0.3363	0.331	0.6205	1.303	1.941	25270.0	28360.0	1.324	1.0
theta_c_pr[3,26]	0.2653	0.002073	0.3515	0.3356	-0.5073	0.2898	0.8797	30150.0	26090.0	1.58	1.0
theta_c_pr[3,27]	0.9983	0.001648	0.2266	0.2236	0.5452	1.0	1.438	18930.0	26440.0	0.9918	1.0
theta_c_pr[3,28]	-0.04553	0.00163	0.2793	0.268	-0.6471	-0.02852	0.4589	30300.0	25460.0	1.588	1.0
theta_c_pr[3,29]	0.2535	0.002128	0.3691	0.354	-0.5532	0.2806	0.9057	31730.0	25340.0	1.662	1.0
theta_c_pr[3,30]	0.9274	0.001756	0.2706	0.2676	0.382	0.9314	1.448	23700.0	26740.0	1.242	1.0
theta_c_pr[3,31]	-1.406	0.002602	0.4775	0.4606	-2.457	-1.37	-0.5797	36350.0	25060.0	1.905	1.0
theta_c_pr[3,32]	0.01725	0.002813	0.5257	0.492	-1.134	0.05562	0.9395	38350.0	24100.0	2.009	1.0
theta_c_pr[3,33]	1.062	0.001657	0.214	0.2134	0.6424	1.061	1.482	16670.0	24650.0	0.8734	1.0
theta_c_pr[3,34]	-1.678	0.003201	0.6351	0.6257	-3.008	-1.649	-0.5148	40330.0	30080.0	2.113	1.0
theta_c_pr[3,35]	1.226	0.002786	0.4351	0.4308	0.3561	1.231	2.075	24440.0	26570.0	1.28	1.0
theta_c_pr[3,36]	0.007939	0.003086	0.556	0.5302	-1.219	0.05103	0.9842	34150.0	26920.0	1.789	1.0
theta_c_pr[3,37]	1.373	0.001988	0.258	0.2551	0.8709	1.371	1.886	16890.0	25730.0	0.885	1.0
theta_c_pr[3,38]	0.4311	0.002034	0.361	0.344	-0.3466	0.4547	1.068	33400.0	25450.0	1.75	1.0
theta_c_pr[3,39]	-0.3415	0.002321	0.4339	0.4127	-1.294	-0.31	0.4164	37950.0	25520.0	1.988	1.0
theta_c_pr[3,40]	1.487	0.001879	0.2474	0.2443	1.005	1.485	1.977	17350.0	24210.0	0.9089	1.0
theta_c_pr[3,41]	-1.077	0.003113	0.6185	0.6051	-2.388	-1.04	0.03201	41010.0	27610.0	2.149	1.0
theta_c_pr[3,42]	0.7345	0.001794	0.2912	0.2832	0.1188	0.7486	1.269	26790.0	26780.0	1.403	1.0
theta_c_pr[3,43]	0.3141	0.002767	0.4836	0.4548	-0.7622	0.3577	1.143	33480.0	24590.0	1.754	1.0
theta_c_pr[3,44]	-0.6171	0.003483	0.7395	0.7375	-2.187	-0.5784	0.7036	47540.0	28840.0	2.491	1.0
theta_c_pr[3,45]	0.8633	0.002445	0.4182	0.4065	-0.001022	0.8752	1.655	29740.0	28010.0	1.558	1.0
theta_c_pr[3,46]	0.3728	0.002075	0.3647	0.348	-0.4086	0.3937	1.028	32360.0	25110.0	1.695	1.0
theta_c_pr[3,47]	1.05	0.002208	0.3281	0.3197	0.3775	1.059	1.676	22220.0	27930.0	1.164	1.0
theta_c_pr[3,48]	-0.2171	0.003503	0.8136	0.7979	-1.949	-0.1792	1.271	55480.0	29520.0	2.907	1.0
theta_c_pr[3,49]	-1.615	0.002942	0.5783	0.5653	-2.881	-1.565	-0.6204	41710.0	27770.0	2.185	1.0
theta_c_pr[3,50]	-0.1923	0.003242	0.6315	0.6029	-1.537	-0.1584	0.9555	39780.0	25130.0	2.084	1.0
theta_c_pr[3,51]	-0.7933	0.003346	0.778	0.7672	-2.386	-0.7725	0.6806	54790.0	30110.0	2.87	1.0
theta_c_pr[3,52]	0.8894	0.001627	0.207	0.2049	0.4807	0.8908	1.294	16170.0	26160.0	0.8473	1.0
theta_c_pr[3,53]	0.8191	0.002014	0.3371	0.3268	0.1267	0.8293	1.456	28200.0	28190.0	1.478	1.0
theta_c_pr[3,54]	-0.1098	0.003346	0.6856	0.6686	-1.555	-0.07723	1.15	43140.0	29280.0	2.26	1.0
theta_c_pr[3,55]	-1.883	0.002717	0.5516	0.5382	-3.079	-1.839	-0.9222	43640.0	28740.0	2.287	1.0
theta_c_pr[3,56]	-2.99	0.002524	0.5098	0.5055	-4.066	-2.956	-2.082	42170.0	28800.0	2.209	1.0
theta_c_pr[3,57]	0.5217	0.00239	0.4754	0.4539	-0.51	0.5562	1.361	43000.0	24210.0	2.253	1.0
theta_c_pr[3,58]	-0.06564	0.001969	0.3459	0.3302	-0.8185	-0.04155	0.537	32890.0	24600.0	1.723	1.0
theta_c_pr[3,59]	-1.773	0.00298	0.6045	0.5923	-3.05	-1.733	-0.688	42750.0	28800.0	2.24	1.0
theta_c_pr[3,60]	0.7524	0.002144	0.3501	0.3444	0.04247	0.7622	1.412	26850.0	28070.0	1.407	1.0
theta_c_pr[3,61]	0.4996	0.002047	0.3559	0.3434	-0.2541	0.5186	1.143	31330.0	25780.0	1.641	1.0
theta_c_pr[3,62]	0.8046	0.002213	0.3694	0.3572	0.04061	0.815	1.499	28040.0	27950.0	1.469	1.0
theta_c_pr[3,63]	-0.9378	0.003437	0.6549	0.6512	-2.358	-0.8814	0.1874	37860.0	29940.0	1.984	1.0
theta_c_pr[3,64]	-0.4148	0.00342	0.6895	0.672	-1.94	-0.3516	0.7675	44250.0	27290.0	2.319	1.0
theta_c_pr[3,65]	-0.6393	0.003494	0.7684	0.7469	-2.205	-0.6225	0.8291	49080.0	28030.0	2.572	1.0
theta_c_pr[3,66]	0.3416	0.002442	0.4308	0.4171	-0.5704	0.3613	1.134	31770.0	28630.0	1.665	1.0
theta_c_pr[3,67]	-1.257	0.003485	0.7218	0.7241	-2.757	-1.224	0.05048	44540.0	30910.0	2.333	1.0
theta_c_pr[3,68]	0.6191	0.001975	0.3175	0.3089	-0.04049	0.6307	1.204	26080.0	24570.0	1.367	1.0
theta_c_pr[3,69]	0.5247	0.002141	0.3807	0.3717	-0.274	0.5425	1.218	32630.0	27530.0	1.709	1.0
theta_c_pr[3,70]	0.557	0.001869	0.3079	0.2972	-0.09147	0.573	1.114	28010.0	26810.0	1.467	1.0
theta_c_pr[3,71]	0.07299	0.002602	0.4851	0.4608	-1.002	0.1187	0.8943	38140.0	26050.0	1.999	1.0
theta_c_pr[3,72]	-0.5222	0.002945	0.5675	0.5366	-1.81	-0.4691	0.4488	41140.0	25550.0	2.155	1.0
theta_c_pr[3,73]	-2.868	0.002664	0.5293	0.5222	-3.992	-2.833	-1.918	41300.0	27490.0	2.164	1.0
theta_c_pr[3,74]	-0.8602	0.002937	0.5801	0.5579	-2.138	-0.8122	0.1326	42080.0	29120.0	2.205	1.0
theta_c_pr[3,75]	-0.2384	0.003402	0.665	0.637	-1.71	-0.1793	0.9022	42380.0	26190.0	2.221	1.0
theta_c_pr[3,76]	-0.2665	0.003222	0.6431	0.6209	-1.626	-0.2335	0.9063	41590.0	27270.0	2.179	1.0
theta_c_pr[3,77]	0.1884	0.002787	0.4824	0.4595	-0.8397	0.2121	1.071	30860.0	26190.0	1.617	1.0
theta_c_pr[3,78]	-2.229	0.002808	0.5764	0.5768	-3.438	-2.199	-1.193	43780.0	27830.0	2.294	1.0
theta_c_pr[3,79]	-0.5172	0.002915	0.5978	0.5727	-1.815	-0.467	0.5166	46480.0	27010.0	2.435	1.0
theta_c_pr[3,80]	0.8827	0.00174	0.255	0.251	0.375	0.8861	1.373	21520.0	25700.0	1.128	1.0
theta_c_pr[3,81]	-0.01288	0.002861	0.5286	0.4977	-1.198	0.04261	0.8751	37970.0	24510.0	1.989	1.0
theta_c_pr[3,82]	1.083	0.002129	0.3418	0.3358	0.3861	1.089	1.736	25760.0	28050.0	1.35	1.0
theta_c_pr[3,83]	-0.7514	0.002777	0.5278	0.4975	-1.949	-0.6962	0.128	41360.0	26080.0	2.167	1.0
theta_c_pr[3,84]	0.7848	0.00186	0.3199	0.3113	0.1215	0.7953	1.381	29850.0	27680.0	1.564	1.0
theta_c_pr[3,85]	0.903	0.001717	0.2462	0.2409	0.4112	0.9053	1.385	20570.0	27110.0	1.078	1.0
theta_c_pr[3,86]	0.9036	0.002124	0.3757	0.3645	0.1298	0.9145	1.611	31430.0	28370.0	1.647	1.0
theta_c_pr[3,87]	0.1951	0.001897	0.329	0.3139	-0.5087	0.2176	0.7839	31490.0	26060.0	1.65	1.0
theta_c_pr[3,88]	0.6397	0.00193	0.3251	0.3145	-0.03817	0.652	1.239	29300.0	24240.0	1.535	1.0
theta_c_pr[3,89]	0.1222	0.002051	0.3677	0.3503	-0.6645	0.146	0.7846	34040.0	26400.0	1.784	1.0
theta_c_pr[3,90]	0.7941	0.002243	0.3961	0.3822	-0.04822	0.814	1.52	32320.0	25910.0	1.693	1.0
theta_c_pr[3,91]	-0.4449	0.003258	0.5985	0.5776	-1.678	-0.4323	0.6983	34270.0	28530.0	1.796	1.0
theta_c_pr[3,92]	-1.171	0.002979	0.634	0.6218	-2.528	-1.127	-0.05168	47960.0	29250.0	2.513	1.0
theta_c_pr[3,93]	-0.9429	0.002814	0.6179	0.6037	-2.276	-0.8992	0.1493	51670.0	27070.0	2.707	1.0
theta_c_pr[3,94]	0.9664	0.001782	0.2673	0.2631	0.4317	0.9707	1.48	22500.0	28070.0	1.179	1.0
theta_c_pr[3,95]	0.3075	0.001698	0.2783	0.2684	-0.274	0.3202	0.814	27440.0	26270.0	1.438	1.0
theta_c_pr[3,96]	-0.7708	0.003437	0.767	0.7638	-2.36	-0.742	0.6372	50910.0	29140.0	2.667	1.0
theta_c_pr[3,97]	0.9113	0.001856	0.3178	0.3099	0.2679	0.9158	1.525	29510.0	28010.0	1.546	1.0
theta_c_pr[3,98]	0.2995	0.001974	0.366	0.3518	-0.4578	0.313	0.9809	35070.0	27480.0	1.838	1.0
theta_c_pr[3,99]	0.08297	0.003368	0.618	0.5918	-1.262	0.1266	1.181	34850.0	28310.0	1.826	1.0
theta_c_pr[3,100]	-2.096	0.002709	0.5508	0.5394	-3.274	-2.056	-1.128	44340.0	28200.0	2.323	1.0
theta_c_pr[3,101]	-0.06244	0.002636	0.4723	0.4486	-1.089	-0.03164	0.7795	33620.0	25010.0	1.762	1.0
theta_c_pr[3,102]	0.3927	0.002021	0.353	0.3403	-0.3729	0.4153	1.02	31660.0	26040.0	1.659	1.0
theta_c_pr[3,103]	0.05438	0.002878	0.5393	0.5145	-1.098	0.08756	1.029	36790.0	26830.0	1.928	1.0
theta_c_pr[3,104]	0.294	0.002079	0.3616	0.3508	-0.4754	0.3124	0.9473	30850.0	26260.0	1.616	1.0
theta_c_pr[3,105]	-0.0969	0.003141	0.6116	0.5873	-1.457	-0.0403	0.9438	41600.0	27290.0	2.179	1.0
theta_c_pr[3,106]	-0.08093	0.00439	0.984	0.9888	-2.0	-0.08174	1.846	50290.0	28750.0	2.635	1.0
theta_c_pr[3,107]	-1.573	0.002821	0.6098	0.6037	-2.886	-1.538	-0.5023	50550.0	27210.0	2.648	1.0
theta_c_pr[3,108]	-0.2277	0.003017	0.5774	0.555	-1.496	-0.1817	0.7677	40280.0	25520.0	2.11	1.0
theta_c_pr[3,109]	0.2621	0.002121	0.3945	0.3819	-0.5784	0.2817	0.9717	35880.0	26500.0	1.88	1.0
theta_c_pr[3,110]	0.7495	0.002046	0.3267	0.3218	0.07915	0.7591	1.364	25550.0	28790.0	1.339	1.0
theta_c_pr[3,111]	0.8528	0.001903	0.317	0.3085	0.1993	0.8617	1.452	28120.0	27450.0	1.473	1.0
theta_c_pr[3,112]	0.3919	0.001833	0.3115	0.3027	-0.2607	0.4039	0.9738	29470.0	26990.0	1.544	1.0
theta_c_pr[3,113]	0.3366	0.001862	0.3454	0.3304	-0.3992	0.3559	0.9563	35980.0	26340.0	1.885	1.0
theta_c_pr[3,114]	1.032	0.00182	0.2611	0.2543	0.502	1.037	1.529	20580.0	26130.0	1.078	1.0
theta_c_pr[3,115]	0.4251	0.002392	0.4564	0.4374	-0.5258	0.4411	1.284	37400.0	26820.0	1.96	1.0
theta_c_pr[3,116]	0.6271	0.001862	0.3199	0.3109	-0.04057	0.6418	1.221	29920.0	25080.0	1.568	1.0
theta_c_pr[3,117]	-0.5007	0.002603	0.4675	0.4359	-1.559	-0.4501	0.2697	38070.0	23820.0	1.995	1.0
theta_c_pr[3,118]	0.1164	0.002541	0.4831	0.4597	-0.9519	0.1573	0.9503	39630.0	27190.0	2.076	1.0
theta_c_pr[3,119]	1.027	0.002651	0.4843	0.46	0.002759	1.046	1.923	34930.0	26410.0	1.83	1.0
theta_c_pr[3,120]	-0.2303	0.002451	0.4515	0.4256	-1.237	-0.1893	0.5338	36390.0	26020.0	1.906	1.0
theta_c_pr[3,121]	-0.8515	0.002685	0.5161	0.4849	-2.027	-0.8001	0.01667	41750.0	25690.0	2.187	1.0
theta_c_pr[3,122]	0.4655	0.002714	0.4161	0.4035	-0.3536	0.4675	1.281	23500.0	26390.0	1.231	1.0
theta_c_pr[3,123]	-0.4513	0.003414	0.6769	0.6621	-1.854	-0.4259	0.8084	40070.0	27590.0	2.099	1.0
theta_c_pr[3,124]	-0.7552	0.002612	0.4765	0.4445	-1.828	-0.7091	0.05832	36870.0	23690.0	1.932	1.0
theta_c_pr[3,125]	0.7717	0.00165	0.2453	0.2416	0.2818	0.7749	1.246	22130.0	26980.0	1.159	1.0
theta_c_pr[3,126]	0.4724	0.00201	0.3519	0.338	-0.2801	0.4915	1.112	31740.0	26050.0	1.663	1.0
theta_c_pr[3,127]	1.109	0.00357	0.7016	0.6791	-0.3906	1.144	2.391	40760.0	25650.0	2.136	1.0
theta_c_pr[3,128]	0.7986	0.001718	0.2589	0.2541	0.2794	0.8015	1.296	22670.0	27270.0	1.188	1.0
theta_c_pr[3,129]	0.3229	0.0021	0.3737	0.3593	-0.4755	0.3457	0.9896	33100.0	25800.0	1.734	1.0
theta_c_pr[3,130]	0.5247	0.002039	0.3274	0.3206	-0.1511	0.5367	1.137	25840.0	28970.0	1.354	1.0
theta_c_pr[3,131]	-1.676	0.003138	0.6067	0.6004	-2.987	-1.631	-0.6198	39850.0	27470.0	2.088	1.0
theta_c_pr[3,132]	-0.3932	0.003524	0.8169	0.8021	-2.082	-0.3698	1.159	54740.0	28730.0	2.868	1.0
theta_c_pr[3,133]	-0.1083	0.004534	0.8265	0.8184	-1.844	-0.0705	1.392	34170.0	28070.0	1.79	1.0
theta_c_pr[3,134]	0.3102	0.001702	0.2619	0.258	-0.2246	0.3184	0.8003	23750.0	27700.0	1.244	1.0
theta_c_pr[3,135]	-1.659	0.003237	0.6693	0.6663	-3.045	-1.636	-0.4124	43740.0	29860.0	2.291	1.0
theta_c_pr[3,136]	0.06218	0.002267	0.4222	0.4009	-0.8657	0.09527	0.7918	38090.0	25200.0	1.996	1.0
theta_c_pr[3,137]	-0.1745	0.003838	0.691	0.675	-1.618	-0.1482	1.121	32950.0	25980.0	1.726	1.0
theta_c_pr[3,138]	1.294	0.001898	0.2676	0.2647	0.7707	1.293	1.819	19880.0	26940.0	1.042	1.0
theta_c_pr[3,139]	0.8082	0.001845	0.2846	0.2795	0.2293	0.8136	1.352	23890.0	27250.0	1.252	1.0
theta_c_pr[3,140]	0.5549	0.001865	0.2886	0.2806	-0.05086	0.5705	1.087	24110.0	26470.0	1.263	1.0
theta_c_pr[3,141]	0.3378	0.003218	0.5409	0.5066	-0.8955	0.3918	1.253	31400.0	22380.0	1.645	1.0
theta_c_pr[3,142]	0.6016	0.002059	0.3465	0.3343	-0.122	0.6167	1.243	28560.0	28030.0	1.496	1.0
theta_c_pr[3,143]	-0.581	0.002322	0.4125	0.3976	-1.472	-0.5508	0.1411	32810.0	27770.0	1.719	1.0
theta_c_pr[3,144]	-0.4027	0.002548	0.4795	0.45	-1.472	-0.358	0.407	40810.0	22760.0	2.138	1.0
theta_c_pr[3,145]	-2.108	0.002845	0.5664	0.5583	-3.319	-2.073	-1.096	41490.0	26030.0	2.174	1.0
theta_c_pr[3,146]	1.109	0.001776	0.2785	0.2713	0.5555	1.11	1.655	24590.0	26000.0	1.288	1.0
theta_c_pr[3,147]	-0.4073	0.002456	0.476	0.455	-1.438	-0.3744	0.4251	41110.0	25590.0	2.154	1.0
theta_c_pr[3,148]	-0.1858	0.002287	0.426	0.4109	-1.085	-0.1637	0.5952	35520.0	27950.0	1.861	1.0
theta_c_pr[3,149]	0.05233	0.002063	0.3608	0.3405	-0.7265	0.07557	0.6909	32990.0	25030.0	1.728	1.0
theta_c_pr[3,150]	-0.3779	0.003434	0.6882	0.6707	-1.859	-0.3301	0.839	42220.0	26160.0	2.212	1.0
theta_c_pr[3,151]	0.4292	0.001782	0.3145	0.3057	-0.2435	0.4464	0.9934	31900.0	26840.0	1.671	1.0
theta_c_pr[3,152]	-0.9428	0.002725	0.5168	0.4965	-2.087	-0.896	-0.0592	38690.0	27040.0	2.027	1.0
theta_c_pr[3,153]	-1.226	0.002646	0.5326	0.5171	-2.379	-1.192	-0.288	43160.0	26770.0	2.261	1.0
theta_c_pr[3,154]	0.1765	0.001904	0.3174	0.3058	-0.5018	0.1964	0.745	28890.0	23670.0	1.514	1.0
theta_c_pr[3,155]	-0.7684	0.002487	0.4606	0.4354	-1.787	-0.7276	0.02939	37440.0	25230.0	1.962	1.0
theta_c_pr[3,156]	-0.7372	0.003298	0.6551	0.6344	-2.117	-0.703	0.4684	40430.0	29460.0	2.118	1.0
theta_c_pr[3,157]	-0.9167	0.002927	0.5901	0.5692	-2.213	-0.8649	0.1055	44820.0	26700.0	2.349	1.0
theta_c_pr[3,158]	-0.8159	0.003178	0.6082	0.5868	-2.146	-0.7736	0.2521	39000.0	27640.0	2.043	1.0
theta_c_pr[3,159]	0.01789	0.003448	0.7802	0.7526	-1.66	0.06002	1.435	53980.0	27740.0	2.828	1.0
theta_c_pr[4,1]	0.4887	0.00177	0.2819	0.2727	-0.01627	0.4706	1.09	25950.0	26920.0	1.36	1.0
theta_c_pr[4,2]	-0.973	0.001923	0.3099	0.3019	-1.622	-0.9619	-0.3992	26260.0	25400.0	1.376	1.0
theta_c_pr[4,3]	0.444	0.00184	0.2672	0.2613	-0.03469	0.4285	1.01	21090.0	26810.0	1.105	1.0
theta_c_pr[4,4]	1.073	0.002832	0.4507	0.4375	0.3124	1.031	2.071	25610.0	27510.0	1.342	1.0
theta_c_pr[4,5]	0.645	0.002452	0.3206	0.3032	0.1211	0.6088	1.378	17330.0	22120.0	0.9079	1.0
theta_c_pr[4,6]	-0.8088	0.001856	0.2572	0.2522	-1.342	-0.7998	-0.3272	19380.0	23850.0	1.016	1.0
theta_c_pr[4,7]	-0.1054	0.001972	0.3489	0.3377	-0.7592	-0.12	0.6311	31590.0	27080.0	1.655	1.0
theta_c_pr[4,8]	0.4608	0.001969	0.3165	0.3086	-0.09895	0.44	1.135	26440.0	25670.0	1.385	1.0
theta_c_pr[4,9]	-0.9514	0.001761	0.2208	0.2151	-1.42	-0.9386	-0.553	15800.0	23520.0	0.8276	1.0
theta_c_pr[4,10]	0.1127	0.001752	0.2442	0.2366	-0.3354	0.1017	0.6274	19550.0	24600.0	1.024	1.0
theta_c_pr[4,11]	0.5189	0.002156	0.3459	0.332	-0.08197	0.4905	1.281	26530.0	25380.0	1.39	1.0
theta_c_pr[4,12]	-0.9155	0.001924	0.3016	0.2911	-1.555	-0.8989	-0.3626	24930.0	25380.0	1.306	1.0
theta_c_pr[4,13]	-0.5114	0.001595	0.2494	0.244	-1.006	-0.509	-0.02668	24580.0	24860.0	1.288	1.0
theta_c_pr[4,14]	-0.05309	0.001986	0.327	0.3082	-0.6714	-0.06414	0.6271	27480.0	27640.0	1.44	1.0
theta_c_pr[4,15]	0.4877	0.00223	0.3581	0.3403	-0.1363	0.4588	1.279	26820.0	24510.0	1.405	1.0
theta_c_pr[4,16]	0.8011	0.001996	0.2871	0.2817	0.2947	0.7814	1.417	20930.0	25740.0	1.097	1.0
theta_c_pr[4,17]	0.3732	0.001769	0.2818	0.2766	-0.1396	0.3586	0.9677	25670.0	26440.0	1.345	1.0
theta_c_pr[4,18]	0.01261	0.00193	0.3089	0.3006	-0.5554	-0.0005105	0.669	26000.0	26970.0	1.362	1.0
theta_c_pr[4,19]	0.5214	0.002081	0.3455	0.3317	-0.08927	0.4981	1.267	28350.0	26220.0	1.485	1.0
theta_c_pr[4,20]	-1.041	0.002025	0.3479	0.3374	-1.779	-1.024	-0.4035	30320.0	25580.0	1.589	1.0
theta_c_pr[4,21]	0.05768	0.001847	0.3126	0.299	-0.5198	0.04443	0.7171	29100.0	24420.0	1.525	1.0
theta_c_pr[4,22]	0.5214	0.002222	0.3284	0.3189	-0.03706	0.4921	1.246	22310.0	25670.0	1.169	1.0
theta_c_pr[4,23]	-0.8942	0.002931	0.579	0.558	-2.09	-0.8757	0.207	39550.0	29460.0	2.072	1.0
theta_c_pr[4,24]	1.244	0.002652	0.4172	0.4058	0.5262	1.21	2.156	25050.0	29070.0	1.313	1.0
theta_c_pr[4,25]	-0.8136	0.001774	0.2692	0.2591	-1.384	-0.7988	-0.3215	23290.0	25400.0	1.22	1.0
theta_c_pr[4,26]	-1.158	0.002091	0.2911	0.2817	-1.779	-1.139	-0.6374	19680.0	24380.0	1.031	1.0
theta_c_pr[4,27]	-0.5991	0.001615	0.2116	0.208	-1.026	-0.5924	-0.1984	17250.0	24300.0	0.9036	1.0
theta_c_pr[4,28]	-1.129	0.001895	0.273	0.2648	-1.707	-1.115	-0.632	21050.0	23490.0	1.103	1.0
theta_c_pr[4,29]	0.3057	0.002025	0.2976	0.2917	-0.2212	0.288	0.9415	21940.0	27230.0	1.15	1.0
theta_c_pr[4,30]	0.02438	0.001723	0.2774	0.2671	-0.4931	0.01488	0.5979	26210.0	27340.0	1.373	1.0
theta_c_pr[4,31]	1.486	0.003372	0.5451	0.5358	0.5739	1.435	2.686	25390.0	26780.0	1.33	1.0
theta_c_pr[4,32]	0.6477	0.002485	0.4065	0.3938	-0.04026	0.6128	1.55	28180.0	23030.0	1.476	1.0
theta_c_pr[4,33]	-0.3433	0.001563	0.2081	0.2032	-0.7518	-0.3444	0.07059	17770.0	24910.0	0.9312	1.0
theta_c_pr[4,34]	0.7	0.003421	0.4821	0.4728	-0.09059	0.6505	1.764	19900.0	25920.0	1.042	1.0
theta_c_pr[4,35]	0.6339	0.002395	0.4308	0.4112	-0.1226	0.5984	1.577	34720.0	24660.0	1.819	1.0
theta_c_pr[4,36]	0.1063	0.002203	0.352	0.3404	-0.522	0.08417	0.8707	26250.0	25770.0	1.375	1.0
theta_c_pr[4,37]	0.1767	0.001664	0.2339	0.2262	-0.2487	0.163	0.6716	19820.0	25780.0	1.039	1.0
theta_c_pr[4,38]	-0.9177	0.001786	0.2767	0.2703	-1.482	-0.9092	-0.3923	24090.0	26720.0	1.262	1.0
theta_c_pr[4,39]	-0.1809	0.001576	0.2001	0.1929	-0.5781	-0.1803	0.2135	16030.0	25950.0	0.8398	1.0
theta_c_pr[4,40]	-1.141	0.002003	0.2784	0.2686	-1.743	-1.121	-0.6501	19830.0	22160.0	1.039	1.0
theta_c_pr[4,41]	1.183	0.003393	0.5453	0.5322	0.2748	1.128	2.407	25380.0	27570.0	1.33	1.0
theta_c_pr[4,42]	0.5212	0.002113	0.306	0.2945	-0.01306	0.4969	1.191	21330.0	23850.0	1.117	1.0
theta_c_pr[4,43]	-0.508	0.001699	0.265	0.2591	-1.031	-0.5067	0.01416	24360.0	27520.0	1.276	1.0
theta_c_pr[4,44]	0.5602	0.002779	0.5737	0.5575	-0.5494	0.5528	1.732	42970.0	28210.0	2.251	1.0
theta_c_pr[4,45]	-1.126	0.002071	0.3271	0.314	-1.819	-1.109	-0.5273	25500.0	26830.0	1.336	1.0
theta_c_pr[4,46]	0.1318	0.001801	0.2538	0.2447	-0.3296	0.1173	0.6736	19970.0	26240.0	1.046	1.0
theta_c_pr[4,47]	-0.4557	0.001593	0.2127	0.2093	-0.8788	-0.4533	-0.042	17830.0	23470.0	0.9344	1.0
theta_c_pr[4,48]	1.057	0.003031	0.6307	0.6249	-0.116	1.035	2.365	43970.0	30120.0	2.304	1.0
theta_c_pr[4,49]	1.32	0.003509	0.5275	0.513	0.4523	1.268	2.505	22120.0	25980.0	1.159	1.0
theta_c_pr[4,50]	1.315	0.003147	0.5635	0.5539	0.3419	1.273	2.541	31280.0	27660.0	1.639	1.0
theta_c_pr[4,51]	1.281	0.003528	0.7143	0.7157	-0.02839	1.252	2.754	41060.0	30950.0	2.151	1.0
theta_c_pr[4,52]	-0.1398	0.001633	0.2438	0.2387	-0.6057	-0.1462	0.3588	22320.0	27680.0	1.169	1.0
theta_c_pr[4,53]	0.3276	0.00185	0.2758	0.2687	-0.1663	0.3111	0.9197	22320.0	26400.0	1.169	1.0
theta_c_pr[4,54]	1.055	0.00285	0.5283	0.5151	0.1527	1.008	2.216	35570.0	28700.0	1.864	1.0
theta_c_pr[4,55]	1.787	0.003184	0.5736	0.5581	0.7897	1.746	3.039	32740.0	28620.0	1.715	1.0
theta_c_pr[4,56]	-2.557	0.002901	0.4311	0.4193	-3.504	-2.522	-1.814	21820.0	27630.0	1.143	1.0
theta_c_pr[4,57]	0.6047	0.002399	0.4966	0.4808	-0.3072	0.5834	1.646	45330.0	25590.0	2.375	1.0
theta_c_pr[4,58]	0.9349	0.00221	0.3797	0.3701	0.2642	0.9091	1.758	30820.0	26770.0	1.615	1.0
theta_c_pr[4,59]	0.9643	0.002757	0.4539	0.4401	0.1928	0.923	1.959	27580.0	27140.0	1.445	1.0
theta_c_pr[4,60]	-0.5513	0.001792	0.2747	0.2626	-1.12	-0.5419	-0.0306	23710.0	24990.0	1.242	1.0
theta_c_pr[4,61]	-0.2497	0.001602	0.2262	0.22	-0.684	-0.2543	0.2098	19960.0	24810.0	1.046	1.0
theta_c_pr[4,62]	-0.196	0.001674	0.2389	0.2319	-0.6488	-0.2041	0.2991	20300.0	25910.0	1.064	1.0
theta_c_pr[4,63]	-0.8165	0.001749	0.2539	0.2448	-1.351	-0.8035	-0.3504	21360.0	24430.0	1.119	1.0
theta_c_pr[4,64]	-0.4301	0.002056	0.3692	0.3602	-1.135	-0.4374	0.3248	32550.0	28630.0	1.705	1.0
theta_c_pr[4,65]	1.044	0.003503	0.6504	0.6255	-0.1098	1.001	2.433	34800.0	27930.0	1.823	1.0
theta_c_pr[4,66]	0.1934	0.002388	0.3422	0.3361	-0.4218	0.1731	0.9147	20780.0	25960.0	1.088	1.0
theta_c_pr[4,67]	-1.109	0.00225	0.4118	0.4041	-1.955	-1.095	-0.3311	34030.0	27580.0	1.783	1.0
theta_c_pr[4,68]	0.2055	0.001806	0.2775	0.2693	-0.3021	0.1903	0.7923	23720.0	24760.0	1.243	1.0
theta_c_pr[4,69]	-1.543	0.002417	0.3623	0.3533	-2.326	-1.516	-0.9197	22890.0	26920.0	1.199	1.0
theta_c_pr[4,70]	-0.6369	0.001591	0.2246	0.2182	-1.099	-0.632	-0.2088	20050.0	24850.0	1.05	1.0
theta_c_pr[4,71]	0.1431	0.001876	0.2935	0.2872	-0.3949	0.1283	0.7593	24790.0	28460.0	1.299	1.0
theta_c_pr[4,72]	-0.7736	0.001784	0.2534	0.2473	-1.299	-0.7615	-0.3122	20340.0	24500.0	1.066	1.0
theta_c_pr[4,73]	-3.093	0.003075	0.5086	0.5045	-4.179	-3.063	-2.183	27030.0	27230.0	1.416	1.0
theta_c_pr[4,74]	1.635	0.00366	0.5867	0.5854	0.6204	1.59	2.903	24880.0	25580.0	1.304	1.0
theta_c_pr[4,75]	1.373	0.003199	0.5749	0.5697	0.3795	1.329	2.615	32730.0	28680.0	1.715	1.0
theta_c_pr[4,76]	0.7196	0.002612	0.4803	0.4612	-0.1153	0.6784	1.768	35220.0	26200.0	1.845	1.0
theta_c_pr[4,77]	0.5188	0.002289	0.3387	0.3281	-0.06306	0.49	1.263	22600.0	24390.0	1.184	1.0
theta_c_pr[4,78]	1.375	0.003827	0.5694	0.5597	0.4287	1.32	2.632	21120.0	22560.0	1.106	1.0
theta_c_pr[4,79]	-0.1042	0.001858	0.3157	0.3006	-0.7067	-0.1158	0.553	28940.0	26930.0	1.516	1.0
theta_c_pr[4,80]	0.7238	0.002184	0.3293	0.3181	0.1614	0.6968	1.452	23030.0	26180.0	1.206	1.0
theta_c_pr[4,81]	-0.1808	0.001926	0.3213	0.3107	-0.7929	-0.1881	0.482	28340.0	26850.0	1.485	1.0
theta_c_pr[4,82]	1.28	0.002855	0.4773	0.4608	0.462	1.237	2.338	28930.0	28060.0	1.516	1.0
theta_c_pr[4,83]	-0.1352	0.001661	0.2604	0.2569	-0.6252	-0.1442	0.3971	24710.0	29450.0	1.295	1.0
theta_c_pr[4,84]	-0.04933	0.001864	0.3293	0.3213	-0.6894	-0.05713	0.6139	31340.0	28020.0	1.642	1.0
theta_c_pr[4,85]	0.2646	0.00174	0.2224	0.2159	-0.133	0.2495	0.7411	16410.0	24900.0	0.8598	1.0
theta_c_pr[4,86]	-0.9989	0.002031	0.3082	0.294	-1.661	-0.9786	-0.4429	23510.0	24770.0	1.232	1.0
theta_c_pr[4,87]	-0.8759	0.001735	0.2145	0.2097	-1.327	-0.8672	-0.4793	15360.0	23490.0	0.8045	1.0
theta_c_pr[4,88]	1.129	0.002523	0.4112	0.3995	0.4262	1.093	2.037	27600.0	25300.0	1.446	1.0
theta_c_pr[4,89]	0.0903	0.001793	0.2451	0.2366	-0.3544	0.07632	0.6172	18690.0	24910.0	0.9794	1.0
theta_c_pr[4,90]	0.7236	0.002756	0.4454	0.4326	-0.05114	0.6892	1.693	26570.0	26740.0	1.392	1.0
theta_c_pr[4,91]	1.501	0.003192	0.603	0.5909	0.4309	1.462	2.785	35950.0	29980.0	1.884	1.0
theta_c_pr[4,92]	1.219	0.002612	0.4547	0.4372	0.445	1.178	2.226	31540.0	27450.0	1.652	1.0
theta_c_pr[4,93]	-0.5451	0.001937	0.3202	0.3083	-1.173	-0.5465	0.09651	27430.0	27030.0	1.437	1.0
theta_c_pr[4,94]	-0.2576	0.001644	0.2447	0.2366	-0.7277	-0.2609	0.2355	22270.0	26210.0	1.167	1.0
theta_c_pr[4,95]	-1.505	0.002283	0.3163	0.3084	-2.191	-1.483	-0.9542	19460.0	24860.0	1.02	1.0
theta_c_pr[4,96]	-0.1482	0.002806	0.5467	0.5288	-1.148	-0.1744	1.002	38590.0	27860.0	2.022	1.0
theta_c_pr[4,97]	-0.3577	0.001702	0.2819	0.2731	-0.9268	-0.3533	0.1852	27490.0	27840.0	1.44	1.0
theta_c_pr[4,98]	1.64	0.002796	0.5395	0.5314	0.69	1.603	2.795	39080.0	27240.0	2.048	1.0
theta_c_pr[4,99]	0.7841	0.003687	0.5445	0.5282	-0.09062	0.7195	2.005	22270.0	25890.0	1.167	1.0
theta_c_pr[4,100]	0.696	0.002373	0.338	0.3259	0.1367	0.6623	1.452	20380.0	24530.0	1.068	1.0
theta_c_pr[4,101]	0.007799	0.002099	0.3313	0.3194	-0.5868	-0.0118	0.7188	25520.0	26310.0	1.337	1.0
theta_c_pr[4,102]	0.686	0.002107	0.2932	0.2842	0.1691	0.6658	1.326	19700.0	25820.0	1.032	1.0
theta_c_pr[4,103]	-0.2026	0.001913	0.3005	0.2868	-0.7587	-0.2183	0.4362	24970.0	25770.0	1.308	1.0
theta_c_pr[4,104]	-0.6455	0.001738	0.2626	0.2526	-1.2	-0.6339	-0.1617	23010.0	27030.0	1.206	1.0
theta_c_pr[4,105]	-1.742	0.002544	0.4667	0.4627	-2.73	-1.716	-0.9041	34510.0	28490.0	1.808	1.0
theta_c_pr[4,106]	-0.535	0.004448	0.9135	0.8688	-2.224	-0.5913	1.421	43310.0	30550.0	2.269	1.0
theta_c_pr[4,107]	0.2241	0.002503	0.4684	0.4587	-0.6435	0.2048	1.195	35260.0	29990.0	1.848	1.0
theta_c_pr[4,108]	0.6578	0.002404	0.3852	0.3711	-0.01273	0.6281	1.508	26440.0	24970.0	1.385	1.0
theta_c_pr[4,109]	-0.477	0.001774	0.2623	0.2553	-0.9819	-0.4812	0.054	21970.0	25420.0	1.151	1.0
theta_c_pr[4,110]	-0.02909	0.001689	0.2329	0.2264	-0.4648	-0.03689	0.4548	19080.0	26860.0	0.9995	1.0
theta_c_pr[4,111]	0.5276	0.001963	0.3369	0.3292	-0.07567	0.5072	1.246	30260.0	26070.0	1.585	1.0
theta_c_pr[4,112]	-0.7281	0.001638	0.2172	0.2117	-1.176	-0.7212	-0.3178	17670.0	22760.0	0.9255	1.0
theta_c_pr[4,113]	-0.5679	0.001636	0.2445	0.2388	-1.065	-0.5636	-0.1004	22380.0	23760.0	1.173	1.0
theta_c_pr[4,114]	1.007	0.00234	0.3693	0.3605	0.3722	0.9783	1.805	26130.0	26700.0	1.369	1.0
theta_c_pr[4,115]	-1.379	0.002069	0.3425	0.3331	-2.098	-1.364	-0.7488	28090.0	26520.0	1.472	1.0
theta_c_pr[4,116]	-0.2975	0.001552	0.2174	0.2109	-0.7311	-0.2964	0.1294	19680.0	24130.0	1.031	1.0
theta_c_pr[4,117]	0.4726	0.001921	0.3118	0.304	-0.08945	0.4549	1.141	26950.0	26310.0	1.412	1.0
theta_c_pr[4,118]	-1.42	0.002229	0.385	0.3723	-2.24	-1.394	-0.7348	30370.0	27820.0	1.591	1.0
theta_c_pr[4,119]	1.284	0.003036	0.5444	0.5329	0.3503	1.237	2.475	33330.0	27300.0	1.746	1.0
theta_c_pr[4,120]	-1.058	0.00186	0.2537	0.2457	-1.601	-1.045	-0.5973	18720.0	25430.0	0.9807	1.0
theta_c_pr[4,121]	1.425	0.002964	0.4958	0.48	0.571	1.383	2.509	29260.0	28710.0	1.533	1.0
theta_c_pr[4,122]	1.714	0.003792	0.5745	0.5674	0.7338	1.664	2.974	22550.0	26620.0	1.181	1.0
theta_c_pr[4,123]	-0.1856	0.003054	0.5213	0.4803	-1.079	-0.2391	0.9913	31430.0	24840.0	1.647	1.0
theta_c_pr[4,124]	-1.211	0.001959	0.2661	0.2604	-1.783	-1.193	-0.7397	18490.0	25950.0	0.9688	1.0
theta_c_pr[4,125]	-0.6177	0.001637	0.2261	0.2207	-1.077	-0.6099	-0.1904	19170.0	23960.0	1.004	1.0
theta_c_pr[4,126]	-0.1578	0.001674	0.2445	0.2389	-0.6326	-0.1609	0.3337	21300.0	26480.0	1.116	1.0
theta_c_pr[4,127]	0.4919	0.003109	0.6068	0.5845	-0.6363	0.4662	1.775	38730.0	28120.0	2.029	1.0
theta_c_pr[4,128]	-0.8938	0.001786	0.2384	0.2353	-1.39	-0.8843	-0.4596	17970.0	23150.0	0.9414	1.0
theta_c_pr[4,129]	0.3731	0.001997	0.2916	0.2836	-0.1489	0.3555	1.005	21670.0	25790.0	1.135	1.0
theta_c_pr[4,130]	-0.7542	0.001768	0.2246	0.2187	-1.232	-0.7402	-0.3535	16110.0	24530.0	0.844	1.0
theta_c_pr[4,131]	0.7821	0.002257	0.3432	0.3297	0.1935	0.7527	1.535	23650.0	25070.0	1.239	1.0
theta_c_pr[4,132]	0.5444	0.003732	0.7935	0.7796	-0.9021	0.5038	2.203	46320.0	30030.0	2.427	1.0
theta_c_pr[4,133]	-1.181	0.002672	0.4902	0.4608	-2.204	-1.162	-0.2442	34180.0	27840.0	1.791	1.0
theta_c_pr[4,134]	-1.283	0.002133	0.3131	0.3035	-1.958	-1.261	-0.7251	21780.0	25740.0	1.141	1.0
theta_c_pr[4,135]	-0.9939	0.00211	0.406	0.3865	-1.828	-0.9798	-0.2174	37690.0	25740.0	1.974	1.001
theta_c_pr[4,136]	-0.7102	0.001693	0.2508	0.244	-1.239	-0.6993	-0.247	22270.0	25160.0	1.167	1.0
theta_c_pr[4,137]	-0.5645	0.002542	0.4032	0.3553	-1.309	-0.5911	0.3258	26820.0	22710.0	1.405	1.0
theta_c_pr[4,138]	-0.9988	0.001894	0.2421	0.2336	-1.522	-0.9825	-0.5699	16340.0	24400.0	0.8559	1.0
theta_c_pr[4,139]	-0.6783	0.001651	0.2196	0.2134	-1.135	-0.6693	-0.2663	17850.0	22480.0	0.935	1.0
theta_c_pr[4,140]	-0.9047	0.001717	0.2041	0.1986	-1.336	-0.892	-0.5363	14200.0	22610.0	0.7439	1.0
theta_c_pr[4,141]	-1.232	0.002436	0.4804	0.4692	-2.23	-1.216	-0.3287	40120.0	26080.0	2.102	1.0
theta_c_pr[4,142]	-0.7546	0.001737	0.217	0.2103	-1.215	-0.7434	-0.3567	15670.0	24380.0	0.8211	1.0
theta_c_pr[4,143]	-2.138	0.002932	0.4523	0.444	-3.135	-2.1	-1.365	23590.0	28350.0	1.236	1.0
theta_c_pr[4,144]	0.6558	0.002049	0.3395	0.3301	0.05408	0.6319	1.387	28240.0	26100.0	1.48	1.0
theta_c_pr[4,145]	-1.335	0.00205	0.2696	0.2639	-1.924	-1.315	-0.8668	17440.0	23880.0	0.9138	1.0
theta_c_pr[4,146]	-0.9596	0.001925	0.3056	0.2957	-1.603	-0.9448	-0.3955	25730.0	24920.0	1.348	1.0
theta_c_pr[4,147]	1.029	0.002318	0.4148	0.4029	0.2841	1.003	1.922	33340.0	25730.0	1.747	1.0
theta_c_pr[4,148]	0.4168	0.002191	0.3267	0.3156	-0.1531	0.3901	1.13	22710.0	24330.0	1.19	1.0
theta_c_pr[4,149]	-0.5565	0.001953	0.3659	0.3583	-1.288	-0.554	0.1577	35450.0	27440.0	1.858	1.0
theta_c_pr[4,150]	1.768	0.003518	0.6684	0.6698	0.5611	1.734	3.176	35560.0	29120.0	1.863	1.0
theta_c_pr[4,151]	-0.2379	0.001569	0.2307	0.2257	-0.6881	-0.2399	0.2195	21700.0	26220.0	1.137	1.0
theta_c_pr[4,152]	1.343	0.002809	0.4971	0.4824	0.4877	1.302	2.43	32790.0	27310.0	1.718	1.0
theta_c_pr[4,153]	-0.2385	0.001633	0.2037	0.1922	-0.6074	-0.2507	0.2009	15550.0	22950.0	0.8149	1.0
theta_c_pr[4,154]	0.03668	0.001646	0.2378	0.2316	-0.41	0.0285	0.5296	21100.0	26890.0	1.106	1.0
theta_c_pr[4,155]	-0.3044	0.001618	0.2165	0.2065	-0.7108	-0.3107	0.1483	17820.0	24000.0	0.9335	1.0
theta_c_pr[4,156]	-0.00041	0.002591	0.4679	0.4633	-0.9131	-0.002428	0.9245	32630.0	30040.0	1.709	1.0
theta_c_pr[4,157]	0.5238	0.001989	0.3216	0.3131	-0.04768	0.5031	1.208	26970.0	26070.0	1.413	1.0
theta_c_pr[4,158]	1.397	0.003687	0.5728	0.5658	0.4191	1.349	2.651	23910.0	26610.0	1.253	1.0
theta_c_pr[4,159]	0.7186	0.003125	0.6585	0.6398	-0.5171	0.6945	2.088	45030.0	27800.0	2.359	1.0
theta_d_pr[1,1]	-0.1918	0.003002	0.6294	0.6185	-1.441	-0.1896	1.04	44060.0	32130.0	2.309	1.0
theta_d_pr[1,2]	0.2864	0.002462	0.5181	0.5114	-0.7262	0.285	1.324	44400.0	29720.0	2.326	1.0
theta_d_pr[1,3]	0.5968	0.003239	0.7086	0.7059	-0.784	0.589	2.005	47990.0	30830.0	2.514	1.0
theta_d_pr[1,4]	0.4137	0.002978	0.5575	0.5305	-0.6926	0.4093	1.547	35370.0	29020.0	1.853	1.0
theta_d_pr[1,5]	-0.6834	0.004251	0.7722	0.7578	-2.164	-0.6996	0.8949	33150.0	30230.0	1.737	1.0
theta_d_pr[1,6]	0.1002	0.003262	0.6542	0.6437	-1.155	0.08273	1.427	40510.0	31570.0	2.122	1.0
theta_d_pr[1,7]	0.6231	0.002447	0.4301	0.4231	-0.1793	0.607	1.519	31330.0	28510.0	1.641	1.0
theta_d_pr[1,8]	0.2421	0.002942	0.6156	0.6072	-0.947	0.2349	1.484	44200.0	31420.0	2.316	1.0
theta_d_pr[1,9]	-0.1271	0.00351	0.7711	0.7558	-1.646	-0.1213	1.385	48300.0	30830.0	2.531	1.0
theta_d_pr[1,10]	-1.316	0.003591	0.7901	0.7815	-2.86	-1.319	0.2473	48520.0	29610.0	2.542	1.0
theta_d_pr[1,11]	-0.9465	0.003096	0.61	0.605	-2.185	-0.9304	0.2104	39080.0	31870.0	2.047	1.0
theta_d_pr[1,12]	-0.3062	0.00308	0.5789	0.5612	-1.462	-0.3009	0.83	35590.0	29320.0	1.865	1.0
theta_d_pr[1,13]	-1.165	0.00309	0.6224	0.6155	-2.418	-1.154	0.02139	40770.0	30790.0	2.136	1.0
theta_d_pr[1,14]	1.37	0.003218	0.6022	0.5852	0.2178	1.36	2.593	35410.0	29780.0	1.855	1.0
theta_d_pr[1,15]	-0.609	0.00278	0.532	0.5189	-1.667	-0.6051	0.436	36860.0	30920.0	1.931	1.0
theta_d_pr[1,16]	-0.1043	0.002558	0.507	0.4992	-1.068	-0.1164	0.9189	39660.0	29930.0	2.078	1.0
theta_d_pr[1,17]	-0.6081	0.002823	0.61	0.6042	-1.822	-0.6071	0.5806	46860.0	31240.0	2.455	1.0
theta_d_pr[1,18]	1.245	0.002725	0.5464	0.5371	0.1893	1.238	2.338	40430.0	30000.0	2.118	1.0
theta_d_pr[1,19]	0.2065	0.003105	0.5737	0.554	-0.9462	0.2144	1.329	34430.0	28720.0	1.804	1.0
theta_d_pr[1,20]	0.03626	0.002505	0.4972	0.4898	-0.915	0.02841	1.039	39900.0	31540.0	2.091	1.0
theta_d_pr[1,21]	0.4187	0.002924	0.5403	0.5233	-0.7008	0.4327	1.444	34730.0	27150.0	1.819	1.0
theta_d_pr[1,22]	-0.4537	0.003285	0.6372	0.6243	-1.698	-0.4554	0.8135	37770.0	30890.0	1.979	1.0
theta_d_pr[1,23]	-1.414	0.00243	0.431	0.4179	-2.335	-1.386	-0.6438	32630.0	27030.0	1.71	1.0
theta_d_pr[1,24]	0.5972	0.002878	0.5797	0.5703	-0.5617	0.6048	1.715	40860.0	30450.0	2.141	1.0
theta_d_pr[1,25]	-0.3416	0.003245	0.6524	0.644	-1.663	-0.3299	0.9038	40650.0	31740.0	2.13	1.0
theta_d_pr[1,26]	-0.7501	0.00301	0.6341	0.6293	-2.021	-0.7404	0.4772	44550.0	31640.0	2.334	1.0
theta_d_pr[1,27]	-0.5532	0.003316	0.761	0.7516	-2.032	-0.5545	0.9507	52750.0	29670.0	2.764	1.0
theta_d_pr[1,28]	0.375	0.002954	0.5729	0.5655	-0.7067	0.3557	1.537	38260.0	29120.0	2.004	1.0
theta_d_pr[1,29]	-0.06578	0.003278	0.6467	0.6249	-1.329	-0.07176	1.232	39140.0	30860.0	2.051	1.0
theta_d_pr[1,30]	0.9884	0.00343	0.6523	0.6489	-0.2429	0.9708	2.318	36580.0	30610.0	1.917	1.0
theta_d_pr[1,31]	0.3681	0.003247	0.5863	0.5545	-0.7784	0.3591	1.56	33010.0	28300.0	1.73	1.0
theta_d_pr[1,32]	-0.1447	0.002612	0.4975	0.4784	-1.108	-0.1486	0.8537	36620.0	29730.0	1.918	1.0
theta_d_pr[1,33]	0.2971	0.003502	0.7888	0.7903	-1.243	0.2905	1.844	50810.0	31580.0	2.662	1.0
theta_d_pr[1,34]	-1.972	0.003239	0.5435	0.5138	-3.065	-1.966	-0.9141	29600.0	21930.0	1.551	1.0
theta_d_pr[1,35]	2.26	0.003017	0.5746	0.5622	1.157	2.249	3.414	36550.0	29900.0	1.915	1.0
theta_d_pr[1,36]	0.5205	0.002816	0.514	0.5013	-0.5335	0.5331	1.5	34050.0	27340.0	1.784	1.0
theta_d_pr[1,37]	0.1807	0.003461	0.7612	0.7566	-1.296	0.1764	1.698	48590.0	31780.0	2.546	1.0
theta_d_pr[1,38]	-0.03191	0.002936	0.6061	0.6018	-1.221	-0.03817	1.165	42760.0	31920.0	2.24	0.9999
theta_d_pr[1,39]	0.2023	0.003703	0.7493	0.7389	-1.283	0.2024	1.684	40990.0	32250.0	2.147	1.0
theta_d_pr[1,40]	-0.6228	0.003089	0.7258	0.7167	-2.075	-0.6192	0.7944	55360.0	30360.0	2.901	1.0
theta_d_pr[1,41]	-0.5055	0.00292	0.5172	0.488	-1.521	-0.5122	0.5491	32020.0	26910.0	1.678	1.0
theta_d_pr[1,42]	-0.951	0.003296	0.7566	0.7541	-2.432	-0.9541	0.538	52290.0	31180.0	2.74	1.0
theta_d_pr[1,43]	0.05458	0.003096	0.5889	0.5736	-1.076	0.04565	1.245	36350.0	29150.0	1.905	1.0
theta_d_pr[1,44]	0.6482	0.001797	0.3119	0.3038	0.08321	0.6307	1.313	31240.0	25750.0	1.637	1.0
theta_d_pr[1,45]	-0.5044	0.003083	0.5693	0.561	-1.683	-0.4848	0.5613	34590.0	28060.0	1.812	1.0
theta_d_pr[1,46]	0.01015	0.003278	0.6661	0.6604	-1.314	0.009841	1.313	41370.0	31100.0	2.168	1.0
theta_d_pr[1,47]	1.205	0.003299	0.7226	0.7195	-0.1894	1.197	2.649	48150.0	30740.0	2.523	1.0
theta_d_pr[1,48]	-2.297	0.002341	0.4071	0.3999	-3.143	-2.281	-1.544	30620.0	26890.0	1.604	1.0
theta_d_pr[1,49]	0.2001	0.003219	0.5572	0.5141	-0.9342	0.2055	1.308	30530.0	28070.0	1.599	1.0
theta_d_pr[1,50]	0.596	0.002655	0.4695	0.4465	-0.2934	0.5839	1.566	32150.0	26810.0	1.684	1.0
theta_d_pr[1,51]	-1.182	0.00211	0.3891	0.3768	-1.998	-1.164	-0.4672	35070.0	26320.0	1.838	1.0
theta_d_pr[1,52]	1.07	0.002949	0.5969	0.5927	-0.05904	1.053	2.28	41430.0	31240.0	2.171	1.0
theta_d_pr[1,53]	0.3937	0.003064	0.6468	0.6393	-0.8623	0.3897	1.671	44780.0	31400.0	2.346	1.0
theta_d_pr[1,54]	0.4012	0.002336	0.436	0.4145	-0.4682	0.4024	1.262	35710.0	27960.0	1.871	1.0
theta_d_pr[1,55]	-0.118	0.002232	0.3897	0.3734	-0.8747	-0.1226	0.6716	30920.0	27430.0	1.62	1.0
theta_d_pr[1,56]	0.1204	0.003592	0.7272	0.7136	-1.337	0.1294	1.529	41160.0	30900.0	2.157	1.0
theta_d_pr[1,57]	-0.6694	0.001723	0.3589	0.3529	-1.396	-0.6637	0.01559	43610.0	30780.0	2.285	1.0
theta_d_pr[1,58]	-0.1786	0.002499	0.517	0.5079	-1.174	-0.1807	0.8555	42990.0	31030.0	2.252	1.0
theta_d_pr[1,59]	0.9863	0.002707	0.4898	0.4739	0.07698	0.9683	2.003	33620.0	26690.0	1.762	1.0
theta_d_pr[1,60]	-0.7946	0.003222	0.6148	0.5973	-2.017	-0.7974	0.4254	36600.0	29220.0	1.918	1.0
theta_d_pr[1,61]	-0.04271	0.003318	0.6941	0.684	-1.434	-0.03654	1.313	43860.0	31670.0	2.298	1.0
theta_d_pr[1,62]	1.058	0.003334	0.6735	0.6647	-0.2947	1.064	2.367	41120.0	30690.0	2.154	1.0
theta_d_pr[1,63]	-0.08352	0.002882	0.5734	0.559	-1.223	-0.08328	1.051	39710.0	30700.0	2.08	1.0
theta_d_pr[1,64]	0.1208	0.002456	0.4573	0.4422	-0.7395	0.108	1.064	35670.0	27130.0	1.869	1.0
theta_d_pr[1,65]	0.324	0.002626	0.4872	0.4539	-0.5976	0.3096	1.34	35700.0	26300.0	1.87	1.0
theta_d_pr[1,66]	2.264	0.003079	0.5954	0.5823	1.112	2.257	3.447	37710.0	28070.0	1.976	1.0
theta_d_pr[1,67]	0.5887	0.002186	0.3982	0.3865	-0.1498	0.5719	1.417	34220.0	27290.0	1.793	1.0
theta_d_pr[1,68]	0.6724	0.003122	0.6335	0.6237	-0.5749	0.6759	1.903	41320.0	31150.0	2.165	1.0
theta_d_pr[1,69]	-0.2834	0.002999	0.5715	0.5603	-1.438	-0.273	0.8091	36630.0	29000.0	1.919	1.0
theta_d_pr[1,70]	0.3461	0.003033	0.6752	0.6699	-0.9868	0.3477	1.658	49630.0	31450.0	2.6	1.0
theta_d_pr[1,71]	-1.697	0.002954	0.5849	0.5789	-2.885	-1.678	-0.5987	39700.0	29220.0	2.08	1.0
theta_d_pr[1,72]	-0.6232	0.003003	0.5913	0.5764	-1.807	-0.6157	0.5296	38990.0	31300.0	2.043	1.0
theta_d_pr[1,73]	0.08792	0.002564	0.4885	0.4725	-0.8772	0.0876	1.06	37010.0	26560.0	1.939	1.0
theta_d_pr[1,74]	-0.4223	0.002817	0.5087	0.4748	-1.44	-0.4226	0.5982	33280.0	28440.0	1.743	1.0
theta_d_pr[1,75]	-0.2439	0.002482	0.4359	0.4139	-1.099	-0.2485	0.6294	31510.0	26700.0	1.651	1.0
theta_d_pr[1,76]	-0.7326	0.00245	0.4486	0.4318	-1.651	-0.7209	0.1234	34210.0	26680.0	1.792	1.0
theta_d_pr[1,77]	-0.5817	0.003707	0.602	0.5785	-1.733	-0.5966	0.6617	26670.0	26650.0	1.398	1.0
theta_d_pr[1,78]	-0.4555	0.003307	0.559	0.5065	-1.521	-0.4762	0.7332	29740.0	24110.0	1.558	1.0
theta_d_pr[1,79]	-0.6853	0.002829	0.5277	0.5128	-1.713	-0.6915	0.3699	35160.0	28440.0	1.842	1.0
theta_d_pr[1,80]	-0.3071	0.003471	0.691	0.6812	-1.653	-0.3108	1.067	39720.0	30770.0	2.081	1.0
theta_d_pr[1,81]	2.012	0.002852	0.5586	0.5509	0.942	2.003	3.147	38650.0	28790.0	2.025	1.0
theta_d_pr[1,82]	-0.2713	0.002811	0.5435	0.533	-1.354	-0.2692	0.8021	37310.0	30420.0	1.955	1.0
theta_d_pr[1,83]	-0.4513	0.002764	0.5909	0.5806	-1.621	-0.451	0.713	45860.0	30160.0	2.403	1.0
theta_d_pr[1,84]	-0.6061	0.002406	0.5121	0.5033	-1.625	-0.6087	0.4084	45460.0	29830.0	2.382	1.0
theta_d_pr[1,85]	-0.5219	0.003651	0.8105	0.8019	-2.112	-0.5261	1.067	49380.0	32840.0	2.587	1.0
theta_d_pr[1,86]	-0.1314	0.00312	0.5883	0.5772	-1.316	-0.1231	0.9977	35880.0	29800.0	1.88	1.0
theta_d_pr[1,87]	-0.1668	0.003574	0.7471	0.7468	-1.648	-0.1624	1.285	43760.0	31470.0	2.293	1.0
theta_d_pr[1,88]	0.6015	0.002942	0.5944	0.5852	-0.567	0.5998	1.776	41090.0	30120.0	2.153	1.0
theta_d_pr[1,89]	-1.132	0.003443	0.6753	0.6621	-2.428	-1.136	0.2168	38740.0	30300.0	2.03	1.0
theta_d_pr[1,90]	-0.8407	0.002576	0.4815	0.4693	-1.774	-0.8453	0.1238	35350.0	27800.0	1.852	1.0
theta_d_pr[1,91]	1.505	0.002508	0.4607	0.4453	0.648	1.489	2.466	34360.0	27710.0	1.8	1.0
theta_d_pr[1,92]	-0.7338	0.002434	0.4613	0.4474	-1.648	-0.7323	0.1806	36200.0	29550.0	1.897	1.0
theta_d_pr[1,93]	0.5213	0.002748	0.5075	0.492	-0.4576	0.5157	1.54	34390.0	29250.0	1.802	1.0
theta_d_pr[1,94]	0.1596	0.003176	0.6743	0.6663	-1.157	0.1523	1.503	45190.0	32720.0	2.368	1.0
theta_d_pr[1,95]	-0.7246	0.003352	0.6793	0.6683	-2.087	-0.7153	0.599	41190.0	31840.0	2.158	1.0
theta_d_pr[1,96]	0.5886	0.002046	0.3854	0.3694	-0.1527	0.5807	1.374	36480.0	25450.0	1.911	1.0
theta_d_pr[1,97]	-0.6608	0.002699	0.5367	0.5246	-1.741	-0.6554	0.3825	39830.0	31500.0	2.087	1.0
theta_d_pr[1,98]	1.634	0.002514	0.4237	0.4189	0.8561	1.615	2.524	28740.0	27790.0	1.506	1.0
theta_d_pr[1,99]	0.7425	0.003184	0.5225	0.4827	-0.3543	0.7546	1.724	29050.0	21870.0	1.522	1.0
theta_d_pr[1,100]	0.1703	0.003625	0.6413	0.6197	-1.162	0.1902	1.381	31520.0	28300.0	1.652	1.0
theta_d_pr[1,101]	-0.5967	0.003015	0.5604	0.5456	-1.725	-0.5893	0.4873	34890.0	30630.0	1.828	1.0
theta_d_pr[1,102]	0.2544	0.003363	0.6776	0.6716	-1.097	0.2653	1.557	40830.0	31140.0	2.139	1.0
theta_d_pr[1,103]	-0.3448	0.003363	0.6105	0.583	-1.555	-0.3479	0.8796	33330.0	27710.0	1.746	1.0
theta_d_pr[1,104]	0.2645	0.003192	0.6327	0.6219	-0.9795	0.2609	1.518	39410.0	30010.0	2.065	1.0
theta_d_pr[1,105]	0.9204	0.002008	0.3897	0.3831	0.1803	0.911	1.709	38270.0	29680.0	2.005	1.0
theta_d_pr[1,106]	0.1269	0.002887	0.4601	0.4181	-0.7045	0.09411	1.145	27040.0	23680.0	1.417	1.0
theta_d_pr[1,107]	1.075	0.00225	0.3816	0.3707	0.4013	1.052	1.897	30110.0	25980.0	1.577	1.0
theta_d_pr[1,108]	-0.1519	0.002548	0.4878	0.4718	-1.112	-0.1544	0.821	36970.0	30050.0	1.937	1.0
theta_d_pr[1,109]	0.3755	0.00315	0.5963	0.5842	-0.766	0.3616	1.584	36100.0	31110.0	1.891	1.0
theta_d_pr[1,110]	-0.6884	0.003323	0.7188	0.7127	-2.112	-0.683	0.7052	46990.0	31740.0	2.462	1.0
theta_d_pr[1,111]	0.5044	0.00248	0.5105	0.4991	-0.4833	0.4958	1.525	42570.0	31240.0	2.231	1.0
theta_d_pr[1,112]	-0.7506	0.003469	0.7259	0.7178	-2.176	-0.7445	0.6705	43930.0	31140.0	2.302	1.0
theta_d_pr[1,113]	-0.5284	0.003086	0.6271	0.6237	-1.765	-0.5295	0.7021	41400.0	31010.0	2.169	1.0
theta_d_pr[1,114]	0.3077	0.003164	0.675	0.6624	-1.043	0.3124	1.615	45490.0	31460.0	2.384	1.0
theta_d_pr[1,115]	0.001633	0.002515	0.5141	0.5012	-1.027	0.001693	1.021	42020.0	31390.0	2.201	1.0
theta_d_pr[1,116]	-0.5034	0.003427	0.6784	0.669	-1.851	-0.5027	0.8293	39260.0	30570.0	2.057	1.0
theta_d_pr[1,117]	0.5208	0.002921	0.5089	0.495	-0.4434	0.5058	1.572	30710.0	27840.0	1.609	1.0
theta_d_pr[1,118]	0.8619	0.002503	0.4814	0.4704	-0.05578	0.8501	1.843	37370.0	29120.0	1.958	1.0
theta_d_pr[1,119]	-0.4934	0.002367	0.4567	0.4472	-1.4	-0.4937	0.4097	37480.0	30440.0	1.964	1.0
theta_d_pr[1,120]	0.1425	0.00304	0.647	0.6395	-1.11	0.1346	1.437	45720.0	30650.0	2.395	1.0
theta_d_pr[1,121]	-0.6913	0.00229	0.3971	0.3778	-1.49	-0.6877	0.08338	30680.0	28900.0	1.607	1.0
theta_d_pr[1,122]	0.8176	0.003136	0.5789	0.5671	-0.2999	0.8073	1.987	34350.0	30140.0	1.8	1.0
theta_d_pr[1,123]	0.2487	0.002835	0.4965	0.4653	-0.7005	0.2324	1.286	31360.0	27000.0	1.643	1.0
theta_d_pr[1,124]	0.1872	0.003493	0.6651	0.6472	-1.154	0.1931	1.492	36340.0	31170.0	1.904	1.0
theta_d_pr[1,125]	-1.067	0.003424	0.7235	0.7191	-2.497	-1.06	0.358	44730.0	31290.0	2.344	1.0
theta_d_pr[1,126]	-1.143	0.003137	0.6359	0.6311	-2.416	-1.134	0.0837	41230.0	31880.0	2.16	1.0
theta_d_pr[1,127]	-1.789	0.002674	0.4579	0.4485	-2.753	-1.764	-0.9641	30280.0	25920.0	1.586	1.0
theta_d_pr[1,128]	-0.04466	0.003164	0.6956	0.6884	-1.419	-0.04996	1.318	48410.0	32160.0	2.536	1.0
theta_d_pr[1,129]	0.01245	0.003007	0.6042	0.5892	-1.2	0.01603	1.193	40520.0	29690.0	2.123	1.0
theta_d_pr[1,130]	-0.04145	0.003578	0.7763	0.7667	-1.585	-0.04137	1.475	47120.0	32020.0	2.469	1.0
theta_d_pr[1,131]	1.3	0.003372	0.6057	0.589	0.0817	1.304	2.49	32700.0	27980.0	1.713	1.0
theta_d_pr[1,132]	0.3089	0.002097	0.3957	0.3789	-0.4379	0.2977	1.123	36370.0	28690.0	1.905	1.0
theta_d_pr[1,133]	-1.507	0.002765	0.4489	0.4224	-2.377	-1.509	-0.6019	27450.0	23310.0	1.438	1.0
theta_d_pr[1,134]	0.08519	0.002782	0.5412	0.5304	-0.9544	0.07554	1.177	38060.0	31760.0	1.994	1.0
theta_d_pr[1,135]	-0.3305	0.00244	0.4204	0.4047	-1.213	-0.3117	0.4514	30760.0	25150.0	1.612	1.0
theta_d_pr[1,136]	-0.2555	0.003296	0.62	0.6088	-1.521	-0.244	0.9365	35710.0	28260.0	1.871	1.0
theta_d_pr[1,137]	1.186	0.003436	0.5977	0.5685	-0.03234	1.193	2.341	31110.0	24370.0	1.63	1.0
theta_d_pr[1,138]	-0.3745	0.003516	0.7633	0.7585	-1.864	-0.377	1.134	47190.0	31960.0	2.472	1.0
theta_d_pr[1,139]	-0.9529	0.003606	0.7426	0.7408	-2.403	-0.9528	0.5002	42660.0	31530.0	2.235	1.0
theta_d_pr[1,140]	-0.1926	0.003494	0.7976	0.7956	-1.75	-0.1973	1.385	52370.0	29730.0	2.744	1.0
theta_d_pr[1,141]	0.4866	0.001897	0.3393	0.3334	-0.133	0.4712	1.196	33200.0	26030.0	1.739	1.0
theta_d_pr[1,142]	0.08226	0.003532	0.7275	0.7154	-1.367	0.08858	1.498	42670.0	30860.0	2.236	1.0
theta_d_pr[1,143]	-0.2855	0.00322	0.5982	0.574	-1.467	-0.2846	0.9076	34810.0	28530.0	1.824	1.0
theta_d_pr[1,144]	-0.9717	0.002731	0.5217	0.5136	-2.031	-0.9596	0.02412	36750.0	31120.0	1.926	1.0
theta_d_pr[1,145]	0.03714	0.003548	0.6472	0.6212	-1.226	0.02663	1.349	33660.0	28820.0	1.764	1.0
theta_d_pr[1,146]	-0.3125	0.002659	0.5597	0.5516	-1.43	-0.3055	0.7753	44500.0	31690.0	2.332	1.0
theta_d_pr[1,147]	0.6778	0.002828	0.4537	0.4463	-0.1412	0.6511	1.642	26620.0	25470.0	1.395	1.0
theta_d_pr[1,148]	1.485	0.003191	0.5977	0.5836	0.3133	1.486	2.676	35330.0	29460.0	1.851	1.0
theta_d_pr[1,149]	0.3799	0.002473	0.4233	0.4161	-0.4023	0.3646	1.263	29790.0	26970.0	1.561	1.0
theta_d_pr[1,150]	-0.5357	0.002217	0.4258	0.4089	-1.392	-0.53	0.2885	37630.0	28400.0	1.971	1.0
theta_d_pr[1,151]	-0.1738	0.003099	0.6542	0.6472	-1.476	-0.1711	1.092	44540.0	31070.0	2.334	1.0
theta_d_pr[1,152]	0.9384	0.002538	0.43	0.4234	0.1715	0.9108	1.848	29710.0	25760.0	1.557	1.0
theta_d_pr[1,153]	-0.2343	0.003896	0.7448	0.7313	-1.702	-0.2268	1.236	36630.0	31560.0	1.919	1.0
theta_d_pr[1,154]	0.6734	0.00317	0.6699	0.664	-0.6135	0.6603	2.021	45000.0	29910.0	2.358	1.0
theta_d_pr[1,155]	0.4644	0.003913	0.7315	0.7184	-1.018	0.4824	1.856	35190.0	29560.0	1.844	1.0
theta_d_pr[1,156]	2.68	0.002696	0.5142	0.51	1.741	2.656	3.751	37060.0	29440.0	1.942	1.0
theta_d_pr[1,157]	0.2186	0.002893	0.5372	0.5193	-0.837	0.2102	1.29	34920.0	27940.0	1.83	1.0
theta_d_pr[1,158]	0.7515	0.002606	0.4773	0.4581	-0.192	0.7493	1.696	34370.0	27620.0	1.801	1.0
theta_d_pr[1,159]	-1.881	0.002233	0.3935	0.3865	-2.712	-1.86	-1.158	32080.0	27550.0	1.681	1.0
theta_d_pr[2,1]	-0.07044	0.003281	0.7322	0.7263	-1.507	-0.07221	1.376	49930.0	30820.0	2.616	1.0
theta_d_pr[2,2]	0.2428	0.003357	0.7192	0.7122	-1.166	0.2444	1.652	46000.0	31810.0	2.41	1.0
theta_d_pr[2,3]	-0.001996	0.003562	0.7608	0.7557	-1.483	-0.004759	1.505	45720.0	33070.0	2.395	1.0
theta_d_pr[2,4]	-0.2273	0.003751	0.7676	0.7654	-1.737	-0.2204	1.255	41790.0	31200.0	2.19	1.0
theta_d_pr[2,5]	-0.01645	0.003365	0.6151	0.6077	-1.19	-0.02932	1.232	33660.0	28950.0	1.763	1.0
theta_d_pr[2,6]	-1.234	0.003381	0.6821	0.6722	-2.578	-1.227	0.1043	40760.0	31000.0	2.136	1.0
theta_d_pr[2,7]	0.3707	0.003301	0.7019	0.6976	-0.9959	0.3664	1.768	45260.0	31930.0	2.372	1.0
theta_d_pr[2,8]	-0.4738	0.003398	0.7125	0.7017	-1.87	-0.479	0.9459	44100.0	29880.0	2.311	1.0
theta_d_pr[2,9]	-0.1013	0.003002	0.6236	0.6142	-1.334	-0.1006	1.125	43240.0	30670.0	2.265	1.0
theta_d_pr[2,10]	-0.4697	0.003386	0.6601	0.6541	-1.763	-0.4714	0.8242	38120.0	31240.0	1.997	1.0
theta_d_pr[2,11]	0.2668	0.003397	0.6789	0.6739	-1.081	0.2732	1.585	40020.0	29720.0	2.097	1.0
theta_d_pr[2,12]	-0.499	0.003996	0.7545	0.7485	-1.992	-0.4953	0.9722	35710.0	31880.0	1.871	1.0
theta_d_pr[2,13]	-0.2737	0.003343	0.7348	0.7252	-1.694	-0.2789	1.18	48390.0	32090.0	2.535	1.0
theta_d_pr[2,14]	-0.156	0.004119	0.7908	0.7907	-1.714	-0.1553	1.393	36890.0	31630.0	1.933	1.0
theta_d_pr[2,15]	-0.1368	0.003477	0.7055	0.6925	-1.538	-0.1327	1.246	41240.0	31030.0	2.161	1.0
theta_d_pr[2,16]	-0.1405	0.003239	0.7006	0.688	-1.541	-0.1375	1.229	46930.0	30230.0	2.459	1.0
theta_d_pr[2,17]	0.354	0.003333	0.7709	0.7626	-1.145	0.3507	1.88	53700.0	30530.0	2.814	1.0
theta_d_pr[2,18]	1.158	0.00325	0.6896	0.6792	-0.1938	1.154	2.525	45150.0	31320.0	2.365	1.0
theta_d_pr[2,19]	-0.1208	0.00373	0.7257	0.7195	-1.556	-0.116	1.297	37920.0	31790.0	1.987	1.0
theta_d_pr[2,20]	-0.4349	0.003652	0.7693	0.7624	-1.942	-0.4401	1.096	44550.0	30570.0	2.334	1.0
theta_d_pr[2,21]	1.149	0.003554	0.7561	0.747	-0.3498	1.148	2.625	45310.0	31740.0	2.374	1.0
theta_d_pr[2,22]	-0.7183	0.003544	0.6693	0.6556	-2.048	-0.7186	0.5892	35750.0	30440.0	1.873	1.0
theta_d_pr[2,23]	0.4005	0.00533	1.041	1.027	-1.742	0.4384	2.347	39370.0	25350.0	2.062	1.0
theta_d_pr[2,24]	1.696	0.003299	0.718	0.7078	0.2924	1.693	3.108	47380.0	30210.0	2.482	1.0
theta_d_pr[2,25]	0.3786	0.00368	0.7399	0.7308	-1.09	0.3839	1.828	40470.0	31210.0	2.12	1.0
theta_d_pr[2,26]	0.003705	0.003308	0.6821	0.6692	-1.349	0.0009931	1.34	42640.0	31980.0	2.234	1.0
theta_d_pr[2,27]	-0.3095	0.003651	0.8067	0.8016	-1.899	-0.305	1.288	48870.0	32260.0	2.561	1.0
theta_d_pr[2,28]	-0.6026	0.00338	0.763	0.7498	-2.108	-0.603	0.8969	51280.0	31030.0	2.687	1.0
theta_d_pr[2,29]	-0.2838	0.003351	0.6692	0.6637	-1.593	-0.2791	1.032	39990.0	31530.0	2.095	1.0
theta_d_pr[2,30]	-1.232	0.003425	0.6984	0.6874	-2.616	-1.231	0.1395	41680.0	31290.0	2.184	1.0
theta_d_pr[2,31]	0.5339	0.003403	0.7693	0.7626	-0.9708	0.5273	2.054	51140.0	31650.0	2.68	1.0
theta_d_pr[2,32]	-0.1083	0.003593	0.7472	0.742	-1.568	-0.1087	1.359	43330.0	30560.0	2.27	1.0
theta_d_pr[2,33]	-0.4351	0.003114	0.6604	0.6472	-1.726	-0.436	0.8841	45050.0	32280.0	2.36	1.0
theta_d_pr[2,34]	0.4695	0.005957	0.9396	0.941	-1.388	0.4866	2.273	25140.0	21650.0	1.317	1.0
theta_d_pr[2,35]	0.4254	0.004469	0.8273	0.8283	-1.227	0.4321	2.017	34230.0	29660.0	1.794	1.0
theta_d_pr[2,36]	0.9627	0.00393	0.7872	0.7787	-0.5944	0.971	2.497	40190.0	30400.0	2.106	1.0
theta_d_pr[2,37]	-0.1587	0.003224	0.6471	0.6423	-1.426	-0.1615	1.127	40400.0	30070.0	2.117	1.0
theta_d_pr[2,38]	-0.8865	0.003116	0.6746	0.6632	-2.202	-0.8879	0.4505	47070.0	30930.0	2.466	1.0
theta_d_pr[2,39]	0.1534	0.002959	0.5998	0.5885	-1.032	0.1537	1.328	41120.0	30800.0	2.154	1.0
theta_d_pr[2,40]	-0.01839	0.003398	0.7489	0.7419	-1.487	-0.01956	1.459	48660.0	32940.0	2.55	1.0
theta_d_pr[2,41]	-0.2748	0.003878	0.845	0.8405	-1.912	-0.2768	1.388	47630.0	30810.0	2.495	1.0
theta_d_pr[2,42]	-0.2002	0.003241	0.7315	0.7249	-1.639	-0.1983	1.232	51070.0	30910.0	2.676	1.0
theta_d_pr[2,43]	-0.5709	0.003699	0.7077	0.7015	-1.969	-0.5727	0.8174	36670.0	30180.0	1.921	1.0
theta_d_pr[2,44]	-0.5054	0.005062	1.049	1.051	-2.534	-0.5197	1.59	43150.0	31430.0	2.261	1.0
theta_d_pr[2,45]	0.2157	0.003681	0.7514	0.7436	-1.269	0.2213	1.681	41720.0	32320.0	2.186	1.0
theta_d_pr[2,46]	0.2062	0.003344	0.6718	0.6634	-1.127	0.2067	1.527	40410.0	30910.0	2.117	1.0
theta_d_pr[2,47]	-0.15	0.003455	0.6727	0.6707	-1.472	-0.1492	1.156	37950.0	32340.0	1.988	1.0
theta_d_pr[2,48]	-0.206	0.004291	0.9555	0.9671	-2.034	-0.2139	1.659	49700.0	32200.0	2.604	1.0
theta_d_pr[2,49]	0.6368	0.004005	0.8121	0.8045	-0.929	0.6253	2.271	41130.0	31120.0	2.155	1.0
theta_d_pr[2,50]	0.9951	0.004425	0.9064	0.9016	-0.8339	1.006	2.721	42170.0	29830.0	2.209	1.0
theta_d_pr[2,51]	0.4697	0.004221	0.9755	0.9765	-1.452	0.4721	2.361	53440.0	30360.0	2.8	1.0
theta_d_pr[2,52]	-0.2863	0.003628	0.7982	0.7923	-1.846	-0.2867	1.293	48460.0	29920.0	2.539	1.0
theta_d_pr[2,53]	0.226	0.003468	0.6904	0.6844	-1.15	0.2331	1.571	39620.0	31050.0	2.076	1.0
theta_d_pr[2,54]	0.7685	0.00412	0.8748	0.8725	-0.962	0.7783	2.468	45200.0	30060.0	2.368	1.0
theta_d_pr[2,55]	-2.012	0.003814	0.7867	0.7654	-3.546	-2.014	-0.435	42730.0	29550.0	2.239	1.0
theta_d_pr[2,56]	-0.3782	0.003025	0.7497	0.7459	-1.855	-0.3785	1.076	61540.0	29480.0	3.224	1.0
theta_d_pr[2,57]	0.51	0.003438	0.8086	0.8075	-1.088	0.5126	2.077	55520.0	32470.0	2.909	1.0
theta_d_pr[2,58]	-0.4597	0.003378	0.7912	0.7842	-2.003	-0.4635	1.117	55040.0	30990.0	2.884	1.0
theta_d_pr[2,59]	0.2712	0.003729	0.767	0.7594	-1.244	0.2773	1.776	42500.0	31190.0	2.227	1.0
theta_d_pr[2,60]	-0.5032	0.004211	0.7855	0.7768	-2.033	-0.514	1.058	34820.0	32100.0	1.824	1.0
theta_d_pr[2,61]	0.06113	0.00365	0.7435	0.7307	-1.388	0.05892	1.537	41550.0	31550.0	2.177	1.0
theta_d_pr[2,62]	1.127	0.003494	0.7159	0.7091	-0.2833	1.134	2.515	42000.0	31220.0	2.201	1.0
theta_d_pr[2,63]	-0.4055	0.003575	0.701	0.6932	-1.799	-0.3998	0.9687	38440.0	30920.0	2.014	1.0
theta_d_pr[2,64]	-0.536	0.003664	0.7654	0.7625	-2.046	-0.5352	0.9684	43740.0	30710.0	2.292	1.0
theta_d_pr[2,65]	0.05343	0.00422	0.9775	0.9726	-1.882	0.05468	1.945	53780.0	29860.0	2.818	1.0
theta_d_pr[2,66]	1.398	0.004184	0.8067	0.7973	-0.211	1.401	2.969	37190.0	30380.0	1.949	1.0
theta_d_pr[2,67]	-1.062	0.003628	0.8363	0.8308	-2.688	-1.067	0.5905	53410.0	31260.0	2.798	1.0
theta_d_pr[2,68]	0.4642	0.003475	0.6728	0.6661	-0.8668	0.4678	1.77	37500.0	28130.0	1.965	1.0
theta_d_pr[2,69]	0.7735	0.003389	0.6823	0.6734	-0.5869	0.7811	2.104	40610.0	31480.0	2.128	1.0
theta_d_pr[2,70]	0.5751	0.003405	0.7216	0.7186	-0.8247	0.5628	2.008	45190.0	30290.0	2.368	1.0
theta_d_pr[2,71]	0.5943	0.003473	0.7628	0.7527	-0.9185	0.5949	2.095	48300.0	31620.0	2.53	1.0
theta_d_pr[2,72]	0.2259	0.00338	0.6954	0.6898	-1.145	0.2271	1.594	42390.0	31230.0	2.221	1.0
theta_d_pr[2,73]	-1.835	0.005633	0.9713	0.9756	-3.639	-1.874	0.158	30460.0	28110.0	1.596	1.0
theta_d_pr[2,74]	-0.219	0.003513	0.7747	0.7646	-1.744	-0.223	1.315	48720.0	32470.0	2.553	1.0
theta_d_pr[2,75]	1.035	0.004056	0.8464	0.8391	-0.6454	1.045	2.678	43810.0	30280.0	2.295	1.0
theta_d_pr[2,76]	0.4856	0.003931	0.8325	0.8351	-1.168	0.4943	2.097	44880.0	32210.0	2.352	1.0
theta_d_pr[2,77]	-1.767	0.003647	0.7364	0.7264	-3.214	-1.768	-0.3034	40790.0	32520.0	2.137	1.0
theta_d_pr[2,78]	0.7473	0.003408	0.7728	0.7708	-0.7572	0.7427	2.281	51540.0	29300.0	2.7	1.0
theta_d_pr[2,79]	-0.4977	0.003925	0.7712	0.764	-1.994	-0.5036	1.037	38760.0	31940.0	2.031	1.0
theta_d_pr[2,80]	0.1065	0.003314	0.6319	0.6284	-1.117	0.09816	1.376	36400.0	31110.0	1.907	1.0
theta_d_pr[2,81]	0.5856	0.003838	0.7756	0.7704	-0.9319	0.5905	2.101	40900.0	30300.0	2.143	1.0
theta_d_pr[2,82]	0.3556	0.0036	0.7344	0.7306	-1.084	0.3588	1.793	41720.0	31550.0	2.186	1.0
theta_d_pr[2,83]	-0.2251	0.003216	0.6926	0.6842	-1.575	-0.2215	1.146	46390.0	31780.0	2.43	1.0
theta_d_pr[2,84]	-0.2926	0.00347	0.7405	0.7365	-1.753	-0.2974	1.168	45730.0	32690.0	2.396	1.0
theta_d_pr[2,85]	-0.667	0.002956	0.6147	0.6021	-1.894	-0.6623	0.5391	43360.0	30840.0	2.272	1.0
theta_d_pr[2,86]	0.4997	0.003599	0.7242	0.7169	-0.9363	0.5035	1.904	40520.0	31460.0	2.123	1.0
theta_d_pr[2,87]	1.066	0.003113	0.6618	0.6495	-0.2268	1.062	2.393	45280.0	31490.0	2.372	1.0
theta_d_pr[2,88]	0.523	0.00354	0.7356	0.7265	-0.917	0.5252	1.978	43240.0	31550.0	2.265	1.0
theta_d_pr[2,89]	-0.434	0.003626	0.7051	0.6981	-1.812	-0.4352	0.9583	37900.0	30360.0	1.986	1.0
theta_d_pr[2,90]	-0.513	0.003947	0.7689	0.765	-2.019	-0.5157	1.006	38030.0	30970.0	1.992	1.0
theta_d_pr[2,91]	0.5298	0.005116	0.9677	0.969	-1.437	0.554	2.366	36190.0	31350.0	1.896	1.0
theta_d_pr[2,92]	-0.2421	0.003432	0.7241	0.7153	-1.685	-0.235	1.186	44570.0	31530.0	2.335	1.0
theta_d_pr[2,93]	0.05574	0.003813	0.7536	0.7468	-1.418	0.05128	1.539	39160.0	31640.0	2.051	1.0
theta_d_pr[2,94]	-0.005365	0.00347	0.6998	0.6899	-1.383	-0.005323	1.377	40760.0	30620.0	2.136	1.0
theta_d_pr[2,95]	-0.3321	0.002972	0.5981	0.5805	-1.513	-0.3301	0.8537	40630.0	31780.0	2.129	1.0
theta_d_pr[2,96]	0.1073	0.003988	0.8907	0.8901	-1.65	0.1096	1.846	49580.0	31580.0	2.598	1.0
theta_d_pr[2,97]	0.01649	0.003661	0.7853	0.7801	-1.516	0.01647	1.562	46250.0	32020.0	2.423	1.0
theta_d_pr[2,98]	0.5866	0.003147	0.6958	0.6883	-0.8042	0.592	1.954	49060.0	30010.0	2.57	1.0
theta_d_pr[2,99]	-0.04064	0.005474	0.9057	0.9201	-1.796	-0.03947	1.743	27450.0	28730.0	1.438	1.0
theta_d_pr[2,100]	2.004	0.003124	0.6618	0.654	0.7182	1.997	3.332	45000.0	29140.0	2.358	1.0
theta_d_pr[2,101]	-0.1579	0.003672	0.7238	0.7196	-1.587	-0.1574	1.26	38880.0	32500.0	2.037	1.0
theta_d_pr[2,102]	0.9997	0.003256	0.7096	0.7005	-0.3995	0.9994	2.394	47540.0	31660.0	2.491	1.0
theta_d_pr[2,103]	-0.009688	0.003958	0.7659	0.7624	-1.516	-0.01222	1.496	37430.0	31050.0	1.961	1.0
theta_d_pr[2,104]	-0.5428	0.003219	0.6337	0.6278	-1.801	-0.5383	0.6949	38830.0	31190.0	2.034	1.0
theta_d_pr[2,105]	0.8326	0.003751	0.8458	0.8367	-0.8496	0.8421	2.47	51010.0	30480.0	2.673	1.0
theta_d_pr[2,106]	-0.1221	0.004382	1.009	1.004	-2.121	-0.1154	1.861	53170.0	30330.0	2.786	1.0
theta_d_pr[2,107]	-1.262	0.004817	0.9592	0.9657	-3.077	-1.286	0.673	40130.0	30360.0	2.102	1.0
theta_d_pr[2,108]	-0.0365	0.003634	0.7494	0.7483	-1.527	-0.02601	1.404	42550.0	30850.0	2.229	1.0
theta_d_pr[2,109]	-0.7184	0.003494	0.7031	0.6988	-2.102	-0.7184	0.6643	40520.0	32370.0	2.123	1.0
theta_d_pr[2,110]	0.3807	0.004177	0.7598	0.7519	-1.074	0.3665	1.921	33110.0	31440.0	1.735	1.0
theta_d_pr[2,111]	0.123	0.003191	0.7131	0.701	-1.295	0.1225	1.531	50270.0	31900.0	2.634	1.0
theta_d_pr[2,112]	0.1478	0.003502	0.6939	0.6855	-1.188	0.1375	1.538	39330.0	31070.0	2.061	1.0
theta_d_pr[2,113]	-0.2046	0.003309	0.6712	0.6657	-1.528	-0.1987	1.108	41410.0	30800.0	2.169	1.0
theta_d_pr[2,114]	0.8395	0.003262	0.7001	0.6915	-0.5166	0.8276	2.236	46150.0	31160.0	2.418	1.0
theta_d_pr[2,115]	0.2186	0.003618	0.7423	0.7375	-1.228	0.2136	1.696	42270.0	30250.0	2.215	1.0
theta_d_pr[2,116]	-0.2096	0.00346	0.6845	0.6796	-1.555	-0.2071	1.141	39200.0	31520.0	2.054	1.0
theta_d_pr[2,117]	1.059	0.003399	0.6972	0.695	-0.2938	1.053	2.443	42230.0	32350.0	2.213	1.0
theta_d_pr[2,118]	0.4006	0.003599	0.7702	0.7623	-1.116	0.3998	1.93	45830.0	30950.0	2.401	1.0
theta_d_pr[2,119]	-0.1411	0.003694	0.7779	0.7764	-1.656	-0.1461	1.384	44400.0	32860.0	2.326	1.0
theta_d_pr[2,120]	0.006385	0.003617	0.7593	0.7552	-1.467	-0.0007745	1.507	44100.0	31800.0	2.31	1.0
theta_d_pr[2,121]	0.3871	0.003762	0.7426	0.7405	-1.074	0.3896	1.834	39050.0	30470.0	2.046	1.0
theta_d_pr[2,122]	-0.6336	0.003511	0.7142	0.7027	-2.023	-0.639	0.7956	41420.0	32030.0	2.17	1.0
theta_d_pr[2,123]	-0.3244	0.004548	0.8999	0.9059	-2.074	-0.3282	1.434	39060.0	31570.0	2.047	1.0
theta_d_pr[2,124]	0.786	0.003251	0.6672	0.6567	-0.5274	0.7882	2.098	42180.0	30190.0	2.21	1.0
theta_d_pr[2,125]	-0.5841	0.003816	0.7229	0.7169	-1.985	-0.5883	0.856	35990.0	31150.0	1.885	0.9999
theta_d_pr[2,126]	0.2008	0.003249	0.6628	0.6561	-1.115	0.2013	1.499	41700.0	32160.0	2.185	1.0
theta_d_pr[2,127]	-0.05784	0.004113	0.9321	0.9335	-1.875	-0.06009	1.776	51440.0	30400.0	2.695	1.0
theta_d_pr[2,128]	0.09439	0.003078	0.6527	0.6387	-1.197	0.09739	1.384	45060.0	31230.0	2.361	1.0
theta_d_pr[2,129]	0.2231	0.00349	0.7243	0.7148	-1.213	0.2271	1.636	43100.0	31920.0	2.258	1.0
theta_d_pr[2,130]	0.1331	0.003348	0.6527	0.6442	-1.148	0.1325	1.426	38080.0	31990.0	1.995	1.0
theta_d_pr[2,131]	-1.065	0.00458	0.7998	0.8025	-2.62	-1.07	0.5228	30650.0	28600.0	1.606	1.0
theta_d_pr[2,132]	-0.1335	0.004038	0.9907	0.9865	-2.078	-0.1341	1.821	60370.0	29270.0	3.163	1.0
theta_d_pr[2,133]	-0.6809	0.005414	0.9775	0.9768	-2.55	-0.6952	1.265	32540.0	30910.0	1.705	1.0
theta_d_pr[2,134]	0.6511	0.003982	0.7935	0.7815	-0.9673	0.6654	2.166	39860.0	32340.0	2.088	1.0
theta_d_pr[2,135]	0.6305	0.004075	0.8422	0.8433	-1.042	0.6392	2.256	42850.0	31190.0	2.245	1.0
theta_d_pr[2,136]	0.2684	0.003412	0.6984	0.6909	-1.126	0.2704	1.632	41990.0	30840.0	2.2	1.0
theta_d_pr[2,137]	0.3735	0.005117	0.8936	0.8986	-1.441	0.4	2.072	30460.0	30450.0	1.596	1.0
theta_d_pr[2,138]	-0.3816	0.003367	0.6536	0.6437	-1.674	-0.3756	0.8917	37690.0	31510.0	1.975	1.0
theta_d_pr[2,139]	-0.1524	0.003202	0.6218	0.6134	-1.363	-0.1544	1.091	37790.0	31800.0	1.98	1.0
theta_d_pr[2,140]	-0.3639	0.003328	0.6916	0.6788	-1.708	-0.3692	1.014	43260.0	32640.0	2.267	1.0
theta_d_pr[2,141]	-1.021	0.004439	0.9344	0.9392	-2.843	-1.021	0.8109	44440.0	31330.0	2.329	1.0
theta_d_pr[2,142]	0.3477	0.003169	0.6277	0.6142	-0.8852	0.3465	1.58	39310.0	31750.0	2.06	1.0
theta_d_pr[2,143]	-0.5077	0.003409	0.6855	0.6702	-1.831	-0.5119	0.8714	40570.0	31880.0	2.125	1.0
theta_d_pr[2,144]	-0.1605	0.003284	0.6894	0.6822	-1.516	-0.1623	1.193	43930.0	31870.0	2.301	1.0
theta_d_pr[2,145]	0.02402	0.003977	0.7372	0.7395	-1.41	0.01874	1.475	34400.0	31470.0	1.802	1.0
theta_d_pr[2,146]	0.2516	0.003322	0.7019	0.6922	-1.126	0.2521	1.633	44640.0	31190.0	2.339	1.0
theta_d_pr[2,147]	-0.06911	0.003626	0.7398	0.7231	-1.52	-0.07132	1.4	41670.0	31330.0	2.183	1.0
theta_d_pr[2,148]	0.6861	0.003907	0.7154	0.7095	-0.7274	0.689	2.089	33680.0	30640.0	1.765	1.0
theta_d_pr[2,149]	-1.657	0.003765	0.8074	0.804	-3.264	-1.647	-0.07342	46060.0	32220.0	2.413	1.0
theta_d_pr[2,150]	-0.5504	0.004152	0.9266	0.9181	-2.339	-0.5632	1.311	50230.0	30620.0	2.631	1.0
theta_d_pr[2,151]	-0.05817	0.003606	0.7739	0.7706	-1.558	-0.06322	1.479	46160.0	32370.0	2.418	1.0
theta_d_pr[2,152]	-0.972	0.004153	0.8218	0.819	-2.646	-0.9484	0.5714	39710.0	29060.0	2.08	1.0
theta_d_pr[2,153]	0.4603	0.003208	0.5862	0.5811	-0.6651	0.4549	1.629	33610.0	29860.0	1.761	1.0
theta_d_pr[2,154]	-0.983	0.003363	0.771	0.7632	-2.496	-0.9851	0.5482	52600.0	31400.0	2.756	1.0
theta_d_pr[2,155]	0.7806	0.003459	0.6785	0.6674	-0.5699	0.785	2.103	38540.0	30380.0	2.019	1.0
theta_d_pr[2,156]	0.3277	0.005273	1.0	1.003	-1.573	0.312	2.341	36320.0	28050.0	1.903	1.0
theta_d_pr[2,157]	-0.02222	0.004075	0.812	0.8134	-1.62	-0.0226	1.567	39730.0	32060.0	2.082	1.0
theta_d_pr[2,158]	-0.624	0.003924	0.767	0.7619	-2.117	-0.6229	0.8964	38400.0	32160.0	2.012	1.0
theta_d_pr[2,159]	-0.3377	0.004235	0.9748	0.9729	-2.256	-0.3318	1.561	53050.0	31250.0	2.779	1.0
theta_d_pr[3,1]	-0.9672	0.003369	0.6827	0.6444	-2.288	-0.9865	0.4481	42910.0	26540.0	2.248	1.0
theta_d_pr[3,2]	0.8077	0.003077	0.6609	0.6417	-0.4713	0.7957	2.14	46810.0	29880.0	2.453	1.0
theta_d_pr[3,3]	0.175	0.002647	0.5452	0.5305	-0.8965	0.1738	1.26	42720.0	30430.0	2.238	1.0
theta_d_pr[3,4]	0.4427	0.00318	0.7141	0.6985	-0.9942	0.4565	1.815	51000.0	28100.0	2.672	1.0
theta_d_pr[3,5]	0.4536	0.00343	0.7424	0.7167	-1.075	0.473	1.881	47560.0	28720.0	2.492	1.0
theta_d_pr[3,6]	-1.101	0.002837	0.6123	0.595	-2.341	-1.092	0.08304	47380.0	27990.0	2.482	1.0
theta_d_pr[3,7]	0.3766	0.003251	0.7714	0.7597	-1.136	0.372	1.917	56600.0	28960.0	2.965	1.0
theta_d_pr[3,8]	-0.5263	0.002061	0.4275	0.4178	-1.367	-0.5261	0.3133	43220.0	29060.0	2.265	1.0
theta_d_pr[3,9]	0.6286	0.002734	0.5329	0.5154	-0.3478	0.603	1.757	39450.0	26490.0	2.067	1.0
theta_d_pr[3,10]	-0.06366	0.001979	0.4017	0.3977	-0.8596	-0.06145	0.7224	41360.0	31600.0	2.167	1.0
theta_d_pr[3,11]	-0.5764	0.002715	0.5534	0.5417	-1.713	-0.5583	0.4717	42620.0	28400.0	2.233	1.0
theta_d_pr[3,12]	-1.399	0.003058	0.6708	0.6514	-2.715	-1.401	-0.07226	48590.0	28390.0	2.546	1.0
theta_d_pr[3,13]	-0.08334	0.003383	0.7247	0.6937	-1.513	-0.08577	1.358	46320.0	27250.0	2.427	1.0
theta_d_pr[3,14]	1.164	0.003737	0.7945	0.7881	-0.4167	1.164	2.712	45290.0	29960.0	2.373	1.0
theta_d_pr[3,15]	-1.058	0.003345	0.7055	0.6769	-2.404	-1.078	0.3962	45820.0	27590.0	2.401	1.0
theta_d_pr[3,16]	0.2568	0.003439	0.6868	0.6674	-1.185	0.2827	1.528	41030.0	27640.0	2.15	1.0
theta_d_pr[3,17]	0.7343	0.003374	0.7179	0.6955	-0.6717	0.722	2.183	45880.0	28680.0	2.404	1.0
theta_d_pr[3,18]	0.8249	0.003384	0.7217	0.7115	-0.56	0.8056	2.293	46140.0	29240.0	2.418	1.0
theta_d_pr[3,19]	0.702	0.003672	0.7609	0.7492	-0.7782	0.6981	2.218	42980.0	31280.0	2.252	1.0
theta_d_pr[3,20]	0.03936	0.002421	0.5514	0.5343	-1.06	0.03938	1.124	52510.0	28340.0	2.751	1.0
theta_d_pr[3,21]	1.142	0.003081	0.6939	0.6812	-0.2166	1.134	2.512	51030.0	28820.0	2.674	1.0
theta_d_pr[3,22]	-1.546	0.002952	0.6025	0.5913	-2.751	-1.538	-0.383	41960.0	27190.0	2.198	1.0
theta_d_pr[3,23]	0.3228	0.00367	0.9463	0.9473	-1.527	0.3277	2.153	66600.0	30970.0	3.489	1.0
theta_d_pr[3,24]	1.062	0.003073	0.6175	0.5989	-0.1015	1.043	2.324	41450.0	28910.0	2.172	1.0
theta_d_pr[3,25]	0.2027	0.002655	0.5646	0.5567	-0.8777	0.1918	1.349	45700.0	29780.0	2.394	1.0
theta_d_pr[3,26]	-0.5943	0.002863	0.5939	0.5767	-1.775	-0.5911	0.5678	43510.0	28870.0	2.279	1.0
theta_d_pr[3,27]	-0.5403	0.002007	0.3996	0.391	-1.345	-0.534	0.2286	40090.0	29410.0	2.1	1.0
theta_d_pr[3,28]	0.2259	0.002387	0.5133	0.4931	-0.7556	0.2129	1.279	47390.0	27560.0	2.483	1.0
theta_d_pr[3,29]	-1.211	0.003137	0.6335	0.6085	-2.487	-1.206	0.01834	41510.0	29560.0	2.175	1.0
theta_d_pr[3,30]	0.3822	0.002454	0.4911	0.4843	-0.5481	0.3714	1.388	40650.0	29460.0	2.13	1.0
theta_d_pr[3,31]	0.8555	0.003289	0.73	0.708	-0.5962	0.8552	2.287	49760.0	28680.0	2.607	1.0
theta_d_pr[3,32]	-0.8128	0.003337	0.7689	0.7493	-2.33	-0.8154	0.7133	53370.0	30200.0	2.796	1.0
theta_d_pr[3,33]	0.3607	0.001981	0.3857	0.3771	-0.3608	0.3481	1.153	38640.0	29420.0	2.025	1.0
theta_d_pr[3,34]	0.6841	0.003992	0.8972	0.8978	-1.094	0.6898	2.406	50790.0	30280.0	2.661	1.0
theta_d_pr[3,35]	1.034	0.004451	0.7928	0.7792	-0.5096	1.032	2.618	31780.0	30140.0	1.665	1.0
theta_d_pr[3,36]	-0.105	0.003653	0.8069	0.7864	-1.706	-0.1118	1.493	48990.0	29800.0	2.567	1.0
theta_d_pr[3,37]	-0.2817	0.00224	0.439	0.43	-1.158	-0.2773	0.567	38540.0	29170.0	2.019	1.0
theta_d_pr[3,38]	0.6742	0.002872	0.6241	0.5957	-0.5204	0.6564	1.96	48110.0	28870.0	2.52	1.0
theta_d_pr[3,39]	0.1463	0.003401	0.7124	0.6904	-1.241	0.1345	1.6	44450.0	28210.0	2.329	1.0
theta_d_pr[3,40]	-0.8134	0.001999	0.4172	0.4123	-1.656	-0.803	-0.01602	43930.0	29940.0	2.301	1.0
theta_d_pr[3,41]	-0.2813	0.003451	0.8442	0.834	-1.905	-0.29	1.394	60150.0	29310.0	3.152	1.0
theta_d_pr[3,42]	-0.6007	0.002605	0.5188	0.4944	-1.596	-0.6116	0.4655	40600.0	27420.0	2.127	1.0
theta_d_pr[3,43]	-0.4639	0.00357	0.7437	0.7159	-1.867	-0.4854	1.08	44180.0	29330.0	2.315	1.0
theta_d_pr[3,44]	0.1011	0.003598	0.9013	0.9009	-1.664	0.1038	1.859	62830.0	28920.0	3.292	1.001
theta_d_pr[3,45]	0.8077	0.003175	0.6781	0.6613	-0.5383	0.8127	2.137	46030.0	28990.0	2.411	0.9999
theta_d_pr[3,46]	-0.2563	0.002951	0.6211	0.6024	-1.442	-0.2703	1.0	45460.0	28710.0	2.382	1.0
theta_d_pr[3,47]	1.247	0.003105	0.5731	0.5609	0.1813	1.228	2.443	34700.0	28770.0	1.818	1.0
theta_d_pr[3,48]	0.09063	0.003791	0.9603	0.9553	-1.783	0.08984	1.98	64220.0	29140.0	3.364	1.0
theta_d_pr[3,49]	-0.9705	0.003832	0.8435	0.8238	-2.541	-1.005	0.7833	49620.0	28180.0	2.6	1.0
theta_d_pr[3,50]	0.2252	0.00353	0.8424	0.8266	-1.44	0.2297	1.882	57180.0	28810.0	2.996	1.0
theta_d_pr[3,51]	0.413	0.003869	0.9506	0.9495	-1.448	0.4119	2.279	60440.0	31080.0	3.167	1.0
theta_d_pr[3,52]	0.7842	0.001963	0.3731	0.3666	0.05982	0.7826	1.534	36330.0	30090.0	1.904	1.0
theta_d_pr[3,53]	-1.438	0.002722	0.581	0.5709	-2.601	-1.432	-0.3135	45790.0	28780.0	2.399	1.0
theta_d_pr[3,54]	-0.1145	0.003588	0.8908	0.8796	-1.857	-0.1152	1.644	62420.0	29940.0	3.271	1.0
theta_d_pr[3,55]	0.1075	0.003455	0.8091	0.8041	-1.493	0.1086	1.703	55060.0	30600.0	2.885	1.0
theta_d_pr[3,56]	-0.1005	0.003175	0.7618	0.7517	-1.594	-0.09915	1.398	57770.0	27470.0	3.027	1.0
theta_d_pr[3,57]	0.1276	0.003247	0.7483	0.7239	-1.322	0.1165	1.639	53720.0	28830.0	2.815	1.0
theta_d_pr[3,58]	-0.9571	0.002827	0.6097	0.5836	-2.14	-0.9668	0.2882	47750.0	27330.0	2.502	1.0
theta_d_pr[3,59]	-0.4685	0.003586	0.8495	0.8483	-2.084	-0.4836	1.246	56590.0	31150.0	2.965	1.0
theta_d_pr[3,60]	-0.01192	0.002814	0.5846	0.5702	-1.154	-0.01255	1.149	43390.0	29700.0	2.273	1.0
theta_d_pr[3,61]	-0.6697	0.00282	0.5984	0.5838	-1.889	-0.6551	0.469	45840.0	29460.0	2.402	1.0
theta_d_pr[3,62]	0.4268	0.003257	0.6389	0.6268	-0.8093	0.4229	1.713	38730.0	28910.0	2.029	1.0
theta_d_pr[3,63]	-0.9982	0.004165	0.8912	0.8766	-2.676	-1.027	0.8344	46400.0	30510.0	2.431	1.0
theta_d_pr[3,64]	-0.7711	0.003871	0.9039	0.9022	-2.486	-0.7925	1.072	55280.0	31070.0	2.896	1.0
theta_d_pr[3,65]	-0.3018	0.003818	0.9426	0.937	-2.137	-0.3026	1.568	61100.0	28960.0	3.201	1.0
theta_d_pr[3,66]	0.1367	0.003903	0.7593	0.7529	-1.31	0.121	1.679	38220.0	29070.0	2.003	1.0
theta_d_pr[3,67]	-1.142	0.004419	0.9693	0.9747	-2.981	-1.168	0.8074	48510.0	32210.0	2.542	1.0
theta_d_pr[3,68]	-0.2696	0.002945	0.5739	0.5602	-1.355	-0.2853	0.9068	39000.0	27240.0	2.043	1.0
theta_d_pr[3,69]	-1.864	0.002813	0.6281	0.6148	-3.108	-1.862	-0.6288	50340.0	27900.0	2.638	1.0
theta_d_pr[3,70]	0.5504	0.002597	0.55	0.5336	-0.5595	0.555	1.626	45390.0	30070.0	2.378	1.0
theta_d_pr[3,71]	-0.05382	0.003314	0.7429	0.7127	-1.541	-0.04725	1.411	50690.0	28400.0	2.656	1.0
theta_d_pr[3,72]	-0.8968	0.00371	0.8089	0.7947	-2.445	-0.913	0.7359	48580.0	30420.0	2.545	1.0
theta_d_pr[3,73]	-0.2125	0.003214	0.7826	0.7751	-1.745	-0.2187	1.337	59480.0	29490.0	3.116	1.0
theta_d_pr[3,74]	0.0564	0.003405	0.8043	0.7829	-1.55	0.05918	1.64	55790.0	30500.0	2.923	1.0
theta_d_pr[3,75]	0.9875	0.003972	0.89	0.8773	-0.8553	1.019	2.664	51310.0	28830.0	2.688	1.0
theta_d_pr[3,76]	-0.5482	0.003625	0.861	0.8489	-2.22	-0.5532	1.16	56490.0	29170.0	2.96	1.0
theta_d_pr[3,77]	-0.5562	0.003401	0.7502	0.7265	-1.999	-0.5731	0.9787	48990.0	27870.0	2.567	1.0
theta_d_pr[3,78]	0.1318	0.003246	0.8127	0.805	-1.459	0.1362	1.726	62880.0	29460.0	3.294	1.001
theta_d_pr[3,79]	-0.4102	0.003602	0.8411	0.8304	-2.012	-0.4273	1.304	55250.0	28160.0	2.895	1.0
theta_d_pr[3,80]	0.3668	0.002261	0.4542	0.4389	-0.5278	0.3662	1.262	41000.0	28960.0	2.148	1.0
theta_d_pr[3,81]	-0.5655	0.003551	0.7929	0.7695	-2.09	-0.5849	1.054	50980.0	28380.0	2.671	1.0
theta_d_pr[3,82]	-0.4016	0.002571	0.5655	0.5516	-1.523	-0.3974	0.6974	48670.0	29370.0	2.55	1.0
theta_d_pr[3,83]	0.7234	0.003504	0.782	0.7624	-0.8623	0.7329	2.23	50430.0	28090.0	2.642	1.0
theta_d_pr[3,84]	-0.2844	0.00258	0.5626	0.5402	-1.387	-0.2904	0.8453	48130.0	29550.0	2.522	1.0
theta_d_pr[3,85]	0.1337	0.002118	0.4433	0.4327	-0.715	0.1218	1.035	44240.0	29470.0	2.318	1.0
theta_d_pr[3,86]	0.3884	0.002887	0.6297	0.616	-0.8545	0.3853	1.632	47840.0	29170.0	2.507	1.0
theta_d_pr[3,87]	0.004285	0.002856	0.5913	0.5672	-1.127	-0.006588	1.219	43710.0	28760.0	2.29	1.0
theta_d_pr[3,88]	0.2827	0.002752	0.5728	0.5563	-0.7895	0.2627	1.478	45170.0	26140.0	2.367	1.0
theta_d_pr[3,89]	-1.66	0.003047	0.6311	0.6063	-2.919	-1.657	-0.425	43550.0	28630.0	2.282	1.0
theta_d_pr[3,90]	-0.9247	0.003005	0.6493	0.6299	-2.234	-0.9133	0.3316	47330.0	29910.0	2.48	1.0
theta_d_pr[3,91]	0.2843	0.004221	0.8857	0.8722	-1.493	0.2943	1.995	44370.0	31300.0	2.325	1.0
theta_d_pr[3,92]	-0.1337	0.00355	0.861	0.8516	-1.823	-0.1388	1.574	58940.0	28810.0	3.088	1.0
theta_d_pr[3,93]	0.2067	0.003506	0.8484	0.839	-1.469	0.2149	1.861	58700.0	29940.0	3.076	1.0
theta_d_pr[3,94]	0.1661	0.002186	0.4758	0.4697	-0.7778	0.1697	1.102	47660.0	29650.0	2.497	1.0
theta_d_pr[3,95]	0.024	0.002365	0.5052	0.4874	-0.9674	0.02326	1.036	46040.0	29340.0	2.412	1.0
theta_d_pr[3,96]	0.1187	0.003552	0.9107	0.9073	-1.679	0.1217	1.898	65790.0	29830.0	3.447	1.0
theta_d_pr[3,97]	-0.406	0.002488	0.5624	0.5509	-1.51	-0.4053	0.7024	51370.0	28400.0	2.692	1.0
theta_d_pr[3,98]	2.555	0.002843	0.6353	0.6215	1.347	2.545	3.836	50330.0	30090.0	2.637	1.0
theta_d_pr[3,99]	-1.058	0.004657	0.9362	0.9272	-2.788	-1.097	0.8794	41250.0	29320.0	2.161	1.0
theta_d_pr[3,100]	-0.3268	0.00331	0.8034	0.7935	-1.877	-0.3403	1.288	59090.0	29720.0	3.096	1.0
theta_d_pr[3,101]	0.5612	0.003279	0.7352	0.7141	-0.8916	0.5585	2.04	50550.0	30210.0	2.649	1.0
theta_d_pr[3,102]	0.005725	0.003	0.6153	0.5878	-1.159	-0.01265	1.289	43320.0	28030.0	2.27	1.0
theta_d_pr[3,103]	0.13	0.003661	0.7964	0.7735	-1.446	0.1347	1.699	47660.0	29050.0	2.497	1.0
theta_d_pr[3,104]	0.668	0.002891	0.6238	0.6088	-0.5583	0.6674	1.907	47030.0	29620.0	2.464	1.0
theta_d_pr[3,105]	-0.1207	0.00356	0.8285	0.8251	-1.733	-0.1329	1.534	54830.0	30230.0	2.872	1.0
theta_d_pr[3,106]	-0.05122	0.003829	1.002	1.007	-2.018	-0.05683	1.917	68710.0	29870.0	3.6	1.0
theta_d_pr[3,107]	0.3024	0.003457	0.8432	0.8437	-1.367	0.3107	1.937	59530.0	28160.0	3.119	1.0
theta_d_pr[3,108]	0.4051	0.003522	0.8139	0.7934	-1.206	0.4121	2.004	53730.0	30150.0	2.815	1.0
theta_d_pr[3,109]	-0.4009	0.002973	0.6605	0.6394	-1.723	-0.3947	0.8855	49810.0	29470.0	2.61	1.0
theta_d_pr[3,110]	-0.3198	0.002813	0.5494	0.532	-1.411	-0.3163	0.7484	38300.0	30230.0	2.007	1.0
theta_d_pr[3,111]	0.8344	0.002933	0.5895	0.5699	-0.2679	0.8131	2.062	41720.0	28290.0	2.186	1.0
theta_d_pr[3,112]	-0.2708	0.002606	0.5612	0.5444	-1.373	-0.274	0.8383	46960.0	27680.0	2.46	1.0
theta_d_pr[3,113]	-1.457	0.002797	0.6134	0.6028	-2.716	-1.44	-0.2928	48880.0	28640.0	2.561	1.0
theta_d_pr[3,114]	0.3285	0.002484	0.479	0.4622	-0.5588	0.3092	1.321	38790.0	27490.0	2.032	1.0
theta_d_pr[3,115]	1.47	0.003284	0.7249	0.7165	0.05218	1.47	2.903	48720.0	30760.0	2.553	1.0
theta_d_pr[3,116]	-0.4215	0.002614	0.564	0.5452	-1.556	-0.4171	0.6928	47070.0	29320.0	2.466	1.0
theta_d_pr[3,117]	0.9937	0.003439	0.7367	0.7084	-0.4994	1.001	2.406	47460.0	26650.0	2.487	1.0
theta_d_pr[3,118]	0.1308	0.003492	0.7707	0.7517	-1.335	0.1115	1.713	49640.0	28890.0	2.601	1.0
theta_d_pr[3,119]	0.3614	0.003246	0.7372	0.7195	-1.116	0.3657	1.799	52250.0	29510.0	2.737	1.0
theta_d_pr[3,120]	0.6196	0.003342	0.7032	0.6781	-0.7753	0.6229	2.005	44840.0	29610.0	2.349	1.0
theta_d_pr[3,121]	0.2464	0.003509	0.7773	0.7616	-1.337	0.2655	1.736	49700.0	28120.0	2.604	1.0
theta_d_pr[3,122]	0.9631	0.003423	0.6654	0.6477	-0.3473	0.9575	2.284	37890.0	28740.0	1.985	1.0
theta_d_pr[3,123]	0.1869	0.003888	0.8941	0.8882	-1.588	0.1921	1.938	53110.0	29640.0	2.782	1.0
theta_d_pr[3,124]	0.8338	0.003469	0.7408	0.7136	-0.6692	0.8415	2.265	46240.0	29210.0	2.423	1.0
theta_d_pr[3,125]	-0.1101	0.002215	0.441	0.4318	-0.9706	-0.1144	0.763	39820.0	29250.0	2.086	1.0
theta_d_pr[3,126]	0.1742	0.002896	0.621	0.6002	-1.012	0.1568	1.452	47040.0	29610.0	2.465	1.0
theta_d_pr[3,127]	-0.5384	0.004049	0.9395	0.9311	-2.371	-0.5462	1.319	53960.0	31510.0	2.827	1.0
theta_d_pr[3,128]	0.1664	0.002227	0.468	0.4583	-0.7275	0.1557	1.116	44970.0	28540.0	2.356	1.0
theta_d_pr[3,129]	-0.449	0.002997	0.6346	0.6155	-1.669	-0.4623	0.8461	45940.0	28100.0	2.407	1.0
theta_d_pr[3,130]	-0.07813	0.002665	0.5536	0.5355	-1.181	-0.07426	1.001	43480.0	30290.0	2.278	1.0
theta_d_pr[3,131]	-1.184	0.004317	0.8956	0.8941	-2.859	-1.217	0.6568	44140.0	29320.0	2.312	1.0
theta_d_pr[3,132]	-0.03397	0.003711	0.943	0.9378	-1.896	-0.02825	1.803	64730.0	30920.0	3.391	1.0
theta_d_pr[3,133]	-0.4332	0.004213	0.9576	0.9577	-2.298	-0.4417	1.484	51820.0	29690.0	2.715	1.0
theta_d_pr[3,134]	0.6648	0.00244	0.4823	0.4669	-0.3101	0.6742	1.588	39900.0	27180.0	2.091	1.0
theta_d_pr[3,135]	0.3444	0.003527	0.8695	0.8675	-1.37	0.3488	2.047	60940.0	29570.0	3.193	1.0
theta_d_pr[3,136]	-0.02113	0.003155	0.6978	0.6739	-1.354	-0.03823	1.431	50350.0	27510.0	2.638	1.0
theta_d_pr[3,137]	0.3914	0.003831	0.8874	0.8851	-1.364	0.3949	2.125	53790.0	29680.0	2.818	1.0
theta_d_pr[3,138]	-0.848	0.002291	0.4494	0.4376	-1.759	-0.8393	0.01016	38900.0	28880.0	2.038	1.0
theta_d_pr[3,139]	-0.6451	0.002392	0.5064	0.4949	-1.661	-0.6376	0.3352	45060.0	30430.0	2.361	1.0
theta_d_pr[3,140]	-0.4924	0.002632	0.5047	0.4838	-1.548	-0.4746	0.448	38080.0	26460.0	1.995	1.0
theta_d_pr[3,141]	0.442	0.00358	0.78	0.7619	-1.14	0.4565	1.936	48500.0	28140.0	2.541	1.0
theta_d_pr[3,142]	0.3602	0.002846	0.588	0.571	-0.7949	0.3567	1.523	42980.0	29580.0	2.252	1.0
theta_d_pr[3,143]	1.174	0.003057	0.6576	0.6441	-0.1021	1.169	2.488	46820.0	29510.0	2.453	1.0
theta_d_pr[3,144]	-1.281	0.003315	0.7322	0.7092	-2.685	-1.291	0.2194	49850.0	28620.0	2.612	1.0
theta_d_pr[3,145]	-0.3465	0.003347	0.8211	0.8095	-1.94	-0.3527	1.302	60480.0	27060.0	3.169	1.0
theta_d_pr[3,146]	0.1343	0.002266	0.5018	0.4872	-0.8517	0.1335	1.124	49250.0	30190.0	2.58	1.0
theta_d_pr[3,147]	1.424	0.003266	0.7432	0.7231	-0.07312	1.434	2.868	52610.0	27500.0	2.756	1.0
theta_d_pr[3,148]	0.9203	0.003443	0.7257	0.7129	-0.4864	0.911	2.385	44650.0	29780.0	2.339	1.0
theta_d_pr[3,149]	0.5153	0.002996	0.6333	0.6166	-0.7542	0.5218	1.758	45380.0	27910.0	2.377	1.0
theta_d_pr[3,150]	-0.01978	0.003564	0.8725	0.8684	-1.722	-0.02811	1.706	60180.0	29790.0	3.153	1.0
theta_d_pr[3,151]	-0.9729	0.002688	0.5669	0.5525	-2.146	-0.9516	0.08415	45880.0	26880.0	2.404	1.0
theta_d_pr[3,152]	0.2163	0.003347	0.7536	0.739	-1.275	0.2183	1.701	51020.0	29310.0	2.673	1.0
theta_d_pr[3,153]	0.5934	0.003282	0.7809	0.7652	-0.9632	0.5962	2.116	56840.0	29450.0	2.978	1.0
theta_d_pr[3,154]	0.8063	0.002767	0.564	0.5398	-0.2864	0.7963	1.952	42490.0	26910.0	2.226	1.0
theta_d_pr[3,155]	-0.1961	0.003222	0.7247	0.6946	-1.672	-0.1815	1.212	51080.0	29150.0	2.676	1.0
theta_d_pr[3,156]	-0.1535	0.004111	0.9298	0.9266	-1.998	-0.1465	1.648	51230.0	31580.0	2.684	1.0
theta_d_pr[3,157]	0.5958	0.003626	0.8332	0.822	-1.082	0.6026	2.192	53110.0	28250.0	2.783	1.0
theta_d_pr[3,158]	-0.4493	0.004059	0.8883	0.8809	-2.167	-0.4641	1.335	48300.0	29330.0	2.53	1.0
theta_d_pr[3,159]	-0.02452	0.003756	0.9487	0.9549	-1.883	-0.02765	1.842	63850.0	29900.0	3.345	1.0
theta_d_pr[4,1]	0.5397	0.002545	0.5792	0.5694	-0.5554	0.528	1.721	52480.0	28660.0	2.749	1.0
theta_d_pr[4,2]	-0.01884	0.002629	0.6144	0.6093	-1.236	-0.01607	1.175	54890.0	30270.0	2.876	1.0
theta_d_pr[4,3]	0.1645	0.002425	0.5443	0.5264	-0.9066	0.1624	1.243	50790.0	29680.0	2.661	1.0
theta_d_pr[4,4]	0.1826	0.003382	0.7357	0.7165	-1.292	0.1963	1.614	47580.0	30690.0	2.493	1.0
theta_d_pr[4,5]	-0.787	0.002937	0.547	0.5189	-1.904	-0.7701	0.2621	35330.0	28060.0	1.851	1.0
theta_d_pr[4,6]	1.628	0.002741	0.56	0.5518	0.5783	1.605	2.796	42460.0	30460.0	2.224	1.0
theta_d_pr[4,7]	-0.9143	0.00296	0.678	0.6697	-2.277	-0.8996	0.3864	52890.0	28940.0	2.771	1.0
theta_d_pr[4,8]	-0.03378	0.002753	0.6169	0.6019	-1.285	-0.02144	1.157	50660.0	29950.0	2.654	1.0
theta_d_pr[4,9]	-0.4796	0.00217	0.4536	0.4387	-1.419	-0.4614	0.367	44960.0	27720.0	2.356	1.0
theta_d_pr[4,10]	-1.811	0.002643	0.5367	0.5336	-2.926	-1.786	-0.8309	42450.0	28870.0	2.224	1.0
theta_d_pr[4,11]	-0.5724	0.002903	0.6447	0.6303	-1.843	-0.5712	0.6963	49530.0	29470.0	2.595	1.0
theta_d_pr[4,12]	-0.0839	0.002728	0.612	0.591	-1.284	-0.08679	1.152	50690.0	28020.0	2.656	1.0
theta_d_pr[4,13]	0.8514	0.002244	0.5339	0.5249	-0.1801	0.8437	1.926	56980.0	30160.0	2.986	1.0
theta_d_pr[4,14]	-0.3324	0.00322	0.666	0.6465	-1.699	-0.3093	0.9332	43420.0	30560.0	2.275	1.0
theta_d_pr[4,15]	-0.6583	0.003027	0.6649	0.6424	-1.98	-0.6537	0.6446	48710.0	29840.0	2.552	1.0
theta_d_pr[4,16]	-0.7502	0.002531	0.5705	0.557	-1.884	-0.7465	0.3739	51290.0	28420.0	2.687	1.0
theta_d_pr[4,17]	0.396	0.002503	0.5661	0.5526	-0.7096	0.391	1.518	51530.0	29190.0	2.7	1.0
theta_d_pr[4,18]	-0.8005	0.003186	0.64	0.6281	-2.121	-0.7767	0.3889	41160.0	29270.0	2.157	1.0
theta_d_pr[4,19]	1.11	0.003022	0.6693	0.6615	-0.1673	1.095	2.466	49400.0	29300.0	2.588	1.0
theta_d_pr[4,20]	0.2698	0.00283	0.6694	0.6572	-1.04	0.2654	1.593	56170.0	28510.0	2.943	1.0
theta_d_pr[4,21]	0.5124	0.002708	0.6274	0.6087	-0.7373	0.5144	1.747	54150.0	28230.0	2.837	1.0
theta_d_pr[4,22]	0.2293	0.003008	0.6107	0.5881	-1.01	0.2413	1.417	41790.0	29420.0	2.19	1.0
theta_d_pr[4,23]	0.08099	0.00392	0.9064	0.9008	-1.68	0.07899	1.867	53710.0	31970.0	2.814	1.0
theta_d_pr[4,24]	-0.2303	0.003308	0.7168	0.6977	-1.663	-0.224	1.169	47140.0	29850.0	2.47	1.0
theta_d_pr[4,25]	-0.03541	0.002451	0.5548	0.5422	-1.155	-0.02747	1.044	51850.0	28260.0	2.717	1.0
theta_d_pr[4,26]	-0.2053	0.002657	0.5636	0.546	-1.336	-0.1969	0.8898	45470.0	28800.0	2.383	1.0
theta_d_pr[4,27]	-0.5064	0.002073	0.4596	0.4483	-1.45	-0.4957	0.3635	49930.0	28280.0	2.616	1.0
theta_d_pr[4,28]	0.01634	0.002394	0.5566	0.5463	-1.096	0.02294	1.106	54670.0	26710.0	2.864	1.0
theta_d_pr[4,29]	-0.6512	0.002975	0.5912	0.5795	-1.871	-0.6301	0.4538	40280.0	29030.0	2.111	1.0
theta_d_pr[4,30]	1.508	0.002537	0.5772	0.5562	0.4004	1.492	2.685	52440.0	29380.0	2.747	1.0
theta_d_pr[4,31]	0.1645	0.003772	0.7795	0.7544	-1.409	0.1749	1.689	42860.0	30650.0	2.245	1.0
theta_d_pr[4,32]	-0.2411	0.003182	0.7099	0.6954	-1.666	-0.2318	1.137	50160.0	29470.0	2.628	1.0
theta_d_pr[4,33]	1.848	0.002365	0.4756	0.4686	0.9742	1.823	2.837	41800.0	28050.0	2.19	1.0
theta_d_pr[4,34]	-0.9448	0.004381	0.8018	0.7747	-2.431	-0.9833	0.7515	34490.0	28730.0	1.807	1.0
theta_d_pr[4,35]	1.253	0.003335	0.7685	0.748	-0.3003	1.257	2.758	53860.0	29560.0	2.822	1.0
theta_d_pr[4,36]	0.008795	0.003104	0.6567	0.6402	-1.33	0.02131	1.261	45340.0	28790.0	2.376	1.0
theta_d_pr[4,37]	1.127	0.002336	0.4894	0.474	0.2042	1.114	2.133	44480.0	28500.0	2.33	1.0
theta_d_pr[4,38]	-1.47	0.002511	0.5736	0.5689	-2.647	-1.454	-0.3826	52910.0	29950.0	2.772	1.0
theta_d_pr[4,39]	0.3808	0.002048	0.4451	0.4302	-0.4739	0.3681	1.291	47950.0	27680.0	2.512	1.0
theta_d_pr[4,40]	0.09059	0.002382	0.5489	0.5346	-1.008	0.09208	1.158	53510.0	29470.0	2.804	1.0
theta_d_pr[4,41]	-0.01888	0.00376	0.8029	0.7842	-1.604	-0.01614	1.579	45670.0	30100.0	2.393	1.0
theta_d_pr[4,42]	-0.1733	0.00272	0.5827	0.5635	-1.319	-0.1759	0.9812	46270.0	27860.0	2.424	1.0
theta_d_pr[4,43]	0.695	0.002352	0.5567	0.541	-0.3986	0.6923	1.81	56380.0	28220.0	2.954	1.0
theta_d_pr[4,44]	-0.8353	0.003936	0.9038	0.9015	-2.585	-0.8419	0.9527	52900.0	31200.0	2.772	1.0
theta_d_pr[4,45]	-1.037	0.002833	0.6483	0.6345	-2.348	-1.023	0.212	52880.0	29150.0	2.771	1.0
theta_d_pr[4,46]	-0.002232	0.002419	0.5256	0.5097	-1.035	-0.002408	1.039	47580.0	28750.0	2.493	1.0
theta_d_pr[4,47]	-0.9102	0.002152	0.4651	0.4533	-1.867	-0.892	-0.03603	48080.0	27080.0	2.519	1.0
theta_d_pr[4,48]	-0.4529	0.004086	0.9588	0.9667	-2.321	-0.4561	1.433	55100.0	31510.0	2.887	1.0
theta_d_pr[4,49]	0.139	0.003812	0.7596	0.7336	-1.413	0.1544	1.605	39810.0	30900.0	2.086	1.0
theta_d_pr[4,50]	-0.3679	0.003617	0.8352	0.822	-2.018	-0.3647	1.279	53420.0	30030.0	2.799	1.0
theta_d_pr[4,51]	-0.7109	0.004182	0.9683	0.9614	-2.595	-0.7127	1.197	53670.0	31280.0	2.812	1.0
theta_d_pr[4,52]	-1.103	0.002352	0.5245	0.5148	-2.174	-1.085	-0.1195	51030.0	28770.0	2.674	1.0
theta_d_pr[4,53]	-0.4989	0.002632	0.5643	0.5442	-1.665	-0.4835	0.5777	46850.0	28900.0	2.455	1.0
theta_d_pr[4,54]	-0.03185	0.003416	0.8149	0.808	-1.668	-0.02053	1.541	57130.0	30080.0	2.993	1.0
theta_d_pr[4,55]	1.286	0.003865	0.8536	0.8454	-0.4494	1.303	2.903	49150.0	30770.0	2.575	1.0
theta_d_pr[4,56]	-0.5231	0.003349	0.6665	0.6471	-1.862	-0.517	0.7926	39510.0	30430.0	2.07	1.0
theta_d_pr[4,57]	-0.2322	0.003362	0.8157	0.811	-1.836	-0.2344	1.374	58870.0	29300.0	3.084	1.0
theta_d_pr[4,58]	-0.5967	0.002907	0.6971	0.6823	-1.991	-0.589	0.7707	57700.0	29720.0	3.023	1.0
theta_d_pr[4,59]	-0.3109	0.003588	0.7571	0.7454	-1.824	-0.2985	1.148	44820.0	29380.0	2.348	1.0
theta_d_pr[4,60]	-0.4537	0.002677	0.5751	0.5689	-1.631	-0.4352	0.628	46770.0	29000.0	2.451	1.0
theta_d_pr[4,61]	0.3794	0.002117	0.4947	0.4792	-0.5922	0.3734	1.365	55020.0	27320.0	2.882	1.0
theta_d_pr[4,62]	-0.4065	0.002289	0.51	0.4945	-1.453	-0.3906	0.5649	50410.0	29410.0	2.641	1.0
theta_d_pr[4,63]	0.2031	0.002315	0.528	0.5123	-0.8452	0.2041	1.25	52300.0	28400.0	2.74	1.0
theta_d_pr[4,64]	-0.8866	0.002909	0.6983	0.6909	-2.275	-0.8833	0.4676	57890.0	29930.0	3.033	1.0
theta_d_pr[4,65]	0.207	0.003819	0.8971	0.8812	-1.57	0.2126	1.971	55190.0	30990.0	2.892	1.0
theta_d_pr[4,66]	-0.9785	0.004018	0.7121	0.7129	-2.449	-0.9453	0.3224	31870.0	29650.0	1.67	1.0
theta_d_pr[4,67]	-0.1067	0.003404	0.7742	0.7666	-1.625	-0.1105	1.419	51890.0	30270.0	2.719	1.0
theta_d_pr[4,68]	1.232	0.002481	0.5681	0.5541	0.1411	1.22	2.388	53020.0	27880.0	2.778	1.0
theta_d_pr[4,69]	-0.4461	0.003016	0.6498	0.6344	-1.75	-0.4417	0.8138	46840.0	29490.0	2.454	1.0
theta_d_pr[4,70]	0.3289	0.002098	0.4796	0.4666	-0.6195	0.3267	1.273	52520.0	27850.0	2.752	1.0
theta_d_pr[4,71]	-0.3325	0.002566	0.5999	0.5872	-1.522	-0.3338	0.8506	54970.0	29960.0	2.88	1.0
theta_d_pr[4,72]	0.4805	0.002386	0.5302	0.5185	-0.5445	0.4741	1.542	49890.0	28470.0	2.614	1.0
theta_d_pr[4,73]	-0.5019	0.003476	0.7865	0.7761	-2.02	-0.5074	1.068	51490.0	29250.0	2.698	1.0
theta_d_pr[4,74]	0.196	0.003881	0.8163	0.8012	-1.412	0.193	1.8	44310.0	30630.0	2.321	1.0
theta_d_pr[4,75]	-0.7529	0.003643	0.8441	0.8328	-2.399	-0.7609	0.9383	53980.0	28090.0	2.828	1.0
theta_d_pr[4,76]	-0.5026	0.003423	0.7938	0.7739	-2.07	-0.509	1.073	54000.0	30180.0	2.829	1.0
theta_d_pr[4,77]	1.14	0.003076	0.6363	0.6172	-0.09162	1.128	2.426	43540.0	28220.0	2.281	1.0
theta_d_pr[4,78]	-0.3856	0.003994	0.7945	0.764	-1.938	-0.3885	1.208	39610.0	31820.0	2.075	1.0
theta_d_pr[4,79]	0.4583	0.002747	0.6301	0.6166	-0.7919	0.4617	1.691	53100.0	27440.0	2.782	1.0
theta_d_pr[4,80]	-0.7542	0.002891	0.6156	0.5958	-1.989	-0.7436	0.4432	45810.0	29910.0	2.4	1.0
theta_d_pr[4,81]	-0.1436	0.003229	0.6777	0.6575	-1.514	-0.1353	1.181	44390.0	29450.0	2.326	1.0
theta_d_pr[4,82]	-0.2138	0.003343	0.768	0.7498	-1.739	-0.2104	1.288	53030.0	30870.0	2.778	1.0
theta_d_pr[4,83]	0.4	0.002371	0.5499	0.5405	-0.6706	0.3931	1.498	54050.0	29600.0	2.832	1.0
theta_d_pr[4,84]	-1.458	0.002951	0.6754	0.6688	-2.828	-1.443	-0.1748	52810.0	32200.0	2.767	1.0
theta_d_pr[4,85]	0.2691	0.002076	0.4612	0.4464	-0.6323	0.2646	1.194	49620.0	28650.0	2.6	1.0
theta_d_pr[4,86]	-0.0286	0.002687	0.6077	0.5837	-1.255	-0.0193	1.154	51610.0	28270.0	2.704	1.0
theta_d_pr[4,87]	0.8949	0.002129	0.4467	0.4374	0.04387	0.8813	1.808	44620.0	29260.0	2.338	1.0
theta_d_pr[4,88]	-0.3609	0.003196	0.7128	0.7027	-1.791	-0.3529	1.026	50000.0	30030.0	2.619	1.0
theta_d_pr[4,89]	0.1786	0.002246	0.5079	0.4901	-0.824	0.1761	1.2	51320.0	28910.0	2.689	1.0
theta_d_pr[4,90]	-0.41	0.003283	0.7483	0.7403	-1.874	-0.4172	1.087	52200.0	31140.0	2.735	1.0
theta_d_pr[4,91]	0.1857	0.00389	0.9051	0.8989	-1.584	0.1828	1.971	54150.0	28760.0	2.837	1.0
theta_d_pr[4,92]	-0.01812	0.003294	0.7539	0.7363	-1.496	-0.01762	1.488	52600.0	28580.0	2.756	1.0
theta_d_pr[4,93]	1.406	0.002819	0.6533	0.6445	0.174	1.384	2.731	54350.0	29510.0	2.847	1.0
theta_d_pr[4,94]	0.6289	0.002329	0.5276	0.5138	-0.3825	0.6144	1.709	52290.0	28380.0	2.74	1.0
theta_d_pr[4,95]	-0.2983	0.002766	0.5954	0.5791	-1.504	-0.288	0.8516	46500.0	30130.0	2.436	1.0
theta_d_pr[4,96]	-0.2509	0.003635	0.8611	0.8526	-1.953	-0.2462	1.436	56300.0	29630.0	2.949	1.0
theta_d_pr[4,97]	-0.1277	0.002406	0.5821	0.5669	-1.302	-0.122	1.008	58930.0	29790.0	3.087	1.0
theta_d_pr[4,98]	-0.4999	0.003527	0.8419	0.8378	-2.151	-0.5	1.156	57060.0	29660.0	2.99	1.0
theta_d_pr[4,99]	1.267	0.004306	0.8287	0.793	-0.473	1.3	2.827	38090.0	27260.0	1.996	1.0
theta_d_pr[4,100]	-0.398	0.003257	0.6097	0.5835	-1.674	-0.3771	0.7473	35570.0	28270.0	1.864	1.0
theta_d_pr[4,101]	1.028	0.00333	0.6571	0.645	-0.211	1.008	2.37	39420.0	28740.0	2.065	1.0
theta_d_pr[4,102]	1.236	0.002686	0.5772	0.5626	0.1268	1.223	2.416	47040.0	27550.0	2.465	1.0
theta_d_pr[4,103]	-1.777	0.002953	0.6212	0.6112	-3.071	-1.748	-0.6351	45210.0	29460.0	2.369	1.0
theta_d_pr[4,104]	-0.6929	0.002463	0.5495	0.5329	-1.821	-0.6791	0.3495	50220.0	29260.0	2.631	1.0
theta_d_pr[4,105]	0.55	0.003353	0.7838	0.7743	-0.9942	0.5477	2.088	54800.0	29980.0	2.871	1.0
theta_d_pr[4,106]	-0.2885	0.004344	0.9887	0.9965	-2.204	-0.3004	1.662	51990.0	29620.0	2.724	1.0
theta_d_pr[4,107]	-0.9311	0.003432	0.8021	0.7894	-2.517	-0.9311	0.6373	54740.0	29640.0	2.868	1.0
theta_d_pr[4,108]	-0.5875	0.003033	0.6903	0.6699	-1.975	-0.5759	0.7556	52000.0	29530.0	2.724	1.0
theta_d_pr[4,109]	-1.024	0.002532	0.5612	0.5522	-2.175	-1.005	0.03549	50200.0	28750.0	2.63	1.0
theta_d_pr[4,110]	1.163	0.002488	0.5128	0.4964	0.2061	1.143	2.229	43470.0	27990.0	2.277	1.0
theta_d_pr[4,111]	0.5061	0.002702	0.6588	0.6443	-0.7922	0.4998	1.818	59710.0	28320.0	3.129	1.0
theta_d_pr[4,112]	0.2346	0.002106	0.4648	0.4533	-0.6658	0.2272	1.166	48960.0	29670.0	2.565	1.0
theta_d_pr[4,113]	0.7129	0.002222	0.5208	0.504	-0.2994	0.7048	1.769	55570.0	28940.0	2.911	1.0
theta_d_pr[4,114]	1.251	0.003027	0.6826	0.6693	-0.08227	1.245	2.615	51200.0	28850.0	2.683	1.0
theta_d_pr[4,115]	0.9142	0.002841	0.6624	0.6486	-0.3822	0.9108	2.229	54740.0	29790.0	2.868	1.0
theta_d_pr[4,116]	-0.07427	0.002066	0.4746	0.4619	-1.032	-0.06728	0.8475	53330.0	28820.0	2.794	1.0
theta_d_pr[4,117]	-0.4203	0.002662	0.6199	0.5944	-1.661	-0.4169	0.8052	54640.0	28910.0	2.863	1.0
theta_d_pr[4,118]	0.4475	0.002998	0.71	0.6902	-0.9372	0.4413	1.864	56360.0	29580.0	2.953	1.0
theta_d_pr[4,119]	-0.3393	0.003532	0.818	0.806	-1.948	-0.3484	1.288	53910.0	30650.0	2.825	1.0
theta_d_pr[4,120]	0.1179	0.002325	0.5107	0.4984	-0.9058	0.1204	1.116	48660.0	27740.0	2.549	1.0
theta_d_pr[4,121]	0.3878	0.003454	0.7855	0.7754	-1.148	0.3788	1.944	51770.0	31850.0	2.712	1.0
theta_d_pr[4,122]	0.7281	0.003819	0.8179	0.8018	-0.9406	0.7444	2.302	46200.0	29990.0	2.42	1.0
theta_d_pr[4,123]	0.7318	0.003782	0.8178	0.7906	-0.9713	0.7629	2.277	48010.0	29040.0	2.515	1.0
theta_d_pr[4,124]	0.2525	0.002476	0.53	0.5104	-0.779	0.2449	1.317	46210.0	28530.0	2.421	1.0
theta_d_pr[4,125]	-0.9331	0.002433	0.4948	0.4854	-1.959	-0.9134	-0.01898	42600.0	28820.0	2.232	1.0
theta_d_pr[4,126]	-0.9616	0.002402	0.5359	0.5267	-2.064	-0.9435	0.04379	50740.0	29580.0	2.658	1.0
theta_d_pr[4,127]	0.256	0.004111	0.9281	0.9238	-1.588	0.2664	2.06	51360.0	30070.0	2.691	1.0
theta_d_pr[4,128]	0.2551	0.002188	0.4955	0.4831	-0.7239	0.256	1.234	51590.0	29390.0	2.703	1.0
theta_d_pr[4,129]	0.1428	0.002634	0.5736	0.5583	-1.014	0.1498	1.254	47860.0	29090.0	2.508	1.0
theta_d_pr[4,130]	-0.1825	0.002205	0.4522	0.434	-1.08	-0.1844	0.7252	42470.0	28150.0	2.225	1.0
theta_d_pr[4,131]	1.137	0.003062	0.6403	0.6176	-0.152	1.141	2.385	44460.0	28490.0	2.329	1.0
theta_d_pr[4,132]	0.5917	0.004088	0.9799	0.9737	-1.351	0.6045	2.489	57620.0	30180.0	3.019	1.0
theta_d_pr[4,133]	0.005366	0.003713	0.8395	0.826	-1.651	-0.0005924	1.685	51280.0	29850.0	2.687	1.0
theta_d_pr[4,134]	0.8768	0.002727	0.6045	0.5927	-0.2895	0.8651	2.097	49520.0	29570.0	2.594	1.0
theta_d_pr[4,135]	0.4285	0.003158	0.7454	0.7318	-1.055	0.4337	1.871	56050.0	28790.0	2.937	1.0
theta_d_pr[4,136]	0.03525	0.002296	0.5261	0.514	-1.005	0.03727	1.07	52750.0	27320.0	2.764	1.0
theta_d_pr[4,137]	0.902	0.003959	0.7537	0.7099	-0.67	0.9141	2.345	37590.0	25200.0	1.969	1.0
theta_d_pr[4,138]	0.3525	0.00233	0.486	0.4678	-0.5803	0.3408	1.349	44330.0	28900.0	2.323	1.0
theta_d_pr[4,139]	0.9864	0.00212	0.4706	0.46	0.08329	0.9763	1.93	49980.0	28660.0	2.619	1.0
theta_d_pr[4,140]	0.1727	0.001899	0.4141	0.3995	-0.6357	0.1695	1.004	47960.0	28070.0	2.513	1.0
theta_d_pr[4,141]	-0.01283	0.003527	0.8171	0.8128	-1.641	-0.006587	1.564	53710.0	30970.0	2.814	1.0
theta_d_pr[4,142]	-0.4237	0.00207	0.4513	0.4381	-1.323	-0.4229	0.4616	47840.0	29970.0	2.506	1.0
theta_d_pr[4,143]	-0.3343	0.003497	0.7157	0.7034	-1.765	-0.3231	1.061	42010.0	30540.0	2.201	1.0
theta_d_pr[4,144]	0.5239	0.002874	0.6554	0.6433	-0.7639	0.5163	1.828	52180.0	29210.0	2.734	1.0
theta_d_pr[4,145]	-0.4972	0.002526	0.5229	0.5027	-1.549	-0.494	0.5319	43410.0	29030.0	2.274	1.0
theta_d_pr[4,146]	0.2862	0.00257	0.6058	0.5994	-0.8921	0.2787	1.497	55960.0	28710.0	2.932	1.0
theta_d_pr[4,147]	-1.33	0.003199	0.751	0.7332	-2.818	-1.328	0.1418	55310.0	29180.0	2.898	1.0
theta_d_pr[4,148]	-0.2399	0.003248	0.6448	0.6263	-1.571	-0.2173	0.9763	40490.0	27220.0	2.121	1.0
theta_d_pr[4,149]	-2.961	0.002943	0.7023	0.6979	-4.354	-2.959	-1.589	57230.0	29330.0	2.998	1.0
theta_d_pr[4,150]	0.3698	0.003834	0.9056	0.9008	-1.443	0.3774	2.143	56020.0	29210.0	2.935	1.0
theta_d_pr[4,151]	0.9837	0.002166	0.503	0.4909	0.02888	0.9677	2.007	54430.0	28320.0	2.852	1.0
theta_d_pr[4,152]	0.5246	0.003432	0.8042	0.7886	-1.094	0.5357	2.082	55200.0	30860.0	2.892	1.0
theta_d_pr[4,153]	-0.05814	0.00215	0.4358	0.4113	-0.9169	-0.0616	0.817	41910.0	26570.0	2.196	1.0
theta_d_pr[4,154]	0.04772	0.002095	0.4985	0.4892	-0.9353	0.04749	1.026	56780.0	28230.0	2.975	1.0
theta_d_pr[4,155]	0.9163	0.002193	0.4643	0.4453	0.01697	0.9085	1.863	45180.0	28920.0	2.367	1.0
theta_d_pr[4,156]	-0.1254	0.004802	0.928	0.9278	-1.932	-0.1325	1.716	37410.0	29430.0	1.96	1.0
theta_d_pr[4,157]	-1.022	0.003005	0.6384	0.623	-2.335	-1.003	0.1869	45760.0	28700.0	2.397	1.0
theta_d_pr[4,158]	1.091	0.004165	0.8423	0.8246	-0.6527	1.121	2.681	41710.0	28890.0	2.185	1.0
theta_d_pr[4,159]	-0.2907	0.003994	0.9485	0.9367	-2.163	-0.2821	1.585	56530.0	31320.0	2.962	1.0
sigma[1,1]	0.2625	0.0002072	0.0177	0.01753	0.2301	0.2616	0.2995	7277.0	14030.0	0.3812	1.0
sigma[1,2]	0.11	7.811e-05	0.009224	0.009113	0.09294	0.1096	0.1293	13940.0	24300.0	0.7304	1.0
sigma[2,1]	0.3904	0.0003514	0.03538	0.03548	0.3252	0.3889	0.4634	10170.0	20260.0	0.5329	1.0
sigma[2,2]	0.1834	0.0002987	0.02815	0.02786	0.1293	0.1828	0.24	8858.0	15770.0	0.4641	1.0
sigma[3,1]	0.4036	0.0003225	0.0337	0.03313	0.3424	0.4019	0.4744	10880.0	20270.0	0.5701	1.0
sigma[3,2]	0.1883	0.0002013	0.02262	0.0224	0.1462	0.1874	0.2352	12580.0	21620.0	0.6593	1.0
sigma[4,1]	0.3892	0.0003465	0.0308	0.0305	0.3329	0.3877	0.4531	7922.0	16230.0	0.4151	1.0
sigma[4,2]	0.1522	0.0001354	0.01651	0.01633	0.1216	0.1516	0.1864	14810.0	25170.0	0.7759	1.0
b1[1,1]	8.356	0.006507	1.2	1.171	6.281	8.265	10.96	35460.0	27430.0	1.858	1.0
b1[1,2]	5.968	0.003889	0.8206	0.813	4.508	5.918	7.715	46820.0	29110.0	2.453	1.0
b1[1,3]	8.684	0.006409	1.255	1.218	6.488	8.587	11.46	40850.0	29390.0	2.141	1.0
b1[1,4]	4.477	0.006632	1.024	0.9412	2.832	4.352	6.872	26480.0	23540.0	1.387	1.0
b1[1,5]	7.978	0.009269	1.571	1.545	5.338	7.828	11.41	28780.0	30130.0	1.508	1.0
b1[1,6]	7.955	0.00517	1.046	1.022	6.11	7.886	10.2	41870.0	32490.0	2.193	1.0
b1[1,7]	3.907	0.002361	0.4952	0.4778	3.031	3.871	4.966	46050.0	32370.0	2.413	1.0
b1[1,8]	7.625	0.004269	0.9749	0.9636	5.857	7.57	9.679	53550.0	32060.0	2.806	1.0
b1[1,9]	10.58	0.00859	1.6	1.578	7.769	10.48	14.03	35160.0	28880.0	1.842	1.0
b1[1,10]	12.53	0.008617	1.651	1.643	9.537	12.45	15.94	37130.0	29680.0	1.945	1.0
b1[1,11]	8.154	0.007136	1.234	1.215	5.981	8.069	10.83	30760.0	28150.0	1.612	1.0
b1[1,12]	6.351	0.006807	1.129	1.083	4.467	6.236	8.87	29000.0	25270.0	1.519	1.0
b1[1,13]	9.041	0.007022	1.27	1.254	6.803	8.951	11.75	33750.0	29160.0	1.768	1.0
b1[1,14]	3.419	0.006495	0.9914	0.8664	1.905	3.273	5.787	26150.0	23420.0	1.37	1.0
b1[1,15]	6.267	0.005607	0.9966	0.9615	4.535	6.19	8.448	32960.0	27050.0	1.727	1.0
b1[1,16]	6.858	0.003589	0.7146	0.6811	5.607	6.805	8.42	42080.0	29260.0	2.205	1.0
b1[1,17]	8.619	0.005666	1.141	1.127	6.597	8.543	11.07	42100.0	29470.0	2.206	1.0
b1[1,18]	4.437	0.004317	0.817	0.7785	3.055	4.367	6.235	38830.0	26980.0	2.034	1.0
b1[1,19]	5.305	0.007144	1.101	1.021	3.534	5.169	7.825	25940.0	23510.0	1.359	1.0
b1[1,20]	5.74	0.003623	0.7966	0.7826	4.31	5.691	7.431	50100.0	31070.0	2.625	1.0
b1[1,21]	5.081	0.006383	1.03	0.9785	3.383	4.971	7.431	28160.0	23850.0	1.475	1.0
b1[1,22]	7.728	0.007141	1.237	1.207	5.614	7.622	10.42	31100.0	28160.0	1.63	1.0
b1[1,23]	3.404	0.004622	0.7888	0.7485	2.088	3.329	5.177	32060.0	23400.0	1.68	1.0
b1[1,24]	6.39	0.005781	1.011	0.9817	4.667	6.298	8.602	31990.0	26980.0	1.676	1.0
b1[1,25]	7.888	0.008224	1.354	1.328	5.598	7.767	10.85	28140.0	27080.0	1.474	1.0
b1[1,26]	8.808	0.006775	1.268	1.258	6.587	8.724	11.49	36000.0	29360.0	1.886	1.0
b1[1,27]	11.47	0.007057	1.505	1.492	8.743	11.4	14.66	47080.0	28590.0	2.467	1.0
b1[1,28]	7.668	0.003358	0.7474	0.7373	6.318	7.628	9.256	49750.0	33870.0	2.607	1.0
b1[1,29]	7.872	0.00632	1.159	1.118	5.871	7.778	10.42	35480.0	28010.0	1.859	1.0
b1[1,30]	6.721	0.003926	0.8851	0.8707	5.139	6.663	8.615	51670.0	33950.0	2.707	1.0
b1[1,31]	4.083	0.007765	1.165	1.039	2.359	3.885	6.897	25700.0	22360.0	1.346	1.0
b1[1,32]	4.791	0.004854	0.8582	0.8172	3.349	4.715	6.718	34270.0	25050.0	1.796	1.0
b1[1,33]	11.07	0.007767	1.553	1.54	8.291	10.99	14.37	40640.0	31460.0	2.129	1.0
b1[1,34]	6.307	0.007704	1.166	1.112	4.365	6.189	8.915	24840.0	23560.0	1.301	1.0
b1[1,35]	3.271	0.005672	0.85	0.7493	1.943	3.161	5.259	26140.0	21320.0	1.37	1.0
b1[1,36]	4.89	0.005833	0.9418	0.8896	3.322	4.792	7.016	28040.0	24210.0	1.469	1.0
b1[1,37]	10.28	0.007682	1.488	1.459	7.636	10.18	13.45	38580.0	29030.0	2.021	1.0
b1[1,38]	7.302	0.005201	1.051	1.034	5.459	7.227	9.56	42330.0	29490.0	2.218	1.0
b1[1,39]	8.416	0.008481	1.497	1.463	5.861	8.283	11.71	32440.0	28590.0	1.7	1.0
b1[1,40]	10.85	0.006925	1.42	1.41	8.287	10.78	13.84	43060.0	30830.0	2.256	1.0
b1[1,41]	3.557	0.006713	1.009	0.9046	1.988	3.417	5.984	26080.0	21750.0	1.367	1.0
b1[1,42]	11.68	0.00793	1.579	1.567	8.826	11.6	15.0	40570.0	31430.0	2.126	1.0
b1[1,43]	6.16	0.004563	0.9514	0.92	4.49	6.088	8.245	45560.0	29200.0	2.387	1.0
b1[1,44]	1.39	0.001398	0.2759	0.2628	0.8917	1.376	1.981	39900.0	31610.0	2.09	1.0
b1[1,45]	6.059	0.007301	1.178	1.137	4.054	5.957	8.672	27440.0	25660.0	1.438	1.0
b1[1,46]	7.556	0.007388	1.288	1.252	5.368	7.439	10.4	31720.0	28500.0	1.662	1.0
b1[1,47]	8.289	0.006801	1.255	1.231	6.125	8.185	11.03	35800.0	29660.0	1.876	1.0
b1[1,48]	4.434	0.003078	0.6675	0.6527	3.243	4.392	5.866	49970.0	28340.0	2.618	1.0
b1[1,49]	4.012	0.009053	1.24	1.096	2.199	3.795	7.054	20710.0	21550.0	1.085	1.0
b1[1,50]	2.113	0.00584	0.8241	0.739	0.7597	2.023	4.018	22760.0	20720.0	1.192	1.0
b1[1,51]	2.502	0.003535	0.6551	0.6096	1.367	2.451	3.933	39370.0	25410.0	2.063	1.0
b1[1,52]	7.115	0.003108	0.6771	0.6657	5.894	7.077	8.557	48320.0	31870.0	2.532	1.0
b1[1,53]	7.623	0.006063	1.132	1.102	5.649	7.531	10.1	36770.0	27510.0	1.927	1.0
b1[1,54]	2.636	0.005115	0.8057	0.719	1.347	2.541	4.5	29400.0	21960.0	1.54	1.0
b1[1,55]	3.469	0.003403	0.6211	0.5898	2.417	3.413	4.838	37140.0	26950.0	1.946	1.0
b1[1,56]	9.457	0.009422	1.605	1.585	6.725	9.323	12.95	29320.0	28240.0	1.536	1.0
b1[1,57]	4.271	0.002779	0.6074	0.601	3.174	4.239	5.549	49230.0	31560.0	2.579	1.0
b1[1,58]	6.658	0.004215	0.8525	0.8333	5.122	6.608	8.499	42370.0	28830.0	2.22	1.0
b1[1,59]	3.191	0.004294	0.7454	0.6809	1.964	3.111	4.899	34050.0	25250.0	1.784	1.0
b1[1,60]	7.51	0.006858	1.228	1.19	5.412	7.408	10.2	34400.0	26900.0	1.802	1.0
b1[1,61]	8.331	0.007789	1.402	1.387	5.93	8.205	11.4	33380.0	28710.0	1.749	1.0
b1[1,62]	6.699	0.007822	1.265	1.212	4.598	6.572	9.551	28220.0	25710.0	1.479	1.0
b1[1,63]	6.072	0.005646	1.039	1.008	4.299	5.984	8.361	35940.0	27850.0	1.883	1.0
b1[1,64]	4.05	0.003327	0.6853	0.6624	2.834	4.005	5.523	45320.0	28530.0	2.374	1.0
b1[1,65]	1.262	0.006485	0.951	0.823	-0.2856	1.165	3.479	25200.0	19360.0	1.32	1.0
b1[1,66]	3.377	0.006179	0.914	0.8031	1.944	3.259	5.549	25550.0	19900.0	1.338	1.0
b1[1,67]	2.918	0.002124	0.4987	0.4878	2.014	2.891	3.97	56750.0	32760.0	2.974	1.0
b1[1,68]	6.387	0.006831	1.172	1.137	4.352	6.296	8.97	30260.0	26780.0	1.585	1.0
b1[1,69]	6.599	0.006926	1.131	1.094	4.632	6.501	9.073	27820.0	24930.0	1.458	1.0
b1[1,70]	8.402	0.00596	1.238	1.218	6.202	8.321	11.04	44680.0	29240.0	2.341	1.0
b1[1,71]	8.896	0.006673	1.217	1.205	6.746	8.821	11.49	34380.0	28010.0	1.801	1.0
b1[1,72]	6.895	0.006334	1.15	1.127	4.883	6.809	9.403	34360.0	27600.0	1.8	1.0
b1[1,73]	6.259	0.006169	0.8989	0.7937	4.825	6.154	8.361	26380.0	19430.0	1.382	1.0
b1[1,74]	4.014	0.006717	1.004	0.905	2.464	3.865	6.419	25860.0	20560.0	1.355	1.0
b1[1,75]	2.905	0.004355	0.766	0.707	1.607	2.832	4.646	34380.0	24310.0	1.801	1.0
b1[1,76]	3.932	0.005341	0.869	0.7958	2.499	3.839	5.899	29970.0	22370.0	1.57	1.0
b1[1,77]	5.936	0.005942	1.039	0.9788	4.205	5.83	8.297	32760.0	26230.0	1.716	1.0
b1[1,78]	3.943	0.007382	1.095	0.9664	2.332	3.758	6.602	25790.0	21520.0	1.351	1.0
b1[1,79]	5.628	0.005063	0.942	0.9021	4.041	5.539	7.744	37680.0	26700.0	1.974	1.0
b1[1,80]	8.306	0.007102	1.316	1.297	5.942	8.229	11.09	35130.0	28070.0	1.841	1.0
b1[1,81]	3.607	0.004433	0.7953	0.7458	2.26	3.526	5.397	34170.0	28200.0	1.791	1.0
b1[1,82]	6.061	0.005815	1.032	0.9997	4.282	5.975	8.343	33310.0	26910.0	1.745	1.0
b1[1,83]	7.774	0.00513	1.072	1.048	5.895	7.702	10.07	46080.0	28800.0	2.414	1.0
b1[1,84]	6.906	0.003982	0.8664	0.8527	5.329	6.859	8.739	48720.0	28890.0	2.553	1.0
b1[1,85]	12.07	0.008998	1.717	1.709	8.96	11.98	15.72	37320.0	29220.0	1.955	1.0
b1[1,86]	5.957	0.007205	1.179	1.143	3.965	5.851	8.566	27940.0	26240.0	1.464	1.0
b1[1,87]	9.865	0.008506	1.551	1.541	7.098	9.769	13.18	33920.0	29550.0	1.777	1.0
b1[1,88]	6.454	0.006069	1.055	1.007	4.68	6.351	8.781	32380.0	26760.0	1.696	1.0
b1[1,89]	8.647	0.007414	1.37	1.345	6.233	8.549	11.64	35010.0	29560.0	1.835	1.0
b1[1,90]	6.072	0.003706	0.8041	0.7934	4.619	6.026	7.776	48900.0	29690.0	2.562	1.0
b1[1,91]	1.174	0.004927	0.7532	0.6917	-0.1233	1.118	2.829	26340.0	23600.0	1.38	1.0
b1[1,92]	5.564	0.004446	0.8118	0.7602	4.201	5.486	7.384	37120.0	25490.0	1.945	1.0
b1[1,93]	3.958	0.004849	0.8258	0.7612	2.609	3.865	5.843	33300.0	24650.0	1.745	1.0
b1[1,94]	8.212	0.006565	1.265	1.238	6.016	8.117	10.95	38680.0	29250.0	2.027	1.0
b1[1,95]	9.348	0.007457	1.368	1.361	6.919	9.26	12.28	34290.0	28540.0	1.797	1.0
b1[1,96]	1.563	0.003575	0.6359	0.564	0.4966	1.499	2.997	39650.0	21840.0	2.077	1.0
b1[1,97]	6.909	0.005307	1.002	0.9772	5.159	6.842	9.084	37640.0	26400.0	1.972	1.0
b1[1,98]	2.108	0.001353	0.2807	0.2762	1.592	2.096	2.693	43110.0	35210.0	2.259	1.0
b1[1,99]	2.968	0.009799	1.14	0.9357	1.394	2.741	5.847	16160.0	15850.0	0.8465	1.0
b1[1,100]	5.551	0.008533	1.328	1.275	3.404	5.399	8.586	25070.0	24810.0	1.313	1.0
b1[1,101]	5.607	0.00648	1.089	1.045	3.768	5.505	8.033	30090.0	24170.0	1.577	1.0
b1[1,102]	8.232	0.00774	1.348	1.329	5.901	8.125	11.17	31620.0	28370.0	1.657	1.0
b1[1,103]	5.981	0.0073	1.207	1.148	4.005	5.851	8.716	29600.0	25050.0	1.551	1.0
b1[1,104]	6.267	0.00638	1.149	1.121	4.301	6.176	8.787	34030.0	26560.0	1.783	1.0
b1[1,105]	3.098	0.002754	0.5695	0.5533	2.094	3.056	4.324	45650.0	30320.0	2.392	1.0
b1[1,106]	0.1952	0.004204	0.7059	0.6061	-1.027	0.1397	1.73	38700.0	21690.0	2.028	1.0
b1[1,107]	2.173	0.00158	0.2956	0.2763	1.65	2.153	2.809	36490.0	31280.0	1.912	1.0
b1[1,108]	5.098	0.004765	0.8227	0.7678	3.727	5.012	6.966	33350.0	25030.0	1.747	1.0
b1[1,109]	5.625	0.005389	1.006	0.9665	3.903	5.54	7.851	37140.0	28170.0	1.946	1.0
b1[1,110]	10.04	0.007813	1.53	1.519	7.298	9.96	13.26	39140.0	30850.0	2.051	1.0
b1[1,111]	5.676	0.003708	0.7797	0.7626	4.278	5.623	7.352	46400.0	30700.0	2.431	1.0
b1[1,112]	9.655	0.007849	1.5	1.491	7.036	9.547	12.84	37560.0	29740.0	1.968	1.0
b1[1,113]	7.862	0.006394	1.2	1.185	5.715	7.795	10.43	35880.0	29000.0	1.88	1.0
b1[1,114]	8.626	0.007271	1.299	1.267	6.355	8.53	11.44	32550.0	28850.0	1.705	1.0
b1[1,115]	5.19	0.004839	0.8713	0.825	3.716	5.111	7.146	36630.0	24570.0	1.919	1.0
b1[1,116]	8.67	0.007052	1.327	1.303	6.345	8.575	11.51	36390.0	30300.0	1.907	1.0
b1[1,117]	4.693	0.003377	0.6542	0.6089	3.615	4.622	6.189	41870.0	28060.0	2.194	1.0
b1[1,118]	3.696	0.003939	0.7184	0.6727	2.499	3.624	5.313	37840.0	25980.0	1.982	1.0
b1[1,119]	4.136	0.004729	0.8293	0.7886	2.725	4.063	5.966	33100.0	25720.0	1.734	1.0
b1[1,120]	8.047	0.005759	1.156	1.13	6.052	7.959	10.59	42350.0	29570.0	2.219	1.0
b1[1,121]	4.592	0.004045	0.6844	0.6394	3.485	4.51	6.154	31560.0	25300.0	1.654	1.0
b1[1,122]	4.385	0.006884	1.007	0.8991	2.794	4.251	6.745	23350.0	22840.0	1.223	1.0
b1[1,123]	2.502	0.006347	0.8945	0.7663	1.165	2.36	4.669	23880.0	20430.0	1.251	1.0
b1[1,124]	7.06	0.007708	1.296	1.259	4.886	6.941	9.935	29580.0	27010.0	1.55	1.0
b1[1,125]	10.24	0.007632	1.491	1.469	7.57	10.14	13.4	39180.0	29250.0	2.053	1.0
b1[1,126]	8.854	0.006771	1.264	1.243	6.608	8.774	11.55	35890.0	28550.0	1.88	1.0
b1[1,127]	4.178	0.005375	0.887	0.8552	2.67	4.098	6.139	29680.0	23610.0	1.555	1.0
b1[1,128]	9.078	0.006979	1.341	1.324	6.684	8.99	11.95	37360.0	30520.0	1.957	1.0
b1[1,129]	7.058	0.006423	1.161	1.125	5.081	6.953	9.635	33770.0	27790.0	1.769	1.0
b1[1,130]	10.05	0.009246	1.656	1.634	7.172	9.924	13.63	32500.0	29100.0	1.703	1.0
b1[1,131]	4.813	0.008043	1.112	0.9627	3.156	4.635	7.53	22610.0	18290.0	1.185	1.0
b1[1,132]	0.6143	0.00338	0.658	0.607	-0.6126	0.5898	1.982	41600.0	26230.0	2.18	1.0
b1[1,133]	4.435	0.004322	0.7931	0.7519	3.113	4.355	6.212	38620.0	24200.0	2.023	1.0
b1[1,134]	7.127	0.004386	0.8142	0.7851	5.718	7.059	8.911	35260.0	30890.0	1.847	1.0
b1[1,135]	3.721	0.005325	0.8327	0.7853	2.373	3.623	5.624	27290.0	22450.0	1.43	1.0
b1[1,136]	7.283	0.007112	1.234	1.199	5.165	7.174	9.996	31430.0	26660.0	1.647	1.0
b1[1,137]	2.49	0.009784	1.241	1.061	0.6898	2.28	5.569	18230.0	18370.0	0.9551	1.0
b1[1,138]	10.67	0.008348	1.579	1.568	7.867	10.57	14.01	36090.0	29830.0	1.891	1.0
b1[1,139]	10.03	0.008158	1.533	1.52	7.308	9.937	13.29	36200.0	29440.0	1.897	1.0
b1[1,140]	11.56	0.008499	1.673	1.668	8.566	11.47	15.1	39350.0	31340.0	2.062	1.0
b1[1,141]	2.528	0.001615	0.3261	0.3145	1.94	2.511	3.22	41940.0	30990.0	2.198	1.0
b1[1,142]	8.776	0.008533	1.509	1.502	6.142	8.663	12.06	32050.0	29040.0	1.679	1.0
b1[1,143]	5.945	0.007118	1.157	1.088	4.082	5.807	8.585	28270.0	25000.0	1.481	1.0
b1[1,144]	6.643	0.005907	1.031	1.016	4.841	6.567	8.888	31670.0	28290.0	1.659	1.0
b1[1,145]	7.009	0.006582	1.202	1.137	5.008	6.891	9.738	36440.0	25450.0	1.909	1.0
b1[1,146]	6.814	0.005334	1.02	1.01	5.021	6.741	8.983	38140.0	27810.0	1.998	1.0
b1[1,147]	3.066	0.001831	0.397	0.3966	2.328	3.052	3.884	46850.0	34590.0	2.455	1.0
b1[1,148]	3.926	0.006995	1.019	0.9104	2.326	3.786	6.355	23470.0	21950.0	1.23	1.0
b1[1,149]	4.05	0.002137	0.4334	0.4249	3.274	4.022	4.975	41120.0	34760.0	2.154	1.0
b1[1,150]	2.464	0.00443	0.7554	0.6905	1.219	2.39	4.181	34110.0	23460.0	1.787	1.0
b1[1,151]	8.493	0.006551	1.282	1.256	6.265	8.404	11.29	39790.0	29050.0	2.085	1.0
b1[1,152]	3.292	0.002007	0.3932	0.3842	2.589	3.265	4.134	38110.0	34920.0	1.997	1.0
b1[1,153]	7.563	0.008913	1.563	1.537	4.877	7.433	10.96	31700.0	29290.0	1.661	1.0
b1[1,154]	8.04	0.004185	0.9998	0.9838	6.248	7.979	10.17	59230.0	31760.0	3.103	1.0
b1[1,155]	7.473	0.00979	1.588	1.562	4.832	7.327	11.01	26970.0	27710.0	1.413	1.0
b1[1,156]	0.531	0.003623	0.6499	0.5758	-0.7047	0.5152	1.856	36160.0	24440.0	1.895	1.0
b1[1,157]	4.587	0.006154	0.9529	0.8531	3.096	4.456	6.84	27730.0	21810.0	1.453	1.0
b1[1,158]	3.019	0.006544	0.8809	0.7586	1.68	2.894	5.124	22870.0	18140.0	1.198	1.0
b1[1,159]	3.561	0.003481	0.6874	0.6604	2.374	3.504	5.068	42310.0	26920.0	2.217	1.0
b1[2,1]	8.618	0.005599	1.139	1.111	6.631	8.541	11.08	43350.0	30120.0	2.271	1.0
b1[2,2]	7.279	0.004167	0.9286	0.9128	5.583	7.237	9.211	50790.0	30240.0	2.661	1.0
b1[2,3]	10.68	0.00764	1.447	1.448	8.109	10.59	13.76	36850.0	28410.0	1.93	1.0
b1[2,4]	6.067	0.006838	1.126	1.068	4.217	5.943	8.656	29700.0	23180.0	1.556	1.0
b1[2,5]	7.158	0.01257	1.811	1.786	4.178	6.963	11.19	20660.0	25760.0	1.082	1.0
b1[2,6]	8.859	0.006954	1.293	1.295	6.592	8.757	11.63	35840.0	28530.0	1.878	1.0
b1[2,7]	5.953	0.005055	0.8691	0.8518	4.407	5.899	7.825	30630.0	26720.0	1.605	1.0
b1[2,8]	8.839	0.006572	1.221	1.21	6.676	8.766	11.43	35820.0	28830.0	1.877	1.0
b1[2,9]	10.99	0.008187	1.565	1.553	8.164	10.91	14.29	37130.0	31220.0	1.946	1.0
b1[2,10]	10.31	0.008732	1.601	1.586	7.491	10.21	13.75	34340.0	28440.0	1.799	1.0
b1[2,11]	6.76	0.00487	0.9789	0.9564	5.041	6.685	8.866	42310.0	29280.0	2.217	1.0
b1[2,12]	6.362	0.005666	1.054	1.016	4.584	6.26	8.702	36880.0	27620.0	1.932	1.0
b1[2,13]	7.164	0.005413	1.026	0.9923	5.406	7.084	9.407	38040.0	29350.0	1.993	1.0
b1[2,14]	7.111	0.007555	1.284	1.253	4.898	7.006	9.925	30020.0	26560.0	1.573	1.0
b1[2,15]	5.615	0.005026	0.9154	0.8761	4.051	5.536	7.628	34990.0	27170.0	1.833	1.0
b1[2,16]	7.313	0.005393	1.005	0.9869	5.535	7.246	9.464	36580.0	25880.0	1.916	1.0
b1[2,17]	7.967	0.005367	1.075	1.069	6.08	7.892	10.27	40790.0	30940.0	2.137	1.0
b1[2,18]	7.851	0.005227	1.046	1.04	5.978	7.801	10.07	41290.0	29180.0	2.163	1.0
b1[2,19]	6.441	0.005966	1.07	1.031	4.595	6.348	8.805	34430.0	26610.0	1.804	1.0
b1[2,20]	6.503	0.005037	0.929	0.9075	4.886	6.435	8.507	35630.0	27200.0	1.867	1.0
b1[2,21]	6.682	0.004073	0.8806	0.8586	5.124	6.628	8.576	48730.0	30050.0	2.553	1.0
b1[2,22]	7.415	0.007261	1.254	1.217	5.278	7.302	10.16	30940.0	27920.0	1.621	1.0
b1[2,23]	0.9908	0.003253	0.5462	0.4788	-0.0155	0.9763	2.069	43770.0	21170.0	2.293	1.0
b1[2,24]	8.384	0.00448	1.02	1.015	6.54	8.333	10.51	53160.0	31040.0	2.785	1.0
b1[2,25]	7.821	0.006025	1.17	1.141	5.761	7.745	10.32	38920.0	30390.0	2.039	1.0
b1[2,26]	7.843	0.00503	1.05	1.034	5.988	7.783	10.08	45120.0	29400.0	2.364	1.0
b1[2,27]	10.93	0.007688	1.523	1.496	8.223	10.84	14.17	40000.0	29870.0	2.096	1.0
b1[2,28]	9.176	0.006552	1.185	1.172	7.06	9.098	11.68	33990.0	27930.0	1.781	1.0
b1[2,29]	8.412	0.007024	1.278	1.243	6.21	8.303	11.22	34280.0	29110.0	1.796	1.0
b1[2,30]	9.576	0.007929	1.369	1.365	7.088	9.512	12.46	30390.0	26660.0	1.592	1.0
b1[2,31]	5.574	0.008814	1.306	1.221	3.508	5.4	8.601	23650.0	22680.0	1.239	1.0
b1[2,32]	5.157	0.005545	0.9295	0.8771	3.606	5.063	7.245	30670.0	24050.0	1.607	1.0
b1[2,33]	12.41	0.008896	1.703	1.696	9.349	12.32	16.0	37260.0	30700.0	1.952	1.0
b1[2,34]	2.666	0.009751	1.065	0.7546	1.311	2.449	5.531	18240.0	12390.0	0.9558	1.0
b1[2,35]	8.912	0.006421	1.192	1.177	6.765	8.855	11.44	35560.0	27840.0	1.863	1.0
b1[2,36]	6.714	0.003428	0.8089	0.8044	5.25	6.669	8.416	57900.0	30900.0	3.033	1.0
b1[2,37]	11.36	0.008931	1.622	1.607	8.436	11.27	14.82	33420.0	31510.0	1.751	1.0
b1[2,38]	7.915	0.005816	1.133	1.134	5.897	7.847	10.29	38460.0	30280.0	2.015	1.0
b1[2,39]	9.545	0.008851	1.582	1.563	6.802	9.426	12.96	32630.0	29550.0	1.709	1.0
b1[2,40]	10.16	0.006297	1.343	1.322	7.73	10.08	13.01	46420.0	30870.0	2.432	1.0
b1[2,41]	3.134	0.007511	1.054	0.9194	1.546	2.971	5.672	22860.0	19720.0	1.198	1.0
b1[2,42]	10.27	0.007201	1.412	1.397	7.783	10.18	13.29	39610.0	29880.0	2.075	1.0
b1[2,43]	6.963	0.00651	1.165	1.141	4.938	6.872	9.513	33680.0	26900.0	1.765	1.0
b1[2,44]	3.491	0.003354	0.6233	0.5973	2.402	3.44	4.854	37850.0	26000.0	1.983	1.0
b1[2,45]	5.635	0.004131	0.8644	0.8393	4.115	5.576	7.515	45830.0	29710.0	2.401	1.0
b1[2,46]	8.261	0.006946	1.29	1.261	6.013	8.166	11.03	35880.0	28220.0	1.88	1.0
b1[2,47]	11.62	0.007835	1.544	1.548	8.789	11.55	14.83	39610.0	30770.0	2.075	1.0
b1[2,48]	0.09197	0.002386	0.5427	0.5153	-0.9147	0.07145	1.208	54410.0	30050.0	2.851	1.0
b1[2,49]	5.134	0.008339	1.174	1.061	3.37	4.943	7.928	21790.0	21790.0	1.142	1.0
b1[2,50]	4.102	0.006546	0.9638	0.8898	2.547	3.984	6.315	25290.0	20640.0	1.325	1.0
b1[2,51]	0.5979	0.003023	0.5685	0.5166	-0.4622	0.583	1.74	48180.0	25650.0	2.525	1.0
b1[2,52]	10.14	0.006617	1.263	1.257	7.846	10.09	12.79	37350.0	29150.0	1.957	1.0
b1[2,53]	9.171	0.006478	1.287	1.265	6.888	9.084	11.94	40540.0	29260.0	2.124	1.0
b1[2,54]	4.197	0.004707	0.8003	0.732	2.898	4.107	6.048	33570.0	23580.0	1.759	1.0
b1[2,55]	3.894	0.00447	0.7148	0.6654	2.693	3.825	5.493	27950.0	22650.0	1.464	1.0
b1[2,56]	10.4	0.008463	1.502	1.465	7.834	10.28	13.7	33160.0	28350.0	1.738	1.0
b1[2,57]	3.491	0.002168	0.522	0.5154	2.529	3.473	4.561	59180.0	33050.0	3.101	1.0
b1[2,58]	6.951	0.004895	0.9479	0.9338	5.283	6.885	8.995	39030.0	28830.0	2.045	1.0
b1[2,59]	6.036	0.006195	0.9926	0.9485	4.382	5.939	8.255	27780.0	23620.0	1.456	1.0
b1[2,60]	6.45	0.007318	1.161	1.091	4.576	6.309	9.113	27840.0	24530.0	1.458	1.0
b1[2,61]	8.921	0.007133	1.343	1.324	6.591	8.812	11.85	37070.0	28670.0	1.942	1.0
b1[2,62]	9.707	0.005702	1.256	1.245	7.421	9.638	12.34	50010.0	30140.0	2.62	1.0
b1[2,63]	6.572	0.005429	1.032	0.9989	4.759	6.491	8.8	38220.0	26610.0	2.002	1.0
b1[2,64]	4.999	0.005183	0.8691	0.8173	3.555	4.907	6.945	31490.0	22540.0	1.65	1.0
b1[2,65]	2.655	0.00719	1.01	0.8905	1.137	2.495	5.134	22430.0	20170.0	1.175	1.0
b1[2,66]	9.03	0.006293	1.215	1.201	6.844	8.96	11.6	38850.0	27040.0	2.036	1.0
b1[2,67]	4.89	0.00425	0.7576	0.7247	3.588	4.822	6.575	34880.0	25060.0	1.827	1.0
b1[2,68]	8.547	0.005889	1.194	1.186	6.409	8.479	11.06	41920.0	28860.0	2.196	1.0
b1[2,69]	6.66	0.004786	0.9436	0.9177	5.021	6.588	8.713	40720.0	29380.0	2.133	1.0
b1[2,70]	9.847	0.00581	1.262	1.257	7.571	9.771	12.51	48600.0	30200.0	2.546	1.0
b1[2,71]	5.857	0.00345	0.748	0.7303	4.514	5.814	7.452	48420.0	32700.0	2.537	1.0
b1[2,72]	6.211	0.005311	1.002	0.9573	4.489	6.122	8.437	37880.0	27730.0	1.985	1.0
b1[2,73]	7.135	0.005448	0.9333	0.8774	5.574	7.045	9.213	34080.0	23260.0	1.786	1.0
b1[2,74]	3.772	0.007181	1.04	0.9317	2.168	3.625	6.264	24530.0	20090.0	1.285	1.0
b1[2,75]	3.055	0.005601	0.815	0.7283	1.779	2.949	4.971	25080.0	20140.0	1.314	1.0
b1[2,76]	3.01	0.004425	0.7526	0.6858	1.77	2.933	4.727	34370.0	22270.0	1.801	1.0
b1[2,77]	5.342	0.008452	1.218	1.159	3.319	5.206	8.084	22180.0	21380.0	1.162	1.0
b1[2,78]	3.628	0.009519	1.268	1.093	1.828	3.386	6.754	20320.0	18470.0	1.065	1.0
b1[2,79]	4.81	0.006371	1.01	0.9368	3.167	4.688	7.142	27690.0	22200.0	1.451	1.0
b1[2,80]	8.315	0.008694	1.424	1.401	5.864	8.199	11.41	27430.0	28640.0	1.437	1.0
b1[2,81]	8.703	0.005645	1.118	1.101	6.699	8.641	11.08	40840.0	27180.0	2.14	1.0
b1[2,82]	6.149	0.005728	0.9822	0.9373	4.5	6.05	8.366	32460.0	24660.0	1.701	1.0
b1[2,83]	7.467	0.005172	1.031	1.003	5.663	7.386	9.706	41650.0	30300.0	2.182	1.0
b1[2,84]	6.261	0.004198	0.8715	0.8566	4.709	6.211	8.112	44770.0	30130.0	2.346	1.0
b1[2,85]	11.6	0.009331	1.712	1.722	8.505	11.52	15.19	34210.0	29340.0	1.792	1.0
b1[2,86]	6.351	0.005462	1.019	0.9872	4.581	6.275	8.595	36320.0	25810.0	1.903	1.0
b1[2,87]	10.18	0.006998	1.414	1.409	7.661	10.1	13.18	41500.0	30450.0	2.175	1.0
b1[2,88]	8.458	0.006173	1.165	1.141	6.411	8.384	10.96	37620.0	27370.0	1.971	1.0
b1[2,89]	6.843	0.007905	1.311	1.253	4.699	6.702	9.788	29240.0	25140.0	1.532	1.0
b1[2,90]	4.913	0.005317	0.8635	0.813	3.467	4.826	6.864	28940.0	23770.0	1.516	1.0
b1[2,91]	5.155	0.005149	0.8872	0.8317	3.653	5.068	7.145	32860.0	24660.0	1.722	1.0
b1[2,92]	4.639	0.004434	0.8018	0.7665	3.264	4.568	6.418	35460.0	25610.0	1.858	1.0
b1[2,93]	5.785	0.005644	0.9837	0.9483	4.122	5.691	7.965	32950.0	25470.0	1.727	1.0
b1[2,94]	9.245	0.006857	1.346	1.331	6.851	9.162	12.12	39780.0	29120.0	2.084	1.0
b1[2,95]	8.438	0.006599	1.228	1.206	6.275	8.357	11.07	35450.0	30600.0	1.857	1.0
b1[2,96]	3.534	0.003842	0.6891	0.6398	2.368	3.467	5.086	37210.0	23730.0	1.95	1.0
b1[2,97]	6.143	0.004687	0.914	0.894	4.552	6.072	8.144	39800.0	28540.0	2.085	1.0
b1[2,98]	6.37	0.005157	0.8847	0.8748	4.76	6.325	8.219	29860.0	27940.0	1.564	1.0
b1[2,99]	5.279	0.006335	1.001	0.9298	3.642	5.165	7.559	27950.0	22310.0	1.465	1.0
b1[2,100]	6.608	0.006271	1.097	1.055	4.733	6.517	9.037	31670.0	29300.0	1.659	1.0
b1[2,101]	4.981	0.005964	0.9769	0.912	3.35	4.884	7.191	29710.0	24390.0	1.556	1.0
b1[2,102]	9.474	0.005696	1.212	1.198	7.298	9.408	12.04	47320.0	29170.0	2.479	1.0
b1[2,103]	5.908	0.007886	1.236	1.136	3.962	5.741	8.803	27780.0	22860.0	1.456	1.0
b1[2,104]	7.532	0.00673	1.216	1.199	5.389	7.447	10.15	34090.0	26730.0	1.786	1.0
b1[2,105]	5.796	0.003448	0.7027	0.6843	4.54	5.751	7.301	44490.0	27220.0	2.331	1.0
b1[2,106]	1.158	0.006784	0.8831	0.7211	-0.1345	1.005	3.325	22170.0	17020.0	1.162	1.0
b1[2,107]	5.208	0.00465	0.8009	0.7703	3.822	5.142	6.969	32150.0	24800.0	1.685	1.0
b1[2,108]	5.449	0.005107	0.9227	0.8854	3.874	5.367	7.503	34830.0	26350.0	1.825	1.0
b1[2,109]	7.131	0.006636	1.178	1.144	5.106	7.038	9.702	33160.0	28210.0	1.737	1.0
b1[2,110]	9.212	0.007346	1.331	1.29	6.91	9.098	12.15	34640.0	27670.0	1.815	1.0
b1[2,111]	7.465	0.004787	0.9623	0.9573	5.725	7.414	9.497	41620.0	28660.0	2.181	1.0
b1[2,112]	8.687	0.008051	1.425	1.37	6.267	8.553	11.87	32570.0	27210.0	1.706	1.0
b1[2,113]	7.385	0.005595	1.086	1.058	5.517	7.297	9.744	39820.0	27390.0	2.086	0.9999
b1[2,114]	9.985	0.00577	1.245	1.243	7.748	9.918	12.61	47900.0	28880.0	2.51	1.0
b1[2,115]	5.877	0.004772	0.9377	0.9171	4.224	5.817	7.889	41220.0	27860.0	2.16	1.0
b1[2,116]	8.246	0.007294	1.318	1.29	5.968	8.139	11.13	33840.0	27890.0	1.773	1.0
b1[2,117]	6.518	0.006527	1.051	1.031	4.687	6.44	8.788	26850.0	25330.0	1.407	1.0
b1[2,118]	6.268	0.005023	0.9417	0.924	4.588	6.203	8.305	36620.0	27320.0	1.919	1.0
b1[2,119]	3.738	0.00476	0.8228	0.7752	2.341	3.665	5.574	32710.0	24590.0	1.714	1.0
b1[2,120]	9.043	0.007129	1.292	1.268	6.783	8.947	11.87	34850.0	27340.0	1.826	1.0
b1[2,121]	3.762	0.004393	0.7106	0.657	2.589	3.684	5.377	30440.0	22310.0	1.595	1.0
b1[2,122]	6.864	0.008146	1.252	1.227	4.7	6.766	9.611	24480.0	23480.0	1.283	1.0
b1[2,123]	3.73	0.007533	1.072	0.9675	2.094	3.567	6.279	24010.0	19390.0	1.258	1.0
b1[2,124]	8.155	0.006949	1.247	1.216	6.01	8.051	10.87	33540.0	27250.0	1.757	1.0
b1[2,125]	8.573	0.007956	1.399	1.355	6.196	8.452	11.67	32390.0	26700.0	1.697	1.0
b1[2,126]	7.027	0.005539	1.079	1.054	5.136	6.95	9.369	39170.0	30680.0	2.052	1.0
b1[2,127]	0.9425	0.002577	0.5708	0.5495	-0.1113	0.9245	2.119	51570.0	30620.0	2.702	1.0
b1[2,128]	9.662	0.006472	1.33	1.332	7.284	9.589	12.47	43530.0	29420.0	2.281	1.0
b1[2,129]	7.768	0.005303	1.083	1.055	5.864	7.695	10.12	43660.0	28710.0	2.287	1.0
b1[2,130]	10.64	0.008679	1.62	1.619	7.782	10.54	14.09	35480.0	29190.0	1.859	1.0
b1[2,131]	8.348	0.006615	1.194	1.177	6.275	8.258	10.95	34370.0	25610.0	1.801	1.0
b1[2,132]	1.974	0.003583	0.6337	0.5733	0.9203	1.908	3.432	36540.0	23990.0	1.914	1.0
b1[2,133]	1.819	0.006443	0.8245	0.6813	0.6091	1.687	3.845	21780.0	17050.0	1.141	1.0
b1[2,134]	7.997	0.006063	1.085	1.068	6.069	7.925	10.32	33300.0	26270.0	1.745	1.0
b1[2,135]	3.68	0.002908	0.5945	0.5688	2.641	3.637	4.973	46660.0	29930.0	2.444	1.0
b1[2,136]	7.404	0.005472	1.08	1.062	5.503	7.33	9.715	40680.0	29440.0	2.132	1.0
b1[2,137]	5.776	0.007238	1.196	1.132	3.81	5.644	8.49	29730.0	24410.0	1.557	1.0
b1[2,138]	10.53	0.008504	1.605	1.587	7.66	10.44	13.94	36640.0	29930.0	1.92	1.0
b1[2,139]	8.614	0.008325	1.459	1.441	6.092	8.51	11.77	31460.0	28990.0	1.648	1.0
b1[2,140]	11.81	0.008847	1.698	1.688	8.805	11.71	15.44	37940.0	28660.0	1.988	1.0
b1[2,141]	4.277	0.003836	0.6907	0.6806	3.065	4.229	5.759	35100.0	24800.0	1.839	1.0
b1[2,142]	9.638	0.007163	1.395	1.372	7.167	9.548	12.65	39160.0	28930.0	2.052	1.0
b1[2,143]	6.0	0.007931	1.226	1.169	3.936	5.883	8.749	25020.0	23680.0	1.311	1.0
b1[2,144]	5.196	0.003897	0.7839	0.7626	3.834	5.137	6.905	42220.0	29200.0	2.212	1.0
b1[2,145]	7.773	0.008694	1.353	1.284	5.585	7.613	10.88	26480.0	24380.0	1.387	1.0
b1[2,146]	6.811	0.004634	0.9497	0.9348	5.128	6.755	8.848	43160.0	30640.0	2.261	1.0
b1[2,147]	5.234	0.006294	0.9659	0.9427	3.572	5.158	7.327	24760.0	23550.0	1.297	1.0
b1[2,148]	7.869	0.00637	1.185	1.16	5.769	7.794	10.39	36070.0	26810.0	1.89	1.0
b1[2,149]	5.564	0.0051	0.8716	0.8515	4.0	5.517	7.42	30220.0	26460.0	1.583	1.0
b1[2,150]	1.974	0.004508	0.7397	0.691	0.6683	1.925	3.576	28850.0	24050.0	1.511	1.0
b1[2,151]	8.794	0.006052	1.218	1.186	6.671	8.707	11.44	42580.0	29490.0	2.231	1.0
b1[2,152]	6.03	0.005419	0.9106	0.8943	4.453	5.955	8.016	29830.0	24600.0	1.563	1.0
b1[2,153]	7.732	0.009384	1.516	1.46	5.22	7.58	11.13	26970.0	26240.0	1.413	1.0
b1[2,154]	10.2	0.007232	1.372	1.369	7.73	10.13	13.09	36850.0	28520.0	1.931	1.0
b1[2,155]	9.177	0.00709	1.365	1.325	6.826	9.066	12.17	38770.0	29450.0	2.031	1.0
b1[2,156]	7.089	0.005076	0.9806	0.9594	5.384	7.016	9.229	39180.0	28020.0	2.053	1.0
b1[2,157]	5.749	0.006159	1.063	1.02	3.97	5.653	8.133	32540.0	23740.0	1.705	1.0
b1[2,158]	5.348	0.005511	0.9173	0.8618	3.807	5.257	7.383	30820.0	24610.0	1.615	1.0
b1[2,159]	0.129	0.002216	0.516	0.4865	-0.8211	0.105	1.21	57950.0	28850.0	3.036	1.0
a_conf[1,1]	0.415	0.0004576	0.09228	0.09336	0.2444	0.4119	0.6043	40220.0	30700.0	2.107	1.0
a_conf[1,2]	0.4704	0.0004554	0.08932	0.08949	0.303	0.4677	0.6527	38200.0	30840.0	2.002	1.0
a_conf[1,3]	0.398	0.0005219	0.09528	0.09628	0.2293	0.3919	0.5999	32480.0	29250.0	1.702	1.0
a_conf[1,4]	0.2266	0.000487	0.08258	0.08131	0.09515	0.2169	0.414	27750.0	26630.0	1.454	1.0
a_conf[1,5]	0.1054	0.000171	0.03272	0.03098	0.05371	0.1014	0.1803	37660.0	31270.0	1.973	1.0
a_conf[1,6]	0.4766	0.0004707	0.086	0.08683	0.3151	0.4742	0.6521	33450.0	28400.0	1.753	1.0
a_conf[1,7]	0.2895	0.0003196	0.06859	0.06821	0.1659	0.2859	0.4351	45370.0	28690.0	2.377	1.0
a_conf[1,8]	0.4907	0.0003734	0.08061	0.0802	0.3413	0.4878	0.6554	47010.0	31300.0	2.463	1.0
a_conf[1,9]	0.3251	0.0003754	0.06936	0.069	0.2055	0.3194	0.4763	34320.0	30450.0	1.798	1.0
a_conf[1,10]	0.3559	0.0003911	0.07334	0.07185	0.2316	0.3492	0.5181	36310.0	31030.0	1.903	1.0
a_conf[1,11]	0.2885	0.0004151	0.07231	0.07083	0.1681	0.2814	0.4496	29920.0	31090.0	1.568	1.0
a_conf[1,12]	0.3503	0.0005692	0.09712	0.09833	0.1823	0.3434	0.5585	28440.0	29200.0	1.49	1.0
a_conf[1,13]	0.4589	0.0003905	0.08143	0.08211	0.3111	0.4546	0.6284	43920.0	30850.0	2.301	1.0
a_conf[1,14]	0.2698	0.0005937	0.09644	0.09658	0.1107	0.2593	0.4804	25120.0	24380.0	1.316	1.0
a_conf[1,15]	0.3017	0.0004345	0.0779	0.0766	0.1692	0.2955	0.4738	31520.0	29290.0	1.652	1.0
a_conf[1,16]	0.3336	0.0004068	0.08217	0.07957	0.1879	0.3282	0.5107	40830.0	28920.0	2.139	1.0
a_conf[1,17]	0.4832	0.00043	0.09	0.09032	0.3216	0.4781	0.6722	44920.0	32230.0	2.354	1.0
a_conf[1,18]	0.2914	0.0003908	0.07151	0.07056	0.1642	0.2873	0.4427	32340.0	25950.0	1.694	1.0
a_conf[1,19]	0.2323	0.000468	0.0765	0.07547	0.1096	0.2237	0.4039	25250.0	26460.0	1.323	1.0
a_conf[1,20]	0.48	0.0004209	0.09042	0.09104	0.3129	0.4769	0.6665	46260.0	31880.0	2.424	1.0
a_conf[1,21]	0.2885	0.0004774	0.08139	0.08118	0.1511	0.2811	0.4663	27780.0	26000.0	1.455	1.0
a_conf[1,22]	0.2989	0.0004916	0.07911	0.07816	0.1676	0.2917	0.4737	25730.0	29240.0	1.348	1.0
a_conf[1,23]	0.3205	0.0005646	0.103	0.1017	0.1502	0.3101	0.5493	31990.0	28020.0	1.676	1.0
a_conf[1,24]	0.2853	0.0004247	0.07061	0.06951	0.1669	0.2786	0.4418	27660.0	28880.0	1.449	1.0
a_conf[1,25]	0.3251	0.0005439	0.08947	0.08871	0.178	0.3163	0.5244	26720.0	29600.0	1.4	1.0
a_conf[1,26]	0.3887	0.0004528	0.08111	0.08058	0.2455	0.3833	0.5636	32050.0	30130.0	1.679	1.0
a_conf[1,27]	0.5478	0.000533	0.1053	0.109	0.3524	0.5437	0.7604	38930.0	31010.0	2.04	1.0
a_conf[1,28]	0.5345	0.0004311	0.09507	0.096	0.3624	0.5299	0.7329	50280.0	29030.0	2.634	1.0
a_conf[1,29]	0.3375	0.0004376	0.07744	0.07762	0.2002	0.3326	0.5012	30820.0	29300.0	1.615	1.0
a_conf[1,30]	0.4872	0.0004842	0.09103	0.09127	0.32	0.483	0.6744	35570.0	29940.0	1.863	1.0
a_conf[1,31]	0.07154	0.0001924	0.03587	0.03235	0.02007	0.06556	0.1583	34440.0	29710.0	1.804	1.0
a_conf[1,32]	0.2605	0.0003973	0.0747	0.07399	0.1321	0.2545	0.4219	33810.0	27310.0	1.772	1.0
a_conf[1,33]	0.395	0.0003787	0.07594	0.07605	0.2594	0.3907	0.5547	40310.0	31920.0	2.112	1.0
a_conf[1,34]	0.2001	0.0004308	0.07126	0.06273	0.09727	0.1878	0.3739	26930.0	27320.0	1.411	1.0
a_conf[1,35]	0.295	0.0006529	0.1057	0.1046	0.1179	0.2856	0.5268	24580.0	21790.0	1.288	1.0
a_conf[1,36]	0.395	0.000661	0.1042	0.1065	0.2109	0.3886	0.6141	24430.0	27190.0	1.28	1.0
a_conf[1,37]	0.3312	0.0003865	0.07091	0.07062	0.2067	0.3261	0.4822	33380.0	31720.0	1.749	1.0
a_conf[1,38]	0.434	0.0003823	0.08003	0.0801	0.2868	0.4313	0.6005	43740.0	31410.0	2.292	1.0
a_conf[1,39]	0.2125	0.0003042	0.05496	0.0542	0.121	0.2072	0.3345	31730.0	29580.0	1.662	1.0
a_conf[1,40]	0.5355	0.0004849	0.09372	0.09461	0.3611	0.5325	0.7274	37500.0	30500.0	1.965	1.0
a_conf[1,41]	0.1373	0.0003917	0.06764	0.06216	0.04077	0.1256	0.3018	29610.0	28400.0	1.551	1.0
a_conf[1,42]	0.4972	0.0004532	0.09284	0.09431	0.3295	0.493	0.6897	42710.0	31110.0	2.238	1.0
a_conf[1,43]	0.3524	0.0004756	0.08655	0.08732	0.1984	0.3476	0.5334	32490.0	27780.0	1.702	1.0
a_conf[1,44]	0.4909	0.001036	0.1753	0.194	0.1598	0.4949	0.8134	29110.0	29180.0	1.525	1.0
a_conf[1,45]	0.291	0.00052	0.08481	0.08277	0.1531	0.2815	0.4799	26150.0	28920.0	1.37	1.0
a_conf[1,46]	0.274	0.0003804	0.07108	0.0705	0.1531	0.2678	0.4274	34150.0	30210.0	1.789	1.0
a_conf[1,47]	0.3512	0.0005133	0.08476	0.08512	0.2005	0.3457	0.5319	26760.0	28590.0	1.402	1.0
a_conf[1,48]	0.3313	0.0003834	0.08631	0.08585	0.1817	0.3251	0.5176	49980.0	33750.0	2.619	1.0
a_conf[1,49]	0.09373	0.0003087	0.04944	0.04522	0.02526	0.08469	0.2133	24830.0	29370.0	1.301	1.0
a_conf[1,50]	0.1225	0.000507	0.07879	0.06558	0.02469	0.104	0.3264	23850.0	26380.0	1.25	1.0
a_conf[1,51]	0.2088	0.0004409	0.09175	0.08515	0.06673	0.1956	0.4257	43640.0	29220.0	2.287	1.0
a_conf[1,52]	0.5432	0.000497	0.1006	0.102	0.3629	0.5372	0.7525	41520.0	29180.0	2.175	1.0
a_conf[1,53]	0.347	0.0004831	0.08615	0.0857	0.1949	0.3414	0.5318	31060.0	28810.0	1.628	1.0
a_conf[1,54]	0.1851	0.0005101	0.08854	0.08176	0.0556	0.1705	0.3963	29460.0	26200.0	1.544	1.0
a_conf[1,55]	0.3703	0.0004367	0.08432	0.08349	0.2127	0.3672	0.5438	36450.0	27570.0	1.91	1.0
a_conf[1,56]	0.1015	0.0001787	0.03913	0.03716	0.03925	0.0968	0.1911	48750.0	29340.0	2.554	1.0
a_conf[1,57]	0.4889	0.0004207	0.09621	0.09752	0.3083	0.4859	0.6839	52590.0	31010.0	2.756	1.0
a_conf[1,58]	0.4961	0.000479	0.101	0.1031	0.3042	0.4945	0.6968	44340.0	31580.0	2.323	1.0
a_conf[1,59]	0.2631	0.0004773	0.08663	0.08402	0.119	0.2542	0.4588	32960.0	28680.0	1.727	1.0
a_conf[1,60]	0.3776	0.0005089	0.09149	0.09221	0.2193	0.3708	0.5722	31340.0	27590.0	1.642	1.0
a_conf[1,61]	0.3484	0.000495	0.08985	0.09007	0.198	0.3399	0.5463	33190.0	30870.0	1.739	1.0
a_conf[1,62]	0.2703	0.0004944	0.07903	0.07873	0.1383	0.2627	0.4442	24270.0	26560.0	1.271	1.0
a_conf[1,63]	0.3316	0.0005092	0.0859	0.08465	0.1831	0.3251	0.5192	28110.0	29110.0	1.473	1.0
a_conf[1,64]	0.338	0.0004026	0.08428	0.08377	0.1864	0.3337	0.5158	42810.0	27410.0	2.243	1.0
a_conf[1,65]	0.1489	0.0006619	0.1044	0.08603	0.02342	0.1224	0.4205	22870.0	27580.0	1.198	1.0
a_conf[1,66]	0.2821	0.0006369	0.09883	0.09886	0.1143	0.273	0.4973	22720.0	20610.0	1.19	1.0
a_conf[1,67]	0.533	0.0005631	0.1125	0.1154	0.3196	0.5311	0.7544	39760.0	30440.0	2.083	1.0
a_conf[1,68]	0.2764	0.0004428	0.07439	0.07239	0.1503	0.2698	0.4417	27650.0	27940.0	1.449	1.0
a_conf[1,69]	0.2336	0.0003955	0.06781	0.06689	0.1229	0.2261	0.3859	28610.0	29040.0	1.499	1.0
a_conf[1,70]	0.3642	0.0003364	0.07258	0.07227	0.2322	0.3608	0.5152	46200.0	31790.0	2.421	1.0
a_conf[1,71]	0.4226	0.0004431	0.08278	0.08202	0.2787	0.4165	0.6005	35240.0	31850.0	1.846	1.0
a_conf[1,72]	0.275	0.0003491	0.06713	0.0667	0.1594	0.2699	0.4212	36220.0	31630.0	1.897	1.0
a_conf[1,73]	0.3731	0.001048	0.1461	0.1615	0.1015	0.3808	0.6389	19840.0	22420.0	1.04	1.0
a_conf[1,74]	0.09681	0.000238	0.04344	0.04067	0.03103	0.09051	0.1988	32260.0	27780.0	1.69	1.0
a_conf[1,75]	0.1206	0.0003189	0.05695	0.05228	0.03717	0.1118	0.2561	32160.0	29200.0	1.685	1.0
a_conf[1,76]	0.2114	0.0004639	0.08364	0.08127	0.08063	0.2001	0.4029	30790.0	26650.0	1.613	1.0
a_conf[1,77]	0.2933	0.0005021	0.08514	0.08503	0.1475	0.2859	0.4772	27990.0	27880.0	1.466	1.0
a_conf[1,78]	0.04246	0.0001236	0.0233	0.02106	0.009916	0.03834	0.09828	34250.0	29130.0	1.794	1.0
a_conf[1,79]	0.3034	0.0003947	0.07801	0.07708	0.1669	0.2977	0.4717	37980.0	30380.0	1.99	1.0
a_conf[1,80]	0.2732	0.0003106	0.05809	0.05676	0.1744	0.2683	0.4006	34600.0	31610.0	1.813	1.0
a_conf[1,81]	0.3639	0.0005297	0.09925	0.09976	0.1832	0.3594	0.5705	34460.0	26790.0	1.806	1.0
a_conf[1,82]	0.2693	0.0004087	0.07377	0.07281	0.145	0.2621	0.4303	31670.0	28840.0	1.659	1.0
a_conf[1,83]	0.4048	0.0003684	0.07679	0.07694	0.2654	0.4008	0.5649	43420.0	32620.0	2.275	1.0
a_conf[1,84]	0.5126	0.0004006	0.08629	0.08639	0.3508	0.51	0.6899	46820.0	30570.0	2.453	1.0
a_conf[1,85]	0.3397	0.0003829	0.07097	0.06979	0.2177	0.334	0.4936	34860.0	31980.0	1.827	1.0
a_conf[1,86]	0.2284	0.000433	0.07326	0.07085	0.1127	0.2194	0.3962	27540.0	28580.0	1.443	1.0
a_conf[1,87]	0.2447	0.0003015	0.05723	0.05567	0.1493	0.2388	0.3716	35860.0	33060.0	1.879	1.0
a_conf[1,88]	0.3197	0.0004239	0.07903	0.07929	0.181	0.3144	0.4889	33860.0	28240.0	1.774	1.0
a_conf[1,89]	0.3309	0.0003905	0.07624	0.07535	0.1983	0.3253	0.495	37680.0	30990.0	1.974	1.0
a_conf[1,90]	0.4418	0.000409	0.08495	0.08496	0.2826	0.4384	0.6153	43270.0	32730.0	2.267	1.0
a_conf[1,91]	0.1746	0.0006794	0.1024	0.09065	0.03893	0.1526	0.4277	22750.0	26920.0	1.192	1.0
a_conf[1,92]	0.3005	0.0004387	0.08247	0.08179	0.1593	0.2937	0.4798	34740.0	28430.0	1.82	1.0
a_conf[1,93]	0.2725	0.0004508	0.08297	0.08268	0.1305	0.2661	0.4529	32300.0	25790.0	1.693	1.0
a_conf[1,94]	0.368	0.0004467	0.08506	0.08533	0.2158	0.3633	0.5454	35710.0	29530.0	1.871	1.0
a_conf[1,95]	0.33	0.0003295	0.06182	0.061	0.2213	0.3258	0.4622	35520.0	32340.0	1.861	1.0
a_conf[1,96]	0.3331	0.0006336	0.1211	0.1239	0.1204	0.3254	0.5892	34740.0	24740.0	1.82	1.0
a_conf[1,97]	0.426	0.000496	0.09708	0.09774	0.2527	0.4204	0.6311	38060.0	30800.0	1.994	1.0
a_conf[1,98]	0.2338	0.0003297	0.06765	0.06665	0.1233	0.2268	0.3846	44020.0	29830.0	2.307	1.0
a_conf[1,99]	0.2367	0.0008159	0.1128	0.1165	0.06191	0.2236	0.4864	17220.0	19070.0	0.902	1.0
a_conf[1,100]	0.0946	0.0001986	0.03442	0.03254	0.04108	0.08978	0.1749	30480.0	29450.0	1.597	1.0
a_conf[1,101]	0.2736	0.0004182	0.07354	0.07242	0.1508	0.2671	0.437	30050.0	27860.0	1.574	1.0
a_conf[1,102]	0.2822	0.0003731	0.06914	0.0691	0.1647	0.2765	0.4309	33610.0	30670.0	1.761	1.0
a_conf[1,103]	0.222	0.0004452	0.07521	0.07311	0.1037	0.2119	0.394	27830.0	28440.0	1.458	1.0
a_conf[1,104]	0.2831	0.000374	0.06683	0.06634	0.165	0.2788	0.4255	31520.0	28520.0	1.651	1.0
a_conf[1,105]	0.4176	0.0005575	0.1132	0.1163	0.2139	0.4125	0.6509	40490.0	30230.0	2.121	1.0
a_conf[1,106]	0.2347	0.000723	0.1354	0.1333	0.03911	0.2123	0.5509	30190.0	23080.0	1.582	1.0
a_conf[1,107]	0.6038	0.0009597	0.1495	0.1586	0.2905	0.6175	0.8555	25140.0	25680.0	1.317	1.0
a_conf[1,108]	0.2954	0.0004964	0.08851	0.08689	0.1501	0.2861	0.4923	31150.0	27170.0	1.632	1.0
a_conf[1,109]	0.3192	0.0004239	0.08096	0.08052	0.1761	0.3142	0.4921	35380.0	27640.0	1.853	1.0
a_conf[1,110]	0.3375	0.0003698	0.07149	0.07067	0.2141	0.332	0.4924	37180.0	32970.0	1.948	1.0
a_conf[1,111]	0.4195	0.0004137	0.08611	0.08628	0.2635	0.4154	0.6012	43380.0	30270.0	2.273	1.0
a_conf[1,112]	0.3116	0.0003581	0.06827	0.06761	0.1944	0.3059	0.4598	36700.0	33060.0	1.923	1.0
a_conf[1,113]	0.3351	0.0003931	0.07486	0.0744	0.2031	0.3299	0.495	36140.0	30880.0	1.893	1.0
a_conf[1,114]	0.3606	0.0004128	0.07409	0.07435	0.2284	0.3565	0.5161	32170.0	30920.0	1.685	1.0
a_conf[1,115]	0.2646	0.0004287	0.07906	0.07964	0.1261	0.2601	0.4317	32720.0	25650.0	1.714	1.0
a_conf[1,116]	0.3502	0.0004388	0.08134	0.08055	0.2104	0.3434	0.5266	34490.0	29970.0	1.807	1.0
a_conf[1,117]	0.2065	0.0002662	0.05608	0.05605	0.108	0.2027	0.3255	42620.0	28290.0	2.233	1.0
a_conf[1,118]	0.3158	0.0004634	0.09188	0.09331	0.1516	0.3112	0.5086	37820.0	25790.0	1.981	0.9999
a_conf[1,119]	0.2018	0.0003777	0.07103	0.06825	0.08835	0.1929	0.3647	35120.0	29690.0	1.84	1.0
a_conf[1,120]	0.3988	0.0004363	0.08929	0.08861	0.2403	0.393	0.5892	41960.0	31460.0	2.198	1.0
a_conf[1,121]	0.2061	0.0003267	0.06019	0.06	0.106	0.2	0.3394	32390.0	26850.0	1.697	1.0
a_conf[1,122]	0.2003	0.0004288	0.06732	0.06386	0.09089	0.1927	0.3529	24300.0	25260.0	1.273	1.0
a_conf[1,123]	0.2995	0.0007939	0.1208	0.1259	0.09601	0.2907	0.5561	21730.0	22120.0	1.139	1.0
a_conf[1,124]	0.2285	0.0003489	0.06164	0.05913	0.1282	0.2213	0.3685	30800.0	31240.0	1.614	1.0
a_conf[1,125]	0.4164	0.0003921	0.07854	0.07893	0.2768	0.4121	0.5827	40010.0	32070.0	2.096	1.0
a_conf[1,126]	0.2866	0.0003211	0.06165	0.06106	0.1803	0.282	0.4202	36770.0	33660.0	1.927	1.0
a_conf[1,127]	0.2533	0.0004507	0.08447	0.08193	0.1144	0.2447	0.4429	33190.0	27660.0	1.739	1.0
a_conf[1,128]	0.3371	0.0003845	0.07284	0.07219	0.2117	0.3313	0.4966	36110.0	31940.0	1.892	1.0
a_conf[1,129]	0.3238	0.000483	0.08626	0.08463	0.1776	0.316	0.5151	31590.0	30520.0	1.655	1.0
a_conf[1,130]	0.3091	0.0004365	0.07298	0.07092	0.1884	0.3016	0.472	28630.0	29380.0	1.5	1.0
a_conf[1,131]	0.2959	0.0006795	0.1024	0.106	0.1192	0.2898	0.5129	21280.0	19060.0	1.115	1.0
a_conf[1,132]	0.3011	0.0006871	0.1391	0.1424	0.07953	0.2851	0.6095	40380.0	28690.0	2.115	1.0
a_conf[1,133]	0.3276	0.0005272	0.1018	0.1036	0.1541	0.3196	0.5466	35000.0	26750.0	1.834	1.0
a_conf[1,134]	0.3393	0.0006433	0.1029	0.09831	0.18	0.3241	0.577	26440.0	27600.0	1.385	1.0
a_conf[1,135]	0.3379	0.000639	0.1071	0.1091	0.158	0.3287	0.5697	26920.0	26020.0	1.41	1.0
a_conf[1,136]	0.3027	0.0004097	0.07428	0.07435	0.1765	0.2966	0.4636	32140.0	29590.0	1.684	1.0
a_conf[1,137]	0.1924	0.0007149	0.1018	0.09664	0.0491	0.1737	0.4346	18750.0	21920.0	0.9821	1.0
a_conf[1,138]	0.3666	0.0004621	0.08039	0.07931	0.2296	0.3598	0.5423	30610.0	29910.0	1.604	1.0
a_conf[1,139]	0.2434	0.0003041	0.05782	0.05651	0.1479	0.2373	0.3721	36090.0	32350.0	1.891	1.0
a_conf[1,140]	0.386	0.0004512	0.08377	0.08337	0.2412	0.38	0.5689	34840.0	30040.0	1.825	1.0
a_conf[1,141]	0.5599	0.0008591	0.1441	0.1507	0.27	0.5635	0.8244	28380.0	24130.0	1.487	1.0
a_conf[1,142]	0.2462	0.0003514	0.05998	0.05922	0.1458	0.2404	0.3783	29280.0	30960.0	1.534	1.0
a_conf[1,143]	0.175	0.0002879	0.05263	0.05119	0.08944	0.1696	0.2942	32810.0	30230.0	1.719	1.0
a_conf[1,144]	0.3514	0.0004218	0.07966	0.07969	0.2096	0.3468	0.5198	35240.0	31480.0	1.846	1.0
a_conf[1,145]	0.2435	0.0003039	0.05912	0.05887	0.1391	0.2395	0.3697	36640.0	29360.0	1.92	1.0
a_conf[1,146]	0.366	0.0004063	0.07702	0.07654	0.2281	0.3611	0.5278	35500.0	29760.0	1.86	1.0
a_conf[1,147]	0.2794	0.0003171	0.07045	0.06649	0.1612	0.2727	0.4371	56510.0	26430.0	2.961	1.0
a_conf[1,148]	0.2022	0.0004431	0.07076	0.06945	0.08624	0.1947	0.3611	24510.0	24120.0	1.284	1.0
a_conf[1,149]	0.5164	0.0006092	0.1099	0.1122	0.3188	0.5108	0.7446	33150.0	27870.0	1.737	1.0
a_conf[1,150]	0.1709	0.0004422	0.08211	0.07449	0.05186	0.1573	0.3695	36010.0	29240.0	1.886	1.0
a_conf[1,151]	0.4224	0.0004866	0.09609	0.097	0.2504	0.4172	0.6237	38470.0	30990.0	2.016	1.0
a_conf[1,152]	0.3684	0.000714	0.1159	0.1114	0.188	0.3521	0.6369	29130.0	24210.0	1.526	1.0
a_conf[1,153]	0.1403	0.0002095	0.03781	0.03605	0.08035	0.1354	0.226	32670.0	31890.0	1.712	1.0
a_conf[1,154]	0.6434	0.0004503	0.09195	0.09383	0.4613	0.6444	0.8187	41750.0	30930.0	2.187	1.0
a_conf[1,155]	0.214	0.000408	0.06723	0.06363	0.1102	0.2043	0.3693	26900.0	29180.0	1.409	1.0
a_conf[1,156]	0.3497	0.0008238	0.1404	0.1466	0.101	0.342	0.6409	27780.0	23120.0	1.455	1.0
a_conf[1,157]	0.2485	0.0005348	0.09401	0.0967	0.0964	0.2388	0.4531	28870.0	24730.0	1.512	1.0
a_conf[1,158]	0.2355	0.0005356	0.08306	0.0833	0.09587	0.2287	0.4167	22430.0	21530.0	1.175	1.0
a_conf[1,159]	0.3724	0.0005168	0.1101	0.1121	0.1782	0.3656	0.6029	44200.0	31320.0	2.316	1.0
a_conf[2,1]	0.4538	0.0003752	0.08294	0.08264	0.3001	0.4508	0.6262	48940.0	32150.0	2.564	1.0
a_conf[2,2]	0.5549	0.0004227	0.08519	0.08564	0.3933	0.5534	0.7247	40710.0	31140.0	2.133	1.0
a_conf[2,3]	0.4463	0.0004975	0.09802	0.09765	0.2742	0.439	0.6565	39320.0	29970.0	2.06	1.0
a_conf[2,4]	0.2375	0.0004083	0.07203	0.07067	0.1182	0.2305	0.3981	29310.0	27230.0	1.536	1.0
a_conf[2,5]	0.1308	0.0003308	0.04758	0.04372	0.06187	0.1228	0.2451	21010.0	26590.0	1.101	1.0
a_conf[2,6]	0.3532	0.0003785	0.07163	0.07186	0.227	0.3485	0.5066	35290.0	31740.0	1.849	1.0
a_conf[2,7]	0.3839	0.0004334	0.08234	0.08129	0.2354	0.3793	0.5581	36120.0	31490.0	1.892	1.0
a_conf[2,8]	0.4731	0.0005123	0.09098	0.09159	0.3082	0.4691	0.6639	31760.0	30050.0	1.664	0.9999
a_conf[2,9]	0.3581	0.00039	0.07199	0.07113	0.231	0.3534	0.5126	34400.0	31270.0	1.802	1.0
a_conf[2,10]	0.3409	0.000449	0.07871	0.07856	0.2044	0.3345	0.5112	30290.0	29710.0	1.587	1.0
a_conf[2,11]	0.3683	0.0004106	0.07903	0.07881	0.2203	0.3661	0.5291	36720.0	28430.0	1.924	1.0
a_conf[2,12]	0.329	0.000446	0.08078	0.0802	0.1888	0.3233	0.5038	32570.0	30230.0	1.707	1.0
a_conf[2,13]	0.4699	0.0004782	0.09519	0.09638	0.2943	0.4664	0.6649	39290.0	30630.0	2.059	1.0
a_conf[2,14]	0.2896	0.0004698	0.08162	0.07783	0.1586	0.2796	0.4789	30000.0	29970.0	1.572	1.0
a_conf[2,15]	0.3285	0.0004117	0.07712	0.07645	0.1923	0.3236	0.4932	34510.0	30190.0	1.808	1.0
a_conf[2,16]	0.3605	0.0003674	0.07227	0.07274	0.2261	0.3577	0.5102	38410.0	30630.0	2.012	1.0
a_conf[2,17]	0.5826	0.0004931	0.09929	0.1021	0.3952	0.5814	0.7798	40700.0	28830.0	2.132	1.0
a_conf[2,18]	0.4967	0.0004122	0.08187	0.08188	0.3453	0.4932	0.6661	39730.0	30970.0	2.081	1.0
a_conf[2,19]	0.2564	0.0003814	0.07182	0.07003	0.1364	0.2498	0.4147	34720.0	30850.0	1.819	1.0
a_conf[2,20]	0.4678	0.0005603	0.1016	0.1035	0.2808	0.4639	0.6768	32560.0	28310.0	1.706	1.0
a_conf[2,21]	0.4913	0.0004768	0.09758	0.09835	0.3076	0.4883	0.6888	41900.0	30750.0	2.195	1.0
a_conf[2,22]	0.2541	0.0003812	0.06723	0.0659	0.1422	0.2473	0.403	30420.0	31470.0	1.594	1.0
a_conf[2,23]	0.4265	0.0009629	0.1592	0.1715	0.1218	0.4294	0.7261	26630.0	19310.0	1.395	1.0
a_conf[2,24]	0.5661	0.0004778	0.09255	0.09449	0.3928	0.5634	0.7531	37910.0	29040.0	1.986	1.0
a_conf[2,25]	0.4229	0.000488	0.09141	0.09117	0.2564	0.4188	0.6156	34800.0	28210.0	1.823	1.0
a_conf[2,26]	0.438	0.0004229	0.0828	0.08217	0.2854	0.4343	0.6112	38350.0	32510.0	2.009	1.0
a_conf[2,27]	0.5532	0.0005557	0.1038	0.1052	0.3607	0.549	0.767	35110.0	29680.0	1.84	1.0
a_conf[2,28]	0.4983	0.0004731	0.09322	0.09369	0.3286	0.4937	0.6925	39330.0	31350.0	2.061	1.0
a_conf[2,29]	0.3461	0.0004005	0.07571	0.0755	0.2133	0.3409	0.5066	35440.0	31200.0	1.857	1.0
a_conf[2,30]	0.3632	0.0004349	0.07451	0.07358	0.2343	0.3578	0.5264	29880.0	28650.0	1.566	1.0
a_conf[2,31]	0.1248	0.0003173	0.05314	0.0499	0.04436	0.1167	0.2491	27100.0	28530.0	1.42	1.0
a_conf[2,32]	0.2897	0.0004763	0.08318	0.08242	0.1482	0.2823	0.4712	29630.0	27010.0	1.552	1.0
a_conf[2,33]	0.3838	0.0004399	0.08081	0.0793	0.246	0.3769	0.5624	34640.0	29440.0	1.815	1.0
a_conf[2,34]	0.3011	0.0009489	0.1291	0.133	0.0808	0.2915	0.5756	16780.0	13300.0	0.8793	1.0
a_conf[2,35]	0.3918	0.0003864	0.07624	0.07529	0.2589	0.3862	0.5568	39090.0	34710.0	2.048	1.0
a_conf[2,36]	0.5797	0.0004366	0.09271	0.094	0.4011	0.5786	0.7621	45090.0	31000.0	2.362	1.0
a_conf[2,37]	0.3569	0.0004331	0.07793	0.07756	0.2233	0.3504	0.5252	32580.0	30840.0	1.707	1.0
a_conf[2,38]	0.3601	0.0003973	0.07684	0.07621	0.2247	0.3544	0.5245	37670.0	30860.0	1.973	1.0
a_conf[2,39]	0.2685	0.0003305	0.06182	0.06067	0.1636	0.263	0.4052	34720.0	31660.0	1.819	1.0
a_conf[2,40]	0.5821	0.0004559	0.09213	0.09447	0.4068	0.5806	0.7653	40980.0	29940.0	2.147	1.0
a_conf[2,41]	0.1424	0.0004065	0.06778	0.06166	0.0444	0.1316	0.3046	26830.0	28010.0	1.406	1.0
a_conf[2,42]	0.5185	0.0005118	0.09312	0.09418	0.3461	0.515	0.7088	33070.0	31560.0	1.733	1.0
a_conf[2,43]	0.3223	0.0003922	0.07415	0.07365	0.1918	0.3171	0.4808	34980.0	29550.0	1.833	1.0
a_conf[2,44]	0.4656	0.0006527	0.1238	0.1281	0.2429	0.4603	0.7212	35220.0	28650.0	1.845	1.0
a_conf[2,45]	0.3637	0.0004497	0.08998	0.09033	0.2007	0.3593	0.5507	39680.0	29870.0	2.079	1.0
a_conf[2,46]	0.3437	0.0004085	0.07549	0.07532	0.2118	0.338	0.5066	33810.0	30600.0	1.771	1.0
a_conf[2,47]	0.3773	0.0003657	0.07268	0.07152	0.2501	0.3717	0.533	40450.0	30960.0	2.119	1.0
a_conf[2,48]	0.3556	0.0006735	0.1344	0.1391	0.1235	0.3459	0.6381	39640.0	29550.0	2.077	1.0
a_conf[2,49]	0.1658	0.0004834	0.07565	0.06364	0.06482	0.1497	0.3611	24180.0	28350.0	1.267	1.0
a_conf[2,50]	0.2369	0.0005508	0.09128	0.0882	0.09446	0.225	0.4468	25780.0	24760.0	1.35	1.0
a_conf[2,51]	0.3062	0.0006791	0.1347	0.1371	0.08408	0.2935	0.5991	38140.0	27380.0	1.998	1.0
a_conf[2,52]	0.5522	0.0005403	0.09969	0.1014	0.3656	0.5493	0.7543	34180.0	30280.0	1.791	1.0
a_conf[2,53]	0.4247	0.0003881	0.07413	0.07399	0.289	0.4214	0.5785	36970.0	30910.0	1.937	1.0
a_conf[2,54]	0.3045	0.0005358	0.09853	0.09829	0.1386	0.2962	0.5182	32080.0	26370.0	1.681	1.0
a_conf[2,55]	0.1799	0.0004774	0.0739	0.06936	0.06235	0.1704	0.3507	23160.0	25610.0	1.213	1.0
a_conf[2,56]	0.1007	0.0002007	0.04176	0.04106	0.0339	0.09601	0.1947	42600.0	29520.0	2.232	1.0
a_conf[2,57]	0.6094	0.0004673	0.1034	0.1063	0.4027	0.6112	0.8039	48810.0	30850.0	2.557	1.0
a_conf[2,58]	0.48	0.0004639	0.09649	0.09742	0.3062	0.4753	0.6823	43580.0	30390.0	2.284	1.0
a_conf[2,59]	0.338	0.0004845	0.08344	0.08307	0.1946	0.3316	0.5176	29230.0	30500.0	1.531	1.0
a_conf[2,60]	0.3585	0.0006989	0.1087	0.1105	0.1735	0.3498	0.5924	23110.0	25050.0	1.211	1.0
a_conf[2,61]	0.404	0.0005455	0.09818	0.09847	0.2394	0.3949	0.6181	32440.0	29370.0	1.7	1.0
a_conf[2,62]	0.4657	0.0003755	0.08256	0.08256	0.3148	0.4619	0.6371	48920.0	31930.0	2.563	1.0
a_conf[2,63]	0.3231	0.0003666	0.07287	0.07225	0.1963	0.3176	0.4808	38900.0	31960.0	2.038	1.0
a_conf[2,64]	0.3144	0.0004917	0.08797	0.08845	0.159	0.3096	0.5013	30760.0	25410.0	1.612	1.0
a_conf[2,65]	0.1796	0.0007138	0.1107	0.09552	0.03933	0.1534	0.4587	22570.0	27320.0	1.182	1.0
a_conf[2,66]	0.5161	0.0004268	0.08958	0.0909	0.3521	0.5124	0.7012	44500.0	31240.0	2.332	1.0
a_conf[2,67]	0.4317	0.0005198	0.1014	0.1035	0.2446	0.4287	0.6364	37350.0	28800.0	1.957	1.0
a_conf[2,68]	0.3801	0.0003343	0.07074	0.07038	0.2548	0.3758	0.5303	45070.0	33610.0	2.362	1.0
a_conf[2,69]	0.3717	0.0003928	0.0759	0.07602	0.2368	0.367	0.5328	37160.0	31270.0	1.947	1.0
a_conf[2,70]	0.4945	0.0004962	0.096	0.09738	0.3191	0.4907	0.6913	37760.0	29340.0	1.978	1.0
a_conf[2,71]	0.5568	0.0005177	0.1028	0.1048	0.3555	0.5573	0.7576	39360.0	28550.0	2.062	1.0
a_conf[2,72]	0.3488	0.0004429	0.08462	0.08451	0.1975	0.344	0.5264	35880.0	29300.0	1.88	1.0
a_conf[2,73]	0.1902	0.0003677	0.07363	0.07453	0.06315	0.185	0.3477	37870.0	27570.0	1.984	1.0
a_conf[2,74]	0.1058	0.0002911	0.04966	0.04508	0.03414	0.09748	0.2252	27460.0	27100.0	1.439	1.0
a_conf[2,75]	0.2504	0.0005968	0.0979	0.09813	0.08595	0.2416	0.4657	25100.0	22930.0	1.315	1.0
a_conf[2,76]	0.3062	0.0005225	0.09719	0.09805	0.1324	0.301	0.5077	33000.0	23710.0	1.729	1.0
a_conf[2,77]	0.147	0.0003756	0.05721	0.05374	0.05986	0.1388	0.2816	22660.0	27520.0	1.187	1.0
a_conf[2,78]	0.09192	0.0002652	0.04423	0.04092	0.02758	0.08479	0.1974	26040.0	27680.0	1.365	1.0
a_conf[2,79]	0.2871	0.0005357	0.09156	0.09128	0.1345	0.2787	0.4885	27500.0	22750.0	1.441	1.0
a_conf[2,80]	0.332	0.0004872	0.07936	0.07913	0.197	0.3253	0.5042	26160.0	26670.0	1.37	1.0
a_conf[2,81]	0.4935	0.0003568	0.08239	0.08236	0.3411	0.4903	0.6639	53500.0	32210.0	2.803	1.0
a_conf[2,82]	0.3597	0.0005345	0.09284	0.09559	0.1873	0.3574	0.5482	29420.0	25590.0	1.541	1.0
a_conf[2,83]	0.4227	0.0004229	0.08496	0.08459	0.2656	0.4194	0.599	40240.0	31040.0	2.108	1.0
a_conf[2,84]	0.5207	0.0004775	0.09172	0.09268	0.3497	0.5184	0.7076	36720.0	31560.0	1.924	1.0
a_conf[2,85]	0.299	0.0003325	0.06201	0.06135	0.1909	0.2942	0.4326	34850.0	31960.0	1.826	1.0
a_conf[2,86]	0.3292	0.0004555	0.08315	0.08194	0.1847	0.3225	0.5084	33000.0	30140.0	1.729	1.0
a_conf[2,87]	0.4287	0.0004462	0.08719	0.08763	0.2719	0.4244	0.6105	38550.0	30630.0	2.02	1.0
a_conf[2,88]	0.4385	0.0005272	0.09647	0.09793	0.2638	0.4342	0.6391	33290.0	30090.0	1.744	1.0
a_conf[2,89]	0.3213	0.0005107	0.08685	0.08689	0.1717	0.3148	0.5087	28330.0	28310.0	1.484	1.0
a_conf[2,90]	0.4195	0.0006519	0.1046	0.1059	0.2284	0.4152	0.6346	25140.0	24750.0	1.317	1.0
a_conf[2,91]	0.2537	0.0004403	0.08119	0.0793	0.1212	0.2449	0.4356	33190.0	29720.0	1.739	1.0
a_conf[2,92]	0.313	0.0003981	0.076	0.07516	0.1777	0.3079	0.475	35590.0	28750.0	1.865	1.0
a_conf[2,93]	0.3213	0.0004282	0.07958	0.08005	0.1815	0.3162	0.4899	33550.0	30550.0	1.758	1.0
a_conf[2,94]	0.4151	0.0004469	0.08373	0.08437	0.2654	0.4108	0.5907	34780.0	30450.0	1.822	1.0
a_conf[2,95]	0.333	0.0003558	0.06743	0.0671	0.213	0.3291	0.4761	35770.0	31690.0	1.874	1.0
a_conf[2,96]	0.3908	0.0005828	0.1115	0.1109	0.1843	0.3864	0.6227	35500.0	24510.0	1.86	1.0
a_conf[2,97]	0.4777	0.0005422	0.1024	0.105	0.2876	0.4746	0.6852	35300.0	30060.0	1.849	1.0
a_conf[2,98]	0.347	0.0003645	0.07022	0.06898	0.2224	0.3429	0.4976	37590.0	30470.0	1.969	1.0
a_conf[2,99]	0.2619	0.0004655	0.0801	0.07924	0.1266	0.2548	0.4374	28090.0	27330.0	1.472	1.0
a_conf[2,100]	0.3191	0.0004239	0.07344	0.07375	0.1878	0.3147	0.4731	29920.0	29650.0	1.567	1.0
a_conf[2,101]	0.2979	0.0004912	0.08305	0.08216	0.1518	0.2919	0.4751	27320.0	25060.0	1.432	1.0
a_conf[2,102]	0.464	0.0004761	0.0937	0.09403	0.2902	0.4606	0.6553	38750.0	30240.0	2.03	1.0
a_conf[2,103]	0.2609	0.000521	0.08906	0.08856	0.1147	0.2519	0.4603	27070.0	24080.0	1.419	1.0
a_conf[2,104]	0.2601	0.0003359	0.06068	0.06008	0.1543	0.2557	0.3903	31910.0	29960.0	1.672	1.0
a_conf[2,105]	0.5838	0.000509	0.1029	0.1046	0.3788	0.5849	0.7799	40880.0	28950.0	2.142	1.0
a_conf[2,106]	0.2582	0.0008534	0.142	0.1462	0.04762	0.2383	0.58	23900.0	21350.0	1.252	1.0
a_conf[2,107]	0.477	0.0005885	0.1047	0.1045	0.2803	0.475	0.6908	31340.0	29460.0	1.642	1.0
a_conf[2,108]	0.3339	0.0004297	0.08123	0.08174	0.1886	0.3292	0.5057	34860.0	29460.0	1.826	1.0
a_conf[2,109]	0.2731	0.0003971	0.07251	0.07083	0.151	0.2663	0.4348	32690.0	29310.0	1.712	1.0
a_conf[2,110]	0.4393	0.0007066	0.1117	0.1144	0.2393	0.4334	0.6702	24640.0	26360.0	1.291	1.0
a_conf[2,111]	0.4867	0.0003828	0.08338	0.08382	0.3323	0.4842	0.6582	48130.0	32280.0	2.522	1.0
a_conf[2,112]	0.3787	0.0005236	0.09215	0.09275	0.2175	0.3721	0.5763	30440.0	29600.0	1.595	1.0
a_conf[2,113]	0.3542	0.0003597	0.07358	0.07416	0.219	0.3515	0.5047	41260.0	29700.0	2.162	1.0
a_conf[2,114]	0.5281	0.0004564	0.09054	0.09091	0.3617	0.524	0.7141	39710.0	29550.0	2.081	1.0
a_conf[2,115]	0.334	0.0003935	0.07991	0.07982	0.187	0.3304	0.4994	40140.0	25860.0	2.103	1.0
a_conf[2,116]	0.3689	0.0004359	0.08006	0.08053	0.2266	0.3639	0.5383	33200.0	29580.0	1.739	1.0
a_conf[2,117]	0.378	0.0004778	0.08405	0.0845	0.228	0.3731	0.5543	30750.0	30710.0	1.611	1.0
a_conf[2,118]	0.4146	0.0004142	0.08465	0.08397	0.263	0.4101	0.5932	41750.0	32530.0	2.188	1.0
a_conf[2,119]	0.2236	0.0004123	0.0772	0.07521	0.09723	0.2153	0.3964	33180.0	27350.0	1.738	1.0
a_conf[2,120]	0.4489	0.0005817	0.1024	0.1038	0.2686	0.442	0.6644	30970.0	31140.0	1.623	1.0
a_conf[2,121]	0.2914	0.0004946	0.08638	0.08606	0.1377	0.2865	0.4762	29610.0	25870.0	1.552	1.0
a_conf[2,122]	0.1733	0.000408	0.06322	0.05669	0.08101	0.1628	0.328	24050.0	27950.0	1.26	1.0
a_conf[2,123]	0.2992	0.0006597	0.11	0.1107	0.1208	0.2876	0.5431	25380.0	24220.0	1.33	1.0
a_conf[2,124]	0.3686	0.0004232	0.0805	0.08098	0.2248	0.3641	0.5377	35750.0	30290.0	1.873	1.0
a_conf[2,125]	0.3852	0.0005893	0.09755	0.09866	0.2128	0.3793	0.5922	26850.0	25830.0	1.407	1.0
a_conf[2,126]	0.3588	0.000433	0.08058	0.08131	0.2123	0.3549	0.5261	34350.0	29640.0	1.8	1.0
a_conf[2,127]	0.2931	0.0006169	0.1216	0.1217	0.09541	0.2803	0.5643	38300.0	29380.0	2.007	1.0
a_conf[2,128]	0.397	0.0003717	0.0753	0.07487	0.26	0.3936	0.5562	41170.0	30550.0	2.157	1.0
a_conf[2,129]	0.3996	0.0003955	0.08242	0.08179	0.2514	0.3945	0.575	43480.0	31980.0	2.278	1.0
a_conf[2,130]	0.3731	0.0004958	0.08521	0.0845	0.2272	0.3662	0.5596	29730.0	28220.0	1.558	1.0
a_conf[2,131]	0.2082	0.0002507	0.05291	0.05222	0.1177	0.2041	0.3235	44870.0	32280.0	2.351	1.0
a_conf[2,132]	0.3239	0.000668	0.1336	0.134	0.109	0.3078	0.6237	38540.0	25850.0	2.019	1.0
a_conf[2,133]	0.2935	0.0009039	0.1385	0.1413	0.08005	0.2765	0.6054	21000.0	20660.0	1.1	1.0
a_conf[2,134]	0.4763	0.0004849	0.09478	0.09548	0.3054	0.4715	0.6756	38280.0	31240.0	2.006	1.0
a_conf[2,135]	0.4715	0.0005572	0.11	0.1123	0.2589	0.4714	0.6875	38830.0	28190.0	2.035	1.0
a_conf[2,136]	0.3843	0.0004374	0.08523	0.08496	0.2299	0.3803	0.5639	37560.0	30070.0	1.968	1.0
a_conf[2,137]	0.2594	0.000466	0.07998	0.07784	0.1285	0.2508	0.4386	28040.0	26340.0	1.469	1.0
a_conf[2,138]	0.3622	0.0004328	0.0769	0.07646	0.2282	0.3564	0.5272	31430.0	29590.0	1.647	1.0
a_conf[2,139]	0.2672	0.0003917	0.06795	0.06668	0.1538	0.2607	0.4166	29700.0	28990.0	1.556	1.0
a_conf[2,140]	0.3843	0.0005051	0.08851	0.08625	0.234	0.3758	0.5791	31010.0	29770.0	1.625	1.0
a_conf[2,141]	0.4652	0.0006195	0.1115	0.1123	0.2546	0.4625	0.69	31890.0	27860.0	1.671	1.0
a_conf[2,142]	0.332	0.0004102	0.07479	0.07463	0.2011	0.3273	0.4923	33200.0	29860.0	1.74	1.0
a_conf[2,143]	0.1624	0.000356	0.05838	0.05416	0.07494	0.1535	0.3002	26760.0	29100.0	1.402	1.0
a_conf[2,144]	0.3766	0.0003511	0.07568	0.07568	0.2387	0.3728	0.5348	46510.0	29820.0	2.437	1.0
a_conf[2,145]	0.2911	0.0005599	0.09167	0.09658	0.1381	0.2841	0.4843	26090.0	29060.0	1.367	1.0
a_conf[2,146]	0.4498	0.0004406	0.08667	0.08719	0.2899	0.4466	0.6279	38510.0	29530.0	2.017	1.0
a_conf[2,147]	0.3155	0.0004898	0.08441	0.08227	0.1725	0.3076	0.5025	29280.0	29080.0	1.534	1.0
a_conf[2,148]	0.3181	0.000327	0.06386	0.06291	0.2053	0.3141	0.4541	37940.0	32950.0	1.988	1.0
a_conf[2,149]	0.3343	0.0004644	0.08606	0.08539	0.1825	0.3281	0.5171	34160.0	31730.0	1.79	1.0
a_conf[2,150]	0.157	0.0005706	0.09139	0.07694	0.03701	0.1376	0.3879	26880.0	25770.0	1.408	1.0
a_conf[2,151]	0.4631	0.0005022	0.1019	0.1028	0.28	0.4578	0.6758	41070.0	30840.0	2.152	1.0
a_conf[2,152]	0.2844	0.000377	0.07061	0.06858	0.1645	0.2777	0.4399	34620.0	31680.0	1.814	1.0
a_conf[2,153]	0.217	0.0003672	0.05981	0.05846	0.1194	0.2108	0.3514	26330.0	28710.0	1.38	1.0
a_conf[2,154]	0.5561	0.0004755	0.09388	0.09472	0.3819	0.5532	0.7497	39490.0	29540.0	2.069	1.0
a_conf[2,155]	0.3481	0.0003975	0.07825	0.07828	0.2102	0.3432	0.514	38230.0	29770.0	2.003	1.0
a_conf[2,156]	0.4347	0.0004384	0.09006	0.0908	0.2743	0.4295	0.6235	42440.0	33820.0	2.224	1.0
a_conf[2,157]	0.2824	0.0003995	0.07698	0.07583	0.1513	0.2763	0.4519	35600.0	28080.0	1.865	1.0
a_conf[2,158]	0.2035	0.0003545	0.06336	0.06122	0.09991	0.1968	0.3459	31030.0	29960.0	1.626	1.0
a_conf[2,159]	0.3774	0.0007145	0.1433	0.1502	0.123	0.3704	0.6708	39380.0	26760.0	2.063	1.0
a_disc[1,1]	0.07145	0.000135	0.02714	0.02792	0.02084	0.07094	0.126	38380.0	23040.0	2.011	1.0
a_disc[1,2]	0.098	0.0001709	0.03542	0.03563	0.03535	0.09582	0.1729	40840.0	25640.0	2.14	1.0
a_disc[1,3]	0.1239	0.0001651	0.03288	0.03286	0.06321	0.1226	0.1917	38970.0	29130.0	2.042	1.0
a_disc[1,4]	0.08894	0.0001653	0.03412	0.03309	0.0319	0.08542	0.1644	41490.0	27520.0	2.174	1.0
a_disc[1,5]	0.02489	4.764e-05	0.01059	0.01066	0.006822	0.02407	0.04764	47030.0	28460.0	2.464	1.0
a_disc[1,6]	0.1065	0.0001138	0.0275	0.02708	0.05302	0.1064	0.1615	57640.0	26100.0	3.02	1.0
a_disc[1,7]	0.052	0.0001094	0.02577	0.02577	0.0114	0.04884	0.1099	50340.0	24360.0	2.638	1.0
a_disc[1,8]	0.2187	0.0001421	0.03422	0.03417	0.1527	0.2183	0.2869	57560.0	29510.0	3.016	1.0
a_disc[1,9]	0.06712	0.0001013	0.02134	0.0214	0.0277	0.0665	0.1109	42620.0	24460.0	2.233	1.0
a_disc[1,10]	0.1704	0.0001215	0.02568	0.02568	0.1225	0.1696	0.2229	44840.0	34690.0	2.349	1.0
a_disc[1,11]	0.1976	0.0001636	0.03564	0.03544	0.1316	0.1963	0.2707	47280.0	33570.0	2.477	1.0
a_disc[1,12]	0.1453	0.0001856	0.04196	0.04109	0.06664	0.1438	0.2327	49720.0	24360.0	2.605	1.0
a_disc[1,13]	0.06022	0.000116	0.02398	0.02521	0.01611	0.05979	0.1074	41010.0	24050.0	2.148	1.0
a_disc[1,14]	0.04465	0.0001588	0.02803	0.02434	0.00853	0.03866	0.1145	31010.0	28910.0	1.625	1.0
a_disc[1,15]	0.1193	0.0002299	0.0439	0.04373	0.04055	0.117	0.2119	34720.0	23640.0	1.819	1.0
a_disc[1,16]	0.03417	4.22e-05	0.01007	0.009966	0.01515	0.03391	0.05481	55510.0	28510.0	2.908	1.0
a_disc[1,17]	0.05795	0.0001134	0.02578	0.02625	0.01511	0.05563	0.1137	47100.0	25180.0	2.468	1.0
a_disc[1,18]	0.05006	0.0001218	0.02482	0.024	0.0123	0.04658	0.1067	39040.0	25900.0	2.045	1.0
a_disc[1,19]	0.07888	0.0002108	0.03877	0.03675	0.02086	0.07304	0.1703	33170.0	28590.0	1.738	1.0
a_disc[1,20]	0.1634	0.0001478	0.037	0.03646	0.0944	0.1623	0.2395	62260.0	29280.0	3.262	1.0
a_disc[1,21]	0.06383	0.0001301	0.02795	0.02723	0.01913	0.06061	0.1273	44760.0	25430.0	2.345	1.0
a_disc[1,22]	0.1885	0.0002476	0.04577	0.04631	0.1035	0.1874	0.2812	33900.0	29790.0	1.776	1.0
a_disc[1,23]	0.04233	0.0001298	0.02966	0.0253	0.005594	0.03556	0.1181	56490.0	28830.0	2.96	1.0
a_disc[1,24]	0.0585	0.0001236	0.02375	0.02308	0.01921	0.05611	0.1113	35060.0	25150.0	1.837	1.0
a_disc[1,25]	0.1671	0.0002038	0.0436	0.0437	0.08664	0.1653	0.2574	44750.0	27950.0	2.344	1.0
a_disc[1,26]	0.1098	0.0001389	0.02982	0.02986	0.05231	0.1097	0.1689	45340.0	25110.0	2.376	1.0
a_disc[1,27]	0.1692	0.0001103	0.02547	0.02543	0.1199	0.1691	0.2196	53320.0	32390.0	2.794	1.0
a_disc[1,28]	0.06585	7.509e-05	0.01744	0.01756	0.03183	0.06561	0.1	53210.0	25310.0	2.788	1.0
a_disc[1,29]	0.1324	0.0001949	0.03753	0.03793	0.06234	0.1314	0.209	36250.0	24450.0	1.899	1.0
a_disc[1,30]	0.1252	0.0001373	0.02973	0.02958	0.06909	0.1244	0.1856	46070.0	28230.0	2.414	1.0
a_disc[1,31]	0.0167	4.553e-05	0.01007	0.00905	0.00312	0.01472	0.04142	47540.0	27170.0	2.491	1.0
a_disc[1,32]	0.1029	0.0001765	0.04062	0.04039	0.03079	0.1003	0.1894	48610.0	23530.0	2.547	1.0
a_disc[1,33]	0.1362	0.0001106	0.02399	0.0241	0.08998	0.136	0.1836	46960.0	27590.0	2.46	1.0
a_disc[1,34]	0.01367	3.426e-05	0.008272	0.007738	0.002212	0.0122	0.0336	57880.0	28810.0	3.033	1.0
a_disc[1,35]	0.1323	0.0003786	0.06286	0.06	0.03714	0.1229	0.2796	26680.0	25820.0	1.398	1.0
a_disc[1,36]	0.08318	0.0002138	0.04165	0.04051	0.01914	0.07752	0.1786	35980.0	26970.0	1.885	1.0
a_disc[1,37]	0.1966	0.000164	0.0337	0.0335	0.1327	0.1957	0.2647	42010.0	31490.0	2.201	1.0
a_disc[1,38]	0.08233	0.0001196	0.02799	0.0286	0.03104	0.08121	0.1402	51700.0	24800.0	2.709	1.0
a_disc[1,39]	0.05681	0.0001249	0.02613	0.02543	0.01515	0.05371	0.1162	39850.0	26470.0	2.088	1.0
a_disc[1,40]	0.2386	0.0001535	0.03513	0.03509	0.1709	0.2383	0.308	52370.0	32820.0	2.744	1.0
a_disc[1,41]	0.03844	0.0001059	0.02316	0.02188	0.005974	0.03439	0.09287	45200.0	27590.0	2.368	1.0
a_disc[1,42]	0.1484	0.0001673	0.03473	0.03433	0.07827	0.1488	0.2155	43690.0	23900.0	2.289	1.0
a_disc[1,43]	0.1131	0.0002279	0.04527	0.04641	0.03232	0.111	0.2082	37230.0	25090.0	1.951	1.0
a_disc[1,44]	0.05092	0.0001589	0.03473	0.03101	0.006519	0.04344	0.1372	47870.0	28910.0	2.508	1.0
a_disc[1,45]	0.1074	0.000198	0.03809	0.03694	0.04416	0.1034	0.1922	36760.0	29610.0	1.926	1.0
a_disc[1,46]	0.1071	0.0001536	0.03384	0.03401	0.04441	0.1061	0.1764	46320.0	24240.0	2.427	1.0
a_disc[1,47]	0.1058	0.0002105	0.03598	0.03592	0.04276	0.1033	0.183	27950.0	25830.0	1.464	1.0
a_disc[1,48]	0.06844	0.0001647	0.04074	0.03978	0.01005	0.06184	0.1635	60850.0	28490.0	3.188	1.0
a_disc[1,49]	0.03243	9.914e-05	0.02038	0.01994	0.003952	0.02901	0.08033	37730.0	26970.0	1.977	1.0
a_disc[1,50]	0.0655	0.0001975	0.03968	0.03459	0.01244	0.05773	0.1617	43590.0	28350.0	2.284	1.0
a_disc[1,51]	0.03794	0.0001096	0.02571	0.02206	0.005093	0.03253	0.1021	65400.0	28480.0	3.427	1.0
a_disc[1,52]	0.106	5.805e-05	0.01398	0.01377	0.07939	0.1057	0.1343	57770.0	34620.0	3.026	1.0
a_disc[1,53]	0.1969	0.0002292	0.04671	0.04646	0.1091	0.1957	0.2922	40860.0	27790.0	2.141	1.0
a_disc[1,54]	0.08003	0.0002384	0.04953	0.04442	0.01328	0.07046	0.2018	43780.0	28390.0	2.294	0.9999
a_disc[1,55]	0.01537	4.751e-05	0.01066	0.009168	0.002012	0.01296	0.04241	52420.0	27650.0	2.746	1.0
a_disc[1,56]	0.00497	1.511e-05	0.003549	0.003038	0.0005933	0.00415	0.0139	57470.0	28170.0	3.011	1.0
a_disc[1,57]	0.1074	0.0001797	0.04238	0.04285	0.03337	0.1044	0.1979	50990.0	25360.0	2.671	1.0
a_disc[1,58]	0.09901	0.0001407	0.03076	0.03064	0.04118	0.09809	0.1616	45690.0	24550.0	2.394	1.0
a_disc[1,59]	0.02311	7.906e-05	0.01667	0.01447	0.002635	0.01921	0.06479	44880.0	28320.0	2.351	1.0
a_disc[1,60]	0.1265	0.0001468	0.03309	0.03306	0.06616	0.1249	0.1952	49350.0	27060.0	2.586	1.0
a_disc[1,61]	0.1306	0.0001303	0.03175	0.03148	0.07062	0.1298	0.195	58120.0	26260.0	3.045	1.0
a_disc[1,62]	0.1165	0.0002277	0.0407	0.03992	0.04647	0.1128	0.2059	31170.0	26880.0	1.633	1.0
a_disc[1,63]	0.05961	0.0002097	0.03834	0.03706	0.007026	0.05249	0.1507	31930.0	29600.0	1.673	1.0
a_disc[1,64]	0.08102	0.000227	0.04867	0.04865	0.01099	0.0733	0.1939	41170.0	27660.0	2.157	1.0
a_disc[1,65]	0.06033	0.000241	0.046	0.03655	0.006983	0.04878	0.1785	44070.0	28460.0	2.309	1.0
a_disc[1,66]	0.09638	0.0002418	0.04554	0.04333	0.02601	0.09021	0.203	33700.0	26230.0	1.766	1.0
a_disc[1,67]	0.05216	0.000216	0.04125	0.03479	0.004333	0.04128	0.1578	35820.0	29410.0	1.877	1.0
a_disc[1,68]	0.1266	0.0001986	0.03843	0.03868	0.05658	0.1247	0.2065	36000.0	24200.0	1.886	1.0
a_disc[1,69]	0.1877	0.0002401	0.05028	0.04973	0.09318	0.1862	0.2902	42750.0	25840.0	2.24	1.0
a_disc[1,70]	0.0919	8.679e-05	0.02234	0.02222	0.04949	0.09151	0.1375	64340.0	25070.0	3.371	1.0
a_disc[1,71]	0.08241	0.0001431	0.03144	0.03212	0.02611	0.08095	0.1477	46100.0	27000.0	2.415	1.0
a_disc[1,72]	0.07411	0.0001743	0.03645	0.03708	0.01473	0.07069	0.1541	39700.0	24730.0	2.08	1.0
a_disc[1,73]	0.006242	2.114e-05	0.00465	0.003884	0.0007045	0.005083	0.01811	50030.0	27790.0	2.621	1.0
a_disc[1,74]	0.03929	9.106e-05	0.02115	0.02066	0.007492	0.03631	0.08788	50610.0	28060.0	2.652	1.0
a_disc[1,75]	0.04577	0.0001003	0.0245	0.02316	0.009656	0.04217	0.1032	57870.0	28120.0	3.032	1.0
a_disc[1,76]	0.07942	0.0001746	0.03996	0.03841	0.017	0.07426	0.1714	48840.0	25920.0	2.559	1.0
a_disc[1,77]	0.1059	0.0001823	0.03967	0.04008	0.03447	0.104	0.1896	44610.0	24360.0	2.337	1.0
a_disc[1,78]	0.01045	3.198e-05	0.007247	0.00626	0.001387	0.008841	0.02866	53080.0	28120.0	2.781	1.0
a_disc[1,79]	0.06351	0.0001451	0.03448	0.03439	0.01109	0.05899	0.1424	49580.0	26160.0	2.598	1.0
a_disc[1,80]	0.1211	9.992e-05	0.02276	0.02253	0.07797	0.1206	0.1676	52350.0	28950.0	2.743	1.0
a_disc[1,81]	0.09501	0.0002056	0.04395	0.04391	0.02253	0.09108	0.1917	41860.0	24720.0	2.193	1.0
a_disc[1,82]	0.1733	0.0002008	0.04119	0.04105	0.09779	0.1721	0.2581	41500.0	29170.0	2.174	1.0
a_disc[1,83]	0.03239	6.871e-05	0.01678	0.01666	0.006638	0.03017	0.07056	54260.0	27260.0	2.843	1.0
a_disc[1,84]	0.1399	0.0001524	0.03476	0.03471	0.07399	0.1389	0.2099	51150.0	28760.0	2.68	1.0
a_disc[1,85]	0.1321	0.0001238	0.02692	0.02658	0.0807	0.1316	0.1869	46880.0	27410.0	2.456	1.0
a_disc[1,86]	0.1246	0.0001684	0.03784	0.03748	0.05685	0.1222	0.205	48740.0	26570.0	2.554	1.0
a_disc[1,87]	0.08672	0.0001359	0.02838	0.02842	0.03514	0.08531	0.1456	41950.0	26570.0	2.198	1.0
a_disc[1,88]	0.1077	0.0001487	0.03174	0.03159	0.0481	0.1066	0.173	43810.0	22440.0	2.296	1.0
a_disc[1,89]	0.1387	0.0001601	0.03607	0.03561	0.06729	0.1388	0.2097	50910.0	24910.0	2.667	1.0
a_disc[1,90]	0.1696	0.0001832	0.04299	0.04259	0.08721	0.1689	0.2566	54370.0	28080.0	2.849	1.0
a_disc[1,91]	0.05465	0.0002267	0.03972	0.03052	0.008484	0.04487	0.1603	33420.0	28560.0	1.751	1.0
a_disc[1,92]	0.03376	9.437e-05	0.02139	0.02014	0.004674	0.02969	0.08542	50330.0	29260.0	2.637	1.0
a_disc[1,93]	0.03539	9.446e-05	0.02194	0.01992	0.005752	0.03109	0.08954	54960.0	28620.0	2.88	1.0
a_disc[1,94]	0.1363	0.0001138	0.028	0.02777	0.08522	0.135	0.1948	59990.0	29630.0	3.143	1.0
a_disc[1,95]	0.09168	9.58e-05	0.02244	0.02238	0.04904	0.09127	0.1369	53800.0	24590.0	2.819	1.0
a_disc[1,96]	0.0452	0.0001584	0.0335	0.02722	0.005522	0.037	0.1314	52480.0	29750.0	2.75	1.0
a_disc[1,97]	0.1564	0.0001524	0.03684	0.03655	0.08826	0.1549	0.2324	56990.0	25880.0	2.986	1.0
a_disc[1,98]	0.03749	8.748e-05	0.01734	0.01638	0.0109	0.03508	0.07783	37950.0	26670.0	1.988	1.0
a_disc[1,99]	0.125	0.0003839	0.07215	0.06962	0.02062	0.1136	0.2949	33350.0	26220.0	1.747	1.0
a_disc[1,100]	0.01523	4.71e-05	0.01034	0.009291	0.001918	0.01306	0.04105	46470.0	25850.0	2.435	1.0
a_disc[1,101]	0.06069	0.0001258	0.02766	0.02663	0.0167	0.0573	0.1242	46420.0	27280.0	2.432	1.0
a_disc[1,102]	0.1003	0.0001568	0.03386	0.03383	0.03877	0.09871	0.1706	44160.0	24240.0	2.314	1.0
a_disc[1,103]	0.07887	0.0002059	0.03915	0.03662	0.02007	0.07303	0.1709	36050.0	27150.0	1.889	1.0
a_disc[1,104]	0.07415	0.0001143	0.0248	0.02438	0.03067	0.07244	0.1281	44870.0	26530.0	2.351	1.0
a_disc[1,105]	0.07849	0.0001857	0.04146	0.04119	0.01534	0.07302	0.1737	44690.0	26350.0	2.342	1.0
a_disc[1,106]	0.08748	0.0003453	0.07018	0.05455	0.008674	0.06833	0.2722	50470.0	29300.0	2.644	1.0
a_disc[1,107]	0.01891	5.237e-05	0.01243	0.01124	0.002724	0.01631	0.04961	55370.0	28500.0	2.901	1.0
a_disc[1,108]	0.05776	0.0001337	0.02969	0.02888	0.01236	0.05364	0.1266	46040.0	25770.0	2.412	1.0
a_disc[1,109]	0.1036	0.0001312	0.03144	0.03147	0.04583	0.1022	0.1687	54670.0	25120.0	2.864	1.0
a_disc[1,110]	0.1378	0.0001426	0.0325	0.03233	0.07712	0.1367	0.2044	50910.0	28790.0	2.667	1.0
a_disc[1,111]	0.1054	0.0001735	0.03544	0.03457	0.04298	0.1027	0.1824	39880.0	24300.0	2.089	1.0
a_disc[1,112]	0.1078	0.0001293	0.02915	0.0289	0.05427	0.1065	0.1684	49530.0	26250.0	2.595	1.0
a_disc[1,113]	0.1486	0.0001456	0.03481	0.03444	0.08271	0.1478	0.2195	56560.0	28010.0	2.963	1.0
a_disc[1,114]	0.1364	0.0001698	0.03393	0.03389	0.07202	0.1357	0.2051	39340.0	23810.0	2.061	1.0
a_disc[1,115]	0.06437	0.0001652	0.03192	0.02892	0.01761	0.05932	0.1411	37610.0	28010.0	1.971	1.0
a_disc[1,116]	0.1318	0.0001502	0.03345	0.03314	0.06909	0.1309	0.2001	48520.0	27010.0	2.542	1.0
a_disc[1,117]	0.03527	6.719e-05	0.01617	0.0159	0.009242	0.03354	0.07169	54640.0	27510.0	2.863	1.0
a_disc[1,118]	0.08231	0.0001759	0.03881	0.03904	0.02032	0.07818	0.1693	44580.0	25570.0	2.336	1.0
a_disc[1,119]	0.1371	0.0001933	0.04521	0.04373	0.05671	0.1342	0.234	52390.0	24990.0	2.745	0.9999
a_disc[1,120]	0.05123	9.274e-05	0.02149	0.02178	0.01452	0.04956	0.09768	50170.0	27000.0	2.629	1.0
a_disc[1,121]	0.03532	6.267e-05	0.01601	0.01594	0.00863	0.03389	0.07042	59750.0	26380.0	3.131	1.0
a_disc[1,122]	0.07896	0.0002351	0.03737	0.03342	0.02435	0.07297	0.1685	25510.0	26590.0	1.337	1.0
a_disc[1,123]	0.05638	0.0002098	0.03966	0.03252	0.008247	0.04702	0.1582	37740.0	27870.0	1.977	1.0
a_disc[1,124]	0.03035	6.632e-05	0.01504	0.0145	0.007347	0.02835	0.06515	48180.0	25380.0	2.524	1.0
a_disc[1,125]	0.1302	9.514e-05	0.02378	0.02368	0.08434	0.1299	0.1775	61920.0	27530.0	3.244	1.0
a_disc[1,126]	0.1002	0.0001569	0.03365	0.03385	0.03934	0.09872	0.1706	44070.0	26470.0	2.309	1.0
a_disc[1,127]	0.189	0.0002978	0.06684	0.0664	0.06243	0.1876	0.3251	48620.0	26600.0	2.547	1.0
a_disc[1,128]	0.1225	0.0001253	0.02747	0.02709	0.07102	0.1216	0.1784	47440.0	26800.0	2.485	1.0
a_disc[1,129]	0.1105	0.0001757	0.03604	0.03605	0.04391	0.1093	0.1849	40380.0	24040.0	2.116	1.0
a_disc[1,130]	0.1108	0.0001455	0.0294	0.02898	0.05767	0.1092	0.1732	40730.0	30750.0	2.134	1.0
a_disc[1,131]	0.03531	0.0001304	0.02534	0.0232	0.003433	0.02964	0.09809	33550.0	25540.0	1.758	1.0
a_disc[1,132]	0.06667	0.0002486	0.05136	0.04044	0.007635	0.05352	0.201	51400.0	29670.0	2.693	1.0
a_disc[1,133]	0.08926	0.000223	0.0506	0.05155	0.01283	0.08262	0.2036	46330.0	25840.0	2.428	1.0
a_disc[1,134]	0.07328	8.822e-05	0.01637	0.01644	0.04326	0.07258	0.1071	34430.0	31810.0	1.804	1.0
a_disc[1,135]	0.01764	6.454e-05	0.0134	0.01052	0.002161	0.01424	0.05255	46940.0	28840.0	2.459	1.0
a_disc[1,136]	0.08115	0.0001419	0.03208	0.03271	0.02487	0.07944	0.1491	47300.0	25490.0	2.478	1.0
a_disc[1,137]	0.06465	0.0002492	0.04419	0.03626	0.01012	0.05414	0.1775	31980.0	28890.0	1.676	1.0
a_disc[1,138]	0.2175	0.0001693	0.03502	0.03465	0.1513	0.2167	0.289	42700.0	31840.0	2.237	1.0
a_disc[1,139]	0.1563	0.0001308	0.03051	0.03043	0.09889	0.1554	0.2179	53750.0	29420.0	2.816	1.0
a_disc[1,140]	0.127	0.0001089	0.02369	0.02337	0.08189	0.1264	0.1754	47120.0	31130.0	2.469	1.0
a_disc[1,141]	0.08481	0.0001577	0.03332	0.03361	0.02465	0.08329	0.1543	41180.0	22980.0	2.158	1.0
a_disc[1,142]	0.1022	0.0001513	0.03058	0.02996	0.04799	0.1001	0.1676	39990.0	28480.0	2.095	1.0
a_disc[1,143]	0.03042	6.457e-05	0.01412	0.01369	0.008137	0.02869	0.06233	45220.0	27200.0	2.369	1.0
a_disc[1,144]	0.0893	0.0001624	0.03527	0.03551	0.02499	0.08767	0.1624	43830.0	23100.0	2.296	1.0
a_disc[1,145]	0.01521	4.571e-05	0.01044	0.00929	0.001889	0.01295	0.04078	49980.0	27740.0	2.618	1.0
a_disc[1,146]	0.1509	0.0001446	0.03314	0.03249	0.0908	0.1492	0.221	52310.0	30530.0	2.741	1.0
a_disc[1,147]	0.03214	6.335e-05	0.01542	0.01468	0.008357	0.03004	0.06799	58700.0	25260.0	3.076	1.0
a_disc[1,148]	0.04879	0.0001285	0.02539	0.02339	0.01176	0.04464	0.1088	37560.0	25570.0	1.968	1.0
a_disc[1,149]	0.06467	8.16e-05	0.02005	0.02005	0.02738	0.064	0.1055	57400.0	25480.0	3.007	1.0
a_disc[1,150]	0.06262	0.0001721	0.03771	0.03567	0.009729	0.05611	0.1525	45040.0	27680.0	2.36	1.0
a_disc[1,151]	0.136	0.0001201	0.02956	0.02934	0.07999	0.1353	0.196	59680.0	28540.0	3.127	1.0
a_disc[1,152]	0.03386	8.298e-05	0.01782	0.01716	0.007075	0.03134	0.07535	43280.0	28400.0	2.267	1.0
a_disc[1,153]	0.02278	6.409e-05	0.01418	0.01257	0.003988	0.01991	0.05764	50130.0	28960.0	2.627	1.0
a_disc[1,154]	0.06427	9.556e-05	0.02072	0.0209	0.02693	0.06328	0.1075	44130.0	24180.0	2.312	1.0
a_disc[1,155]	0.04509	8.586e-05	0.01988	0.01901	0.0128	0.04287	0.08979	50210.0	24860.0	2.631	0.9999
a_disc[1,156]	0.0525	0.0002185	0.04102	0.031	0.006529	0.04176	0.1607	39570.0	28670.0	2.073	1.0
a_disc[1,157]	0.02993	7.109e-05	0.01701	0.01607	0.005551	0.02713	0.07026	53650.0	27290.0	2.811	1.0
a_disc[1,158]	0.05332	0.0001818	0.036	0.03168	0.007138	0.04541	0.1434	36790.0	25700.0	1.928	1.0
a_disc[1,159]	0.08334	0.0001706	0.04457	0.04481	0.01471	0.07799	0.1843	62510.0	27640.0	3.275	1.0
a_disc[2,1]	0.0435	6.536e-05	0.01581	0.01617	0.01489	0.04292	0.07608	55390.0	26600.0	2.902	1.0
a_disc[2,2]	0.1889	0.0002169	0.04673	0.04658	0.0969	0.1889	0.2803	46560.0	27890.0	2.439	1.0
a_disc[2,3]	0.1653	0.0001444	0.03436	0.03401	0.09832	0.1652	0.2328	56740.0	27890.0	2.973	1.0
a_disc[2,4]	0.1442	0.0002346	0.04948	0.04908	0.054	0.1418	0.2482	42650.0	24410.0	2.234	1.0
a_disc[2,5]	0.04934	0.0001164	0.02432	0.02371	0.01103	0.04646	0.1043	40170.0	24610.0	2.105	1.0
a_disc[2,6]	0.06394	0.000101	0.02261	0.02287	0.0239	0.06262	0.1113	47350.0	24150.0	2.481	1.0
a_disc[2,7]	0.08413	0.0001324	0.03286	0.0331	0.02518	0.08255	0.1535	56160.0	22500.0	2.942	1.0
a_disc[2,8]	0.198	0.0001466	0.03174	0.03162	0.1398	0.1965	0.2638	46990.0	33270.0	2.462	1.0
a_disc[2,9]	0.1242	0.0001088	0.02327	0.02312	0.08047	0.1236	0.1718	45590.0	32590.0	2.388	1.0
a_disc[2,10]	0.197	0.0001446	0.03149	0.03155	0.1377	0.1961	0.2609	47370.0	31180.0	2.482	1.0
a_disc[2,11]	0.1752	0.0002335	0.04572	0.04601	0.08986	0.1738	0.2688	37520.0	26530.0	1.966	1.0
a_disc[2,12]	0.07406	0.0001408	0.0284	0.02776	0.02674	0.0713	0.1374	39890.0	26880.0	2.09	1.0
a_disc[2,13]	0.07205	0.000127	0.02914	0.02984	0.02007	0.0708	0.1323	48440.0	23280.0	2.538	1.0
a_disc[2,14]	0.1182	0.0001794	0.03983	0.03857	0.04696	0.1155	0.2033	48000.0	27020.0	2.515	1.0
a_disc[2,15]	0.07214	9.496e-05	0.02475	0.02398	0.02993	0.06982	0.1266	63910.0	26640.0	3.348	1.0
a_disc[2,16]	0.05753	0.0001295	0.02616	0.02586	0.01514	0.05476	0.1156	37790.0	25300.0	1.98	1.0
a_disc[2,17]	0.1164	0.0001652	0.03557	0.03606	0.04554	0.1169	0.1846	46490.0	23410.0	2.436	1.0
a_disc[2,18]	0.1066	0.0001127	0.02833	0.02807	0.0524	0.1061	0.1638	62320.0	29000.0	3.265	1.0
a_disc[2,19]	0.1453	0.0001839	0.04204	0.04137	0.06866	0.1433	0.2335	51220.0	27270.0	2.683	1.0
a_disc[2,20]	0.1995	0.0001949	0.0432	0.04305	0.1173	0.1987	0.287	48680.0	28040.0	2.551	1.0
a_disc[2,21]	0.16	0.0001823	0.04317	0.04329	0.07655	0.1597	0.2458	55390.0	25440.0	2.902	1.0
a_disc[2,22]	0.09189	0.0001496	0.03004	0.02962	0.03994	0.08966	0.1572	39200.0	27670.0	2.054	1.0
a_disc[2,23]	0.07139	0.0002432	0.05191	0.04365	0.008829	0.05908	0.2039	52850.0	29930.0	2.769	1.0
a_disc[2,24]	0.1422	0.0001309	0.02992	0.02996	0.08389	0.1421	0.2008	52210.0	30550.0	2.735	1.0
a_disc[2,25]	0.2196	0.0001957	0.04288	0.04277	0.1372	0.219	0.3055	47610.0	30850.0	2.495	1.0
a_disc[2,26]	0.09292	0.0001352	0.0283	0.02856	0.04019	0.09203	0.1508	42800.0	27200.0	2.242	1.0
a_disc[2,27]	0.1506	0.0001151	0.02588	0.02577	0.1005	0.1505	0.2021	50670.0	30370.0	2.655	1.0
a_disc[2,28]	0.09627	8.893e-05	0.02284	0.02232	0.05455	0.09517	0.145	65090.0	28210.0	3.41	1.0
a_disc[2,29]	0.07497	0.0001063	0.02478	0.02497	0.02886	0.07416	0.1258	51920.0	25870.0	2.72	1.0
a_disc[2,30]	0.1866	0.0001435	0.03157	0.03121	0.1281	0.1855	0.252	48390.0	31920.0	2.535	1.0
a_disc[2,31]	0.04389	7.68e-05	0.01734	0.01749	0.01196	0.04331	0.07961	47930.0	23910.0	2.511	1.0
a_disc[2,32]	0.0751	0.0001638	0.03466	0.03422	0.02026	0.07093	0.1535	43170.0	28350.0	2.262	1.0
a_disc[2,33]	0.1994	0.0001109	0.02464	0.02471	0.1534	0.1985	0.2499	49510.0	33150.0	2.594	1.0
a_disc[2,34]	0.03777	0.0001529	0.02902	0.02326	0.004219	0.03026	0.1131	36240.0	27990.0	1.899	1.0
a_disc[2,35]	0.2584	0.0001689	0.03481	0.03471	0.1914	0.2581	0.3274	42680.0	34210.0	2.236	1.0
a_disc[2,36]	0.09366	0.000163	0.03687	0.03767	0.02801	0.09181	0.1708	48550.0	26050.0	2.544	1.0
a_disc[2,37]	0.2015	0.00015	0.03313	0.03319	0.138	0.2013	0.2674	48580.0	30550.0	2.545	1.0
a_disc[2,38]	0.1523	0.0001576	0.03668	0.03622	0.08052	0.1521	0.2251	53940.0	27690.0	2.826	1.0
a_disc[2,39]	0.07703	9.649e-05	0.02463	0.02439	0.03089	0.07621	0.1276	62540.0	26090.0	3.277	1.0
a_disc[2,40]	0.1868	0.0001237	0.02945	0.02926	0.1286	0.1868	0.2446	56840.0	30810.0	2.978	1.0
a_disc[2,41]	0.03958	0.0001144	0.02413	0.02136	0.007073	0.03501	0.09833	46400.0	28760.0	2.431	1.0
a_disc[2,42]	0.1257	0.0001212	0.02654	0.02661	0.07556	0.125	0.1792	47470.0	30020.0	2.487	1.0
a_disc[2,43]	0.1014	0.0001444	0.03437	0.03438	0.03837	0.09988	0.1724	53760.0	25010.0	2.817	1.0
a_disc[2,44]	0.06811	0.0001742	0.04106	0.03871	0.01092	0.06084	0.1668	51940.0	28640.0	2.722	1.0
a_disc[2,45]	0.2048	0.00026	0.05512	0.05481	0.0993	0.2036	0.3169	44040.0	26570.0	2.307	1.0
a_disc[2,46]	0.1111	0.0001334	0.03027	0.03018	0.05412	0.1102	0.1726	50250.0	25970.0	2.633	1.0
a_disc[2,47]	0.248	0.0001537	0.03464	0.03451	0.1809	0.2476	0.317	50760.0	33510.0	2.659	1.0
a_disc[2,48]	0.09564	0.0003107	0.06685	0.05694	0.01248	0.08033	0.2643	54350.0	29320.0	2.848	1.0
a_disc[2,49]	0.01724	4.314e-05	0.01002	0.009261	0.003198	0.01545	0.04178	53830.0	28510.0	2.82	0.9999
a_disc[2,50]	0.09255	0.0001879	0.04235	0.04237	0.02305	0.08842	0.1862	46470.0	24200.0	2.435	1.0
a_disc[2,51]	0.07097	0.000261	0.05343	0.04391	0.008522	0.05761	0.2102	47850.0	30540.0	2.507	1.0
a_disc[2,52]	0.2027	0.0001577	0.03173	0.03178	0.1416	0.2023	0.2657	40460.0	30670.0	2.12	1.0
a_disc[2,53]	0.1033	0.0001285	0.02848	0.02843	0.0513	0.102	0.163	48410.0	28250.0	2.536	1.0
a_disc[2,54]	0.0887	0.0001917	0.04453	0.04296	0.0199	0.08286	0.1923	52240.0	27790.0	2.737	1.0
a_disc[2,55]	0.02175	5.112e-05	0.01163	0.01193	0.003791	0.02037	0.04772	48200.0	27640.0	2.526	1.0
a_disc[2,56]	0.006166	1.627e-05	0.003914	0.003642	0.0008912	0.005401	0.01568	57840.0	29040.0	3.03	1.0
a_disc[2,57]	0.14	0.00018	0.0461	0.04587	0.05694	0.1374	0.2373	62370.0	26620.0	3.268	1.0
a_disc[2,58]	0.06351	7.347e-05	0.01882	0.01871	0.02879	0.06283	0.1027	62580.0	26610.0	3.279	1.0
a_disc[2,59]	0.01896	5.377e-05	0.01156	0.01062	0.003163	0.01674	0.04699	45180.0	30640.0	2.367	1.0
a_disc[2,60]	0.153	0.0002243	0.04153	0.0417	0.07754	0.1511	0.2399	33520.0	28590.0	1.756	1.0
a_disc[2,61]	0.1073	0.0001611	0.03409	0.03452	0.04503	0.1059	0.1776	43330.0	27330.0	2.27	1.0
a_disc[2,62]	0.1772	0.0001559	0.03801	0.03813	0.102	0.1769	0.2524	59430.0	29900.0	3.114	1.0
a_disc[2,63]	0.03236	7.395e-05	0.0178	0.01702	0.006452	0.02948	0.07442	56560.0	29770.0	2.964	1.0
a_disc[2,64]	0.05572	0.0001228	0.02978	0.02865	0.01116	0.05156	0.1252	57340.0	27830.0	3.004	1.0
a_disc[2,65]	0.05773	0.000174	0.03761	0.03129	0.009374	0.05007	0.1505	54970.0	27150.0	2.88	1.0
a_disc[2,66]	0.122	0.0001126	0.0274	0.02718	0.06806	0.1221	0.1762	59020.0	29280.0	3.092	1.0
a_disc[2,67]	0.02301	6.256e-05	0.01444	0.01254	0.003908	0.02014	0.05872	62330.0	28090.0	3.266	1.0
a_disc[2,68]	0.1285	9.483e-05	0.02459	0.02409	0.08136	0.128	0.1786	66490.0	29860.0	3.483	1.0
a_disc[2,69]	0.07303	0.0001149	0.0247	0.02466	0.02955	0.07131	0.1261	44700.0	27500.0	2.342	1.0
a_disc[2,70]	0.1588	0.0001866	0.03894	0.03905	0.08297	0.1584	0.2361	43410.0	27590.0	2.275	1.0
a_disc[2,71]	0.09978	0.000168	0.03948	0.0406	0.03048	0.09753	0.1829	49860.0	23050.0	2.612	1.0
a_disc[2,72]	0.04765	9.335e-05	0.02343	0.02274	0.01138	0.04476	0.1013	60010.0	28300.0	3.144	1.0
a_disc[2,73]	0.006683	1.718e-05	0.004247	0.003931	0.0009781	0.005838	0.01713	60390.0	28240.0	3.164	1.0
a_disc[2,74]	0.05318	0.0001285	0.02782	0.02771	0.01035	0.04963	0.1164	44500.0	29270.0	2.331	1.0
a_disc[2,75]	0.1193	0.0003043	0.06337	0.06444	0.02029	0.1121	0.2594	39860.0	26470.0	2.089	1.0
a_disc[2,76]	0.06953	0.0001942	0.041	0.0368	0.01366	0.06176	0.1695	44450.0	27980.0	2.329	1.0
a_disc[2,77]	0.0915	0.0002078	0.03844	0.03547	0.0315	0.08642	0.1813	34810.0	28810.0	1.824	1.0
a_disc[2,78]	0.01655	5.568e-05	0.01151	0.00982	0.00227	0.01395	0.04563	43250.0	28770.0	2.266	1.0
a_disc[2,79]	0.05789	0.0001171	0.02869	0.02783	0.0138	0.05405	0.1236	57570.0	27580.0	3.016	1.0
a_disc[2,80]	0.1816	0.0001662	0.03463	0.03434	0.1159	0.1808	0.2515	43130.0	27120.0	2.259	1.0
a_disc[2,81]	0.07822	0.0001198	0.02953	0.03038	0.02466	0.07716	0.1384	58010.0	27390.0	3.04	1.0
a_disc[2,82]	0.1668	0.0001843	0.04107	0.0409	0.09034	0.1656	0.2514	48950.0	29320.0	2.565	1.0
a_disc[2,83]	0.07233	0.0001407	0.03156	0.03272	0.01699	0.07077	0.1381	46120.0	23340.0	2.416	1.0
a_disc[2,84]	0.1435	0.0001512	0.03483	0.03458	0.0782	0.1421	0.2151	51840.0	28100.0	2.716	1.0
a_disc[2,85]	0.1718	0.0001141	0.02806	0.02788	0.1192	0.1712	0.229	60170.0	30510.0	3.153	1.0
a_disc[2,86]	0.1869	0.0002175	0.04717	0.04658	0.09811	0.1854	0.2824	46630.0	28240.0	2.443	1.0
a_disc[2,87]	0.106	9.698e-05	0.02458	0.0243	0.0584	0.1057	0.1554	63390.0	27440.0	3.321	1.0
a_disc[2,88]	0.154	0.0001387	0.03331	0.03312	0.09175	0.1526	0.2226	56820.0	29160.0	2.977	1.0
a_disc[2,89]	0.05804	0.0001059	0.02195	0.02138	0.02082	0.056	0.1063	41360.0	27880.0	2.167	1.0
a_disc[2,90]	0.1214	0.0002034	0.04098	0.04143	0.04808	0.1192	0.2083	38770.0	26760.0	2.031	1.0
a_disc[2,91]	0.07624	0.000126	0.02933	0.02916	0.02416	0.07452	0.1387	51030.0	27310.0	2.673	1.0
a_disc[2,92]	0.03887	0.0001028	0.02331	0.02221	0.006521	0.03461	0.0949	49930.0	27490.0	2.616	1.0
a_disc[2,93]	0.05322	0.000122	0.02897	0.02892	0.009556	0.04915	0.1192	53060.0	27990.0	2.78	1.0
a_disc[2,94]	0.1806	0.0001561	0.03437	0.03467	0.1148	0.1804	0.2483	48200.0	28920.0	2.525	1.0
a_disc[2,95]	0.115	0.0001084	0.02579	0.02561	0.06573	0.1146	0.1669	55830.0	27610.0	2.925	1.0
a_disc[2,96]	0.06202	0.0001791	0.04033	0.03718	0.008751	0.05391	0.1601	50120.0	29280.0	2.626	1.0
a_disc[2,97]	0.1499	0.0001557	0.0367	0.03642	0.08295	0.1481	0.2272	54170.0	28170.0	2.838	1.0
a_disc[2,98]	0.2323	0.0002022	0.04616	0.04554	0.1418	0.2325	0.323	52580.0	28460.0	2.755	1.0
a_disc[2,99]	0.0699	0.0001107	0.02564	0.02553	0.02476	0.0683	0.1245	53010.0	32530.0	2.778	1.0
a_disc[2,100]	0.01449	3.58e-05	0.008583	0.008148	0.002515	0.01301	0.03505	54820.0	27840.0	2.872	1.0
a_disc[2,101]	0.1094	0.0001919	0.03839	0.03854	0.04	0.1075	0.1896	38210.0	25800.0	2.002	1.0
a_disc[2,102]	0.1213	0.0001251	0.02802	0.02818	0.06692	0.121	0.1767	49960.0	29720.0	2.617	1.0
a_disc[2,103]	0.1044	0.0001705	0.04072	0.04107	0.0329	0.1019	0.1909	53020.0	26270.0	2.778	1.0
a_disc[2,104]	0.1402	0.0001786	0.03828	0.03841	0.069	0.1389	0.2189	45000.0	27710.0	2.357	1.0
a_disc[2,105]	0.08776	0.0001647	0.03856	0.04019	0.02151	0.08534	0.1694	51330.0	26740.0	2.689	1.0
a_disc[2,106]	0.1026	0.000368	0.07581	0.0631	0.01238	0.0837	0.2967	47450.0	29120.0	2.486	1.0
a_disc[2,107]	0.03308	8.944e-05	0.02058	0.01951	0.00479	0.02926	0.08248	51050.0	28260.0	2.675	1.0
a_disc[2,108]	0.09553	0.000183	0.04221	0.04317	0.02384	0.09233	0.1858	49190.0	26660.0	2.577	1.0
a_disc[2,109]	0.09995	0.0001596	0.03504	0.03452	0.03877	0.09733	0.1753	46010.0	26290.0	2.41	1.0
a_disc[2,110]	0.1394	0.0002042	0.03667	0.03706	0.07242	0.1377	0.2153	31850.0	28740.0	1.669	1.0
a_disc[2,111]	0.2014	0.0001186	0.03027	0.03015	0.1435	0.2007	0.2626	64740.0	31490.0	3.392	1.0
a_disc[2,112]	0.1114	0.0001139	0.02778	0.02767	0.05954	0.1107	0.1682	57990.0	27030.0	3.038	1.0
a_disc[2,113]	0.07352	0.0001145	0.02557	0.02585	0.02795	0.07207	0.1269	46690.0	24660.0	2.446	1.0
a_disc[2,114]	0.1945	9.964e-05	0.02361	0.02361	0.1489	0.1943	0.2416	56160.0	35840.0	2.942	1.0
a_disc[2,115]	0.1905	0.0002114	0.05012	0.04982	0.09357	0.1898	0.2919	55240.0	26590.0	2.894	1.0
a_disc[2,116]	0.1245	0.0001319	0.03131	0.03126	0.06583	0.1236	0.1881	55210.0	28050.0	2.892	1.0
a_disc[2,117]	0.09373	0.0001674	0.03528	0.03587	0.02737	0.09318	0.1645	42010.0	21500.0	2.201	1.0
a_disc[2,118]	0.1066	0.0001355	0.03311	0.03306	0.04416	0.1057	0.1741	58290.0	26520.0	3.054	1.0
a_disc[2,119]	0.2024	0.0003343	0.06745	0.06763	0.08117	0.1985	0.344	39230.0	26430.0	2.055	1.0
a_disc[2,120]	0.09931	0.0001697	0.03478	0.03554	0.03437	0.09826	0.1695	40800.0	25080.0	2.138	1.0
a_disc[2,121]	0.05708	0.0001289	0.02849	0.02838	0.01223	0.05387	0.1214	44360.0	24610.0	2.324	1.0
a_disc[2,122]	0.168	0.0001819	0.03566	0.0346	0.1031	0.1662	0.2431	38700.0	31390.0	2.028	1.0
a_disc[2,123]	0.07624	0.0001583	0.03774	0.03678	0.01691	0.0716	0.1624	54700.0	26820.0	2.866	1.0
a_disc[2,124]	0.07388	0.0001348	0.02934	0.02969	0.02032	0.07274	0.1343	44270.0	23910.0	2.319	1.0
a_disc[2,125]	0.1486	0.0001433	0.02881	0.02881	0.09559	0.1476	0.208	40050.0	27530.0	2.098	1.0
a_disc[2,126]	0.1346	0.0001247	0.03136	0.03131	0.0759	0.1336	0.199	61700.0	28820.0	3.233	1.0
a_disc[2,127]	0.1768	0.0004887	0.09531	0.0914	0.03786	0.1609	0.401	38520.0	28650.0	2.018	1.0
a_disc[2,128]	0.1631	0.000114	0.02817	0.02781	0.11	0.1623	0.2205	60510.0	28890.0	3.17	1.0
a_disc[2,129]	0.101	0.0001131	0.02856	0.02851	0.04955	0.09946	0.1609	62910.0	29690.0	3.296	1.0
a_disc[2,130]	0.1295	0.0001617	0.03313	0.03302	0.06616	0.129	0.1962	41450.0	28190.0	2.172	1.0
a_disc[2,131]	0.0144	3.144e-05	0.007948	0.007566	0.002797	0.01312	0.03306	63230.0	30260.0	3.313	1.0
a_disc[2,132]	0.07754	0.0002015	0.04818	0.04342	0.012	0.06835	0.1958	60150.0	27960.0	3.151	1.0
a_disc[2,133]	0.08694	0.0003548	0.06268	0.05198	0.01166	0.07146	0.2487	31350.0	29550.0	1.642	1.0
a_disc[2,134]	0.14	0.0001367	0.03073	0.03068	0.08111	0.1397	0.2015	49940.0	27330.0	2.617	1.0
a_disc[2,135]	0.03235	0.0001096	0.02306	0.01986	0.004062	0.02691	0.09066	44410.0	28480.0	2.327	1.0
a_disc[2,136]	0.09736	0.0001207	0.02989	0.03006	0.04198	0.09633	0.1588	59240.0	28090.0	3.104	1.0
a_disc[2,137]	0.09973	0.0002071	0.04708	0.04655	0.02321	0.0951	0.2049	48540.0	27990.0	2.543	1.0
a_disc[2,138]	0.1658	0.000157	0.03205	0.03206	0.1053	0.1653	0.2299	41450.0	30220.0	2.172	1.0
a_disc[2,139]	0.1307	0.000152	0.03165	0.03131	0.07238	0.1294	0.1969	42530.0	27940.0	2.228	1.0
a_disc[2,140]	0.1165	0.0001611	0.03086	0.03121	0.0571	0.1162	0.1784	36220.0	25200.0	1.898	1.0
a_disc[2,141]	0.1402	0.000289	0.05704	0.05813	0.04061	0.1366	0.2615	36450.0	24040.0	1.91	1.0
a_disc[2,142]	0.1546	0.0001802	0.0381	0.03819	0.08129	0.1539	0.2304	44430.0	29230.0	2.328	1.0
a_disc[2,143]	0.0919	0.0001442	0.02908	0.02904	0.03853	0.09083	0.1518	39790.0	26120.0	2.085	1.0
a_disc[2,144]	0.04445	7.776e-05	0.01968	0.01969	0.01238	0.04241	0.08803	58200.0	26090.0	3.049	1.0
a_disc[2,145]	0.01447	4.293e-05	0.009329	0.008197	0.002272	0.01252	0.0379	49810.0	30690.0	2.61	1.0
a_disc[2,146]	0.1943	0.0001417	0.03575	0.03515	0.1262	0.1934	0.2673	63130.0	27170.0	3.308	1.0
a_disc[2,147]	0.1151	0.000205	0.04406	0.04354	0.03722	0.112	0.2097	43190.0	24350.0	2.263	1.0
a_disc[2,148]	0.1104	0.0001128	0.02916	0.0287	0.0552	0.1096	0.1699	64870.0	28520.0	3.399	1.0
a_disc[2,149]	0.1152	0.0001644	0.03573	0.03535	0.0495	0.1137	0.1897	44990.0	23950.0	2.357	1.0
a_disc[2,150]	0.07656	0.0001976	0.04275	0.03932	0.01449	0.07038	0.1781	46550.0	27070.0	2.439	1.0
a_disc[2,151]	0.092	0.000123	0.02765	0.02817	0.0401	0.09124	0.1474	48910.0	25580.0	2.563	1.0
a_disc[2,152]	0.05128	9.71e-05	0.02306	0.02332	0.01284	0.04945	0.1014	52550.0	27980.0	2.753	1.0
a_disc[2,153]	0.04718	9.149e-05	0.02185	0.02185	0.01095	0.04502	0.09576	51670.0	25280.0	2.707	1.0
a_disc[2,154]	0.1342	0.0001267	0.02982	0.02961	0.07593	0.1342	0.1932	55450.0	27010.0	2.905	1.0
a_disc[2,155]	0.05012	9.29e-05	0.02155	0.02186	0.01348	0.04852	0.09661	48940.0	25430.0	2.564	1.0
a_disc[2,156]	0.05263	9.153e-05	0.02346	0.02415	0.01225	0.05103	0.1019	60600.0	28130.0	3.175	1.0
a_disc[2,157]	0.06284	0.0001489	0.0334	0.0333	0.01142	0.05868	0.1391	46300.0	27030.0	2.426	1.0
a_disc[2,158]	0.04361	7.809e-05	0.01921	0.01947	0.01091	0.04226	0.08487	57080.0	27270.0	2.991	1.0
a_disc[2,159]	0.1067	0.0003255	0.06977	0.0614	0.01584	0.09201	0.2819	51950.0	28010.0	2.722	1.0
q0[1,1]	0.6171	0.0001796	0.04638	0.04572	0.5296	0.6157	0.7122	69530.0	28450.0	3.643	1.0
q0[1,2]	0.4287	0.0002318	0.05633	0.05544	0.3147	0.4298	0.5374	60120.0	28340.0	3.15	1.0
q0[1,3]	0.6319	0.0002252	0.04869	0.04805	0.5433	0.6293	0.7346	48220.0	28480.0	2.526	1.0
q0[1,4]	0.7149	0.0003832	0.06953	0.07172	0.5886	0.7119	0.857	33480.0	28440.0	1.754	1.0
q0[1,5]	0.7107	0.0002988	0.05083	0.05089	0.6229	0.7063	0.8201	29840.0	25500.0	1.563	1.0
q0[1,6]	0.3581	0.000279	0.05399	0.05413	0.2464	0.3601	0.4583	38270.0	27740.0	2.005	1.0
q0[1,7]	0.6125	0.0003399	0.06999	0.06989	0.4799	0.6109	0.7533	42800.0	28330.0	2.243	1.0
q0[1,8]	0.6448	0.0002729	0.05864	0.05849	0.5362	0.6424	0.7666	47950.0	26750.0	2.512	1.0
q0[1,9]	0.459	0.0001329	0.03499	0.03413	0.3864	0.4603	0.5247	71410.0	28810.0	3.741	1.0
q0[1,10]	0.6936	0.0002425	0.04711	0.04696	0.6093	0.6912	0.7931	39720.0	26210.0	2.081	1.0
q0[1,11]	0.6825	0.0002684	0.05504	0.05494	0.5831	0.6795	0.7972	44090.0	25280.0	2.31	1.0
q0[1,12]	0.4413	0.0002683	0.05822	0.05676	0.3191	0.444	0.5485	49330.0	25210.0	2.585	1.0
q0[1,13]	0.4468	0.0001636	0.04465	0.04382	0.3557	0.4478	0.5322	75690.0	28890.0	3.966	1.0
q0[1,14]	0.5866	0.0003689	0.07144	0.06948	0.4508	0.5836	0.7357	38440.0	26690.0	2.014	1.0
q0[1,15]	0.6826	0.0002927	0.05856	0.05821	0.5748	0.6802	0.8044	41450.0	28110.0	2.172	1.0
q0[1,16]	0.7294	0.0001921	0.04359	0.04429	0.6479	0.7282	0.8182	52690.0	29760.0	2.761	1.0
q0[1,17]	0.6083	0.0001978	0.04793	0.0471	0.52	0.6063	0.7078	61550.0	28500.0	3.225	1.0
q0[1,18]	0.6233	0.0003612	0.06633	0.06676	0.5014	0.6208	0.7595	34530.0	26330.0	1.809	1.0
q0[1,19]	0.5884	0.0002483	0.05739	0.05423	0.48	0.5859	0.7082	55960.0	26280.0	2.932	1.0
q0[1,20]	0.402	0.0002674	0.06348	0.06296	0.2731	0.4033	0.5228	57620.0	26410.0	3.019	1.0
q0[1,21]	0.5539	0.0002639	0.05911	0.05571	0.4423	0.5514	0.679	52310.0	26180.0	2.741	1.0
q0[1,22]	0.6387	0.0003365	0.05961	0.05948	0.5335	0.6348	0.7652	32770.0	26360.0	1.717	1.0
q0[1,23]	0.4353	0.0003643	0.08198	0.07783	0.2618	0.4397	0.5878	52840.0	26980.0	2.768	1.0
q0[1,24]	0.757	0.0003193	0.05852	0.06004	0.6475	0.7551	0.8739	33880.0	27990.0	1.775	1.0
q0[1,25]	0.4537	0.0001854	0.04661	0.04444	0.3568	0.4555	0.5412	65300.0	27130.0	3.421	1.0
q0[1,26]	0.4118	0.0002265	0.04813	0.04676	0.3098	0.4142	0.4999	46710.0	29780.0	2.447	1.0
q0[1,27]	0.5148	0.0001378	0.03808	0.03737	0.4399	0.5148	0.5899	76910.0	27840.0	4.03	1.0
q0[1,28]	0.4031	0.0001762	0.0466	0.04622	0.3092	0.4039	0.4915	70960.0	29800.0	3.718	1.0
q0[1,29]	0.6571	0.0003262	0.05847	0.05879	0.551	0.6541	0.7784	32910.0	26120.0	1.725	1.0
q0[1,30]	0.4894	0.0002288	0.05554	0.05402	0.3805	0.489	0.6008	59510.0	28180.0	3.118	1.0
q0[1,31]	0.7647	0.0004516	0.07255	0.0779	0.6307	0.7636	0.906	25420.0	25410.0	1.332	1.0
q0[1,32]	0.6812	0.0003537	0.06859	0.06984	0.554	0.6791	0.8203	38360.0	26350.0	2.01	1.0
q0[1,33]	0.4134	0.0001593	0.0385	0.03789	0.3344	0.4145	0.486	59540.0	30600.0	3.12	1.0
q0[1,34]	0.7257	0.0003017	0.05431	0.05533	0.6293	0.7224	0.8392	32370.0	28900.0	1.696	1.0
q0[1,35]	0.5952	0.0004216	0.08427	0.08132	0.4347	0.5916	0.7687	41390.0	25120.0	2.168	1.0
q0[1,36]	0.5904	0.0003922	0.06889	0.06873	0.467	0.5861	0.7363	32370.0	24220.0	1.696	1.0
q0[1,37]	0.5359	0.0001604	0.03956	0.03767	0.4619	0.5341	0.6188	63780.0	27400.0	3.342	1.0
q0[1,38]	0.5238	0.0001735	0.0472	0.04567	0.4333	0.5227	0.6188	74780.0	28070.0	3.918	1.0
q0[1,39]	0.5258	0.0001661	0.0379	0.03532	0.4472	0.5267	0.5994	53280.0	27600.0	2.791	1.0
q0[1,40]	0.3971	0.0002103	0.04809	0.04731	0.2957	0.3996	0.4849	55160.0	28250.0	2.89	1.0
q0[1,41]	0.7378	0.0004296	0.07391	0.07834	0.6025	0.7355	0.8837	29630.0	28460.0	1.552	1.0
q0[1,42]	0.6615	0.0002341	0.04997	0.04968	0.5724	0.6586	0.7674	48990.0	26670.0	2.567	1.0
q0[1,43]	0.4567	0.0002171	0.05242	0.05038	0.3521	0.4571	0.56	59240.0	27870.0	3.104	1.0
q0[1,44]	0.6974	0.0004744	0.09843	0.09785	0.4852	0.7049	0.8667	44070.0	30000.0	2.309	1.0
q0[1,45]	0.466	0.0002182	0.05374	0.05054	0.3546	0.4675	0.569	63600.0	25990.0	3.332	1.0
q0[1,46]	0.5957	0.0002141	0.04748	0.04605	0.5075	0.5936	0.6949	51820.0	27190.0	2.715	1.0
q0[1,47]	0.5608	0.0001662	0.04068	0.0394	0.4822	0.5599	0.6438	61420.0	27420.0	3.218	1.0
q0[1,48]	0.7441	0.0002844	0.07013	0.07081	0.6075	0.744	0.881	60810.0	27920.0	3.186	1.0
q0[1,49]	0.7466	0.0004883	0.07428	0.07922	0.6114	0.7443	0.8933	22990.0	27710.0	1.205	1.0
q0[1,50]	0.7687	0.0004168	0.07655	0.07922	0.6155	0.7715	0.9075	33940.0	29090.0	1.778	1.0
q0[1,51]	0.7801	0.0003511	0.07611	0.07897	0.6256	0.7832	0.917	47500.0	30270.0	2.488	1.0
q0[1,52]	0.6191	0.0002219	0.04889	0.04831	0.5272	0.6178	0.7192	49570.0	29150.0	2.597	1.0
q0[1,53]	0.652	0.0002685	0.05423	0.05434	0.5527	0.6493	0.765	42230.0	27740.0	2.213	1.0
q0[1,54]	0.7218	0.0004086	0.08065	0.08331	0.5669	0.7216	0.8781	39090.0	28270.0	2.048	1.0
q0[1,55]	0.7463	0.0004813	0.08487	0.08973	0.5813	0.747	0.9067	31020.0	27340.0	1.625	1.0
q0[1,56]	0.2397	0.0003204	0.05395	0.05519	0.1249	0.2432	0.3344	28790.0	26430.0	1.508	1.0
q0[1,57]	0.6743	0.0002979	0.07672	0.0769	0.5232	0.6747	0.823	65950.0	26840.0	3.455	1.0
q0[1,58]	0.7372	0.0002487	0.05834	0.05919	0.624	0.7368	0.8516	55230.0	28700.0	2.894	1.0
q0[1,59]	0.7251	0.0003954	0.07377	0.07691	0.5835	0.7252	0.8679	34780.0	27160.0	1.822	1.0
q0[1,60]	0.519	0.0001826	0.04777	0.04555	0.4251	0.5183	0.616	69690.0	27240.0	3.651	1.0
q0[1,61]	0.5152	0.0001687	0.0422	0.04061	0.4331	0.5145	0.6002	63880.0	27230.0	3.347	1.0
q0[1,62]	0.5702	0.0002321	0.04835	0.04624	0.481	0.5674	0.674	45160.0	27120.0	2.366	1.0
q0[1,63]	0.4391	0.0002126	0.04846	0.04668	0.339	0.4408	0.5312	53460.0	27240.0	2.801	1.0
q0[1,64]	0.5628	0.0003458	0.0738	0.07234	0.4205	0.5613	0.7105	46010.0	28040.0	2.411	1.0
q0[1,65]	0.7057	0.0005462	0.102	0.1045	0.4988	0.7094	0.8907	34910.0	29160.0	1.829	1.0
q0[1,66]	0.6581	0.0004647	0.0768	0.07919	0.5152	0.6561	0.8121	27520.0	26730.0	1.442	1.0
q0[1,67]	0.4147	0.0004166	0.08729	0.08694	0.2452	0.4144	0.5862	43930.0	28610.0	2.302	1.0
q0[1,68]	0.5338	0.0002363	0.05221	0.04995	0.4357	0.532	0.6422	50520.0	27700.0	2.647	1.0
q0[1,69]	0.3695	0.0002896	0.05845	0.05744	0.2437	0.3734	0.4737	43070.0	27850.0	2.257	1.0
q0[1,70]	0.4589	0.0001721	0.04292	0.0415	0.3724	0.4595	0.5418	63070.0	29340.0	3.304	1.0
q0[1,71]	0.6164	0.0002127	0.048	0.04715	0.5297	0.6137	0.7187	53500.0	29330.0	2.803	1.0
q0[1,72]	0.4292	0.0002081	0.04703	0.04596	0.3309	0.4309	0.517	53300.0	27190.0	2.793	1.0
q0[1,73]	0.1823	0.0003291	0.05795	0.06041	0.07497	0.1809	0.2982	30990.0	27430.0	1.624	1.0
q0[1,74]	0.78	0.0004401	0.07153	0.07603	0.6427	0.78	0.9152	26200.0	26850.0	1.373	1.0
q0[1,75]	0.7928	0.0003651	0.06759	0.07056	0.6558	0.7952	0.9165	34270.0	30040.0	1.796	1.0
q0[1,76]	0.7044	0.0003158	0.06828	0.06923	0.5758	0.7026	0.8425	47370.0	27960.0	2.482	1.0
q0[1,77]	0.5862	0.0002854	0.05821	0.05691	0.4822	0.5822	0.7116	44320.0	25250.0	2.322	1.0
q0[1,78]	0.7771	0.0004422	0.06935	0.07407	0.6464	0.777	0.9099	24280.0	24800.0	1.272	1.0
q0[1,79]	0.5325	0.0002499	0.05878	0.05612	0.4212	0.5301	0.6541	56970.0	27020.0	2.985	1.0
q0[1,80]	0.7191	0.0002753	0.05288	0.05324	0.6223	0.7168	0.8282	37840.0	27970.0	1.983	1.0
q0[1,81]	0.5563	0.0003785	0.0756	0.07388	0.4092	0.5552	0.7091	40340.0	25940.0	2.113	1.0
q0[1,82]	0.7596	0.0003375	0.06458	0.06669	0.6364	0.7588	0.8864	36720.0	29470.0	1.924	1.0
q0[1,83]	0.5315	0.0001799	0.04524	0.04402	0.4461	0.5301	0.6242	64190.0	30690.0	3.363	1.0
q0[1,84]	0.6518	0.0002561	0.05863	0.0582	0.5408	0.6502	0.7715	53410.0	28220.0	2.799	1.0
q0[1,85]	0.5999	0.0001642	0.03748	0.03676	0.5324	0.5978	0.6795	55270.0	28570.0	2.896	1.0
q0[1,86]	0.4254	0.0002256	0.05369	0.05111	0.3137	0.4272	0.5276	58640.0	26190.0	3.072	1.0
q0[1,87]	0.3895	0.0001964	0.04005	0.03911	0.3044	0.3917	0.462	43550.0	27900.0	2.282	1.0
q0[1,88]	0.749	0.0003193	0.06178	0.06335	0.6316	0.7484	0.871	37660.0	28190.0	1.973	1.0
q0[1,89]	0.5789	0.0001852	0.04459	0.04345	0.4967	0.5768	0.6721	60900.0	27850.0	3.191	1.0
q0[1,90]	0.7004	0.0003028	0.06549	0.06635	0.5754	0.6991	0.8307	47630.0	29250.0	2.495	1.0
q0[1,91]	0.7627	0.0004667	0.08955	0.09046	0.573	0.7695	0.9159	37380.0	28530.0	1.958	1.0
q0[1,92]	0.7437	0.0002964	0.06294	0.06416	0.6242	0.7422	0.8688	45580.0	27580.0	2.388	1.0
q0[1,93]	0.4093	0.0002924	0.06345	0.06192	0.2831	0.4099	0.5333	47620.0	27710.0	2.495	1.0
q0[1,94]	0.499	0.0001854	0.04736	0.04588	0.4038	0.4995	0.5915	65860.0	28450.0	3.451	1.0
q0[1,95]	0.366	0.0002277	0.04827	0.04765	0.2635	0.369	0.4511	47080.0	30310.0	2.467	1.0
q0[1,96]	0.5663	0.0005161	0.105	0.1063	0.3628	0.5643	0.7736	41590.0	28470.0	2.179	1.0
q0[1,97]	0.529	0.0001867	0.04928	0.04791	0.4298	0.5294	0.6247	70160.0	28670.0	3.676	1.0
q0[1,98]	0.8097	0.0002984	0.06714	0.06874	0.6675	0.8141	0.9267	49450.0	29130.0	2.591	1.0
q0[1,99]	0.6145	0.0006826	0.1007	0.1065	0.4449	0.6059	0.8262	22690.0	24190.0	1.189	1.0
q0[1,100]	0.6969	0.000352	0.0568	0.05726	0.6009	0.6919	0.8204	26590.0	24860.0	1.393	1.0
q0[1,101]	0.5155	0.0002172	0.05166	0.04806	0.4188	0.5136	0.6246	59810.0	27070.0	3.133	1.0
q0[1,102]	0.606	0.0002115	0.04649	0.04505	0.523	0.6026	0.7052	51410.0	28140.0	2.694	1.0
q0[1,103]	0.6479	0.0003024	0.05639	0.05544	0.5478	0.644	0.769	36400.0	27010.0	1.907	1.0
q0[1,104]	0.5189	0.0002066	0.04934	0.04694	0.4178	0.52	0.6148	58380.0	27900.0	3.059	1.0
q0[1,105]	0.2902	0.0003534	0.07623	0.07775	0.1475	0.2884	0.4437	46120.0	29690.0	2.416	1.0
q0[1,106]	0.5105	0.0006792	0.1451	0.1501	0.2306	0.5097	0.7934	45900.0	30600.0	2.405	1.0
q0[1,107]	0.6589	0.0004351	0.08756	0.0886	0.4812	0.6613	0.8229	40460.0	28970.0	2.12	1.0
q0[1,108]	0.7011	0.0003138	0.06328	0.06418	0.5839	0.699	0.8292	41490.0	26140.0	2.174	1.0
q0[1,109]	0.5641	0.0002564	0.05492	0.05375	0.461	0.5621	0.6771	47170.0	28250.0	2.471	1.0
q0[1,110]	0.5021	0.0001346	0.03588	0.03445	0.4327	0.5012	0.5751	72200.0	27940.0	3.783	1.0
q0[1,111]	0.6241	0.0002364	0.05848	0.05789	0.5142	0.6225	0.7443	63090.0	29110.0	3.305	1.0
q0[1,112]	0.4505	0.0001536	0.0373	0.03564	0.373	0.4518	0.5208	61230.0	27990.0	3.208	1.0
q0[1,113]	0.4465	0.0001859	0.04603	0.04462	0.3515	0.4477	0.5348	62950.0	28420.0	3.298	1.0
q0[1,114]	0.6509	0.000295	0.05664	0.05488	0.5515	0.6465	0.7733	38920.0	27150.0	2.039	1.0
q0[1,115]	0.3176	0.0002469	0.05732	0.05644	0.2033	0.318	0.4286	54470.0	28470.0	2.854	1.0
q0[1,116]	0.5352	0.0001492	0.03907	0.03758	0.4608	0.5344	0.6143	69980.0	29180.0	3.667	1.0
q0[1,117]	0.668	0.000244	0.05515	0.05445	0.5639	0.6664	0.781	52550.0	26590.0	2.753	1.0
q0[1,118]	0.3381	0.0003132	0.07046	0.07015	0.1995	0.3387	0.4768	50700.0	27640.0	2.657	1.0
q0[1,119]	0.7649	0.0003357	0.06918	0.07161	0.63	0.7656	0.8972	42380.0	27840.0	2.22	1.0
q0[1,120]	0.4077	0.0001794	0.04415	0.04321	0.3163	0.4092	0.4906	62180.0	28760.0	3.258	1.0
q0[1,121]	0.749	0.0003293	0.06383	0.06501	0.6294	0.747	0.8781	38210.0	27200.0	2.002	1.0
q0[1,122]	0.7645	0.0005241	0.07757	0.08305	0.6168	0.7642	0.912	21880.0	26300.0	1.146	1.0
q0[1,123]	0.503	0.0005859	0.1006	0.09686	0.3298	0.4919	0.725	32110.0	24600.0	1.682	1.0
q0[1,124]	0.3773	0.0002228	0.04553	0.04461	0.2782	0.3809	0.4568	43960.0	28570.0	2.303	1.0
q0[1,125]	0.5376	0.0001342	0.03594	0.03479	0.4692	0.5366	0.6107	73190.0	28520.0	3.834	1.0
q0[1,126]	0.6086	0.0001768	0.04128	0.04052	0.533	0.6064	0.6958	57380.0	28560.0	3.006	1.0
q0[1,127]	0.6313	0.0003834	0.08284	0.08233	0.4817	0.6268	0.8063	48670.0	27600.0	2.55	1.0
q0[1,128]	0.4243	0.00019	0.04418	0.04309	0.3317	0.4263	0.5061	56190.0	28430.0	2.944	1.0
q0[1,129]	0.6226	0.0002625	0.05402	0.05304	0.5247	0.62	0.7356	44400.0	27690.0	2.326	1.0
q0[1,130]	0.4715	0.0002175	0.04175	0.03954	0.38	0.4747	0.5448	40470.0	25850.0	2.121	1.0
q0[1,131]	0.6247	0.000332	0.06334	0.06143	0.5124	0.62	0.7602	39100.0	24280.0	2.049	1.0
q0[1,132]	0.6151	0.0006549	0.1344	0.143	0.3519	0.6163	0.8636	41830.0	28970.0	2.192	1.0
q0[1,133]	0.3968	0.0002868	0.07044	0.06853	0.251	0.3996	0.5291	61940.0	28850.0	3.245	1.0
q0[1,134]	0.3328	0.0002763	0.05486	0.05472	0.2181	0.3353	0.4328	40790.0	27650.0	2.137	1.0
q0[1,135]	0.4	0.0003163	0.0723	0.06873	0.2609	0.3989	0.5487	53130.0	27680.0	2.783	1.0
q0[1,136]	0.4652	0.0001939	0.04596	0.04424	0.369	0.4668	0.5525	57930.0	28020.0	3.035	1.0
q0[1,137]	0.4364	0.0005384	0.08855	0.07752	0.2782	0.4295	0.6395	30370.0	20340.0	1.591	1.0
q0[1,138]	0.403	0.0002427	0.04754	0.0465	0.3018	0.4061	0.4878	40940.0	27470.0	2.145	1.0
q0[1,139]	0.4136	0.0001647	0.04043	0.03964	0.3297	0.415	0.4879	63070.0	29440.0	3.304	1.0
q0[1,140]	0.4274	0.0001733	0.03771	0.03656	0.3464	0.4299	0.4951	50550.0	27760.0	2.649	1.0
q0[1,141]	0.3912	0.0003621	0.08703	0.08707	0.2263	0.3888	0.5665	57410.0	27810.0	3.008	1.0
q0[1,142]	0.4859	0.0001685	0.03802	0.03567	0.4041	0.4882	0.5554	54130.0	26560.0	2.836	1.0
q0[1,143]	0.2826	0.0003444	0.06109	0.06221	0.1545	0.2861	0.3912	31640.0	29580.0	1.658	1.0
q0[1,144]	0.6417	0.0002424	0.05416	0.05385	0.543	0.6389	0.755	52140.0	27710.0	2.732	1.0
q0[1,145]	0.4023	0.000225	0.04592	0.04495	0.3033	0.4056	0.4823	44980.0	26440.0	2.357	1.0
q0[1,146]	0.4128	0.0002491	0.05543	0.05462	0.2976	0.4153	0.5154	51220.0	27740.0	2.683	1.0
q0[1,147]	0.7812	0.0002712	0.06131	0.062	0.6547	0.7836	0.8942	50080.0	27920.0	2.624	0.9999
q0[1,148]	0.6496	0.0003715	0.06586	0.06587	0.5316	0.6458	0.7879	32500.0	25050.0	1.703	1.0
q0[1,149]	0.663	0.0003147	0.06686	0.0669	0.5279	0.6644	0.7896	45290.0	29240.0	2.373	1.0
q0[1,150]	0.7847	0.000463	0.08279	0.08781	0.6164	0.7892	0.9301	32130.0	28720.0	1.683	1.001
q0[1,151]	0.4807	0.0001802	0.04484	0.04378	0.3903	0.4813	0.5675	62740.0	27580.0	3.287	1.0
q0[1,152]	0.7306	0.0003767	0.07751	0.07921	0.5778	0.7309	0.8796	42210.0	28410.0	2.212	1.0
q0[1,153]	0.5433	0.0001548	0.0342	0.03155	0.4815	0.5409	0.6178	52950.0	26730.0	2.774	1.0
q0[1,154]	0.5786	0.0001978	0.0463	0.04592	0.4909	0.5775	0.673	55650.0	28430.0	2.916	1.0
q0[1,155]	0.4747	0.0001798	0.03973	0.03642	0.399	0.473	0.5591	51870.0	26950.0	2.717	1.0
q0[1,156]	0.5806	0.0006001	0.1111	0.1133	0.3539	0.5848	0.7866	34480.0	28300.0	1.807	1.0
q0[1,157]	0.7064	0.0002898	0.05702	0.05759	0.6004	0.7047	0.823	39470.0	25160.0	2.068	1.0
q0[1,158]	0.7074	0.0006017	0.09232	0.09965	0.5362	0.7058	0.8853	23690.0	26110.0	1.241	1.0
q0[1,159]	0.692	0.0003403	0.08296	0.08326	0.5311	0.691	0.856	59520.0	27140.0	3.118	1.0
q0[2,1]	0.6606	0.0002312	0.05221	0.05185	0.564	0.6584	0.7697	53310.0	28980.0	2.793	1.0
q0[2,2]	0.409	0.0002465	0.05681	0.05564	0.2938	0.4104	0.5173	54010.0	29180.0	2.83	1.0
q0[2,3]	0.6337	0.0001943	0.04509	0.04404	0.5514	0.6314	0.7282	56590.0	28310.0	2.965	1.0
q0[2,4]	0.7192	0.0003177	0.06273	0.06374	0.6046	0.7164	0.8488	39750.0	28780.0	2.083	1.0
q0[2,5]	0.6085	0.0003197	0.05033	0.04647	0.5306	0.6011	0.7273	28070.0	23260.0	1.471	1.0
q0[2,6]	0.5321	0.0001524	0.03959	0.03888	0.456	0.5311	0.6122	67930.0	31230.0	3.559	1.0
q0[2,7]	0.4871	0.000225	0.0571	0.05546	0.3809	0.4851	0.6057	66280.0	29630.0	3.473	1.0
q0[2,8]	0.6246	0.0002246	0.05109	0.04986	0.5299	0.6222	0.7317	53470.0	29710.0	2.801	1.0
q0[2,9]	0.3852	0.0002149	0.0426	0.04166	0.294	0.3882	0.4603	41610.0	27120.0	2.18	1.0
q0[2,10]	0.4669	0.0001465	0.03958	0.03814	0.3869	0.4675	0.5446	73420.0	29960.0	3.847	1.0
q0[2,11]	0.6017	0.0003127	0.06227	0.06097	0.4882	0.5983	0.7327	41340.0	27620.0	2.166	1.0
q0[2,12]	0.4137	0.0002244	0.05338	0.05161	0.304	0.4151	0.5147	58220.0	28090.0	3.05	1.0
q0[2,13]	0.5309	0.0002043	0.05044	0.04945	0.4328	0.5305	0.6319	61450.0	28650.0	3.219	1.0
q0[2,14]	0.5301	0.0001845	0.04895	0.04632	0.4315	0.5298	0.6278	70990.0	28090.0	3.719	1.0
q0[2,15]	0.592	0.0003	0.06329	0.06183	0.4785	0.5884	0.7276	47310.0	25330.0	2.479	1.0
q0[2,16]	0.6334	0.0002213	0.04933	0.04844	0.5436	0.6309	0.7374	53020.0	28180.0	2.778	1.0
q0[2,17]	0.6363	0.000238	0.05207	0.0523	0.5388	0.6346	0.7426	49070.0	27330.0	2.571	1.0
q0[2,18]	0.5121	0.0001638	0.04617	0.04482	0.4217	0.5117	0.6054	79910.0	29420.0	4.187	1.0
q0[2,19]	0.695	0.0003065	0.06078	0.06171	0.5827	0.6931	0.8191	40300.0	26940.0	2.111	1.0
q0[2,20]	0.4159	0.000258	0.06198	0.06191	0.2889	0.4177	0.533	59250.0	26730.0	3.104	1.0
q0[2,21]	0.5967	0.0002352	0.05661	0.05579	0.4883	0.5952	0.7115	58760.0	27790.0	3.079	1.0
q0[2,22]	0.6481	0.0002616	0.05124	0.05017	0.5575	0.6443	0.7579	40080.0	26650.0	2.1	1.0
q0[2,23]	0.4287	0.000564	0.1143	0.1168	0.2154	0.4261	0.6601	41370.0	29350.0	2.167	1.0
q0[2,24]	0.7205	0.0002733	0.05989	0.06075	0.6098	0.7184	0.8434	49190.0	28770.0	2.577	1.0
q0[2,25]	0.4319	0.0002383	0.05311	0.05196	0.3215	0.4346	0.5302	51540.0	27730.0	2.7	1.0
q0[2,26]	0.3711	0.0002661	0.0535	0.05292	0.2602	0.3733	0.4695	41800.0	27710.0	2.19	1.0
q0[2,27]	0.4362	0.0001801	0.04103	0.03989	0.3514	0.4379	0.5127	53790.0	29330.0	2.818	1.0
q0[2,28]	0.3878	0.0002211	0.05085	0.05026	0.2817	0.3901	0.4812	55650.0	27970.0	2.916	1.0
q0[2,29]	0.5658	0.0001864	0.04536	0.04416	0.4833	0.5637	0.6614	62000.0	30020.0	3.248	1.0
q0[2,30]	0.6489	0.000214	0.04697	0.0462	0.5632	0.6464	0.7481	50840.0	28790.0	2.664	1.0
q0[2,31]	0.7671	0.0003988	0.06695	0.07116	0.6425	0.7657	0.8986	27980.0	29520.0	1.466	1.0
q0[2,32]	0.6391	0.000313	0.0637	0.0628	0.5258	0.635	0.7752	44160.0	24750.0	2.314	1.0
q0[2,33]	0.615	0.0001699	0.03909	0.03832	0.544	0.613	0.6971	57110.0	26890.0	2.992	1.0
q0[2,34]	0.6044	0.0006605	0.09641	0.1023	0.4399	0.5974	0.8045	22090.0	24320.0	1.157	1.0
q0[2,35]	0.7174	0.0002427	0.05771	0.05829	0.6096	0.7157	0.8358	58640.0	26040.0	3.072	1.0
q0[2,36]	0.5745	0.0002455	0.05715	0.05649	0.4668	0.5725	0.6919	55330.0	29490.0	2.899	1.0
q0[2,37]	0.6493	0.0002112	0.04415	0.04349	0.5693	0.6469	0.7421	45790.0	27700.0	2.399	1.0
q0[2,38]	0.3348	0.0002356	0.05197	0.05188	0.2289	0.3363	0.4328	49800.0	28800.0	2.609	1.0
q0[2,39]	0.5534	0.0001544	0.0381	0.03646	0.4805	0.5522	0.6321	62660.0	27510.0	3.283	1.0
q0[2,40]	0.3904	0.0002225	0.04985	0.04933	0.2852	0.3927	0.4811	52820.0	27860.0	2.767	1.0
q0[2,41]	0.7209	0.0004731	0.07832	0.08305	0.5801	0.7181	0.8782	27430.0	26700.0	1.437	1.0
q0[2,42]	0.6253	0.0002771	0.05385	0.05295	0.5288	0.6222	0.7406	39820.0	26300.0	2.086	1.0
q0[2,43]	0.5222	0.0001902	0.04837	0.0469	0.4266	0.5222	0.6186	65180.0	26720.0	3.415	1.0
q0[2,44]	0.5912	0.0003534	0.08557	0.08449	0.4286	0.5888	0.7665	59630.0	28410.0	3.124	1.0
q0[2,45]	0.3299	0.0002888	0.0615	0.0608	0.2066	0.3308	0.4486	45700.0	27300.0	2.394	1.0
q0[2,46]	0.5779	0.0002056	0.04574	0.04444	0.4947	0.5755	0.6743	52230.0	28440.0	2.736	1.0
q0[2,47]	0.4341	0.0001573	0.03904	0.03849	0.3542	0.4351	0.5073	63410.0	28140.0	3.322	1.0
q0[2,48]	0.6786	0.0005532	0.1137	0.1159	0.4373	0.6868	0.8752	42410.0	30140.0	2.222	1.0
q0[2,49]	0.7469	0.0004088	0.06658	0.0694	0.6266	0.744	0.8827	26350.0	27740.0	1.38	1.0
q0[2,50]	0.7206	0.000402	0.07675	0.07953	0.5799	0.7179	0.8753	36660.0	27970.0	1.921	1.0
q0[2,51]	0.6933	0.0006265	0.1188	0.1243	0.4427	0.7013	0.8967	36260.0	30310.0	1.9	1.0
q0[2,52]	0.4707	0.00015	0.04183	0.04119	0.3879	0.4708	0.5526	78160.0	28050.0	4.095	1.0
q0[2,53]	0.5782	0.0001882	0.04303	0.04194	0.5	0.576	0.6686	54170.0	30350.0	2.838	1.0
q0[2,54]	0.7049	0.0003438	0.07349	0.07523	0.5679	0.7024	0.853	46330.0	28150.0	2.427	1.0
q0[2,55]	0.8439	0.000273	0.05304	0.05452	0.7329	0.8466	0.9388	37810.0	30220.0	1.981	1.0
q0[2,56]	0.1824	0.0002862	0.04953	0.05093	0.08628	0.1823	0.278	30110.0	30080.0	1.577	1.0
q0[2,57]	0.632	0.0003522	0.08539	0.08554	0.4635	0.6328	0.7976	58590.0	29160.0	3.07	1.0
q0[2,58]	0.6602	0.0002521	0.05977	0.05975	0.5494	0.6577	0.784	58680.0	27780.0	3.075	1.0
q0[2,59]	0.6794	0.0003491	0.06254	0.06281	0.5711	0.6745	0.8145	32900.0	29240.0	1.724	1.0
q0[2,60]	0.4468	0.00028	0.05609	0.05402	0.3288	0.4496	0.5502	41490.0	26620.0	2.174	1.0
q0[2,61]	0.5428	0.0001832	0.04436	0.04305	0.4584	0.5416	0.6339	59480.0	28230.0	3.117	1.0
q0[2,62]	0.5039	0.000154	0.04187	0.04069	0.4212	0.5034	0.5869	74560.0	28570.0	3.906	1.0
q0[2,63]	0.4454	0.0001883	0.04576	0.04395	0.3501	0.4476	0.5307	61360.0	27550.0	3.215	1.0
q0[2,64]	0.4394	0.0002528	0.06182	0.05922	0.3216	0.4381	0.5669	60790.0	29660.0	3.185	1.0
q0[2,65]	0.7142	0.0004219	0.08403	0.08605	0.5574	0.7121	0.8799	39960.0	26850.0	2.093	1.0
q0[2,66]	0.529	0.0001693	0.03974	0.03876	0.4537	0.5278	0.6105	55430.0	28460.0	2.904	1.0
q0[2,67]	0.3837	0.0002111	0.05759	0.05556	0.2669	0.3848	0.4961	75530.0	27500.0	3.957	1.0
q0[2,68]	0.6591	0.0002042	0.04828	0.04795	0.5695	0.6572	0.7589	58810.0	26210.0	3.081	1.0
q0[2,69]	0.3047	0.0003006	0.0586	0.05874	0.1841	0.307	0.4132	38920.0	26840.0	2.039	1.0
q0[2,70]	0.4804	0.0001616	0.04138	0.04053	0.3976	0.4811	0.5601	66630.0	29050.0	3.491	1.0
q0[2,71]	0.5598	0.0002608	0.05979	0.05924	0.4458	0.5581	0.6813	53530.0	28500.0	2.805	1.0
q0[2,72]	0.4685	0.0001964	0.04747	0.04588	0.3709	0.47	0.5584	59940.0	28170.0	3.14	1.0
q0[2,73]	0.1354	0.0002712	0.04745	0.04826	0.05312	0.1321	0.2356	31410.0	27780.0	1.646	1.0
q0[2,74]	0.784	0.0004602	0.07275	0.07795	0.6406	0.7862	0.9165	25030.0	25390.0	1.311	1.0
q0[2,75]	0.7073	0.0004631	0.08698	0.09187	0.5448	0.7054	0.8773	35350.0	26440.0	1.852	1.0
q0[2,76]	0.6332	0.0004011	0.08444	0.08433	0.4717	0.6309	0.8054	44940.0	25690.0	2.355	1.0
q0[2,77]	0.6965	0.0003152	0.05625	0.0568	0.5957	0.6937	0.8134	32770.0	25730.0	1.717	1.0
q0[2,78]	0.7265	0.0005571	0.07991	0.08653	0.587	0.7222	0.8882	20330.0	25030.0	1.065	1.0
q0[2,79]	0.5693	0.0002658	0.05958	0.05619	0.4506	0.5684	0.6897	51230.0	26110.0	2.684	1.0
q0[2,80]	0.6217	0.0002808	0.05377	0.05205	0.5277	0.6171	0.7403	38980.0	27040.0	2.042	1.0
q0[2,81]	0.5219	0.0001597	0.0429	0.0419	0.4399	0.5211	0.6089	72920.0	29930.0	3.82	1.0
q0[2,82]	0.7249	0.0003478	0.06808	0.06951	0.5982	0.7229	0.8618	39050.0	27050.0	2.046	1.0
q0[2,83]	0.5613	0.0002398	0.05337	0.05283	0.4604	0.5599	0.6695	50360.0	30090.0	2.639	1.0
q0[2,84]	0.4632	0.0002862	0.0635	0.06254	0.3353	0.4644	0.5847	49560.0	29040.0	2.597	1.0
q0[2,85]	0.6136	0.0001969	0.04171	0.04066	0.5391	0.6109	0.7026	48400.0	27100.0	2.536	1.0
q0[2,86]	0.4047	0.0002622	0.05749	0.05643	0.2849	0.4075	0.5112	49800.0	28030.0	2.609	1.0
q0[2,87]	0.4776	0.0001442	0.03646	0.03533	0.4027	0.4785	0.5478	65360.0	28720.0	3.424	1.0
q0[2,88]	0.6991	0.0002661	0.05838	0.05837	0.5929	0.6963	0.8217	50120.0	28330.0	2.626	1.0
q0[2,89]	0.5823	0.0002078	0.04555	0.04399	0.4994	0.5798	0.6795	51410.0	25160.0	2.694	1.0
q0[2,90]	0.6395	0.0004169	0.07678	0.07761	0.4983	0.6362	0.7966	34490.0	28560.0	1.807	1.0
q0[2,91]	0.7698	0.0003463	0.06801	0.07041	0.6392	0.7691	0.902	38520.0	31260.0	2.018	1.0
q0[2,92]	0.7271	0.0003306	0.06613	0.06735	0.6028	0.7255	0.8601	40560.0	28520.0	2.125	1.0
q0[2,93]	0.5589	0.0002501	0.05676	0.05503	0.4535	0.5563	0.6773	52870.0	29110.0	2.77	1.0
q0[2,94]	0.5564	0.0001997	0.0463	0.0451	0.4711	0.5546	0.6527	55950.0	27530.0	2.931	1.0
q0[2,95]	0.3173	0.0002703	0.05456	0.05454	0.2045	0.3198	0.4167	42190.0	27320.0	2.21	1.0
q0[2,96]	0.52	0.0003567	0.08281	0.08062	0.3672	0.5157	0.6963	55760.0	28120.0	2.921	1.0
q0[2,97]	0.4958	0.0002469	0.05781	0.05673	0.378	0.4966	0.607	55520.0	29030.0	2.909	1.0
q0[2,98]	0.7546	0.0003338	0.06839	0.07046	0.6245	0.7535	0.8906	42440.0	26720.0	2.223	1.0
q0[2,99]	0.7362	0.0003479	0.06458	0.06635	0.6168	0.734	0.8672	34970.0	29010.0	1.832	1.0
q0[2,100]	0.6379	0.0002692	0.05167	0.05023	0.5489	0.6334	0.7517	39110.0	26690.0	2.049	1.0
q0[2,101]	0.6185	0.0003961	0.0685	0.06961	0.4934	0.6156	0.7594	30450.0	25870.0	1.595	1.0
q0[2,102]	0.7236	0.0002382	0.04921	0.04946	0.6323	0.7215	0.8244	43860.0	27610.0	2.298	1.0
q0[2,103]	0.421	0.0002289	0.05382	0.05099	0.3143	0.4211	0.5295	55420.0	27650.0	2.904	1.0
q0[2,104]	0.4183	0.0002314	0.04929	0.04847	0.3138	0.4209	0.5073	47280.0	28480.0	2.477	1.0
q0[2,105]	0.3314	0.0003154	0.06929	0.06978	0.1906	0.3331	0.4616	48770.0	28360.0	2.555	1.0
q0[2,106]	0.4596	0.0007437	0.1432	0.1414	0.2125	0.4425	0.7697	39400.0	29700.0	2.064	1.0
q0[2,107]	0.536	0.0003209	0.07161	0.0706	0.4064	0.5316	0.6871	51080.0	30230.0	2.676	1.0
q0[2,108]	0.6211	0.0002925	0.06252	0.06179	0.5075	0.6176	0.7524	47940.0	26720.0	2.512	1.0
q0[2,109]	0.424	0.0001693	0.04407	0.0423	0.3369	0.4238	0.5125	68910.0	28120.0	3.61	1.0
q0[2,110]	0.6215	0.0002539	0.04993	0.04882	0.5293	0.6194	0.7264	40120.0	27300.0	2.102	1.0
q0[2,111]	0.6639	0.0002355	0.05817	0.05829	0.5534	0.6624	0.782	62350.0	27580.0	3.266	1.0
q0[2,112]	0.4607	0.000181	0.04325	0.04169	0.3745	0.4611	0.5458	57780.0	26840.0	3.027	1.0
q0[2,113]	0.514	0.0001869	0.04666	0.04492	0.4209	0.5143	0.6067	62960.0	27710.0	3.299	1.0
q0[2,114]	0.7628	0.0002487	0.05549	0.05696	0.6564	0.7625	0.8711	50000.0	27840.0	2.62	1.0
q0[2,115]	0.4032	0.0002407	0.06034	0.05928	0.2806	0.4039	0.5202	64320.0	27410.0	3.37	1.0
q0[2,116]	0.5082	0.0001872	0.04394	0.04184	0.4191	0.5091	0.5941	56240.0	27090.0	2.947	1.0
q0[2,117]	0.604	0.000232	0.05363	0.05268	0.5043	0.6015	0.7157	55220.0	29450.0	2.893	1.0
q0[2,118]	0.3704	0.0002399	0.05867	0.05776	0.2481	0.3732	0.4793	62070.0	29760.0	3.252	1.0
q0[2,119]	0.7176	0.0004177	0.08026	0.08244	0.5646	0.7171	0.8739	37040.0	28070.0	1.941	1.0
q0[2,120]	0.4041	0.0002211	0.04594	0.0447	0.307	0.4066	0.488	45760.0	28140.0	2.397	1.0
q0[2,121]	0.7699	0.0003573	0.0686	0.07133	0.6331	0.7715	0.8969	36760.0	28500.0	1.926	1.0
q0[2,122]	0.8155	0.0003568	0.06084	0.06377	0.6936	0.8171	0.9269	28960.0	28690.0	1.517	1.0
q0[2,123]	0.5726	0.0003605	0.07882	0.07398	0.4252	0.5683	0.7403	49880.0	26340.0	2.613	1.0
q0[2,124]	0.3892	0.0002069	0.04698	0.04562	0.2905	0.3916	0.476	53760.0	27300.0	2.817	1.0
q0[2,125]	0.4085	0.00023	0.0479	0.0461	0.3079	0.4107	0.4975	45440.0	26120.0	2.381	1.0
q0[2,126]	0.4764	0.0002224	0.05147	0.04993	0.3713	0.4778	0.5755	54150.0	28820.0	2.837	1.0
q0[2,127]	0.6408	0.0005476	0.1116	0.1116	0.4055	0.6464	0.8429	41800.0	29170.0	2.19	1.0
q0[2,128]	0.4367	0.0001748	0.04289	0.04164	0.3469	0.4383	0.5169	61910.0	29130.0	3.244	1.0
q0[2,129]	0.6221	0.0002098	0.04845	0.04746	0.5331	0.6199	0.7236	55920.0	28080.0	2.93	1.0
q0[2,130]	0.4319	0.0001781	0.03945	0.03852	0.349	0.4341	0.5036	50980.0	29480.0	2.671	1.0
q0[2,131]	0.7312	0.0002333	0.04716	0.04765	0.6459	0.729	0.8292	41740.0	28920.0	2.187	1.0
q0[2,132]	0.6664	0.0004663	0.1061	0.1086	0.4522	0.6684	0.8644	51500.0	28970.0	2.698	1.0
q0[2,133]	0.3821	0.0004848	0.09635	0.09367	0.1988	0.3805	0.5822	39550.0	27220.0	2.072	1.0
q0[2,134]	0.415	0.0002229	0.05263	0.05194	0.3056	0.4173	0.5124	57920.0	29290.0	3.035	1.0
q0[2,135]	0.4326	0.0003045	0.07341	0.07184	0.2861	0.4336	0.5757	58680.0	27300.0	3.074	1.0
q0[2,136]	0.4516	0.0001994	0.04821	0.04727	0.353	0.4531	0.5435	59890.0	27760.0	3.138	1.0
q0[2,137]	0.526	0.0002487	0.05622	0.05254	0.4227	0.5228	0.646	53800.0	28100.0	2.819	1.0
q0[2,138]	0.4265	0.0001631	0.03752	0.03629	0.3459	0.4288	0.494	55000.0	30300.0	2.882	0.9999
q0[2,139]	0.5135	0.0001692	0.04094	0.03927	0.4297	0.5143	0.5926	59580.0	27210.0	3.121	1.0
q0[2,140]	0.43	0.0001414	0.03376	0.03292	0.3588	0.4316	0.4919	59900.0	28230.0	3.138	1.0
q0[2,141]	0.3724	0.0003538	0.07742	0.07765	0.2179	0.3741	0.5195	48350.0	28630.0	2.533	1.0
q0[2,142]	0.4176	0.00018	0.0411	0.0401	0.3327	0.4192	0.4942	54340.0	26980.0	2.847	1.0
q0[2,143]	0.237	0.0003767	0.06378	0.06663	0.1133	0.2374	0.3583	28560.0	28720.0	1.496	1.0
q0[2,144]	0.6822	0.0002725	0.05983	0.05983	0.5691	0.6803	0.8045	48650.0	26040.0	2.549	1.0
q0[2,145]	0.3294	0.0002106	0.04424	0.04363	0.2344	0.332	0.4094	46240.0	26470.0	2.422	1.0
q0[2,146]	0.4289	0.0002296	0.05607	0.0545	0.3141	0.43	0.5359	60820.0	29110.0	3.186	1.0
q0[2,147]	0.6324	0.0002807	0.06302	0.06106	0.5175	0.6289	0.7669	53500.0	26410.0	2.803	1.0
q0[2,148]	0.6066	0.0001923	0.04668	0.04538	0.521	0.6042	0.7041	61880.0	28180.0	3.242	1.0
q0[2,149]	0.3045	0.0002698	0.05991	0.05889	0.1879	0.3041	0.4244	49540.0	27490.0	2.595	1.0
q0[2,150]	0.8039	0.0004172	0.07762	0.079	0.6368	0.8108	0.9344	36000.0	28790.0	1.886	1.0
q0[2,151]	0.5804	0.0001715	0.04303	0.04232	0.4993	0.5793	0.6678	65090.0	27070.0	3.41	1.0
q0[2,152]	0.7683	0.0002878	0.05903	0.06007	0.6562	0.7674	0.8851	42290.0	27370.0	2.216	1.0
q0[2,153]	0.5183	0.0002136	0.04159	0.03853	0.4425	0.5152	0.6096	42150.0	24080.0	2.208	1.0
q0[2,154]	0.5666	0.000162	0.04196	0.04102	0.4876	0.5652	0.6531	68930.0	28950.0	3.611	1.0
q0[2,155]	0.5664	0.000182	0.04142	0.04006	0.4891	0.5644	0.6532	53820.0	28140.0	2.82	0.9999
q0[2,156]	0.5504	0.0002236	0.05148	0.04968	0.4525	0.5489	0.6563	53250.0	29910.0	2.79	1.0
q0[2,157]	0.5766	0.0002165	0.05251	0.04995	0.4771	0.5744	0.6865	61700.0	27280.0	3.233	1.0
q0[2,158]	0.7984	0.0003241	0.05992	0.06254	0.681	0.799	0.9116	33980.0	29530.0	1.78	1.0
q0[2,159]	0.6415	0.0005705	0.1188	0.1211	0.3933	0.6477	0.8537	43510.0	29170.0	2.28	1.0
