	Mean	MCSE	StdDev	MAD	2.5%	50%	97.5%	ESS_bulk	ESS_tail	ESS_bulk/s	R_hat
lp__	-30600.0	0.4527	36.6	36.82	-30680.0	-30600.0	-30530.0	6557.0	15020.0	0.05563	1.0
theta_mu[1,1]	1.13	0.001606	0.09924	0.09873	0.9432	1.127	1.331	3847.0	9354.0	0.03264	1.001
theta_mu[1,2]	1.174	0.001739	0.1054	0.1052	0.9764	1.171	1.388	3671.0	8590.0	0.03115	1.001
theta_mu[2,1]	0.2772	0.0004673	0.0219	0.02174	0.234	0.2773	0.3202	2200.0	4974.0	0.01867	1.001
theta_mu[2,2]	0.232	0.0004798	0.02197	0.02203	0.1887	0.2321	0.2748	2110.0	4764.0	0.01791	1.001
theta_mu[3,1]	-0.03177	0.0004045	0.01931	0.0192	-0.06952	-0.03181	0.006042	2277.0	4605.0	0.01932	1.001
theta_mu[3,2]	-0.01382	0.0003909	0.01904	0.01886	-0.05106	-0.01396	0.02393	2372.0	4995.0	0.02013	1.001
theta_mu[4,1]	-1.204	0.001127	0.07695	0.07656	-1.357	-1.204	-1.055	4677.0	9733.0	0.03968	1.001
theta_mu[4,2]	-1.2	0.001346	0.08222	0.08163	-1.363	-1.199	-1.04	3730.0	7465.0	0.03165	1.001
theta_c_pr[1,1]	1.948	0.003222	0.6275	0.626	0.8434	1.91	3.283	38530.0	30800.0	0.3269	1.0
theta_c_pr[1,2]	-0.9416	0.0021	0.1343	0.1337	-1.211	-0.9396	-0.6844	4128.0	10610.0	0.03502	1.001
theta_c_pr[1,3]	0.6326	0.003462	0.5319	0.498	-0.1836	0.5518	1.891	24470.0	26260.0	0.2076	1.0
theta_c_pr[1,4]	-0.7357	0.003239	0.3072	0.2267	-1.162	-0.7919	0.04872	8006.0	14230.0	0.06793	1.001
theta_c_pr[1,5]	1.435	0.01558	0.9793	1.038	-0.3272	1.516	3.242	4290.0	10190.0	0.0364	1.001
theta_c_pr[1,6]	-0.3932	0.002568	0.2958	0.2464	-0.8394	-0.4384	0.3241	13130.0	17740.0	0.1114	1.0
theta_c_pr[1,7]	1.412	0.003261	0.5059	0.494	0.5569	1.364	2.535	24820.0	27380.0	0.2106	1.0
theta_c_pr[1,8]	-0.2849	0.002059	0.1915	0.1853	-0.6335	-0.2946	0.1197	8537.0	18300.0	0.07243	1.0
theta_c_pr[1,9]	-0.1483	0.003227	0.4086	0.35	-0.7384	-0.2199	0.8663	16570.0	19610.0	0.1406	1.0
theta_c_pr[1,10]	-0.9118	0.003756	0.3443	0.2042	-1.324	-0.9837	0.07369	7875.0	11100.0	0.06681	1.0
theta_c_pr[1,11]	0.3707	0.003428	0.5575	0.5265	-0.4699	0.281	1.68	27850.0	26260.0	0.2363	1.0
theta_c_pr[1,12]	1.35	0.003524	0.5965	0.5912	0.3509	1.295	2.664	29310.0	28530.0	0.2486	1.0
theta_c_pr[1,13]	-0.9145	0.004335	0.3813	0.2157	-1.348	-0.9989	0.1772	8026.0	9773.0	0.06809	1.001
theta_c_pr[1,14]	-0.7662	0.005048	0.8114	0.6693	-1.935	-0.9705	1.191	29790.0	26880.0	0.2528	1.0
theta_c_pr[1,15]	0.3018	0.003525	0.5351	0.4873	-0.4726	0.2069	1.589	23790.0	26270.0	0.2018	1.0
theta_c_pr[1,16]	-0.868	0.004252	0.3426	0.1957	-1.272	-0.937	0.1145	6832.0	8367.0	0.05797	1.0
theta_c_pr[1,17]	0.2202	0.00581	0.4263	0.314	-0.3528	0.1418	1.387	8190.0	5017.0	0.06949	1.001
theta_c_pr[1,18]	-0.5939	0.003388	0.3537	0.2684	-1.07	-0.6609	0.3113	11880.0	14180.0	0.1008	1.0
theta_c_pr[1,19]	0.01616	0.004167	0.7187	0.7117	-1.044	-0.09463	1.662	28990.0	26970.0	0.246	1.0
theta_c_pr[1,20]	1.961	0.00309	0.613	0.6084	0.8872	1.917	3.277	39860.0	31480.0	0.3382	1.0
theta_c_pr[1,21]	-0.7379	0.002439	0.2094	0.1785	-1.078	-0.7588	-0.265	6988.0	13830.0	0.05929	1.001
theta_c_pr[1,22]	-1.229	0.003937	0.1947	0.1448	-1.535	-1.237	-0.928	3352.0	4530.0	0.02844	1.003
theta_c_pr[1,23]	0.2927	0.002552	0.2681	0.2609	-0.1758	0.2724	0.8751	10900.0	21270.0	0.0925	1.0
theta_c_pr[1,24]	0.54	0.005412	0.6646	0.6676	-0.4567	0.4418	2.052	14650.0	26980.0	0.1243	1.0
theta_c_pr[1,25]	0.7737	0.002687	0.3994	0.3816	0.1062	0.7352	1.661	22990.0	25340.0	0.1951	1.0
theta_c_pr[1,26]	1.725	0.003187	0.6151	0.6096	0.6478	1.677	3.056	38180.0	29880.0	0.3239	1.0
theta_c_pr[1,27]	0.8093	0.003373	0.551	0.5249	-0.07394	0.7407	2.071	27220.0	27380.0	0.231	1.0
theta_c_pr[1,28]	-0.3315	0.005111	0.6781	0.5827	-1.179	-0.5125	1.359	17590.0	22910.0	0.1492	1.0
theta_c_pr[1,29]	-0.6752	0.002721	0.2612	0.2076	-1.069	-0.7123	-0.04435	9265.0	14920.0	0.07861	1.0
theta_c_pr[1,30]	-0.5112	0.003442	0.4007	0.2912	-1.03	-0.6026	0.5687	13640.0	16590.0	0.1157	1.0
theta_c_pr[1,31]	2.244	0.00326	0.6202	0.6224	1.123	2.212	3.54	36860.0	31510.0	0.3127	1.0
theta_c_pr[1,32]	-0.7491	0.00619	0.7007	0.4471	-1.51	-1.001	1.124	13250.0	19060.0	0.1124	1.0
theta_c_pr[1,33]	-0.5825	0.004901	0.628	0.4555	-1.319	-0.7769	1.078	16960.0	21850.0	0.1439	1.0
theta_c_pr[1,34]	-0.5802	0.0047	0.7615	0.658	-1.61	-0.7695	1.259	28900.0	28380.0	0.2452	1.0
theta_c_pr[1,35]	-0.6551	0.002217	0.2024	0.1815	-1.002	-0.6724	-0.2097	7946.0	15280.0	0.06742	1.0
theta_c_pr[1,36]	0.8182	0.003717	0.3944	0.383	0.1418	0.7854	1.685	10670.0	21640.0	0.09052	1.0
theta_c_pr[1,37]	-0.4882	0.005364	0.7122	0.597	-1.35	-0.6921	1.291	17140.0	19530.0	0.1454	1.0
theta_c_pr[1,38]	2.727	0.003193	0.6277	0.6283	1.59	2.697	4.027	39010.0	30090.0	0.331	1.0
theta_c_pr[1,39]	1.945	0.003196	0.5896	0.5847	0.9154	1.903	3.213	34600.0	29740.0	0.2936	1.0
theta_c_pr[1,40]	-0.6422	0.005069	0.7699	0.6411	-1.643	-0.8563	1.239	25240.0	26360.0	0.2142	1.0
theta_c_pr[1,41]	-0.8317	0.002193	0.1659	0.1565	-1.142	-0.836	-0.4952	5631.0	13030.0	0.04778	1.001
theta_c_pr[1,42]	0.08751	0.004873	0.7108	0.6984	-0.9128	-0.04636	1.75	20910.0	28480.0	0.1774	1.0
theta_c_pr[1,43]	0.5985	0.003619	0.5893	0.5601	-0.309	0.5132	1.961	27760.0	26840.0	0.2355	1.0
theta_c_pr[1,44]	-0.5185	0.004652	0.7851	0.7301	-1.613	-0.6863	1.345	31730.0	28200.0	0.2692	1.0
theta_c_pr[1,45]	0.4311	0.003812	0.5769	0.5482	-0.434	0.3446	1.782	23950.0	26350.0	0.2032	1.0
theta_c_pr[1,46]	0.1044	0.00424	0.7245	0.7202	-0.9996	0.004846	1.761	28840.0	28660.0	0.2447	1.0
theta_c_pr[1,47]	0.1328	0.002473	0.2689	0.258	-0.3293	0.109	0.7195	11600.0	22370.0	0.09839	1.0
theta_c_pr[1,48]	-0.198	0.002214	0.2157	0.208	-0.5782	-0.2119	0.2638	9411.0	16980.0	0.07985	1.0
theta_c_pr[1,49]	-0.6395	0.005601	0.7151	0.533	-1.462	-0.8713	1.187	16640.0	21130.0	0.1412	1.0
theta_c_pr[1,50]	-0.3592	0.005238	0.7659	0.7242	-1.361	-0.5344	1.46	20500.0	24170.0	0.1739	1.0
theta_c_pr[1,51]	-0.8029	0.005045	0.7562	0.5647	-1.796	-1.026	1.096	24640.0	27040.0	0.2091	1.0
theta_c_pr[1,52]	-0.8155	0.006287	0.6812	0.3994	-1.545	-1.066	1.023	12750.0	19020.0	0.1082	1.0
theta_c_pr[1,53]	0.1859	0.002994	0.4209	0.3707	-0.4454	0.1178	1.217	19580.0	22600.0	0.1661	1.0
theta_c_pr[1,54]	0.4932	0.003214	0.3554	0.3381	-0.09844	0.4557	1.29	12060.0	22660.0	0.1023	1.0
theta_c_pr[1,55]	-0.9722	0.004006	0.3522	0.2028	-1.387	-1.044	0.03754	7619.0	9783.0	0.06465	1.0
theta_c_pr[1,56]	-0.6955	0.004861	0.8026	0.6941	-1.83	-0.8931	1.205	30520.0	28110.0	0.259	1.0
theta_c_pr[1,57]	-0.266	0.003436	0.4224	0.3348	-0.8399	-0.3547	0.8084	16290.0	19440.0	0.1382	1.0
theta_c_pr[1,58]	0.1576	0.002913	0.4028	0.375	-0.4691	0.1032	1.092	19300.0	24470.0	0.1637	1.0
theta_c_pr[1,59]	-0.5301	0.002602	0.2403	0.1978	-0.9007	-0.5607	0.03729	8693.0	14690.0	0.07376	1.0
theta_c_pr[1,60]	-0.2559	0.002213	0.2176	0.2043	-0.633	-0.2727	0.2232	9546.0	16830.0	0.08099	1.0
theta_c_pr[1,61]	0.3634	0.01438	0.8894	0.9687	-0.8508	0.1919	2.308	4313.0	24880.0	0.03659	1.001
theta_c_pr[1,62]	0.785	0.003477	0.6121	0.6006	-0.1962	0.7156	2.177	32800.0	27070.0	0.2783	1.0
theta_c_pr[1,63]	-0.4368	0.004856	0.6893	0.5878	-1.29	-0.6269	1.294	20180.0	24540.0	0.1712	1.0
theta_c_pr[1,64]	-0.2293	0.004401	0.7395	0.7237	-1.286	-0.3584	1.509	29310.0	28090.0	0.2487	1.0
theta_c_pr[1,65]	-0.4173	0.005189	0.7549	0.7195	-1.41	-0.5875	1.375	20960.0	23610.0	0.1779	1.0
theta_c_pr[1,66]	0.7237	0.005042	0.525	0.4993	-0.07665	0.6393	1.933	11860.0	22600.0	0.1006	1.001
theta_c_pr[1,67]	-0.5259	0.004716	0.6265	0.4731	-1.265	-0.7126	1.095	18540.0	23320.0	0.1573	1.0
theta_c_pr[1,68]	-0.4169	0.004896	0.7575	0.7221	-1.429	-0.5823	1.378	25380.0	27890.0	0.2153	1.0
theta_c_pr[1,69]	1.761	0.003257	0.6037	0.6014	0.7104	1.715	3.054	35200.0	28660.0	0.2987	1.0
theta_c_pr[1,70]	0.13	0.00403	0.6573	0.6273	-0.8219	0.01619	1.677	27820.0	28440.0	0.236	1.0
theta_c_pr[1,71]	0.5297	0.003192	0.4841	0.463	-0.2311	0.4663	1.65	24060.0	25070.0	0.2041	1.0
theta_c_pr[1,72]	-0.9251	0.006417	0.7166	0.4289	-1.768	-1.163	1.013	14680.0	19440.0	0.1245	1.0
theta_c_pr[1,73]	-0.9926	0.005389	0.7901	0.5521	-2.115	-1.214	1.024	24920.0	26600.0	0.2114	1.0
theta_c_pr[1,74]	-0.9359	0.002511	0.1926	0.1614	-1.258	-0.9495	-0.5311	5753.0	11690.0	0.04881	1.0
theta_c_pr[1,75]	-1.079	0.00613	0.6369	0.3197	-1.822	-1.265	0.758	12550.0	16060.0	0.1065	1.0
theta_c_pr[1,76]	-0.7124	0.004847	0.8158	0.6835	-1.895	-0.9128	1.254	31790.0	28770.0	0.2697	1.0
theta_c_pr[1,77]	-0.7769	0.005388	0.748	0.5344	-1.704	-1.013	1.133	21700.0	26360.0	0.1842	1.0
theta_c_pr[1,78]	-0.2233	0.004991	0.7355	0.7197	-1.235	-0.3694	1.5	20290.0	22120.0	0.1721	1.0
theta_c_pr[1,79]	-0.8307	0.005546	0.7798	0.569	-1.83	-1.076	1.125	22740.0	26790.0	0.1929	1.0
theta_c_pr[1,80]	0.4265	0.006969	0.7176	0.7477	-0.6186	0.3182	2.045	10260.0	24640.0	0.08709	1.0
theta_c_pr[1,81]	0.7565	0.004095	0.6934	0.7001	-0.3864	0.6863	2.272	27670.0	28880.0	0.2348	1.0
theta_c_pr[1,82]	-0.5198	0.005395	0.6836	0.5114	-1.321	-0.7291	1.268	16520.0	23670.0	0.1402	1.0
theta_c_pr[1,83]	1.325	0.003422	0.6474	0.6483	0.2025	1.279	2.712	35940.0	29080.0	0.3049	1.0
theta_c_pr[1,84]	0.4182	0.003494	0.5514	0.5205	-0.4185	0.3343	1.713	26560.0	25690.0	0.2253	1.0
theta_c_pr[1,85]	1.298	0.003127	0.5715	0.559	0.3259	1.243	2.554	34420.0	27460.0	0.292	1.0
theta_c_pr[1,86]	1.871	0.003225	0.5354	0.5311	0.9297	1.836	3.004	27930.0	28970.0	0.237	1.0
theta_c_pr[1,87]	1.255	0.003411	0.6168	0.6076	0.2201	1.198	2.62	33090.0	29400.0	0.2808	1.0
theta_c_pr[1,88]	-0.627	0.005575	0.6732	0.4746	-1.386	-0.8517	1.153	14380.0	17150.0	0.122	1.0
theta_c_pr[1,89]	0.5159	0.004249	0.5094	0.5064	-0.3099	0.4604	1.654	13610.0	24500.0	0.1155	1.0
theta_c_pr[1,90]	-0.04135	0.004062	0.6621	0.623	-0.9737	-0.1666	1.531	27060.0	26340.0	0.2296	1.0
theta_c_pr[1,91]	-0.6919	0.002207	0.1902	0.1768	-1.032	-0.7033	-0.2782	7185.0	14370.0	0.06096	1.001
theta_c_pr[1,92]	-0.8141	0.005692	0.708	0.4618	-1.638	-1.054	1.058	16590.0	22330.0	0.1408	1.0
theta_c_pr[1,93]	0.5289	0.003655	0.5997	0.5788	-0.3896	0.4404	1.915	27620.0	28510.0	0.2344	1.0
theta_c_pr[1,94]	-0.4093	0.003651	0.4414	0.3325	-0.9744	-0.511	0.7781	14910.0	17820.0	0.1265	1.0
theta_c_pr[1,95]	0.3702	0.002704	0.3445	0.33	-0.2068	0.3382	1.134	16050.0	23970.0	0.1361	1.0
theta_c_pr[1,96]	0.1669	0.004511	0.7036	0.6958	-0.91	0.07557	1.762	20540.0	16690.0	0.1742	1.0
theta_c_pr[1,97]	-0.2136	0.004574	0.749	0.7472	-1.281	-0.3383	1.507	25920.0	25400.0	0.2199	1.0
theta_c_pr[1,98]	0.3622	0.003373	0.4216	0.382	-0.277	0.2996	1.376	15030.0	22750.0	0.1275	1.0
theta_c_pr[1,99]	-0.4804	0.005206	0.7555	0.6902	-1.43	-0.6732	1.358	21250.0	22230.0	0.1803	1.0
theta_c_pr[1,100]	0.05497	0.01091	0.7119	0.4583	-0.7459	-0.1797	1.966	6188.0	10050.0	0.05251	1.001
theta_c_pr[1,101]	0.2759	0.003973	0.6773	0.6637	-0.7482	0.1738	1.837	29700.0	27760.0	0.2519	1.0
theta_c_pr[1,102]	-0.611	0.004722	0.7873	0.6896	-1.72	-0.7896	1.29	30880.0	27340.0	0.262	1.0
theta_c_pr[1,103]	-0.1229	0.007652	0.7049	0.6056	-1.005	-0.3199	1.609	9076.0	21830.0	0.07701	1.001
theta_c_pr[1,104]	-0.06299	0.006014	0.7556	0.7383	-1.079	-0.221	1.726	15120.0	24240.0	0.1283	1.0
theta_c_pr[1,105]	0.4236	0.002711	0.324	0.3085	-0.1201	0.3916	1.145	13900.0	23490.0	0.1179	1.0
theta_c_pr[1,106]	-1.112	0.002282	0.1428	0.1409	-1.398	-1.11	-0.8399	3955.0	9932.0	0.03355	1.001
theta_c_pr[1,107]	-1.365	0.006054	0.4716	0.2239	-1.966	-1.44	0.1153	6786.0	6872.0	0.05758	1.001
theta_c_pr[1,108]	-0.6412	0.004776	0.8196	0.7464	-1.816	-0.8201	1.299	32620.0	29180.0	0.2768	1.0
theta_c_pr[1,109]	0.2843	0.00409	0.6085	0.5662	-0.5979	0.1775	1.757	22600.0	25910.0	0.1918	1.0
theta_c_pr[1,110]	0.1184	0.004356	0.6851	0.6689	-0.8947	0.01194	1.712	24600.0	28430.0	0.2087	1.0
theta_c_pr[1,111]	-1.044	0.002526	0.163	0.1534	-1.351	-1.047	-0.7193	4219.0	10330.0	0.0358	1.001
theta_c_pr[1,112]	0.2793	0.002716	0.3608	0.3309	-0.2901	0.2332	1.118	17750.0	21670.0	0.1506	1.0
theta_c_pr[1,113]	-0.6424	0.004576	0.5321	0.3377	-1.243	-0.8007	0.8498	14540.0	18040.0	0.1234	1.0
theta_c_pr[1,114]	0.9672	0.003836	0.3987	0.3895	0.2684	0.9361	1.825	10480.0	23380.0	0.08896	1.0
theta_c_pr[1,115]	0.01305	0.005091	0.6836	0.6254	-0.8848	-0.1505	1.66	17800.0	25090.0	0.151	1.0
theta_c_pr[1,116]	1.761	0.003464	0.6171	0.6132	0.7072	1.705	3.105	32790.0	31230.0	0.2782	1.0
theta_c_pr[1,117]	0.1018	0.004145	0.6594	0.6353	-0.8468	-0.01169	1.658	24650.0	27690.0	0.2091	1.0
theta_c_pr[1,118]	-0.1525	0.003834	0.5417	0.4486	-0.8665	-0.2762	1.216	21710.0	22900.0	0.1842	1.0
theta_c_pr[1,119]	-0.9935	0.002587	0.1786	0.1625	-1.314	-1.003	-0.6046	4761.0	11900.0	0.0404	1.001
theta_c_pr[1,120]	0.06915	0.003501	0.3867	0.3175	-0.4896	0.005769	1.057	12580.0	15000.0	0.1067	1.0
theta_c_pr[1,121]	-0.3919	0.005052	0.7501	0.7114	-1.373	-0.5568	1.398	21410.0	24880.0	0.1817	1.0
theta_c_pr[1,122]	0.1232	0.00243	0.2859	0.264	-0.3515	0.09333	0.7707	13370.0	21480.0	0.1134	1.0
theta_c_pr[1,123]	-0.2991	0.002625	0.2982	0.2656	-0.7673	-0.3396	0.3991	12690.0	19990.0	0.1077	1.0
theta_c_pr[1,124]	1.059	0.00346	0.5452	0.5267	0.1622	0.999	2.294	25350.0	26640.0	0.2151	1.0
theta_c_pr[1,125]	-0.8949	0.002109	0.1522	0.148	-1.187	-0.8969	-0.589	5208.0	11770.0	0.04419	1.001
theta_c_pr[1,126]	-0.5031	0.002339	0.2274	0.2003	-0.8776	-0.5275	0.01189	9180.0	17300.0	0.07789	1.0
theta_c_pr[1,127]	-0.2362	0.002135	0.2138	0.2065	-0.6137	-0.2506	0.2252	9762.0	19740.0	0.08282	1.0
theta_c_pr[1,128]	0.4121	0.003099	0.452	0.4216	-0.295	0.3483	1.468	21710.0	26150.0	0.1842	1.0
theta_c_pr[1,129]	1.277	0.00319	0.6016	0.5876	0.2576	1.221	2.599	36380.0	29830.0	0.3087	1.0
theta_c_pr[1,130]	0.8211	0.01088	0.8271	0.9379	-0.4782	0.7731	2.527	6008.0	21030.0	0.05098	1.001
theta_c_pr[1,131]	-1.174	0.006108	0.7153	0.3942	-2.164	-1.355	0.7968	16540.0	18230.0	0.1404	1.0
theta_c_pr[1,132]	-0.7609	0.00499	0.8046	0.6514	-1.892	-0.9742	1.182	29900.0	27850.0	0.2537	1.0
theta_c_pr[1,133]	0.6911	0.003353	0.5236	0.4844	-0.1132	0.6103	1.92	26100.0	25230.0	0.2214	1.0
theta_c_pr[1,134]	-0.504	0.005072	0.7756	0.7242	-1.531	-0.6774	1.35	24320.0	27080.0	0.2063	1.0
theta_c_pr[1,135]	0.9346	0.005399	0.5975	0.5361	0.05739	0.8313	2.405	17440.0	19820.0	0.148	1.0
theta_c_pr[1,136]	0.707	0.00337	0.546	0.5287	-0.1543	0.6365	1.954	27770.0	25980.0	0.2356	1.0
theta_c_pr[1,137]	1.739	0.002986	0.5663	0.559	0.7459	1.698	2.961	36510.0	31090.0	0.3098	1.0
theta_c_pr[1,138]	-0.1228	0.003328	0.4432	0.3763	-0.7481	-0.2062	0.9898	18400.0	20980.0	0.1561	1.0
theta_c_pr[1,139]	0.07802	0.004339	0.6131	0.5815	-0.7923	-0.03447	1.54	19620.0	25440.0	0.1665	1.0
theta_c_pr[1,140]	0.4948	0.003728	0.5958	0.5653	-0.396	0.3993	1.905	26360.0	28140.0	0.2236	1.0
theta_c_pr[1,141]	-0.5827	0.002356	0.2203	0.1954	-0.9471	-0.6038	-0.1001	8479.0	17060.0	0.07194	1.001
theta_c_pr[1,142]	-0.2343	0.004705	0.4574	0.3165	-0.8001	-0.347	1.02	10100.0	13670.0	0.08566	1.0
theta_c_pr[1,143]	-0.4341	0.002183	0.2074	0.1958	-0.7966	-0.4488	0.02438	8905.0	17460.0	0.07555	1.0
theta_c_pr[1,144]	-0.6933	0.004689	0.5986	0.4121	-1.401	-0.8688	0.9342	17950.0	20110.0	0.1523	1.0
theta_c_pr[1,145]	-0.6018	0.002383	0.237	0.2058	-0.9868	-0.6296	-0.04998	9416.0	15460.0	0.07989	1.0
theta_c_pr[1,146]	-0.8912	0.002834	0.2387	0.1778	-1.242	-0.92	-0.3286	6979.0	12560.0	0.05921	1.0
theta_c_pr[1,147]	-0.5229	0.002604	0.2403	0.1995	-0.901	-0.5514	0.0358	8555.0	13920.0	0.07259	1.0
theta_c_pr[1,148]	0.5239	0.003576	0.5535	0.5227	-0.318	0.441	1.822	24160.0	25580.0	0.205	1.0
theta_c_pr[1,149]	0.7068	0.003753	0.6263	0.6153	-0.2998	0.6342	2.126	28000.0	26720.0	0.2376	1.0
theta_c_pr[1,150]	0.3295	0.02559	0.6607	0.3299	-0.3581	0.1467	2.369	1195.0	1217.0	0.01014	1.002
theta_c_pr[1,151]	0.4055	0.003322	0.5141	0.4817	-0.4005	0.3385	1.616	25040.0	24320.0	0.2124	1.0
theta_c_pr[1,152]	-0.2062	0.004094	0.5956	0.5135	-0.9928	-0.3421	1.303	23310.0	25110.0	0.1978	1.0
theta_c_pr[1,153]	-0.8793	0.005339	0.7932	0.5734	-1.962	-1.116	1.114	26090.0	26120.0	0.2213	1.0
theta_c_pr[1,154]	-0.1989	0.005331	0.7493	0.7539	-1.261	-0.3208	1.539	17870.0	18450.0	0.1516	1.0
theta_c_pr[1,155]	-0.4597	0.005011	0.7553	0.6887	-1.435	-0.6482	1.368	23690.0	26680.0	0.201	1.0
theta_c_pr[2,1]	0.2045	0.001816	0.2339	0.2322	-0.2404	0.2	0.6791	16540.0	24200.0	0.1403	1.0
theta_c_pr[2,2]	-0.2115	0.00186	0.1712	0.1695	-0.5435	-0.2128	0.1301	8490.0	17570.0	0.07203	1.0
theta_c_pr[2,3]	-0.8222	0.002133	0.1849	0.1827	-1.191	-0.8198	-0.4646	7516.0	16540.0	0.06377	1.0
theta_c_pr[2,4]	1.937	0.002227	0.3203	0.3189	1.354	1.922	2.598	20850.0	25480.0	0.1769	1.0
theta_c_pr[2,5]	-1.219	0.00232	0.2138	0.213	-1.645	-1.218	-0.808	8478.0	18920.0	0.07193	1.0
theta_c_pr[2,6]	-1.229	0.002302	0.189	0.1874	-1.607	-1.226	-0.8638	6752.0	15010.0	0.05729	1.0
theta_c_pr[2,7]	-0.3394	0.001955	0.2535	0.2541	-0.8314	-0.3413	0.1608	16890.0	23850.0	0.1433	1.0
theta_c_pr[2,8]	-0.8955	0.002202	0.2019	0.1996	-1.3	-0.8928	-0.5059	8394.0	18680.0	0.07122	1.0
theta_c_pr[2,9]	-0.1735	0.002001	0.1798	0.1781	-0.5251	-0.1756	0.1864	8123.0	19010.0	0.06892	1.0
theta_c_pr[2,10]	0.1483	0.001931	0.1682	0.1688	-0.1751	0.1457	0.4831	7645.0	17650.0	0.06486	1.0
theta_c_pr[2,11]	-0.2803	0.001978	0.1775	0.1768	-0.6249	-0.2827	0.07167	8059.0	16840.0	0.06838	1.0
theta_c_pr[2,12]	-0.7182	0.002096	0.2006	0.2008	-1.112	-0.7166	-0.3297	9229.0	19240.0	0.0783	1.0
theta_c_pr[2,13]	-0.01796	0.001872	0.1594	0.1603	-0.3243	-0.01903	0.2987	7232.0	15230.0	0.06136	1.0
theta_c_pr[2,14]	2.448	0.002508	0.4271	0.4211	1.686	2.422	3.358	29760.0	24700.0	0.2525	1.0
theta_c_pr[2,15]	-1.103	0.002276	0.1892	0.1909	-1.482	-1.102	-0.7416	6909.0	16770.0	0.05862	1.0
theta_c_pr[2,16]	0.2988	0.001827	0.1781	0.1783	-0.03989	0.2958	0.6588	9531.0	19830.0	0.08086	1.0
theta_c_pr[2,17]	-0.9922	0.002145	0.211	0.209	-1.412	-0.9888	-0.5847	9695.0	20150.0	0.08225	1.0
theta_c_pr[2,18]	-1.148	0.002283	0.1669	0.1665	-1.486	-1.145	-0.8306	5337.0	13800.0	0.04528	1.001
theta_c_pr[2,19]	-0.5663	0.00207	0.1433	0.1421	-0.8525	-0.5659	-0.287	4814.0	12060.0	0.04084	1.0
theta_c_pr[2,20]	-0.1741	0.001909	0.2299	0.2298	-0.6177	-0.178	0.2854	14500.0	22590.0	0.123	1.0
theta_c_pr[2,21]	-0.4319	0.001967	0.1691	0.1678	-0.7625	-0.4317	-0.09923	7354.0	18160.0	0.0624	1.0
theta_c_pr[2,22]	2.036	0.002192	0.3388	0.3379	1.415	2.02	2.75	24010.0	26190.0	0.2037	1.0
theta_c_pr[2,23]	0.868	0.00207	0.2964	0.2935	0.3213	0.8559	1.484	20690.0	24970.0	0.1755	1.0
theta_c_pr[2,24]	-0.1082	0.001944	0.193	0.1919	-0.478	-0.111	0.2763	9920.0	20460.0	0.08417	1.0
theta_c_pr[2,25]	-1.598	0.002534	0.2586	0.2565	-2.127	-1.591	-1.117	10390.0	19410.0	0.08814	1.0
theta_c_pr[2,26]	-0.3013	0.001941	0.2148	0.2127	-0.7208	-0.3001	0.1214	12280.0	21830.0	0.1042	1.0
theta_c_pr[2,27]	0.03206	0.001923	0.2045	0.2018	-0.3628	0.02746	0.4425	11330.0	21150.0	0.09614	1.0
theta_c_pr[2,28]	-0.2031	0.001932	0.1524	0.1512	-0.498	-0.2036	0.09964	6243.0	15070.0	0.05297	1.0
theta_c_pr[2,29]	0.3123	0.001839	0.1912	0.1897	-0.0517	0.3072	0.6973	10800.0	20410.0	0.09167	1.0
theta_c_pr[2,30]	-0.318	0.001976	0.1729	0.1714	-0.657	-0.3175	0.02172	7675.0	14110.0	0.06512	1.0
theta_c_pr[2,31]	0.2736	0.001834	0.2508	0.2484	-0.1986	0.2667	0.789	18750.0	25150.0	0.1591	1.0
theta_c_pr[2,32]	0.2216	0.001936	0.1754	0.173	-0.1059	0.2171	0.5781	8227.0	18860.0	0.0698	1.0
theta_c_pr[2,33]	1.892	0.002202	0.3168	0.3136	1.314	1.879	2.549	20820.0	23810.0	0.1766	1.0
theta_c_pr[2,34]	1.815	0.002284	0.3275	0.3254	1.224	1.8	2.504	20830.0	26070.0	0.1767	1.0
theta_c_pr[2,35]	-0.2008	0.001901	0.1777	0.1773	-0.5462	-0.2015	0.1479	8804.0	19680.0	0.0747	1.0
theta_c_pr[2,36]	0.1796	0.00187	0.2716	0.2694	-0.3352	0.1732	0.7323	21180.0	26550.0	0.1797	1.0
theta_c_pr[2,37]	-0.926	0.00214	0.1482	0.1474	-1.22	-0.9247	-0.6371	4773.0	11520.0	0.0405	1.0
theta_c_pr[2,38]	0.08281	0.001908	0.2725	0.2718	-0.4382	0.07642	0.639	20430.0	22900.0	0.1733	1.0
theta_c_pr[2,39]	0.3917	0.001932	0.2801	0.2768	-0.1377	0.3843	0.9613	21040.0	23960.0	0.1785	1.0
theta_c_pr[2,40]	2.444	0.00249	0.4172	0.4079	1.696	2.42	3.331	28890.0	24620.0	0.2451	1.0
theta_c_pr[2,41]	3.241	0.002656	0.4653	0.4612	2.39	3.223	4.218	31550.0	25070.0	0.2677	1.0
theta_c_pr[2,42]	0.4689	0.001855	0.1876	0.1867	0.1123	0.4653	0.8504	10280.0	20500.0	0.08725	1.0
theta_c_pr[2,43]	-0.3411	0.001964	0.181	0.1808	-0.6957	-0.3428	0.01691	8497.0	16510.0	0.07209	1.0
theta_c_pr[2,44]	0.5566	0.001921	0.1961	0.1944	0.1949	0.5495	0.9621	10380.0	20720.0	0.08806	1.0
theta_c_pr[2,45]	-1.049	0.002232	0.1745	0.174	-1.397	-1.048	-0.7154	6076.0	16130.0	0.05155	1.001
theta_c_pr[2,46]	1.747	0.002114	0.3018	0.2995	1.196	1.734	2.373	20500.0	24800.0	0.1739	1.0
theta_c_pr[2,47]	-0.2928	0.001894	0.2028	0.2011	-0.6834	-0.2956	0.1122	11470.0	21010.0	0.09735	1.0
theta_c_pr[2,48]	0.4269	0.001865	0.2256	0.2237	-0.0009044	0.4223	0.8822	14740.0	23350.0	0.1251	1.0
theta_c_pr[2,49]	0.3536	0.001865	0.1674	0.1669	0.0365	0.3505	0.6924	8089.0	16990.0	0.06863	1.0
theta_c_pr[2,50]	0.07495	0.001843	0.1554	0.1539	-0.2237	0.07264	0.3858	7135.0	17140.0	0.06053	1.0
theta_c_pr[2,51]	1.357	0.00201	0.2636	0.2603	0.8742	1.346	1.911	17280.0	24320.0	0.1466	1.0
theta_c_pr[2,52]	1.036	0.001925	0.2158	0.2141	0.6393	1.028	1.482	12650.0	22600.0	0.1073	1.0
theta_c_pr[2,53]	-0.5367	0.002053	0.1878	0.1874	-0.904	-0.5361	-0.1693	8398.0	18160.0	0.07125	1.0
theta_c_pr[2,54]	-0.1894	0.001957	0.2149	0.2126	-0.604	-0.1922	0.2406	12040.0	20450.0	0.1022	1.0
theta_c_pr[2,55]	0.03077	0.001863	0.1593	0.1595	-0.2754	0.02783	0.3495	7356.0	16180.0	0.06241	1.0
theta_c_pr[2,56]	-1.909	0.002722	0.1859	0.1861	-2.281	-1.905	-1.555	4598.0	11630.0	0.03901	1.001
theta_c_pr[2,57]	-0.3317	0.001976	0.1673	0.1678	-0.6573	-0.3317	-0.004284	7178.0	15450.0	0.0609	1.0
theta_c_pr[2,58]	0.9462	0.001955	0.2425	0.2404	0.4891	0.9398	1.446	15310.0	24790.0	0.1299	1.0
theta_c_pr[2,59]	0.3206	0.001851	0.2045	0.2036	-0.06673	0.316	0.7354	12240.0	22580.0	0.1038	1.0
theta_c_pr[2,60]	-0.2573	0.002012	0.1981	0.1988	-0.6446	-0.258	0.1326	9747.0	19180.0	0.0827	1.0
theta_c_pr[2,61]	-2.132	0.002816	0.2648	0.2618	-2.679	-2.123	-1.639	8781.0	19120.0	0.0745	1.0
theta_c_pr[2,62]	0.1841	0.001888	0.1982	0.1976	-0.1898	0.1799	0.588	10990.0	21690.0	0.09325	1.0
theta_c_pr[2,63]	-0.1137	0.001895	0.1508	0.1515	-0.4048	-0.1152	0.1839	6350.0	14290.0	0.05388	1.0
theta_c_pr[2,64]	0.5382	0.00182	0.1848	0.184	0.1895	0.5343	0.9174	10360.0	19370.0	0.08786	1.0
theta_c_pr[2,65]	-0.1193	0.001913	0.1458	0.1443	-0.4011	-0.121	0.1717	5849.0	14680.0	0.04962	1.0
theta_c_pr[2,66]	-0.05413	0.001957	0.2181	0.2164	-0.4732	-0.05727	0.3835	12410.0	22960.0	0.1053	1.0
theta_c_pr[2,67]	-0.2848	0.001966	0.1494	0.149	-0.5726	-0.2863	0.01068	5794.0	13470.0	0.04916	1.0
theta_c_pr[2,68]	-0.3424	0.001966	0.143	0.1428	-0.6249	-0.3417	-0.06089	5300.0	14840.0	0.04497	1.0
theta_c_pr[2,69]	0.5084	0.001852	0.2428	0.2403	0.04835	0.5	1.004	17210.0	22690.0	0.146	1.0
theta_c_pr[2,70]	-0.8164	0.002108	0.1536	0.1529	-1.121	-0.8152	-0.5183	5315.0	13380.0	0.04509	1.001
theta_c_pr[2,71]	-0.328	0.001945	0.1937	0.1946	-0.7041	-0.3295	0.05501	9947.0	18510.0	0.0844	1.0
theta_c_pr[2,72]	-0.7937	0.00215	0.1393	0.14	-1.073	-0.7924	-0.5248	4190.0	10610.0	0.03555	1.001
theta_c_pr[2,73]	-0.7553	0.002186	0.1401	0.1405	-1.033	-0.7541	-0.485	4112.0	10860.0	0.03489	1.001
theta_c_pr[2,74]	0.8047	0.001866	0.2096	0.2109	0.4117	0.7975	1.231	12610.0	20970.0	0.107	1.0
theta_c_pr[2,75]	-0.1453	0.001861	0.1444	0.1437	-0.4263	-0.146	0.1377	6036.0	14070.0	0.05121	1.0
theta_c_pr[2,76]	1.307	0.002071	0.2667	0.264	0.82	1.295	1.863	16540.0	25510.0	0.1404	1.0
theta_c_pr[2,77]	-0.3431	0.001973	0.144	0.1443	-0.6241	-0.3433	-0.06163	5328.0	14430.0	0.0452	1.0
theta_c_pr[2,78]	-0.3484	0.00197	0.1449	0.1441	-0.6309	-0.3479	-0.06396	5429.0	13960.0	0.04606	1.0
theta_c_pr[2,79]	1.423	0.002124	0.2808	0.28	0.9091	1.41	2.01	17550.0	26710.0	0.1489	1.0
theta_c_pr[2,80]	-0.7992	0.002123	0.1684	0.1684	-1.133	-0.7971	-0.4749	6286.0	15680.0	0.05333	1.0
theta_c_pr[2,81]	-0.686	0.002075	0.16	0.1588	-1.007	-0.6847	-0.3766	5949.0	14050.0	0.05048	1.0
theta_c_pr[2,82]	-0.3955	0.001978	0.1435	0.1412	-0.6799	-0.3953	-0.1131	5280.0	13990.0	0.0448	1.0
theta_c_pr[2,83]	0.4393	0.00182	0.2138	0.2143	0.03584	0.4351	0.8701	13800.0	21770.0	0.1171	1.0
theta_c_pr[2,84]	-0.4061	0.001993	0.1775	0.1768	-0.7523	-0.4066	-0.05395	7969.0	18220.0	0.06761	1.0
theta_c_pr[2,85]	-0.1102	0.001855	0.2183	0.2166	-0.5318	-0.1133	0.3222	13940.0	22460.0	0.1183	1.0
theta_c_pr[2,86]	-0.758	0.002085	0.2087	0.2079	-1.165	-0.7597	-0.3481	10030.0	19540.0	0.08514	1.0
theta_c_pr[2,87]	-0.4131	0.001983	0.1861	0.184	-0.7781	-0.4145	-0.0457	8828.0	18530.0	0.0749	1.0
theta_c_pr[2,88]	0.09062	0.001853	0.1544	0.1546	-0.2052	0.089	0.399	6968.0	16630.0	0.05912	1.0
theta_c_pr[2,89]	-0.6571	0.002049	0.1809	0.18	-1.015	-0.6562	-0.304	7817.0	17810.0	0.06632	1.0
theta_c_pr[2,90]	-0.7521	0.002107	0.1512	0.1502	-1.055	-0.7496	-0.4598	5149.0	13260.0	0.04369	1.001
theta_c_pr[2,91]	-0.4414	0.002071	0.1684	0.1685	-0.7734	-0.441	-0.1094	6622.0	15840.0	0.05618	1.0
theta_c_pr[2,92]	0.905	0.001847	0.2162	0.2148	0.5006	0.8979	1.351	13700.0	22340.0	0.1162	1.0
theta_c_pr[2,93]	-0.3808	0.001969	0.1822	0.182	-0.7365	-0.3812	-0.0214	8597.0	18750.0	0.07294	1.0
theta_c_pr[2,94]	0.05198	0.001865	0.173	0.1713	-0.2789	0.04939	0.3984	8633.0	18560.0	0.07324	1.0
theta_c_pr[2,95]	-0.7472	0.002022	0.1984	0.1963	-1.137	-0.7482	-0.3538	9660.0	19670.0	0.08196	1.0
theta_c_pr[2,96]	0.1726	0.001853	0.1692	0.1679	-0.1523	0.1701	0.5112	8396.0	17890.0	0.07123	1.0
theta_c_pr[2,97]	0.1554	0.001843	0.1576	0.155	-0.1456	0.1529	0.4703	7319.0	15540.0	0.06209	1.0
theta_c_pr[2,98]	-0.1744	0.001861	0.2031	0.2015	-0.568	-0.1763	0.235	11940.0	18980.0	0.1013	1.0
theta_c_pr[2,99]	-1.756	0.002643	0.1894	0.1886	-2.14	-1.751	-1.396	5077.0	12640.0	0.04308	1.001
theta_c_pr[2,100]	-0.262	0.002015	0.169	0.1681	-0.5915	-0.2627	0.07106	7074.0	16790.0	0.06002	1.0
theta_c_pr[2,101]	0.6026	0.001858	0.1973	0.1967	0.2311	0.597	1.008	11330.0	19950.0	0.09616	1.0
theta_c_pr[2,102]	1.722	0.002303	0.3162	0.3141	1.145	1.706	2.39	19150.0	25360.0	0.1625	1.0
theta_c_pr[2,103]	-0.08048	0.001927	0.1624	0.1607	-0.3961	-0.08198	0.2458	7163.0	16030.0	0.06078	1.0
theta_c_pr[2,104]	-0.4389	0.00197	0.1509	0.1517	-0.7327	-0.4395	-0.1411	5881.0	14560.0	0.04989	1.0
theta_c_pr[2,105]	-0.8809	0.002208	0.2034	0.2028	-1.287	-0.8795	-0.4863	8543.0	18760.0	0.07248	1.0
theta_c_pr[2,106]	2.644	0.002473	0.4215	0.4174	1.885	2.622	3.543	29680.0	25530.0	0.2518	1.0
theta_c_pr[2,107]	1.581	0.00219	0.2901	0.2898	1.05	1.567	2.186	17680.0	24530.0	0.15	1.0
theta_c_pr[2,108]	1.8	0.002236	0.3189	0.3139	1.218	1.784	2.47	20560.0	25240.0	0.1745	1.0
theta_c_pr[2,109]	-0.8894	0.002218	0.1637	0.1618	-1.215	-0.8872	-0.5732	5448.0	12440.0	0.04622	1.0
theta_c_pr[2,110]	-0.7727	0.002154	0.1576	0.1558	-1.084	-0.7723	-0.4662	5370.0	13930.0	0.04556	1.0
theta_c_pr[2,111]	2.443	0.002508	0.3646	0.3621	1.777	2.426	3.203	21410.0	25080.0	0.1816	1.0
theta_c_pr[2,112]	-0.464	0.001946	0.216	0.2141	-0.8865	-0.4649	-0.03418	12370.0	20550.0	0.1049	1.0
theta_c_pr[2,113]	-0.4542	0.002002	0.1523	0.1508	-0.755	-0.455	-0.1552	5825.0	14640.0	0.04942	1.0
theta_c_pr[2,114]	-1.05	0.002246	0.2085	0.2071	-1.462	-1.049	-0.6472	8580.0	16750.0	0.07279	1.0
theta_c_pr[2,115]	-0.2035	0.001936	0.1661	0.1655	-0.5238	-0.205	0.1276	7405.0	17570.0	0.06283	1.0
theta_c_pr[2,116]	0.7847	0.001875	0.2857	0.2827	0.2478	0.7763	1.372	23260.0	23190.0	0.1974	1.0
theta_c_pr[2,117]	-0.3022	0.002003	0.1591	0.1592	-0.6132	-0.3021	0.009287	6330.0	14410.0	0.0537	1.0
theta_c_pr[2,118]	-0.5575	0.002058	0.1654	0.1673	-0.8803	-0.5574	-0.2342	6486.0	15060.0	0.05503	1.0
theta_c_pr[2,119]	3.294	0.002653	0.4983	0.4927	2.405	3.264	4.352	36970.0	24030.0	0.3137	1.0
theta_c_pr[2,120]	-0.1564	0.001889	0.1995	0.199	-0.547	-0.1578	0.2378	11160.0	21040.0	0.09473	1.0
theta_c_pr[2,121]	-0.3433	0.001958	0.143	0.1406	-0.6223	-0.3447	-0.05902	5372.0	13260.0	0.04558	1.0
theta_c_pr[2,122]	-0.8601	0.002181	0.2041	0.2028	-1.262	-0.8583	-0.463	8770.0	17600.0	0.07441	1.0
theta_c_pr[2,123]	-0.6115	0.002094	0.1665	0.1669	-0.9397	-0.6107	-0.2862	6335.0	17380.0	0.05375	1.0
theta_c_pr[2,124]	0.02755	0.001884	0.2402	0.2394	-0.4312	0.02434	0.5109	16290.0	23110.0	0.1382	1.0
theta_c_pr[2,125]	-0.6281	0.002134	0.1582	0.1583	-0.9394	-0.6263	-0.3185	5498.0	13810.0	0.04665	1.0
theta_c_pr[2,126]	-0.9458	0.002186	0.1876	0.1874	-1.319	-0.9453	-0.5834	7363.0	17120.0	0.06247	1.0
theta_c_pr[2,127]	-0.2953	0.001915	0.1929	0.1903	-0.6715	-0.296	0.08746	10140.0	19010.0	0.08606	1.0
theta_c_pr[2,128]	-0.08045	0.001832	0.1988	0.1978	-0.4639	-0.08297	0.3141	11870.0	22040.0	0.1007	1.0
theta_c_pr[2,129]	-0.6692	0.002097	0.2059	0.205	-1.074	-0.6676	-0.2686	9665.0	19670.0	0.082	1.0
theta_c_pr[2,130]	-0.3179	0.001953	0.1704	0.1708	-0.6498	-0.3183	0.01717	7643.0	18340.0	0.06485	1.0
theta_c_pr[2,131]	-0.3474	0.001967	0.1456	0.1439	-0.6325	-0.3475	-0.05828	5490.0	13860.0	0.04658	1.0
theta_c_pr[2,132]	0.2165	0.001879	0.1579	0.1571	-0.0875	0.2149	0.5323	7139.0	16200.0	0.06057	1.0
theta_c_pr[2,133]	-0.9227	0.002169	0.2015	0.1995	-1.325	-0.9193	-0.5345	8610.0	18550.0	0.07305	1.0
theta_c_pr[2,134]	-1.123	0.002288	0.1474	0.1473	-1.42	-1.122	-0.8416	4121.0	9578.0	0.03497	1.001
theta_c_pr[2,135]	0.139	0.002028	0.242	0.2388	-0.3211	0.1334	0.632	14380.0	24300.0	0.122	1.0
theta_c_pr[2,136]	-0.7513	0.002122	0.175	0.173	-1.102	-0.7508	-0.4094	6828.0	15110.0	0.05793	1.0
theta_c_pr[2,137]	0.3979	0.002019	0.2931	0.2923	-0.1525	0.3885	0.9969	21340.0	26630.0	0.1811	1.0
theta_c_pr[2,138]	-0.3704	0.001936	0.1707	0.1706	-0.7036	-0.3708	-0.03491	7813.0	16310.0	0.06629	1.0
theta_c_pr[2,139]	-0.7155	0.002124	0.1617	0.1619	-1.037	-0.7143	-0.4035	5801.0	14790.0	0.04922	1.0
theta_c_pr[2,140]	-0.9769	0.002186	0.185	0.1848	-1.345	-0.9743	-0.6222	7146.0	14680.0	0.06063	1.0
theta_c_pr[2,141]	0.5233	0.001865	0.2092	0.2086	0.1267	0.5193	0.9443	12680.0	22170.0	0.1076	1.0
theta_c_pr[2,142]	-0.2693	0.00192	0.1779	0.1775	-0.614	-0.2705	0.0843	8603.0	18700.0	0.073	1.0
theta_c_pr[2,143]	-0.6087	0.002086	0.1772	0.1753	-0.9604	-0.6085	-0.2626	7200.0	16060.0	0.06109	1.0
theta_c_pr[2,144]	0.6996	0.001993	0.2338	0.2332	0.2679	0.691	1.183	13740.0	24390.0	0.1166	1.0
theta_c_pr[2,145]	-0.6574	0.002044	0.1745	0.1731	-0.9998	-0.6581	-0.3116	7325.0	16390.0	0.06215	1.0
theta_c_pr[2,146]	1.172e-05	0.001888	0.1709	0.1702	-0.3312	-0.000271	0.3408	8217.0	18300.0	0.06972	1.0
theta_c_pr[2,147]	3.181	0.002793	0.428	0.426	2.393	3.165	4.071	23510.0	28070.0	0.1995	1.0
theta_c_pr[2,148]	0.3599	0.001827	0.2175	0.2177	-0.05168	0.3553	0.8034	14210.0	22950.0	0.1205	1.0
theta_c_pr[2,149]	-0.4775	0.001992	0.1669	0.166	-0.8051	-0.4764	-0.1509	7014.0	16560.0	0.05951	1.0
theta_c_pr[2,150]	0.5128	0.003168	0.2634	0.2617	0.01509	0.5059	1.047	6797.0	14960.0	0.05767	1.001
theta_c_pr[2,151]	-0.605	0.002057	0.1737	0.1729	-0.9466	-0.6049	-0.2632	7183.0	15650.0	0.06094	1.0
theta_c_pr[2,152]	0.9641	0.001906	0.2184	0.2178	0.5538	0.9578	1.407	13200.0	19220.0	0.112	1.0
theta_c_pr[2,153]	-1.204	0.0024	0.1508	0.1492	-1.507	-1.202	-0.9138	3921.0	9614.0	0.03327	1.001
theta_c_pr[2,154]	-0.6003	0.002088	0.1416	0.1406	-0.8796	-0.6001	-0.3234	4608.0	12550.0	0.03909	1.001
theta_c_pr[2,155]	0.1086	0.001901	0.1636	0.1634	-0.2057	0.1067	0.4359	7453.0	17330.0	0.06324	1.0
theta_c_pr[3,1]	0.653	0.002068	0.2543	0.251	0.1633	0.6486	1.164	15160.0	24450.0	0.1286	1.0
theta_c_pr[3,2]	0.5481	0.00201	0.185	0.184	0.1914	0.5466	0.9182	8492.0	19030.0	0.07205	1.0
theta_c_pr[3,3]	-0.2267	0.001911	0.2184	0.2188	-0.657	-0.2257	0.198	13060.0	20050.0	0.1108	1.0
theta_c_pr[3,4]	0.1575	0.001936	0.1692	0.1677	-0.1768	0.1575	0.4893	7655.0	16050.0	0.06495	1.0
theta_c_pr[3,5]	-1.055	0.002072	0.2349	0.234	-1.531	-1.049	-0.6093	12820.0	21120.0	0.1088	1.0
theta_c_pr[3,6]	0.5432	0.002062	0.1986	0.1979	0.1628	0.5408	0.9393	9283.0	18050.0	0.07876	1.0
theta_c_pr[3,7]	0.5402	0.002056	0.2525	0.251	0.05311	0.5366	1.043	15120.0	21890.0	0.1283	1.0
theta_c_pr[3,8]	-0.0169	0.001923	0.2108	0.2111	-0.4293	-0.01738	0.396	12020.0	19630.0	0.102	1.0
theta_c_pr[3,9]	-0.008262	0.001914	0.186	0.1838	-0.3735	-0.009041	0.3562	9454.0	19090.0	0.08021	1.0
theta_c_pr[3,10]	0.48	0.001953	0.172	0.172	0.147	0.4782	0.821	7762.0	15630.0	0.06585	1.0
theta_c_pr[3,11]	0.4944	0.001962	0.1962	0.1966	0.1125	0.4911	0.8853	10010.0	17200.0	0.08495	1.0
theta_c_pr[3,12]	-0.3083	0.001905	0.2232	0.2241	-0.7527	-0.3056	0.1211	13710.0	20220.0	0.1163	1.0
theta_c_pr[3,13]	-0.08204	0.001901	0.1629	0.1616	-0.4049	-0.08005	0.2342	7344.0	15190.0	0.06231	1.0
theta_c_pr[3,14]	-2.709	0.002701	0.3194	0.3184	-3.369	-2.695	-2.122	13990.0	23190.0	0.1187	1.0
theta_c_pr[3,15]	0.7099	0.002096	0.2153	0.2151	0.2968	0.7055	1.141	10550.0	20200.0	0.08953	1.0
theta_c_pr[3,16]	-0.4349	0.001936	0.175	0.1746	-0.7836	-0.4323	-0.0998	8172.0	18050.0	0.06933	1.0
theta_c_pr[3,17]	0.3019	0.002052	0.2366	0.2362	-0.1583	0.2994	0.7729	13350.0	22040.0	0.1133	1.0
theta_c_pr[3,18]	-0.0909	0.001904	0.1701	0.1693	-0.428	-0.09034	0.2411	7968.0	16220.0	0.06761	1.0
theta_c_pr[3,19]	0.1213	0.001923	0.1569	0.1576	-0.1852	0.1216	0.4272	6659.0	14480.0	0.0565	1.0
theta_c_pr[3,20]	-0.1326	0.001961	0.2677	0.2658	-0.661	-0.1305	0.3873	18680.0	22240.0	0.1585	1.0
theta_c_pr[3,21]	0.331	0.001912	0.1871	0.1865	-0.03227	0.3303	0.7028	9572.0	17520.0	0.08122	1.0
theta_c_pr[3,22]	-0.03036	0.002016	0.1661	0.1658	-0.3561	-0.0295	0.2959	6796.0	15340.0	0.05766	1.0
theta_c_pr[3,23]	1.305	0.002205	0.2914	0.2904	0.7552	1.298	1.898	17600.0	23190.0	0.1493	1.0
theta_c_pr[3,24]	0.9858	0.002122	0.2113	0.2095	0.586	0.9806	1.415	9889.0	20570.0	0.0839	1.0
theta_c_pr[3,25]	-0.3965	0.002045	0.2729	0.2709	-0.9454	-0.3935	0.1298	17800.0	27330.0	0.151	1.0
theta_c_pr[3,26]	0.06502	0.001893	0.2272	0.2257	-0.3839	0.06731	0.5124	14420.0	23040.0	0.1224	1.0
theta_c_pr[3,27]	0.9422	0.002107	0.2294	0.2316	0.5061	0.9382	1.4	11870.0	21620.0	0.1007	1.0
theta_c_pr[3,28]	-0.653	0.001966	0.1686	0.1674	-0.9918	-0.6513	-0.3261	7307.0	15880.0	0.062	1.0
theta_c_pr[3,29]	-0.05515	0.001966	0.1842	0.1838	-0.4223	-0.05435	0.3042	8781.0	15660.0	0.0745	1.0
theta_c_pr[3,30]	0.0884	0.001943	0.1808	0.1788	-0.2661	0.08914	0.4416	8656.0	18110.0	0.07344	1.0
theta_c_pr[3,31]	-0.0971	0.00198	0.2462	0.2438	-0.5853	-0.09405	0.3794	15480.0	21760.0	0.1313	1.0
theta_c_pr[3,32]	0.3084	0.001934	0.1536	0.1541	0.008574	0.3081	0.611	6302.0	14370.0	0.05347	1.0
theta_c_pr[3,33]	-0.4446	0.001947	0.1624	0.1637	-0.7659	-0.4422	-0.1345	6955.0	15950.0	0.05901	1.0
theta_c_pr[3,34]	-3.238	0.00283	0.3826	0.3791	-4.04	-3.219	-2.542	18140.0	23100.0	0.1539	1.0
theta_c_pr[3,35]	0.6477	0.002021	0.1952	0.192	0.2732	0.645	1.04	9330.0	17400.0	0.07916	1.0
theta_c_pr[3,36]	-0.003978	0.001939	0.2791	0.2773	-0.5534	-0.002374	0.5425	20760.0	26470.0	0.1761	1.0
theta_c_pr[3,37]	0.143	0.001943	0.156	0.1543	-0.1664	0.1437	0.4463	6436.0	14900.0	0.0546	1.0
theta_c_pr[3,38]	0.872	0.002076	0.3137	0.306	0.2717	0.8672	1.509	22960.0	23080.0	0.1948	1.0
theta_c_pr[3,39]	1.088	0.002195	0.3008	0.2976	0.5131	1.08	1.696	18740.0	24660.0	0.159	1.0
theta_c_pr[3,40]	-1.461	0.002225	0.2305	0.2297	-1.937	-1.454	-1.034	10730.0	21880.0	0.09104	1.0
theta_c_pr[3,41]	1.897	0.002574	0.2771	0.274	1.385	1.887	2.471	11580.0	20850.0	0.09824	1.0
theta_c_pr[3,42]	-0.01267	0.001912	0.1714	0.1705	-0.3519	-0.01214	0.3215	8042.0	15480.0	0.06823	1.0
theta_c_pr[3,43]	-0.1728	0.001879	0.1872	0.1846	-0.5453	-0.1715	0.19	9917.0	17970.0	0.08414	1.0
theta_c_pr[3,44]	-1.087	0.002119	0.1943	0.1934	-1.482	-1.082	-0.7205	8345.0	18210.0	0.0708	1.0
theta_c_pr[3,45]	-0.4345	0.001923	0.1941	0.1922	-0.8232	-0.4318	-0.06115	10170.0	20020.0	0.08628	1.0
theta_c_pr[3,46]	0.4842	0.001991	0.1616	0.1606	0.1685	0.4836	0.8028	6601.0	15500.0	0.056	1.0
theta_c_pr[3,47]	1.149	0.002187	0.2632	0.2623	0.6489	1.143	1.676	14560.0	22700.0	0.1235	1.0
theta_c_pr[3,48]	-0.05551	0.001955	0.2239	0.2239	-0.4984	-0.05463	0.384	13110.0	19940.0	0.1112	1.0
theta_c_pr[3,49]	0.5947	0.001965	0.1579	0.1578	0.2917	0.5921	0.9059	6450.0	13750.0	0.05473	1.0
theta_c_pr[3,50]	0.2364	0.00193	0.153	0.1526	-0.06251	0.235	0.5399	6286.0	14100.0	0.05333	1.0
theta_c_pr[3,51]	-3.528	0.002901	0.4179	0.4116	-4.403	-3.507	-2.763	21090.0	23850.0	0.1789	1.0
theta_c_pr[3,52]	1.557	0.002338	0.1964	0.1947	1.185	1.552	1.953	7022.0	16060.0	0.05958	1.0
theta_c_pr[3,53]	0.2585	0.001992	0.216	0.2151	-0.163	0.2574	0.6816	11760.0	19620.0	0.09981	1.0
theta_c_pr[3,54]	-0.4545	0.001969	0.239	0.2392	-0.9302	-0.45	0.003504	14770.0	22660.0	0.1254	1.0
theta_c_pr[3,55]	-0.03203	0.001935	0.1655	0.1644	-0.359	-0.03113	0.291	7306.0	16590.0	0.06199	1.0
theta_c_pr[3,56]	-2.239	0.002553	0.2697	0.2696	-2.789	-2.232	-1.732	11110.0	21140.0	0.09426	1.0
theta_c_pr[3,57]	-0.5369	0.001971	0.1883	0.1875	-0.9153	-0.5349	-0.1765	9120.0	18130.0	0.07738	1.0
theta_c_pr[3,58]	1.131	0.002219	0.2248	0.2254	0.7084	1.127	1.587	10250.0	19400.0	0.08697	1.0
theta_c_pr[3,59]	0.8081	0.002065	0.2128	0.2105	0.4006	0.8045	1.238	10620.0	19000.0	0.09009	1.0
theta_c_pr[3,60]	0.8115	0.002022	0.2357	0.235	0.3601	0.8082	1.285	13650.0	21940.0	0.1158	1.0
theta_c_pr[3,61]	-1.089	0.002154	0.2523	0.2493	-1.604	-1.081	-0.6134	13680.0	22500.0	0.1161	1.0
theta_c_pr[3,62]	1.039	0.002163	0.2218	0.2212	0.6226	1.034	1.491	10530.0	19990.0	0.08931	1.0
theta_c_pr[3,63]	0.04592	0.001886	0.1606	0.161	-0.2681	0.04557	0.3594	7257.0	14940.0	0.06157	1.0
theta_c_pr[3,64]	-3.881	0.002837	0.4589	0.4562	-4.842	-3.862	-3.037	26440.0	25730.0	0.2243	1.0
theta_c_pr[3,65]	0.9343	0.002067	0.1675	0.1656	0.61	0.9329	1.269	6567.0	14150.0	0.05571	1.001
theta_c_pr[3,66]	0.7976	0.002141	0.2506	0.248	0.3131	0.7943	1.3	13690.0	23230.0	0.1161	1.0
theta_c_pr[3,67]	0.737	0.002011	0.1672	0.1679	0.4167	0.7349	1.069	6913.0	14990.0	0.05865	1.0
theta_c_pr[3,68]	-0.3995	0.001905	0.1563	0.1558	-0.7098	-0.3982	-0.09711	6724.0	16150.0	0.05705	1.0
theta_c_pr[3,69]	0.06452	0.001954	0.2086	0.2064	-0.3471	0.06456	0.4719	11430.0	18790.0	0.09698	1.0
theta_c_pr[3,70]	0.288	0.001912	0.1649	0.1642	-0.0355	0.2883	0.6157	7426.0	13920.0	0.06301	1.0
theta_c_pr[3,71]	0.5945	0.002067	0.2129	0.2124	0.1889	0.5916	1.023	10590.0	22620.0	0.08984	1.0
theta_c_pr[3,72]	0.03722	0.001902	0.149	0.1492	-0.256	0.03809	0.3263	6130.0	14560.0	0.05201	1.0
theta_c_pr[3,73]	0.7327	0.002002	0.1591	0.1575	0.4243	0.7305	1.052	6300.0	14080.0	0.05345	1.0
theta_c_pr[3,74]	1.538	0.002362	0.2256	0.2255	1.113	1.531	2.002	9089.0	19860.0	0.07711	1.0
theta_c_pr[3,75]	0.4096	0.001939	0.1525	0.1514	0.1133	0.4098	0.7128	6181.0	13580.0	0.05245	1.001
theta_c_pr[3,76]	-3.059	0.002854	0.3608	0.3573	-3.813	-3.045	-2.397	16030.0	23950.0	0.136	1.0
theta_c_pr[3,77]	0.0001346	0.001909	0.1502	0.1494	-0.2952	4.429e-05	0.2925	6176.0	13520.0	0.0524	1.0
theta_c_pr[3,78]	0.01729	0.00187	0.1548	0.1556	-0.2885	0.01749	0.3193	6843.0	14580.0	0.05806	1.0
theta_c_pr[3,79]	1.764	0.002447	0.2166	0.2177	1.355	1.76	2.204	7809.0	15230.0	0.06626	1.0
theta_c_pr[3,80]	0.2127	0.001981	0.1889	0.1878	-0.1558	0.2119	0.5848	9105.0	20200.0	0.07725	1.0
theta_c_pr[3,81]	-0.1781	0.001916	0.1708	0.1712	-0.5153	-0.1767	0.1531	7954.0	16050.0	0.06749	1.0
theta_c_pr[3,82]	0.5795	0.001978	0.166	0.1659	0.2601	0.5772	0.9112	7037.0	15400.0	0.05971	1.001
theta_c_pr[3,83]	0.2187	0.001925	0.1957	0.1957	-0.1628	0.2184	0.6057	10370.0	18400.0	0.08798	1.0
theta_c_pr[3,84]	0.2598	0.001927	0.203	0.2016	-0.1366	0.259	0.6624	11100.0	19570.0	0.09418	1.0
theta_c_pr[3,85]	1.459	0.002327	0.2559	0.2521	0.9789	1.452	1.98	12160.0	21580.0	0.1032	1.0
theta_c_pr[3,86]	0.1412	0.001926	0.2476	0.2462	-0.3453	0.1416	0.6317	16570.0	23080.0	0.1405	1.0
theta_c_pr[3,87]	-0.1031	0.001917	0.2103	0.2106	-0.5172	-0.1017	0.3062	12040.0	21520.0	0.1022	1.0
theta_c_pr[3,88]	0.4306	0.001923	0.1564	0.155	0.1304	0.4297	0.7415	6612.0	13920.0	0.0561	1.0
theta_c_pr[3,89]	0.1624	0.001946	0.2113	0.2116	-0.254	0.1623	0.5779	11810.0	23770.0	0.1002	1.0
theta_c_pr[3,90]	0.2161	0.001942	0.1648	0.1625	-0.1071	0.2158	0.5409	7196.0	15820.0	0.06106	1.0
theta_c_pr[3,91]	0.3636	0.001935	0.1908	0.19	-0.006402	0.363	0.7472	9743.0	19240.0	0.08266	1.0
theta_c_pr[3,92]	-2.21	0.00252	0.272	0.2709	-2.771	-2.198	-1.708	11670.0	22770.0	0.09901	1.0
theta_c_pr[3,93]	0.2264	0.00194	0.2068	0.2072	-0.1749	0.2248	0.6354	11360.0	20940.0	0.09642	1.0
theta_c_pr[3,94]	0.5389	0.002	0.178	0.1776	0.1966	0.5372	0.8956	7919.0	17500.0	0.06719	1.0
theta_c_pr[3,95]	0.6934	0.002064	0.2347	0.2363	0.2438	0.6885	1.161	12900.0	18930.0	0.1094	1.0
theta_c_pr[3,96]	-0.00934	0.001911	0.1682	0.1669	-0.3426	-0.007853	0.3154	7774.0	16690.0	0.06596	1.0
theta_c_pr[3,97]	-0.1965	0.001894	0.1517	0.151	-0.5	-0.1949	0.09895	6395.0	14210.0	0.05426	1.0
theta_c_pr[3,98]	0.315	0.001969	0.2436	0.2417	-0.1587	0.3137	0.7976	15330.0	24390.0	0.1301	1.0
theta_c_pr[3,99]	-1.189	0.00214	0.2024	0.2014	-1.601	-1.184	-0.8063	8885.0	18950.0	0.07538	1.0
theta_c_pr[3,100]	0.3774	0.002065	0.1914	0.1909	0.008619	0.3756	0.7568	8557.0	17950.0	0.0726	1.0
theta_c_pr[3,101]	0.0848	0.00192	0.1696	0.1673	-0.2486	0.08509	0.4207	7817.0	16580.0	0.06632	1.0
theta_c_pr[3,102]	-3.834	0.003008	0.4598	0.457	-4.8	-3.81	-2.999	23680.0	25540.0	0.2009	1.0
theta_c_pr[3,103]	0.4651	0.001983	0.1722	0.172	0.1291	0.4641	0.8038	7541.0	15550.0	0.06398	1.0
theta_c_pr[3,104]	-0.0005085	0.001917	0.1646	0.1657	-0.3261	0.0005816	0.3197	7370.0	15380.0	0.06253	1.0
theta_c_pr[3,105]	-0.4187	0.00192	0.2458	0.2461	-0.9156	-0.4161	0.05182	16480.0	22180.0	0.1398	1.0
theta_c_pr[3,106]	-0.488	0.001925	0.1762	0.1756	-0.8428	-0.4855	-0.1504	8357.0	17850.0	0.07091	1.0
theta_c_pr[3,107]	-1.619	0.002323	0.2304	0.2279	-2.099	-1.612	-1.192	9722.0	18290.0	0.08248	1.0
theta_c_pr[3,108]	-2.59	0.002628	0.3156	0.3147	-3.239	-2.577	-2.007	14410.0	23980.0	0.1222	1.0
theta_c_pr[3,109]	-0.1021	0.00192	0.1796	0.1801	-0.4539	-0.1018	0.2489	8730.0	18120.0	0.07407	1.0
theta_c_pr[3,110]	0.3871	0.001953	0.1671	0.1646	0.06352	0.3857	0.7193	7311.0	15500.0	0.06203	1.0
theta_c_pr[3,111]	-0.3668	0.00194	0.1794	0.1791	-0.722	-0.366	-0.02282	8549.0	17840.0	0.07254	1.0
theta_c_pr[3,112]	-0.07818	0.001888	0.2296	0.228	-0.5322	-0.07676	0.3667	14800.0	23890.0	0.1256	1.0
theta_c_pr[3,113]	-0.3487	0.0019	0.1675	0.1673	-0.6855	-0.3461	-0.02645	7781.0	15710.0	0.06602	1.0
theta_c_pr[3,114]	0.6897	0.002038	0.247	0.2465	0.2198	0.6849	1.183	14780.0	23680.0	0.1254	1.0
theta_c_pr[3,115]	0.3412	0.001962	0.1814	0.1805	-0.01061	0.3394	0.7002	8558.0	18160.0	0.07261	1.0
theta_c_pr[3,116]	0.8371	0.002099	0.2684	0.2687	0.3216	0.8342	1.375	16380.0	22680.0	0.139	1.0
theta_c_pr[3,117]	0.1798	0.001903	0.1743	0.1751	-0.1588	0.1797	0.5228	8402.0	17420.0	0.07128	1.0
theta_c_pr[3,118]	0.4421	0.001966	0.1778	0.1778	0.09675	0.44	0.7948	8185.0	17130.0	0.06945	1.0
theta_c_pr[3,119]	0.2096	0.001951	0.1759	0.1746	-0.1344	0.2094	0.559	8141.0	16940.0	0.06907	1.0
theta_c_pr[3,120]	0.6077	0.002029	0.2162	0.2152	0.1893	0.6058	1.034	11360.0	19360.0	0.09639	1.0
theta_c_pr[3,121]	-0.3747	0.001923	0.155	0.1558	-0.6821	-0.3739	-0.0743	6483.0	14880.0	0.055	1.0
theta_c_pr[3,122]	0.2761	0.001992	0.2129	0.2093	-0.1387	0.2732	0.7023	11410.0	19030.0	0.09684	1.0
theta_c_pr[3,123]	-0.2176	0.001985	0.1939	0.1934	-0.6031	-0.2165	0.1635	9519.0	21190.0	0.08077	1.0
theta_c_pr[3,124]	0.01983	0.00197	0.2387	0.2379	-0.4479	0.01935	0.4872	14740.0	21760.0	0.1251	1.0
theta_c_pr[3,125]	-0.3054	0.001917	0.1849	0.1847	-0.6746	-0.3025	0.0532	9324.0	17980.0	0.07911	1.0
theta_c_pr[3,126]	0.4171	0.001947	0.1937	0.1931	0.04035	0.4159	0.8025	9900.0	19540.0	0.08399	1.0
theta_c_pr[3,127]	0.1301	0.001916	0.2082	0.2057	-0.2815	0.1304	0.5385	11840.0	20870.0	0.1004	1.0
theta_c_pr[3,128]	0.48	0.00201	0.2124	0.2104	0.06808	0.4787	0.8974	11180.0	20030.0	0.09483	1.0
theta_c_pr[3,129]	-0.08982	0.001911	0.2063	0.2051	-0.4912	-0.08899	0.315	11610.0	22610.0	0.09853	1.0
theta_c_pr[3,130]	-0.07953	0.001931	0.1809	0.1804	-0.4355	-0.07944	0.2757	8782.0	18260.0	0.07451	1.0
theta_c_pr[3,131]	0.0005102	0.001919	0.1525	0.1515	-0.2997	0.001317	0.2973	6309.0	13830.0	0.05353	1.0
theta_c_pr[3,132]	-1.067	0.002083	0.1887	0.1877	-1.448	-1.063	-0.7113	8174.0	18020.0	0.06936	1.0
theta_c_pr[3,133]	-0.4243	0.001919	0.2196	0.2181	-0.8671	-0.4215	-0.003632	13090.0	21540.0	0.111	1.0
theta_c_pr[3,134]	-0.5555	0.001921	0.1597	0.1601	-0.8755	-0.5541	-0.2492	6898.0	14930.0	0.05853	1.0
theta_c_pr[3,135]	0.954	0.002206	0.2633	0.2625	0.4526	0.9485	1.488	14250.0	22360.0	0.1209	1.0
theta_c_pr[3,136]	-0.04176	0.001925	0.2063	0.2074	-0.4478	-0.04121	0.3589	11470.0	18910.0	0.09736	1.0
theta_c_pr[3,137]	0.2466	0.001963	0.2731	0.2711	-0.2901	0.2462	0.7857	19380.0	26850.0	0.1644	1.0
theta_c_pr[3,138]	-0.2657	0.001956	0.1995	0.1982	-0.6614	-0.2654	0.1228	10410.0	18090.0	0.08832	1.0
theta_c_pr[3,139]	0.1591	0.001963	0.19	0.1889	-0.2168	0.1592	0.5338	9371.0	17880.0	0.07951	1.0
theta_c_pr[3,140]	0.4503	0.002009	0.211	0.2091	0.03857	0.448	0.8719	11080.0	18460.0	0.09397	1.0
theta_c_pr[3,141]	0.5481	0.001957	0.2002	0.1985	0.1605	0.5446	0.9484	10440.0	19000.0	0.08859	1.0
theta_c_pr[3,142]	0.823	0.002075	0.1995	0.1997	0.4415	0.8198	1.228	9242.0	18400.0	0.07841	1.0
theta_c_pr[3,143]	-0.06816	0.001895	0.1932	0.1934	-0.4495	-0.06711	0.3096	10400.0	17930.0	0.08821	1.0
theta_c_pr[3,144]	-1.362	0.00226	0.2459	0.2444	-1.874	-1.351	-0.9035	11800.0	23170.0	0.1001	1.0
theta_c_pr[3,145]	0.6292	0.002033	0.1938	0.1929	0.2533	0.6271	1.014	9080.0	17670.0	0.07704	1.0
theta_c_pr[3,146]	0.7416	0.002003	0.1753	0.1744	0.4036	0.7408	1.09	7663.0	15970.0	0.06502	1.0
theta_c_pr[3,147]	1.432	0.002297	0.2522	0.2513	0.9585	1.425	1.95	12000.0	21550.0	0.1018	1.0
theta_c_pr[3,148]	0.6301	0.001991	0.2101	0.2087	0.2254	0.6269	1.052	11110.0	20210.0	0.0943	1.0
theta_c_pr[3,149]	0.3812	0.001982	0.1897	0.1875	0.01276	0.3812	0.7598	9167.0	18950.0	0.07778	1.0
theta_c_pr[3,150]	0.1613	0.002917	0.2365	0.2347	-0.3004	0.1616	0.6296	6544.0	13780.0	0.05552	1.0
theta_c_pr[3,151]	-0.3284	0.001983	0.1901	0.1897	-0.7051	-0.3271	0.03963	9210.0	17920.0	0.07814	1.0
theta_c_pr[3,152]	0.6555	0.002	0.1778	0.1773	0.3149	0.6519	1.009	7891.0	16740.0	0.06695	1.0
theta_c_pr[3,153]	-1.355	0.002262	0.247	0.2451	-1.867	-1.347	-0.8997	11960.0	22780.0	0.1015	1.0
theta_c_pr[3,154]	0.04637	0.001905	0.1544	0.1545	-0.2568	0.04621	0.3463	6571.0	15400.0	0.05575	1.0
theta_c_pr[3,155]	-0.3559	0.001906	0.2012	0.2004	-0.7588	-0.3529	0.03018	11120.0	20040.0	0.09432	1.0
theta_c_pr[4,1]	-0.1756	0.002142	0.2116	0.2095	-0.585	-0.1778	0.2408	9726.0	16280.0	0.08252	1.001
theta_c_pr[4,2]	1.936	0.002378	0.3254	0.3209	1.339	1.924	2.611	18990.0	24600.0	0.1611	1.0
theta_c_pr[4,3]	0.1106	0.002306	0.3068	0.3112	-0.4765	0.1089	0.7096	17700.0	22410.0	0.1502	1.0
theta_c_pr[4,4]	0.5434	0.004591	0.569	0.5832	-0.5846	0.5538	1.619	15620.0	14940.0	0.1325	1.0
theta_c_pr[4,5]	-0.83	0.00931	0.4836	0.3647	-1.556	-0.9341	0.3427	2912.0	9359.0	0.0247	1.001
theta_c_pr[4,6]	0.7408	0.00244	0.373	0.3667	-0.01775	0.75	1.454	24080.0	19180.0	0.2043	1.0
theta_c_pr[4,7]	0.4023	0.001894	0.2281	0.2258	-0.04572	0.4041	0.847	14610.0	21150.0	0.124	1.0
theta_c_pr[4,8]	1.198	0.001954	0.2475	0.2452	0.7285	1.193	1.701	16100.0	25450.0	0.1366	1.0
theta_c_pr[4,9]	0.1239	0.002625	0.3566	0.3532	-0.5886	0.1268	0.8181	18580.0	18540.0	0.1576	1.0
theta_c_pr[4,10]	0.8627	0.005905	0.7143	0.6919	-0.6924	0.9303	2.114	16400.0	11640.0	0.1391	1.0
theta_c_pr[4,11]	-0.05519	0.002226	0.335	0.3386	-0.6906	-0.06133	0.613	22430.0	25130.0	0.1903	1.0
theta_c_pr[4,12]	-0.05255	0.002108	0.2419	0.2391	-0.5205	-0.05405	0.4283	13170.0	19750.0	0.1117	1.0
theta_c_pr[4,13]	0.5793	0.005742	0.7091	0.7003	-0.9265	0.6324	1.855	16750.0	10460.0	0.1421	1.001
theta_c_pr[4,14]	-1.176	0.006436	0.931	0.8491	-2.759	-1.286	0.9381	21710.0	28760.0	0.1842	1.0
theta_c_pr[4,15]	0.05146	0.002574	0.3646	0.3749	-0.6382	0.04525	0.7779	19920.0	22850.0	0.169	1.0
theta_c_pr[4,16]	0.9566	0.006436	0.6858	0.6436	-0.6365	1.051	2.084	13790.0	8990.0	0.117	1.0
theta_c_pr[4,17]	0.7092	0.006493	0.3737	0.3305	-0.1878	0.7567	1.325	4355.0	3199.0	0.03695	1.001
theta_c_pr[4,18]	0.4307	0.003511	0.4687	0.4627	-0.5314	0.4419	1.311	18560.0	14020.0	0.1575	1.0
theta_c_pr[4,19]	-0.7772	0.003232	0.4678	0.4403	-1.539	-0.8341	0.3043	20470.0	23850.0	0.1737	1.0
theta_c_pr[4,20]	0.08945	0.002143	0.2212	0.2202	-0.3396	0.08606	0.5269	10680.0	18700.0	0.09059	1.0
theta_c_pr[4,21]	0.7648	0.002688	0.3741	0.3586	-0.02566	0.7807	1.459	20850.0	15120.0	0.1769	1.0
theta_c_pr[4,22]	2.242	0.01113	0.7564	0.5713	0.3962	2.308	3.444	12910.0	4344.0	0.1096	1.001
theta_c_pr[4,23]	1.052	0.001834	0.2409	0.2375	0.5837	1.052	1.525	17350.0	23760.0	0.1472	1.0
theta_c_pr[4,24]	-0.07163	0.004449	0.4046	0.4058	-0.7599	-0.1151	0.7995	8150.0	19290.0	0.06915	1.001
theta_c_pr[4,25]	0.7632	0.001895	0.2531	0.2495	0.2675	0.7618	1.261	17880.0	23830.0	0.1517	1.0
theta_c_pr[4,26]	-0.08806	0.002119	0.2175	0.2173	-0.5105	-0.08728	0.3396	10540.0	17920.0	0.08939	1.0
theta_c_pr[4,27]	0.08245	0.00206	0.2773	0.2775	-0.4428	0.07812	0.6352	18080.0	23260.0	0.1534	1.0
theta_c_pr[4,28]	-0.7042	0.00472	0.5978	0.6172	-1.702	-0.7671	0.5726	15820.0	23870.0	0.1343	1.0
theta_c_pr[4,29]	0.8879	0.003104	0.4518	0.4453	-0.04174	0.9012	1.735	22180.0	16000.0	0.1882	1.0
theta_c_pr[4,30]	0.3864	0.003518	0.4959	0.5018	-0.5999	0.3995	1.322	20200.0	17090.0	0.1714	1.0
theta_c_pr[4,31]	-0.07731	0.00214	0.1977	0.1948	-0.4646	-0.07902	0.3156	8536.0	15110.0	0.07242	1.001
theta_c_pr[4,32]	-0.622	0.0103	1.08	1.056	-2.211	-0.8298	1.776	10980.0	21140.0	0.09312	1.001
theta_c_pr[4,33]	-0.2562	0.005692	0.7795	0.8368	-1.537	-0.3259	1.363	18190.0	22660.0	0.1543	1.0
theta_c_pr[4,34]	-0.9413	0.006146	0.899	0.8243	-2.471	-1.056	1.1	21140.0	26660.0	0.1793	1.0
theta_c_pr[4,35]	1.133	0.002531	0.3904	0.3795	0.357	1.137	1.89	24760.0	19840.0	0.2101	0.9999
theta_c_pr[4,36]	0.7743	0.001886	0.2467	0.2427	0.2816	0.7763	1.257	17240.0	23210.0	0.1463	1.0
theta_c_pr[4,37]	-0.4192	0.006398	0.8424	0.8275	-1.656	-0.5828	1.49	17440.0	25050.0	0.148	1.0
theta_c_pr[4,38]	0.4129	0.001838	0.1908	0.1896	0.03205	0.4137	0.7872	10800.0	19750.0	0.09165	1.0
theta_c_pr[4,39]	0.358	0.001955	0.221	0.2205	-0.07194	0.3573	0.7983	12810.0	21700.0	0.1087	1.0
theta_c_pr[4,40]	-1.057	0.008889	1.077	0.8862	-2.67	-1.285	1.57	15890.0	24410.0	0.1348	1.0
theta_c_pr[4,41]	1.344	0.002427	0.4055	0.3847	0.5145	1.354	2.119	29240.0	21020.0	0.2481	1.0
theta_c_pr[4,42]	-0.5201	0.003977	0.5145	0.5092	-1.356	-0.5895	0.6121	16560.0	21250.0	0.1405	1.0
theta_c_pr[4,43]	-0.2419	0.002447	0.3079	0.3106	-0.8307	-0.2443	0.3714	15700.0	19130.0	0.1332	1.0
theta_c_pr[4,44]	-1.572	0.005407	0.7334	0.6443	-2.849	-1.638	0.1037	19040.0	22280.0	0.1615	1.0
theta_c_pr[4,45]	-0.1672	0.002709	0.3362	0.343	-0.7909	-0.1795	0.5146	15140.0	20370.0	0.1285	1.0
theta_c_pr[4,46]	-0.7973	0.003181	0.4566	0.4212	-1.556	-0.8489	0.2528	19930.0	21130.0	0.1691	1.0
theta_c_pr[4,47]	0.6581	0.001886	0.2325	0.2273	0.1931	0.6606	1.112	15270.0	23360.0	0.1296	1.0
theta_c_pr[4,48]	1.118	0.001965	0.2753	0.2703	0.5778	1.117	1.664	20020.0	24530.0	0.1698	1.0
theta_c_pr[4,49]	-0.6959	0.007602	0.9193	0.9022	-2.06	-0.8623	1.365	14660.0	25600.0	0.1244	1.0
theta_c_pr[4,50]	-1.037	0.005563	0.7052	0.5968	-2.084	-1.153	0.6622	17720.0	19300.0	0.1503	1.0
theta_c_pr[4,51]	-0.8896	0.007867	1.044	1.002	-2.608	-1.043	1.417	17630.0	25330.0	0.1496	1.0
theta_c_pr[4,52]	-0.5966	0.01107	1.131	1.206	-2.372	-0.7734	1.754	10450.0	21450.0	0.0887	1.0
theta_c_pr[4,53]	0.546	0.002358	0.3444	0.3499	-0.133	0.5495	1.209	21420.0	22040.0	0.1818	1.0
theta_c_pr[4,54]	0.555	0.001882	0.2438	0.2408	0.06002	0.5602	1.02	16920.0	23470.0	0.1435	1.0
theta_c_pr[4,55]	0.7567	0.0061	0.7822	0.7778	-0.8863	0.8028	2.195	17500.0	10870.0	0.1484	1.0
theta_c_pr[4,56]	-1.618	0.005819	0.7961	0.7102	-2.981	-1.704	0.2133	19410.0	20670.0	0.1647	1.0
theta_c_pr[4,57]	0.1133	0.002896	0.3885	0.3905	-0.687	0.1302	0.8353	18550.0	16980.0	0.1574	1.0
theta_c_pr[4,58]	0.2303	0.002256	0.3102	0.3079	-0.3704	0.2271	0.8493	18900.0	21780.0	0.1604	1.0
theta_c_pr[4,59]	0.9874	0.002836	0.4127	0.4008	0.1088	1.009	1.746	22890.0	15940.0	0.1942	1.0
theta_c_pr[4,60]	1.103	0.001996	0.2947	0.2876	0.5165	1.106	1.675	21910.0	24090.0	0.1859	1.0
theta_c_pr[4,61]	-0.371	0.0107	0.606	0.6722	-1.344	-0.4634	0.8401	3220.0	10370.0	0.02732	1.001
theta_c_pr[4,62]	-0.2316	0.002279	0.2863	0.2859	-0.7652	-0.2407	0.3538	15560.0	20700.0	0.1321	1.0
theta_c_pr[4,63]	-0.4172	0.005046	0.7135	0.7086	-1.535	-0.5184	1.185	19460.0	24590.0	0.1651	1.0
theta_c_pr[4,64]	-0.9353	0.004733	0.6615	0.5765	-2.013	-1.021	0.6381	19840.0	23110.0	0.1684	1.0
theta_c_pr[4,65]	-1.198	0.00628	0.7732	0.6252	-2.356	-1.342	0.7713	15990.0	20150.0	0.1357	1.0
theta_c_pr[4,66]	0.3405	0.004701	0.3281	0.3433	-0.272	0.3318	0.9855	4874.0	15250.0	0.04135	1.001
theta_c_pr[4,67]	-0.1317	0.005088	0.7202	0.7921	-1.317	-0.1876	1.341	19510.0	24560.0	0.1656	1.0
theta_c_pr[4,68]	-1.339	0.005309	0.7013	0.6048	-2.487	-1.43	0.3329	17790.0	22780.0	0.151	1.0
theta_c_pr[4,69]	-0.08037	0.002101	0.2177	0.2146	-0.5028	-0.0807	0.3506	10750.0	17010.0	0.09122	1.0
theta_c_pr[4,70]	-0.498	0.002756	0.4055	0.4026	-1.216	-0.5242	0.3611	20950.0	20470.0	0.1778	1.0
theta_c_pr[4,71]	0.1977	0.00236	0.3027	0.3012	-0.3867	0.193	0.7999	16420.0	22460.0	0.1393	1.0
theta_c_pr[4,72]	-1.231	0.008165	0.8675	0.8513	-2.758	-1.277	0.6517	10970.0	21060.0	0.09305	1.0
theta_c_pr[4,73]	-1.727	0.006844	0.8467	0.7835	-3.198	-1.805	0.1953	15590.0	20850.0	0.1323	1.0
theta_c_pr[4,74]	1.28	0.003471	0.5247	0.4984	0.1788	1.301	2.261	26530.0	14280.0	0.2251	1.0
theta_c_pr[4,75]	-0.8205	0.01138	1.092	1.067	-2.676	-0.9081	1.59	8941.0	20790.0	0.07586	1.0
theta_c_pr[4,76]	-1.319	0.005832	0.861	0.8013	-2.82	-1.407	0.5988	21820.0	27230.0	0.1851	1.0
theta_c_pr[4,77]	-1.35	0.006892	0.8385	0.7989	-2.786	-1.431	0.4967	14580.0	23890.0	0.1237	1.0
theta_c_pr[4,78]	-0.735	0.005189	0.6646	0.5811	-1.717	-0.8572	0.8992	16750.0	21770.0	0.1421	1.0
theta_c_pr[4,79]	-1.173	0.008227	0.967	0.9306	-2.783	-1.303	1.005	14090.0	25980.0	0.1195	1.0
theta_c_pr[4,80]	-0.3946	0.006107	0.4706	0.4652	-1.152	-0.4662	0.6354	5839.0	15790.0	0.04954	1.0
theta_c_pr[4,81]	-0.6731	0.002929	0.3111	0.3009	-1.236	-0.6929	-0.001841	11100.0	16830.0	0.09419	1.001
theta_c_pr[4,82]	-0.6445	0.005673	0.7108	0.7305	-1.815	-0.7146	0.8981	15230.0	22660.0	0.1292	1.0
theta_c_pr[4,83]	-0.3777	0.002356	0.2466	0.2398	-0.8512	-0.3812	0.1257	10830.0	15470.0	0.09185	1.0
theta_c_pr[4,84]	-0.08539	0.002398	0.3165	0.32	-0.6812	-0.08997	0.5453	17250.0	20330.0	0.1464	1.0
theta_c_pr[4,85]	0.0006171	0.002014	0.2398	0.2371	-0.4612	-0.001503	0.4791	14150.0	21320.0	0.1201	1.0
theta_c_pr[4,86]	0.0813	0.001945	0.1888	0.1872	-0.2919	0.08323	0.4467	9520.0	17020.0	0.08077	1.001
theta_c_pr[4,87]	-0.2412	0.002176	0.2498	0.2465	-0.7267	-0.2441	0.2594	13130.0	19710.0	0.1114	1.0
theta_c_pr[4,88]	-0.2479	0.007176	0.8918	1.001	-1.634	-0.3655	1.574	15470.0	22480.0	0.1312	1.0
theta_c_pr[4,89]	-0.04093	0.003664	0.3149	0.3024	-0.602	-0.06366	0.6409	7519.0	17990.0	0.06379	1.001
theta_c_pr[4,90]	-0.378	0.00311	0.4847	0.4764	-1.182	-0.4289	0.6923	23380.0	25050.0	0.1984	1.0
theta_c_pr[4,91]	1.118	0.002306	0.3682	0.3581	0.4032	1.113	1.856	25660.0	22190.0	0.2177	1.0
theta_c_pr[4,92]	-0.8256	0.008652	1.007	1.013	-2.488	-0.9372	1.372	13310.0	23660.0	0.1129	1.0
theta_c_pr[4,93]	-0.1402	0.002589	0.3455	0.3489	-0.768	-0.1581	0.5769	17360.0	21270.0	0.1473	1.0
theta_c_pr[4,94]	0.2717	0.003313	0.4719	0.4865	-0.6787	0.2894	1.155	20800.0	17090.0	0.1765	1.0
theta_c_pr[4,95]	0.4888	0.002002	0.2463	0.2445	0.004113	0.491	0.9689	15250.0	22260.0	0.1294	1.0
theta_c_pr[4,96]	-0.3964	0.004702	0.5252	0.4363	-1.17	-0.4862	0.9859	14920.0	11720.0	0.1266	1.0
theta_c_pr[4,97]	-1.301	0.004354	0.5797	0.4947	-2.225	-1.375	0.09362	18680.0	19410.0	0.1585	1.0
theta_c_pr[4,98]	0.4805	0.002345	0.3154	0.3126	-0.1676	0.4919	1.073	18540.0	19030.0	0.1573	1.0
theta_c_pr[4,99]	-0.9367	0.005628	0.7721	0.682	-2.081	-1.086	0.9241	19350.0	26030.0	0.1642	1.0
theta_c_pr[4,100]	0.2132	0.009099	0.5941	0.6239	-0.9354	0.3298	1.16	5025.0	6869.0	0.04263	1.002
theta_c_pr[4,101]	-0.6204	0.002902	0.3902	0.3825	-1.308	-0.6504	0.22	17180.0	19450.0	0.1458	1.0
theta_c_pr[4,102]	-1.06	0.005969	0.8967	0.8178	-2.6	-1.164	0.9639	22650.0	28200.0	0.1922	1.0
theta_c_pr[4,103]	-0.477	0.007247	0.5914	0.6449	-1.477	-0.5269	0.7148	6553.0	16260.0	0.0556	1.001
theta_c_pr[4,104]	-0.6798	0.005351	0.6068	0.5887	-1.623	-0.782	0.6955	12460.0	19880.0	0.1057	1.0
theta_c_pr[4,105]	0.6942	0.001798	0.2394	0.237	0.2148	0.6971	1.155	17870.0	23900.0	0.1516	1.0
theta_c_pr[4,106]	2.323	0.002749	0.529	0.5033	1.29	2.317	3.374	38870.0	24550.0	0.3298	1.0
theta_c_pr[4,107]	-0.1675	0.01185	1.085	1.095	-2.413	-0.1284	1.816	8905.0	9274.0	0.07555	1.001
theta_c_pr[4,108]	-1.326	0.005592	0.8301	0.7446	-2.755	-1.42	0.5811	22670.0	26860.0	0.1923	1.0
theta_c_pr[4,109]	-0.1943	0.002765	0.3821	0.3921	-0.8974	-0.21	0.5778	18750.0	20160.0	0.1591	1.0
theta_c_pr[4,110]	-0.4001	0.00314	0.4528	0.4373	-1.151	-0.4528	0.6112	20220.0	23220.0	0.1716	1.0
theta_c_pr[4,111]	1.685	0.00428	0.5947	0.5797	0.4831	1.696	2.832	20550.0	14610.0	0.1744	1.0
theta_c_pr[4,112]	0.683	0.001971	0.2932	0.2908	0.09816	0.686	1.255	22240.0	23120.0	0.1887	1.0
theta_c_pr[4,113]	0.08755	0.004991	0.6766	0.7384	-1.166	0.09675	1.358	18460.0	18120.0	0.1566	1.0
theta_c_pr[4,114]	0.3243	0.001831	0.1948	0.1909	-0.06447	0.3266	0.7054	11370.0	21270.0	0.09644	1.0
theta_c_pr[4,115]	-0.1382	0.004633	0.5623	0.6126	-1.064	-0.1975	1.014	14430.0	22850.0	0.1224	1.0
theta_c_pr[4,116]	0.2645	0.002185	0.2443	0.2459	-0.2018	0.2603	0.7566	12410.0	19400.0	0.1053	1.0
theta_c_pr[4,117]	-0.2537	0.00334	0.4768	0.4613	-1.033	-0.3118	0.8276	20250.0	24070.0	0.1718	1.0
theta_c_pr[4,118]	0.00255	0.002993	0.4519	0.4777	-0.8433	-0.002313	0.8785	22660.0	22520.0	0.1923	1.0
theta_c_pr[4,119]	1.711	0.003882	0.5916	0.5866	0.5188	1.727	2.835	23840.0	18330.0	0.2023	1.0
theta_c_pr[4,120]	0.5574	0.002928	0.3506	0.3326	-0.2172	0.5825	1.185	15510.0	13540.0	0.1316	1.0
theta_c_pr[4,121]	-1.085	0.006204	0.7678	0.637	-2.23	-1.23	0.8427	15620.0	22500.0	0.1325	1.0
theta_c_pr[4,122]	0.7585	0.002057	0.2645	0.256	0.2138	0.7665	1.264	16920.0	20050.0	0.1435	1.0
theta_c_pr[4,123]	0.4942	0.002595	0.3415	0.3413	-0.1695	0.4924	1.167	17280.0	21870.0	0.1466	1.0
theta_c_pr[4,124]	0.3298	0.00204	0.2698	0.271	-0.1922	0.3271	0.8621	17520.0	22040.0	0.1486	1.0
theta_c_pr[4,125]	1.58	0.002538	0.3744	0.3669	0.8492	1.575	2.332	21920.0	24230.0	0.186	1.0
theta_c_pr[4,126]	0.9954	0.002319	0.3599	0.3505	0.2641	1.003	1.682	24900.0	19450.0	0.2113	1.0
theta_c_pr[4,127]	1.038	0.002133	0.3065	0.299	0.4535	1.031	1.664	20640.0	23290.0	0.1751	1.0
theta_c_pr[4,128]	0.3313	0.002038	0.3039	0.3039	-0.2556	0.3279	0.9348	22180.0	24810.0	0.1882	1.0
theta_c_pr[4,129]	-0.2091	0.002241	0.2445	0.2426	-0.6872	-0.2118	0.2787	11870.0	19250.0	0.1007	1.001
theta_c_pr[4,130]	-0.6403	0.007733	0.4862	0.4207	-1.371	-0.7429	0.4931	3671.0	11910.0	0.03115	1.001
theta_c_pr[4,131]	-1.408	0.008397	0.883	0.8749	-3.025	-1.43	0.4389	10890.0	22280.0	0.09239	1.0
theta_c_pr[4,132]	-1.642	0.006511	0.8287	0.7324	-3.041	-1.731	0.2913	16820.0	23590.0	0.1427	1.0
theta_c_pr[4,133]	0.09622	0.002349	0.2916	0.2959	-0.4799	0.09978	0.6549	15550.0	21430.0	0.1319	1.0
theta_c_pr[4,134]	-1.534	0.006532	0.7748	0.6413	-2.783	-1.641	0.3896	15050.0	17920.0	0.1277	1.0
theta_c_pr[4,135]	0.3319	0.004592	0.331	0.3434	-0.3197	0.3415	0.9527	5288.0	9833.0	0.04487	1.001
theta_c_pr[4,136]	-0.06812	0.002196	0.2803	0.2847	-0.6076	-0.0722	0.487	16180.0	21150.0	0.1373	1.0
theta_c_pr[4,137]	0.1633	0.002178	0.2135	0.2135	-0.2497	0.1618	0.5845	9633.0	20030.0	0.08173	1.0
theta_c_pr[4,138]	0.3314	0.002735	0.409	0.4215	-0.4505	0.331	1.131	22250.0	21600.0	0.1888	1.0
theta_c_pr[4,139]	-0.2837	0.003584	0.4397	0.4447	-1.048	-0.3173	0.6478	14630.0	20020.0	0.1241	1.0
theta_c_pr[4,140]	-0.06793	0.002538	0.3494	0.3555	-0.7138	-0.08308	0.6493	18560.0	23650.0	0.1575	1.0
theta_c_pr[4,141]	0.9808	0.002544	0.4004	0.3936	0.1889	0.9796	1.772	25130.0	20140.0	0.2132	1.0
theta_c_pr[4,142]	0.5877	0.005099	0.5126	0.5081	-0.5049	0.6563	1.453	12030.0	11580.0	0.1021	1.001
theta_c_pr[4,143]	0.8391	0.002105	0.2982	0.2924	0.2486	0.8383	1.432	20320.0	22960.0	0.1724	1.0
theta_c_pr[4,144]	-0.1379	0.005165	0.754	0.7933	-1.454	-0.1742	1.413	20500.0	22820.0	0.1739	1.0
theta_c_pr[4,145]	0.7826	0.002567	0.3908	0.3811	-0.007258	0.7843	1.546	23550.0	20200.0	0.1999	1.0
theta_c_pr[4,146]	0.9191	0.003586	0.5158	0.4876	-0.2016	0.9444	1.863	24110.0	13340.0	0.2046	1.0
theta_c_pr[4,147]	1.098	0.003183	0.4477	0.4374	0.143	1.12	1.917	21200.0	15820.0	0.1799	1.0
theta_c_pr[4,148]	0.07898	0.002998	0.3382	0.3441	-0.5536	0.0683	0.7606	12590.0	19590.0	0.1068	1.0
theta_c_pr[4,149]	-0.2872	0.002445	0.3137	0.3112	-0.8579	-0.3039	0.3682	16100.0	20890.0	0.1366	1.0
theta_c_pr[4,150]	0.9909	0.02373	0.6028	0.3686	-0.5465	1.143	1.768	1143.0	1091.0	0.009698	1.003
theta_c_pr[4,151]	-0.105	0.002278	0.3003	0.2995	-0.6814	-0.1083	0.4968	17300.0	20480.0	0.1468	1.0
theta_c_pr[4,152]	-0.1951	0.003489	0.4998	0.5192	-1.073	-0.2223	0.8396	19840.0	22450.0	0.1683	1.0
theta_c_pr[4,153]	-1.474	0.007949	0.9572	0.8399	-3.022	-1.604	0.8393	14980.0	20920.0	0.1271	1.0
theta_c_pr[4,154]	-0.8726	0.006599	0.7049	0.5336	-1.818	-1.028	1.043	14620.0	12350.0	0.124	1.001
theta_c_pr[4,155]	-1.064	0.005441	0.7327	0.6787	-2.26	-1.166	0.631	18110.0	24200.0	0.1537	1.0
theta_d_pr[1,1]	0.4584	0.004907	0.9021	0.8987	-1.341	0.465	2.208	34220.0	29350.0	0.2903	1.0
theta_d_pr[1,2]	-0.5352	0.006091	0.2662	0.2348	-1.147	-0.5064	-0.103	2628.0	1849.0	0.0223	1.001
theta_d_pr[1,3]	0.4799	0.004038	0.789	0.7566	-1.156	0.5038	1.984	38650.0	29510.0	0.328	1.0
theta_d_pr[1,4]	0.764	0.003936	0.5141	0.3883	-0.4684	0.7874	1.716	17940.0	10100.0	0.1522	1.001
theta_d_pr[1,5]	-1.626	0.02201	1.257	1.387	-3.929	-1.591	0.7501	3322.0	12220.0	0.02819	1.001
theta_d_pr[1,6]	-0.2703	0.003202	0.5274	0.4564	-1.284	-0.2898	0.8642	28420.0	21610.0	0.2412	1.0
theta_d_pr[1,7]	0.007556	0.003745	0.8118	0.7967	-1.596	0.003484	1.608	47180.0	29710.0	0.4003	1.0
theta_d_pr[1,8]	-0.09205	0.002957	0.4465	0.406	-1.057	-0.06834	0.7269	24270.0	18460.0	0.206	1.0
theta_d_pr[1,9]	0.03718	0.004081	0.6806	0.6218	-1.465	0.09609	1.264	28530.0	26320.0	0.2421	1.0
theta_d_pr[1,10]	-0.361	0.003414	0.4061	0.2899	-1.196	-0.3537	0.5169	13810.0	13850.0	0.1172	1.0
theta_d_pr[1,11]	0.04148	0.004018	0.7889	0.7477	-1.505	0.02306	1.647	38630.0	31620.0	0.3278	1.0
theta_d_pr[1,12]	0.1156	0.004033	0.8502	0.8435	-1.572	0.1243	1.768	44480.0	31970.0	0.3774	1.0
theta_d_pr[1,13]	0.1126	0.003235	0.4267	0.2906	-0.8906	0.1299	0.9503	18540.0	16810.0	0.1573	1.0
theta_d_pr[1,14]	-0.2334	0.003764	0.887	0.8319	-1.954	-0.2581	1.589	56020.0	28800.0	0.4753	1.0
theta_d_pr[1,15]	0.4406	0.004016	0.7598	0.7028	-1.186	0.4759	1.88	36380.0	27440.0	0.3087	1.0
theta_d_pr[1,16]	0.3778	0.004168	0.4062	0.3063	-0.3479	0.344	1.297	9516.0	13210.0	0.08074	1.001
theta_d_pr[1,17]	-2.067	0.009784	0.7465	0.644	-3.413	-2.095	-0.3112	8902.0	2805.0	0.07552	1.001
theta_d_pr[1,18]	-0.3358	0.003585	0.54	0.4596	-1.55	-0.2775	0.6278	23470.0	24290.0	0.1991	1.0
theta_d_pr[1,19]	-0.2024	0.004056	0.8059	0.7542	-1.768	-0.2182	1.456	39540.0	31100.0	0.3355	1.0
theta_d_pr[1,20]	0.6668	0.004839	0.8879	0.8766	-1.112	0.6703	2.385	33820.0	30280.0	0.2869	1.0
theta_d_pr[1,21]	-0.4097	0.003135	0.3978	0.3261	-1.169	-0.4212	0.4537	17980.0	13110.0	0.1526	1.001
theta_d_pr[1,22]	-0.03731	0.002391	0.2211	0.1891	-0.452	-0.03614	0.366	9981.0	11370.0	0.08468	1.0
theta_d_pr[1,23]	0.3692	0.002985	0.5757	0.5408	-0.7467	0.3574	1.543	37800.0	25320.0	0.3207	1.0
theta_d_pr[1,24]	-1.089	0.009213	0.9048	0.8699	-2.689	-1.183	0.8697	10570.0	19170.0	0.08971	1.0
theta_d_pr[1,25]	0.7615	0.003952	0.7402	0.716	-0.7457	0.7736	2.183	36540.0	21610.0	0.31	1.0
theta_d_pr[1,26]	0.3176	0.00427	0.8902	0.8782	-1.462	0.328	2.03	43840.0	28400.0	0.372	1.0
theta_d_pr[1,27]	0.035	0.003902	0.8133	0.7907	-1.598	0.04191	1.617	43520.0	30330.0	0.3692	1.0
theta_d_pr[1,28]	-0.7517	0.004917	0.7801	0.6587	-2.187	-0.8016	1.018	27830.0	23380.0	0.2361	1.0
theta_d_pr[1,29]	0.09714	0.002975	0.4317	0.3535	-0.7278	0.07674	1.046	22340.0	18490.0	0.1895	1.0
theta_d_pr[1,30]	0.572	0.00381	0.5704	0.4592	-0.7016	0.5838	1.688	24200.0	19290.0	0.2053	1.0
theta_d_pr[1,31]	0.4545	0.004476	0.9064	0.9019	-1.34	0.4581	2.219	41470.0	31070.0	0.3518	1.0
theta_d_pr[1,32]	-0.5727	0.004094	0.7064	0.5442	-2.061	-0.5165	0.9749	30250.0	22240.0	0.2566	1.0
theta_d_pr[1,33]	0.3847	0.003926	0.6575	0.5017	-1.075	0.3875	1.724	29570.0	21980.0	0.2509	1.0
theta_d_pr[1,34]	0.273	0.003745	0.8464	0.7794	-1.467	0.2812	1.958	51580.0	29710.0	0.4377	1.0
theta_d_pr[1,35]	0.3727	0.003525	0.4009	0.3489	-0.2985	0.3285	1.303	17200.0	12250.0	0.1459	1.0
theta_d_pr[1,36]	1.257	0.00382	0.7442	0.7264	-0.1879	1.25	2.754	37910.0	26960.0	0.3217	1.0
theta_d_pr[1,37]	-0.4267	0.003893	0.6912	0.533	-1.852	-0.4219	1.115	33120.0	25970.0	0.281	1.0
theta_d_pr[1,38]	-0.02546	0.0035	0.9048	0.9037	-1.786	-0.03113	1.748	66970.0	29930.0	0.5682	1.0
theta_d_pr[1,39]	-0.3305	0.003786	0.8746	0.8728	-2.039	-0.3294	1.371	53470.0	31350.0	0.4537	1.0
theta_d_pr[1,40]	-0.09453	0.003685	0.8287	0.7215	-1.789	-0.08958	1.621	50640.0	28170.0	0.4297	1.0
theta_d_pr[1,41]	0.009267	0.002262	0.3145	0.2844	-0.5955	0.004456	0.6499	20170.0	15020.0	0.1711	1.001
theta_d_pr[1,42]	0.7555	0.005026	0.8332	0.7564	-1.051	0.7982	2.324	30330.0	17500.0	0.2573	1.0
theta_d_pr[1,43]	0.4307	0.004068	0.8105	0.7818	-1.209	0.4367	2.0	39890.0	30890.0	0.3384	1.0
theta_d_pr[1,44]	-0.08451	0.00355	0.861	0.7979	-1.816	-0.08918	1.656	58870.0	29840.0	0.4994	1.0
theta_d_pr[1,45]	-0.78	0.005739	0.8377	0.8003	-2.303	-0.8396	1.021	22890.0	23140.0	0.1942	1.0
theta_d_pr[1,46]	-0.3023	0.004061	0.8329	0.7972	-1.904	-0.3279	1.405	42280.0	29390.0	0.3587	1.0
theta_d_pr[1,47]	-0.4093	0.003148	0.5795	0.5501	-1.622	-0.3883	0.6877	34820.0	26980.0	0.2955	1.0
theta_d_pr[1,48]	-0.01303	0.002765	0.4677	0.4293	-0.9533	-0.008851	0.9235	29190.0	19670.0	0.2476	1.0
theta_d_pr[1,49]	-0.4575	0.003895	0.7205	0.553	-1.97	-0.4408	1.113	34850.0	26450.0	0.2957	1.0
theta_d_pr[1,50]	-0.6	0.004498	0.8308	0.7391	-2.185	-0.6151	1.183	35540.0	27080.0	0.3016	1.0
theta_d_pr[1,51]	0.3183	0.004115	0.8351	0.7326	-1.469	0.3472	1.954	42500.0	27840.0	0.3606	1.0
theta_d_pr[1,52]	-0.5573	0.004084	0.7059	0.5152	-2.028	-0.5301	1.039	31220.0	20490.0	0.2649	1.0
theta_d_pr[1,53]	-0.7876	0.00392	0.6986	0.6439	-2.134	-0.8003	0.683	32890.0	20560.0	0.2791	1.001
theta_d_pr[1,54]	0.7286	0.003581	0.6844	0.6645	-0.5922	0.7165	2.104	36800.0	28980.0	0.3123	1.0
theta_d_pr[1,55]	0.2276	0.003349	0.4023	0.2764	-0.6896	0.2341	1.018	15440.0	14520.0	0.131	1.0
theta_d_pr[1,56]	0.05197	0.003712	0.8664	0.788	-1.715	0.0489	1.814	54660.0	28140.0	0.4637	1.0
theta_d_pr[1,57]	0.4048	0.003697	0.6408	0.5752	-0.8602	0.383	1.734	31160.0	25620.0	0.2644	1.0
theta_d_pr[1,58]	0.1544	0.003943	0.7099	0.67	-1.382	0.2038	1.458	33260.0	27890.0	0.2822	1.0
theta_d_pr[1,59]	-0.7599	0.004681	0.4447	0.3815	-1.706	-0.7328	0.0678	10040.0	8227.0	0.08514	1.0
theta_d_pr[1,60]	0.165	0.002691	0.461	0.4236	-0.7027	0.1476	1.142	30350.0	21930.0	0.2575	1.0
theta_d_pr[1,61]	-1.574	0.0182	1.07	1.037	-3.37	-1.724	0.7617	3896.0	10420.0	0.03305	1.001
theta_d_pr[1,62]	0.3763	0.004118	0.8427	0.8223	-1.345	0.3922	1.992	41970.0	28960.0	0.3561	1.0
theta_d_pr[1,63]	-0.5512	0.004462	0.7311	0.5875	-1.98	-0.5747	1.086	28650.0	20200.0	0.2431	1.0
theta_d_pr[1,64]	-0.04629	0.003643	0.837	0.7752	-1.712	-0.06851	1.669	53010.0	31160.0	0.4498	1.0
theta_d_pr[1,65]	-0.3295	0.003968	0.794	0.6925	-1.913	-0.3308	1.346	40510.0	29950.0	0.3437	1.0
theta_d_pr[1,66]	1.413	0.01144	0.8892	0.83	-0.5834	1.499	2.954	6963.0	10440.0	0.05908	1.001
theta_d_pr[1,67]	0.2972	0.003813	0.6435	0.4955	-1.092	0.2856	1.647	29440.0	22370.0	0.2497	1.0
theta_d_pr[1,68]	-0.277	0.003823	0.8309	0.7472	-1.919	-0.2907	1.46	47720.0	30030.0	0.4049	1.0
theta_d_pr[1,69]	-0.2656	0.004052	0.8801	0.8695	-1.977	-0.2707	1.492	47210.0	31760.0	0.4006	1.0
theta_d_pr[1,70]	-0.1591	0.004038	0.8013	0.7469	-1.774	-0.1607	1.477	39670.0	28730.0	0.3366	1.0
theta_d_pr[1,71]	-0.6668	0.005796	0.8046	0.7789	-2.126	-0.7181	1.051	20720.0	26460.0	0.1758	1.0
theta_d_pr[1,72]	-0.6875	0.004751	0.7975	0.6652	-2.254	-0.6811	1.08	29340.0	22980.0	0.249	1.0
theta_d_pr[1,73]	0.0128	0.003649	0.8381	0.7366	-1.689	0.004497	1.746	52990.0	27980.0	0.4496	1.0
theta_d_pr[1,74]	-0.2166	0.002703	0.3054	0.2532	-0.905	-0.1948	0.3123	14590.0	11530.0	0.1238	1.0
theta_d_pr[1,75]	0.5617	0.004139	0.7282	0.5758	-0.9951	0.5038	2.115	32190.0	19630.0	0.2731	1.0
theta_d_pr[1,76]	-0.3256	0.003857	0.8956	0.8438	-2.063	-0.3449	1.519	54520.0	28600.0	0.4626	1.0
theta_d_pr[1,77]	-0.5197	0.004267	0.8281	0.7105	-2.136	-0.5256	1.294	38660.0	27940.0	0.328	1.0
theta_d_pr[1,78]	0.504	0.003984	0.7847	0.6859	-1.162	0.5044	2.057	39400.0	27270.0	0.3343	1.0
theta_d_pr[1,79]	-0.4382	0.004178	0.8434	0.7219	-2.088	-0.4732	1.401	41580.0	29250.0	0.3528	1.0
theta_d_pr[1,80]	1.216	0.011	0.9466	0.9068	-0.8585	1.323	2.866	8166.0	16500.0	0.06929	1.0
theta_d_pr[1,81]	-0.6483	0.005822	0.9013	0.8903	-2.331	-0.6772	1.198	24250.0	25730.0	0.2057	1.0
theta_d_pr[1,82]	0.8221	0.004552	0.7471	0.6299	-0.8292	0.8099	2.308	28710.0	22700.0	0.2436	1.0
theta_d_pr[1,83]	0.4678	0.004815	0.8929	0.8852	-1.317	0.479	2.189	34830.0	28770.0	0.2955	1.0
theta_d_pr[1,84]	0.2567	0.004122	0.7834	0.7478	-1.349	0.2744	1.781	36170.0	29730.0	0.3069	1.0
theta_d_pr[1,85]	-0.4303	0.004775	0.8543	0.8372	-2.066	-0.4451	1.297	33240.0	28890.0	0.282	1.0
theta_d_pr[1,86]	-0.4085	0.003929	0.8521	0.8437	-2.057	-0.4082	1.282	47300.0	30790.0	0.4013	1.0
theta_d_pr[1,87]	0.1542	0.004193	0.8653	0.8513	-1.585	0.1681	1.838	42780.0	30320.0	0.3629	1.0
theta_d_pr[1,88]	-0.05149	0.003764	0.6244	0.4337	-1.394	-0.05288	1.314	28360.0	25940.0	0.2406	1.0
theta_d_pr[1,89]	-0.9393	0.009484	0.9069	0.9018	-2.533	-1.02	0.9882	9769.0	18050.0	0.08288	1.0
theta_d_pr[1,90]	0.1801	0.004088	0.766	0.6971	-1.409	0.2002	1.691	35140.0	31540.0	0.2981	1.0
theta_d_pr[1,91]	-0.4589	0.004129	0.4043	0.3565	-1.422	-0.4077	0.1903	11640.0	11390.0	0.0988	1.001
theta_d_pr[1,92]	-0.6023	0.004279	0.7739	0.6288	-2.124	-0.6102	1.117	33960.0	25560.0	0.2881	1.0
theta_d_pr[1,93]	0.6037	0.004569	0.829	0.7965	-1.14	0.6446	2.135	33830.0	25310.0	0.287	1.0
theta_d_pr[1,94]	0.3927	0.003773	0.6045	0.4962	-0.9556	0.4104	1.578	27110.0	19580.0	0.23	1.0
theta_d_pr[1,95]	-0.04416	0.003458	0.6722	0.6416	-1.337	-0.06548	1.356	38240.0	26980.0	0.3244	1.0
theta_d_pr[1,96]	0.2801	0.004032	0.7958	0.7401	-1.373	0.3037	1.816	39100.0	28760.0	0.3317	1.0
theta_d_pr[1,97]	-0.0519	0.003778	0.828	0.7562	-1.717	-0.06378	1.644	48030.0	30180.0	0.4075	1.0
theta_d_pr[1,98]	1.026	0.003669	0.7045	0.6713	-0.3623	1.018	2.457	37540.0	23390.0	0.3185	1.0
theta_d_pr[1,99]	-0.4699	0.003988	0.7811	0.6683	-2.042	-0.4713	1.196	39460.0	25690.0	0.3348	1.0
theta_d_pr[1,100]	-1.634	0.0109	0.8389	0.723	-3.103	-1.695	0.4019	7690.0	5106.0	0.06524	1.001
theta_d_pr[1,101]	0.487	0.004536	0.8441	0.8103	-1.26	0.5175	2.079	35520.0	27080.0	0.3014	1.0
theta_d_pr[1,102]	0.05628	0.003661	0.872	0.823	-1.731	0.06557	1.788	57000.0	29780.0	0.4836	1.0
theta_d_pr[1,103]	-1.191	0.009257	0.8557	0.732	-2.673	-1.285	0.7968	10360.0	13300.0	0.08788	1.001
theta_d_pr[1,104]	-0.9509	0.006542	0.8447	0.75	-2.5	-1.016	0.9362	18200.0	24100.0	0.1544	1.0
theta_d_pr[1,105]	-0.1796	0.003291	0.6448	0.6086	-1.435	-0.1858	1.145	38730.0	27620.0	0.3286	1.001
theta_d_pr[1,106]	-0.4646	0.00498	0.2535	0.2287	-1.033	-0.4432	-0.03998	3421.0	2550.0	0.02903	1.001
theta_d_pr[1,107]	0.6366	0.004258	0.6116	0.4545	-0.658	0.5833	1.975	21470.0	11660.0	0.1821	1.0
theta_d_pr[1,108]	-0.1269	0.003738	0.8872	0.8401	-1.87	-0.1473	1.686	56630.0	30740.0	0.4805	1.0
theta_d_pr[1,109]	-0.4903	0.00415	0.7931	0.7455	-2.044	-0.4935	1.127	36700.0	29100.0	0.3114	1.0
theta_d_pr[1,110]	-0.2309	0.004051	0.7984	0.7413	-1.808	-0.2388	1.413	38940.0	30500.0	0.3304	1.0
theta_d_pr[1,111]	0.7184	0.00679	0.3332	0.2808	0.1717	0.6882	1.46	2992.0	2183.0	0.02539	1.002
theta_d_pr[1,112]	-0.4503	0.003503	0.6655	0.6258	-1.756	-0.4622	0.9182	36870.0	24950.0	0.3129	1.0
theta_d_pr[1,113]	0.3878	0.003745	0.5789	0.4238	-0.8982	0.3777	1.607	25580.0	21530.0	0.217	1.0
theta_d_pr[1,114]	-0.8932	0.003668	0.7608	0.7447	-2.429	-0.8853	0.5638	43110.0	27870.0	0.3658	1.0
theta_d_pr[1,115]	-0.9862	0.005296	0.7968	0.6913	-2.439	-1.046	0.8137	25200.0	23090.0	0.2138	1.0
theta_d_pr[1,116]	0.8987	0.00603	0.8888	0.8782	-0.9001	0.9233	2.597	22100.0	25040.0	0.1875	1.0
theta_d_pr[1,117]	-0.3056	0.00408	0.7799	0.7214	-1.84	-0.3274	1.326	36740.0	30100.0	0.3117	1.0
theta_d_pr[1,118]	-0.4537	0.003914	0.6908	0.612	-1.817	-0.4623	1.013	31760.0	25860.0	0.2694	1.0
theta_d_pr[1,119]	-0.254	0.003119	0.3399	0.2588	-0.8386	-0.2773	0.5501	12240.0	7695.0	0.1038	1.001
theta_d_pr[1,120]	-1.428	0.004219	0.6646	0.6186	-2.758	-1.419	-0.1165	25270.0	16270.0	0.2144	1.0
theta_d_pr[1,121]	-0.1278	0.003781	0.7874	0.68	-1.728	-0.1327	1.521	43650.0	26930.0	0.3703	1.0
theta_d_pr[1,122]	-1.308	0.003543	0.6061	0.5684	-2.514	-1.305	-0.09057	30030.0	19110.0	0.2548	1.0
theta_d_pr[1,123]	-0.3991	0.004131	0.6094	0.5331	-1.461	-0.46	1.013	23220.0	18770.0	0.197	1.0
theta_d_pr[1,124]	0.3722	0.003889	0.8234	0.8018	-1.275	0.3731	1.988	44840.0	32510.0	0.3804	1.0
theta_d_pr[1,125]	0.3951	0.00488	0.3162	0.2754	-0.1077	0.3522	1.15	5066.0	6358.0	0.04298	1.001
theta_d_pr[1,126]	0.2756	0.002837	0.4373	0.3828	-0.6081	0.2728	1.169	24880.0	16450.0	0.2111	1.0
theta_d_pr[1,127]	0.8899	0.00433	0.4838	0.4474	-0.02193	0.8776	1.889	13360.0	11320.0	0.1134	1.001
theta_d_pr[1,128]	-0.07349	0.003693	0.7342	0.6936	-1.584	-0.06163	1.369	39780.0	27830.0	0.3375	1.0
theta_d_pr[1,129]	0.512	0.005523	0.8751	0.8666	-1.262	0.5313	2.181	25640.0	27500.0	0.2176	1.0
theta_d_pr[1,130]	1.441	0.01677	1.082	1.123	-0.8015	1.545	3.314	4371.0	11360.0	0.03709	1.001
theta_d_pr[1,131]	-0.4568	0.004379	0.7964	0.6721	-2.039	-0.4548	1.279	33870.0	24480.0	0.2874	1.0
theta_d_pr[1,132]	0.02325	0.003633	0.8607	0.7791	-1.714	0.01062	1.769	56350.0	29590.0	0.4781	1.0
theta_d_pr[1,133]	0.9143	0.004878	0.809	0.768	-0.7714	0.9415	2.439	29910.0	23180.0	0.2537	1.0
theta_d_pr[1,134]	-0.1986	0.003885	0.8385	0.7548	-1.862	-0.2174	1.541	46930.0	29340.0	0.3982	1.0
theta_d_pr[1,135]	1.632	0.01114	0.88	0.8232	-0.2978	1.685	3.237	7036.0	7873.0	0.0597	1.001
theta_d_pr[1,136]	-0.3178	0.003999	0.8085	0.7836	-1.877	-0.3349	1.336	40960.0	30720.0	0.3475	1.0
theta_d_pr[1,137]	0.7849	0.00589	0.8823	0.8793	-1.016	0.8041	2.46	22740.0	23350.0	0.1929	1.0
theta_d_pr[1,138]	0.401	0.003657	0.6551	0.5831	-0.9911	0.4115	1.711	33150.0	23270.0	0.2812	1.0
theta_d_pr[1,139]	0.7694	0.005655	0.8125	0.7441	-1.025	0.8368	2.24	22430.0	23750.0	0.1903	1.0
theta_d_pr[1,140]	-0.6509	0.004302	0.8077	0.7614	-2.182	-0.6834	1.045	36090.0	29450.0	0.3062	1.0
theta_d_pr[1,141]	0.4659	0.003443	0.4163	0.3637	-0.3003	0.4409	1.359	16530.0	10360.0	0.1402	1.0
theta_d_pr[1,142]	1.209	0.005069	0.6617	0.5593	-0.3144	1.222	2.471	18930.0	9756.0	0.1606	1.001
theta_d_pr[1,143]	0.1543	0.002928	0.4397	0.3977	-0.6815	0.1355	1.076	24580.0	12600.0	0.2086	1.0
theta_d_pr[1,144]	0.4905	0.003904	0.6879	0.5675	-1.0	0.4864	1.892	32600.0	21660.0	0.2766	1.0
theta_d_pr[1,145]	0.07865	0.003019	0.4374	0.3708	-0.7583	0.06376	1.018	23510.0	15390.0	0.1995	1.0
theta_d_pr[1,146]	-0.007505	0.002684	0.3469	0.2761	-0.716	-0.007666	0.6957	18370.0	15730.0	0.1558	1.0
theta_d_pr[1,147]	0.7243	0.005149	0.4503	0.3888	-0.1497	0.7102	1.666	8335.0	5792.0	0.07072	1.001
theta_d_pr[1,148]	0.8174	0.005417	0.8209	0.7817	-0.9408	0.8619	2.335	25300.0	19090.0	0.2147	1.0
theta_d_pr[1,149]	-0.1786	0.004684	0.8527	0.8339	-1.813	-0.1956	1.541	33560.0	29380.0	0.2847	1.0
theta_d_pr[1,150]	2.816	0.03445	1.002	0.7061	-0.001613	2.965	4.313	1348.0	1048.0	0.01144	1.002
theta_d_pr[1,151]	0.09396	0.004323	0.7919	0.7676	-1.544	0.1269	1.604	34150.0	28440.0	0.2897	1.0
theta_d_pr[1,152]	0.05138	0.00379	0.71	0.6097	-1.413	0.04191	1.538	35520.0	27410.0	0.3014	1.0
theta_d_pr[1,153]	0.1999	0.003805	0.8471	0.7492	-1.592	0.1971	1.903	49920.0	27900.0	0.4236	1.0
theta_d_pr[1,154]	-0.2856	0.003948	0.783	0.6845	-1.834	-0.2961	1.375	39920.0	29960.0	0.3387	1.0
theta_d_pr[1,155]	-0.4988	0.004082	0.8209	0.7181	-2.109	-0.5145	1.259	41530.0	29310.0	0.3523	1.0
theta_d_pr[2,1]	-0.3083	0.002028	0.4931	0.485	-1.283	-0.3106	0.6549	59260.0	28990.0	0.5028	1.0
theta_d_pr[2,2]	-0.5748	0.001653	0.3669	0.366	-1.304	-0.569	0.1287	49450.0	31720.0	0.4196	1.0
theta_d_pr[2,3]	-0.5188	0.001642	0.3828	0.378	-1.277	-0.5182	0.2283	54480.0	30510.0	0.4622	1.0
theta_d_pr[2,4]	0.1006	0.002388	0.6062	0.6021	-1.105	0.1039	1.272	64780.0	28530.0	0.5496	1.0
theta_d_pr[2,5]	-2.96	0.00239	0.4586	0.457	-3.887	-2.947	-2.095	37350.0	29710.0	0.3169	1.0
theta_d_pr[2,6]	0.1154	0.00167	0.3839	0.3816	-0.6325	0.1137	0.8739	53170.0	29070.0	0.4511	1.0
theta_d_pr[2,7]	0.6911	0.002102	0.5318	0.5307	-0.3402	0.6864	1.745	64250.0	29710.0	0.5451	1.0
theta_d_pr[2,8]	-0.7739	0.001829	0.4243	0.428	-1.612	-0.7695	0.04613	54120.0	28590.0	0.4592	1.0
theta_d_pr[2,9]	0.5395	0.001714	0.3798	0.3768	-0.186	0.5328	1.294	49410.0	28820.0	0.4192	1.0
theta_d_pr[2,10]	0.2591	0.001524	0.3503	0.3444	-0.4316	0.259	0.9444	52920.0	28700.0	0.449	1.0
theta_d_pr[2,11]	-0.03026	0.001598	0.381	0.3776	-0.7794	-0.02787	0.7138	57040.0	27750.0	0.484	1.0
theta_d_pr[2,12]	0.5723	0.001728	0.4202	0.4201	-0.2422	0.5711	1.399	59380.0	28250.0	0.5038	1.0
theta_d_pr[2,13]	-0.2154	0.001563	0.3393	0.3368	-0.884	-0.2142	0.4476	47210.0	28440.0	0.4005	1.0
theta_d_pr[2,14]	0.6457	0.002816	0.7285	0.7206	-0.7778	0.6362	2.094	67410.0	28940.0	0.5719	1.0
theta_d_pr[2,15]	0.4902	0.001673	0.3862	0.3838	-0.2627	0.4875	1.25	53500.0	29480.0	0.454	1.0
theta_d_pr[2,16]	1.037	0.001787	0.3781	0.3757	0.3124	1.03	1.8	45030.0	29160.0	0.3821	1.0
theta_d_pr[2,17]	0.03545	0.00192	0.4438	0.44	-0.8415	0.03431	0.9107	53680.0	29040.0	0.4554	1.0
theta_d_pr[2,18]	-0.6107	0.001552	0.3291	0.3272	-1.265	-0.6058	0.02771	45240.0	27540.0	0.3838	1.0
theta_d_pr[2,19]	-0.08672	0.001371	0.2919	0.2911	-0.6585	-0.08732	0.4865	45530.0	28540.0	0.3863	1.0
theta_d_pr[2,20]	-1.078	0.00201	0.4843	0.4778	-2.044	-1.072	-0.1459	58590.0	26760.0	0.4971	1.0
theta_d_pr[2,21]	-0.3416	0.001633	0.3597	0.3607	-1.059	-0.3376	0.3511	48940.0	28500.0	0.4152	1.0
theta_d_pr[2,22]	0.4253	0.002414	0.638	0.6248	-0.8211	0.4251	1.686	70130.0	28330.0	0.595	1.0
theta_d_pr[2,23]	-0.8058	0.002411	0.5873	0.5847	-1.968	-0.8039	0.3364	59430.0	31540.0	0.5043	1.0
theta_d_pr[2,24]	-0.7079	0.001888	0.4169	0.4148	-1.554	-0.7006	0.08174	49220.0	30620.0	0.4176	1.0
theta_d_pr[2,25]	-1.278	0.00222	0.522	0.5183	-2.324	-1.267	-0.2758	55840.0	30770.0	0.4738	1.0
theta_d_pr[2,26]	-0.427	0.001878	0.456	0.4528	-1.325	-0.4234	0.4613	59240.0	28580.0	0.5026	1.0
theta_d_pr[2,27]	1.961	0.002065	0.4482	0.4477	1.109	1.955	2.869	47840.0	29760.0	0.4059	1.0
theta_d_pr[2,28]	-0.7739	0.001584	0.3212	0.3196	-1.415	-0.7677	-0.1612	41600.0	29640.0	0.3529	1.0
theta_d_pr[2,29]	-0.0881	0.001804	0.398	0.3967	-0.8652	-0.08592	0.6891	49050.0	27910.0	0.4162	1.0
theta_d_pr[2,30]	-0.7516	0.001658	0.3702	0.3679	-1.486	-0.7474	-0.03309	50150.0	26580.0	0.4255	1.0
theta_d_pr[2,31]	-0.05751	0.002098	0.5187	0.5136	-1.079	-0.05793	0.9538	61270.0	29400.0	0.5199	1.0
theta_d_pr[2,32]	-1.723	0.002015	0.3894	0.384	-2.521	-1.712	-0.9952	38090.0	27450.0	0.3232	1.0
theta_d_pr[2,33]	0.9377	0.00239	0.6101	0.6101	-0.2384	0.9354	2.152	65400.0	29390.0	0.5549	1.0
theta_d_pr[2,34]	-0.7906	0.002492	0.6276	0.6222	-2.064	-0.7771	0.401	64200.0	29760.0	0.5447	1.0
theta_d_pr[2,35]	-0.4043	0.001637	0.3733	0.3692	-1.154	-0.4016	0.3233	52260.0	27140.0	0.4434	1.0
theta_d_pr[2,36]	-0.02097	0.002287	0.5602	0.5574	-1.108	-0.02538	1.081	60090.0	29680.0	0.5098	1.0
theta_d_pr[2,37]	1.487	0.001613	0.3042	0.3021	0.9093	1.479	2.101	35920.0	25560.0	0.3048	1.0
theta_d_pr[2,38]	-0.1876	0.002312	0.5534	0.5464	-1.3	-0.1813	0.8846	57560.0	29760.0	0.4884	1.0
theta_d_pr[2,39]	-0.01105	0.002304	0.5683	0.5645	-1.129	-0.01291	1.11	61000.0	29280.0	0.5176	1.0
theta_d_pr[2,40]	0.1083	0.002732	0.7262	0.7219	-1.311	0.1077	1.537	71010.0	29530.0	0.6025	1.0
theta_d_pr[2,41]	-0.3285	0.003008	0.7669	0.759	-1.838	-0.3242	1.16	65290.0	28200.0	0.5539	1.0
theta_d_pr[2,42]	-0.3659	0.001706	0.3928	0.3934	-1.15	-0.3629	0.3957	53290.0	28400.0	0.4521	1.0
theta_d_pr[2,43]	-0.894	0.00173	0.3873	0.3811	-1.678	-0.8872	-0.1557	50680.0	27760.0	0.43	1.0
theta_d_pr[2,44]	-1.606	0.002033	0.4264	0.4227	-2.489	-1.592	-0.8107	44580.0	30490.0	0.3783	1.0
theta_d_pr[2,45]	-0.444	0.001619	0.3524	0.351	-1.141	-0.4403	0.2419	47790.0	28490.0	0.4055	1.0
theta_d_pr[2,46]	0.4041	0.002262	0.5877	0.5846	-0.7397	0.4014	1.571	67940.0	26640.0	0.5765	1.0
theta_d_pr[2,47]	-0.8829	0.001878	0.4393	0.4368	-1.753	-0.8792	-0.03346	55070.0	29520.0	0.4673	1.0
theta_d_pr[2,48]	-0.7912	0.001984	0.4726	0.4725	-1.732	-0.7823	0.1189	57070.0	30200.0	0.4842	1.0
theta_d_pr[2,49]	0.08138	0.001557	0.3548	0.3537	-0.6189	0.08312	0.7766	52060.0	27220.0	0.4417	1.0
theta_d_pr[2,50]	0.9163	0.001534	0.3276	0.3245	0.2869	0.911	1.569	45890.0	27800.0	0.3893	1.0
theta_d_pr[2,51]	-0.7314	0.00221	0.5346	0.5289	-1.811	-0.7182	0.2845	59400.0	28680.0	0.504	1.0
theta_d_pr[2,52]	-0.133	0.001862	0.4412	0.4365	-1.011	-0.1295	0.7225	56480.0	28540.0	0.4792	1.0
theta_d_pr[2,53]	0.7724	0.001673	0.4018	0.3963	-0.009659	0.7668	1.575	57910.0	28030.0	0.4914	1.0
theta_d_pr[2,54]	0.4073	0.001947	0.4632	0.4584	-0.506	0.4084	1.318	56720.0	28040.0	0.4812	1.0
theta_d_pr[2,55]	0.2726	0.001561	0.3383	0.3346	-0.3877	0.2707	0.9391	47010.0	27280.0	0.3988	1.0
theta_d_pr[2,56]	1.211	0.001571	0.3211	0.3193	0.6009	1.203	1.859	42170.0	29560.0	0.3578	1.0
theta_d_pr[2,57]	-0.3638	0.001637	0.3447	0.3419	-1.049	-0.36	0.3025	44530.0	27840.0	0.3778	1.0
theta_d_pr[2,58]	0.8517	0.002102	0.5038	0.4998	-0.1254	0.8483	1.838	57730.0	30550.0	0.4898	1.0
theta_d_pr[2,59]	-0.1402	0.001876	0.4405	0.4435	-1.01	-0.1361	0.7086	55210.0	29560.0	0.4684	1.0
theta_d_pr[2,60]	-0.1068	0.001769	0.4198	0.4172	-0.938	-0.1081	0.7143	56530.0	27680.0	0.4796	1.001
theta_d_pr[2,61]	-3.752	0.002641	0.5319	0.5265	-4.855	-3.735	-2.756	41820.0	28500.0	0.3548	1.0
theta_d_pr[2,62]	2.001	0.002108	0.4396	0.4359	1.171	1.989	2.906	44120.0	30220.0	0.3743	1.0
theta_d_pr[2,63]	0.5694	0.001496	0.3213	0.3181	-0.05221	0.5669	1.209	46500.0	28370.0	0.3945	1.0
theta_d_pr[2,64]	-0.3539	0.001642	0.3857	0.3773	-1.122	-0.3473	0.393	55450.0	30120.0	0.4704	1.0
theta_d_pr[2,65]	0.06482	0.00142	0.3032	0.2989	-0.5328	0.06614	0.6625	45760.0	27300.0	0.3883	1.0
theta_d_pr[2,66]	1.476	0.002244	0.4806	0.4766	0.5569	1.468	2.452	46330.0	30890.0	0.3931	1.0
theta_d_pr[2,67]	-0.2161	0.001392	0.3154	0.3153	-0.8373	-0.2155	0.4012	51590.0	26940.0	0.4377	1.0
theta_d_pr[2,68]	1.051	0.001524	0.3021	0.3009	0.475	1.047	1.657	39710.0	27450.0	0.3369	1.0
theta_d_pr[2,69]	0.8325	0.002122	0.5011	0.4949	-0.1414	0.8306	1.83	55990.0	27850.0	0.475	1.0
theta_d_pr[2,70]	0.5445	0.001382	0.3091	0.3078	-0.05308	0.5411	1.165	50220.0	28530.0	0.4261	1.0
theta_d_pr[2,71]	-0.6914	0.0019	0.4212	0.4197	-1.538	-0.6857	0.1224	49610.0	31500.0	0.4209	1.0
theta_d_pr[2,72]	0.1401	0.00132	0.2697	0.2677	-0.3847	0.1397	0.6698	41880.0	26770.0	0.3553	1.0
theta_d_pr[2,73]	0.5078	0.001344	0.2705	0.2708	-0.01444	0.5055	1.05	40670.0	25740.0	0.3451	1.0
theta_d_pr[2,74]	-0.06671	0.001915	0.4312	0.4284	-0.9136	-0.06514	0.7869	50910.0	29250.0	0.432	1.0
theta_d_pr[2,75]	0.5622	0.001414	0.3004	0.2999	-0.01431	0.5591	1.164	45480.0	27730.0	0.3858	1.0
theta_d_pr[2,76]	-1.571	0.002489	0.5549	0.5492	-2.716	-1.55	-0.5436	50840.0	29620.0	0.4314	1.0
theta_d_pr[2,77]	-0.8599	0.001494	0.3007	0.2978	-1.464	-0.8557	-0.2874	40810.0	28400.0	0.3463	1.0
theta_d_pr[2,78]	0.1775	0.001368	0.2986	0.2986	-0.4042	0.179	0.7593	47860.0	27400.0	0.406	1.0
theta_d_pr[2,79]	2.046	0.002632	0.5792	0.5717	0.9717	2.022	3.253	49650.0	30610.0	0.4213	1.0
theta_d_pr[2,80]	-0.05845	0.001576	0.3472	0.3434	-0.742	-0.0589	0.625	48650.0	27480.0	0.4128	1.0
theta_d_pr[2,81]	-0.4423	0.001474	0.3271	0.3245	-1.092	-0.4389	0.1898	49590.0	28210.0	0.4208	1.0
theta_d_pr[2,82]	0.6983	0.001408	0.2981	0.2974	0.1268	0.6945	1.294	45020.0	29510.0	0.3819	1.0
theta_d_pr[2,83]	0.7088	0.001968	0.4522	0.448	-0.1607	0.7055	1.607	53150.0	30050.0	0.4509	1.0
theta_d_pr[2,84]	0.5307	0.001612	0.3762	0.3749	-0.2041	0.5278	1.277	54720.0	27730.0	0.4643	1.0
theta_d_pr[2,85]	-1.179	0.002028	0.4692	0.4666	-2.12	-1.172	-0.2749	53960.0	30570.0	0.4579	1.0
theta_d_pr[2,86]	0.2409	0.001817	0.4441	0.4421	-0.6306	0.2394	1.109	59890.0	26530.0	0.5081	1.0
theta_d_pr[2,87]	0.2518	0.001618	0.3962	0.3933	-0.5245	0.2505	1.03	60320.0	30050.0	0.5117	1.0
theta_d_pr[2,88]	0.5329	0.001532	0.3302	0.3262	-0.1042	0.5308	1.189	46600.0	26750.0	0.3953	1.0
theta_d_pr[2,89]	0.5975	0.001701	0.3855	0.3841	-0.156	0.5973	1.362	51480.0	29160.0	0.4368	1.0
theta_d_pr[2,90]	-0.02096	0.001407	0.3068	0.3038	-0.6246	-0.02134	0.5757	47670.0	25990.0	0.4045	1.0
theta_d_pr[2,91]	-0.4181	0.001594	0.3578	0.3606	-1.122	-0.4124	0.2753	50590.0	28410.0	0.4292	1.0
theta_d_pr[2,92]	1.271	0.001981	0.4547	0.4499	0.4086	1.261	2.192	53300.0	29350.0	0.4523	1.0
theta_d_pr[2,93]	-0.5597	0.001662	0.3855	0.3814	-1.33	-0.5539	0.1856	54280.0	28100.0	0.4606	1.0
theta_d_pr[2,94]	-0.4201	0.001598	0.3691	0.3655	-1.151	-0.4164	0.2945	53750.0	28200.0	0.4561	1.0
theta_d_pr[2,95]	0.008197	0.001714	0.4195	0.4201	-0.815	0.008339	0.826	60070.0	30860.0	0.5096	1.0
theta_d_pr[2,96]	0.9498	0.001669	0.3637	0.3637	0.2464	0.9447	1.678	47810.0	28620.0	0.4057	1.0
theta_d_pr[2,97]	0.6102	0.001527	0.3342	0.3321	-0.02873	0.6066	1.277	48350.0	26470.0	0.4102	1.0
theta_d_pr[2,98]	-0.2656	0.00185	0.4312	0.4258	-1.129	-0.2615	0.5652	54800.0	29270.0	0.4649	1.0
theta_d_pr[2,99]	-2.142	0.001953	0.3641	0.3589	-2.887	-2.129	-1.455	35180.0	28660.0	0.2985	1.0
theta_d_pr[2,100]	-0.03119	0.001587	0.3527	0.3499	-0.7315	-0.02922	0.658	49600.0	28930.0	0.4208	1.0
theta_d_pr[2,101]	-1.256	0.001898	0.4222	0.4219	-2.109	-1.249	-0.4547	50210.0	27680.0	0.426	1.0
theta_d_pr[2,102]	-1.424	0.002764	0.6275	0.6208	-2.707	-1.405	-0.2489	52970.0	29920.0	0.4494	1.0
theta_d_pr[2,103]	0.9675	0.001595	0.3489	0.3461	0.2903	0.9638	1.665	48130.0	27780.0	0.4083	1.0
theta_d_pr[2,104]	0.9558	0.001562	0.3199	0.3189	0.3343	0.9517	1.598	42230.0	26870.0	0.3583	1.0
theta_d_pr[2,105]	-0.1362	0.001756	0.4244	0.4211	-0.9748	-0.1331	0.6948	58640.0	29710.0	0.4976	1.0
theta_d_pr[2,106]	-0.1007	0.002842	0.7283	0.7178	-1.531	-0.1024	1.339	66020.0	28420.0	0.5602	1.0
theta_d_pr[2,107]	-1.192	0.002479	0.5827	0.5732	-2.38	-1.179	-0.08801	56620.0	30410.0	0.4804	1.0
theta_d_pr[2,108]	1.03	0.002429	0.6153	0.6106	-0.1467	1.022	2.278	64830.0	29130.0	0.5501	1.0
theta_d_pr[2,109]	0.6569	0.001489	0.3295	0.328	0.02548	0.6531	1.317	49400.0	28720.0	0.4192	1.0
theta_d_pr[2,110]	-1.258	0.001617	0.3303	0.3298	-1.928	-1.255	-0.6303	42200.0	27130.0	0.3581	1.0
theta_d_pr[2,111]	1.843	0.002686	0.6683	0.6609	0.5379	1.839	3.183	62220.0	30120.0	0.5279	1.0
theta_d_pr[2,112]	0.4187	0.001834	0.4595	0.4617	-0.4814	0.4225	1.322	62930.0	30220.0	0.5339	1.0
theta_d_pr[2,113]	1.201	0.001673	0.3312	0.3296	0.5743	1.193	1.878	39540.0	27540.0	0.3355	1.0
theta_d_pr[2,114]	1.473	0.001893	0.4412	0.4379	0.624	1.468	2.358	54740.0	28270.0	0.4645	1.0
theta_d_pr[2,115]	-0.1821	0.001578	0.3547	0.347	-0.8898	-0.1774	0.5061	50740.0	30350.0	0.4305	1.0
theta_d_pr[2,116]	-0.3299	0.002377	0.5758	0.5718	-1.473	-0.3278	0.801	58910.0	29620.0	0.4998	1.0
theta_d_pr[2,117]	0.8645	0.001587	0.3394	0.338	0.21	0.8606	1.539	46000.0	28400.0	0.3903	1.0
theta_d_pr[2,118]	-0.2827	0.001512	0.3458	0.3458	-0.9644	-0.2813	0.3881	52550.0	27670.0	0.4459	1.0
theta_d_pr[2,119]	-0.1695	0.003022	0.8068	0.803	-1.752	-0.1734	1.417	71620.0	29320.0	0.6076	1.0
theta_d_pr[2,120]	1.2	0.001851	0.4286	0.426	0.3643	1.197	2.048	53740.0	29370.0	0.456	1.0
theta_d_pr[2,121]	-0.7953	0.001456	0.2994	0.2996	-1.393	-0.7918	-0.2222	42670.0	28130.0	0.3621	1.0
theta_d_pr[2,122]	1.222	0.001855	0.4311	0.4294	0.38	1.216	2.08	54190.0	29110.0	0.4597	1.0
theta_d_pr[2,123]	-0.5616	0.001528	0.35	0.3499	-1.26	-0.5575	0.115	52710.0	29680.0	0.4472	1.0
theta_d_pr[2,124]	0.7839	0.00204	0.5026	0.5023	-0.1875	0.779	1.784	60880.0	29670.0	0.5165	1.0
theta_d_pr[2,125]	0.6581	0.001542	0.3293	0.3265	0.0189	0.6534	1.322	46140.0	27360.0	0.3915	1.0
theta_d_pr[2,126]	0.3177	0.001634	0.3838	0.3811	-0.4334	0.3199	1.077	55270.0	28270.0	0.4689	1.0
theta_d_pr[2,127]	-0.5105	0.001725	0.4169	0.4142	-1.331	-0.5092	0.3018	58560.0	27340.0	0.4968	1.0
theta_d_pr[2,128]	-0.165	0.001794	0.4167	0.4116	-0.9855	-0.1639	0.6522	54160.0	28710.0	0.4595	1.0
theta_d_pr[2,129]	-0.03843	0.001922	0.4399	0.4438	-0.8986	-0.04075	0.8322	52530.0	31260.0	0.4457	1.0
theta_d_pr[2,130]	0.3339	0.001698	0.3658	0.3638	-0.3745	0.3292	1.064	46840.0	29550.0	0.3974	1.0
theta_d_pr[2,131]	-1.112	0.001563	0.31	0.3074	-1.74	-1.107	-0.5181	39710.0	29240.0	0.3369	1.0
theta_d_pr[2,132]	0.05551	0.00149	0.336	0.3325	-0.5985	0.05568	0.7189	51120.0	28100.0	0.4338	1.0
theta_d_pr[2,133]	1.616	0.001941	0.4278	0.4294	0.8024	1.608	2.472	49370.0	29380.0	0.4189	1.0
theta_d_pr[2,134]	0.7013	0.001374	0.2716	0.2696	0.1722	0.6985	1.243	39230.0	28320.0	0.3329	1.0
theta_d_pr[2,135]	-0.01535	0.002205	0.5108	0.5076	-1.014	-0.01651	0.9975	53940.0	30350.0	0.4577	1.0
theta_d_pr[2,136]	0.3225	0.001514	0.3658	0.3628	-0.3931	0.3218	1.043	58560.0	27730.0	0.4968	1.0
theta_d_pr[2,137]	1.166	0.002511	0.5916	0.5899	0.0305	1.161	2.342	55850.0	31560.0	0.4739	1.0
theta_d_pr[2,138]	0.1617	0.001599	0.3605	0.3582	-0.5459	0.1612	0.8736	50990.0	28460.0	0.4326	1.0
theta_d_pr[2,139]	0.0797	0.001489	0.33	0.329	-0.5683	0.07804	0.7252	49260.0	29570.0	0.4179	1.0
theta_d_pr[2,140]	-0.7237	0.001673	0.3814	0.3813	-1.482	-0.7196	0.01193	52230.0	28690.0	0.4431	1.0
theta_d_pr[2,141]	-0.2452	0.001867	0.438	0.4334	-1.102	-0.2451	0.6287	55250.0	27730.0	0.4688	1.0
theta_d_pr[2,142]	0.566	0.001648	0.379	0.3776	-0.1701	0.5625	1.319	53180.0	30450.0	0.4512	1.0
theta_d_pr[2,143]	0.4167	0.001622	0.3764	0.3733	-0.325	0.4149	1.154	53970.0	27660.0	0.4579	1.0
theta_d_pr[2,144]	-2.655	0.002561	0.5152	0.516	-3.72	-2.636	-1.71	41390.0	29530.0	0.3511	1.0
theta_d_pr[2,145]	-0.5577	0.001657	0.3592	0.3566	-1.266	-0.5558	0.1394	47220.0	28400.0	0.4007	1.0
theta_d_pr[2,146]	-0.08898	0.001586	0.3606	0.3548	-0.8045	-0.09073	0.6254	51940.0	27950.0	0.4406	1.0
theta_d_pr[2,147]	0.9163	0.002986	0.7233	0.7177	-0.5244	0.9175	2.321	58790.0	30380.0	0.4988	1.0
theta_d_pr[2,148]	-0.2808	0.001937	0.457	0.4529	-1.176	-0.2844	0.6213	55870.0	27020.0	0.474	1.0
theta_d_pr[2,149]	0.2217	0.001498	0.3537	0.3493	-0.4693	0.2206	0.9144	55910.0	28130.0	0.4743	1.0
theta_d_pr[2,150]	0.1676	0.006101	0.5612	0.5547	-0.9084	0.1554	1.305	8601.0	15330.0	0.07298	1.0
theta_d_pr[2,151]	0.2484	0.001584	0.3679	0.3659	-0.4704	0.248	0.9706	54050.0	28260.0	0.4586	1.0
theta_d_pr[2,152]	0.1689	0.001743	0.4468	0.4431	-0.7149	0.1695	1.036	65900.0	27190.0	0.5592	1.0
theta_d_pr[2,153]	-0.6076	0.001368	0.2758	0.273	-1.158	-0.604	-0.07156	40810.0	27230.0	0.3462	1.0
theta_d_pr[2,154]	-0.2854	0.001355	0.2851	0.2825	-0.855	-0.2822	0.2627	44440.0	27290.0	0.377	1.0
theta_d_pr[2,155]	-1.319	0.001734	0.3551	0.3525	-2.043	-1.31	-0.6505	42380.0	30410.0	0.3596	1.0
theta_d_pr[3,1]	0.2584	0.002072	0.4917	0.4941	-0.6974	0.2543	1.231	56470.0	30560.0	0.4791	1.0
theta_d_pr[3,2]	-0.5367	0.001572	0.3531	0.3486	-1.239	-0.5343	0.149	50750.0	28580.0	0.4306	1.0
theta_d_pr[3,3]	0.2209	0.001709	0.4227	0.4175	-0.6106	0.2198	1.061	61390.0	27770.0	0.5209	1.0
theta_d_pr[3,4]	0.1998	0.001465	0.3273	0.3273	-0.4392	0.1999	0.8416	50140.0	28910.0	0.4254	1.0
theta_d_pr[3,5]	-2.182	0.002053	0.4521	0.4494	-3.087	-2.174	-1.315	49060.0	27820.0	0.4163	1.0
theta_d_pr[3,6]	0.09836	0.001613	0.3836	0.3814	-0.6528	0.09874	0.8506	56620.0	29040.0	0.4804	1.0
theta_d_pr[3,7]	-0.1613	0.001907	0.4862	0.4809	-1.12	-0.1588	0.8001	65190.0	28380.0	0.5531	1.0
theta_d_pr[3,8]	-0.1532	0.001692	0.4119	0.4072	-0.9636	-0.1545	0.6525	59370.0	28120.0	0.5038	1.0
theta_d_pr[3,9]	0.4151	0.001586	0.3565	0.3579	-0.2664	0.4136	1.129	50760.0	28760.0	0.4307	1.0
theta_d_pr[3,10]	0.1513	0.001456	0.3245	0.323	-0.4897	0.1502	0.7945	49800.0	27450.0	0.4225	1.0
theta_d_pr[3,11]	0.005885	0.001621	0.3795	0.3782	-0.7406	0.006972	0.7487	54960.0	27060.0	0.4663	1.0
theta_d_pr[3,12]	-0.564	0.001715	0.4293	0.4279	-1.411	-0.563	0.2744	63030.0	28110.0	0.5348	1.0
theta_d_pr[3,13]	0.3173	0.001416	0.3095	0.3068	-0.2868	0.3142	0.9251	47860.0	27210.0	0.406	1.0
theta_d_pr[3,14]	-0.7169	0.002208	0.5412	0.5354	-1.803	-0.7084	0.3315	60550.0	28460.0	0.5138	1.0
theta_d_pr[3,15]	1.216	0.001878	0.4177	0.417	0.4202	1.209	2.057	50010.0	29600.0	0.4243	1.0
theta_d_pr[3,16]	-0.1697	0.001537	0.3301	0.3271	-0.8286	-0.1703	0.4783	46220.0	28760.0	0.3921	1.0
theta_d_pr[3,17]	-0.1066	0.002032	0.46	0.4584	-1.012	-0.1084	0.7958	51350.0	31750.0	0.4357	1.0
theta_d_pr[3,18]	0.5273	0.001528	0.3242	0.3179	-0.104	0.5244	1.175	45210.0	28000.0	0.3836	1.0
theta_d_pr[3,19]	-0.7311	0.001494	0.3002	0.2963	-1.328	-0.7255	-0.1461	40510.0	27640.0	0.3437	1.0
theta_d_pr[3,20]	0.3527	0.002053	0.5155	0.5166	-0.6557	0.3527	1.367	63480.0	28770.0	0.5386	1.0
theta_d_pr[3,21]	-0.5327	0.001693	0.3631	0.358	-1.256	-0.5267	0.1708	46250.0	29490.0	0.3924	1.0
theta_d_pr[3,22]	0.4063	0.001449	0.306	0.3061	-0.1847	0.4035	1.017	44750.0	28280.0	0.3797	1.0
theta_d_pr[3,23]	-0.5031	0.002171	0.529	0.5221	-1.54	-0.5035	0.5419	59580.0	28940.0	0.5055	1.0
theta_d_pr[3,24]	-0.7527	0.001751	0.3954	0.3964	-1.54	-0.749	0.01155	51140.0	30020.0	0.4339	1.0
theta_d_pr[3,25]	-0.8741	0.002256	0.5223	0.5163	-1.916	-0.87	0.1394	53830.0	32300.0	0.4567	1.0
theta_d_pr[3,26]	0.0898	0.001811	0.4448	0.4423	-0.7847	0.08996	0.9672	60420.0	28780.0	0.5126	1.0
theta_d_pr[3,27]	-0.03745	0.001745	0.4303	0.4298	-0.881	-0.03863	0.8027	60910.0	28380.0	0.5168	1.0
theta_d_pr[3,28]	-0.0354	0.001449	0.3132	0.3127	-0.6512	-0.03328	0.5745	46750.0	28140.0	0.3967	1.0
theta_d_pr[3,29]	0.1778	0.001619	0.3594	0.3569	-0.5238	0.1767	0.8859	49430.0	27210.0	0.4194	1.0
theta_d_pr[3,30]	0.8116	0.001596	0.356	0.3538	0.1259	0.8087	1.526	50050.0	29670.0	0.4246	1.0
theta_d_pr[3,31]	-0.09243	0.001971	0.4702	0.4672	-1.014	-0.09148	0.8307	57090.0	27670.0	0.4844	1.0
theta_d_pr[3,32]	-0.8172	0.001485	0.2928	0.2904	-1.401	-0.8127	-0.2459	38920.0	27180.0	0.3302	1.0
theta_d_pr[3,33]	0.2708	0.001415	0.3108	0.3091	-0.3347	0.2685	0.8908	48400.0	27300.0	0.4106	1.0
theta_d_pr[3,34]	0.1493	0.002407	0.6254	0.6201	-1.069	0.1441	1.38	67610.0	29390.0	0.5736	1.0
theta_d_pr[3,35]	0.04486	0.001578	0.3731	0.3727	-0.6851	0.04485	0.7803	56070.0	28170.0	0.4757	1.0
theta_d_pr[3,36]	0.07612	0.002017	0.5294	0.5239	-0.966	0.07743	1.11	68950.0	28280.0	0.585	1.0
theta_d_pr[3,37]	0.8541	0.00147	0.2987	0.2991	0.2833	0.8501	1.451	41680.0	28540.0	0.3536	1.0
theta_d_pr[3,38]	0.5965	0.002189	0.5728	0.5718	-0.5212	0.5948	1.721	68610.0	29920.0	0.5821	1.0
theta_d_pr[3,39]	0.2609	0.002277	0.5498	0.5502	-0.8081	0.2591	1.352	58480.0	29240.0	0.4962	1.0
theta_d_pr[3,40]	2.433	0.002236	0.4411	0.4362	1.612	2.419	3.345	39780.0	30440.0	0.3375	0.9999
theta_d_pr[3,41]	-1.057	0.002154	0.4784	0.4782	-2.013	-1.05	-0.1378	49600.0	31500.0	0.4208	1.0
theta_d_pr[3,42]	1.436	0.001699	0.3391	0.3359	0.7918	1.427	2.119	40280.0	27540.0	0.3417	1.0
theta_d_pr[3,43]	-0.8084	0.001621	0.3662	0.363	-1.534	-0.8057	-0.0927	51160.0	27580.0	0.4341	1.0
theta_d_pr[3,44]	-1.899	0.001905	0.3729	0.3724	-2.659	-1.89	-1.2	38880.0	29840.0	0.3299	1.0
theta_d_pr[3,45]	0.3302	0.001644	0.3776	0.3767	-0.3988	0.3256	1.084	53130.0	27550.0	0.4508	1.0
theta_d_pr[3,46]	0.6408	0.001461	0.3031	0.3005	0.05533	0.6348	1.251	43450.0	26090.0	0.3687	1.0
theta_d_pr[3,47]	0.4092	0.001961	0.4856	0.4866	-0.5327	0.4068	1.37	61570.0	30110.0	0.5223	1.0
theta_d_pr[3,48]	0.4231	0.001772	0.435	0.4301	-0.4302	0.4177	1.288	60640.0	28400.0	0.5145	1.0
theta_d_pr[3,49]	-0.4151	0.001393	0.2931	0.2912	-0.9967	-0.4123	0.1556	44490.0	25620.0	0.3775	1.0
theta_d_pr[3,50]	0.6252	0.001411	0.2875	0.2837	0.06562	0.6219	1.194	41630.0	28380.0	0.3532	1.0
theta_d_pr[3,51]	0.1111	0.002642	0.6785	0.672	-1.221	0.1087	1.448	66170.0	26390.0	0.5614	1.0
theta_d_pr[3,52]	-0.2798	0.001598	0.3408	0.3389	-0.9558	-0.276	0.3762	45750.0	28480.0	0.3882	1.0
theta_d_pr[3,53]	-0.5108	0.00169	0.4237	0.422	-1.353	-0.5092	0.315	62930.0	27480.0	0.534	0.9999
theta_d_pr[3,54]	-0.2432	0.001869	0.4543	0.4541	-1.133	-0.243	0.6457	59480.0	28820.0	0.5046	1.0
theta_d_pr[3,55]	0.8367	0.001554	0.3193	0.3181	0.2216	0.8295	1.483	42560.0	26890.0	0.3611	1.0
theta_d_pr[3,56]	-0.07298	0.001821	0.4581	0.4552	-0.9665	-0.073	0.8294	63470.0	28090.0	0.5385	1.0
theta_d_pr[3,57]	0.5456	0.001567	0.3553	0.3508	-0.1424	0.5417	1.256	51660.0	27020.0	0.4383	1.0
theta_d_pr[3,58]	0.425	0.00179	0.4125	0.4129	-0.3825	0.4221	1.244	53320.0	30770.0	0.4524	1.0
theta_d_pr[3,59]	-0.1427	0.001731	0.4063	0.4037	-0.9512	-0.1406	0.6528	55260.0	29980.0	0.4688	1.0
theta_d_pr[3,60]	-0.04388	0.001733	0.4458	0.4471	-0.9244	-0.04054	0.8397	66330.0	29430.0	0.5628	1.0
theta_d_pr[3,61]	-3.67	0.002455	0.5017	0.504	-4.692	-3.654	-2.721	42520.0	28220.0	0.3607	1.0
theta_d_pr[3,62]	1.291	0.001958	0.4244	0.4212	0.4832	1.283	2.158	47430.0	27400.0	0.4024	1.0
theta_d_pr[3,63]	0.8025	0.001479	0.3072	0.3064	0.2108	0.7979	1.414	43450.0	28000.0	0.3686	1.0
theta_d_pr[3,64]	-0.2495	0.002782	0.7268	0.7287	-1.677	-0.2454	1.172	68480.0	29360.0	0.581	1.0
theta_d_pr[3,65]	-0.1201	0.001438	0.3025	0.3005	-0.7153	-0.119	0.4747	44410.0	26010.0	0.3768	1.0
theta_d_pr[3,66]	0.6025	0.002224	0.485	0.4825	-0.3382	0.5954	1.575	47770.0	31610.0	0.4053	1.0
theta_d_pr[3,67]	-0.0476	0.001431	0.3156	0.3149	-0.6656	-0.04675	0.5696	48740.0	28110.0	0.4135	1.0
theta_d_pr[3,68]	-0.7097	0.001486	0.2952	0.2954	-1.297	-0.7063	-0.1417	39690.0	26920.0	0.3368	1.0
theta_d_pr[3,69]	0.01412	0.001752	0.4104	0.4103	-0.7843	0.01393	0.8148	55010.0	28710.0	0.4667	1.0
theta_d_pr[3,70]	0.3158	0.001491	0.3191	0.3177	-0.3043	0.3161	0.9475	45990.0	28340.0	0.3902	1.0
theta_d_pr[3,71]	-0.6858	0.001772	0.4141	0.4125	-1.509	-0.6819	0.1178	54860.0	29750.0	0.4654	1.0
theta_d_pr[3,72]	0.5917	0.001421	0.2859	0.2852	0.03719	0.5884	1.158	40610.0	27260.0	0.3446	1.0
theta_d_pr[3,73]	-0.2366	0.001392	0.2913	0.2912	-0.8137	-0.2342	0.3326	43860.0	27010.0	0.3721	1.0
theta_d_pr[3,74]	0.4379	0.001703	0.3912	0.3869	-0.3271	0.4355	1.212	52940.0	29760.0	0.4492	1.0
theta_d_pr[3,75]	0.4316	0.001407	0.2866	0.2855	-0.1215	0.4284	1.002	41670.0	27830.0	0.3535	1.0
theta_d_pr[3,76]	1.229	0.002576	0.6141	0.6126	0.06953	1.217	2.485	58030.0	30270.0	0.4923	1.0
theta_d_pr[3,77]	0.7894	0.001484	0.2883	0.2867	0.2306	0.7865	1.366	37880.0	27080.0	0.3214	1.0
theta_d_pr[3,78]	-0.7821	0.001458	0.2986	0.2983	-1.375	-0.7783	-0.2045	42080.0	26570.0	0.357	1.0
theta_d_pr[3,79]	0.2759	0.001602	0.3666	0.3602	-0.441	0.2734	0.9998	52520.0	27110.0	0.4456	1.0
theta_d_pr[3,80]	-0.1801	0.001643	0.3676	0.3664	-0.9059	-0.1806	0.5411	50110.0	30720.0	0.4252	1.0
theta_d_pr[3,81]	-0.1207	0.001482	0.3318	0.3289	-0.7718	-0.1198	0.5252	50230.0	28180.0	0.4262	1.0
theta_d_pr[3,82]	0.6604	0.00151	0.3131	0.3108	0.05963	0.6556	1.292	43320.0	26130.0	0.3676	1.0
theta_d_pr[3,83]	-0.2832	0.001651	0.3833	0.3803	-1.04	-0.2815	0.4676	54040.0	30200.0	0.4585	1.0
theta_d_pr[3,84]	0.8781	0.001832	0.3981	0.3939	0.1172	0.8729	1.671	47640.0	28470.0	0.4042	1.0
theta_d_pr[3,85]	-1.437	0.002126	0.4743	0.4706	-2.385	-1.429	-0.5245	50150.0	29860.0	0.4255	1.0
theta_d_pr[3,86]	-0.06791	0.001885	0.4786	0.4772	-1.012	-0.06656	0.866	64710.0	28770.0	0.549	1.0
theta_d_pr[3,87]	0.8077	0.001767	0.4113	0.4128	0.008897	0.8066	1.622	54350.0	28320.0	0.4611	1.0
theta_d_pr[3,88]	0.1646	0.001377	0.2895	0.2853	-0.4007	0.1632	0.7403	44400.0	26150.0	0.3767	1.0
theta_d_pr[3,89]	0.3324	0.0019	0.4173	0.4162	-0.4811	0.3274	1.161	48560.0	30440.0	0.412	1.0
theta_d_pr[3,90]	0.1017	0.001466	0.3125	0.314	-0.508	0.1012	0.7169	45620.0	27430.0	0.387	1.0
theta_d_pr[3,91]	0.6158	0.001637	0.3714	0.366	-0.106	0.6131	1.36	51680.0	28410.0	0.4385	1.0
theta_d_pr[3,92]	0.9765	0.00198	0.4706	0.4662	0.08644	0.9635	1.932	57490.0	28590.0	0.4878	1.0
theta_d_pr[3,93]	1.132	0.001776	0.4055	0.4045	0.3501	1.129	1.935	52360.0	30600.0	0.4442	1.0
theta_d_pr[3,94]	-0.2131	0.001569	0.3398	0.3391	-0.881	-0.2145	0.453	47020.0	28890.0	0.3989	1.0
theta_d_pr[3,95]	-0.9486	0.001922	0.4544	0.4533	-1.852	-0.9468	-0.0737	56010.0	28300.0	0.4752	1.0
theta_d_pr[3,96]	-0.3053	0.001458	0.3264	0.328	-0.9496	-0.3017	0.3314	50280.0	28960.0	0.4266	1.0
theta_d_pr[3,97]	-0.3853	0.00145	0.2859	0.2838	-0.9507	-0.385	0.1713	39060.0	26350.0	0.3314	1.0
theta_d_pr[3,98]	-0.09273	0.001895	0.4739	0.4741	-1.025	-0.09507	0.8395	62770.0	28880.0	0.5326	1.0
theta_d_pr[3,99]	-1.856	0.001951	0.3813	0.3808	-2.626	-1.846	-1.139	38840.0	28500.0	0.3295	1.0
theta_d_pr[3,100]	-0.9455	0.001749	0.3699	0.3661	-1.681	-0.9424	-0.2268	45080.0	29100.0	0.3825	1.0
theta_d_pr[3,101]	0.771	0.00153	0.3306	0.3267	0.1324	0.7674	1.435	46920.0	28010.0	0.3981	1.0
theta_d_pr[3,102]	0.1999	0.002703	0.7214	0.7195	-1.203	0.1985	1.624	71510.0	27680.0	0.6067	1.0
theta_d_pr[3,103]	-0.1185	0.001564	0.3281	0.325	-0.7656	-0.1179	0.5251	44280.0	27930.0	0.3757	1.0
theta_d_pr[3,104]	1.083	0.001615	0.323	0.3236	0.4688	1.077	1.731	40430.0	25370.0	0.343	1.0
theta_d_pr[3,105]	1.159	0.00194	0.4792	0.4727	0.236	1.153	2.119	61700.0	29490.0	0.5235	1.0
theta_d_pr[3,106]	0.5641	0.001538	0.3373	0.3345	-0.08995	0.5613	1.238	48400.0	28810.0	0.4106	1.0
theta_d_pr[3,107]	0.5684	0.001904	0.3982	0.3941	-0.1916	0.5606	1.377	44280.0	28680.0	0.3757	1.0
theta_d_pr[3,108]	-1.589	0.002445	0.5464	0.5427	-2.699	-1.574	-0.5606	50960.0	29820.0	0.4324	1.0
theta_d_pr[3,109]	-0.2206	0.001542	0.3451	0.3429	-0.9015	-0.2201	0.4545	50100.0	27980.0	0.4251	1.0
theta_d_pr[3,110]	-0.2267	0.00144	0.3191	0.3162	-0.8543	-0.2257	0.4021	49450.0	28120.0	0.4196	1.0
theta_d_pr[3,111]	0.8508	0.00163	0.3434	0.3401	0.1849	0.8484	1.539	44660.0	27920.0	0.3789	1.0
theta_d_pr[3,112]	-0.006988	0.001797	0.442	0.4381	-0.8785	-0.006748	0.8624	60740.0	28410.0	0.5153	1.0
theta_d_pr[3,113]	0.1701	0.001431	0.316	0.3152	-0.4459	0.1682	0.7895	49310.0	27280.0	0.4184	1.0
theta_d_pr[3,114]	-1.054	0.001946	0.4769	0.4781	-2.004	-1.048	-0.1427	60450.0	30170.0	0.5129	1.0
theta_d_pr[3,115]	0.7877	0.001597	0.3574	0.3555	0.097	0.7865	1.497	50280.0	28340.0	0.4266	1.0
theta_d_pr[3,116]	0.1963	0.002	0.51	0.5016	-0.8011	0.1951	1.206	65160.0	29500.0	0.5528	1.0
theta_d_pr[3,117]	-0.2121	0.001493	0.3351	0.3327	-0.8717	-0.2104	0.4427	50390.0	28710.0	0.4275	1.0
theta_d_pr[3,118]	0.09735	0.001523	0.341	0.3398	-0.5719	0.09516	0.7718	50230.0	26990.0	0.4262	1.0
theta_d_pr[3,119]	-0.2125	0.001529	0.3355	0.3337	-0.8738	-0.2106	0.446	48320.0	28250.0	0.41	1.0
theta_d_pr[3,120]	0.8445	0.001776	0.4099	0.4059	0.04803	0.841	1.659	53500.0	28410.0	0.4539	1.0
theta_d_pr[3,121]	-0.09105	0.001405	0.2915	0.2884	-0.665	-0.09161	0.482	43620.0	27740.0	0.3701	1.0
theta_d_pr[3,122]	-0.3147	0.001724	0.4124	0.4115	-1.135	-0.3114	0.4807	57410.0	27800.0	0.4871	1.0
theta_d_pr[3,123]	-0.1783	0.001707	0.3733	0.369	-0.9092	-0.1814	0.5566	47960.0	29820.0	0.4069	1.0
theta_d_pr[3,124]	-0.3448	0.001904	0.4638	0.4563	-1.261	-0.3418	0.5602	59680.0	28950.0	0.5064	1.0
theta_d_pr[3,125]	0.7137	0.001561	0.3581	0.357	0.01881	0.7109	1.426	53170.0	28870.0	0.4511	1.0
theta_d_pr[3,126]	0.276	0.00163	0.3737	0.3717	-0.4529	0.2731	1.017	52700.0	28400.0	0.4471	1.0
theta_d_pr[3,127]	0.4313	0.001728	0.414	0.4107	-0.3804	0.4285	1.251	57630.0	27710.0	0.4889	1.0
theta_d_pr[3,128]	0.7405	0.001788	0.4069	0.409	-0.04466	0.7356	1.553	51980.0	28490.0	0.4411	1.0
theta_d_pr[3,129]	1.035	0.001806	0.4053	0.4057	0.2567	1.031	1.837	50630.0	29120.0	0.4296	1.0
theta_d_pr[3,130]	0.03657	0.001581	0.3515	0.3505	-0.6542	0.03525	0.7266	49610.0	32390.0	0.4209	1.0
theta_d_pr[3,131]	-1.224	0.001609	0.2987	0.299	-1.822	-1.219	-0.6512	34910.0	28470.0	0.2962	1.0
theta_d_pr[3,132]	-1.515	0.001773	0.3498	0.3484	-2.219	-1.508	-0.8454	39320.0	28030.0	0.3336	1.0
theta_d_pr[3,133]	-0.03655	0.00177	0.4163	0.4172	-0.8541	-0.03435	0.7727	55460.0	29480.0	0.4705	1.0
theta_d_pr[3,134]	0.446	0.001413	0.297	0.2961	-0.129	0.4437	1.035	44320.0	28020.0	0.376	1.0
theta_d_pr[3,135]	-0.3353	0.001984	0.4846	0.4842	-1.283	-0.3364	0.6143	59820.0	29860.0	0.5075	1.0
theta_d_pr[3,136]	0.6971	0.001695	0.4012	0.3996	-0.08358	0.6922	1.491	56280.0	28330.0	0.4775	1.0
theta_d_pr[3,137]	0.2428	0.002132	0.5215	0.5175	-0.7698	0.2412	1.273	59880.0	30920.0	0.508	1.0
theta_d_pr[3,138]	0.6366	0.001583	0.3836	0.3835	-0.1009	0.633	1.398	58890.0	28890.0	0.4996	1.0
theta_d_pr[3,139]	1.404	0.001821	0.3759	0.3747	0.6877	1.397	2.162	42970.0	29900.0	0.3646	1.0
theta_d_pr[3,140]	-1.475	0.001822	0.4173	0.4217	-2.308	-1.468	-0.6721	52890.0	27790.0	0.4487	1.0
theta_d_pr[3,141]	-0.2538	0.001741	0.3917	0.3918	-1.02	-0.255	0.5136	50700.0	29960.0	0.4302	1.0
theta_d_pr[3,142]	-0.112	0.001658	0.3794	0.3764	-0.8603	-0.1127	0.6382	52460.0	28330.0	0.4451	1.0
theta_d_pr[3,143]	0.08608	0.001629	0.3796	0.3815	-0.6516	0.08392	0.8292	54340.0	27660.0	0.461	1.0
theta_d_pr[3,144]	3.184	0.002436	0.4753	0.4739	2.299	3.169	4.151	38750.0	29530.0	0.3287	1.0
theta_d_pr[3,145]	-0.1318	0.001624	0.3723	0.365	-0.8719	-0.1315	0.5987	52780.0	27250.0	0.4478	1.0
theta_d_pr[3,146]	-0.01637	0.001497	0.3288	0.3298	-0.6601	-0.01672	0.6291	48360.0	27950.0	0.4103	0.9999
theta_d_pr[3,147]	0.3174	0.001999	0.4478	0.4457	-0.5542	0.3121	1.204	50300.0	28920.0	0.4267	1.0
theta_d_pr[3,148]	0.2855	0.001715	0.4032	0.4022	-0.4988	0.2846	1.082	55440.0	28390.0	0.4704	1.0
theta_d_pr[3,149]	-0.3472	0.001612	0.3681	0.3664	-1.076	-0.3445	0.3676	52350.0	30320.0	0.4442	1.0
theta_d_pr[3,150]	1.571	0.002213	0.4507	0.4472	0.7141	1.563	2.479	41800.0	31640.0	0.3547	1.0
theta_d_pr[3,151]	-0.7753	0.001628	0.3661	0.3646	-1.506	-0.7723	-0.06827	50940.0	27460.0	0.4322	1.0
theta_d_pr[3,152]	-0.6525	0.001512	0.3363	0.3377	-1.313	-0.6511	0.003346	49560.0	27800.0	0.4205	1.0
theta_d_pr[3,153]	-3.54	0.002607	0.4862	0.4861	-4.544	-3.522	-2.642	35250.0	28710.0	0.2991	1.0
theta_d_pr[3,154]	-0.9134	0.001522	0.2994	0.2941	-1.515	-0.9104	-0.3365	39210.0	25760.0	0.3327	1.0
theta_d_pr[3,155]	-4.012	0.00254	0.4399	0.4367	-4.905	-3.999	-3.188	30160.0	29400.0	0.2559	1.0
theta_d_pr[4,1]	0.8839	0.002537	0.4074	0.3882	0.08386	0.8807	1.703	25950.0	22590.0	0.2201	1.0
theta_d_pr[4,2]	0.4709	0.003147	0.7128	0.7022	-0.9184	0.4704	1.876	51660.0	27520.0	0.4383	1.0
theta_d_pr[4,3]	0.2492	0.003336	0.581	0.5541	-0.9782	0.2798	1.328	31010.0	28420.0	0.2631	1.0
theta_d_pr[4,4]	0.8078	0.007778	1.014	1.047	-1.219	0.8414	2.672	17440.0	28370.0	0.148	1.0
theta_d_pr[4,5]	-2.275	0.01743	1.067	0.6854	-3.723	-2.516	0.6207	5214.0	8806.0	0.04424	1.001
theta_d_pr[4,6]	-0.548	0.003692	0.7237	0.7134	-1.941	-0.556	0.9054	38540.0	29080.0	0.327	1.0
theta_d_pr[4,7]	0.3915	0.002505	0.4891	0.4736	-0.5682	0.3864	1.365	38270.0	27130.0	0.3247	1.0
theta_d_pr[4,8]	1.107	0.003162	0.5907	0.5833	-0.03624	1.101	2.281	35230.0	28320.0	0.2989	1.0
theta_d_pr[4,9]	0.8752	0.00362	0.6672	0.6408	-0.4938	0.8863	2.167	33990.0	27730.0	0.2884	1.0
theta_d_pr[4,10]	-0.1037	0.005132	0.9559	0.9663	-1.936	-0.119	1.787	34580.0	29830.0	0.2934	1.0
theta_d_pr[4,11]	-0.4748	0.003156	0.5753	0.5493	-1.645	-0.4602	0.6487	33400.0	28640.0	0.2834	1.0
theta_d_pr[4,12]	-0.2098	0.002647	0.4497	0.4312	-1.135	-0.1994	0.6615	29160.0	25150.0	0.2474	1.0
theta_d_pr[4,13]	0.568	0.004654	0.9274	0.9085	-1.288	0.5716	2.378	39570.0	30280.0	0.3357	1.0
theta_d_pr[4,14]	-0.07173	0.003598	0.948	0.9299	-1.927	-0.07964	1.814	69600.0	30020.0	0.5905	1.0
theta_d_pr[4,15]	0.2772	0.003662	0.6365	0.6024	-1.09	0.3137	1.442	30860.0	27050.0	0.2618	1.0
theta_d_pr[4,16]	-0.5166	0.00626	0.9878	1.012	-2.41	-0.5428	1.423	25520.0	21680.0	0.2165	1.0
theta_d_pr[4,17]	-0.01919	0.0157	0.8502	0.8213	-1.815	0.0608	1.491	3282.0	3843.0	0.02784	1.001
theta_d_pr[4,18]	0.9109	0.004015	0.7989	0.797	-0.6519	0.9052	2.489	39570.0	29340.0	0.3357	1.0
theta_d_pr[4,19]	-0.304	0.003588	0.6407	0.5744	-1.567	-0.3214	1.066	32430.0	27140.0	0.2752	1.0
theta_d_pr[4,20]	0.2977	0.002789	0.4608	0.4459	-0.6505	0.3115	1.177	27870.0	22210.0	0.2364	1.0
theta_d_pr[4,21]	-0.9698	0.00403	0.7613	0.7612	-2.446	-0.9729	0.5373	35840.0	28570.0	0.3041	1.0
theta_d_pr[4,22]	0.2186	0.003427	0.9253	0.9163	-1.603	0.2145	2.039	73080.0	27890.0	0.6201	1.0
theta_d_pr[4,23]	-0.04657	0.002971	0.5675	0.5589	-1.182	-0.04122	1.058	36660.0	27060.0	0.3111	1.0
theta_d_pr[4,24]	-1.01	0.007244	0.741	0.6494	-2.202	-1.127	0.7398	11840.0	19940.0	0.1004	1.0
theta_d_pr[4,25]	0.9679	0.002922	0.5646	0.5535	-0.1632	0.972	2.073	37370.0	29860.0	0.3171	1.0
theta_d_pr[4,26]	0.7095	0.002454	0.4263	0.4062	-0.1362	0.7059	1.555	30340.0	25400.0	0.2574	1.0
theta_d_pr[4,27]	0.1914	0.002703	0.5118	0.4865	-0.8348	0.1955	1.208	35950.0	27730.0	0.305	1.0
theta_d_pr[4,28]	-0.7733	0.007295	0.9399	0.8605	-2.355	-0.8969	1.364	17170.0	28210.0	0.1457	1.0
theta_d_pr[4,29]	0.2446	0.004183	0.8169	0.8057	-1.348	0.2387	1.858	38060.0	29890.0	0.3229	1.0
theta_d_pr[4,30]	0.4169	0.005068	0.8503	0.8549	-1.332	0.4631	1.977	27790.0	28590.0	0.2358	1.0
theta_d_pr[4,31]	0.5519	0.002414	0.3998	0.3825	-0.2515	0.5541	1.338	27600.0	24340.0	0.2341	1.0
theta_d_pr[4,32]	-0.5195	0.005663	0.9875	0.9786	-2.328	-0.5815	1.534	30650.0	29560.0	0.26	1.0
theta_d_pr[4,33]	0.6277	0.00493	0.8913	0.8475	-1.25	0.6716	2.312	32780.0	31840.0	0.2781	1.0
theta_d_pr[4,34]	0.2009	0.003793	0.9392	0.922	-1.694	0.2069	2.034	61580.0	30810.0	0.5225	1.0
theta_d_pr[4,35]	-0.3051	0.003836	0.7656	0.7567	-1.809	-0.3094	1.193	39900.0	30030.0	0.3385	1.0
theta_d_pr[4,36]	-0.2937	0.004649	0.5672	0.5568	-1.429	-0.2915	0.8167	15010.0	23650.0	0.1274	1.0
theta_d_pr[4,37]	-0.4023	0.005255	0.889	0.8227	-2.011	-0.4831	1.551	28950.0	30310.0	0.2456	1.0
theta_d_pr[4,38]	-0.385	0.002405	0.4369	0.4264	-1.259	-0.3828	0.4638	33400.0	23040.0	0.2833	1.0
theta_d_pr[4,39]	0.4336	0.002945	0.4648	0.45	-0.4484	0.4221	1.387	25610.0	26150.0	0.2173	1.0
theta_d_pr[4,40]	-0.03086	0.00396	0.9543	0.9428	-1.851	-0.04941	1.904	57960.0	29760.0	0.4918	1.0
theta_d_pr[4,41]	-0.1328	0.003499	0.7933	0.7839	-1.701	-0.1288	1.42	51550.0	30310.0	0.4374	1.0
theta_d_pr[4,42]	0.4472	0.00632	0.8765	0.777	-1.61	0.6045	1.839	19980.0	27790.0	0.1695	1.0
theta_d_pr[4,43]	-0.3846	0.003479	0.5457	0.5215	-1.558	-0.3452	0.5992	25460.0	25780.0	0.216	1.0
theta_d_pr[4,44]	-0.07839	0.003572	0.9033	0.8784	-1.847	-0.08188	1.724	64240.0	30750.0	0.5451	1.0
theta_d_pr[4,45]	-0.6611	0.004234	0.6245	0.5816	-1.774	-0.7152	0.7183	23350.0	24340.0	0.1981	1.0
theta_d_pr[4,46]	-0.3464	0.003661	0.6708	0.6122	-1.62	-0.3717	1.097	34830.0	26520.0	0.2955	1.0
theta_d_pr[4,47]	0.3471	0.003183	0.5451	0.5314	-0.7226	0.3469	1.436	29390.0	27020.0	0.2493	1.0
theta_d_pr[4,48]	-0.2051	0.003111	0.6281	0.6145	-1.45	-0.2059	1.027	40990.0	28550.0	0.3478	1.0
theta_d_pr[4,49]	-0.572	0.004474	0.907	0.8719	-2.318	-0.5997	1.304	41330.0	29520.0	0.3506	1.0
theta_d_pr[4,50]	-0.6523	0.004988	0.8722	0.8167	-2.258	-0.7053	1.248	31140.0	30040.0	0.2642	1.0
theta_d_pr[4,51]	0.1652	0.003826	0.9612	0.9517	-1.747	0.1775	2.048	63310.0	29330.0	0.5371	1.0
theta_d_pr[4,52]	-0.5322	0.004818	0.9694	0.9606	-2.366	-0.5656	1.441	40980.0	30220.0	0.3477	1.0
theta_d_pr[4,53]	0.009717	0.004938	0.6942	0.6918	-1.275	-0.01871	1.434	20140.0	28570.0	0.1708	1.0
theta_d_pr[4,54]	-1.074	0.004608	0.5718	0.572	-2.215	-1.065	0.01555	15520.0	25380.0	0.1317	1.0
theta_d_pr[4,55]	0.5846	0.005023	0.9673	0.9606	-1.352	0.5965	2.447	36920.0	30650.0	0.3133	1.0
theta_d_pr[4,56]	0.01035	0.003554	0.9169	0.8924	-1.803	0.01247	1.842	66760.0	31140.0	0.5664	1.0
theta_d_pr[4,57]	-0.5257	0.00414	0.7098	0.7165	-1.942	-0.5041	0.8048	29370.0	31040.0	0.2492	1.0
theta_d_pr[4,58]	0.651	0.003386	0.623	0.6017	-0.647	0.6689	1.836	33730.0	27890.0	0.2862	1.0
theta_d_pr[4,59]	-0.08612	0.004835	0.7932	0.7919	-1.643	-0.08544	1.469	26990.0	28260.0	0.229	1.0
theta_d_pr[4,60]	-0.3724	0.003214	0.6532	0.642	-1.655	-0.3751	0.9262	41410.0	28900.0	0.3513	1.0
theta_d_pr[4,61]	-1.479	0.01747	1.18	1.104	-3.27	-1.753	1.135	4924.0	23410.0	0.04177	1.001
theta_d_pr[4,62]	0.7279	0.002753	0.495	0.4557	-0.285	0.7352	1.697	32660.0	26410.0	0.2771	1.0
theta_d_pr[4,63]	-0.9262	0.005256	0.8662	0.795	-2.503	-0.9849	0.9936	27420.0	29800.0	0.2327	1.0
theta_d_pr[4,64]	-0.1688	0.003583	0.8354	0.8031	-1.858	-0.1499	1.463	54710.0	30590.0	0.4642	1.0
theta_d_pr[4,65]	-0.387	0.004164	0.8536	0.8086	-2.017	-0.417	1.4	42690.0	29310.0	0.3622	1.0
theta_d_pr[4,66]	1.249	0.007846	0.7189	0.7167	-0.2856	1.318	2.496	8830.0	21630.0	0.07492	1.001
theta_d_pr[4,67]	0.2423	0.004997	0.8764	0.8339	-1.634	0.3104	1.838	30550.0	32210.0	0.2592	1.0
theta_d_pr[4,68]	-0.3343	0.003752	0.8475	0.8113	-1.977	-0.3481	1.412	51600.0	30360.0	0.4378	1.0
theta_d_pr[4,69]	0.2681	0.002575	0.4169	0.3965	-0.5259	0.2555	1.137	26630.0	22300.0	0.2259	1.0
theta_d_pr[4,70]	0.1713	0.003295	0.6095	0.5582	-0.9959	0.1416	1.463	34560.0	28190.0	0.2932	1.0
theta_d_pr[4,71]	-1.342	0.003357	0.5987	0.5661	-2.48	-1.36	-0.09411	32320.0	24850.0	0.2742	1.0
theta_d_pr[4,72]	-0.227	0.005312	0.9705	0.9728	-2.054	-0.2617	1.731	33640.0	31980.0	0.2854	1.0
theta_d_pr[4,73]	0.0133	0.003564	0.9283	0.9065	-1.819	0.0174	1.841	67920.0	30680.0	0.5762	1.0
theta_d_pr[4,74]	0.1743	0.004036	0.8735	0.8692	-1.532	0.1786	1.879	46950.0	29360.0	0.3983	1.0
theta_d_pr[4,75]	0.2331	0.004475	0.9895	0.9902	-1.734	0.2422	2.14	49000.0	28920.0	0.4157	1.0
theta_d_pr[4,76]	-0.2479	0.0039	0.9513	0.9504	-2.058	-0.2735	1.656	59780.0	30440.0	0.5072	1.0
theta_d_pr[4,77]	-0.2975	0.004258	0.9459	0.932	-2.094	-0.3262	1.625	49780.0	31800.0	0.4223	1.0
theta_d_pr[4,78]	0.4986	0.005768	0.8659	0.7763	-1.473	0.598	1.997	23260.0	26430.0	0.1973	1.0
theta_d_pr[4,79]	-0.1574	0.00403	0.9544	0.9506	-1.979	-0.1743	1.748	56390.0	30250.0	0.4784	1.0
theta_d_pr[4,80]	1.219	0.01007	0.9183	0.7454	-1.014	1.433	2.562	10570.0	20860.0	0.08968	1.0
theta_d_pr[4,81]	-0.5927	0.003708	0.5351	0.4681	-1.552	-0.6335	0.6253	22940.0	18630.0	0.1946	1.0
theta_d_pr[4,82]	0.8665	0.00716	0.9806	0.9601	-1.248	0.9636	2.569	18880.0	28540.0	0.1602	1.0
theta_d_pr[4,83]	0.4801	0.002684	0.4411	0.4075	-0.437	0.4967	1.313	27730.0	23190.0	0.2353	1.0
theta_d_pr[4,84]	0.3232	0.003272	0.5605	0.5212	-0.8624	0.3455	1.381	29730.0	24930.0	0.2522	1.0
theta_d_pr[4,85]	-0.8974	0.002666	0.4579	0.4409	-1.812	-0.8916	0.001874	29770.0	21950.0	0.2526	1.0
theta_d_pr[4,86]	-0.3238	0.002339	0.4131	0.4021	-1.145	-0.3219	0.4852	31400.0	27430.0	0.2664	1.0
theta_d_pr[4,87]	0.3609	0.002554	0.4415	0.4177	-0.5114	0.3592	1.247	29980.0	24850.0	0.2543	1.0
theta_d_pr[4,88]	-0.1478	0.00415	0.8556	0.8032	-1.894	-0.1388	1.539	42350.0	32810.0	0.3593	1.0
theta_d_pr[4,89]	-1.631	0.005173	0.6648	0.5848	-2.774	-1.696	-0.08363	20290.0	17840.0	0.1722	1.0
theta_d_pr[4,90]	0.5926	0.003675	0.6649	0.6027	-0.7816	0.5948	1.915	33140.0	26860.0	0.2812	1.0
theta_d_pr[4,91]	0.9996	0.003838	0.7662	0.7649	-0.5147	1.005	2.492	39830.0	29830.0	0.3379	1.0
theta_d_pr[4,92]	-0.4012	0.004682	0.9622	0.9631	-2.222	-0.4402	1.545	42890.0	27410.0	0.3639	1.0
theta_d_pr[4,93]	0.5552	0.003857	0.6053	0.5533	-0.7824	0.6034	1.652	26310.0	23250.0	0.2232	1.0
theta_d_pr[4,94]	0.3718	0.004417	0.7779	0.7623	-1.232	0.4066	1.832	31040.0	30070.0	0.2633	1.0
theta_d_pr[4,95]	-0.6211	0.002874	0.5471	0.5341	-1.706	-0.6202	0.4612	36300.0	25650.0	0.308	1.0
theta_d_pr[4,96]	0.09224	0.006149	0.7697	0.6018	-1.895	0.206	1.321	19990.0	13600.0	0.1696	1.0
theta_d_pr[4,97]	-0.08761	0.003504	0.7584	0.7107	-1.624	-0.08617	1.424	46970.0	29840.0	0.3985	1.0
theta_d_pr[4,98]	-0.4679	0.00549	0.663	0.6679	-1.804	-0.4553	0.7776	14790.0	24790.0	0.1255	1.0
theta_d_pr[4,99]	-0.5398	0.00476	0.8737	0.8125	-2.196	-0.5739	1.338	34220.0	29190.0	0.2903	1.0
theta_d_pr[4,100]	0.6668	0.02011	1.223	1.412	-1.471	0.8504	2.719	4255.0	15950.0	0.0361	1.002
theta_d_pr[4,101]	0.6924	0.003828	0.6355	0.5607	-0.7531	0.7372	1.845	29120.0	25050.0	0.247	1.0
theta_d_pr[4,102]	0.007154	0.003638	0.9533	0.9369	-1.892	0.01159	1.891	68810.0	27260.0	0.5838	1.0
theta_d_pr[4,103]	-1.078	0.01221	1.061	1.028	-2.758	-1.271	1.277	7793.0	28130.0	0.06612	1.001
theta_d_pr[4,104]	-0.8488	0.008745	0.9927	0.8623	-2.402	-1.05	1.499	14180.0	24910.0	0.1203	1.0
theta_d_pr[4,105]	-0.3845	0.002826	0.546	0.5343	-1.466	-0.3822	0.6939	37540.0	28830.0	0.3185	1.0
theta_d_pr[4,106]	0.1169	0.003618	0.9021	0.8775	-1.704	0.1266	1.889	63330.0	26010.0	0.5373	1.0
theta_d_pr[4,107]	-0.05349	0.004334	1.004	1.003	-2.026	-0.04863	1.92	53800.0	29210.0	0.4564	1.0
theta_d_pr[4,108]	-0.0085	0.003639	0.9404	0.9325	-1.859	-0.009138	1.846	66910.0	30490.0	0.5677	1.0
theta_d_pr[4,109]	0.6292	0.004336	0.6679	0.6465	-0.5354	0.568	2.076	24120.0	27610.0	0.2047	1.0
theta_d_pr[4,110]	0.1286	0.003534	0.6406	0.577	-1.076	0.08827	1.524	33430.0	29660.0	0.2836	1.0
theta_d_pr[4,111]	0.8279	0.007499	1.05	1.055	-1.201	0.8116	2.918	20020.0	18570.0	0.1699	1.0
theta_d_pr[4,112]	-0.2427	0.003198	0.6119	0.602	-1.429	-0.2533	0.9863	36770.0	29860.0	0.3119	1.0
theta_d_pr[4,113]	0.3758	0.004733	0.8778	0.8663	-1.427	0.421	2.022	34130.0	32150.0	0.2896	1.0
theta_d_pr[4,114]	0.4034	0.003972	0.4563	0.4405	-0.4799	0.398	1.327	13090.0	19690.0	0.111	1.0
theta_d_pr[4,115]	-0.2735	0.00857	0.9464	0.9283	-1.751	-0.4542	1.799	13890.0	31830.0	0.1179	1.0
theta_d_pr[4,116]	0.4113	0.003328	0.4904	0.4737	-0.621	0.4357	1.318	22490.0	23110.0	0.1908	1.0
theta_d_pr[4,117]	0.262	0.004651	0.7243	0.6458	-0.9777	0.1764	1.931	25670.0	27540.0	0.2178	1.0
theta_d_pr[4,118]	0.242	0.004206	0.7282	0.7154	-1.104	0.1924	1.757	30020.0	30020.0	0.2547	1.0
theta_d_pr[4,119]	-0.6986	0.005894	0.9879	1.003	-2.647	-0.6877	1.209	28260.0	24380.0	0.2398	1.0
theta_d_pr[4,120]	0.9311	0.008949	0.7855	0.7918	-0.6457	0.9577	2.41	7964.0	15540.0	0.06757	1.0
theta_d_pr[4,121]	-0.1005	0.003888	0.8429	0.7895	-1.735	-0.1175	1.641	47690.0	29650.0	0.4046	1.0
theta_d_pr[4,122]	0.03865	0.006671	0.6433	0.6394	-1.236	0.04215	1.297	9331.0	22300.0	0.07916	1.0
theta_d_pr[4,123]	-0.7964	0.00453	0.7388	0.7298	-2.163	-0.8274	0.7524	26840.0	27250.0	0.2277	1.0
theta_d_pr[4,124]	-0.198	0.003155	0.5212	0.5034	-1.272	-0.1836	0.7935	27900.0	24550.0	0.2367	1.0
theta_d_pr[4,125]	-1.389	0.003386	0.7739	0.7717	-2.893	-1.392	0.1146	52520.0	30250.0	0.4456	1.0
theta_d_pr[4,126]	0.3054	0.003656	0.7375	0.7289	-1.163	0.3116	1.726	40680.0	29020.0	0.3451	1.0
theta_d_pr[4,127]	-0.05785	0.004869	0.7364	0.7356	-1.543	-0.04081	1.324	23420.0	27350.0	0.1987	1.0
theta_d_pr[4,128]	-0.03578	0.002987	0.5792	0.5536	-1.207	-0.03182	1.106	37570.0	29020.0	0.3188	1.0
theta_d_pr[4,129]	1.225	0.002594	0.4626	0.4368	0.3048	1.221	2.159	31880.0	23310.0	0.2705	1.0
theta_d_pr[4,130]	1.548	0.01288	1.044	0.7038	-1.185	1.842	2.914	8593.0	17350.0	0.07291	1.001
theta_d_pr[4,131]	-0.01085	0.004338	0.9658	0.9701	-1.877	-0.01795	1.88	49700.0	31180.0	0.4217	1.0
theta_d_pr[4,132]	0.04313	0.003562	0.9355	0.9195	-1.819	0.04915	1.884	69130.0	30410.0	0.5865	1.0
theta_d_pr[4,133]	0.393	0.004211	0.5838	0.575	-0.8207	0.4286	1.458	20450.0	23730.0	0.1735	1.0
theta_d_pr[4,134]	-0.2153	0.003694	0.876	0.849	-1.916	-0.223	1.553	56750.0	30900.0	0.4815	1.0
theta_d_pr[4,135]	0.5144	0.009188	0.7085	0.7338	-0.9564	0.5617	1.763	6210.0	22580.0	0.05269	1.001
theta_d_pr[4,136]	-0.03305	0.002903	0.5206	0.4901	-1.028	-0.05074	1.053	32580.0	26850.0	0.2764	1.0
theta_d_pr[4,137]	0.8216	0.00269	0.4693	0.4491	-0.1415	0.8321	1.726	30850.0	24060.0	0.2618	1.0
theta_d_pr[4,138]	0.2229	0.004004	0.7239	0.7145	-1.286	0.2586	1.572	32600.0	30420.0	0.2766	1.0
theta_d_pr[4,139]	1.026	0.005417	0.7464	0.6675	-0.6982	1.118	2.293	20850.0	26320.0	0.1769	1.0
theta_d_pr[4,140]	-0.05901	0.004491	0.6265	0.5842	-1.162	-0.1194	1.325	21880.0	25850.0	0.1857	1.0
theta_d_pr[4,141]	-0.0557	0.003942	0.7925	0.7881	-1.648	-0.0411	1.467	40370.0	31450.0	0.3425	1.0
theta_d_pr[4,142]	-0.3643	0.01206	1.017	1.103	-2.197	-0.4325	1.555	7848.0	19720.0	0.06659	1.001
theta_d_pr[4,143]	-0.7757	0.003354	0.6715	0.6592	-2.116	-0.7693	0.5218	40100.0	31370.0	0.3402	1.0
theta_d_pr[4,144]	0.5933	0.005206	0.9528	0.935	-1.367	0.6323	2.392	33470.0	31650.0	0.284	1.0
theta_d_pr[4,145]	-0.637	0.0038	0.7644	0.7549	-2.138	-0.6354	0.8574	40490.0	30040.0	0.3436	1.0
theta_d_pr[4,146]	-0.09692	0.004044	0.8528	0.8452	-1.778	-0.09713	1.586	44520.0	30240.0	0.3778	1.0
theta_d_pr[4,147]	-0.2344	0.005397	0.8824	0.888	-1.926	-0.2528	1.509	27170.0	23040.0	0.2305	1.0
theta_d_pr[4,148]	0.5558	0.004631	0.65	0.6225	-0.8745	0.6181	1.687	22260.0	27300.0	0.1889	1.0
theta_d_pr[4,149]	-1.074	0.00308	0.5383	0.5096	-2.212	-1.048	-0.07354	31250.0	26470.0	0.2652	1.0
theta_d_pr[4,150]	-0.6779	0.05389	1.427	0.9549	-2.604	-1.036	2.758	1213.0	1438.0	0.01029	1.002
theta_d_pr[4,151]	1.03	0.00296	0.549	0.5164	-0.07078	1.029	2.129	34370.0	26390.0	0.2916	1.0
theta_d_pr[4,152]	0.02548	0.003595	0.7075	0.6608	-1.394	0.0312	1.445	38720.0	28520.0	0.3286	1.0
theta_d_pr[4,153]	0.08434	0.003881	0.9506	0.9362	-1.83	0.1019	1.923	60460.0	31100.0	0.513	1.0
theta_d_pr[4,154]	-0.1043	0.005974	0.8272	0.6995	-1.493	-0.2038	1.889	22010.0	19430.0	0.1867	1.0
theta_d_pr[4,155]	-0.5305	0.004372	0.8773	0.8461	-2.2	-0.561	1.3	40780.0	30400.0	0.346	1.0
sigma[1,1]	0.8096	0.001636	0.08158	0.08032	0.6684	0.8031	0.9868	2712.0	4738.0	0.02301	1.002
sigma[1,2]	0.2695	0.002071	0.05913	0.05437	0.134	0.2727	0.3769	951.2	646.0	0.008071	1.005
sigma[2,1]	0.2485	0.0002118	0.01583	0.01589	0.2197	0.2477	0.2817	5568.0	11680.0	0.04724	1.0
sigma[2,2]	0.1	6.879e-05	0.007411	0.007312	0.08637	0.0997	0.1154	11610.0	21250.0	0.09847	1.0
sigma[3,1]	0.2092	0.0001694	0.0133	0.01307	0.1847	0.2086	0.237	6152.0	13530.0	0.0522	1.001
sigma[3,2]	0.09452	6.043e-05	0.006666	0.006627	0.08217	0.09428	0.1083	12130.0	21810.0	0.1029	1.0
sigma[4,1]	0.6751	0.0009062	0.06431	0.06369	0.5532	0.6736	0.8053	5004.0	9149.0	0.04245	1.001
sigma[4,2]	0.2055	0.0007587	0.03218	0.03112	0.138	0.2069	0.266	1764.0	4026.0	0.01497	1.002
b1[1,1]	25.74	0.05154	6.125	6.102	15.0	25.35	38.84	14080.0	28730.0	0.1195	1.0
b1[1,2]	5.082	0.00328	0.7439	0.7364	3.75	5.035	6.662	52890.0	33700.0	0.4488	1.0
b1[1,3]	15.07	0.03392	5.041	4.756	7.86	14.19	27.15	23590.0	24800.0	0.2002	1.0
b1[1,4]	3.356	0.03315	2.967	1.458	0.7032	2.316	11.94	10210.0	12720.0	0.08666	1.0
b1[1,5]	27.82	0.07143	6.401	6.516	16.7	27.43	41.49	7701.0	16780.0	0.06534	1.0
b1[1,6]	8.84	0.01583	2.421	1.987	5.474	8.409	14.95	33780.0	19930.0	0.2866	1.0
b1[1,7]	22.62	0.02301	4.512	4.356	15.05	22.17	32.71	41380.0	27630.0	0.3511	1.0
b1[1,8]	9.218	0.01175	1.94	1.778	6.13	8.971	13.76	31750.0	23210.0	0.2693	1.0
b1[1,9]	9.972	0.02902	4.14	3.791	4.23	9.195	20.05	22650.0	21640.0	0.1922	1.0
b1[1,10]	4.898	0.02726	2.766	1.299	2.455	4.093	13.12	18210.0	11830.0	0.1545	1.0
b1[1,11]	14.17	0.02793	4.816	4.469	7.317	13.29	25.67	34030.0	27600.0	0.2887	1.0
b1[1,12]	21.87	0.03105	5.437	5.346	12.91	21.35	34.07	32180.0	27370.0	0.2731	1.0
b1[1,13]	3.632	0.03466	3.207	1.35	1.057	2.557	12.98	15990.0	10440.0	0.1357	1.001
b1[1,14]	5.745	0.0456	6.782	5.475	-4.502	4.09	21.95	24970.0	26370.0	0.2119	1.0
b1[1,15]	12.53	0.0333	5.082	4.767	5.618	11.54	24.74	24770.0	26730.0	0.2101	1.0
b1[1,16]	3.332	0.03382	2.718	0.7788	1.515	2.513	11.86	13290.0	8180.0	0.1128	1.0
b1[1,17]	18.7	0.02986	3.871	3.601	12.47	18.25	27.58	18380.0	16860.0	0.156	1.0
b1[1,18]	7.375	0.02635	3.37	2.722	3.204	6.571	16.04	23520.0	16860.0	0.1996	1.0
b1[1,19]	11.98	0.03539	6.074	6.076	3.215	11.04	26.03	28580.0	27910.0	0.2425	1.0
b1[1,20]	25.28	0.05451	5.894	5.869	15.41	24.71	38.22	12140.0	28770.0	0.103	1.0
b1[1,21]	6.432	0.01165	1.518	1.154	4.403	6.163	10.15	29160.0	17210.0	0.2474	1.0
b1[1,22]	1.507	0.02709	1.195	0.4389	0.5806	1.376	2.598	13200.0	5396.0	0.112	1.0
b1[1,23]	12.64	0.01182	2.27	2.135	8.919	12.41	17.81	41210.0	27440.0	0.3497	1.0
b1[1,24]	18.76	0.02822	5.035	4.797	10.94	18.07	30.46	35060.0	27040.0	0.2974	1.0
b1[1,25]	15.41	0.03015	3.785	3.58	9.391	14.91	24.1	15180.0	24210.0	0.1288	1.0
b1[1,26]	24.32	0.04274	5.952	5.883	13.93	23.86	37.18	19200.0	29150.0	0.1629	1.0
b1[1,27]	17.71	0.02885	5.062	4.93	9.695	17.09	29.29	32830.0	27930.0	0.2785	1.0
b1[1,28]	10.7	0.03661	5.395	4.762	3.899	9.381	24.15	23820.0	26540.0	0.2021	1.0
b1[1,29]	5.592	0.01594	1.981	1.367	3.243	5.148	10.7	32420.0	15540.0	0.2751	1.0
b1[1,30]	5.651	0.03163	3.646	2.158	2.123	4.425	15.94	18770.0	15820.0	0.1592	1.0
b1[1,31]	28.15	0.05464	6.037	6.033	17.33	27.87	40.87	12140.0	24850.0	0.103	1.0
b1[1,32]	6.824	0.05323	5.856	4.549	0.9257	4.904	22.0	11390.0	21480.0	0.09668	1.001
b1[1,33]	5.562	0.04418	5.489	3.458	0.3244	3.494	20.18	18850.0	21680.0	0.16	1.0
b1[1,34]	5.876	0.04465	6.882	5.961	-3.791	4.176	22.21	26740.0	26660.0	0.2268	1.0
b1[1,35]	5.051	0.009234	1.242	0.9721	3.327	4.867	7.885	43090.0	21380.0	0.3656	1.0
b1[1,36]	14.42	0.02487	3.017	2.717	9.706	14.03	21.49	17340.0	22980.0	0.1471	1.0
b1[1,37]	8.523	0.04451	5.921	5.304	1.805	6.894	23.24	17400.0	26520.0	0.1476	1.0
b1[1,38]	33.38	0.03844	5.908	5.867	22.93	32.97	45.93	25090.0	25590.0	0.2129	1.0
b1[1,39]	27.89	0.02643	5.317	5.233	18.54	27.52	39.3	41600.0	28950.0	0.353	1.0
b1[1,40]	6.367	0.04587	6.746	5.88	-2.873	4.713	22.62	24570.0	26880.0	0.2085	1.0
b1[1,41]	4.581	0.006755	1.15	1.041	2.718	4.465	7.085	41940.0	24940.0	0.3559	1.0
b1[1,42]	9.96	0.05872	6.768	6.761	1.774	8.362	25.98	16100.0	25810.0	0.1366	1.0
b1[1,43]	14.95	0.03364	5.388	5.119	7.238	14.01	27.67	27430.0	26700.0	0.2327	1.0
b1[1,44]	7.345	0.04339	6.795	6.466	-2.161	5.966	23.23	27250.0	27570.0	0.2312	1.0
b1[1,45]	16.95	0.02461	4.565	4.289	10.03	16.26	27.78	40030.0	26620.0	0.3396	1.0
b1[1,46]	12.98	0.03511	6.102	6.02	3.915	12.1	26.99	30280.0	27820.0	0.2569	1.0
b1[1,47]	13.42	0.0158	2.732	2.572	8.99	13.11	19.67	34160.0	25310.0	0.2899	1.0
b1[1,48]	9.72	0.0104	1.912	1.775	6.646	9.498	14.11	38830.0	25280.0	0.3295	1.0
b1[1,49]	7.384	0.04966	5.96	4.84	1.157	5.479	22.64	13770.0	25460.0	0.1168	1.0
b1[1,50]	10.07	0.04241	6.215	6.029	1.644	8.887	24.77	18490.0	19720.0	0.1569	1.0
b1[1,51]	3.968	0.04819	6.91	5.2	-5.415	1.896	21.02	23470.0	27700.0	0.1991	1.0
b1[1,52]	6.23	0.05351	5.635	3.546	0.8023	4.101	21.12	12620.0	19420.0	0.1071	1.0
b1[1,53]	14.91	0.02031	3.667	3.344	9.188	14.39	23.49	37890.0	25260.0	0.3215	1.0
b1[1,54]	13.28	0.01673	2.866	2.612	8.878	12.87	19.99	34760.0	24780.0	0.295	1.0
b1[1,55]	2.873	0.03194	2.955	1.077	0.6569	1.878	11.84	16310.0	9771.0	0.1384	1.0
b1[1,56]	5.544	0.04552	7.034	6.022	-4.634	3.801	22.14	27510.0	25220.0	0.2334	1.0
b1[1,57]	8.065	0.02826	3.608	2.503	4.012	7.064	17.93	22770.0	17880.0	0.1932	1.0
b1[1,58]	12.12	0.02602	4.124	3.954	6.014	11.47	21.87	27190.0	25190.0	0.2307	1.0
b1[1,59]	9.004	0.01546	2.116	1.741	6.064	8.617	14.21	25550.0	17560.0	0.2167	1.0
b1[1,60]	8.789	0.009218	1.694	1.509	6.144	8.571	12.74	43220.0	23960.0	0.3667	1.0
b1[1,61]	18.87	0.06801	6.092	6.05	9.641	17.97	32.87	8818.0	21090.0	0.07482	1.0
b1[1,62]	16.58	0.0363	5.748	5.714	7.56	15.86	29.63	26320.0	27350.0	0.2233	1.0
b1[1,63]	9.293	0.039	5.67	5.024	2.653	7.78	23.47	22520.0	27750.0	0.191	1.0
b1[1,64]	9.575	0.03864	6.35	6.237	1.167	8.322	24.56	28400.0	29800.0	0.241	1.0
b1[1,65]	8.823	0.04404	6.279	6.204	0.896	7.534	23.7	19580.0	27320.0	0.1662	1.0
b1[1,66]	13.23	0.1109	5.985	5.795	5.472	11.83	27.06	3333.0	11010.0	0.02828	1.001
b1[1,67]	6.25	0.04146	5.384	3.47	1.145	4.215	20.69	18930.0	23870.0	0.1606	1.0
b1[1,68]	8.684	0.04227	6.331	6.168	0.6883	7.349	23.81	23050.0	27270.0	0.1955	1.0
b1[1,69]	26.24	0.02822	5.463	5.405	16.8	25.84	37.98	39040.0	28620.0	0.3312	1.0
b1[1,70]	12.78	0.0334	5.716	5.545	4.468	11.81	26.08	31140.0	28510.0	0.2642	1.0
b1[1,71]	17.42	0.0195	3.762	3.524	11.51	16.93	26.11	43820.0	26630.0	0.3718	1.0
b1[1,72]	5.726	0.05059	5.704	4.048	-0.5641	3.955	20.88	14430.0	20020.0	0.1225	1.0
b1[1,73]	3.242	0.04889	6.776	4.482	-6.608	1.111	20.35	22780.0	25080.0	0.1933	1.0
b1[1,74]	4.325	0.01449	1.558	1.014	2.576	3.981	8.288	25280.0	13360.0	0.2145	1.0
b1[1,75]	1.095	0.05742	5.745	2.091	-5.984	-0.5558	17.84	14020.0	14840.0	0.1189	1.0
b1[1,76]	6.451	0.04041	6.964	6.267	-4.57	5.23	22.67	31920.0	28550.0	0.2709	1.0
b1[1,77]	6.459	0.04444	6.085	4.798	-0.8781	4.739	21.82	20460.0	26770.0	0.1736	1.0
b1[1,78]	8.124	0.04747	6.569	6.318	0.6635	6.409	23.94	18560.0	27760.0	0.1575	1.0
b1[1,79]	5.781	0.04628	6.288	4.457	-2.349	3.83	21.53	20570.0	25510.0	0.1745	1.0
b1[1,80]	11.39	0.1185	7.641	8.751	1.719	10.14	28.16	4352.0	21800.0	0.03692	1.0
b1[1,81]	19.25	0.0293	5.69	5.682	9.935	18.64	31.9	39130.0	30610.0	0.332	1.0
b1[1,82]	4.883	0.05754	6.225	3.029	-0.7444	2.159	21.76	13850.0	21240.0	0.1175	1.0
b1[1,83]	20.7	0.04387	6.289	6.323	9.913	20.27	34.25	19950.0	27560.0	0.1693	1.0
b1[1,84]	13.95	0.03249	5.111	4.92	6.44	13.14	25.89	25690.0	26540.0	0.2179	1.0
b1[1,85]	22.96	0.02412	4.893	4.766	14.72	22.49	33.76	43460.0	28720.0	0.3687	1.0
b1[1,86]	27.49	0.02139	4.749	4.671	18.95	27.21	37.57	51150.0	29370.0	0.434	1.0
b1[1,87]	20.99	0.03428	5.799	5.757	11.25	20.45	33.76	29050.0	27790.0	0.2465	1.0
b1[1,88]	6.382	0.04816	5.695	3.628	1.083	4.17	21.55	15280.0	22500.0	0.1297	1.0
b1[1,89]	18.12	0.01802	3.528	3.317	12.31	17.73	26.17	44190.0	26350.0	0.3749	1.0
b1[1,90]	10.46	0.03616	5.871	5.585	2.677	9.273	24.43	26860.0	28330.0	0.2279	1.0
b1[1,91]	6.901	0.01346	1.964	1.656	4.121	6.55	11.74	27460.0	19290.0	0.233	1.0
b1[1,92]	6.38	0.045	5.712	4.06	0.1469	4.534	21.35	18040.0	23940.0	0.1531	1.0
b1[1,93]	13.91	0.0419	5.844	5.854	5.402	13.01	27.39	18950.0	27550.0	0.1608	1.0
b1[1,94]	6.942	0.03183	4.011	2.811	2.621	5.758	18.03	20900.0	18360.0	0.1774	1.0
b1[1,95]	14.38	0.01439	2.861	2.715	9.679	14.06	20.91	44830.0	26820.0	0.3803	1.0
b1[1,96]	11.89	0.04245	6.351	6.441	2.692	11.02	26.49	17660.0	12070.0	0.1499	1.0
b1[1,97]	9.712	0.04108	6.448	6.468	0.9863	8.546	24.58	23190.0	25180.0	0.1967	1.0
b1[1,98]	11.42	0.02755	3.589	2.811	6.85	10.62	20.84	22540.0	19670.0	0.1912	1.0
b1[1,99]	8.723	0.04297	6.196	5.902	1.321	7.227	23.83	19690.0	26570.0	0.1671	1.0
b1[1,100]	16.27	0.06124	5.584	4.879	8.365	15.19	30.06	9479.0	11130.0	0.08043	1.001
b1[1,101]	12.19	0.04353	6.366	6.557	2.928	11.27	26.64	20970.0	27460.0	0.1779	1.0
b1[1,102]	6.212	0.04307	7.026	6.42	-4.395	4.836	22.63	30080.0	27450.0	0.2552	1.0
b1[1,103]	13.67	0.03867	5.25	4.724	6.492	12.58	26.45	21150.0	22170.0	0.1795	1.0
b1[1,104]	13.48	0.03989	5.909	5.759	4.961	12.53	27.42	21750.0	25560.0	0.1845	1.0
b1[1,105]	15.17	0.014	2.843	2.738	10.42	14.87	21.53	46180.0	27350.0	0.3918	1.0
b1[1,106]	3.538	0.003554	0.7605	0.7316	2.234	3.475	5.207	47750.0	31980.0	0.4051	1.0
b1[1,107]	-1.367	0.05211	4.3	1.464	-7.369	-1.838	12.58	12350.0	6812.0	0.1048	1.001
b1[1,108]	6.464	0.04198	6.849	6.037	-3.288	4.865	22.63	30100.0	27790.0	0.2554	1.0
b1[1,109]	14.89	0.03033	5.232	4.972	7.04	14.08	27.2	33660.0	26300.0	0.2856	1.0
b1[1,110]	12.87	0.03454	5.83	5.702	4.388	11.95	26.47	29100.0	27890.0	0.2469	1.0
b1[1,111]	1.05	0.01209	0.9629	0.5005	0.04042	0.8722	3.327	14960.0	9900.0	0.1269	1.0
b1[1,112]	14.74	0.01838	3.185	2.941	9.765	14.3	22.19	35890.0	24370.0	0.3045	1.0
b1[1,113]	5.09	0.03963	4.585	2.235	1.193	3.304	18.33	17970.0	17700.0	0.1525	1.0
b1[1,114]	21.47	0.02887	4.215	4.147	14.14	21.13	30.59	22730.0	26560.0	0.1929	1.0
b1[1,115]	14.13	0.03379	5.34	5.004	6.558	13.14	26.94	26580.0	26800.0	0.2255	1.0
b1[1,116]	23.02	0.06277	6.052	5.94	13.34	22.27	36.62	10090.0	21240.0	0.08562	1.001
b1[1,117]	12.94	0.03256	5.528	5.259	5.062	11.98	26.22	30740.0	27370.0	0.2608	1.0
b1[1,118]	11.27	0.02912	4.576	3.964	5.287	10.26	22.77	31570.0	23450.0	0.2679	1.0
b1[1,119]	3.972	0.00465	0.8461	0.7692	2.587	3.891	5.837	41040.0	27570.0	0.3482	1.0
b1[1,120]	15.65	0.0294	3.668	3.429	9.88	15.17	24.18	15870.0	21160.0	0.1346	1.001
b1[1,121]	8.487	0.04432	6.379	6.22	0.6836	7.034	23.79	20370.0	27820.0	0.1728	1.0
b1[1,122]	15.75	0.02169	2.813	2.731	10.91	15.51	21.95	15800.0	26780.0	0.1341	1.0
b1[1,123]	9.948	0.0106	1.977	1.736	6.899	9.694	14.55	44540.0	26240.0	0.3779	0.9999
b1[1,124]	18.8	0.02902	4.905	4.676	11.08	18.15	30.02	31040.0	26600.0	0.2633	1.0
b1[1,125]	3.093	0.002423	0.4628	0.4415	2.311	3.052	4.108	38340.0	33160.0	0.3253	1.0
b1[1,126]	6.51	0.01371	1.909	1.489	3.997	6.123	11.27	29910.0	18120.0	0.2538	1.0
b1[1,127]	7.041	0.01378	1.813	1.555	4.427	6.739	11.47	20080.0	19650.0	0.1704	1.0
b1[1,128]	14.8	0.0251	4.275	4.01	8.228	14.18	24.88	31870.0	25280.0	0.2704	1.0
b1[1,129]	20.15	0.04884	5.942	5.888	10.03	19.67	33.17	14640.0	28020.0	0.1242	1.0
b1[1,130]	13.96	0.1754	9.278	11.67	1.265	13.66	32.49	3019.0	16610.0	0.02561	1.001
b1[1,131]	3.065	0.05159	5.953	3.389	-6.097	1.497	18.73	15710.0	18550.0	0.1333	1.0
b1[1,132]	5.087	0.0467	6.955	5.315	-4.86	3.114	21.87	26210.0	26650.0	0.2223	1.0
b1[1,133]	14.35	0.04448	4.996	4.504	7.544	13.31	26.55	12820.0	22290.0	0.1088	1.0
b1[1,134]	7.77	0.04477	6.506	6.291	-0.2006	6.295	23.21	21680.0	27310.0	0.1839	1.0
b1[1,135]	14.35	0.1178	6.289	5.056	6.856	12.56	30.54	3502.0	6558.0	0.02971	1.001
b1[1,136]	17.86	0.02502	4.702	4.496	10.46	17.25	28.65	40660.0	25920.0	0.345	1.0
b1[1,137]	23.14	0.0622	5.762	5.774	13.23	22.68	35.61	8615.0	26350.0	0.07309	1.0
b1[1,138]	9.217	0.0288	4.04	3.219	4.382	8.143	19.63	24500.0	21070.0	0.2079	1.0
b1[1,139]	9.821	0.05532	6.044	6.002	2.17	8.529	24.15	11740.0	23940.0	0.09959	1.0
b1[1,140]	17.07	0.02664	4.935	4.649	9.519	16.35	28.65	38120.0	28970.0	0.3234	1.0
b1[1,141]	5.383	0.0122	1.672	1.293	3.208	5.07	9.418	29490.0	18270.0	0.2502	1.0
b1[1,142]	6.181	0.06259	4.363	1.688	2.643	4.494	19.39	7648.0	9454.0	0.06489	1.001
b1[1,143]	7.4	0.009474	1.652	1.487	4.861	7.161	11.29	35830.0	24510.0	0.304	1.0
b1[1,144]	4.39	0.04308	5.409	3.489	-1.729	2.636	19.07	21080.0	19750.0	0.1788	1.0
b1[1,145]	6.25	0.01296	1.9	1.52	3.745	5.861	11.14	28090.0	20060.0	0.2383	1.0
b1[1,146]	4.151	0.01824	1.881	1.063	2.28	3.693	9.092	25140.0	13460.0	0.2133	1.0
b1[1,147]	5.195	0.01942	2.051	1.314	2.879	4.705	10.77	18750.0	12670.0	0.1591	1.0
b1[1,148]	13.27	0.05506	5.564	5.423	5.562	12.26	26.39	10430.0	24710.0	0.08849	1.0
b1[1,149]	17.52	0.03142	5.502	5.402	8.793	16.9	29.89	30320.0	28520.0	0.2573	1.0
b1[1,150]	6.281	0.3475	7.9	0.7266	2.367	3.434	31.95	1155.0	1051.0	0.009799	1.003
b1[1,151]	14.27	0.03045	4.998	4.885	6.451	13.68	25.6	28270.0	25670.0	0.2398	1.0
b1[1,152]	9.483	0.03379	5.132	4.355	3.318	8.155	22.53	27340.0	24510.0	0.232	1.0
b1[1,153]	3.652	0.0497	6.892	4.343	-5.6	1.205	20.89	23130.0	23980.0	0.1962	1.0
b1[1,154]	10.46	0.04666	6.265	6.268	1.672	9.395	24.93	15190.0	16090.0	0.1289	1.0
b1[1,155]	8.957	0.04219	6.158	5.823	1.259	7.564	23.92	21520.0	28340.0	0.1826	1.0
b1[2,1]	28.75	0.02703	5.52	5.447	19.15	28.36	40.64	42740.0	30940.0	0.3626	1.0
b1[2,2]	2.796	0.002105	0.4527	0.4426	1.982	2.771	3.754	46750.0	35640.0	0.3967	1.0
b1[2,3]	18.13	0.02468	4.508	4.252	11.14	17.52	28.64	38220.0	26770.0	0.3243	1.0
b1[2,4]	7.844	0.01728	2.305	1.761	4.783	7.421	13.61	28260.0	17480.0	0.2398	1.0
b1[2,5]	18.81	0.2293	11.48	11.86	-0.5182	20.44	38.84	2711.0	9847.0	0.023	1.001
b1[2,6]	7.824	0.02022	2.793	2.239	4.262	7.205	15.0	26770.0	18310.0	0.2271	1.0
b1[2,7]	23.11	0.0244	4.613	4.502	15.26	22.69	33.31	37990.0	29220.0	0.3223	1.0
b1[2,8]	9.193	0.005735	1.356	1.331	6.773	9.117	12.08	58300.0	32440.0	0.4946	1.0
b1[2,9]	10.63	0.02115	3.136	2.44	6.581	9.938	18.78	32710.0	19480.0	0.2775	1.0
b1[2,10]	3.452	0.0303	2.857	1.056	1.283	2.515	12.12	15860.0	10580.0	0.1345	1.0
b1[2,11]	14.81	0.02925	5.139	4.968	7.013	14.07	26.75	32980.0	27280.0	0.2798	1.0
b1[2,12]	22.92	0.02791	5.36	5.264	14.01	22.38	34.75	39270.0	29170.0	0.3332	1.0
b1[2,13]	4.668	0.03315	3.045	1.196	2.275	3.73	13.99	17470.0	9800.0	0.1482	1.001
b1[2,14]	4.913	0.05151	7.327	6.23	-5.887	3.14	22.35	22880.0	26260.0	0.1941	1.0
b1[2,15]	15.35	0.02578	4.417	3.999	9.056	14.54	26.05	35980.0	25770.0	0.3053	1.0
b1[2,16]	5.715	0.03107	2.862	1.553	2.938	4.915	14.03	16150.0	9569.0	0.137	1.0
b1[2,17]	7.905	0.1083	4.477	1.699	4.315	6.484	22.43	3445.0	2301.0	0.02923	1.002
b1[2,18]	6.058	0.02409	2.732	1.629	3.236	5.321	13.49	20420.0	14320.0	0.1733	1.0
b1[2,19]	11.3	0.03994	6.429	6.571	2.395	10.24	26.17	25200.0	28850.0	0.2138	1.0
b1[2,20]	29.42	0.02655	5.565	5.476	19.62	29.02	41.35	45550.0	30470.0	0.3865	1.0
b1[2,21]	4.715	0.01701	1.898	1.322	2.498	4.255	9.69	20190.0	13000.0	0.1713	1.0
b1[2,22]	1.751	0.02651	1.206	0.4356	0.8265	1.622	2.814	13310.0	5472.0	0.1129	1.0
b1[2,23]	15.03	0.01324	2.556	2.469	10.6	14.82	20.65	40880.0	26490.0	0.3468	1.0
b1[2,24]	13.1	0.095	7.045	7.606	3.574	11.98	28.83	5680.0	18850.0	0.04819	1.001
b1[2,25]	20.02	0.01832	3.594	3.504	13.76	19.75	27.76	40740.0	27770.0	0.3457	1.0
b1[2,26]	26.55	0.02614	5.365	5.25	17.3	26.1	38.17	44700.0	28670.0	0.3793	1.0
b1[2,27]	18.33	0.02622	4.808	4.583	10.65	17.75	29.38	36960.0	27580.0	0.3135	1.0
b1[2,28]	7.028	0.0585	6.456	5.244	0.366	4.866	23.32	12580.0	23630.0	0.1068	1.0
b1[2,29]	6.553	0.01941	2.382	1.753	3.697	5.976	12.89	22590.0	16300.0	0.1917	1.0
b1[2,30]	9.132	0.02439	3.317	2.538	4.98	8.376	18.01	25940.0	17510.0	0.2201	1.0
b1[2,31]	31.13	0.02894	5.591	5.54	21.16	30.81	43.01	38890.0	30340.0	0.3299	1.0
b1[2,32]	4.149	0.05721	6.216	2.177	-1.739	1.189	21.14	15140.0	21460.0	0.1284	1.001
b1[2,33]	8.079	0.04042	5.273	3.861	2.428	6.352	21.99	19850.0	22380.0	0.1685	1.0
b1[2,34]	7.806	0.04178	6.36	5.593	-0.4462	6.263	23.24	25470.0	26660.0	0.2161	1.0
b1[2,35]	7.413	0.01384	2.024	1.718	4.569	7.051	12.42	28640.0	18540.0	0.243	1.0
b1[2,36]	21.69	0.03762	4.222	4.195	14.36	21.39	30.77	12230.0	25950.0	0.1038	1.0
b1[2,37]	6.65	0.05034	6.272	4.487	0.6433	4.305	22.68	16150.0	23900.0	0.137	1.0
b1[2,38]	33.66	0.04086	5.891	5.772	23.15	33.3	46.26	21810.0	23760.0	0.185	1.0
b1[2,39]	26.51	0.03435	5.519	5.409	16.93	26.09	38.4	26860.0	28460.0	0.2279	1.0
b1[2,40]	6.292	0.04814	6.605	4.912	-1.604	4.136	22.72	22060.0	25880.0	0.1871	1.0
b1[2,41]	5.059	0.007739	1.215	1.019	3.245	4.888	7.874	38440.0	21880.0	0.3261	1.0
b1[2,42]	14.55	0.03538	5.757	5.594	6.043	13.65	28.01	27580.0	27570.0	0.234	1.0
b1[2,43]	17.72	0.02711	5.145	4.957	9.593	17.11	29.47	39600.0	27500.0	0.336	1.0
b1[2,44]	7.315	0.04572	6.881	6.58	-1.966	5.863	23.49	24300.0	28100.0	0.2062	1.0
b1[2,45]	13.07	0.05497	5.881	5.866	4.813	12.12	26.81	11580.0	26300.0	0.09828	1.0
b1[2,46]	11.75	0.04205	6.59	6.684	2.195	10.78	26.76	24020.0	28760.0	0.2038	1.0
b1[2,47]	11.69	0.01031	2.158	2.034	8.102	11.47	16.51	50500.0	28530.0	0.4285	1.0
b1[2,48]	10.08	0.00929	1.86	1.76	6.965	9.889	14.24	46430.0	26670.0	0.3939	1.0
b1[2,49]	5.339	0.05318	6.328	3.834	-0.9446	2.777	21.83	17460.0	23790.0	0.1481	1.0
b1[2,50]	7.197	0.05699	7.118	6.558	-1.099	5.235	24.21	16940.0	26710.0	0.1437	1.0
b1[2,51]	6.121	0.04367	6.181	4.362	-1.944	4.223	21.8	23410.0	25210.0	0.1986	1.0
b1[2,52]	3.667	0.05959	6.082	2.079	-2.226	0.8541	20.35	14110.0	19040.0	0.1197	1.0
b1[2,53]	11.09	0.02955	3.982	3.338	5.932	10.18	21.27	21430.0	20020.0	0.1818	1.0
b1[2,54]	17.61	0.02091	3.562	3.45	11.57	17.28	25.48	30060.0	27120.0	0.255	1.0
b1[2,55]	4.504	0.02976	2.764	1.139	2.256	3.683	12.85	18380.0	9779.0	0.1559	1.0
b1[2,56]	6.265	0.04616	6.937	6.073	-3.506	4.556	22.58	25950.0	27010.0	0.2202	1.0
b1[2,57]	10.65	0.02625	3.864	3.352	5.351	9.888	20.24	28720.0	20180.0	0.2437	1.0
b1[2,58]	13.41	0.01615	3.119	2.864	8.598	12.96	20.71	45460.0	26050.0	0.3857	1.0
b1[2,59]	5.47	0.01773	1.943	1.234	3.312	5.01	10.65	23910.0	14710.0	0.2029	1.0
b1[2,60]	10.08	0.0117	2.092	1.941	6.763	9.821	14.91	37540.0	25420.0	0.3185	1.0
b1[2,61]	10.36	0.2061	9.797	10.96	-1.64	8.241	31.14	2599.0	13630.0	0.02205	1.001
b1[2,62]	19.11	0.02728	5.246	5.118	10.81	18.48	31.13	40040.0	27860.0	0.3397	1.0
b1[2,63]	6.709	0.04921	6.231	4.974	0.258	4.641	22.59	17420.0	25010.0	0.1478	1.0
b1[2,64]	9.761	0.042	6.575	6.601	0.5619	8.676	24.99	26060.0	28400.0	0.2211	1.0
b1[2,65]	7.465	0.04977	6.794	6.529	-0.3322	5.687	23.74	19910.0	28020.0	0.1689	1.0
b1[2,66]	21.53	0.02043	3.962	3.81	14.93	21.13	30.33	41380.0	27450.0	0.3511	1.0
b1[2,67]	8.288	0.04099	5.33	4.157	2.433	6.665	22.23	18850.0	23450.0	0.1599	1.0
b1[2,68]	7.615	0.04834	6.871	6.71	-0.92	6.072	23.89	22050.0	27200.0	0.1871	1.0
b1[2,69]	25.21	0.03433	5.685	5.613	15.54	24.71	37.68	28040.0	28470.0	0.2379	1.0
b1[2,70]	12.35	0.0372	5.85	5.583	4.435	11.21	26.33	26260.0	28220.0	0.2228	1.0
b1[2,71]	14.14	0.04612	5.067	5.072	6.41	13.49	25.59	11320.0	24150.0	0.09605	1.001
b1[2,72]	2.423	0.0686	6.75	3.221	-5.779	-0.1571	20.52	12390.0	18180.0	0.1051	1.0
b1[2,73]	3.754	0.05096	6.867	4.71	-6.344	1.692	20.86	21520.0	25650.0	0.1826	1.0
b1[2,74]	3.643	0.01148	1.215	0.77	2.228	3.427	6.427	30490.0	14710.0	0.2587	1.0
b1[2,75]	4.559	0.05058	5.286	2.803	-1.287	2.722	19.26	13340.0	16170.0	0.1132	1.001
b1[2,76]	5.09	0.04738	7.25	5.585	-4.763	2.869	22.69	25980.0	28290.0	0.2205	1.0
b1[2,77]	4.057	0.0552	6.935	4.367	-4.813	1.461	21.67	18180.0	25690.0	0.1542	1.0
b1[2,78]	11.33	0.04219	6.185	6.179	2.623	10.28	25.69	20560.0	26390.0	0.1744	1.0
b1[2,79]	3.849	0.05729	7.218	4.968	-5.606	1.309	21.67	18460.0	25700.0	0.1567	1.0
b1[2,80]	18.67	0.03391	5.262	5.042	10.56	17.91	30.85	24690.0	28740.0	0.2095	1.0
b1[2,81]	16.06	0.05835	6.822	7.053	5.046	15.43	30.96	12940.0	22630.0	0.1098	1.0
b1[2,82]	9.817	0.04402	5.703	5.119	2.77	8.467	23.95	17530.0	25100.0	0.1488	1.0
b1[2,83]	23.76	0.02771	5.556	5.463	14.39	23.26	35.99	43480.0	29160.0	0.3689	1.0
b1[2,84]	15.8	0.02601	4.718	4.421	8.72	15.1	26.98	38370.0	27130.0	0.3255	1.0
b1[2,85]	20.98	0.03914	5.535	5.501	11.66	20.52	33.12	19580.0	29220.0	0.1661	1.0
b1[2,86]	25.66	0.03237	5.027	5.002	16.93	25.29	36.43	23580.0	28990.0	0.2001	1.0
b1[2,87]	22.3	0.02949	5.379	5.265	13.51	21.73	34.25	35840.0	28190.0	0.3041	1.0
b1[2,88]	6.527	0.04791	5.713	3.653	1.133	4.331	21.8	16040.0	22710.0	0.1361	1.0
b1[2,89]	13.27	0.08059	5.922	6.408	4.046	12.75	25.88	5184.0	14900.0	0.04398	1.001
b1[2,90]	11.9	0.03609	5.665	5.405	4.348	10.75	25.59	26370.0	28380.0	0.2237	1.0
b1[2,91]	4.978	0.005372	0.997	0.8763	3.454	4.846	7.302	46310.0	26200.0	0.3929	1.0
b1[2,92]	3.554	0.05744	6.556	3.419	-4.033	0.8568	20.84	15970.0	22320.0	0.1355	1.0
b1[2,93]	17.67	0.02638	4.904	4.618	10.15	16.97	29.25	39160.0	26830.0	0.3322	1.0
b1[2,94]	9.482	0.02628	3.659	2.754	5.072	8.566	19.13	28810.0	18200.0	0.2444	1.0
b1[2,95]	14.55	0.0201	3.424	3.289	8.999	14.16	22.36	31480.0	25480.0	0.2671	1.0
b1[2,96]	13.83	0.03588	5.907	5.793	5.123	12.93	27.51	25140.0	24400.0	0.2133	1.0
b1[2,97]	9.861	0.04296	6.596	6.783	0.8642	8.748	25.02	23250.0	26710.0	0.1972	1.0
b1[2,98]	17.39	0.02781	4.078	3.957	10.83	16.91	26.56	22510.0	23710.0	0.191	1.0
b1[2,99]	6.59	0.05219	6.885	5.954	-1.453	4.542	23.33	19880.0	25230.0	0.1687	1.0
b1[2,100]	7.782	0.1469	7.244	1.941	2.405	4.25	28.09	3950.0	5291.0	0.03351	1.002
b1[2,101]	15.33	0.03061	5.617	5.452	6.897	14.5	28.41	37060.0	27670.0	0.3144	1.0
b1[2,102]	6.954	0.04283	6.646	5.644	-1.962	5.233	23.0	27620.0	25460.0	0.2344	1.0
b1[2,103]	7.511	0.1104	7.22	5.379	0.2666	4.727	25.22	4829.0	18570.0	0.04097	1.001
b1[2,104]	8.648	0.08111	7.359	7.113	0.6441	6.593	26.25	8902.0	21190.0	0.07552	1.0
b1[2,105]	14.62	0.01716	3.043	2.843	9.803	14.25	21.61	35770.0	25180.0	0.3035	1.0
b1[2,106]	1.606	0.003512	0.4545	0.3911	0.8654	1.577	2.481	39240.0	29240.0	0.3329	1.0
b1[2,107]	2.447	0.04335	3.792	1.323	-1.842	1.46	13.87	14480.0	7909.0	0.1229	1.001
b1[2,108]	6.211	0.04703	7.38	7.02	-4.696	4.759	23.13	26790.0	28080.0	0.2273	1.0
b1[2,109]	12.7	0.03787	5.534	5.08	5.478	11.47	26.13	22490.0	26580.0	0.1908	1.0
b1[2,110]	12.07	0.0412	6.155	6.13	3.679	10.96	26.56	21760.0	29040.0	0.1846	1.0
b1[2,111]	5.184	0.006202	1.093	1.039	3.336	5.091	7.536	40080.0	28290.0	0.34	1.0
b1[2,112]	12.74	0.02135	3.417	3.152	7.638	12.21	20.86	30310.0	23330.0	0.2571	1.0
b1[2,113]	7.583	0.03718	4.474	2.854	3.036	6.105	20.09	18030.0	17750.0	0.153	1.0
b1[2,114]	17.04	0.01548	2.977	2.884	11.97	16.79	23.57	39210.0	29650.0	0.3327	1.0
b1[2,115]	9.179	0.06853	6.674	5.681	2.067	6.984	25.41	10410.0	24490.0	0.08836	1.0
b1[2,116]	28.45	0.02626	5.478	5.379	18.92	28.01	40.3	45580.0	30800.0	0.3867	1.0
b1[2,117]	11.73	0.04072	6.016	5.953	3.691	10.61	25.98	20380.0	24680.0	0.1729	1.0
b1[2,118]	9.292	0.03615	4.927	3.871	3.701	7.867	22.26	22500.0	22730.0	0.1909	1.0
b1[2,119]	3.079	0.01529	1.613	0.9463	1.383	2.655	7.535	18980.0	12690.0	0.161	1.0
b1[2,120]	8.455	0.03623	3.455	2.097	4.767	7.513	18.39	15460.0	10770.0	0.1312	1.0
b1[2,121]	8.223	0.04706	6.596	6.416	0.5009	6.626	23.99	19970.0	26410.0	0.1694	1.0
b1[2,122]	9.206	0.02813	2.575	2.07	5.714	8.7	15.74	11020.0	12980.0	0.09347	1.0
b1[2,123]	8.245	0.02807	3.361	2.99	3.726	7.547	16.5	15340.0	20100.0	0.1302	1.0
b1[2,124]	21.27	0.02582	4.954	4.856	13.01	20.78	32.28	39490.0	28120.0	0.3351	1.0
b1[2,125]	5.532	0.008879	1.375	1.198	3.527	5.314	8.846	32060.0	21510.0	0.272	1.0
b1[2,126]	8.398	0.01264	1.963	1.688	5.551	8.081	13.14	36280.0	19730.0	0.3078	1.0
b1[2,127]	12.15	0.01145	2.002	1.958	8.665	11.99	16.48	32200.0	28210.0	0.2732	1.0
b1[2,128]	14.82	0.02142	3.872	3.567	8.976	14.23	24.06	38360.0	25570.0	0.3255	1.0
b1[2,129]	23.48	0.02556	5.074	4.931	15.11	22.96	34.85	42010.0	30150.0	0.3565	1.0
b1[2,130]	22.61	0.04823	5.726	5.686	13.21	21.99	35.35	13920.0	26110.0	0.1181	1.0
b1[2,131]	1.025	0.06078	6.478	2.988	-7.838	-0.7452	19.0	15420.0	17450.0	0.1308	1.0
b1[2,132]	5.659	0.04871	6.998	5.808	-4.38	3.905	22.39	24500.0	27520.0	0.2079	1.0
b1[2,133]	19.8	0.02447	4.575	4.383	12.35	19.3	30.07	38280.0	27240.0	0.3248	1.0
b1[2,134]	7.122	0.04912	6.953	6.722	-1.709	5.552	23.67	21990.0	27000.0	0.1866	1.0
b1[2,135]	23.83	0.02839	5.044	4.832	15.51	23.29	35.26	35970.0	24040.0	0.3052	1.0
b1[2,136]	16.56	0.0331	5.193	5.049	8.527	15.88	28.51	26290.0	25070.0	0.2231	1.0
b1[2,137]	27.96	0.02267	4.828	4.754	19.51	27.61	38.4	47960.0	28980.0	0.4069	1.0
b1[2,138]	11.8	0.02346	3.757	3.327	6.462	11.14	20.99	31830.0	21820.0	0.27	1.0
b1[2,139]	14.52	0.02914	4.855	4.451	7.603	13.66	26.25	33380.0	24280.0	0.2832	1.0
b1[2,140]	13.95	0.04152	5.733	5.57	6.026	12.91	27.57	20230.0	26930.0	0.1717	1.0
b1[2,141]	8.245	0.0131	1.989	1.721	5.374	7.919	13.01	31690.0	20010.0	0.2689	1.0
b1[2,142]	13.09	0.02793	3.79	3.242	7.68	12.42	22.58	21940.0	18960.0	0.1861	1.0
b1[2,143]	8.611	0.01062	1.9	1.759	5.622	8.366	13.02	39610.0	22400.0	0.3361	1.0
b1[2,144]	7.482	0.0372	4.913	3.384	2.38	5.892	21.01	21550.0	20950.0	0.1828	1.0
b1[2,145]	7.07	0.01425	2.12	1.724	4.159	6.679	12.36	32880.0	18110.0	0.279	1.0
b1[2,146]	4.535	0.01706	1.845	1.097	2.586	4.104	9.308	27190.0	13500.0	0.2307	1.0
b1[2,147]	9.396	0.01322	2.0	1.755	6.287	9.141	14.03	29630.0	20850.0	0.2514	1.0
b1[2,148]	18.22	0.02338	4.477	4.207	11.21	17.62	28.53	43230.0	26260.0	0.3668	1.0
b1[2,149]	16.9	0.03271	5.702	5.644	7.872	16.24	29.72	32170.0	29790.0	0.273	1.0
b1[2,150]	22.29	0.1265	4.92	4.295	14.79	21.59	34.47	1947.0	1791.0	0.01652	1.001
b1[2,151]	15.26	0.02475	4.249	3.842	8.956	14.56	25.53	34390.0	25330.0	0.2918	1.0
b1[2,152]	10.2	0.03398	5.179	4.583	3.62	9.014	23.14	27150.0	24610.0	0.2304	1.0
b1[2,153]	5.184	0.05	6.86	5.26	-4.934	3.375	22.03	22160.0	25470.0	0.188	1.0
b1[2,154]	9.355	0.05098	6.684	6.963	1.107	8.027	24.96	14000.0	17880.0	0.1188	1.0
b1[2,155]	6.67	0.05112	6.925	6.224	-1.642	4.724	23.35	20130.0	28370.0	0.1708	1.0
b3[1,1]	1.793	0.001237	0.3543	0.3483	1.125	1.783	2.512	84350.0	29060.0	0.7157	1.0
b3[1,2]	1.41	0.00112	0.288	0.2865	0.8581	1.403	1.987	66920.0	31600.0	0.5677	1.0
b3[1,3]	0.6267	0.0008852	0.247	0.248	0.1538	0.6221	1.123	78580.0	28750.0	0.6667	1.0
b3[1,4]	3.734	0.00184	0.4923	0.4866	2.834	3.709	4.767	76910.0	27340.0	0.6525	1.0
b3[1,5]	1.353	0.00151	0.3708	0.3681	0.6515	1.344	2.109	61440.0	27290.0	0.5213	1.0
b3[1,6]	-0.1924	0.001141	0.3012	0.2988	-0.785	-0.1905	0.3989	69900.0	30350.0	0.5931	1.0
b3[1,7]	0.621	0.001192	0.362	0.359	-0.07422	0.6144	1.349	93870.0	27290.0	0.7964	1.0
b3[1,8]	0.663	0.0009324	0.283	0.2797	0.118	0.6583	1.227	92710.0	28230.0	0.7866	1.0
b3[1,9]	0.9024	0.0008035	0.2429	0.241	0.4362	0.8989	1.391	92390.0	29400.0	0.7839	1.0
b3[1,10]	1.44	0.001049	0.258	0.2599	0.9533	1.436	1.962	61040.0	30130.0	0.5179	1.0
b3[1,11]	1.054	0.001053	0.2909	0.2897	0.5006	1.049	1.642	76950.0	29190.0	0.6529	1.001
b3[1,12]	0.2117	0.0009211	0.287	0.2892	-0.3476	0.2103	0.7735	97550.0	28330.0	0.8277	1.0
b3[1,13]	1.471	0.0008042	0.2357	0.2342	1.019	1.465	1.944	87120.0	28440.0	0.7392	1.0
b3[1,14]	4.096	0.002261	0.588	0.5732	3.046	4.06	5.369	76240.0	23950.0	0.6469	1.0
b3[1,15]	-0.2236	0.0007593	0.2375	0.2381	-0.6917	-0.2235	0.2382	98140.0	30110.0	0.8327	1.0
b3[1,16]	1.239	0.0009163	0.2332	0.232	0.7927	1.234	1.71	65390.0	28480.0	0.5548	1.0
b3[1,17]	0.1399	0.001451	0.3722	0.3677	-0.5922	0.138	0.8739	65910.0	29330.0	0.5592	1.0
b3[1,18]	0.2691	0.0007642	0.2267	0.2251	-0.1709	0.267	0.718	88580.0	30640.0	0.7516	1.0
b3[1,19]	0.7281	0.0006927	0.2048	0.2039	0.3336	0.7263	1.136	88210.0	28590.0	0.7485	1.0
b3[1,20]	1.708	0.001434	0.3738	0.3713	1.007	1.698	2.475	69650.0	28890.0	0.591	1.0
b3[1,21]	1.021	0.001145	0.2892	0.2896	0.4727	1.016	1.604	64450.0	28450.0	0.5468	1.0
b3[1,22]	3.695	0.001798	0.4965	0.4882	2.797	3.671	4.743	82060.0	27540.0	0.6962	1.0
b3[1,23]	2.863	0.001992	0.4809	0.4762	1.967	2.846	3.854	59960.0	31560.0	0.5088	1.0
b3[1,24]	1.604	0.001527	0.3599	0.3585	0.926	1.594	2.337	56650.0	29290.0	0.4806	1.0
b3[1,25]	0.04484	0.00119	0.3215	0.3181	-0.5878	0.04438	0.6748	73060.0	28040.0	0.6199	1.0
b3[1,26]	1.226	0.001036	0.3106	0.3115	0.642	1.219	1.851	91600.0	29330.0	0.7772	1.0
b3[1,27]	0.448	0.000907	0.2862	0.2856	-0.1064	0.4462	1.008	100100.0	26760.0	0.849	1.0
b3[1,28]	1.52	0.0009828	0.2514	0.2516	1.048	1.513	2.03	66450.0	29600.0	0.5638	1.0
b3[1,29]	1.816	0.001092	0.2964	0.2969	1.26	1.809	2.412	75390.0	27320.0	0.6396	1.0
b3[1,30]	1.367	0.0008549	0.2453	0.2428	0.899	1.362	1.859	83640.0	29640.0	0.7096	1.0
b3[1,31]	1.753	0.001421	0.3889	0.387	1.029	1.74	2.55	76790.0	29260.0	0.6515	1.0
b3[1,32]	2.518	0.001353	0.3275	0.3239	1.912	2.504	3.199	60710.0	28040.0	0.5151	1.0
b3[1,33]	3.26	0.001574	0.4315	0.4262	2.482	3.238	4.168	83820.0	27620.0	0.7111	1.0
b3[1,34]	4.029	0.002309	0.5572	0.5518	3.028	3.997	5.214	62030.0	27830.0	0.5263	1.0
b3[1,35]	1.339	0.00104	0.2703	0.2675	0.8225	1.333	1.884	68420.0	30210.0	0.5805	1.0
b3[1,36]	1.618	0.001567	0.4041	0.4007	0.8629	1.604	2.447	68190.0	28570.0	0.5785	1.0
b3[1,37]	-0.5001	0.0006523	0.1969	0.1971	-0.8906	-0.4991	-0.1174	91810.0	29570.0	0.7789	1.0
b3[1,38]	1.582	0.001898	0.4578	0.4566	0.729	1.568	2.521	59580.0	27660.0	0.5055	1.0
b3[1,39]	1.876	0.001628	0.4352	0.4349	1.07	1.859	2.772	73260.0	29060.0	0.6216	1.0
b3[1,40]	4.36	0.002498	0.6235	0.6109	3.239	4.321	5.69	68380.0	28000.0	0.5802	1.0
b3[1,41]	5.567	0.003107	0.7038	0.6896	4.283	5.533	7.054	53650.0	27090.0	0.4552	1.0
b3[1,42]	2.148	0.001032	0.2853	0.2832	1.614	2.14	2.732	79070.0	28660.0	0.6709	1.0
b3[1,43]	1.409	0.001114	0.2939	0.2929	0.8501	1.402	2.006	71360.0	29530.0	0.6054	1.0
b3[1,44]	2.875	0.001543	0.3716	0.3686	2.2	2.855	3.655	60620.0	29010.0	0.5143	1.0
b3[1,45]	0.3085	0.0009906	0.2744	0.2722	-0.2252	0.3069	0.8526	77070.0	29360.0	0.6539	1.0
b3[1,46]	3.347	0.001567	0.4334	0.4296	2.553	3.327	4.254	82260.0	26520.0	0.6979	1.0
b3[1,47]	1.463	0.001141	0.321	0.3219	0.8564	1.456	2.114	81480.0	29800.0	0.6913	1.0
b3[1,48]	2.309	0.001572	0.3916	0.389	1.572	2.297	3.104	63390.0	29430.0	0.5378	1.0
b3[1,49]	1.783	0.0008856	0.2554	0.2518	1.302	1.775	2.301	85130.0	28840.0	0.7223	1.0
b3[1,50]	1.022	0.0006687	0.208	0.2079	0.6217	1.02	1.44	97760.0	29240.0	0.8294	1.0
b3[1,51]	3.431	0.001917	0.4585	0.4513	2.601	3.404	4.391	61000.0	27550.0	0.5176	1.0
b3[1,52]	2.735	0.001406	0.3553	0.3543	2.081	2.719	3.464	66930.0	26610.0	0.5679	1.0
b3[1,53]	0.3368	0.0009788	0.2887	0.2866	-0.2287	0.3363	0.908	87540.0	28800.0	0.7427	1.0
b3[1,54]	0.9483	0.001442	0.3648	0.3618	0.2587	0.9412	1.692	65150.0	28520.0	0.5528	1.0
b3[1,55]	1.288	0.0007616	0.2258	0.2275	0.8593	1.283	1.74	89180.0	29180.0	0.7566	1.0
b3[1,56]	-1.579	0.0008584	0.2378	0.2376	-2.064	-1.574	-1.131	78530.0	31280.0	0.6663	1.0
b3[1,57]	1.156	0.001082	0.262	0.2641	0.6615	1.15	1.682	59190.0	29520.0	0.5022	1.0
b3[1,58]	2.132	0.00117	0.3347	0.3339	1.505	2.122	2.814	84650.0	29570.0	0.7182	1.0
b3[1,59]	1.853	0.001381	0.3478	0.348	1.201	1.842	2.562	64750.0	29220.0	0.5494	1.0
b3[1,60]	1.121	0.001192	0.3126	0.3104	0.5232	1.113	1.752	70300.0	28610.0	0.5964	1.0
b3[1,61]	0.6174	0.001039	0.2919	0.2929	0.05415	0.616	1.195	79390.0	30220.0	0.6736	1.0
b3[1,62]	0.616	0.0008254	0.2387	0.2365	0.1539	0.6131	1.095	84300.0	29400.0	0.7153	1.0
b3[1,63]	0.9616	0.0007691	0.2221	0.2205	0.5367	0.9577	1.406	84350.0	28460.0	0.7156	1.0
b3[1,64]	2.228	0.00117	0.3046	0.2983	1.663	2.217	2.858	70880.0	28890.0	0.6014	1.0
b3[1,65]	1.206	0.0007255	0.2143	0.2136	0.7953	1.202	1.639	88420.0	28210.0	0.7502	1.0
b3[1,66]	0.5826	0.0009025	0.2491	0.2496	0.1059	0.5783	1.077	76480.0	29180.0	0.6489	1.0
b3[1,67]	1.141	0.0007476	0.2192	0.2198	0.7216	1.137	1.582	87090.0	27990.0	0.7389	1.0
b3[1,68]	0.4389	0.0006108	0.1886	0.1899	0.07543	0.4372	0.8128	95840.0	30510.0	0.8131	1.0
b3[1,69]	1.6	0.001224	0.3546	0.354	0.9332	1.592	2.317	86250.0	27530.0	0.7318	1.0
b3[1,70]	0.1044	0.0006763	0.209	0.2063	-0.3069	0.1051	0.5157	95740.0	27980.0	0.8123	1.0
b3[1,71]	1.325	0.001494	0.3577	0.3577	0.6509	1.317	2.052	57900.0	30350.0	0.4912	1.0
b3[1,72]	0.3339	0.0006183	0.1835	0.1836	-0.02244	0.333	0.6947	88390.0	30230.0	0.75	1.0
b3[1,73]	0.1983	0.0005924	0.18	0.1801	-0.1541	0.1979	0.5529	92610.0	29810.0	0.7858	1.0
b3[1,74]	2.415	0.001212	0.3193	0.317	1.814	2.406	3.068	71150.0	29080.0	0.6037	1.0
b3[1,75]	0.9263	0.000647	0.1985	0.1971	0.5429	0.9234	1.323	94850.0	27750.0	0.8048	1.0
b3[1,76]	3.788	0.002291	0.5119	0.5058	2.867	3.759	4.872	52630.0	27970.0	0.4465	0.9999
b3[1,77]	1.389	0.0007751	0.223	0.2217	0.9663	1.385	1.839	83980.0	29070.0	0.7125	1.0
b3[1,78]	0.8664	0.0006613	0.2016	0.2018	0.4818	0.865	1.269	93550.0	27820.0	0.7937	1.0
b3[1,79]	2.127	0.001141	0.2845	0.2826	1.6	2.115	2.715	64680.0	26140.0	0.5488	1.0
b3[1,80]	0.4259	0.000676	0.1917	0.1911	0.05335	0.4243	0.8037	80770.0	27220.0	0.6853	1.0
b3[1,81]	0.7571	0.0009253	0.2529	0.2533	0.2708	0.7523	1.267	75460.0	28270.0	0.6402	1.0
b3[1,82]	0.5487	0.0006186	0.187	0.1867	0.1866	0.5477	0.921	91930.0	29100.0	0.78	1.0
b3[1,83]	1.576	0.0009021	0.277	0.2771	1.055	1.57	2.135	96510.0	27160.0	0.8188	1.0
b3[1,84]	0.619	0.0007757	0.2403	0.2395	0.1551	0.6162	1.096	96710.0	28930.0	0.8205	1.0
b3[1,85]	1.837	0.001622	0.3868	0.3856	1.105	1.826	2.621	57820.0	30500.0	0.4906	1.0
b3[1,86]	0.3276	0.001296	0.3459	0.3442	-0.3416	0.3237	1.016	71590.0	29000.0	0.6074	1.0
b3[1,87]	0.7491	0.000809	0.2511	0.2495	0.2685	0.745	1.253	97840.0	27840.0	0.8301	1.0
b3[1,88]	1.233	0.0007413	0.2204	0.2184	0.8096	1.229	1.676	89080.0	27470.0	0.7558	1.0
b3[1,89]	0.2748	0.001218	0.317	0.3192	-0.3435	0.2733	0.8999	67960.0	30350.0	0.5766	1.0
b3[1,90]	0.4656	0.000681	0.2051	0.2063	0.06619	0.4647	0.8708	91210.0	28240.0	0.7739	1.0
b3[1,91]	1.048	0.0009414	0.2599	0.2589	0.5501	1.044	1.574	77250.0	28470.0	0.6554	1.0
b3[1,92]	1.873	0.0009764	0.2674	0.2641	1.374	1.864	2.423	77480.0	28680.0	0.6574	1.0
b3[1,93]	1.193	0.0009465	0.269	0.2686	0.6846	1.188	1.736	81820.0	30460.0	0.6942	1.0
b3[1,94]	1.659	0.0008796	0.2583	0.2582	1.173	1.652	2.188	88300.0	28670.0	0.7492	1.0
b3[1,95]	0.4569	0.001263	0.3349	0.332	-0.1862	0.4556	1.124	70670.0	27280.0	0.5996	1.0
b3[1,96]	1.126	0.0007975	0.2264	0.2257	0.6972	1.122	1.586	81970.0	28080.0	0.6954	1.0
b3[1,97]	1.274	0.0007321	0.2193	0.2168	0.8553	1.271	1.716	91100.0	28410.0	0.7729	1.0
b3[1,98]	1.302	0.00131	0.3245	0.3206	0.6918	1.295	1.965	62600.0	28650.0	0.5312	1.0
b3[1,99]	0.2787	0.0007402	0.1916	0.1895	-0.09589	0.2774	0.66	67140.0	29930.0	0.5696	1.0
b3[1,100]	1.077	0.001098	0.2779	0.2804	0.5518	1.072	1.638	64840.0	29950.0	0.5501	1.0
b3[1,101]	2.758	0.001306	0.3411	0.3411	2.125	2.744	3.465	70290.0	30240.0	0.5964	1.0
b3[1,102]	4.23	0.002718	0.5907	0.5856	3.174	4.193	5.479	50730.0	28150.0	0.4304	1.0
b3[1,103]	0.8043	0.0008981	0.2516	0.249	0.3235	0.8001	1.305	79170.0	28580.0	0.6718	1.0
b3[1,104]	0.3667	0.0008127	0.2277	0.2267	-0.0739	0.3648	0.8209	78890.0	29330.0	0.6693	1.0
b3[1,105]	0.3635	0.00116	0.3189	0.3187	-0.2553	0.3616	0.993	75880.0	30400.0	0.6438	1.0
b3[1,106]	4.712	0.002376	0.6158	0.6083	3.598	4.68	5.999	71260.0	28750.0	0.6046	1.0
b3[1,107]	3.938	0.002267	0.5275	0.5231	2.986	3.912	5.047	56840.0	29980.0	0.4822	1.0
b3[1,108]	3.1	0.001444	0.411	0.4041	2.354	3.079	3.97	87750.0	27750.0	0.7445	1.0
b3[1,109]	-0.04195	0.0007322	0.2203	0.2212	-0.4745	-0.04254	0.3876	91080.0	29880.0	0.7727	1.0
b3[1,110]	1.056	0.0007796	0.2328	0.233	0.6124	1.052	1.524	90120.0	28930.0	0.7646	1.0
b3[1,111]	3.491	0.001711	0.4713	0.4658	2.642	3.464	4.49	82880.0	27510.0	0.7032	1.0
b3[1,112]	0.6028	0.001323	0.3588	0.3577	-0.08466	0.5967	1.32	74340.0	29680.0	0.6307	1.0
b3[1,113]	0.2258	0.0006291	0.1896	0.1894	-0.1447	0.2257	0.5973	92010.0	27970.0	0.7807	1.0
b3[1,114]	-0.6487	0.0009964	0.2911	0.2892	-1.233	-0.6444	-0.08891	86100.0	27530.0	0.7305	1.0
b3[1,115]	1.225	0.001065	0.2829	0.2801	0.6834	1.219	1.796	71390.0	28370.0	0.6057	1.0
b3[1,116]	2.522	0.00176	0.4499	0.4465	1.684	2.506	3.451	68180.0	28040.0	0.5784	1.0
b3[1,117]	0.5813	0.0007898	0.2295	0.2291	0.1348	0.5797	1.043	84870.0	29320.0	0.7201	1.0
b3[1,118]	0.8366	0.0009323	0.26	0.258	0.3391	0.8338	1.361	78390.0	28840.0	0.6651	1.0
b3[1,119]	5.555	0.003066	0.7188	0.713	4.283	5.51	7.09	60410.0	25660.0	0.5125	1.0
b3[1,120]	0.5941	0.001269	0.3367	0.3365	-0.05238	0.5905	1.267	70810.0	29060.0	0.6008	1.0
b3[1,121]	1.357	0.0007726	0.2197	0.2186	0.9396	1.352	1.804	82090.0	29330.0	0.6965	1.0
b3[1,122]	-0.2877	0.001245	0.3375	0.3379	-0.9544	-0.2865	0.3729	73780.0	29210.0	0.626	1.0
b3[1,123]	0.9086	0.000964	0.2678	0.2681	0.3954	0.9037	1.44	77810.0	28810.0	0.6602	1.0
b3[1,124]	1.029	0.001326	0.3518	0.3544	0.3624	1.021	1.741	71500.0	28970.0	0.6067	1.0
b3[1,125]	0.2808	0.0006591	0.2008	0.2012	-0.1104	0.2797	0.6767	93210.0	29060.0	0.7908	1.0
b3[1,126]	0.05694	0.0008465	0.2508	0.2494	-0.4339	0.05671	0.5465	87930.0	27450.0	0.746	1.0
b3[1,127]	1.275	0.001024	0.2885	0.287	0.7234	1.267	1.857	81000.0	28110.0	0.6872	1.0
b3[1,128]	1.368	0.001154	0.3114	0.3117	0.7811	1.361	2.002	74550.0	28500.0	0.6326	1.0
b3[1,129]	0.5766	0.000805	0.2392	0.238	0.1146	0.5749	1.052	88800.0	28430.0	0.7534	1.0
b3[1,130]	0.8261	0.0006856	0.2024	0.2016	0.4391	0.8241	1.229	87570.0	27170.0	0.743	1.0
b3[1,131]	1.51	0.0008251	0.2318	0.2305	1.072	1.504	1.981	80540.0	27390.0	0.6833	1.0
b3[1,132]	1.626	0.0008273	0.2394	0.2366	1.173	1.621	2.11	85760.0	28210.0	0.7276	1.0
b3[1,133]	-0.5616	0.0009513	0.272	0.2721	-1.106	-0.5574	-0.04043	82690.0	28980.0	0.7016	1.0
b3[1,134]	-0.3535	0.0006345	0.1847	0.1849	-0.7191	-0.351	0.005437	84980.0	31880.0	0.721	1.0
b3[1,135]	1.565	0.001469	0.3262	0.3217	0.9532	1.556	2.238	50010.0	29420.0	0.4243	1.0
b3[1,136]	0.2952	0.0009225	0.2648	0.2646	-0.2179	0.2938	0.8149	82600.0	26640.0	0.7008	1.0
b3[1,137]	1.296	0.001213	0.3667	0.3655	0.6053	1.288	2.042	93290.0	28440.0	0.7915	1.0
b3[1,138]	0.8468	0.0009301	0.2547	0.2534	0.3556	0.8428	1.362	76170.0	26550.0	0.6463	1.0
b3[1,139]	0.4607	0.0006459	0.1938	0.1919	0.08268	0.4592	0.8468	90590.0	28580.0	0.7686	1.0
b3[1,140]	0.5373	0.001032	0.2872	0.2862	-0.01558	0.533	1.117	78200.0	28700.0	0.6635	1.0
b3[1,141]	2.156	0.001102	0.3119	0.3114	1.566	2.149	2.789	81710.0	28550.0	0.6933	1.0
b3[1,142]	0.7706	0.0008009	0.2193	0.2195	0.3498	0.7688	1.207	75330.0	27950.0	0.6392	1.0
b3[1,143]	0.4248	0.0009434	0.2676	0.2646	-0.09453	0.4237	0.9573	80840.0	28050.0	0.6859	1.0
b3[1,144]	3.577	0.002311	0.4778	0.4758	2.721	3.553	4.584	44730.0	29020.0	0.3795	1.0
b3[1,145]	0.8499	0.001071	0.284	0.2828	0.3072	0.8446	1.421	70710.0	30850.0	0.5999	1.0
b3[1,146]	1.43	0.0009781	0.2632	0.2608	0.9243	1.427	1.96	73190.0	30230.0	0.6209	1.0
b3[1,147]	4.868	0.002603	0.6219	0.6187	3.745	4.837	6.165	59920.0	29150.0	0.5084	1.0
b3[1,148]	1.971	0.001021	0.2939	0.2929	1.416	1.963	2.565	85330.0	27940.0	0.724	1.0
b3[1,149]	0.6846	0.0009442	0.2653	0.2631	0.1756	0.6812	1.212	79630.0	27420.0	0.6756	1.0
b3[1,150]	1.937	0.006232	0.3356	0.3363	1.288	1.933	2.606	2833.0	5157.0	0.02404	1.001
b3[1,151]	0.5133	0.000773	0.2325	0.2335	0.06505	0.5107	0.974	91300.0	29700.0	0.7747	1.0
b3[1,152]	2.495	0.001169	0.3277	0.3283	1.877	2.486	3.164	80890.0	28440.0	0.6863	1.0
b3[1,153]	0.1987	0.0006269	0.1805	0.1816	-0.1504	0.198	0.5511	83130.0	31110.0	0.7053	1.0
b3[1,154]	0.7849	0.0007011	0.2014	0.2002	0.4014	0.7818	1.189	83190.0	29740.0	0.7058	1.0
b3[1,155]	2.178	0.001114	0.2897	0.286	1.637	2.168	2.767	68910.0	28930.0	0.5846	1.0
b3[2,1]	1.259	0.001401	0.3752	0.3726	0.5487	1.251	2.02	72500.0	29320.0	0.6152	1.001
b3[2,2]	0.6117	0.000726	0.2257	0.2245	0.1758	0.6101	1.062	97650.0	30070.0	0.8285	1.0
b3[2,3]	-0.1163	0.001033	0.2958	0.2922	-0.6972	-0.1161	0.465	82090.0	28770.0	0.6965	1.001
b3[2,4]	3.609	0.001675	0.4502	0.4476	2.769	3.593	4.529	74290.0	31030.0	0.6303	1.0
b3[2,5]	-1.825	0.000974	0.2567	0.2557	-2.346	-1.819	-1.342	70400.0	30550.0	0.5973	1.0
b3[2,6]	-0.3034	0.0007622	0.234	0.2329	-0.7668	-0.3026	0.1535	94620.0	29430.0	0.8028	1.0
b3[2,7]	1.084	0.001713	0.4319	0.4311	0.2669	1.078	1.956	64580.0	28240.0	0.548	1.0
b3[2,8]	-0.3342	0.001228	0.323	0.3233	-0.9776	-0.3351	0.2917	69380.0	30780.0	0.5887	1.0
b3[2,9]	1.214	0.001156	0.298	0.2961	0.6495	1.207	1.82	67280.0	29810.0	0.5708	1.0
b3[2,10]	1.472	0.0008675	0.2405	0.2393	1.017	1.467	1.963	77590.0	29420.0	0.6583	1.0
b3[2,11]	0.7977	0.0008166	0.2479	0.2485	0.3199	0.7941	1.292	93090.0	28310.0	0.7898	1.0
b3[2,12]	0.5558	0.001125	0.3195	0.3205	-0.06447	0.5534	1.195	81070.0	28660.0	0.6878	1.0
b3[2,13]	1.03	0.0009551	0.2384	0.2383	0.5746	1.026	1.507	62900.0	28620.0	0.5337	1.0
b3[2,14]	4.516	0.002733	0.6592	0.6523	3.35	4.474	5.912	63970.0	27570.0	0.5427	1.0
b3[2,15]	0.03863	0.00116	0.3051	0.3041	-0.5654	0.04067	0.6347	69320.0	29720.0	0.5881	1.0
b3[2,16]	2.046	0.001218	0.2986	0.2974	1.483	2.038	2.656	61250.0	29850.0	0.5197	1.0
b3[2,17]	-0.05079	0.0008574	0.2558	0.2549	-0.5551	-0.05111	0.4545	89580.0	28490.0	0.76	1.0
b3[2,18]	-0.5651	0.000789	0.2267	0.2259	-1.016	-0.5608	-0.1276	83190.0	30390.0	0.7058	1.0
b3[2,19]	0.4157	0.0006295	0.1937	0.1937	0.0391	0.4145	0.7982	95150.0	29390.0	0.8073	1.0
b3[2,20]	0.4064	0.001159	0.3438	0.3384	-0.2608	0.4037	1.086	88230.0	26680.0	0.7486	1.0
b3[2,21]	0.455	0.0006908	0.2116	0.2106	0.04429	0.453	0.8746	94330.0	27310.0	0.8003	1.0
b3[2,22]	3.894	0.00189	0.5109	0.5032	2.975	3.867	4.981	79370.0	27190.0	0.6734	1.0
b3[2,23]	1.832	0.001567	0.4256	0.4226	1.036	1.818	2.706	75590.0	29760.0	0.6414	1.0
b3[2,24]	0.6731	0.0008456	0.2199	0.2187	0.2511	0.6705	1.117	68250.0	29430.0	0.5791	1.0
b3[2,25]	-1.456	0.001833	0.4406	0.4391	-2.355	-1.443	-0.6302	58530.0	30200.0	0.4966	1.0
b3[2,26]	0.574	0.001308	0.3555	0.3557	-0.1198	0.5696	1.281	74090.0	28230.0	0.6286	1.0
b3[2,27]	2.177	0.001366	0.3484	0.3456	1.524	2.166	2.896	66550.0	29130.0	0.5647	1.0
b3[2,28]	0.523	0.0006193	0.1883	0.1871	0.1581	0.522	0.9006	93200.0	28040.0	0.7908	1.0
b3[2,29]	1.502	0.001103	0.2819	0.2789	0.9694	1.495	2.079	66230.0	30070.0	0.562	1.0
b3[2,30]	0.3918	0.0009396	0.2744	0.2736	-0.1409	0.3903	0.9394	85480.0	25580.0	0.7253	1.0
b3[2,31]	1.47	0.001489	0.3926	0.394	0.732	1.46	2.269	71630.0	27450.0	0.6077	1.0
b3[2,32]	0.5759	0.0006906	0.1863	0.1849	0.2158	0.5749	0.9442	73080.0	27070.0	0.62	1.0
b3[2,33]	3.971	0.001967	0.5091	0.5008	3.048	3.943	5.045	71900.0	27010.0	0.61	1.0
b3[2,34]	3.013	0.001464	0.411	0.405	2.267	2.991	3.879	85410.0	28120.0	0.7246	1.0
b3[2,35]	0.7098	0.0009217	0.2655	0.2637	0.1987	0.7071	1.243	83720.0	28940.0	0.7103	1.0
b3[2,36]	1.372	0.001703	0.4466	0.4449	0.5248	1.363	2.28	70090.0	28810.0	0.5947	1.0
b3[2,37]	0.7539	0.0006658	0.1979	0.1979	0.3747	0.75	1.15	89400.0	29540.0	0.7585	1.0
b3[2,38]	1.169	0.00135	0.3867	0.3871	0.4302	1.159	1.952	83170.0	29760.0	0.7057	1.0
b3[2,39]	1.639	0.001725	0.4365	0.4358	0.8233	1.623	2.532	66080.0	28910.0	0.5607	1.0
b3[2,40]	4.242	0.0023	0.6061	0.5952	3.164	4.204	5.538	77710.0	27920.0	0.6593	1.0
b3[2,41]	5.012	0.002691	0.654	0.6463	3.834	4.974	6.409	63550.0	28390.0	0.5392	1.0
b3[2,42]	1.558	0.0009612	0.2779	0.2787	1.033	1.551	2.119	85490.0	27470.0	0.7253	1.0
b3[2,43]	0.292	0.0008228	0.2544	0.2542	-0.2055	0.2899	0.7965	96030.0	27680.0	0.8148	1.0
b3[2,44]	1.048	0.00077	0.2053	0.205	0.6556	1.044	1.458	71800.0	27050.0	0.6092	1.0
b3[2,45]	-0.3599	0.0007486	0.2145	0.2157	-0.7815	-0.3577	0.05347	82810.0	27900.0	0.7026	1.0
b3[2,46]	3.524	0.001723	0.4634	0.4585	2.688	3.497	4.507	78330.0	27750.0	0.6646	1.0
b3[2,47]	0.3576	0.001127	0.3107	0.31	-0.252	0.3555	0.9751	76240.0	30310.0	0.6469	1.0
b3[2,48]	1.294	0.0009913	0.3007	0.3023	0.7223	1.288	1.898	95120.0	27580.0	0.807	1.0
b3[2,49]	1.638	0.0008248	0.2415	0.2394	1.178	1.632	2.127	87760.0	27750.0	0.7446	1.0
b3[2,50]	1.709	0.0008678	0.2438	0.2417	1.249	1.703	2.205	80220.0	29370.0	0.6806	1.0
b3[2,51]	2.475	0.00113	0.3258	0.3217	1.876	2.461	3.152	88150.0	27950.0	0.7479	1.0
b3[2,52]	2.376	0.0009375	0.2805	0.2794	1.853	2.365	2.951	92850.0	29050.0	0.7877	1.0
b3[2,53]	0.8805	0.0009865	0.2833	0.2829	0.335	0.8772	1.446	83300.0	28530.0	0.7067	1.0
b3[2,54]	1.128	0.001017	0.3046	0.3031	0.5437	1.123	1.746	90910.0	28440.0	0.7713	1.0
b3[2,55]	1.334	0.0009737	0.2468	0.2458	0.8645	1.329	1.834	64700.0	30190.0	0.5489	1.0
b3[2,56]	-0.5993	0.0007206	0.1902	0.1899	-0.9765	-0.5977	-0.2301	69960.0	31950.0	0.5936	1.0
b3[2,57]	0.568	0.0007873	0.2298	0.2292	0.1257	0.565	1.027	86240.0	28330.0	0.7317	1.0
b3[2,58]	2.756	0.00165	0.4031	0.4016	1.995	2.745	3.579	60830.0	30260.0	0.5161	1.0
b3[2,59]	1.487	0.0009695	0.2845	0.2855	0.9487	1.481	2.058	88330.0	27050.0	0.7494	1.0
b3[2,60]	0.788	0.00103	0.2958	0.295	0.2187	0.783	1.38	83280.0	28390.0	0.7066	1.0
b3[2,61]	-3.352	0.001998	0.4588	0.4525	-4.323	-3.328	-2.526	57120.0	27640.0	0.4847	1.0
b3[2,62]	2.385	0.001561	0.3663	0.3652	1.703	2.375	3.138	56590.0	29910.0	0.4802	1.0
b3[2,63]	1.302	0.0007385	0.2194	0.2188	0.886	1.297	1.744	89230.0	28580.0	0.757	1.0
b3[2,64]	1.649	0.0007919	0.2433	0.2437	1.191	1.642	2.146	97060.0	27900.0	0.8235	1.0
b3[2,65]	1.044	0.0006499	0.2037	0.204	0.6534	1.042	1.455	99210.0	28810.0	0.8417	1.0
b3[2,66]	1.829	0.001855	0.4203	0.4173	1.038	1.816	2.688	52360.0	30150.0	0.4443	1.0
b3[2,67]	0.6998	0.0007122	0.2147	0.215	0.2921	0.6978	1.132	92440.0	28120.0	0.7843	1.0
b3[2,68]	1.259	0.0007331	0.2156	0.2167	0.8465	1.257	1.689	87460.0	30020.0	0.7421	1.0
b3[2,69]	2.204	0.001497	0.3941	0.3943	1.464	2.195	3.01	70480.0	29140.0	0.598	1.0
b3[2,70]	0.4205	0.0007051	0.2159	0.2158	0.003392	0.4194	0.8495	94200.0	29830.0	0.7992	1.0
b3[2,71]	0.4092	0.0007701	0.2306	0.2322	-0.03653	0.4079	0.8634	90290.0	30040.0	0.7661	1.0
b3[2,72]	0.2473	0.0006011	0.1817	0.1816	-0.1081	0.2464	0.6029	91390.0	29430.0	0.7754	1.0
b3[2,73]	0.4778	0.0006377	0.1866	0.185	0.1134	0.4755	0.85	86090.0	30430.0	0.7305	1.0
b3[2,74]	2.122	0.001125	0.3073	0.3076	1.55	2.114	2.754	76650.0	28390.0	0.6504	1.0
b3[2,75]	1.26	0.0007502	0.2143	0.214	0.8488	1.254	1.691	83020.0	30090.0	0.7043	1.0
b3[2,76]	1.993	0.001046	0.2718	0.2707	1.487	1.983	2.555	69740.0	27230.0	0.5917	1.0
b3[2,77]	0.307	0.0005925	0.184	0.1842	-0.05165	0.307	0.6703	96840.0	28710.0	0.8216	1.0
b3[2,78]	0.817	0.0007205	0.2109	0.2104	0.4093	0.8145	1.239	86460.0	28610.0	0.7336	1.0
b3[2,79]	3.943	0.002578	0.5443	0.5338	2.969	3.909	5.107	47600.0	28240.0	0.4039	1.0
b3[2,80]	0.1415	0.00106	0.2853	0.2851	-0.4146	0.1387	0.7055	72570.0	29310.0	0.6157	1.0
b3[2,81]	0.09059	0.0006494	0.2003	0.2026	-0.2988	0.08907	0.4851	95440.0	29090.0	0.8098	1.0
b3[2,82]	1.018	0.0007513	0.2174	0.2188	0.601	1.015	1.453	84430.0	29450.0	0.7164	1.0
b3[2,83]	2.057	0.001546	0.3758	0.3748	1.358	2.044	2.822	60570.0	28190.0	0.5139	1.0
b3[2,84]	0.9216	0.001078	0.2919	0.2907	0.3641	0.916	1.504	74210.0	28300.0	0.6296	1.0
b3[2,85]	0.4355	0.000934	0.2908	0.2926	-0.1291	0.4332	1.013	97480.0	28790.0	0.8271	1.0
b3[2,86]	0.3415	0.0009684	0.2932	0.2927	-0.229	0.3393	0.923	92230.0	28960.0	0.7825	1.0
b3[2,87]	0.7738	0.001151	0.3127	0.3101	0.1706	0.7696	1.404	74430.0	29770.0	0.6315	1.0
b3[2,88]	1.537	0.000815	0.2349	0.2337	1.092	1.531	2.014	84460.0	28330.0	0.7166	1.0
b3[2,89]	0.6441	0.0007239	0.2167	0.2187	0.2295	0.6418	1.075	90440.0	27440.0	0.7673	1.0
b3[2,90]	0.2185	0.0007362	0.2154	0.2136	-0.2067	0.2189	0.6421	85710.0	28560.0	0.7272	1.0
b3[2,91]	0.4053	0.0008422	0.2421	0.2404	-0.06537	0.4042	0.8854	83310.0	28540.0	0.7068	1.0
b3[2,92]	2.914	0.001502	0.3786	0.377	2.223	2.897	3.705	66930.0	27170.0	0.5679	1.0
b3[2,93]	0.4097	0.0009607	0.2808	0.2792	-0.1352	0.4065	0.9673	85840.0	29470.0	0.7283	1.0
b3[2,94]	1.015	0.0009153	0.2644	0.2617	0.5113	1.009	1.548	84970.0	26560.0	0.7209	1.0
b3[2,95]	0.2393	0.0008294	0.2635	0.2643	-0.2744	0.2374	0.7562	101300.0	27150.0	0.8591	1.0
b3[2,96]	1.847	0.001021	0.2799	0.2817	1.314	1.839	2.411	75990.0	29860.0	0.6447	0.9999
b3[2,97]	1.656	0.0008484	0.2443	0.2436	1.194	1.65	2.151	84880.0	28650.0	0.7202	1.0
b3[2,98]	0.8114	0.001028	0.3032	0.3032	0.2322	0.8053	1.413	87650.0	28660.0	0.7437	1.0
b3[2,99]	-2.08	0.00103	0.281	0.2788	-2.661	-2.071	-1.559	76730.0	29100.0	0.651	1.0
b3[2,100]	0.8201	0.001025	0.2223	0.2214	0.3961	0.8165	1.265	47100.0	29200.0	0.3996	1.0
b3[2,101]	1.28	0.0008438	0.2521	0.252	0.7986	1.275	1.786	90400.0	29880.0	0.767	1.0
b3[2,102]	2.581	0.001285	0.3429	0.3396	1.949	2.568	3.289	75300.0	29500.0	0.6389	1.0
b3[2,103]	1.542	0.0007758	0.2324	0.2283	1.1	1.537	2.015	91360.0	28570.0	0.7752	1.0
b3[2,104]	1.093	0.0006938	0.2078	0.2071	0.6964	1.09	1.51	91370.0	29080.0	0.7753	1.0
b3[2,105]	0.001387	0.0009587	0.2931	0.2923	-0.571	0.001965	0.5758	93750.0	29400.0	0.7954	1.0
b3[2,106]	4.385	0.00244	0.6196	0.6149	3.282	4.344	5.701	71230.0	27550.0	0.6044	1.0
b3[2,107]	2.522	0.001155	0.3278	0.323	1.916	2.508	3.207	84870.0	26740.0	0.7201	1.0
b3[2,108]	3.903	0.002221	0.5372	0.5338	2.944	3.873	5.048	62770.0	28840.0	0.5326	1.0
b3[2,109]	0.3862	0.0008208	0.2376	0.236	-0.07568	0.3833	0.856	84090.0	28260.0	0.7134	1.0
b3[2,110]	-0.423	0.0007076	0.2128	0.2122	-0.842	-0.4223	-0.004544	91340.0	28980.0	0.7749	1.0
b3[2,111]	5.107	0.002655	0.599	0.5911	3.999	5.083	6.352	53490.0	28870.0	0.4538	1.0
b3[2,112]	0.7939	0.001016	0.3098	0.3074	0.2039	0.7885	1.416	94530.0	28480.0	0.8021	1.0
b3[2,113]	1.196	0.0009639	0.2504	0.2475	0.7174	1.19	1.705	68060.0	29550.0	0.5774	1.0
b3[2,114]	0.5941	0.001232	0.3348	0.3345	-0.05222	0.5904	1.263	74500.0	28720.0	0.6321	1.0
b3[2,115]	0.8173	0.0006854	0.2108	0.2075	0.4083	0.8145	1.237	95800.0	27230.0	0.8128	0.9999
b3[2,116]	1.967	0.001623	0.4339	0.4353	1.158	1.954	2.848	73670.0	30350.0	0.6251	1.0
b3[2,117]	1.216	0.0008093	0.2397	0.2391	0.7578	1.213	1.695	88700.0	30270.0	0.7526	1.0
b3[2,118]	0.3289	0.0007351	0.2246	0.2257	-0.104	0.3266	0.7705	93930.0	28810.0	0.7969	1.0
b3[2,119]	5.159	0.003367	0.7489	0.741	3.831	5.108	6.75	53310.0	27010.0	0.4523	1.0
b3[2,120]	1.564	0.001006	0.2768	0.2757	1.041	1.558	2.125	77380.0	28800.0	0.6565	1.0
b3[2,121]	0.3389	0.0006402	0.1843	0.1816	-0.01906	0.3369	0.7048	83740.0	27950.0	0.7105	1.0
b3[2,122]	0.7041	0.0009517	0.278	0.2739	0.1683	0.6993	1.261	86090.0	28670.0	0.7304	1.0
b3[2,123]	0.1233	0.0006998	0.2185	0.2185	-0.3078	0.1239	0.5527	97730.0	29120.0	0.8292	1.0
b3[2,124]	1.585	0.001479	0.3982	0.3971	0.8353	1.573	2.395	74200.0	29170.0	0.6296	1.0
b3[2,125]	0.7101	0.0009322	0.2521	0.2508	0.2268	0.7056	1.215	73880.0	29110.0	0.6268	1.0
b3[2,126]	0.1474	0.001079	0.2945	0.2921	-0.4314	0.1466	0.7227	74600.0	28890.0	0.633	1.0
b3[2,127]	0.5396	0.001129	0.3086	0.3065	-0.05353	0.536	1.158	75260.0	28570.0	0.6385	1.0
b3[2,128]	0.978	0.001102	0.2983	0.2966	0.4102	0.9719	1.577	74060.0	30620.0	0.6283	1.0
b3[2,129]	0.3123	0.001543	0.3788	0.3749	-0.4249	0.3079	1.071	60410.0	29770.0	0.5125	1.0
b3[2,130]	0.9326	0.00119	0.3028	0.3033	0.3534	0.9274	1.537	65320.0	29540.0	0.5542	1.0
b3[2,131]	0.1762	0.0005794	0.1816	0.1811	-0.1757	0.1753	0.5306	98770.0	29570.0	0.838	1.0
b3[2,132]	1.455	0.0007779	0.2271	0.2272	1.026	1.45	1.916	87230.0	26190.0	0.7401	1.0
b3[2,133]	0.8232	0.00121	0.3297	0.3272	0.1888	0.8186	1.484	75150.0	28430.0	0.6376	1.0
b3[2,134]	0.1188	0.0006269	0.18	0.1793	-0.235	0.1187	0.4748	82670.0	31920.0	0.7014	1.0
b3[2,135]	1.324	0.001706	0.4267	0.4234	0.5216	1.313	2.199	63680.0	29440.0	0.5403	1.0
b3[2,136]	0.3906	0.0008275	0.2501	0.249	-0.09539	0.3891	0.8911	92410.0	29160.0	0.784	1.0
b3[2,137]	2.235	0.002366	0.5326	0.5305	1.242	2.217	3.333	51630.0	30430.0	0.4381	1.0
b3[2,138]	0.7819	0.0008454	0.2559	0.2551	0.2889	0.7779	1.292	92100.0	29200.0	0.7814	1.0
b3[2,139]	0.314	0.0009697	0.2633	0.2645	-0.193	0.3132	0.8316	74010.0	29280.0	0.6279	1.0
b3[2,140]	-0.41	0.0008175	0.2511	0.2481	-0.9071	-0.4071	0.07838	94810.0	28340.0	0.8044	1.0
b3[2,141]	1.685	0.00123	0.3269	0.3211	1.068	1.675	2.354	72280.0	29530.0	0.6133	1.0
b3[2,142]	1.108	0.001257	0.3121	0.3136	0.5153	1.102	1.728	62350.0	28850.0	0.529	1.0
b3[2,143]	0.6139	0.0008784	0.2629	0.262	0.1054	0.6101	1.135	90040.0	28790.0	0.764	1.0
b3[2,144]	0.7014	0.0009381	0.2182	0.2175	0.2816	0.6989	1.135	54270.0	28910.0	0.4605	1.0
b3[2,145]	0.06825	0.0007109	0.2248	0.2236	-0.3708	0.06681	0.514	101000.0	29100.0	0.8568	1.0
b3[2,146]	1.115	0.0009128	0.2494	0.2485	0.6427	1.111	1.615	75930.0	28690.0	0.6442	1.0
b3[2,147]	5.559	0.002823	0.6191	0.6181	4.406	5.54	6.831	48720.0	31190.0	0.4134	1.0
b3[2,148]	1.465	0.001455	0.3728	0.3691	0.7575	1.454	2.22	66880.0	29050.0	0.5674	1.0
b3[2,149]	0.6792	0.0007369	0.2297	0.229	0.2341	0.6769	1.137	97850.0	29180.0	0.8302	1.0
b3[2,150]	1.878	0.002345	0.4832	0.479	0.9743	1.859	2.867	43560.0	28070.0	0.3696	1.0
b3[2,151]	0.5347	0.00104	0.2828	0.281	-0.0112	0.5304	1.1	74530.0	29430.0	0.6323	1.0
b3[2,152]	2.437	0.001123	0.3239	0.3217	1.83	2.429	3.093	85490.0	29090.0	0.7253	1.0
b3[2,153]	-0.6324	0.0006547	0.19	0.1907	-1.011	-0.6311	-0.265	84430.0	30830.0	0.7164	1.0
b3[2,154]	0.2747	0.0006757	0.1875	0.1875	-0.08902	0.2733	0.6447	77350.0	29500.0	0.6563	1.0
b3[2,155]	0.637	0.0006655	0.1885	0.1884	0.2715	0.6352	1.012	80680.0	28560.0	0.6846	1.0
b4[1,1]	0.4001	0.0008699	0.2699	0.2687	-0.1231	0.3978	0.9326	96750.0	27840.0	0.8209	1.0
b4[1,2]	0.6651	0.0009908	0.2594	0.2601	0.1656	0.6631	1.183	69150.0	30200.0	0.5867	1.0
b4[1,3]	-0.4987	0.0009701	0.2829	0.2799	-1.063	-0.4967	0.04954	85650.0	27990.0	0.7267	1.0
b4[1,4]	-0.08864	0.0005986	0.1906	0.1904	-0.4603	-0.08923	0.2846	102100.0	27750.0	0.8667	1.0
b4[1,5]	-0.23	0.001166	0.3146	0.3142	-0.8523	-0.2289	0.3888	73130.0	27960.0	0.6205	1.0
b4[1,6]	0.3609	0.0009996	0.2751	0.2756	-0.1743	0.3576	0.908	75980.0	29700.0	0.6447	1.0
b4[1,7]	0.4804	0.001229	0.3414	0.3411	-0.1794	0.4778	1.16	77380.0	29190.0	0.6565	1.0
b4[1,8]	-0.1043	0.001012	0.2802	0.2776	-0.6585	-0.102	0.4402	76950.0	29690.0	0.6529	1.0
b4[1,9]	-0.3628	0.0007171	0.218	0.2181	-0.7946	-0.3614	0.0609	92820.0	28570.0	0.7875	1.0
b4[1,10]	0.2703	0.0008625	0.2289	0.2295	-0.1737	0.2698	0.7223	70640.0	29320.0	0.5993	1.0
b4[1,11]	0.3537	0.0008449	0.2513	0.2523	-0.1327	0.3519	0.8458	88830.0	28030.0	0.7537	1.0
b4[1,12]	-0.2142	0.001015	0.2965	0.2992	-0.7956	-0.2139	0.3637	85520.0	28550.0	0.7256	1.0
b4[1,13]	-0.3934	0.000639	0.193	0.1936	-0.776	-0.3914	-0.01799	91500.0	27590.0	0.7763	1.0
b4[1,14]	-2.645	0.001193	0.3429	0.3407	-3.36	-2.631	-2.015	87420.0	28270.0	0.7417	1.0
b4[1,15]	0.008181	0.0007812	0.235	0.2367	-0.4515	0.009482	0.4676	90890.0	27560.0	0.7711	1.0
b4[1,16]	-0.5319	0.000791	0.2095	0.2099	-0.9482	-0.5299	-0.1285	70530.0	30850.0	0.5984	1.0
b4[1,17]	0.2061	0.001606	0.3768	0.3711	-0.527	0.2041	0.9516	55280.0	29330.0	0.469	1.0
b4[1,18]	-0.5016	0.0006834	0.2077	0.2069	-0.9135	-0.5003	-0.09733	92850.0	28520.0	0.7878	1.0
b4[1,19]	0.3117	0.0006572	0.1957	0.1938	-0.07287	0.3112	0.6986	88990.0	29810.0	0.755	1.0
b4[1,20]	-0.4632	0.001229	0.3435	0.3409	-1.152	-0.4599	0.204	78800.0	28400.0	0.6685	1.0
b4[1,21]	0.4371	0.001078	0.2706	0.2667	-0.08168	0.433	0.9834	63420.0	28780.0	0.5381	1.0
b4[1,22]	-0.3815	0.0008226	0.2004	0.2012	-0.7797	-0.3812	0.009226	59840.0	28230.0	0.5077	1.0
b4[1,23]	1.439	0.001411	0.3659	0.3655	0.7474	1.43	2.174	68640.0	30860.0	0.5824	1.0
b4[1,24]	1.223	0.001188	0.3043	0.3018	0.6432	1.218	1.84	66380.0	28650.0	0.5632	1.0
b4[1,25]	-0.1597	0.0009466	0.2835	0.2818	-0.7174	-0.1598	0.388	89860.0	28560.0	0.7624	1.0
b4[1,26]	-0.1332	0.000906	0.2756	0.273	-0.6818	-0.1325	0.4076	92920.0	26510.0	0.7884	1.0
b4[1,27]	0.841	0.001064	0.3014	0.2957	0.2584	0.8355	1.441	80950.0	29700.0	0.6868	1.0
b4[1,28]	-0.8226	0.0007504	0.2138	0.215	-1.246	-0.8217	-0.4084	81740.0	30120.0	0.6935	1.0
b4[1,29]	-0.2998	0.0006843	0.2183	0.2174	-0.7322	-0.2983	0.1265	102100.0	26450.0	0.8664	1.0
b4[1,30]	-0.4487	0.0006337	0.2043	0.2066	-0.8551	-0.4478	-0.05421	104600.0	29190.0	0.8876	1.0
b4[1,31]	-0.2164	0.00112	0.3124	0.31	-0.8377	-0.2139	0.3944	78260.0	27230.0	0.664	1.0
b4[1,32]	0.5472	0.0007082	0.1941	0.1931	0.173	0.5452	0.9335	76350.0	30890.0	0.6478	1.0
b4[1,33]	-0.7495	0.0006299	0.1961	0.1952	-1.14	-0.7478	-0.3707	97980.0	28650.0	0.8313	1.0
b4[1,34]	-3.606	0.001891	0.4787	0.4757	-4.612	-3.578	-2.749	68070.0	28920.0	0.5775	1.0
b4[1,35]	0.4953	0.0007472	0.2318	0.2305	0.04431	0.4939	0.9584	96790.0	29110.0	0.8212	1.0
b4[1,36]	-0.1988	0.001304	0.3652	0.3632	-0.9231	-0.1977	0.5133	78770.0	28950.0	0.6683	1.0
b4[1,37]	-0.4116	0.0006721	0.1964	0.1943	-0.8036	-0.4101	-0.0311	85660.0	29820.0	0.7268	1.0
b4[1,38]	0.4689	0.00147	0.4176	0.4133	-0.3399	0.4659	1.302	81340.0	27370.0	0.6901	1.001
b4[1,39]	0.8524	0.001304	0.3721	0.3695	0.1381	0.8462	1.599	82580.0	28040.0	0.7006	1.0
b4[1,40]	-2.828	0.001557	0.3634	0.3593	-3.584	-2.811	-2.16	56900.0	28690.0	0.4828	1.0
b4[1,41]	2.317	0.001611	0.3707	0.3701	1.635	2.301	3.085	54310.0	30160.0	0.4608	1.0
b4[1,42]	-0.8475	0.0006972	0.2064	0.2059	-1.262	-0.8452	-0.4497	88380.0	28290.0	0.7499	1.0
b4[1,43]	0.04178	0.0008104	0.2433	0.2452	-0.4353	0.04385	0.516	90540.0	26740.0	0.7682	1.0
b4[1,44]	-0.3977	0.0006491	0.1865	0.1859	-0.7673	-0.3973	-0.03406	82880.0	28830.0	0.7032	1.0
b4[1,45]	-0.7669	0.001078	0.2811	0.28	-1.332	-0.7636	-0.2274	68470.0	28200.0	0.5809	1.0
b4[1,46]	0.04418	0.0006611	0.1956	0.1945	-0.3396	0.04392	0.4263	87970.0	28830.0	0.7463	1.0
b4[1,47]	0.8461	0.001175	0.33	0.3287	0.2086	0.8416	1.509	79980.0	30240.0	0.6786	1.0
b4[1,48]	-0.4158	0.0009988	0.282	0.2807	-0.9794	-0.4129	0.1278	80140.0	29480.0	0.68	1.0
b4[1,49]	0.6563	0.0006685	0.1966	0.1954	0.2771	0.6546	1.049	87290.0	28890.0	0.7406	1.0
b4[1,50]	-0.2066	0.0006213	0.1859	0.186	-0.573	-0.2066	0.1569	89770.0	29480.0	0.7617	1.0
b4[1,51]	-3.891	0.00223	0.534	0.5343	-5.01	-3.86	-2.935	61860.0	27330.0	0.5249	1.0
b4[1,52]	1.596	0.0009514	0.2439	0.2416	1.139	1.59	2.092	66920.0	32200.0	0.5678	1.0
b4[1,53]	0.3513	0.000978	0.2908	0.2922	-0.211	0.35	0.9233	88610.0	29350.0	0.7518	1.0
b4[1,54]	-0.5178	0.001149	0.3214	0.3207	-1.157	-0.5138	0.09365	78720.0	30380.0	0.6679	1.0
b4[1,55]	-0.5859	0.0006459	0.1939	0.1937	-0.9734	-0.5844	-0.2129	90640.0	28870.0	0.769	1.0
b4[1,56]	-2.458	0.001129	0.3156	0.3149	-3.112	-2.446	-1.875	81460.0	27260.0	0.6911	1.0
b4[1,57]	-0.9751	0.0008194	0.2348	0.2332	-1.448	-0.9709	-0.5238	82850.0	29190.0	0.7029	1.0
b4[1,58]	0.8199	0.000894	0.2651	0.2635	0.3082	0.8164	1.35	88700.0	28680.0	0.7526	1.0
b4[1,59]	0.7507	0.001178	0.304	0.3005	0.1671	0.7452	1.363	67250.0	29790.0	0.5706	1.0
b4[1,60]	0.7078	0.001115	0.3117	0.3114	0.1135	0.7036	1.329	78800.0	29950.0	0.6685	1.0
b4[1,61]	0.4361	0.0009302	0.2726	0.2727	-0.08881	0.4328	0.9816	86460.0	29900.0	0.7336	1.0
b4[1,62]	0.3164	0.0007546	0.2296	0.2323	-0.1268	0.3142	0.7679	93160.0	28460.0	0.7904	1.0
b4[1,63]	-0.4885	0.0007637	0.2113	0.2111	-0.9088	-0.486	-0.08049	77060.0	29340.0	0.6538	1.0
b4[1,64]	-4.09	0.002246	0.5611	0.5524	-5.292	-4.056	-3.082	67570.0	25830.0	0.5733	1.0
b4[1,65]	0.8714	0.0006727	0.199	0.196	0.4854	0.8685	1.272	88330.0	29850.0	0.7494	1.0
b4[1,66]	0.3888	0.0008338	0.2362	0.2333	-0.07504	0.3875	0.86	80610.0	27630.0	0.6839	1.0
b4[1,67]	0.6317	0.0006458	0.1977	0.1982	0.2475	0.6309	1.024	94010.0	30530.0	0.7976	1.0
b4[1,68]	-0.2409	0.0006004	0.1836	0.184	-0.6015	-0.2411	0.1167	93800.0	27170.0	0.7958	1.0
b4[1,69]	-0.09826	0.0009911	0.2752	0.2732	-0.6412	-0.0983	0.4371	77730.0	30200.0	0.6595	1.0
b4[1,70]	-0.007284	0.0007028	0.2037	0.2037	-0.4053	-0.007471	0.3907	84300.0	30060.0	0.7153	1.0
b4[1,71]	0.784	0.001263	0.3177	0.3164	0.1733	0.7791	1.417	63820.0	30370.0	0.5415	1.0
b4[1,72]	-0.3983	0.0006289	0.1838	0.1837	-0.7609	-0.397	-0.04274	85680.0	28590.0	0.7269	1.0
b4[1,73]	0.7162	0.0006391	0.1905	0.1913	0.351	0.7141	1.094	89670.0	29220.0	0.7608	1.0
b4[1,74]	1.238	0.0009408	0.2629	0.2627	0.7395	1.232	1.769	79520.0	29310.0	0.6747	1.0
b4[1,75]	0.06495	0.0006077	0.1805	0.182	-0.2869	0.06578	0.4177	88580.0	28930.0	0.7515	1.0
b4[1,76]	-3.929	0.002314	0.5245	0.5118	-5.032	-3.901	-2.98	54170.0	28590.0	0.4596	1.0
b4[1,77]	-0.5301	0.0006276	0.1854	0.1848	-0.8989	-0.5286	-0.1681	87760.0	28900.0	0.7446	1.0
b4[1,78]	0.2275	0.0006037	0.1817	0.1822	-0.1245	0.2271	0.5853	91000.0	27670.0	0.7721	1.0
b4[1,79]	1.549	0.0007987	0.2354	0.2323	1.1	1.545	2.027	88620.0	30750.0	0.7519	1.0
b4[1,80]	0.1477	0.0006229	0.1879	0.1868	-0.2198	0.1479	0.5169	91110.0	27130.0	0.773	1.0
b4[1,81]	-0.2875	0.0008344	0.2311	0.2308	-0.7445	-0.286	0.1626	76840.0	29170.0	0.6519	1.0
b4[1,82]	0.1343	0.0005614	0.1804	0.1804	-0.2167	0.1333	0.4885	103900.0	28660.0	0.8819	1.0
b4[1,83]	0.2026	0.0007096	0.2227	0.2216	-0.2318	0.2023	0.64	98740.0	28690.0	0.8377	1.0
b4[1,84]	-0.3014	0.0007643	0.2323	0.2299	-0.7611	-0.3012	0.1527	92620.0	28490.0	0.7858	1.0
b4[1,85]	2.039	0.001635	0.3732	0.3681	1.333	2.03	2.799	52960.0	29380.0	0.4493	1.0
b4[1,86]	0.02069	0.001255	0.3479	0.3455	-0.6626	0.02062	0.7044	76920.0	28620.0	0.6526	1.0
b4[1,87]	-0.6467	0.0009223	0.2688	0.2658	-1.178	-0.6457	-0.1288	85460.0	29160.0	0.7251	1.0
b4[1,88]	0.2127	0.000614	0.1866	0.1852	-0.1502	0.2118	0.5792	92470.0	29290.0	0.7846	1.0
b4[1,89]	-0.1459	0.001415	0.3344	0.3334	-0.804	-0.1456	0.5055	55910.0	31820.0	0.4744	1.0
b4[1,90]	0.01859	0.0006407	0.1957	0.1944	-0.3657	0.01938	0.4055	93600.0	27870.0	0.7941	1.0
b4[1,91]	-0.06971	0.0008506	0.242	0.2397	-0.55	-0.06778	0.4051	81990.0	27610.0	0.6957	1.0
b4[1,92]	-2.922	0.001472	0.3725	0.3682	-3.706	-2.905	-2.244	67470.0	29110.0	0.5724	1.0
b4[1,93]	-0.4557	0.0007217	0.2277	0.2286	-0.9057	-0.4537	-0.01643	100500.0	27370.0	0.8528	1.0
b4[1,94]	0.5032	0.0006764	0.2059	0.2063	0.1033	0.5018	0.9106	93000.0	27950.0	0.7891	1.0
b4[1,95]	1.011	0.001237	0.323	0.3233	0.3908	1.004	1.654	68790.0	28270.0	0.5837	1.0
b4[1,96]	-0.0246	0.0006907	0.207	0.2061	-0.4299	-0.02461	0.3814	90110.0	28600.0	0.7646	1.0
b4[1,97]	-0.1821	0.0006137	0.1824	0.1818	-0.5434	-0.1814	0.1745	88810.0	29100.0	0.7535	1.0
b4[1,98]	0.2132	0.001017	0.2905	0.2884	-0.3553	0.2124	0.7845	81850.0	28330.0	0.6945	1.0
b4[1,99]	-0.5243	0.0006687	0.1938	0.1934	-0.9069	-0.523	-0.1485	84480.0	29630.0	0.7168	1.0
b4[1,100]	0.6798	0.001052	0.2749	0.276	0.151	0.6773	1.225	68630.0	30240.0	0.5823	1.0
b4[1,101]	-0.4331	0.0006255	0.1946	0.195	-0.8167	-0.4323	-0.05509	96950.0	28110.0	0.8226	1.0
b4[1,102]	-4.253	0.002453	0.5888	0.576	-5.509	-4.22	-3.195	61890.0	28230.0	0.5251	1.0
b4[1,103]	0.3818	0.0009106	0.2433	0.2426	-0.08936	0.3795	0.8653	71740.0	27260.0	0.6087	1.0
b4[1,104]	-0.6691	0.000837	0.2256	0.2256	-1.122	-0.6661	-0.233	72970.0	28720.0	0.6191	1.0
b4[1,105]	-1.142	0.001309	0.3455	0.3429	-1.838	-1.134	-0.4846	70850.0	27950.0	0.6011	1.0
b4[1,106]	-0.9327	0.0009173	0.2406	0.2374	-1.419	-0.9273	-0.4728	69840.0	29530.0	0.5925	1.0
b4[1,107]	-2.114	0.001477	0.3091	0.3039	-2.767	-2.099	-1.553	45210.0	27380.0	0.3836	1.0
b4[1,108]	-2.109	0.001042	0.2821	0.2821	-2.689	-2.1	-1.584	76250.0	26710.0	0.6469	1.0
b4[1,109]	-0.1612	0.0007455	0.2238	0.2218	-0.6008	-0.162	0.2756	90640.0	26170.0	0.769	1.0
b4[1,110]	0.3513	0.0007342	0.2157	0.2146	-0.06915	0.3498	0.7755	86680.0	27990.0	0.7354	1.0
b4[1,111]	-0.9414	0.0006614	0.2034	0.2032	-1.35	-0.9381	-0.5518	95110.0	27910.0	0.807	1.0
b4[1,112]	-0.2368	0.001211	0.3231	0.3235	-0.8732	-0.2334	0.3908	71450.0	30770.0	0.6062	1.0
b4[1,113]	-0.6021	0.0006645	0.2005	0.2007	-0.9997	-0.6003	-0.2132	91550.0	28510.0	0.7768	1.0
b4[1,114]	1.057	0.001368	0.3605	0.3574	0.3722	1.05	1.784	70260.0	28250.0	0.5961	1.0
b4[1,115]	-0.1739	0.0009107	0.258	0.2587	-0.6802	-0.1733	0.3254	80380.0	29220.0	0.682	1.0
b4[1,116]	0.6214	0.001072	0.3206	0.3195	0.004272	0.6189	1.266	90150.0	28610.0	0.7649	1.0
b4[1,117]	0.1286	0.0007812	0.2245	0.2244	-0.3108	0.1291	0.5703	82800.0	29550.0	0.7025	1.0
b4[1,118]	0.256	0.0007745	0.232	0.2325	-0.1957	0.255	0.7137	90110.0	28590.0	0.7645	1.0
b4[1,119]	0.1597	0.0009035	0.2404	0.2382	-0.3078	0.1592	0.6304	71170.0	28490.0	0.6039	1.0
b4[1,120]	0.07684	0.001039	0.2828	0.286	-0.4701	0.07641	0.6325	74480.0	29740.0	0.6319	1.0
b4[1,121]	-0.5062	0.0006275	0.1889	0.1887	-0.8818	-0.5045	-0.1387	90940.0	29720.0	0.7716	1.0
b4[1,122]	0.2773	0.001055	0.2888	0.2862	-0.2828	0.2739	0.8506	75250.0	28940.0	0.6385	1.0
b4[1,123]	-0.3013	0.001125	0.286	0.2843	-0.8653	-0.3002	0.2559	64810.0	29150.0	0.5499	1.0
b4[1,124]	0.0246	0.0009894	0.2928	0.2918	-0.5454	0.0227	0.6017	88020.0	27070.0	0.7468	1.0
b4[1,125]	-0.8128	0.0007399	0.2244	0.2235	-1.263	-0.8094	-0.3801	93330.0	29260.0	0.7918	1.0
b4[1,126]	0.1461	0.0007953	0.2383	0.2405	-0.3193	0.1459	0.6149	90210.0	29020.0	0.7653	1.0
b4[1,127]	-0.2262	0.0008963	0.2589	0.2585	-0.7389	-0.2254	0.2802	83880.0	29020.0	0.7117	1.0
b4[1,128]	-0.00722	0.000908	0.2633	0.2609	-0.5235	-0.008398	0.5102	84460.0	28640.0	0.7166	1.0
b4[1,129]	-0.74	0.0008036	0.2407	0.2391	-1.221	-0.7371	-0.276	90130.0	28390.0	0.7647	1.0
b4[1,130]	-0.2588	0.0006143	0.1874	0.188	-0.6261	-0.2593	0.1029	93650.0	29000.0	0.7946	1.0
b4[1,131]	0.4177	0.0006274	0.1852	0.1854	0.05572	0.417	0.782	87360.0	28500.0	0.7412	1.0
b4[1,132]	-0.5576	0.0006356	0.1847	0.1817	-0.9248	-0.5564	-0.1967	84830.0	28670.0	0.7197	1.0
b4[1,133]	-0.5835	0.0008341	0.2584	0.2562	-1.099	-0.5817	-0.08608	96810.0	28770.0	0.8214	1.0
b4[1,134]	-0.9474	0.0006783	0.2001	0.1989	-1.346	-0.9449	-0.5625	87670.0	28740.0	0.7439	1.0
b4[1,135]	0.9936	0.001265	0.3073	0.3074	0.4057	0.987	1.617	59470.0	29600.0	0.5046	1.0
b4[1,136]	-0.5304	0.001018	0.2836	0.2818	-1.098	-0.5263	0.02091	78000.0	28880.0	0.6618	1.0
b4[1,137]	-0.01588	0.0009701	0.302	0.3011	-0.6139	-0.01596	0.5755	97300.0	28530.0	0.8255	1.0
b4[1,138]	-0.7353	0.0008232	0.2495	0.2484	-1.234	-0.7323	-0.2556	92520.0	27460.0	0.7849	1.0
b4[1,139]	-0.654	0.0006574	0.2049	0.2059	-1.064	-0.6512	-0.2612	97870.0	28600.0	0.8304	1.0
b4[1,140]	1.006	0.00106	0.2923	0.2927	0.4434	1.002	1.59	76900.0	28170.0	0.6525	1.0
b4[1,141]	0.5321	0.0007658	0.2365	0.2374	0.07307	0.5311	0.9985	95430.0	27610.0	0.8097	1.0
b4[1,142]	0.7518	0.0008121	0.2276	0.2271	0.3131	0.749	1.205	80420.0	30330.0	0.6823	1.0
b4[1,143]	-0.2702	0.0008317	0.2532	0.2509	-0.7706	-0.2689	0.2206	92920.0	29540.0	0.7884	1.0
b4[1,144]	-3.079	0.001781	0.3963	0.3919	-3.909	-3.062	-2.357	51240.0	28930.0	0.4348	1.0
b4[1,145]	0.559	0.0009153	0.2501	0.2515	0.07519	0.5568	1.054	75430.0	28160.0	0.64	1.0
b4[1,146]	0.6217	0.0007995	0.2162	0.2172	0.2012	0.6201	1.05	73440.0	29650.0	0.6231	1.0
b4[1,147]	1.184	0.00105	0.2754	0.2741	0.6671	1.175	1.753	70540.0	28960.0	0.5985	1.0
b4[1,148]	0.3634	0.0007626	0.2391	0.2384	-0.1015	0.3624	0.8415	99060.0	28480.0	0.8405	1.0
b4[1,149]	0.402	0.0009836	0.2717	0.271	-0.1209	0.3996	0.9455	76750.0	28970.0	0.6512	1.0
b4[1,150]	-0.7305	0.003253	0.2427	0.2419	-1.216	-0.7266	-0.264	5678.0	14100.0	0.04817	1.001
b4[1,151]	-0.1358	0.0006839	0.2155	0.2151	-0.5597	-0.1341	0.2858	99060.0	28200.0	0.8405	1.0
b4[1,152]	0.8314	0.0007369	0.2188	0.216	0.4102	0.8288	1.27	88840.0	29440.0	0.7537	1.0
b4[1,153]	0.09655	0.0008327	0.1822	0.1819	-0.2556	0.09642	0.4528	47920.0	29180.0	0.4066	1.0
b4[1,154]	0.3195	0.0006269	0.1908	0.1885	-0.05341	0.3186	0.699	93120.0	28730.0	0.79	1.0
b4[1,155]	1.36	0.0008453	0.2274	0.2271	0.9278	1.357	1.817	73220.0	30690.0	0.6212	1.0
b4[2,1]	0.7335	0.001639	0.3959	0.396	-0.02887	0.7285	1.527	58700.0	29140.0	0.498	1.0
b4[2,2]	0.2495	0.0006676	0.2068	0.2061	-0.1504	0.2477	0.6585	96380.0	29350.0	0.8177	1.0
b4[2,3]	-0.2013	0.001009	0.2927	0.2932	-0.7764	-0.1991	0.3658	84470.0	28700.0	0.7167	1.0
b4[2,4]	0.1892	0.0008637	0.2369	0.2343	-0.2733	0.1902	0.6567	75400.0	28390.0	0.6397	1.0
b4[2,5]	-2.196	0.001013	0.2897	0.2863	-2.794	-2.186	-1.656	84640.0	27710.0	0.7181	1.0
b4[2,6]	0.5435	0.0007956	0.2372	0.2362	0.08728	0.5416	1.014	89180.0	28170.0	0.7567	1.0
b4[2,7]	0.418	0.00114	0.3309	0.3292	-0.2228	0.4139	1.077	84750.0	30170.0	0.719	1.0
b4[2,8]	-0.1587	0.0009454	0.2775	0.277	-0.7029	-0.1587	0.391	86370.0	29030.0	0.7328	1.0
b4[2,9]	0.1178	0.0009129	0.2585	0.2585	-0.3858	0.1156	0.6266	80430.0	28740.0	0.6824	1.0
b4[2,10]	0.5023	0.0006472	0.1996	0.2005	0.1173	0.5005	0.8968	95640.0	29240.0	0.8115	1.0
b4[2,11]	0.449	0.0008827	0.2565	0.2586	-0.04472	0.4477	0.9511	84880.0	29670.0	0.7202	1.0
b4[2,12]	-0.6559	0.0009817	0.2908	0.2931	-1.235	-0.6522	-0.1028	88870.0	28770.0	0.7541	1.0
b4[2,13]	-0.005092	0.000758	0.2124	0.2104	-0.4195	-0.006428	0.4104	78740.0	29610.0	0.6681	1.001
b4[2,14]	-3.231	0.001628	0.4204	0.4108	-4.116	-3.21	-2.465	70850.0	28400.0	0.6011	1.0
b4[2,15]	1.244	0.001259	0.3196	0.3167	0.6371	1.237	1.89	65260.0	28070.0	0.5537	1.0
b4[2,16]	-0.6021	0.0008469	0.2277	0.2264	-1.054	-0.6003	-0.1641	72600.0	29010.0	0.616	1.0
b4[2,17]	0.1953	0.0009071	0.2388	0.2388	-0.2692	0.1946	0.6637	69600.0	29380.0	0.5905	1.0
b4[2,18]	0.08455	0.0007859	0.2191	0.2193	-0.3454	0.08353	0.5166	77920.0	28810.0	0.6611	1.0
b4[2,19]	-0.2867	0.0006331	0.1914	0.19	-0.6665	-0.2862	0.08612	91750.0	29120.0	0.7784	1.0
b4[2,20]	-0.04097	0.001394	0.3747	0.3708	-0.777	-0.03763	0.6966	72460.0	28060.0	0.6148	1.0
b4[2,21]	0.02515	0.0006724	0.2093	0.2098	-0.386	0.0253	0.4353	97070.0	28050.0	0.8236	1.0
b4[2,22]	0.09077	0.0009853	0.209	0.2082	-0.3136	0.08938	0.5011	45090.0	24310.0	0.3825	1.0
b4[2,23]	1.054	0.001461	0.3881	0.3847	0.3102	1.044	1.833	71550.0	29540.0	0.6071	1.0
b4[2,24]	0.6039	0.0007548	0.2231	0.222	0.1734	0.6009	1.047	87850.0	28680.0	0.7453	1.0
b4[2,25]	-0.8945	0.00191	0.4319	0.4295	-1.764	-0.8885	-0.06474	51490.0	29800.0	0.4369	1.0
b4[2,26]	0.04102	0.001232	0.3281	0.3276	-0.5995	0.04105	0.6836	71100.0	29910.0	0.6032	1.0
b4[2,27]	0.8953	0.001026	0.2891	0.2899	0.3436	0.8907	1.471	80010.0	29340.0	0.6789	1.0
b4[2,28]	-0.7659	0.0006539	0.1959	0.1955	-1.158	-0.7633	-0.3842	90600.0	27990.0	0.7687	1.0
b4[2,29]	-0.04269	0.00102	0.2574	0.2585	-0.5406	-0.04308	0.4656	63760.0	29780.0	0.541	1.0
b4[2,30]	0.4052	0.0009545	0.2607	0.2615	-0.1015	0.4042	0.9188	74870.0	29170.0	0.6352	1.0
b4[2,31]	-0.2136	0.001244	0.3408	0.3376	-0.8933	-0.2106	0.4467	75340.0	29790.0	0.6392	1.0
b4[2,32]	-0.1323	0.0006214	0.1803	0.179	-0.485	-0.1322	0.2224	85050.0	30980.0	0.7216	1.0
b4[2,33]	-0.4047	0.0007061	0.2048	0.2043	-0.8074	-0.4038	-0.004233	84390.0	29100.0	0.716	0.9999
b4[2,34]	-3.375	0.001661	0.4484	0.4437	-4.315	-3.353	-2.563	78310.0	27710.0	0.6644	1.0
b4[2,35]	0.6271	0.001029	0.2676	0.2654	0.114	0.6229	1.164	68320.0	29150.0	0.5796	1.0
b4[2,36]	-0.03744	0.001377	0.3816	0.378	-0.7878	-0.0351	0.7111	76940.0	28980.0	0.6528	1.0
b4[2,37]	0.4821	0.0006344	0.1877	0.1876	0.1178	0.4801	0.8538	88010.0	28990.0	0.7467	1.0
b4[2,38]	1.122	0.001474	0.4093	0.4023	0.3393	1.114	1.952	78680.0	28240.0	0.6675	1.0
b4[2,39]	1.188	0.001638	0.4137	0.4087	0.3957	1.18	2.03	64450.0	31270.0	0.5468	1.0
b4[2,40]	-0.4456	0.0007831	0.1852	0.1844	-0.8117	-0.4432	-0.08787	56010.0	28590.0	0.4753	1.0
b4[2,41]	1.41	0.001147	0.3064	0.3059	0.845	1.4	2.044	73590.0	29440.0	0.6243	1.0
b4[2,42]	0.5936	0.0007973	0.2277	0.2266	0.15	0.5925	1.042	81760.0	28840.0	0.6937	1.0
b4[2,43]	-0.6298	0.0008304	0.2416	0.2378	-1.113	-0.6275	-0.1575	85120.0	27090.0	0.7222	1.0
b4[2,44]	-2.096	0.001052	0.2788	0.2781	-2.669	-2.087	-1.578	72850.0	29230.0	0.6181	1.001
b4[2,45]	-0.3664	0.0007024	0.2175	0.218	-0.7984	-0.3649	0.05555	96670.0	27700.0	0.8202	1.0
b4[2,46]	0.7371	0.000685	0.1989	0.1985	0.3564	0.734	1.136	85690.0	28660.0	0.727	1.0
b4[2,47]	1.322	0.001322	0.351	0.3467	0.6581	1.311	2.033	72000.0	29070.0	0.6109	1.0
b4[2,48]	0.0724	0.001105	0.311	0.311	-0.5356	0.07115	0.6842	79410.0	30720.0	0.6738	1.0
b4[2,49]	0.3553	0.0006049	0.184	0.1827	-0.007395	0.3546	0.7172	92910.0	29270.0	0.7883	1.0
b4[2,50]	0.4716	0.0006053	0.1863	0.1839	0.1083	0.4712	0.8418	95180.0	28980.0	0.8075	1.0
b4[2,51]	-3.696	0.001944	0.4944	0.4879	-4.741	-3.667	-2.814	70270.0	26760.0	0.5962	1.0
b4[2,52]	1.422	0.0006759	0.2016	0.202	1.038	1.419	1.827	90110.0	30080.0	0.7646	1.0
b4[2,53]	-0.04021	0.0009779	0.2821	0.2783	-0.5969	-0.03987	0.5168	83450.0	28430.0	0.7081	1.0
b4[2,54]	-0.6572	0.001075	0.3067	0.3056	-1.275	-0.6517	-0.06659	83230.0	26240.0	0.7062	0.9999
b4[2,55]	0.2915	0.0007932	0.2201	0.2214	-0.133	0.2891	0.7291	77420.0	28350.0	0.6569	1.0
b4[2,56]	-2.437	0.001115	0.3148	0.3153	-3.084	-2.427	-1.851	83010.0	28510.0	0.7043	1.0
b4[2,57]	-0.3715	0.0008296	0.2404	0.2399	-0.8443	-0.3708	0.1013	84190.0	28430.0	0.7143	1.0
b4[2,58]	1.31	0.001194	0.2986	0.2994	0.7421	1.305	1.912	63090.0	31720.0	0.5353	1.0
b4[2,59]	0.7059	0.0008369	0.2409	0.2417	0.2441	0.7028	1.184	83340.0	28770.0	0.7071	1.0
b4[2,60]	0.7561	0.001011	0.3031	0.3019	0.1768	0.7521	1.359	90540.0	29100.0	0.7682	1.0
b4[2,61]	-2.933	0.001732	0.3871	0.3817	-3.744	-2.917	-2.225	51900.0	27650.0	0.4403	1.0
b4[2,62]	1.622	0.001369	0.3304	0.3283	0.9998	1.614	2.298	59640.0	27980.0	0.506	1.0
b4[2,63]	0.3565	0.0006026	0.1873	0.1852	-0.009742	0.3557	0.727	96860.0	27400.0	0.8218	1.0
b4[2,64]	-4.236	0.00247	0.5852	0.5764	-5.482	-4.201	-3.189	60870.0	26460.0	0.5165	1.0
b4[2,65]	0.848	0.0006584	0.1946	0.1942	0.4698	0.8461	1.235	87820.0	29240.0	0.7451	1.0
b4[2,66]	1.047	0.001826	0.4074	0.4023	0.2657	1.04	1.869	50140.0	29930.0	0.4254	1.0
b4[2,67]	0.6766	0.0007214	0.2113	0.2124	0.2695	0.6757	1.096	86450.0	30120.0	0.7334	1.0
b4[2,68]	-0.8192	0.0006683	0.1956	0.1959	-1.21	-0.8166	-0.4437	86570.0	29900.0	0.7345	1.0
b4[2,69]	0.005082	0.0009933	0.2779	0.2765	-0.5395	0.005264	0.5526	78480.0	29920.0	0.6658	1.0
b4[2,70]	0.3797	0.000717	0.2124	0.2104	-0.03384	0.3786	0.7994	88320.0	29310.0	0.7493	1.0
b4[2,71]	0.2275	0.0007631	0.2332	0.2332	-0.2248	0.2264	0.6875	94420.0	28010.0	0.8011	1.0
b4[2,72]	0.2483	0.0005812	0.1798	0.1783	-0.1041	0.2484	0.6013	95960.0	29720.0	0.8142	1.0
b4[2,73]	0.5831	0.0006153	0.187	0.1843	0.2182	0.583	0.9546	92840.0	29090.0	0.7877	1.0
b4[2,74]	1.74	0.001065	0.2758	0.2747	1.224	1.731	2.301	67910.0	32640.0	0.5762	1.0
b4[2,75]	0.561	0.0006193	0.1881	0.1866	0.1947	0.56	0.9354	92650.0	28320.0	0.7861	1.0
b4[2,76]	-2.678	0.00125	0.3436	0.3404	-3.393	-2.664	-2.043	79140.0	28090.0	0.6715	1.0
b4[2,77]	0.3027	0.0006222	0.1825	0.1831	-0.05165	0.3015	0.6601	86330.0	28330.0	0.7325	1.0
b4[2,78]	-0.419	0.0006886	0.2012	0.2009	-0.8178	-0.4185	-0.02829	85580.0	28210.0	0.7261	1.0
b4[2,79]	1.899	0.0009074	0.2584	0.2573	1.41	1.892	2.425	82260.0	29670.0	0.698	1.0
b4[2,80]	0.06782	0.001168	0.2913	0.2931	-0.5039	0.06738	0.6396	62250.0	29870.0	0.5282	1.0
b4[2,81]	-0.3112	0.0006645	0.2028	0.203	-0.7094	-0.3104	0.08525	93390.0	28720.0	0.7924	1.0
b4[2,82]	0.8456	0.000869	0.2237	0.2232	0.4152	0.8415	1.298	67110.0	29260.0	0.5694	1.0
b4[2,83]	0.02563	0.0011	0.285	0.2858	-0.5322	0.02515	0.5837	67140.0	29350.0	0.5696	1.0
b4[2,84]	0.6153	0.001164	0.2975	0.295	0.04148	0.6102	1.214	66290.0	27330.0	0.5625	1.0
b4[2,85]	0.7751	0.0009056	0.2711	0.2676	0.2479	0.7722	1.318	90350.0	29440.0	0.7666	1.0
b4[2,86]	0.04622	0.00103	0.3122	0.3125	-0.5655	0.04535	0.6555	92170.0	29050.0	0.782	1.0
b4[2,87]	0.2039	0.001006	0.2859	0.2838	-0.3492	0.2019	0.7601	81080.0	29790.0	0.6879	1.0
b4[2,88]	0.4571	0.0006441	0.1918	0.1915	0.08464	0.4543	0.8362	89070.0	27610.0	0.7557	1.0
b4[2,89]	0.2568	0.0007017	0.2142	0.2138	-0.1604	0.2547	0.677	93520.0	28650.0	0.7935	1.0
b4[2,90]	0.2041	0.0007511	0.2153	0.2136	-0.2178	0.2025	0.6332	82450.0	29400.0	0.6995	1.0
b4[2,91]	0.6001	0.0008997	0.2533	0.2523	0.1114	0.5967	1.107	80170.0	27630.0	0.6802	1.0
b4[2,92]	-1.912	0.0009133	0.2656	0.265	-2.456	-1.905	-1.413	86660.0	28300.0	0.7353	1.0
b4[2,93]	0.7003	0.001181	0.3099	0.3104	0.1008	0.6965	1.315	69140.0	29790.0	0.5866	1.0
b4[2,94]	0.3924	0.0008712	0.2419	0.2429	-0.07453	0.3909	0.876	77720.0	29480.0	0.6594	1.0
b4[2,95]	0.2067	0.0009907	0.2954	0.2948	-0.3673	0.2051	0.7901	89250.0	27630.0	0.7572	1.001
b4[2,96]	-0.2224	0.0007656	0.2209	0.2207	-0.6573	-0.2208	0.2102	83510.0	29890.0	0.7086	1.0
b4[2,97]	-0.4551	0.0006302	0.186	0.1842	-0.8272	-0.4528	-0.09251	87390.0	28620.0	0.7415	1.0
b4[2,98]	0.2158	0.001329	0.3579	0.3551	-0.4818	0.2124	0.9213	72730.0	29680.0	0.617	1.0
b4[2,99]	-2.182	0.001119	0.2894	0.2868	-2.771	-2.173	-1.645	68660.0	27900.0	0.5825	1.0
b4[2,100]	-0.1208	0.000891	0.2138	0.2152	-0.5378	-0.1224	0.2992	57780.0	28450.0	0.4902	1.0
b4[2,101]	0.3824	0.000834	0.2341	0.2326	-0.07058	0.3813	0.8497	79230.0	29050.0	0.6722	1.0
b4[2,102]	-3.974	0.002152	0.5496	0.5405	-5.143	-3.942	-2.985	70690.0	27200.0	0.5998	1.0
b4[2,103]	0.3599	0.0006082	0.1847	0.1844	0.003209	0.3588	0.7264	92710.0	29490.0	0.7866	1.0
b4[2,104]	0.4403	0.0006089	0.1879	0.1868	0.07415	0.4387	0.8126	95490.0	28760.0	0.8102	1.0
b4[2,105]	0.04101	0.001071	0.3111	0.3068	-0.566	0.03894	0.6597	84680.0	27910.0	0.7184	1.0
b4[2,106]	-0.3118	0.0006381	0.2006	0.2012	-0.7093	-0.3091	0.07386	99570.0	27220.0	0.8448	1.0
b4[2,107]	-1.489	0.0008163	0.2299	0.2303	-1.956	-1.484	-1.055	80900.0	29070.0	0.6864	1.0
b4[2,108]	-3.519	0.002025	0.4639	0.4619	-4.49	-3.495	-2.678	54850.0	28740.0	0.4654	1.0
b4[2,109]	-0.2792	0.0008299	0.2354	0.2351	-0.7386	-0.2799	0.1797	80660.0	28770.0	0.6844	1.0
b4[2,110]	0.2278	0.0006517	0.2021	0.2008	-0.1656	0.2269	0.6255	96440.0	28480.0	0.8182	1.0
b4[2,111]	-0.05052	0.0009168	0.2477	0.2486	-0.5298	-0.05154	0.4407	73210.0	30390.0	0.6212	1.0
b4[2,112]	-0.1537	0.0009186	0.2846	0.2831	-0.7151	-0.1538	0.4015	96370.0	27920.0	0.8176	1.0
b4[2,113]	-0.3523	0.00072	0.2156	0.2157	-0.7802	-0.3504	0.06325	89060.0	26400.0	0.7556	1.0
b4[2,114]	0.1533	0.000956	0.2906	0.2916	-0.4133	0.153	0.7249	92740.0	28840.0	0.7868	1.0
b4[2,115]	0.6574	0.0006962	0.2062	0.2071	0.2613	0.6554	1.067	88310.0	28920.0	0.7493	1.0
b4[2,116]	0.8961	0.001473	0.3871	0.388	0.1536	0.8909	1.669	69490.0	28460.0	0.5896	0.9999
b4[2,117]	0.01858	0.0007718	0.2193	0.2203	-0.4102	0.01826	0.4487	80920.0	28670.0	0.6866	0.9999
b4[2,118]	0.4376	0.000728	0.2186	0.2191	0.01525	0.4367	0.8695	90600.0	27590.0	0.7687	1.0
b4[2,119]	0.04953	0.0006706	0.2045	0.2025	-0.3531	0.04903	0.4524	93300.0	26810.0	0.7916	1.0
b4[2,120]	0.9622	0.0009819	0.2773	0.275	0.4331	0.9585	1.517	80710.0	28230.0	0.6848	1.0
b4[2,121]	-0.5022	0.0006171	0.1879	0.1881	-0.8733	-0.5002	-0.1391	93180.0	29120.0	0.7906	1.0
b4[2,122]	0.07064	0.0009529	0.2704	0.2647	-0.4614	0.06912	0.6073	81170.0	27030.0	0.6886	1.0
b4[2,123]	-0.3796	0.0006925	0.2099	0.2105	-0.7946	-0.3785	0.02633	92650.0	27890.0	0.7861	1.0
b4[2,124]	-0.2107	0.001275	0.3422	0.3413	-0.8876	-0.2083	0.4521	72180.0	29960.0	0.6124	1.0
b4[2,125]	-0.05119	0.0008778	0.2488	0.2444	-0.5406	-0.05136	0.4403	80500.0	29180.0	0.683	1.0
b4[2,126]	0.4958	0.0009323	0.2622	0.262	-0.009872	0.4939	1.01	79230.0	29330.0	0.6722	1.0
b4[2,127]	0.2698	0.00107	0.2945	0.2952	-0.2992	0.2669	0.849	76050.0	29330.0	0.6452	1.0
b4[2,128]	0.78	0.001154	0.2893	0.2885	0.2217	0.7768	1.361	63270.0	31050.0	0.5368	1.0
b4[2,129]	0.3252	0.001193	0.3002	0.3003	-0.2499	0.3228	0.9225	63820.0	30220.0	0.5414	1.0
b4[2,130]	-0.1346	0.001055	0.2715	0.2706	-0.6687	-0.1348	0.3999	66320.0	30430.0	0.5627	1.0
b4[2,131]	-0.6442	0.0006222	0.189	0.1876	-1.016	-0.6423	-0.2758	92750.0	29550.0	0.7869	1.0
b4[2,132]	-1.894	0.0009981	0.2604	0.2595	-2.429	-1.887	-1.408	69530.0	29060.0	0.5899	1.0
b4[2,133]	-0.5283	0.001166	0.3103	0.3088	-1.154	-0.526	0.07107	71180.0	29380.0	0.6039	1.0
b4[2,134]	-0.4379	0.0006053	0.1834	0.1835	-0.8007	-0.4369	-0.08242	92100.0	29140.0	0.7815	1.0
b4[2,135]	0.7672	0.001418	0.3722	0.3707	0.04877	0.7631	1.515	69390.0	27920.0	0.5888	1.0
b4[2,136]	0.2159	0.0008755	0.2579	0.2553	-0.2918	0.2158	0.7324	87490.0	27590.0	0.7423	1.0
b4[2,137]	0.3027	0.001691	0.4197	0.4175	-0.5184	0.2996	1.133	61690.0	29640.0	0.5234	1.0
b4[2,138]	-0.04606	0.0009182	0.2662	0.2654	-0.5711	-0.04779	0.4798	84220.0	29580.0	0.7146	1.0
b4[2,139]	0.7579	0.00112	0.2821	0.2809	0.218	0.7541	1.319	63840.0	29360.0	0.5417	0.9999
b4[2,140]	-0.2947	0.0008804	0.263	0.2616	-0.8172	-0.2939	0.2132	89730.0	28200.0	0.7613	1.0
b4[2,141]	0.3829	0.001145	0.2851	0.2849	-0.1707	0.381	0.9478	62120.0	31020.0	0.5271	1.0
b4[2,142]	0.736	0.00107	0.2786	0.2799	0.2003	0.7329	1.292	68190.0	29180.0	0.5785	1.0
b4[2,143]	-0.0994	0.0008851	0.2532	0.255	-0.5927	-0.09967	0.3928	81950.0	28440.0	0.6953	1.0
b4[2,144]	0.01239	0.0008501	0.2073	0.2074	-0.3958	0.01246	0.4226	59570.0	27720.0	0.5055	1.0
b4[2,145]	0.5247	0.0008303	0.2467	0.2455	0.04463	0.5226	1.014	88600.0	27830.0	0.7517	1.0
b4[2,146]	0.6961	0.0007754	0.2175	0.217	0.2757	0.6944	1.133	79260.0	27960.0	0.6725	1.0
b4[2,147]	1.573	0.001517	0.3494	0.3459	0.92	1.562	2.284	53890.0	30270.0	0.4572	1.0
b4[2,148]	0.7221	0.001167	0.3024	0.2996	0.1451	0.7188	1.325	67740.0	30650.0	0.5748	1.0
b4[2,149]	0.1648	0.0006888	0.2157	0.2153	-0.2564	0.1634	0.5858	98380.0	27610.0	0.8347	1.0
b4[2,150]	0.8392	0.001839	0.3673	0.3631	0.1323	0.834	1.581	39800.0	26740.0	0.3377	1.0
b4[2,151]	-0.7763	0.001028	0.27	0.2705	-1.316	-0.7724	-0.2582	69610.0	29870.0	0.5906	1.0
b4[2,152]	0.3068	0.0007663	0.2227	0.2216	-0.1269	0.3052	0.7526	85320.0	28340.0	0.7239	1.0
b4[2,153]	-3.15	0.001884	0.4158	0.4122	-4.026	-3.128	-2.396	51260.0	27850.0	0.4349	1.0
b4[2,154]	-0.4505	0.0006347	0.19	0.189	-0.8275	-0.4493	-0.07822	90080.0	27890.0	0.7642	1.0
b4[2,155]	-2.329	0.001156	0.3014	0.3005	-2.951	-2.32	-1.772	69870.0	29390.0	0.5928	1.0
a1[1,1]	0.06921	0.0001608	0.02095	0.01834	0.03893	0.06561	0.1197	16350.0	27270.0	0.1387	1.0
a1[1,2]	0.4992	0.00031	0.08257	0.08191	0.3419	0.4971	0.6684	71250.0	29280.0	0.6045	1.0
a1[1,3]	0.1269	0.0003436	0.05527	0.05154	0.05038	0.1161	0.2609	23940.0	26040.0	0.2031	1.0
a1[1,4]	0.188	0.00101	0.1329	0.1319	0.02213	0.1596	0.5047	12350.0	14350.0	0.1048	1.0
a1[1,5]	0.1026	0.0002818	0.02681	0.0251	0.0612	0.09882	0.1654	9719.0	18430.0	0.08246	1.0
a1[1,6]	0.2837	0.0004504	0.08825	0.08836	0.1272	0.2781	0.4715	34730.0	20990.0	0.2947	1.0
a1[1,7]	0.1587	0.0001755	0.03839	0.03822	0.09225	0.1555	0.2417	46130.0	30460.0	0.3914	1.0
a1[1,8]	0.27	0.0003793	0.06718	0.06673	0.1493	0.2663	0.4111	30090.0	24580.0	0.2553	1.0
a1[1,9]	0.1059	0.0003413	0.05458	0.04564	0.03718	0.09357	0.2455	22860.0	23580.0	0.1939	1.0
a1[1,10]	0.2932	0.0009455	0.1381	0.1463	0.05583	0.288	0.5788	18270.0	12020.0	0.155	1.0
a1[1,11]	0.1341	0.0002881	0.05542	0.05351	0.05426	0.1244	0.2649	33940.0	28420.0	0.288	1.0
a1[1,12]	0.1198	0.0001955	0.03699	0.03476	0.06359	0.1142	0.2065	34700.0	31570.0	0.2944	1.0
a1[1,13]	0.2081	0.000925	0.1437	0.142	0.02281	0.1792	0.5493	16140.0	11170.0	0.137	1.0
a1[1,14]	0.05093	0.0005516	0.08286	0.02367	0.0006766	0.02027	0.3026	16750.0	26630.0	0.1421	1.0
a1[1,15]	0.1205	0.0003898	0.06276	0.05479	0.04082	0.1056	0.2777	24540.0	26810.0	0.2082	1.0
a1[1,16]	0.353	0.001497	0.1817	0.2057	0.03745	0.3581	0.6914	13130.0	8361.0	0.1114	1.0
a1[1,17]	0.2397	0.0003238	0.05191	0.05201	0.144	0.2373	0.3466	24280.0	20090.0	0.206	1.0
a1[1,18]	0.1473	0.0004161	0.07467	0.06827	0.04548	0.1326	0.3275	24500.0	17370.0	0.2079	1.0
a1[1,19]	0.05726	0.0002793	0.04424	0.02552	0.01593	0.04351	0.1824	27980.0	26860.0	0.2374	1.0
a1[1,20]	0.1181	0.000271	0.03611	0.03466	0.06261	0.1132	0.202	16460.0	29040.0	0.1397	1.0
a1[1,21]	0.3187	0.0005228	0.09129	0.09171	0.143	0.3181	0.501	29570.0	17350.0	0.2509	1.0
a1[1,22]	0.5991	0.00202	0.1777	0.1652	0.1411	0.6193	0.882	11510.0	4564.0	0.09769	1.001
a1[1,23]	0.3156	0.0003138	0.06647	0.06672	0.1903	0.3143	0.4495	43720.0	25260.0	0.3709	1.0
a1[1,24]	0.154	0.0002518	0.04892	0.04695	0.07761	0.1474	0.2668	35700.0	29380.0	0.3029	1.0
a1[1,25]	0.1921	0.000447	0.05804	0.05717	0.095	0.187	0.3208	15710.0	25640.0	0.1333	1.0
a1[1,26]	0.0827	0.0001707	0.0252	0.02246	0.04585	0.07856	0.1438	20570.0	29300.0	0.1745	1.0
a1[1,27]	0.1228	0.0002383	0.04342	0.03965	0.05962	0.1153	0.2277	32170.0	29110.0	0.2729	1.0
a1[1,28]	0.07447	0.0002934	0.04624	0.03931	0.01964	0.06245	0.1919	22400.0	29320.0	0.19	1.0
a1[1,29]	0.2646	0.0004727	0.09374	0.09506	0.09575	0.26	0.4588	33740.0	16120.0	0.2863	1.0
a1[1,30]	0.1732	0.0006886	0.1074	0.1058	0.03202	0.153	0.4305	18810.0	16540.0	0.1596	1.0
a1[1,31]	0.08835	0.0002016	0.02437	0.02201	0.05161	0.08462	0.1467	14910.0	25980.0	0.1265	1.0
a1[1,32]	0.1082	0.001231	0.1348	0.05144	0.005738	0.04845	0.4981	10300.0	22300.0	0.08743	1.001
a1[1,33]	0.1009	0.0007569	0.1114	0.06108	0.00658	0.05751	0.4185	16660.0	24550.0	0.1414	1.0
a1[1,34]	0.0607	0.0006083	0.0921	0.02876	0.001184	0.02498	0.3438	19440.0	28280.0	0.1649	1.0
a1[1,35]	0.3576	0.0004906	0.1029	0.1027	0.1596	0.3556	0.5661	42140.0	20300.0	0.3575	1.0
a1[1,36]	0.27	0.0003907	0.0671	0.06719	0.141	0.269	0.4047	28440.0	22830.0	0.2413	1.0
a1[1,37]	0.1085	0.0007735	0.1095	0.05681	0.01591	0.0659	0.4218	17220.0	28210.0	0.1461	1.0
a1[1,38]	0.2006	0.0001812	0.04032	0.0408	0.1269	0.1987	0.2842	49120.0	33210.0	0.4167	1.0
a1[1,39]	0.1491	0.0001607	0.03226	0.03187	0.09372	0.1465	0.22	40320.0	32380.0	0.3421	1.0
a1[1,40]	0.06557	0.0008706	0.1132	0.02457	0.0008272	0.02091	0.4339	14280.0	26330.0	0.1211	1.0
a1[1,41]	0.3971	0.0005017	0.1109	0.111	0.1825	0.3959	0.6174	47860.0	21520.0	0.4061	1.0
a1[1,42]	0.07134	0.0005872	0.0776	0.03478	0.009471	0.04061	0.2988	15570.0	25070.0	0.1321	1.0
a1[1,43]	0.1064	0.0002811	0.04829	0.0438	0.0416	0.09682	0.2249	27340.0	27160.0	0.232	1.0
a1[1,44]	0.02509	0.0003418	0.0456	0.01155	0.0005517	0.01092	0.1455	16610.0	21190.0	0.1409	1.0
a1[1,45]	0.1238	0.0001839	0.03949	0.03904	0.06126	0.1192	0.2126	42970.0	28260.0	0.3646	1.0
a1[1,46]	0.05548	0.0002419	0.03944	0.02454	0.01615	0.04424	0.1608	29290.0	28140.0	0.2485	1.0
a1[1,47]	0.2068	0.0002719	0.05212	0.0523	0.1155	0.2029	0.3183	34600.0	27290.0	0.2936	1.0
a1[1,48]	0.3438	0.0003957	0.07988	0.08014	0.1954	0.3417	0.5078	39810.0	26280.0	0.3377	1.0
a1[1,49]	0.09505	0.0009176	0.1158	0.04655	0.007396	0.0464	0.4321	12850.0	27620.0	0.109	1.0
a1[1,50]	0.05411	0.0006324	0.07293	0.02335	0.008893	0.03264	0.234	17780.0	19800.0	0.1508	1.0
a1[1,51]	0.07268	0.0007571	0.1095	0.03341	0.000835	0.02683	0.4078	15320.0	25180.0	0.13	1.0
a1[1,52]	0.1196	0.001233	0.1457	0.06265	0.002906	0.05267	0.5227	10210.0	20540.0	0.08663	1.0
a1[1,53]	0.2059	0.0002728	0.05699	0.05614	0.1089	0.201	0.3305	41020.0	27640.0	0.348	1.0
a1[1,54]	0.2746	0.0003783	0.07122	0.07341	0.1426	0.2724	0.4178	34090.0	24980.0	0.2892	1.0
a1[1,55]	0.2449	0.001106	0.17	0.1766	0.02181	0.2133	0.6372	16510.0	10930.0	0.1401	1.0
a1[1,56]	0.02568	0.0003773	0.05075	0.01047	0.0003689	0.009078	0.1635	16170.0	23150.0	0.1372	1.0
a1[1,57]	0.167	0.0004866	0.07949	0.08202	0.04577	0.1575	0.3428	22270.0	19120.0	0.189	1.0
a1[1,58]	0.1268	0.0003392	0.05694	0.0499	0.05124	0.1149	0.268	26420.0	26170.0	0.2241	1.0
a1[1,59]	0.3081	0.0005256	0.09403	0.09914	0.1368	0.3053	0.4968	29590.0	19120.0	0.251	1.0
a1[1,60]	0.3528	0.0003902	0.08141	0.08261	0.1935	0.353	0.5104	43370.0	24410.0	0.3679	1.0
a1[1,61]	0.1337	0.0004801	0.0489	0.04627	0.06333	0.1253	0.2499	9329.0	22590.0	0.07915	1.0
a1[1,62]	0.07072	0.0001892	0.03148	0.02573	0.03061	0.06349	0.1514	25890.0	29440.0	0.2196	1.0
a1[1,63]	0.1198	0.0005986	0.09573	0.06646	0.02414	0.08761	0.3797	21940.0	28290.0	0.1861	1.0
a1[1,64]	0.05506	0.0005258	0.07158	0.02613	0.004686	0.03074	0.2664	18870.0	23540.0	0.1601	1.0
a1[1,65]	0.04541	0.0005625	0.0722	0.01839	0.003476	0.02141	0.2577	15850.0	20270.0	0.1345	1.0
a1[1,66]	0.1211	0.001016	0.06813	0.06406	0.0373	0.1042	0.2852	3547.0	12500.0	0.0301	1.001
a1[1,67]	0.1242	0.0008005	0.1189	0.08064	0.01235	0.08012	0.4442	18180.0	26480.0	0.1543	1.0
a1[1,68]	0.03527	0.0004042	0.05385	0.01603	0.00203	0.01788	0.1877	15520.0	22910.0	0.1317	1.0
a1[1,69]	0.09724	0.0001166	0.02374	0.02249	0.05917	0.09445	0.152	41470.0	32280.0	0.3518	1.0
a1[1,70]	0.06486	0.0002137	0.03798	0.02801	0.02212	0.05471	0.1659	30910.0	30130.0	0.2623	1.0
a1[1,71]	0.218	0.0002781	0.0586	0.06002	0.1132	0.2152	0.3399	42440.0	28180.0	0.3601	1.0
a1[1,72]	0.04419	0.0005332	0.06757	0.02264	0.001008	0.02107	0.2377	10030.0	20580.0	0.08508	1.0
a1[1,73]	0.02357	0.0003833	0.04915	0.009271	0.0002048	0.007501	0.1549	12330.0	22120.0	0.1046	1.0
a1[1,74]	0.3633	0.0007977	0.1392	0.1453	0.1146	0.3575	0.6456	26260.0	14230.0	0.2228	1.0
a1[1,75]	0.07898	0.0009594	0.1174	0.04379	0.0005878	0.03357	0.4433	8270.0	18870.0	0.07016	1.0
a1[1,76]	0.04163	0.0004518	0.06578	0.02166	0.0006208	0.01903	0.2322	19160.0	24780.0	0.1625	1.0
a1[1,77]	0.0386	0.0004352	0.05937	0.01919	0.0008173	0.01773	0.2102	13500.0	21490.0	0.1145	1.0
a1[1,78]	0.06111	0.0006934	0.08755	0.0257	0.004608	0.02728	0.3319	16240.0	21750.0	0.1378	1.0
a1[1,79]	0.05341	0.0006366	0.0846	0.024	0.0007169	0.02042	0.3138	12450.0	25370.0	0.1056	1.0
a1[1,80]	0.06183	0.0008252	0.06966	0.02643	0.009199	0.03223	0.2643	4562.0	21180.0	0.03871	1.001
a1[1,81]	0.06584	0.0001191	0.02363	0.02081	0.03293	0.06145	0.1238	40690.0	31110.0	0.3452	1.0
a1[1,82]	0.06309	0.0006098	0.08296	0.03583	0.002274	0.03055	0.3013	12540.0	23650.0	0.1064	1.0
a1[1,83]	0.06369	0.0001854	0.02601	0.02046	0.03083	0.0579	0.13	21860.0	26920.0	0.1854	1.0
a1[1,84]	0.0993	0.0002849	0.04567	0.03982	0.03961	0.08948	0.2132	25170.0	28640.0	0.2135	1.0
a1[1,85]	0.1573	0.0001833	0.04028	0.0392	0.09107	0.1531	0.2468	47300.0	31570.0	0.4013	1.0
a1[1,86]	0.1413	0.000112	0.02655	0.02579	0.09388	0.1397	0.1982	56500.0	32200.0	0.4794	1.0
a1[1,87]	0.07853	0.000156	0.02684	0.02365	0.04038	0.07366	0.1442	30600.0	31090.0	0.2596	1.0
a1[1,88]	0.1322	0.001014	0.1365	0.08164	0.01046	0.07594	0.4981	14270.0	24520.0	0.1211	1.0
a1[1,89]	0.1892	0.000202	0.04486	0.04537	0.1069	0.1873	0.2811	47440.0	29920.0	0.4025	1.0
a1[1,90]	0.06904	0.0003527	0.05567	0.03301	0.01716	0.0515	0.2231	26690.0	27520.0	0.2264	1.0
a1[1,91]	0.2641	0.0005419	0.09621	0.09446	0.1105	0.2523	0.4829	27960.0	20750.0	0.2372	1.0
a1[1,92]	0.08459	0.0008426	0.1129	0.04507	0.001745	0.03993	0.424	12510.0	21610.0	0.1062	1.0
a1[1,93]	0.08811	0.0003736	0.05131	0.03827	0.03043	0.07386	0.2249	19430.0	26790.0	0.1649	1.0
a1[1,94]	0.1539	0.0005627	0.09091	0.08865	0.03332	0.136	0.3715	20890.0	19200.0	0.1773	1.0
a1[1,95]	0.2306	0.000257	0.05375	0.0536	0.1326	0.2279	0.343	42360.0	28150.0	0.3594	1.0
a1[1,96]	0.09004	0.001064	0.1041	0.03419	0.01995	0.05503	0.4437	17270.0	10780.0	0.1465	1.0
a1[1,97]	0.03016	0.0003652	0.04415	0.01308	0.003214	0.01674	0.1443	18590.0	19080.0	0.1578	1.0
a1[1,98]	0.2251	0.0005269	0.08318	0.08628	0.08417	0.2194	0.4014	22670.0	19570.0	0.1923	1.0
a1[1,99]	0.06339	0.0005791	0.08036	0.02767	0.008392	0.03349	0.3076	18820.0	25390.0	0.1597	1.0
a1[1,100]	0.1215	0.0004126	0.04439	0.04196	0.05396	0.1154	0.2247	9763.0	14280.0	0.08284	1.001
a1[1,101]	0.04763	0.0002692	0.0392	0.022	0.0117	0.03514	0.1564	20800.0	26030.0	0.1765	1.0
a1[1,102]	0.05528	0.0005577	0.08514	0.02725	0.0009338	0.02386	0.3156	20610.0	28280.0	0.1749	1.0
a1[1,103]	0.1052	0.0003227	0.04866	0.04486	0.03898	0.09554	0.2233	19900.0	25130.0	0.1688	1.0
a1[1,104]	0.07753	0.0003262	0.04756	0.03362	0.02586	0.06443	0.2043	21700.0	28050.0	0.1841	1.0
a1[1,105]	0.258	0.0002419	0.05509	0.05558	0.1556	0.2562	0.3705	51030.0	28100.0	0.433	1.0
a1[1,106]	0.6232	0.0005731	0.1286	0.1298	0.3617	0.6257	0.8631	50370.0	25780.0	0.4274	1.0
a1[1,107]	0.1491	0.001167	0.1457	0.1148	0.001214	0.1033	0.5337	8712.0	8657.0	0.07392	1.001
a1[1,108]	0.03751	0.0004481	0.06343	0.0169	0.0006785	0.01542	0.226	18500.0	25270.0	0.1569	1.0
a1[1,109]	0.07655	0.0001613	0.03179	0.02779	0.03302	0.07021	0.1551	34550.0	26810.0	0.2931	1.0
a1[1,110]	0.07593	0.0002953	0.04889	0.03267	0.02492	0.06217	0.2084	28720.0	28950.0	0.2437	1.0
a1[1,111]	0.4174	0.001526	0.1906	0.2094	0.07507	0.413	0.7915	13700.0	9765.0	0.1163	1.0
a1[1,112]	0.2483	0.0003136	0.06507	0.06654	0.132	0.2453	0.3837	41090.0	26610.0	0.3487	1.0
a1[1,113]	0.1417	0.0007261	0.1131	0.1049	0.01461	0.1109	0.4195	17640.0	19420.0	0.1497	1.0
a1[1,114]	0.1459	0.0001742	0.03343	0.03227	0.09091	0.1423	0.2205	36180.0	31360.0	0.307	1.0
a1[1,115]	0.1164	0.0003326	0.05588	0.04844	0.04393	0.1041	0.2564	26390.0	27720.0	0.2239	1.0
a1[1,116]	0.1386	0.0004056	0.04712	0.04527	0.06832	0.1312	0.2477	12390.0	25030.0	0.1051	1.001
a1[1,117]	0.08459	0.0002629	0.04663	0.03601	0.02993	0.07299	0.2048	30910.0	28890.0	0.2622	1.0
a1[1,118]	0.1144	0.0002846	0.0552	0.05062	0.03983	0.1036	0.2497	32310.0	24910.0	0.2742	1.0
a1[1,119]	0.5359	0.0006501	0.1326	0.1351	0.271	0.5384	0.7897	42170.0	23880.0	0.3578	1.0
a1[1,120]	0.1581	0.0002382	0.04148	0.04083	0.08848	0.1542	0.25	29070.0	24840.0	0.2467	1.0
a1[1,121]	0.04743	0.0005389	0.07248	0.01974	0.003488	0.02208	0.2664	15220.0	23180.0	0.1291	1.0
a1[1,122]	0.2444	0.0002249	0.04668	0.04634	0.1568	0.2429	0.3401	42720.0	32100.0	0.3625	1.0
a1[1,123]	0.2443	0.0002681	0.06148	0.0611	0.1281	0.243	0.3686	50660.0	25800.0	0.4298	1.0
a1[1,124]	0.1784	0.0003082	0.05578	0.05546	0.08889	0.1718	0.3017	31440.0	29000.0	0.2668	1.0
a1[1,125]	0.5545	0.0006981	0.1161	0.1191	0.3227	0.5562	0.774	27730.0	25380.0	0.2352	1.0
a1[1,126]	0.2832	0.0005216	0.09711	0.09851	0.115	0.2768	0.4911	30890.0	19090.0	0.2621	1.0
a1[1,127]	0.3174	0.0006924	0.1057	0.1048	0.1399	0.3077	0.5508	22000.0	21370.0	0.1867	1.0
a1[1,128]	0.1717	0.000328	0.06028	0.05721	0.0806	0.1628	0.3131	32030.0	28670.0	0.2718	1.0
a1[1,129]	0.05883	0.0001815	0.02286	0.01865	0.02875	0.05401	0.117	15390.0	27080.0	0.1306	1.0
a1[1,130]	0.04487	0.0008195	0.06769	0.01271	0.004807	0.01624	0.2513	3280.0	16470.0	0.02783	1.001
a1[1,131]	0.03505	0.0004551	0.05891	0.01763	0.0003416	0.01457	0.2036	10210.0	21290.0	0.08665	1.0
a1[1,132]	0.02588	0.0004254	0.05378	0.009989	0.0002978	0.008461	0.1727	13460.0	20830.0	0.1142	1.0
a1[1,133]	0.1188	0.0003977	0.05095	0.05073	0.04536	0.1107	0.2369	14600.0	23140.0	0.1238	1.0
a1[1,134]	0.03029	0.0005097	0.06097	0.01168	0.000776	0.01155	0.2035	13590.0	18250.0	0.1153	1.0
a1[1,135]	0.1505	0.001089	0.07442	0.07862	0.04425	0.1397	0.3172	3668.0	6946.0	0.03112	1.001
a1[1,136]	0.1112	0.0001667	0.03494	0.03382	0.05643	0.1067	0.1908	41400.0	29610.0	0.3513	1.0
a1[1,137]	0.1073	0.0003265	0.03376	0.0312	0.0572	0.102	0.1875	10270.0	25100.0	0.08713	1.0
a1[1,138]	0.1665	0.000509	0.08612	0.08439	0.04869	0.1504	0.3688	24290.0	22050.0	0.2061	1.0
a1[1,139]	0.06835	0.0004793	0.05922	0.03457	0.01408	0.04726	0.2343	11620.0	28120.0	0.09859	1.0
a1[1,140]	0.1132	0.0001959	0.03989	0.03707	0.054	0.1069	0.2079	39930.0	30210.0	0.3388	1.0
a1[1,141]	0.3069	0.000638	0.116	0.1147	0.1142	0.2953	0.5669	29740.0	18870.0	0.2523	1.0
a1[1,142]	0.2588	0.001331	0.1434	0.1689	0.03689	0.2572	0.5403	9303.0	10000.0	0.07893	1.001
a1[1,143]	0.3206	0.0004771	0.09069	0.09043	0.1607	0.3145	0.5146	34460.0	25330.0	0.2924	1.0
a1[1,144]	0.1143	0.000754	0.1173	0.0763	0.006335	0.07277	0.4361	18950.0	23290.0	0.1608	1.0
a1[1,145]	0.3019	0.000632	0.1094	0.1107	0.1177	0.2918	0.5395	27930.0	20770.0	0.237	1.0
a1[1,146]	0.2998	0.0007147	0.1249	0.127	0.08145	0.2918	0.5633	25240.0	13450.0	0.2142	1.0
a1[1,147]	0.3508	0.000961	0.1407	0.1507	0.09547	0.3489	0.6273	19560.0	13960.0	0.1659	1.0
a1[1,148]	0.1136	0.0005483	0.06215	0.05308	0.03778	0.09772	0.2712	11150.0	25100.0	0.09458	1.0
a1[1,149]	0.1271	0.000345	0.05588	0.04573	0.05579	0.1148	0.27	28740.0	26850.0	0.2438	1.0
a1[1,150]	0.3831	0.006298	0.1828	0.1533	0.01574	0.417	0.6715	1155.0	1099.0	0.009801	1.002
a1[1,151]	0.07415	0.0001999	0.03399	0.02706	0.03167	0.06644	0.1616	28580.0	28240.0	0.2425	1.0
a1[1,152]	0.1042	0.0003751	0.06733	0.05715	0.02552	0.08596	0.2759	27420.0	25540.0	0.2326	1.0
a1[1,153]	0.03926	0.0006715	0.08242	0.01264	0.0002886	0.01012	0.2963	13040.0	20020.0	0.1106	1.0
a1[1,154]	0.05249	0.0006037	0.06601	0.02168	0.01004	0.03191	0.2359	15200.0	15700.0	0.129	1.0
a1[1,155]	0.05279	0.0004744	0.06319	0.02645	0.004355	0.03049	0.2391	16000.0	24150.0	0.1358	1.0
a1[2,1]	0.1304	0.0001396	0.02995	0.02922	0.08048	0.1273	0.1973	47620.0	30440.0	0.404	1.0
a1[2,2]	0.575	0.0004139	0.1004	0.1017	0.3765	0.5754	0.769	58730.0	27360.0	0.4983	1.0
a1[2,3]	0.1462	0.0002074	0.04308	0.04277	0.07597	0.1418	0.242	40290.0	30260.0	0.3418	1.0
a1[2,4]	0.2633	0.0005183	0.09444	0.09383	0.09749	0.257	0.4657	29080.0	16990.0	0.2467	1.0
a1[2,5]	0.02843	0.0008663	0.05232	0.006414	0.001665	0.008208	0.1915	2845.0	9625.0	0.02414	1.001
a1[2,6]	0.2173	0.0004761	0.08464	0.08565	0.08062	0.2088	0.403	27260.0	18530.0	0.2313	1.0
a1[2,7]	0.2015	0.0002367	0.04893	0.04941	0.1171	0.198	0.3072	41920.0	31960.0	0.3556	1.0
a1[2,8]	0.4335	0.0002661	0.06418	0.06297	0.311	0.4328	0.5635	58750.0	31050.0	0.4985	1.0
a1[2,9]	0.1823	0.0003307	0.06393	0.0663	0.07152	0.1784	0.3165	33510.0	20300.0	0.2843	1.0
a1[2,10]	0.2918	0.001182	0.1717	0.1907	0.03311	0.2762	0.6551	16200.0	11260.0	0.1374	1.0
a1[2,11]	0.09766	0.0002367	0.04313	0.03665	0.04104	0.08842	0.206	33030.0	29670.0	0.2802	1.0
a1[2,12]	0.1041	0.0001481	0.02961	0.02788	0.05825	0.0999	0.1728	38640.0	31600.0	0.3278	1.0
a1[2,13]	0.2676	0.0009039	0.1361	0.145	0.04127	0.2618	0.5538	18120.0	10030.0	0.1538	1.0
a1[2,14]	0.0506	0.0006021	0.08428	0.02247	0.0005616	0.01861	0.3017	14810.0	25560.0	0.1257	1.0
a1[2,15]	0.1408	0.000254	0.05154	0.05117	0.06199	0.1336	0.258	36430.0	27630.0	0.3091	1.0
a1[2,16]	0.27	0.0008551	0.1215	0.1282	0.06088	0.2643	0.5225	16670.0	10160.0	0.1414	1.0
a1[2,17]	0.2483	0.001741	0.1052	0.106	0.04473	0.2541	0.4459	3605.0	2225.0	0.03058	1.002
a1[2,18]	0.2501	0.0007344	0.1114	0.1148	0.06492	0.2407	0.4899	19830.0	14590.0	0.1683	1.0
a1[2,19]	0.04711	0.0002943	0.04378	0.0213	0.01086	0.03254	0.1701	23740.0	26060.0	0.2015	1.0
a1[2,20]	0.1432	0.0001368	0.03129	0.03066	0.08983	0.1405	0.2122	52930.0	34330.0	0.4491	1.0
a1[2,21]	0.1988	0.0005286	0.08232	0.08367	0.06294	0.1914	0.3793	20110.0	13530.0	0.1707	1.0
a1[2,22]	0.6328	0.002059	0.1727	0.1525	0.1694	0.6574	0.8937	12310.0	4370.0	0.1044	1.001
a1[2,23]	0.3102	0.0002646	0.05884	0.05928	0.1976	0.3095	0.427	48720.0	29670.0	0.4134	1.0
a1[2,24]	0.08766	0.0007762	0.06893	0.04175	0.02241	0.06249	0.2783	5738.0	21440.0	0.04868	1.001
a1[2,25]	0.3151	0.0002823	0.05923	0.0598	0.202	0.3143	0.4331	44070.0	31210.0	0.3739	1.0
a1[2,26]	0.1355	0.0001402	0.03196	0.03166	0.08142	0.1328	0.2057	50910.0	32770.0	0.432	1.0
a1[2,27]	0.1395	0.0002279	0.04414	0.042	0.07071	0.1337	0.2411	36170.0	28560.0	0.3069	1.0
a1[2,28]	0.05594	0.0005691	0.07136	0.02824	0.003682	0.0272	0.2652	11220.0	24610.0	0.09518	1.0
a1[2,29]	0.3028	0.0007788	0.1239	0.1278	0.09983	0.2912	0.5699	22030.0	16550.0	0.1869	1.0
a1[2,30]	0.2067	0.0004592	0.07994	0.08012	0.07528	0.1993	0.3832	26370.0	19370.0	0.2237	1.0
a1[2,31]	0.1296	0.0001184	0.0262	0.02565	0.0844	0.1275	0.1865	49060.0	34350.0	0.4163	1.0
a1[2,32]	0.09758	0.001257	0.1458	0.0399	0.001299	0.03086	0.5418	10210.0	23420.0	0.0866	1.001
a1[2,33]	0.1343	0.000719	0.1092	0.0868	0.01943	0.1002	0.4171	18990.0	24050.0	0.1611	1.0
a1[2,34]	0.06597	0.0006187	0.09271	0.03296	0.001722	0.0312	0.3492	17990.0	24900.0	0.1527	1.0
a1[2,35]	0.3158	0.0005856	0.1039	0.1059	0.1385	0.3075	0.5388	28430.0	19870.0	0.2412	1.0
a1[2,36]	0.2333	0.0002915	0.04902	0.04857	0.1482	0.2292	0.3392	28920.0	32320.0	0.2454	1.0
a1[2,37]	0.09943	0.0009133	0.1244	0.04923	0.005973	0.04501	0.4618	15080.0	27510.0	0.128	1.0
a1[2,38]	0.1609	0.0001796	0.03191	0.03158	0.1051	0.1587	0.2292	31650.0	32080.0	0.2686	1.0
a1[2,39]	0.1956	0.0002777	0.0497	0.04884	0.1124	0.1907	0.3056	31770.0	31250.0	0.2696	1.0
a1[2,40]	0.07206	0.001057	0.128	0.02153	0.0007816	0.01806	0.488	12460.0	23060.0	0.1057	1.0
a1[2,41]	0.3787	0.0005293	0.1123	0.1145	0.1647	0.3772	0.6028	42660.0	20890.0	0.3619	1.0
a1[2,42]	0.07938	0.0002355	0.03977	0.03239	0.03036	0.06974	0.1818	27930.0	29000.0	0.2369	1.0
a1[2,43]	0.0789	0.0001356	0.02793	0.02519	0.03869	0.07416	0.1463	40480.0	29420.0	0.3434	1.0
a1[2,44]	0.02437	0.0003592	0.04666	0.01045	0.0005056	0.009795	0.1486	14680.0	21390.0	0.1245	1.0
a1[2,45]	0.08318	0.0004215	0.04949	0.03834	0.0267	0.06897	0.2127	11710.0	26960.0	0.09936	1.0
a1[2,46]	0.04568	0.0003136	0.04498	0.02087	0.008942	0.03135	0.1736	22990.0	23870.0	0.195	1.0
a1[2,47]	0.2489	0.0002292	0.05169	0.05142	0.1512	0.2475	0.353	50040.0	28790.0	0.4245	1.0
a1[2,48]	0.3148	0.0002921	0.06763	0.06783	0.1883	0.3126	0.4531	52130.0	29290.0	0.4423	1.0
a1[2,49]	0.07368	0.0007995	0.1068	0.03376	0.00201	0.02853	0.3963	13180.0	26630.0	0.1119	1.0
a1[2,50]	0.04236	0.0006521	0.076	0.01723	0.001651	0.01645	0.2508	13590.0	19550.0	0.1153	1.0
a1[2,51]	0.08034	0.0008392	0.1163	0.03708	0.001045	0.03092	0.4349	14890.0	25460.0	0.1263	1.0
a1[2,52]	0.09825	0.001153	0.1394	0.04629	0.00109	0.03485	0.513	9657.0	21410.0	0.08194	1.0
a1[2,53]	0.2136	0.0005595	0.08883	0.08989	0.07717	0.2021	0.4152	22430.0	22260.0	0.1903	1.0
a1[2,54]	0.151	0.0001712	0.03425	0.03364	0.09246	0.1482	0.2264	38500.0	31820.0	0.3267	1.0
a1[2,55]	0.3078	0.001041	0.1574	0.1651	0.04812	0.2964	0.6429	18210.0	10200.0	0.1545	1.0
a1[2,56]	0.02566	0.000396	0.05053	0.01057	0.000389	0.00935	0.1638	14000.0	21000.0	0.1187	1.0
a1[2,57]	0.1162	0.0002496	0.04752	0.04512	0.04553	0.109	0.2274	29730.0	22310.0	0.2523	1.0
a1[2,58]	0.1861	0.0002353	0.05281	0.05309	0.09461	0.1822	0.2991	46260.0	26850.0	0.3925	1.0
a1[2,59]	0.3003	0.0006522	0.1113	0.1151	0.0965	0.2974	0.5271	25950.0	15410.0	0.2202	1.0
a1[2,60]	0.3008	0.0003659	0.07603	0.07634	0.1632	0.2967	0.4603	41090.0	26750.0	0.3486	1.0
a1[2,61]	0.07147	0.001219	0.0892	0.03225	0.003046	0.02795	0.3193	3155.0	14450.0	0.02677	1.001
a1[2,62]	0.1185	0.0001896	0.039	0.03624	0.0604	0.1123	0.2106	41160.0	30120.0	0.3492	1.0
a1[2,63]	0.07564	0.0006747	0.09467	0.03848	0.005662	0.03841	0.359	15460.0	26100.0	0.1312	1.0
a1[2,64]	0.04669	0.0004411	0.06056	0.02301	0.00384	0.02773	0.2166	19520.0	24230.0	0.1656	1.0
a1[2,65]	0.03996	0.000604	0.07532	0.01415	0.001356	0.01373	0.2729	14500.0	20360.0	0.123	1.0
a1[2,66]	0.2418	0.0002242	0.04894	0.05038	0.1506	0.2407	0.3406	47080.0	31170.0	0.3994	1.0
a1[2,67]	0.1299	0.0006371	0.09706	0.07891	0.02429	0.1014	0.3804	19090.0	25160.0	0.162	1.0
a1[2,68]	0.02969	0.0004036	0.05283	0.01237	0.001062	0.01235	0.1791	15150.0	22020.0	0.1285	1.0
a1[2,69]	0.1187	0.0001917	0.03354	0.03172	0.06629	0.1142	0.1957	29940.0	30590.0	0.254	1.0
a1[2,70]	0.07692	0.0003006	0.04951	0.03678	0.02268	0.06257	0.2084	25900.0	29540.0	0.2197	1.0
a1[2,71]	0.09704	0.0004257	0.0464	0.03825	0.03922	0.08594	0.2144	11920.0	25250.0	0.1011	1.001
a1[2,72]	0.04365	0.0005852	0.07089	0.02394	0.0004257	0.0186	0.2467	8673.0	18710.0	0.07359	1.0
a1[2,73]	0.02408	0.0003894	0.04982	0.009586	0.0002013	0.007784	0.1612	12810.0	21500.0	0.1087	1.0
a1[2,74]	0.3896	0.0007166	0.1346	0.1357	0.1275	0.3879	0.6578	32630.0	14540.0	0.2769	1.0
a1[2,75]	0.09049	0.001126	0.1318	0.04371	0.001121	0.03597	0.5005	8309.0	18920.0	0.07049	1.0
a1[2,76]	0.03781	0.0004636	0.06657	0.0158	0.0004968	0.01314	0.2336	16230.0	25640.0	0.1377	1.0
a1[2,77]	0.03606	0.0004799	0.06449	0.01586	0.0004578	0.01273	0.2218	12450.0	24460.0	0.1056	1.0
a1[2,78]	0.06982	0.0004829	0.06653	0.03062	0.01676	0.04835	0.2615	20170.0	24390.0	0.1711	1.0
a1[2,79]	0.05258	0.0006703	0.08657	0.022	0.0005137	0.01723	0.3217	11650.0	24430.0	0.09885	1.0
a1[2,80]	0.1185	0.0002446	0.04011	0.03845	0.05804	0.1124	0.2117	26470.0	32110.0	0.2246	1.0
a1[2,81]	0.04368	0.0002523	0.02907	0.01748	0.0151	0.03496	0.1256	13780.0	20690.0	0.1169	1.0
a1[2,82]	0.08964	0.0005092	0.07301	0.04601	0.01936	0.06589	0.2964	17500.0	27850.0	0.1485	1.0
a1[2,83]	0.09062	0.0001175	0.0249	0.02365	0.05174	0.08727	0.1477	44450.0	30590.0	0.3771	1.0
a1[2,84]	0.1224	0.0002094	0.04312	0.0411	0.0573	0.116	0.2219	39330.0	29070.0	0.3337	1.0
a1[2,85]	0.08728	0.0002078	0.02932	0.02633	0.0453	0.08205	0.1586	20630.0	29870.0	0.175	1.0
a1[2,86]	0.1158	0.0001583	0.02853	0.0282	0.06827	0.1132	0.1795	30600.0	30750.0	0.2596	1.0
a1[2,87]	0.1027	0.0001627	0.03196	0.02988	0.05417	0.09789	0.1782	37950.0	31480.0	0.3219	1.0
a1[2,88]	0.1184	0.0008511	0.121	0.07562	0.009687	0.07063	0.4409	15260.0	24440.0	0.1295	1.0
a1[2,89]	0.06819	0.0006324	0.04784	0.02804	0.02276	0.05247	0.2017	5173.0	14930.0	0.04389	1.001
a1[2,90]	0.1047	0.0004149	0.06796	0.05088	0.03012	0.08487	0.2854	25600.0	29420.0	0.2172	1.0
a1[2,91]	0.4074	0.0004805	0.1005	0.1007	0.214	0.4059	0.6089	43430.0	25010.0	0.3685	1.0
a1[2,92]	0.0729	0.0008338	0.1087	0.03563	0.0009172	0.02775	0.4009	11050.0	22360.0	0.09371	1.0
a1[2,93]	0.1247	0.0002125	0.04386	0.04134	0.05905	0.1179	0.2279	40220.0	28140.0	0.3412	1.0
a1[2,94]	0.1844	0.0004102	0.07634	0.07889	0.0619	0.177	0.3514	29070.0	19780.0	0.2466	1.0
a1[2,95]	0.1638	0.0002551	0.0474	0.04588	0.08642	0.1588	0.2706	33110.0	28660.0	0.2809	1.0
a1[2,96]	0.08244	0.0003435	0.04861	0.03486	0.02882	0.06908	0.2147	24960.0	22140.0	0.2118	1.0
a1[2,97]	0.02832	0.000336	0.04194	0.0123	0.002812	0.01549	0.1395	19080.0	19850.0	0.1619	1.0
a1[2,98]	0.1701	0.0002392	0.04591	0.0451	0.09483	0.1651	0.2724	35010.0	30240.0	0.2971	1.0
a1[2,99]	0.05176	0.0006074	0.08236	0.02162	0.00183	0.02005	0.3012	16370.0	26090.0	0.1389	1.0
a1[2,100]	0.2213	0.002006	0.1518	0.1983	0.01854	0.2205	0.5168	4315.0	5995.0	0.03661	1.002
a1[2,101]	0.0761	0.0001818	0.03553	0.02964	0.03089	0.06801	0.1666	37000.0	29860.0	0.3139	1.0
a1[2,102]	0.05566	0.000578	0.0853	0.0262	0.001036	0.0234	0.3128	17090.0	26840.0	0.145	1.0
a1[2,103]	0.06802	0.0008282	0.08055	0.03786	0.003722	0.0336	0.2938	4952.0	14620.0	0.04202	1.001
a1[2,104]	0.05919	0.0007271	0.08155	0.02481	0.003922	0.02424	0.3051	8470.0	21070.0	0.07186	1.0
a1[2,105]	0.2125	0.0002638	0.0534	0.05396	0.1162	0.2101	0.3227	39200.0	27770.0	0.3326	1.0
a1[2,106]	0.6398	0.0007468	0.1491	0.1473	0.3094	0.6532	0.8881	44490.0	22520.0	0.3774	1.0
a1[2,107]	0.1474	0.001172	0.1496	0.1144	0.001952	0.09545	0.5384	9323.0	10880.0	0.0791	1.001
a1[2,108]	0.03902	0.000472	0.06647	0.01784	0.0006357	0.01554	0.233	17880.0	26450.0	0.1517	1.0
a1[2,109]	0.1282	0.0004754	0.0736	0.06414	0.03826	0.1094	0.3132	22250.0	26400.0	0.1888	1.0
a1[2,110]	0.08769	0.0004305	0.0636	0.04154	0.02411	0.06741	0.2639	21970.0	29040.0	0.1864	1.0
a1[2,111]	0.5421	0.0006276	0.1235	0.1246	0.3014	0.5422	0.7822	39620.0	27450.0	0.3362	1.0
a1[2,112]	0.2206	0.0003741	0.06814	0.0683	0.1072	0.214	0.3695	30510.0	24480.0	0.2589	1.0
a1[2,113]	0.165	0.000664	0.1034	0.1011	0.03195	0.1443	0.4132	18520.0	18990.0	0.1572	1.0
a1[2,114]	0.1863	0.0001511	0.03639	0.03583	0.1169	0.1855	0.2603	57000.0	29560.0	0.4836	1.0
a1[2,115]	0.1184	0.0009154	0.1089	0.07155	0.01632	0.07598	0.4037	10740.0	24860.0	0.09116	1.0
a1[2,116]	0.1771	0.0001681	0.03714	0.03619	0.1142	0.1737	0.259	49060.0	33570.0	0.4163	1.0
a1[2,117]	0.1126	0.000666	0.08968	0.05336	0.02821	0.08204	0.37	20030.0	22990.0	0.17	1.0
a1[2,118]	0.1419	0.0005182	0.08416	0.08072	0.03449	0.1231	0.3434	22220.0	23360.0	0.1885	1.0
a1[2,119]	0.4331	0.001283	0.1846	0.2081	0.1005	0.436	0.7787	19420.0	14040.0	0.1648	1.0
a1[2,120]	0.2748	0.0007952	0.1074	0.1121	0.07734	0.2732	0.4898	16950.0	11640.0	0.1439	1.0
a1[2,121]	0.04872	0.0006328	0.08056	0.01862	0.002463	0.01933	0.2955	14440.0	22980.0	0.1225	1.0
a1[2,122]	0.2536	0.0006667	0.07763	0.07785	0.1102	0.2513	0.4126	12610.0	14030.0	0.1069	1.0
a1[2,123]	0.1631	0.0006085	0.07963	0.07489	0.05521	0.1479	0.355	15380.0	21790.0	0.1305	1.0
a1[2,124]	0.1586	0.0002146	0.04363	0.04195	0.08893	0.1535	0.2582	39950.0	31970.0	0.3389	1.0
a1[2,125]	0.3406	0.0005143	0.09621	0.09671	0.1676	0.3361	0.5419	32920.0	23270.0	0.2793	1.0
a1[2,126]	0.3252	0.0004394	0.08718	0.08749	0.1622	0.3229	0.5028	37630.0	20590.0	0.3193	1.0
a1[2,127]	0.3064	0.0002534	0.05598	0.05545	0.2039	0.3037	0.4226	48440.0	33820.0	0.411	1.0
a1[2,128]	0.1683	0.0002776	0.0543	0.0529	0.08036	0.1624	0.291	35780.0	27670.0	0.3036	1.0
a1[2,129]	0.1415	0.0001727	0.03744	0.03649	0.07976	0.1375	0.2253	46000.0	32270.0	0.3903	1.0
a1[2,130]	0.09964	0.000234	0.02917	0.02782	0.05446	0.09548	0.1672	15650.0	26010.0	0.1327	1.0
a1[2,131]	0.03684	0.000474	0.05907	0.02099	0.00025	0.01614	0.2032	8896.0	18530.0	0.07547	1.0
a1[2,132]	0.02648	0.0004312	0.05421	0.0107	0.0003146	0.009139	0.1762	12360.0	21940.0	0.1048	1.0
a1[2,133]	0.1502	0.0001912	0.04053	0.03907	0.08398	0.1459	0.2416	43180.0	29420.0	0.3664	1.0
a1[2,134]	0.02621	0.0004503	0.05437	0.009691	0.0005529	0.009135	0.1752	13400.0	18320.0	0.1137	1.0
a1[2,135]	0.1964	0.0002149	0.04371	0.04371	0.1198	0.1935	0.2901	40070.0	30950.0	0.34	1.0
a1[2,136]	0.1112	0.0002563	0.0439	0.03958	0.04991	0.1028	0.2183	27390.0	28370.0	0.2324	1.0
a1[2,137]	0.1808	0.000143	0.03498	0.03523	0.1167	0.1792	0.2534	59560.0	32670.0	0.5053	1.0
a1[2,138]	0.1838	0.0003463	0.06724	0.06484	0.07945	0.175	0.3395	34310.0	24550.0	0.2911	1.0
a1[2,139]	0.127	0.000269	0.05235	0.04895	0.05211	0.1177	0.2494	33500.0	25580.0	0.2842	1.0
a1[2,140]	0.1148	0.00042	0.06235	0.05215	0.03925	0.09851	0.273	19970.0	28660.0	0.1694	1.0
a1[2,141]	0.2973	0.000451	0.08918	0.0917	0.1404	0.2912	0.483	35180.0	21500.0	0.2984	1.0
a1[2,142]	0.1968	0.0003955	0.06294	0.0616	0.09101	0.1912	0.3364	22970.0	20330.0	0.1949	1.0
a1[2,143]	0.218	0.0002864	0.05847	0.05749	0.1151	0.2136	0.3444	38670.0	24990.0	0.3281	1.0
a1[2,144]	0.1454	0.0006654	0.1084	0.09021	0.02503	0.1169	0.4223	21820.0	22330.0	0.1851	1.0
a1[2,145]	0.2187	0.0003947	0.07761	0.07602	0.08836	0.2121	0.3897	33340.0	19850.0	0.2829	1.0
a1[2,146]	0.2875	0.0006398	0.1189	0.1225	0.07959	0.2798	0.5357	28390.0	13020.0	0.2409	1.0
a1[2,147]	0.3112	0.0004504	0.08796	0.0899	0.1484	0.3086	0.4892	35850.0	21850.0	0.3041	1.0
a1[2,148]	0.1559	0.0001998	0.04413	0.04312	0.08262	0.1515	0.2537	45710.0	29080.0	0.3878	1.0
a1[2,149]	0.05744	0.0001318	0.02445	0.02028	0.02555	0.05199	0.1201	34200.0	32640.0	0.2901	1.0
a1[2,150]	0.2576	0.001042	0.04814	0.04709	0.1613	0.2582	0.352	2166.0	2450.0	0.01837	1.001
a1[2,151]	0.1505	0.0002648	0.05001	0.04953	0.06957	0.145	0.2629	32980.0	27380.0	0.2798	1.0
a1[2,152]	0.1069	0.0004171	0.07189	0.05484	0.0276	0.08695	0.2963	26670.0	27040.0	0.2263	1.0
a1[2,153]	0.03782	0.0006097	0.07603	0.01472	0.0003431	0.01223	0.2615	12320.0	21400.0	0.1046	1.0
a1[2,154]	0.06353	0.001173	0.1083	0.02098	0.005888	0.02496	0.4328	12520.0	10830.0	0.1062	1.001
a1[2,155]	0.04162	0.0004758	0.06419	0.01835	0.00144	0.01708	0.2346	14860.0	26470.0	0.1261	1.0
b1_mu[1]	11.3	0.01606	0.9924	0.9873	9.432	11.27	13.31	3847.0	9354.0	0.03264	1.001
b1_mu[2]	11.74	0.01739	1.054	1.052	9.764	11.71	13.88	3671.0	8590.0	0.03115	1.001
b3_mu[1]	1.386	0.002336	0.1095	0.1087	1.17	1.386	1.601	2200.0	4974.0	0.01867	1.001
b3_mu[2]	1.16	0.002399	0.1098	0.1102	0.9433	1.161	1.374	2110.0	4764.0	0.01791	1.001
b4_mu[1]	-0.1589	0.002023	0.09657	0.09601	-0.3476	-0.159	0.03021	2277.0	4605.0	0.01932	1.001
b4_mu[2]	-0.06911	0.001955	0.09522	0.0943	-0.2553	-0.06979	0.1197	2372.0	4995.0	0.02013	1.001
a1_mu[1]	0.1151	0.0002169	0.01486	0.01475	0.08751	0.1144	0.1457	4677.0	9733.0	0.03968	1.001
a1_mu[2]	0.116	0.0002619	0.01597	0.01581	0.08654	0.1154	0.1491	3730.0	7465.0	0.03165	1.001
