	Mean	MCSE	StdDev	MAD	2.5%	50%	97.5%	ESS_bulk	ESS_tail	ESS_bulk/s	R_hat
lp__	-31250.0	0.4847	42.95	42.6	-31330.0	-31250.0	-31160.0	7846.0	15980.0	0.06142	1.0
theta_mu[1,1]	1.075	0.001418	0.1089	0.1078	0.8714	1.071	1.302	5867.0	13470.0	0.04593	1.001
theta_mu[1,2]	1.072	0.001408	0.1082	0.107	0.8725	1.068	1.298	5861.0	13240.0	0.04588	1.0
theta_mu[2,1]	1.264	0.001189	0.1202	0.1193	1.042	1.26	1.514	10220.0	19020.0	0.08002	1.0
theta_mu[2,2]	1.19	0.00162	0.1225	0.1221	0.9675	1.184	1.448	5819.0	12630.0	0.04555	1.001
theta_mu[3,1]	0.2891	0.0003542	0.02181	0.02177	0.2467	0.289	0.3323	3785.0	7668.0	0.02963	1.001
theta_mu[3,2]	0.2338	0.0003588	0.02186	0.02178	0.191	0.2337	0.277	3709.0	8014.0	0.02903	1.001
theta_mu[4,1]	-0.03336	0.0003169	0.01904	0.01892	-0.07071	-0.0335	0.004152	3628.0	7975.0	0.0284	1.001
theta_mu[4,2]	-0.01414	0.0003295	0.01917	0.01912	-0.05192	-0.01405	0.02345	3397.0	6811.0	0.02659	1.001
theta_mu[5,1]	-1.184	0.001089	0.08389	0.08411	-1.351	-1.184	-1.022	5942.0	12520.0	0.04652	1.001
theta_mu[5,2]	-1.132	0.001176	0.08547	0.08544	-1.302	-1.132	-0.9662	5281.0	10720.0	0.04134	1.001
theta_mu[6,1]	-1.35	0.0009325	0.08517	0.08577	-1.518	-1.351	-1.184	8374.0	15970.0	0.06556	1.0
theta_mu[6,2]	-1.242	0.001134	0.09049	0.09037	-1.422	-1.241	-1.068	6368.0	13770.0	0.04986	1.0
theta_c_pr[1,1]	1.038	0.002989	0.5957	0.5741	0.06159	0.9697	2.384	40640.0	30920.0	0.3181	1.0
theta_c_pr[1,2]	-0.8821	0.002089	0.162	0.1585	-1.205	-0.8799	-0.5703	5989.0	14020.0	0.04689	1.001
theta_c_pr[1,3]	0.2548	0.002692	0.3925	0.3616	-0.3805	0.209	1.164	22560.0	25210.0	0.1766	1.0
theta_c_pr[1,4]	-0.5822	0.003799	0.5022	0.3585	-1.234	-0.6986	0.7738	18100.0	21100.0	0.1417	1.0
theta_c_pr[1,5]	0.1095	0.01351	0.7472	0.5592	-0.8137	-0.1139	2.01	3736.0	10390.0	0.02925	1.001
theta_c_pr[1,6]	-0.06893	0.002881	0.4195	0.3591	-0.6889	-0.1385	0.9666	22050.0	22820.0	0.1726	1.0
theta_c_pr[1,7]	1.192	0.003076	0.5913	0.5831	0.2035	1.135	2.5	37720.0	30130.0	0.2953	1.0
theta_c_pr[1,8]	0.8349	0.004086	0.5031	0.4824	0.007972	0.7782	1.968	15140.0	26720.0	0.1185	1.0
theta_c_pr[1,9]	-0.2469	0.003659	0.352	0.2951	-0.7651	-0.3076	0.6122	9180.0	18750.0	0.07187	1.001
theta_c_pr[1,10]	-0.928	0.002851	0.2334	0.1794	-1.297	-0.9482	-0.4059	6621.0	12130.0	0.05183	1.0
theta_c_pr[1,11]	0.5343	0.003296	0.5896	0.5714	-0.3904	0.4561	1.891	33000.0	29680.0	0.2584	1.0
theta_c_pr[1,12]	0.7954	0.00291	0.542	0.5202	-0.08435	0.7311	2.022	37580.0	28470.0	0.2942	1.0
theta_c_pr[1,13]	-0.2936	0.004273	0.6357	0.5461	-1.12	-0.4481	1.295	26870.0	27840.0	0.2104	1.0
theta_c_pr[1,14]	-0.6779	0.003795	0.738	0.6407	-1.843	-0.8034	1.065	42650.0	28200.0	0.3339	1.0
theta_c_pr[1,15]	0.6823	0.003109	0.5432	0.5206	-0.1744	0.6121	1.93	31560.0	28570.0	0.2471	1.0
theta_c_pr[1,16]	-0.2467	0.003681	0.6034	0.5075	-1.03	-0.394	1.263	30200.0	26040.0	0.2364	1.0
theta_c_pr[1,17]	0.3402	0.004275	0.4616	0.3803	-0.3271	0.2607	1.525	15950.0	11330.0	0.1249	1.0
theta_c_pr[1,18]	-0.1375	0.004532	0.6484	0.5932	-1.017	-0.2758	1.418	22410.0	26360.0	0.1755	1.0
theta_c_pr[1,19]	-0.1165	0.003636	0.6476	0.5969	-1.019	-0.2445	1.449	35100.0	29430.0	0.2748	1.0
theta_c_pr[1,20]	1.938	0.002786	0.6516	0.6484	0.7856	1.9	3.314	56170.0	29760.0	0.4397	1.0
theta_c_pr[1,21]	-0.7601	0.002409	0.2179	0.1835	-1.128	-0.7767	-0.293	8166.0	14010.0	0.06393	1.0
theta_c_pr[1,22]	-1.582	0.004315	0.5932	0.4002	-2.551	-1.643	0.03002	23170.0	15380.0	0.1814	1.0
theta_c_pr[1,23]	0.5434	0.002364	0.3687	0.357	-0.09271	0.5131	1.351	24600.0	27140.0	0.1926	1.0
theta_c_pr[1,24]	-0.4806	0.003439	0.3178	0.2402	-0.9357	-0.5298	0.3112	10410.0	9883.0	0.08153	1.0
theta_c_pr[1,25]	1.435	0.002847	0.6155	0.6081	0.3833	1.381	2.778	49540.0	29300.0	0.3878	1.0
theta_c_pr[1,26]	1.231	0.002854	0.6377	0.6359	0.155	1.177	2.636	52000.0	31420.0	0.407	1.0
theta_c_pr[1,27]	1.376	0.002986	0.6565	0.6589	0.2471	1.326	2.787	49760.0	27700.0	0.3896	1.0
theta_c_pr[1,28]	-0.4478	0.004639	0.6735	0.5753	-1.301	-0.6235	1.232	25050.0	27230.0	0.1961	1.0
theta_c_pr[1,29]	-0.4784	0.003173	0.3958	0.2874	-1.003	-0.5592	0.5582	16690.0	17630.0	0.1307	1.0
theta_c_pr[1,30]	-0.6529	0.00314	0.3636	0.2608	-1.138	-0.7231	0.2905	12440.0	16920.0	0.09737	1.0
theta_c_pr[1,31]	1.753	0.002713	0.6258	0.6164	0.6541	1.713	3.084	54900.0	29180.0	0.4298	1.0
theta_c_pr[1,32]	-1.065	0.004218	0.5327	0.3174	-1.835	-1.159	0.4438	21290.0	14810.0	0.1667	1.0
theta_c_pr[1,33]	-0.9014	0.004589	0.7649	0.6085	-2.035	-1.075	0.9829	33990.0	25990.0	0.2661	1.0
theta_c_pr[1,34]	-0.505	0.00381	0.6927	0.5954	-1.48	-0.6601	1.189	40350.0	28840.0	0.3159	0.9999
theta_c_pr[1,35]	-0.7097	0.00229	0.2125	0.1894	-1.083	-0.7217	-0.2716	8407.0	15690.0	0.06581	1.0
theta_c_pr[1,36]	0.9606	0.00346	0.4608	0.4481	0.1655	0.9225	1.969	18140.0	25290.0	0.142	1.0
theta_c_pr[1,37]	-0.7704	0.004373	0.5321	0.3124	-1.366	-0.932	0.73	15520.0	19090.0	0.1215	1.0
theta_c_pr[1,38]	2.132	0.002884	0.6414	0.6403	0.9868	2.096	3.495	51290.0	29150.0	0.4015	1.0
theta_c_pr[1,39]	1.897	0.002925	0.6286	0.6286	0.7781	1.863	3.234	48150.0	28870.0	0.3769	1.0
theta_c_pr[1,40]	-1.065	0.00454	0.7712	0.607	-2.281	-1.204	0.8438	34000.0	26870.0	0.2662	1.0
theta_c_pr[1,41]	-0.9786	0.00464	0.7955	0.655	-2.202	-1.134	0.9716	34360.0	27240.0	0.269	1.0
theta_c_pr[1,42]	-0.1512	0.003412	0.4994	0.4068	-0.828	-0.2619	1.124	24870.0	22780.0	0.1947	1.0
theta_c_pr[1,43]	0.6369	0.003101	0.5899	0.5686	-0.2953	0.5589	1.99	38740.0	29330.0	0.3033	1.0
theta_c_pr[1,44]	-0.7421	0.004675	0.7251	0.584	-1.741	-0.9252	1.076	32760.0	27460.0	0.2565	1.0
theta_c_pr[1,45]	0.01315	0.003665	0.5321	0.4694	-0.7384	-0.09083	1.33	22700.0	27290.0	0.1777	1.0
theta_c_pr[1,46]	-0.1776	0.003335	0.6647	0.6099	-1.154	-0.2973	1.42	45380.0	29130.0	0.3553	1.0
theta_c_pr[1,47]	-0.04767	0.002325	0.3018	0.2834	-0.5547	-0.07702	0.6276	16940.0	24740.0	0.1326	1.0
theta_c_pr[1,48]	0.3708	0.002696	0.4138	0.3855	-0.3063	0.3225	1.327	23520.0	24550.0	0.1841	1.0
theta_c_pr[1,49]	-0.3876	0.004423	0.6874	0.6183	-1.296	-0.5503	1.29	26710.0	27990.0	0.2091	1.0
theta_c_pr[1,50]	-0.5032	0.004225	0.6783	0.572	-1.385	-0.6728	1.199	32010.0	27520.0	0.2506	1.0
theta_c_pr[1,51]	-0.9175	0.004481	0.6413	0.4253	-1.739	-1.093	0.809	24190.0	23180.0	0.1894	1.0
theta_c_pr[1,52]	-0.8289	0.003656	0.5472	0.3812	-1.557	-0.9587	0.6361	27620.0	21180.0	0.2162	1.0
theta_c_pr[1,53]	0.09267	0.002699	0.4043	0.3614	-0.5348	0.03301	1.05	23630.0	25470.0	0.185	1.0
theta_c_pr[1,54]	0.2152	0.002413	0.3385	0.3217	-0.3577	0.1832	0.9703	20380.0	22620.0	0.1596	1.0
theta_c_pr[1,55]	-0.4479	0.00503	0.6778	0.5694	-1.289	-0.6396	1.216	21270.0	22430.0	0.1665	1.0
theta_c_pr[1,56]	-0.8818	0.004651	0.6997	0.4889	-1.793	-1.084	0.9287	28860.0	26080.0	0.2259	1.0
theta_c_pr[1,57]	-0.1685	0.0033	0.5022	0.416	-0.8573	-0.2744	1.106	26880.0	22760.0	0.2105	1.0
theta_c_pr[1,58]	0.1425	0.002883	0.5095	0.4614	-0.6237	0.06039	1.366	35570.0	25970.0	0.2785	1.0
theta_c_pr[1,59]	-0.6355	0.002401	0.223	0.1882	-1.013	-0.6529	-0.1628	9125.0	15480.0	0.07143	1.001
theta_c_pr[1,60]	-0.4224	0.002226	0.2411	0.2144	-0.8295	-0.4429	0.1082	11220.0	19330.0	0.08785	1.0
theta_c_pr[1,61]	-0.07123	0.008306	0.6166	0.4975	-0.9203	-0.2058	1.513	6515.0	11300.0	0.051	1.0
theta_c_pr[1,62]	0.4817	0.002915	0.5046	0.471	-0.2977	0.4122	1.666	32270.0	26830.0	0.2526	1.0
theta_c_pr[1,63]	-0.4329	0.0036	0.5616	0.4451	-1.15	-0.5736	1.021	26900.0	26040.0	0.2106	1.0
theta_c_pr[1,64]	-0.2223	0.004006	0.6966	0.6685	-1.198	-0.3589	1.434	34150.0	28130.0	0.2673	1.0
theta_c_pr[1,65]	-0.4495	0.004497	0.6927	0.6137	-1.353	-0.6174	1.252	27740.0	26890.0	0.2171	1.0
theta_c_pr[1,66]	0.6143	0.002953	0.4552	0.4251	-0.1175	0.5597	1.667	25650.0	24240.0	0.2008	1.0
theta_c_pr[1,67]	-0.3578	0.004406	0.6449	0.5383	-1.174	-0.5262	1.263	26520.0	25440.0	0.2076	1.0
theta_c_pr[1,68]	-0.6333	0.004427	0.7129	0.5873	-1.567	-0.8182	1.131	31600.0	29550.0	0.2474	1.0
theta_c_pr[1,69]	0.7792	0.002831	0.548	0.5232	-0.1014	0.7116	2.02	40230.0	30370.0	0.315	1.0
theta_c_pr[1,70]	-0.2893	0.003483	0.505	0.3863	-0.9452	-0.4082	1.04	25740.0	21530.0	0.2015	1.0
theta_c_pr[1,71]	1.086	0.00289	0.5762	0.5589	0.1211	1.032	2.375	42100.0	29800.0	0.3296	1.0
theta_c_pr[1,72]	-0.9009	0.004721	0.6803	0.4578	-1.791	-1.099	0.8937	26870.0	22310.0	0.2104	1.0
theta_c_pr[1,73]	-0.9421	0.004773	0.6951	0.4554	-1.885	-1.139	0.8864	28630.0	22730.0	0.2241	1.0
theta_c_pr[1,74]	-0.7092	0.002448	0.2388	0.1943	-1.09	-0.7334	-0.1714	9398.0	16840.0	0.07357	1.0
theta_c_pr[1,75]	-1.206	0.004601	0.6161	0.3517	-2.084	-1.336	0.54	24280.0	16980.0	0.1901	1.0
theta_c_pr[1,76]	-0.698	0.004175	0.7019	0.5558	-1.702	-0.8588	1.053	35480.0	26330.0	0.2777	1.0
theta_c_pr[1,77]	-0.8973	0.004578	0.6489	0.4125	-1.74	-1.079	0.8361	26130.0	22990.0	0.2045	1.0
theta_c_pr[1,78]	-0.2232	0.004889	0.7135	0.6959	-1.207	-0.3599	1.469	23870.0	26870.0	0.1868	1.0
theta_c_pr[1,79]	-0.6326	0.004221	0.7413	0.6418	-1.683	-0.7936	1.186	36690.0	28520.0	0.2872	1.0
theta_c_pr[1,80]	-0.3336	0.005852	0.4982	0.3677	-0.9737	-0.4523	1.005	8407.0	11630.0	0.06581	1.0
theta_c_pr[1,81]	0.4463	0.003399	0.6333	0.6107	-0.5368	0.3634	1.916	37420.0	29230.0	0.293	1.0
theta_c_pr[1,82]	-0.5678	0.004319	0.597	0.4464	-1.302	-0.7282	1.011	22810.0	22350.0	0.1786	1.0
theta_c_pr[1,83]	1.027	0.003103	0.6484	0.6439	-0.06239	0.9695	2.449	46560.0	30520.0	0.3645	1.0
theta_c_pr[1,84]	0.9044	0.002701	0.5431	0.5281	0.00146	0.853	2.118	42920.0	28240.0	0.336	1.0
theta_c_pr[1,85]	1.332	0.004093	0.6338	0.6238	0.2603	1.274	2.724	24490.0	28270.0	0.1917	1.0
theta_c_pr[1,86]	1.99	0.002736	0.6402	0.6353	0.8377	1.957	3.339	55350.0	30140.0	0.4333	1.0
theta_c_pr[1,87]	0.9507	0.003037	0.6433	0.6398	-0.1306	0.8885	2.36	46590.0	30770.0	0.3647	1.0
theta_c_pr[1,88]	-1.22	0.003618	0.3364	0.2086	-1.667	-1.268	-0.3748	10770.0	9833.0	0.08432	1.0
theta_c_pr[1,89]	0.3371	0.01103	0.6516	0.5309	-0.5173	0.1676	1.974	3955.0	11880.0	0.03096	1.001
theta_c_pr[1,90]	0.2361	0.003247	0.6448	0.6251	-0.7371	0.1358	1.736	42210.0	30240.0	0.3304	1.0
theta_c_pr[1,91]	-0.4783	0.001992	0.1994	0.1915	-0.8497	-0.4866	-0.0637	10010.0	18750.0	0.07839	1.0
theta_c_pr[1,92]	-1.347	0.003866	0.3282	0.2287	-1.845	-1.374	-0.6106	9221.0	9259.0	0.07219	1.0
theta_c_pr[1,93]	0.7097	0.003053	0.6084	0.5973	-0.2728	0.6381	2.082	40940.0	30860.0	0.3205	1.0
theta_c_pr[1,94]	-0.0791	0.004527	0.5532	0.4638	-0.8204	-0.203	1.319	16850.0	22380.0	0.1319	1.0
theta_c_pr[1,95]	0.4203	0.002764	0.4538	0.4235	-0.3048	0.3618	1.478	28270.0	26060.0	0.2213	1.0
theta_c_pr[1,96]	0.1898	0.003596	0.6684	0.6548	-0.8175	0.08916	1.724	34920.0	31110.0	0.2733	1.0
theta_c_pr[1,97]	-0.2272	0.003855	0.6739	0.6256	-1.155	-0.3675	1.4	34430.0	28740.0	0.2696	1.0
theta_c_pr[1,98]	1.219	0.002857	0.6311	0.6217	0.1459	1.168	2.604	50250.0	31310.0	0.3934	1.0
theta_c_pr[1,99]	-0.5493	0.00434	0.6871	0.5794	-1.41	-0.7341	1.174	29850.0	27510.0	0.2337	1.0
theta_c_pr[1,100]	0.2716	0.005153	0.6349	0.5613	-0.6276	0.1461	1.846	18330.0	19650.0	0.1435	1.0
theta_c_pr[1,101]	0.0182	0.003509	0.6427	0.6027	-0.9226	-0.09428	1.54	39120.0	28030.0	0.3063	1.0
theta_c_pr[1,102]	-0.6347	0.003942	0.703	0.5921	-1.637	-0.791	1.093	40500.0	26120.0	0.317	1.0
theta_c_pr[1,103]	-0.5323	0.00542	0.496	0.3425	-1.152	-0.6501	0.8508	10640.0	11640.0	0.08331	1.0
theta_c_pr[1,104]	-0.4509	0.006637	0.554	0.3733	-1.12	-0.5942	1.106	9452.0	10640.0	0.074	1.0
theta_c_pr[1,105]	0.9697	0.003145	0.543	0.5236	0.07297	0.9143	2.181	30950.0	28330.0	0.2423	1.0
theta_c_pr[1,106]	-1.366	0.004773	0.736	0.5212	-2.517	-1.49	0.5675	29110.0	22000.0	0.2279	1.0
theta_c_pr[1,107]	-1.564	0.003679	0.462	0.3445	-2.442	-1.56	-0.6271	20660.0	13000.0	0.1617	1.0
theta_c_pr[1,108]	-0.8324	0.004284	0.7598	0.64	-1.981	-0.9883	1.018	37010.0	28560.0	0.2897	1.0
theta_c_pr[1,109]	0.3669	0.003262	0.5971	0.5681	-0.5547	0.2808	1.746	40790.0	26800.0	0.3193	1.0
theta_c_pr[1,110]	0.2682	0.003728	0.6806	0.671	-0.7806	0.1731	1.82	34610.0	30630.0	0.2709	1.0
theta_c_pr[1,111]	-0.4817	0.003645	0.75	0.6968	-1.623	-0.6089	1.268	47560.0	30440.0	0.3723	1.0
theta_c_pr[1,112]	1.189	0.002888	0.615	0.6139	0.1525	1.132	2.538	46550.0	30870.0	0.3644	1.0
theta_c_pr[1,113]	-0.4526	0.003361	0.4807	0.3603	-1.073	-0.5685	0.813	20650.0	22730.0	0.1617	1.0
theta_c_pr[1,114]	1.568	0.00298	0.6188	0.6098	0.4877	1.525	2.903	44750.0	30070.0	0.3503	1.0
theta_c_pr[1,115]	-0.1796	0.003981	0.669	0.629	-1.097	-0.3123	1.432	29270.0	25860.0	0.2292	1.0
theta_c_pr[1,116]	1.856	0.002788	0.6332	0.6326	0.7353	1.817	3.21	53160.0	30510.0	0.4161	1.0
theta_c_pr[1,117]	0.204	0.003317	0.619	0.5881	-0.7222	0.1069	1.658	40070.0	28500.0	0.3137	1.0
theta_c_pr[1,118]	0.05024	0.003266	0.6145	0.5767	-0.8312	-0.06399	1.507	39670.0	28700.0	0.3105	1.0
theta_c_pr[1,119]	-0.7514	0.004181	0.806	0.719	-2.064	-0.8754	1.113	40940.0	30130.0	0.3205	1.0
theta_c_pr[1,120]	0.5222	0.002806	0.4655	0.4264	-0.2174	0.4626	1.6	29920.0	24720.0	0.2343	1.0
theta_c_pr[1,121]	-0.6607	0.004954	0.6118	0.4029	-1.356	-0.8608	0.9903	17690.0	21160.0	0.1385	1.0
theta_c_pr[1,122]	0.08562	0.002319	0.3072	0.2949	-0.4471	0.06076	0.7603	17640.0	23960.0	0.1381	1.0
theta_c_pr[1,123]	-0.1261	0.002969	0.4381	0.3674	-0.7526	-0.2067	0.9749	24510.0	22290.0	0.1919	1.0
theta_c_pr[1,124]	0.7732	0.002853	0.4959	0.471	-0.0371	0.7174	1.914	31900.0	27040.0	0.2497	1.0
theta_c_pr[1,125]	-0.5058	0.002036	0.1941	0.1915	-0.874	-0.5114	-0.1114	9064.0	17740.0	0.07096	1.0
theta_c_pr[1,126]	-0.5239	0.003273	0.3601	0.262	-1.014	-0.5898	0.4157	13940.0	13730.0	0.1091	1.0
theta_c_pr[1,127]	0.6227	0.002843	0.5622	0.5382	-0.2635	0.5494	1.924	41000.0	29920.0	0.321	1.0
theta_c_pr[1,128]	1.284	0.002923	0.57	0.5621	0.3046	1.236	2.53	38920.0	29530.0	0.3047	1.0
theta_c_pr[1,129]	0.815	0.003038	0.59	0.5685	-0.1331	0.7404	2.159	39670.0	29560.0	0.3106	1.0
theta_c_pr[1,130]	0.2766	0.01271	0.7279	0.569	-0.6574	0.06689	2.087	3978.0	9679.0	0.03114	1.001
theta_c_pr[1,131]	-1.374	0.004557	0.5935	0.3297	-2.278	-1.464	0.3334	20720.0	15440.0	0.1622	1.0
theta_c_pr[1,132]	-1.492	0.004208	0.4605	0.2688	-2.252	-1.52	-0.2319	13880.0	9349.0	0.1087	1.001
theta_c_pr[1,133]	0.7647	0.002969	0.5341	0.5009	-0.08818	0.6937	2.006	35530.0	26680.0	0.2782	1.0
theta_c_pr[1,134]	-0.5524	0.00468	0.7034	0.5999	-1.453	-0.7352	1.201	28380.0	26250.0	0.2222	1.0
theta_c_pr[1,135]	0.6967	0.005063	0.5241	0.4514	-0.09291	0.6149	2.011	14770.0	10710.0	0.1157	1.0
theta_c_pr[1,136]	0.684	0.003188	0.5303	0.5031	-0.1665	0.617	1.906	29200.0	27330.0	0.2286	1.0
theta_c_pr[1,137]	1.509	0.002845	0.582	0.5772	0.4785	1.474	2.745	42170.0	30120.0	0.3301	1.0
theta_c_pr[1,138]	0.2818	0.002982	0.5722	0.5378	-0.5821	0.1944	1.632	39810.0	30230.0	0.3116	1.0
theta_c_pr[1,139]	0.3581	0.003801	0.6469	0.6254	-0.6311	0.2642	1.838	30280.0	29130.0	0.2371	1.0
theta_c_pr[1,140]	0.3575	0.002992	0.548	0.5099	-0.4645	0.2682	1.65	36970.0	28520.0	0.2894	1.0
theta_c_pr[1,141]	-0.3076	0.002842	0.3456	0.2813	-0.8137	-0.3606	0.534	15270.0	19090.0	0.1195	1.0
theta_c_pr[1,142]	0.5916	0.003186	0.6036	0.5821	-0.3517	0.5109	1.975	37610.0	31120.0	0.2944	1.0
theta_c_pr[1,143]	0.2717	0.002881	0.4983	0.4611	-0.4989	0.1993	1.445	32690.0	27150.0	0.2559	1.0
theta_c_pr[1,144]	-0.4903	0.003521	0.5798	0.4662	-1.269	-0.623	1.02	30440.0	25350.0	0.2383	1.0
theta_c_pr[1,145]	0.7604	0.002979	0.6034	0.5903	-0.2075	0.6862	2.131	43750.0	29630.0	0.3425	1.0
theta_c_pr[1,146]	-0.8606	0.002835	0.2588	0.193	-1.252	-0.8923	-0.247	7949.0	13080.0	0.06223	1.0
theta_c_pr[1,147]	-0.4766	0.004059	0.6554	0.5603	-1.386	-0.6222	1.147	26200.0	29170.0	0.2051	1.0
theta_c_pr[1,148]	0.6992	0.003225	0.5617	0.5402	-0.2009	0.6307	1.986	31730.0	27850.0	0.2484	1.0
theta_c_pr[1,149]	0.5149	0.003215	0.6421	0.6265	-0.5055	0.4327	1.973	41950.0	30600.0	0.3284	1.0
theta_c_pr[1,150]	0.7467	0.01135	0.6944	0.5752	-0.1903	0.5783	2.472	4549.0	10420.0	0.03561	1.001
theta_c_pr[1,151]	0.5808	0.002929	0.5569	0.5349	-0.2896	0.51	1.863	38210.0	28090.0	0.2991	1.0
theta_c_pr[1,152]	-0.08741	0.003635	0.6096	0.5452	-0.9188	-0.2179	1.389	34030.0	26590.0	0.2664	1.0
theta_c_pr[1,153]	-1.256	0.004895	0.6151	0.3216	-2.085	-1.392	0.5383	21120.0	15250.0	0.1653	1.001
theta_c_pr[1,154]	-0.4417	0.005279	0.6965	0.6072	-1.316	-0.6289	1.281	19570.0	25150.0	0.1532	1.0
theta_c_pr[1,155]	-0.6897	0.004463	0.7011	0.5559	-1.626	-0.8746	1.059	30440.0	26180.0	0.2383	1.0
theta_c_pr[2,1]	1.686	0.002915	0.6611	0.6566	0.5152	1.644	3.092	52840.0	30180.0	0.4137	1.0
theta_c_pr[2,2]	-1.016	0.001877	0.1794	0.1768	-1.372	-1.013	-0.671	9158.0	18950.0	0.07169	1.0
theta_c_pr[2,3]	0.9432	0.002929	0.6436	0.6401	-0.1416	0.8844	2.357	50270.0	31000.0	0.3936	1.0
theta_c_pr[2,4]	-0.3115	0.004037	0.6227	0.548	-1.165	-0.4479	1.212	24730.0	27520.0	0.1936	1.0
theta_c_pr[2,5]	0.619	0.01611	0.9692	0.9216	-0.6728	0.341	2.786	4110.0	18430.0	0.03218	1.001
theta_c_pr[2,6]	-0.1558	0.003401	0.5894	0.5145	-0.9902	-0.2726	1.313	32920.0	27540.0	0.2577	1.0
theta_c_pr[2,7]	1.489	0.002712	0.5641	0.5564	0.4947	1.449	2.701	44530.0	31930.0	0.3486	1.0
theta_c_pr[2,8]	-0.6848	0.001775	0.2012	0.196	-1.072	-0.6881	-0.279	12860.0	22130.0	0.1007	1.0
theta_c_pr[2,9]	0.1567	0.003443	0.6514	0.6247	-0.8259	0.0572	1.671	38630.0	28710.0	0.3024	1.0
theta_c_pr[2,10]	-0.07765	0.003726	0.7278	0.7303	-1.175	-0.1851	1.579	37710.0	30830.0	0.2952	1.0
theta_c_pr[2,11]	0.3245	0.003317	0.6728	0.666	-0.7239	0.2353	1.848	42530.0	29940.0	0.3329	1.0
theta_c_pr[2,12]	1.561	0.002856	0.6685	0.6687	0.3825	1.521	2.986	56560.0	30950.0	0.4428	1.0
theta_c_pr[2,13]	-0.7249	0.004761	0.6829	0.4885	-1.527	-0.942	1.073	21370.0	26620.0	0.1673	1.0
theta_c_pr[2,14]	-0.7574	0.004478	0.9074	0.8789	-2.146	-0.9177	1.295	44010.0	31110.0	0.3445	1.0
theta_c_pr[2,15]	0.1383	0.003727	0.6725	0.6519	-0.8472	0.02307	1.719	33760.0	29210.0	0.2643	1.0
theta_c_pr[2,16]	-0.441	0.004713	0.7514	0.7059	-1.42	-0.6168	1.352	23370.0	25000.0	0.183	1.0
theta_c_pr[2,17]	0.1277	0.003371	0.5054	0.4278	-0.6199	0.04537	1.39	26620.0	18950.0	0.2084	1.0
theta_c_pr[2,18]	-0.463	0.003063	0.4482	0.3771	-1.112	-0.5448	0.6522	23880.0	21050.0	0.187	1.0
theta_c_pr[2,19]	-0.04991	0.003754	0.7792	0.7968	-1.268	-0.1458	1.69	41610.0	27410.0	0.3257	1.0
theta_c_pr[2,20]	1.249	0.003013	0.6179	0.6179	0.1821	1.203	2.591	43560.0	27420.0	0.341	1.0
theta_c_pr[2,21]	-0.1177	0.00355	0.6145	0.5538	-0.9894	-0.2348	1.374	32990.0	29020.0	0.2582	1.0
theta_c_pr[2,22]	-1.38	0.003272	0.2082	0.172	-1.751	-1.38	-1.042	5701.0	8371.0	0.04463	1.0
theta_c_pr[2,23]	0.3205	0.002708	0.4318	0.4014	-0.3842	0.2726	1.311	27020.0	25540.0	0.2115	1.0
theta_c_pr[2,24]	1.064	0.003799	0.7	0.7028	-0.1243	1.005	2.583	35050.0	29400.0	0.2744	1.0
theta_c_pr[2,25]	0.621	0.002552	0.4209	0.4162	-0.1232	0.5907	1.515	27570.0	29080.0	0.2158	1.0
theta_c_pr[2,26]	1.491	0.002803	0.6373	0.6391	0.366	1.453	2.844	53180.0	30800.0	0.4163	1.0
theta_c_pr[2,27]	0.1493	0.002953	0.5227	0.4846	-0.6653	0.07377	1.372	33840.0	27490.0	0.2649	1.0
theta_c_pr[2,28]	-0.373	0.006411	0.6729	0.5206	-1.228	-0.5539	1.372	12960.0	22220.0	0.1015	1.001
theta_c_pr[2,29]	-0.2483	0.003817	0.6452	0.5731	-1.128	-0.3876	1.332	30710.0	28420.0	0.2404	1.0
theta_c_pr[2,30]	0.3033	0.003585	0.7063	0.7027	-0.8121	0.2154	1.9	38820.0	31340.0	0.3039	1.0
theta_c_pr[2,31]	1.741	0.002909	0.6662	0.6652	0.5471	1.704	3.132	53360.0	31830.0	0.4177	1.0
theta_c_pr[2,32]	-0.549	0.005293	0.8095	0.8006	-1.617	-0.7207	1.372	22600.0	24020.0	0.1769	1.0
theta_c_pr[2,33]	-0.5293	0.004301	0.7136	0.613	-1.449	-0.7123	1.249	28240.0	27260.0	0.2211	1.0
theta_c_pr[2,34]	-0.6457	0.004464	0.8984	0.8653	-2.043	-0.8	1.4	42140.0	32200.0	0.3299	1.0
theta_c_pr[2,35]	0.262	0.003562	0.6748	0.6569	-0.761	0.1567	1.812	35890.0	31730.0	0.2809	1.0
theta_c_pr[2,36]	0.849	0.002973	0.582	0.5669	-0.1219	0.7889	2.14	40300.0	28900.0	0.3155	1.0
theta_c_pr[2,37]	-0.294	0.004315	0.7834	0.7765	-1.424	-0.431	1.522	34360.0	31190.0	0.269	1.0
theta_c_pr[2,38]	2.146	0.002715	0.6556	0.6561	0.9535	2.114	3.509	59910.0	31590.0	0.469	1.0
theta_c_pr[2,39]	1.396	0.002841	0.6239	0.6202	0.3156	1.348	2.747	49340.0	32050.0	0.3863	1.0
theta_c_pr[2,40]	-0.5747	0.004511	0.8276	0.8079	-1.742	-0.736	1.331	36000.0	31370.0	0.2818	1.0
theta_c_pr[2,41]	-0.873	0.001993	0.2087	0.1914	-1.26	-0.8793	-0.4479	10810.0	19470.0	0.08461	1.0
theta_c_pr[2,42]	0.04102	0.004323	0.8062	0.84	-1.2	-0.06124	1.818	33820.0	30270.0	0.2648	1.0
theta_c_pr[2,43]	0.4849	0.003257	0.6727	0.668	-0.602	0.4086	1.984	43940.0	30320.0	0.344	1.0
theta_c_pr[2,44]	-0.5856	0.004239	0.8707	0.8683	-1.883	-0.7327	1.385	46490.0	29890.0	0.3639	1.0
theta_c_pr[2,45]	0.5912	0.003268	0.6309	0.619	-0.4117	0.5112	2.032	40040.0	29160.0	0.3134	1.0
theta_c_pr[2,46]	0.0673	0.00356	0.7592	0.7676	-1.137	-0.02125	1.759	44790.0	30950.0	0.3507	1.0
theta_c_pr[2,47]	0.634	0.002797	0.4949	0.4732	-0.176	0.5779	1.751	33350.0	26560.0	0.261	1.0
theta_c_pr[2,48]	-0.3302	0.002027	0.2806	0.269	-0.8213	-0.35	0.2799	19290.0	25850.0	0.151	1.0
theta_c_pr[2,49]	-0.8202	0.005186	0.7711	0.5962	-1.792	-1.047	1.138	25680.0	27200.0	0.201	1.001
theta_c_pr[2,50]	-0.5266	0.00517	0.8215	0.7986	-1.627	-0.7025	1.407	24620.0	24190.0	0.1927	1.0
theta_c_pr[2,51]	-0.7831	0.004603	0.9119	0.8523	-2.206	-0.9543	1.287	42430.0	32380.0	0.3321	1.0
theta_c_pr[2,52]	-0.631	0.004787	0.8108	0.811	-1.751	-0.7935	1.224	30280.0	30120.0	0.237	1.0
theta_c_pr[2,53]	0.6471	0.003284	0.6656	0.6539	-0.4248	0.5723	2.153	43200.0	28430.0	0.3382	1.0
theta_c_pr[2,54]	1.412	0.002859	0.6497	0.6493	0.2715	1.366	2.798	52470.0	32550.0	0.4108	1.0
theta_c_pr[2,55]	-0.7331	0.004259	0.6093	0.4353	-1.48	-0.9063	0.8875	21170.0	25660.0	0.1658	1.0
theta_c_pr[2,56]	-0.7816	0.004497	0.8808	0.8186	-2.1	-0.9632	1.236	41430.0	32140.0	0.3244	1.0
theta_c_pr[2,57]	0.1061	0.003781	0.6831	0.6675	-0.9075	-0.003228	1.703	33360.0	30260.0	0.2612	1.0
theta_c_pr[2,58]	0.5086	0.003068	0.5926	0.5725	-0.4277	0.4315	1.871	38560.0	29000.0	0.3019	1.0
theta_c_pr[2,59]	0.1164	0.003222	0.5549	0.4994	-0.6959	0.01967	1.459	32310.0	27590.0	0.2529	1.0
theta_c_pr[2,60]	1.014	0.002728	0.5926	0.5903	0.0009996	0.9669	2.304	47580.0	29900.0	0.3724	1.0
theta_c_pr[2,61]	-0.07618	0.009433	0.7961	0.6697	-1.14	-0.2821	1.871	8515.0	20880.0	0.06666	1.0
theta_c_pr[2,62]	0.7253	0.003188	0.7037	0.7084	-0.4668	0.6643	2.24	50060.0	29090.0	0.3919	1.0
theta_c_pr[2,63]	-0.5653	0.00494	0.7622	0.6735	-1.562	-0.7523	1.307	24900.0	29310.0	0.1949	1.0
theta_c_pr[2,64]	-0.7735	0.004593	0.9596	0.9598	-2.28	-0.9294	1.349	45490.0	30510.0	0.3561	1.0
theta_c_pr[2,65]	-0.6214	0.004661	0.8383	0.7891	-1.772	-0.8014	1.36	35480.0	30830.0	0.2778	1.0
theta_c_pr[2,66]	0.7962	0.005131	0.6911	0.6918	-0.298	0.7101	2.343	18110.0	30930.0	0.1418	1.0
theta_c_pr[2,67]	-0.2605	0.004228	0.7792	0.7762	-1.369	-0.4	1.534	34450.0	30170.0	0.2697	1.0
theta_c_pr[2,68]	-0.5763	0.004602	0.7876	0.7133	-1.633	-0.7583	1.342	31770.0	31400.0	0.2487	1.0
theta_c_pr[2,69]	2.083	0.002899	0.6905	0.6896	0.8213	2.053	3.527	57490.0	31990.0	0.4501	1.0
theta_c_pr[2,70]	0.2447	0.003487	0.7397	0.7537	-0.9586	0.1645	1.871	44720.0	29950.0	0.3501	1.0
theta_c_pr[2,71]	0.08449	0.0054	0.5351	0.4506	-0.682	-0.02065	1.441	11550.0	17890.0	0.09043	1.0
theta_c_pr[2,72]	-1.063	0.005882	0.7724	0.5172	-2.041	-1.291	0.9697	21180.0	23420.0	0.1658	1.0
theta_c_pr[2,73]	-1.082	0.005748	0.9195	0.7297	-2.407	-1.343	1.117	28960.0	29090.0	0.2267	1.0
theta_c_pr[2,74]	-0.4358	0.004225	0.7079	0.6315	-1.362	-0.6065	1.304	28640.0	29200.0	0.2242	1.0
theta_c_pr[2,75]	-0.8672	0.005807	0.8329	0.6361	-1.886	-1.15	1.197	22020.0	29430.0	0.1724	1.0
theta_c_pr[2,76]	-0.8891	0.004728	0.9075	0.825	-2.275	-1.074	1.211	39820.0	31920.0	0.3118	1.0
theta_c_pr[2,77]	-0.744	0.004705	0.8627	0.78	-1.965	-0.9467	1.283	37010.0	31640.0	0.2897	1.0
theta_c_pr[2,78]	-0.3825	0.004792	0.8253	0.8205	-1.517	-0.5476	1.526	29850.0	32150.0	0.2337	1.0
theta_c_pr[2,79]	-0.905	0.005237	0.8901	0.7553	-2.163	-1.142	1.219	32190.0	31120.0	0.252	1.0
theta_c_pr[2,80]	0.5379	0.005432	0.7769	0.824	-0.6962	0.4585	2.212	19900.0	26770.0	0.1558	1.0
theta_c_pr[2,81]	0.3558	0.003628	0.7267	0.7217	-0.7928	0.2677	1.99	40310.0	30620.0	0.3156	1.0
theta_c_pr[2,82]	-0.4054	0.004992	0.8109	0.7803	-1.501	-0.5804	1.504	26920.0	30670.0	0.2107	1.0
theta_c_pr[2,83]	1.068	0.003311	0.6829	0.688	-0.1212	1.019	2.532	41830.0	31560.0	0.3274	1.0
theta_c_pr[2,84]	0.2014	0.003521	0.6995	0.6905	-0.8691	0.1042	1.802	41080.0	30630.0	0.3216	1.0
theta_c_pr[2,85]	0.7845	0.002948	0.6043	0.59	-0.2158	0.7184	2.134	44790.0	27940.0	0.3506	1.0
theta_c_pr[2,86]	1.309	0.002694	0.5506	0.542	0.3345	1.275	2.486	43350.0	29390.0	0.3394	1.0
theta_c_pr[2,87]	1.1	0.002967	0.6329	0.6239	0.01841	1.043	2.489	46440.0	31310.0	0.3636	1.0
theta_c_pr[2,88]	-0.1629	0.003995	0.7529	0.7497	-1.263	-0.2794	1.566	35690.0	30650.0	0.2794	1.0
theta_c_pr[2,89]	0.1554	0.002923	0.4991	0.4631	-0.6241	0.0836	1.306	30060.0	29870.0	0.2353	1.0
theta_c_pr[2,90]	-0.1776	0.003959	0.7755	0.7827	-1.313	-0.2982	1.594	37370.0	28720.0	0.2926	1.0
theta_c_pr[2,91]	-0.1845	0.003563	0.5728	0.5052	-1.001	-0.2917	1.225	28590.0	26130.0	0.2238	1.0
theta_c_pr[2,92]	-0.6161	0.00427	0.8741	0.8658	-1.941	-0.7633	1.355	45630.0	31750.0	0.3572	1.0
theta_c_pr[2,93]	0.4322	0.003642	0.6894	0.6837	-0.6502	0.3453	1.99	35720.0	30800.0	0.2796	1.0
theta_c_pr[2,94]	-0.3051	0.003963	0.6331	0.5444	-1.155	-0.4451	1.286	29720.0	24350.0	0.2326	1.0
theta_c_pr[2,95]	0.5735	0.002697	0.5009	0.4842	-0.2522	0.52	1.699	37280.0	27250.0	0.2919	1.0
theta_c_pr[2,96]	0.1454	0.00372	0.7426	0.7528	-1.037	0.06501	1.795	38220.0	26530.0	0.2992	1.0
theta_c_pr[2,97]	-0.6355	0.004607	0.8504	0.8214	-1.85	-0.8027	1.329	37690.0	31140.0	0.2951	1.0
theta_c_pr[2,98]	0.01596	0.003314	0.4757	0.4045	-0.6781	-0.06484	1.206	23810.0	21540.0	0.1864	1.0
theta_c_pr[2,99]	-0.4948	0.004263	0.8176	0.8061	-1.655	-0.6448	1.388	39540.0	31950.0	0.3096	1.0
theta_c_pr[2,100]	-0.02453	0.004866	0.7142	0.6411	-0.9992	-0.1828	1.716	23460.0	28010.0	0.1837	1.0
theta_c_pr[2,101]	0.445	0.003702	0.7463	0.7565	-0.778	0.3783	2.073	39570.0	28740.0	0.3098	1.0
theta_c_pr[2,102]	-0.7515	0.004408	0.931	0.909	-2.225	-0.906	1.321	47090.0	32860.0	0.3686	1.0
theta_c_pr[2,103]	-0.2357	0.005761	0.7131	0.6205	-1.179	-0.4087	1.544	17430.0	26790.0	0.1364	1.0
theta_c_pr[2,104]	-0.3377	0.004321	0.7568	0.7166	-1.382	-0.491	1.476	30760.0	30140.0	0.2408	1.0
theta_c_pr[2,105]	0.2484	0.002306	0.3351	0.3256	-0.3408	0.2255	0.9741	21590.0	26080.0	0.169	1.0
theta_c_pr[2,106]	-1.228	0.002049	0.1771	0.1707	-1.586	-1.222	-0.8966	7585.0	14910.0	0.05938	1.0
theta_c_pr[2,107]	-1.547	0.005124	0.3134	0.2123	-2.02	-1.564	-1.036	7188.0	6718.0	0.05627	1.0
theta_c_pr[2,108]	-0.565	0.004182	0.8898	0.8961	-1.941	-0.6945	1.417	48580.0	31310.0	0.3803	1.0
theta_c_pr[2,109]	0.2066	0.004261	0.7173	0.7203	-0.8713	0.0999	1.853	27030.0	32070.0	0.2116	1.0
theta_c_pr[2,110]	-0.1283	0.004005	0.7235	0.7093	-1.166	-0.2577	1.55	32950.0	31000.0	0.258	1.0
theta_c_pr[2,111]	-1.122	0.002344	0.2052	0.1895	-1.504	-1.127	-0.7074	8084.0	13350.0	0.06329	1.0
theta_c_pr[2,112]	-0.1119	0.002587	0.3938	0.354	-0.7307	-0.1644	0.818	24250.0	23210.0	0.1899	1.0
theta_c_pr[2,113]	-0.1365	0.003957	0.7758	0.793	-1.313	-0.241	1.607	36900.0	28430.0	0.2889	1.0
theta_c_pr[2,114]	0.6755	0.003143	0.433	0.4277	-0.08638	0.6476	1.603	19350.0	27070.0	0.1515	1.0
theta_c_pr[2,115]	0.07961	0.005987	0.6988	0.6244	-0.8808	-0.07645	1.76	15210.0	25620.0	0.1191	1.0
theta_c_pr[2,116]	0.9374	0.002957	0.5821	0.5616	-0.009153	0.8741	2.253	41210.0	28730.0	0.3226	1.0
theta_c_pr[2,117]	-0.01248	0.004422	0.7657	0.7815	-1.139	-0.1256	1.72	27540.0	27940.0	0.2156	1.0
theta_c_pr[2,118]	-0.1356	0.003423	0.5737	0.509	-0.9532	-0.2433	1.28	32210.0	26310.0	0.2522	1.0
theta_c_pr[2,119]	-1.12	0.002714	0.2378	0.1956	-1.519	-1.138	-0.6065	7751.0	14110.0	0.06068	1.0
theta_c_pr[2,120]	0.04538	0.004093	0.6159	0.5416	-0.824	-0.08282	1.57	23680.0	28280.0	0.1854	1.0
theta_c_pr[2,121]	-0.7987	0.004966	0.8878	0.8273	-2.061	-0.9978	1.278	35390.0	29630.0	0.277	1.0
theta_c_pr[2,122]	0.574	0.003002	0.5469	0.5175	-0.2987	0.5038	1.833	36030.0	27300.0	0.282	1.0
theta_c_pr[2,123]	-0.3415	0.002975	0.4233	0.3652	-0.9706	-0.4121	0.6832	20670.0	24320.0	0.1618	1.0
theta_c_pr[2,124]	1.202	0.003056	0.6623	0.6607	0.06141	1.152	2.636	47800.0	31590.0	0.3742	1.0
theta_c_pr[2,125]	-0.2296	0.002797	0.5172	0.5012	-1.073	-0.2863	0.9433	33950.0	26910.0	0.2658	1.0
theta_c_pr[2,126]	0.2057	0.00302	0.4574	0.4191	-0.5148	0.1476	1.281	24750.0	24470.0	0.1937	1.0
theta_c_pr[2,127]	-0.2942	0.002094	0.2683	0.2584	-0.7752	-0.3098	0.2765	16440.0	24860.0	0.1287	1.0
theta_c_pr[2,128]	-0.2334	0.003883	0.5707	0.4712	-0.9987	-0.3666	1.219	23140.0	26360.0	0.1812	1.0
theta_c_pr[2,129]	1.037	0.002862	0.6451	0.6387	-0.06437	0.9819	2.449	52410.0	31840.0	0.4103	1.0
theta_c_pr[2,130]	0.4259	0.006375	0.7875	0.824	-0.776	0.322	2.164	14860.0	30410.0	0.1163	1.0
theta_c_pr[2,131]	-1.018	0.00539	0.7919	0.5566	-2.074	-1.244	1.031	25180.0	27010.0	0.1971	1.0
theta_c_pr[2,132]	-0.5916	0.004584	0.8364	0.8133	-1.749	-0.7653	1.352	35900.0	31640.0	0.281	1.0
theta_c_pr[2,133]	0.6052	0.003043	0.6364	0.6212	-0.42	0.5309	2.039	45850.0	30790.0	0.3589	1.0
theta_c_pr[2,134]	-0.897	0.005493	0.8285	0.6501	-1.983	-1.14	1.149	25300.0	28720.0	0.1981	1.0
theta_c_pr[2,135]	1.134	0.003223	0.6934	0.6931	-0.04361	1.074	2.639	46770.0	32690.0	0.3661	1.0
theta_c_pr[2,136]	0.5783	0.00322	0.6696	0.6589	-0.5092	0.5015	2.069	45810.0	28640.0	0.3587	1.0
theta_c_pr[2,137]	1.52	0.003124	0.6634	0.6644	0.3702	1.469	2.943	46240.0	31290.0	0.362	1.0
theta_c_pr[2,138]	-0.2475	0.003406	0.5439	0.4642	-1.005	-0.3581	1.106	29350.0	25760.0	0.2297	1.0
theta_c_pr[2,139]	-0.2497	0.00421	0.6693	0.6091	-1.162	-0.3984	1.377	25610.0	29020.0	0.2005	1.0
theta_c_pr[2,140]	0.3569	0.003982	0.6805	0.65	-0.6518	0.2423	1.955	30330.0	30070.0	0.2374	1.0
theta_c_pr[2,141]	-0.4389	0.003277	0.4843	0.3897	-1.11	-0.5389	0.8221	24550.0	23250.0	0.1922	1.0
theta_c_pr[2,142]	-0.4504	0.004656	0.6105	0.4537	-1.206	-0.6178	1.16	18700.0	22980.0	0.1464	1.0
theta_c_pr[2,143]	-0.6877	0.001953	0.2325	0.2165	-1.108	-0.6996	-0.194	14650.0	22860.0	0.1147	1.0
theta_c_pr[2,144]	-0.3947	0.00428	0.8168	0.8296	-1.567	-0.5305	1.463	37710.0	30870.0	0.2952	1.0
theta_c_pr[2,145]	-0.7271	0.003937	0.5227	0.3684	-1.379	-0.8583	0.6997	19900.0	20650.0	0.1558	1.0
theta_c_pr[2,146]	-0.1812	0.003805	0.698	0.6559	-1.172	-0.3174	1.48	35890.0	29570.0	0.281	1.0
theta_c_pr[2,147]	-0.3639	0.003224	0.3897	0.2967	-0.9106	-0.4351	0.6511	16580.0	17250.0	0.1298	1.0
theta_c_pr[2,148]	0.4626	0.003259	0.6266	0.6145	-0.5379	0.3864	1.872	38540.0	29920.0	0.3017	1.0
theta_c_pr[2,149]	0.6304	0.0033	0.6494	0.6399	-0.4181	0.5527	2.092	39260.0	29890.0	0.3073	1.0
theta_c_pr[2,150]	0.01018	0.01019	0.6502	0.4135	-0.7716	-0.1579	1.878	5866.0	6641.0	0.04592	1.001
theta_c_pr[2,151]	0.2107	0.003212	0.6324	0.6125	-0.774	0.1309	1.67	39370.0	28340.0	0.3082	1.0
theta_c_pr[2,152]	-0.121	0.003841	0.7253	0.7135	-1.19	-0.2379	1.557	36780.0	31120.0	0.2879	1.0
theta_c_pr[2,153]	-0.5385	0.004049	0.8801	0.8859	-1.899	-0.6707	1.414	50380.0	30790.0	0.3944	1.0
theta_c_pr[2,154]	-0.1245	0.003894	0.7762	0.7789	-1.3	-0.2327	1.637	38790.0	30360.0	0.3037	1.0
theta_c_pr[2,155]	-0.4764	0.004291	0.805	0.7759	-1.599	-0.6389	1.404	38070.0	32070.0	0.2981	1.0
theta_c_pr[3,1]	0.2029	0.001659	0.2649	0.2622	-0.2875	0.1912	0.7511	25720.0	26870.0	0.2013	1.0
theta_c_pr[3,2]	-0.2607	0.001581	0.1823	0.1801	-0.611	-0.2648	0.1096	13270.0	22060.0	0.1039	1.0
theta_c_pr[3,3]	-0.6755	0.00174	0.2165	0.2154	-1.101	-0.6754	-0.2477	15500.0	23430.0	0.1213	1.0
theta_c_pr[3,4]	1.788	0.002027	0.3599	0.3579	1.144	1.767	2.548	32660.0	26760.0	0.2557	1.0
theta_c_pr[3,5]	-1.378	0.002035	0.218	0.2151	-1.816	-1.376	-0.954	11470.0	20860.0	0.08981	1.0
theta_c_pr[3,6]	-1.289	0.001926	0.1965	0.196	-1.683	-1.285	-0.9096	10410.0	19060.0	0.08152	1.0
theta_c_pr[3,7]	-0.4418	0.001673	0.2513	0.2506	-0.9242	-0.4447	0.05617	22540.0	25310.0	0.1765	1.0
theta_c_pr[3,8]	-0.8658	0.001817	0.2288	0.2274	-1.321	-0.8644	-0.4236	15870.0	22870.0	0.1242	1.0
theta_c_pr[3,9]	0.05203	0.001713	0.2317	0.2308	-0.3834	0.04714	0.5243	18380.0	28380.0	0.1439	1.0
theta_c_pr[3,10]	0.2633	0.001582	0.2024	0.1999	-0.115	0.2576	0.6781	16290.0	24230.0	0.1275	1.0
theta_c_pr[3,11]	-0.1422	0.001563	0.2119	0.212	-0.5471	-0.1462	0.285	18400.0	23840.0	0.1441	1.0
theta_c_pr[3,12]	-0.7559	0.001713	0.2052	0.2045	-1.16	-0.7566	-0.3511	14320.0	23620.0	0.1121	1.0
theta_c_pr[3,13]	-0.01826	0.001558	0.1753	0.1735	-0.3545	-0.02206	0.3369	12640.0	21200.0	0.09894	1.0
theta_c_pr[3,14]	2.59	0.00224	0.4561	0.4533	1.78	2.562	3.558	43540.0	28020.0	0.3408	1.0
theta_c_pr[3,15]	-1.145	0.001859	0.2146	0.2127	-1.576	-1.142	-0.7313	13360.0	22500.0	0.1046	1.0
theta_c_pr[3,16]	0.3574	0.001597	0.2108	0.2081	-0.03285	0.35	0.7944	17420.0	26480.0	0.1364	1.0
theta_c_pr[3,17]	-1.057	0.001846	0.217	0.214	-1.491	-1.055	-0.6372	13800.0	23920.0	0.1081	1.0
theta_c_pr[3,18]	-1.186	0.001873	0.1649	0.1639	-1.517	-1.183	-0.871	7728.0	16530.0	0.0605	1.001
theta_c_pr[3,19]	-0.583	0.001657	0.1518	0.1517	-0.8818	-0.5839	-0.2857	8388.0	17780.0	0.06567	1.0
theta_c_pr[3,20]	-0.2263	0.001594	0.2437	0.2426	-0.6933	-0.2308	0.2603	23380.0	24690.0	0.183	1.0
theta_c_pr[3,21]	-0.4787	0.001658	0.1789	0.1775	-0.8287	-0.4789	-0.126	11650.0	21190.0	0.09123	1.0
theta_c_pr[3,22]	2.148	0.002167	0.3961	0.3895	1.443	2.119	2.996	33810.0	29240.0	0.2647	1.0
theta_c_pr[3,23]	0.931	0.00189	0.3612	0.3571	0.2676	0.9139	1.684	37380.0	28290.0	0.2926	1.0
theta_c_pr[3,24]	-0.07642	0.001688	0.2159	0.2154	-0.4842	-0.08114	0.3621	16320.0	25700.0	0.1277	1.0
theta_c_pr[3,25]	-1.529	0.002062	0.2503	0.2471	-2.042	-1.52	-1.063	14680.0	25090.0	0.1149	1.0
theta_c_pr[3,26]	-0.3517	0.001689	0.2206	0.2197	-0.7773	-0.3547	0.08957	17110.0	21500.0	0.134	1.0
theta_c_pr[3,27]	0.04287	0.001639	0.2259	0.2248	-0.3852	0.03766	0.501	19040.0	25350.0	0.149	1.0
theta_c_pr[3,28]	-0.3544	0.001594	0.1526	0.1535	-0.6461	-0.355	-0.05435	9152.0	19070.0	0.07164	1.0
theta_c_pr[3,29]	0.292	0.001596	0.217	0.2149	-0.1143	0.2859	0.7398	18330.0	23040.0	0.1435	1.0
theta_c_pr[3,30]	-0.4208	0.001622	0.1745	0.1736	-0.7613	-0.4211	-0.077	11580.0	21500.0	0.09065	1.0
theta_c_pr[3,31]	0.6115	0.001728	0.333	0.329	-0.007595	0.5995	1.299	37620.0	28010.0	0.2945	1.0
theta_c_pr[3,32]	0.2112	0.001474	0.1821	0.1807	-0.1302	0.2049	0.5841	15230.0	25950.0	0.1192	1.0
theta_c_pr[3,33]	1.794	0.001887	0.3233	0.3208	1.208	1.778	2.471	29630.0	29040.0	0.232	1.0
theta_c_pr[3,34]	1.92	0.001991	0.3526	0.3504	1.282	1.899	2.667	32200.0	26550.0	0.2521	1.0
theta_c_pr[3,35]	-0.1841	0.001591	0.1964	0.1965	-0.5614	-0.1871	0.2083	15270.0	24170.0	0.1196	1.0
theta_c_pr[3,36]	0.266	0.001796	0.3154	0.3124	-0.3218	0.2532	0.9185	31260.0	25830.0	0.2447	1.0
theta_c_pr[3,37]	-0.9636	0.001778	0.157	0.1579	-1.275	-0.9622	-0.6609	7787.0	16460.0	0.06096	1.0
theta_c_pr[3,38]	0.03579	0.001739	0.2859	0.283	-0.4977	0.02533	0.622	27070.0	27360.0	0.2119	1.0
theta_c_pr[3,39]	0.4322	0.001785	0.3202	0.3177	-0.1572	0.4186	1.096	33040.0	26690.0	0.2586	1.0
theta_c_pr[3,40]	2.514	0.002243	0.434	0.4296	1.734	2.489	3.438	38940.0	26220.0	0.3049	1.0
theta_c_pr[3,41]	2.763	0.002292	0.482	0.4747	1.896	2.735	3.798	46830.0	28580.0	0.3666	1.0
theta_c_pr[3,42]	0.8612	0.001745	0.2739	0.2738	0.3616	0.8489	1.432	24800.0	28820.0	0.1941	1.0
theta_c_pr[3,43]	-0.3374	0.001589	0.2008	0.1974	-0.7252	-0.3399	0.06219	16000.0	23580.0	0.1253	1.0
theta_c_pr[3,44]	0.5587	0.001572	0.2039	0.2029	0.1778	0.5529	0.9778	16780.0	26150.0	0.1314	1.0
theta_c_pr[3,45]	-1.112	0.001848	0.1769	0.1752	-1.466	-1.11	-0.7667	9152.0	18970.0	0.07165	1.0
theta_c_pr[3,46]	1.908	0.002014	0.3623	0.3593	1.266	1.888	2.677	33190.0	27140.0	0.2598	1.0
theta_c_pr[3,47]	-0.3344	0.001572	0.2152	0.2157	-0.7512	-0.337	0.09321	18750.0	24670.0	0.1468	1.0
theta_c_pr[3,48]	0.3291	0.001569	0.246	0.2429	-0.1289	0.3202	0.8371	24650.0	26160.0	0.193	1.0
theta_c_pr[3,49]	0.3759	0.001518	0.1784	0.1767	0.03347	0.372	0.7368	13750.0	22290.0	0.1076	1.0
theta_c_pr[3,50]	0.04963	0.001536	0.1597	0.1591	-0.2553	0.04778	0.3701	10820.0	19990.0	0.08472	1.0
theta_c_pr[3,51]	1.413	0.001753	0.2782	0.2746	0.9022	1.399	1.99	25510.0	27390.0	0.1997	1.0
theta_c_pr[3,52]	1.081	0.001666	0.2326	0.2295	0.6498	1.071	1.563	19570.0	25490.0	0.1532	1.0
theta_c_pr[3,53]	-0.5611	0.001672	0.1952	0.1942	-0.9437	-0.5618	-0.1753	13610.0	21490.0	0.1065	1.0
theta_c_pr[3,54]	-0.2074	0.001649	0.2257	0.2262	-0.6391	-0.2115	0.2486	18750.0	23750.0	0.1468	1.0
theta_c_pr[3,55]	-0.04287	0.001574	0.1684	0.1671	-0.364	-0.04484	0.2976	11470.0	20840.0	0.08978	1.0
theta_c_pr[3,56]	-1.989	0.002261	0.1922	0.1914	-2.38	-1.985	-1.626	7188.0	16700.0	0.05627	1.001
theta_c_pr[3,57]	-0.3677	0.001605	0.1755	0.1748	-0.708	-0.3692	-0.01808	11960.0	21690.0	0.09362	1.0
theta_c_pr[3,58]	0.6739	0.001653	0.253	0.2516	0.2049	0.6646	1.198	23510.0	26340.0	0.1841	1.0
theta_c_pr[3,59]	0.2996	0.001618	0.2321	0.2279	-0.1322	0.2914	0.7779	20490.0	27560.0	0.1604	1.0
theta_c_pr[3,60]	-0.3966	0.001641	0.1975	0.1969	-0.7764	-0.3986	-0.004974	14520.0	21900.0	0.1137	1.0
theta_c_pr[3,61]	-2.24	0.002365	0.2885	0.2859	-2.831	-2.231	-1.702	14870.0	24830.0	0.1164	1.0
theta_c_pr[3,62]	0.3626	0.001631	0.2493	0.2472	-0.1026	0.3534	0.8744	23490.0	26900.0	0.1839	1.0
theta_c_pr[3,63]	-0.03005	0.001575	0.1704	0.1692	-0.3568	-0.03318	0.3106	11660.0	21350.0	0.09127	1.0
theta_c_pr[3,64]	0.578	0.001591	0.1998	0.1989	0.2052	0.5704	0.9879	15640.0	23480.0	0.1225	1.0
theta_c_pr[3,65]	-0.1316	0.001523	0.1512	0.1518	-0.4228	-0.1336	0.1696	9852.0	19960.0	0.07712	1.0
theta_c_pr[3,66]	0.01814	0.001642	0.2457	0.2454	-0.4471	0.01274	0.5176	22470.0	28010.0	0.1759	1.0
theta_c_pr[3,67]	-0.3174	0.001602	0.1556	0.1546	-0.6236	-0.3172	-0.01285	9435.0	16930.0	0.07386	1.0
theta_c_pr[3,68]	-0.3638	0.001582	0.1464	0.1457	-0.6499	-0.3645	-0.07503	8568.0	18230.0	0.06708	1.0
theta_c_pr[3,69]	0.5162	0.001651	0.2761	0.277	0.006561	0.5059	1.084	28400.0	27310.0	0.2223	1.0
theta_c_pr[3,70]	-0.825	0.001728	0.1671	0.1661	-1.158	-0.8227	-0.5005	9344.0	17560.0	0.07315	1.0
theta_c_pr[3,71]	-0.3908	0.00165	0.2053	0.2041	-0.7833	-0.3933	0.01975	15480.0	23240.0	0.1212	1.0
theta_c_pr[3,72]	-0.8434	0.001721	0.1447	0.1438	-1.132	-0.8419	-0.5646	7058.0	15710.0	0.05525	1.001
theta_c_pr[3,73]	-0.7986	0.001719	0.1436	0.1438	-1.084	-0.7974	-0.5182	6977.0	15770.0	0.05462	1.001
theta_c_pr[3,74]	1.106	0.001787	0.2883	0.2862	0.5787	1.093	1.701	26090.0	28700.0	0.2042	1.0
theta_c_pr[3,75]	-0.1822	0.001525	0.148	0.1483	-0.4687	-0.183	0.109	9400.0	18790.0	0.07359	1.0
theta_c_pr[3,76]	1.36	0.001867	0.2865	0.2831	0.841	1.347	1.965	23730.0	27940.0	0.1858	1.0
theta_c_pr[3,77]	-0.3753	0.001607	0.148	0.1472	-0.6634	-0.3759	-0.08244	8466.0	17690.0	0.06628	1.001
theta_c_pr[3,78]	-0.355	0.001569	0.1529	0.153	-0.6548	-0.3553	-0.05451	9508.0	19480.0	0.07443	1.0
theta_c_pr[3,79]	1.488	0.001909	0.2989	0.2968	0.9422	1.476	2.113	24720.0	28730.0	0.1936	1.0
theta_c_pr[3,80]	-0.869	0.00176	0.1737	0.1738	-1.216	-0.8673	-0.5337	9744.0	19790.0	0.07628	1.0
theta_c_pr[3,81]	-0.7237	0.001694	0.1672	0.1674	-1.055	-0.7227	-0.4004	9736.0	19690.0	0.07622	1.0
theta_c_pr[3,82]	-0.4174	0.001578	0.1498	0.1496	-0.708	-0.419	-0.1191	9022.0	19370.0	0.07063	1.0
theta_c_pr[3,83]	0.4492	0.001549	0.2415	0.2393	-0.0002882	0.4399	0.9505	24470.0	25480.0	0.1915	1.0
theta_c_pr[3,84]	-0.2123	0.00164	0.2215	0.2199	-0.6389	-0.2169	0.2357	18290.0	24100.0	0.1432	1.0
theta_c_pr[3,85]	-0.09204	0.001749	0.2433	0.242	-0.5504	-0.09836	0.4018	19440.0	27820.0	0.1522	1.0
theta_c_pr[3,86]	-0.8214	0.001741	0.2097	0.2086	-1.235	-0.8209	-0.41	14520.0	22080.0	0.1137	1.0
theta_c_pr[3,87]	-0.5103	0.001663	0.1877	0.1851	-0.8796	-0.5111	-0.1391	12750.0	22310.0	0.09978	1.0
theta_c_pr[3,88]	0.05676	0.00154	0.162	0.161	-0.2524	0.05341	0.3839	11070.0	19170.0	0.08663	1.0
theta_c_pr[3,89]	-0.7333	0.001725	0.1812	0.18	-1.093	-0.7313	-0.3798	11040.0	21440.0	0.08643	1.0
theta_c_pr[3,90]	-0.7697	0.001714	0.1616	0.1604	-1.093	-0.7684	-0.457	8871.0	16630.0	0.06944	1.0
theta_c_pr[3,91]	-0.1497	0.001685	0.2204	0.2188	-0.5667	-0.1548	0.2998	17140.0	26420.0	0.1342	1.0
theta_c_pr[3,92]	1.031	0.001724	0.2498	0.2456	0.5787	1.018	1.557	21050.0	26370.0	0.1648	1.0
theta_c_pr[3,93]	-0.1249	0.001674	0.2301	0.2288	-0.5646	-0.1294	0.3431	18900.0	27890.0	0.148	1.0
theta_c_pr[3,94]	0.115	0.001619	0.2002	0.1991	-0.2625	0.1104	0.5238	15250.0	21380.0	0.1194	1.0
theta_c_pr[3,95]	-0.8211	0.001724	0.1962	0.1943	-1.212	-0.8202	-0.4394	12960.0	21900.0	0.1014	1.0
theta_c_pr[3,96]	0.2081	0.001562	0.1966	0.1952	-0.1627	0.2032	0.6078	15870.0	24990.0	0.1242	1.0
theta_c_pr[3,97]	0.2684	0.001493	0.1818	0.182	-0.07408	0.2634	0.6392	14830.0	24380.0	0.1161	1.0
theta_c_pr[3,98]	-0.1413	0.001651	0.2313	0.2293	-0.5793	-0.1469	0.3259	19690.0	24930.0	0.1542	1.0
theta_c_pr[3,99]	-1.843	0.002169	0.1986	0.199	-2.244	-1.837	-1.468	8340.0	18070.0	0.06529	1.001
theta_c_pr[3,100]	-0.1426	0.001652	0.2028	0.2018	-0.5246	-0.1485	0.2658	15060.0	25100.0	0.1179	1.0
theta_c_pr[3,101]	0.5752	0.001569	0.2205	0.2183	0.1658	0.5679	1.031	19740.0	27290.0	0.1545	1.0
theta_c_pr[3,102]	1.801	0.001959	0.3369	0.3335	1.19	1.783	2.508	29820.0	29090.0	0.2334	1.0
theta_c_pr[3,103]	-0.1144	0.001556	0.1683	0.1685	-0.4361	-0.1169	0.2213	11690.0	21960.0	0.09152	1.0
theta_c_pr[3,104]	-0.4558	0.001611	0.1594	0.1586	-0.7659	-0.4555	-0.1389	9776.0	18480.0	0.07653	1.0
theta_c_pr[3,105]	-0.9177	0.001732	0.205	0.2052	-1.327	-0.9152	-0.523	14050.0	21710.0	0.11	1.0
theta_c_pr[3,106]	2.551	0.002281	0.4516	0.4447	1.751	2.524	3.524	41220.0	28570.0	0.3227	1.0
theta_c_pr[3,107]	1.694	0.001992	0.3225	0.3206	1.108	1.677	2.369	26740.0	28790.0	0.2093	1.0
theta_c_pr[3,108]	1.851	0.001957	0.3309	0.3291	1.255	1.833	2.548	28630.0	28020.0	0.2241	1.0
theta_c_pr[3,109]	-0.9192	0.001786	0.1708	0.1707	-1.26	-0.9175	-0.5896	9123.0	18730.0	0.07142	1.0
theta_c_pr[3,110]	-0.8108	0.001738	0.166	0.1645	-1.137	-0.8108	-0.4852	9107.0	18800.0	0.0713	1.001
theta_c_pr[3,111]	2.206	0.002042	0.3911	0.3891	1.503	2.186	3.031	38090.0	28820.0	0.2982	1.0
theta_c_pr[3,112]	-0.421	0.001661	0.2466	0.2453	-0.8986	-0.423	0.07382	22140.0	25220.0	0.1733	1.0
theta_c_pr[3,113]	-0.3538	0.001621	0.1771	0.1757	-0.6928	-0.3574	0.002915	11920.0	21830.0	0.09334	1.0
theta_c_pr[3,114]	-1.08	0.001875	0.2163	0.2149	-1.515	-1.078	-0.6584	13340.0	22000.0	0.1045	1.0
theta_c_pr[3,115]	-0.3157	0.00159	0.1675	0.1684	-0.6401	-0.3178	0.0189	11090.0	21440.0	0.08681	1.0
theta_c_pr[3,116]	0.6333	0.00175	0.3128	0.3091	0.06019	0.6183	1.286	32360.0	25690.0	0.2533	1.0
theta_c_pr[3,117]	-0.2737	0.001613	0.1794	0.1784	-0.6195	-0.2763	0.08232	12390.0	22770.0	0.09697	1.0
theta_c_pr[3,118]	-0.6232	0.001661	0.1703	0.1693	-0.9528	-0.6236	-0.2892	10520.0	21200.0	0.08237	1.0
theta_c_pr[3,119]	3.049	0.002417	0.5279	0.5193	2.104	3.016	4.171	50360.0	26950.0	0.3943	1.0
theta_c_pr[3,120]	-0.0193	0.001592	0.2454	0.2442	-0.4806	-0.02711	0.4831	23980.0	27060.0	0.1877	1.0
theta_c_pr[3,121]	-0.3378	0.001578	0.155	0.1547	-0.6399	-0.3388	-0.03196	9643.0	19080.0	0.07549	1.0
theta_c_pr[3,122]	-0.8748	0.001758	0.2161	0.2155	-1.306	-0.8735	-0.4546	15150.0	21700.0	0.1186	1.0
theta_c_pr[3,123]	-0.6864	0.001691	0.1706	0.1699	-1.023	-0.6863	-0.3496	10180.0	16860.0	0.07972	1.0
theta_c_pr[3,124]	0.2164	0.001632	0.3001	0.2969	-0.3377	0.2055	0.8329	34010.0	28490.0	0.2662	1.0
theta_c_pr[3,125]	-0.4515	0.001686	0.1977	0.1964	-0.8348	-0.4547	-0.05637	13790.0	22550.0	0.108	1.0
theta_c_pr[3,126]	-1.035	0.001795	0.1823	0.1815	-1.402	-1.032	-0.686	10310.0	21540.0	0.08072	1.0
theta_c_pr[3,127]	-0.4048	0.001595	0.1991	0.198	-0.7966	-0.4065	-0.01007	15560.0	21820.0	0.1218	1.0
theta_c_pr[3,128]	0.04876	0.00156	0.2357	0.2321	-0.3957	0.04289	0.5296	23010.0	25890.0	0.1801	1.0
theta_c_pr[3,129]	-0.6331	0.001682	0.2162	0.216	-1.053	-0.6335	-0.2089	16510.0	23780.0	0.1292	1.0
theta_c_pr[3,130]	-0.3397	0.001615	0.1786	0.1782	-0.6841	-0.341	0.01435	12240.0	23090.0	0.0958	1.0
theta_c_pr[3,131]	-0.3724	0.001578	0.151	0.1495	-0.6681	-0.3733	-0.07206	9152.0	19020.0	0.07165	1.0
theta_c_pr[3,132]	0.2394	0.001496	0.168	0.1667	-0.08272	0.2368	0.5746	12600.0	21900.0	0.09864	1.0
theta_c_pr[3,133]	-0.9432	0.001886	0.2227	0.2215	-1.384	-0.9431	-0.5083	13920.0	22600.0	0.109	1.0
theta_c_pr[3,134]	-1.188	0.001834	0.1528	0.1521	-1.494	-1.186	-0.8952	6923.0	13900.0	0.05419	1.0
theta_c_pr[3,135]	0.15	0.001809	0.2649	0.2626	-0.3465	0.1414	0.6962	21570.0	27720.0	0.1688	1.0
theta_c_pr[3,136]	-0.7655	0.001711	0.1865	0.186	-1.131	-0.766	-0.4007	11860.0	19980.0	0.09285	1.0
theta_c_pr[3,137]	0.5816	0.001997	0.3556	0.3511	-0.07215	0.5693	1.317	32450.0	28360.0	0.254	1.0
theta_c_pr[3,138]	-0.421	0.00162	0.1784	0.178	-0.7662	-0.4232	-0.06363	12160.0	19870.0	0.09518	1.0
theta_c_pr[3,139]	-0.7563	0.001721	0.1658	0.1654	-1.084	-0.7534	-0.4327	9280.0	20040.0	0.07265	1.0
theta_c_pr[3,140]	-1.024	0.001852	0.1974	0.1961	-1.417	-1.022	-0.6392	11360.0	21540.0	0.08894	1.0
theta_c_pr[3,141]	0.7118	0.001621	0.2751	0.2711	0.2064	0.7004	1.287	28840.0	26930.0	0.2258	1.0
theta_c_pr[3,142]	-0.2231	0.001589	0.2023	0.1997	-0.6093	-0.2268	0.1834	16170.0	25940.0	0.1266	1.0
theta_c_pr[3,143]	-0.6235	0.001692	0.184	0.1825	-0.982	-0.6236	-0.2608	11860.0	21100.0	0.09283	1.0
theta_c_pr[3,144]	0.8283	0.001701	0.265	0.2597	0.3392	0.8154	1.382	24240.0	26610.0	0.1898	1.0
theta_c_pr[3,145]	-0.5836	0.001655	0.2055	0.2048	-0.9828	-0.5837	-0.1769	15430.0	21720.0	0.1208	1.0
theta_c_pr[3,146]	0.01252	0.001576	0.1958	0.1937	-0.3574	0.008377	0.4092	15380.0	23070.0	0.1204	1.0
theta_c_pr[3,147]	2.357	0.002284	0.4398	0.4365	1.568	2.33	3.295	37900.0	28840.0	0.2967	1.0
theta_c_pr[3,148]	0.5295	0.001597	0.2696	0.2672	0.02903	0.5189	1.087	28740.0	26480.0	0.225	1.0
theta_c_pr[3,149]	-0.5629	0.001639	0.1644	0.164	-0.886	-0.5618	-0.241	10070.0	18420.0	0.07886	1.0
theta_c_pr[3,150]	0.5127	0.001901	0.2926	0.2929	-0.0182	0.5005	1.117	23950.0	27900.0	0.1875	1.0
theta_c_pr[3,151]	-0.4783	0.001707	0.2036	0.2017	-0.8726	-0.4805	-0.07282	14260.0	22190.0	0.1116	1.0
theta_c_pr[3,152]	1.211	0.001759	0.2895	0.2872	0.6878	1.198	1.812	27520.0	23670.0	0.2154	1.0
theta_c_pr[3,153]	-1.265	0.001854	0.156	0.155	-1.58	-1.262	-0.9657	7054.0	14800.0	0.05522	1.001
theta_c_pr[3,154]	-0.6384	0.001691	0.1484	0.1482	-0.9293	-0.6383	-0.3505	7691.0	17520.0	0.06021	1.0
theta_c_pr[3,155]	0.07142	0.001574	0.1667	0.1661	-0.2484	0.06865	0.4063	11210.0	23000.0	0.08774	1.0
theta_c_pr[4,1]	0.6565	0.001756	0.2549	0.2524	0.1735	0.651	1.177	21310.0	25830.0	0.1668	1.0
theta_c_pr[4,2]	0.575	0.001666	0.1911	0.1901	0.2087	0.5715	0.9586	13210.0	23460.0	0.1034	1.0
theta_c_pr[4,3]	-0.1798	0.001607	0.204	0.2027	-0.5848	-0.1783	0.2192	16170.0	20690.0	0.1266	1.0
theta_c_pr[4,4]	0.1712	0.001598	0.1714	0.1701	-0.1646	0.1706	0.5105	11560.0	20210.0	0.09047	1.0
theta_c_pr[4,5]	-1.067	0.001763	0.2375	0.2356	-1.549	-1.062	-0.6161	18200.0	23630.0	0.1425	1.0
theta_c_pr[4,6]	0.4929	0.001676	0.1956	0.1958	0.1159	0.4912	0.8835	13720.0	23380.0	0.1074	1.0
theta_c_pr[4,7]	0.5638	0.001663	0.2582	0.2576	0.06941	0.5589	1.088	24370.0	24690.0	0.1908	1.0
theta_c_pr[4,8]	-0.07637	0.001661	0.2173	0.216	-0.5074	-0.07383	0.3434	17210.0	23830.0	0.1347	1.0
theta_c_pr[4,9]	-0.02788	0.001605	0.175	0.1729	-0.3754	-0.02632	0.3161	11950.0	19320.0	0.09358	1.0
theta_c_pr[4,10]	0.4369	0.001617	0.1674	0.1673	0.1103	0.4357	0.7679	10760.0	19090.0	0.08427	1.0
theta_c_pr[4,11]	0.4786	0.001656	0.1885	0.1877	0.1144	0.4758	0.8517	13020.0	21300.0	0.1019	1.0
theta_c_pr[4,12]	-0.3149	0.001607	0.2316	0.2302	-0.7804	-0.3114	0.135	20870.0	24100.0	0.1634	1.0
theta_c_pr[4,13]	-0.09589	0.001569	0.1608	0.1595	-0.4165	-0.09491	0.2156	10510.0	19160.0	0.08231	1.0
theta_c_pr[4,14]	-2.688	0.002407	0.3204	0.321	-3.349	-2.676	-2.098	17810.0	24370.0	0.1394	1.0
theta_c_pr[4,15]	0.6058	0.001664	0.201	0.1976	0.223	0.6005	1.012	14620.0	23210.0	0.1145	1.0
theta_c_pr[4,16]	-0.3728	0.001586	0.1701	0.1691	-0.713	-0.3693	-0.04754	11530.0	21200.0	0.09029	1.0
theta_c_pr[4,17]	0.2966	0.001691	0.2289	0.229	-0.1443	0.2958	0.7523	18360.0	26220.0	0.1438	1.0
theta_c_pr[4,18]	-0.114	0.001602	0.1803	0.1795	-0.4711	-0.1125	0.237	12700.0	21250.0	0.09945	1.0
theta_c_pr[4,19]	0.09384	0.001546	0.1525	0.1522	-0.2079	0.09471	0.3933	9768.0	19120.0	0.07647	1.0
theta_c_pr[4,20]	-0.1511	0.001684	0.2621	0.2605	-0.6736	-0.1497	0.3564	24290.0	25800.0	0.1902	1.0
theta_c_pr[4,21]	0.2887	0.001611	0.1885	0.1869	-0.07954	0.2881	0.6648	13770.0	23860.0	0.1078	1.0
theta_c_pr[4,22]	0.005591	0.001694	0.1685	0.168	-0.3275	0.006009	0.3318	9969.0	16240.0	0.07805	1.0
theta_c_pr[4,23]	1.252	0.001847	0.2971	0.2945	0.7	1.241	1.869	26030.0	26180.0	0.2038	1.0
theta_c_pr[4,24]	1.061	0.001827	0.2282	0.2257	0.6313	1.054	1.528	15770.0	24000.0	0.1235	1.0
theta_c_pr[4,25]	-0.7084	0.001846	0.3163	0.3126	-1.352	-0.7013	-0.1081	29460.0	28060.0	0.2306	1.0
theta_c_pr[4,26]	0.05926	0.00164	0.2271	0.2254	-0.3854	0.0588	0.5047	19280.0	24090.0	0.151	1.0
theta_c_pr[4,27]	0.9683	0.001771	0.2355	0.2345	0.5197	0.961	1.449	17750.0	23000.0	0.1389	1.0
theta_c_pr[4,28]	-0.7495	0.001704	0.1856	0.1846	-1.124	-0.7441	-0.4003	11860.0	19710.0	0.09282	1.0
theta_c_pr[4,29]	-0.03628	0.001587	0.1817	0.1815	-0.3961	-0.03531	0.3153	13150.0	22100.0	0.103	1.0
theta_c_pr[4,30]	0.04135	0.001592	0.1884	0.189	-0.3266	0.0403	0.4127	14050.0	21740.0	0.11	1.0
theta_c_pr[4,31]	-0.05927	0.001649	0.2248	0.2241	-0.5056	-0.05682	0.3772	18720.0	24200.0	0.1465	1.0
theta_c_pr[4,32]	0.3201	0.001597	0.1539	0.1541	0.02395	0.3174	0.6299	9314.0	18070.0	0.07292	1.0
theta_c_pr[4,33]	-0.4552	0.001604	0.1651	0.1646	-0.7857	-0.4522	-0.1386	10610.0	19330.0	0.08309	1.0
theta_c_pr[4,34]	-3.235	0.002494	0.3882	0.3838	-4.045	-3.217	-2.525	24640.0	27270.0	0.1929	1.0
theta_c_pr[4,35]	0.5912	0.001687	0.2027	0.2024	0.2024	0.5881	1.0	14470.0	24380.0	0.1133	1.0
theta_c_pr[4,36]	0.02296	0.0017	0.2694	0.2668	-0.5091	0.0228	0.5531	25250.0	26920.0	0.1977	1.0
theta_c_pr[4,37]	0.1441	0.001576	0.1523	0.1517	-0.1539	0.1443	0.4447	9382.0	18400.0	0.07345	1.0
theta_c_pr[4,38]	0.8455	0.001883	0.3031	0.3041	0.2733	0.8383	1.456	26120.0	25550.0	0.2045	1.0
theta_c_pr[4,39]	0.9952	0.001821	0.2958	0.2947	0.4378	0.9889	1.595	26410.0	27400.0	0.2068	1.0
theta_c_pr[4,40]	-1.456	0.001965	0.2332	0.2302	-1.938	-1.447	-1.022	14100.0	24130.0	0.1104	1.0
theta_c_pr[4,41]	2.055	0.002239	0.3008	0.2993	1.495	2.044	2.678	18050.0	26070.0	0.1413	1.0
theta_c_pr[4,42]	0.03368	0.00162	0.1639	0.1618	-0.2859	0.03282	0.3562	10290.0	18000.0	0.08056	1.0
theta_c_pr[4,43]	-0.1244	0.001564	0.1811	0.18	-0.4868	-0.1223	0.2265	13520.0	21430.0	0.1058	1.0
theta_c_pr[4,44]	-1.077	0.001733	0.1928	0.1919	-1.468	-1.072	-0.7091	12400.0	23190.0	0.09709	1.0
theta_c_pr[4,45]	-0.5065	0.001617	0.2103	0.2094	-0.9321	-0.501	-0.111	16980.0	24920.0	0.1329	1.0
theta_c_pr[4,46]	0.4838	0.001597	0.1597	0.1596	0.1733	0.483	0.804	10060.0	19220.0	0.07877	1.0
theta_c_pr[4,47]	1.119	0.001837	0.2819	0.2811	0.5876	1.111	1.696	23520.0	27280.0	0.1841	1.0
theta_c_pr[4,48]	-0.1389	0.001601	0.235	0.2342	-0.6063	-0.1373	0.3157	21640.0	26430.0	0.1694	1.0
theta_c_pr[4,49]	0.5969	0.001683	0.1582	0.159	0.293	0.5952	0.9114	8882.0	17290.0	0.06954	1.0
theta_c_pr[4,50]	0.2418	0.001591	0.1536	0.1529	-0.06057	0.2418	0.5427	9364.0	19070.0	0.0733	1.0
theta_c_pr[4,51]	-3.493	0.002583	0.4235	0.4187	-4.385	-3.476	-2.721	27420.0	25630.0	0.2147	1.0
theta_c_pr[4,52]	1.529	0.00195	0.1952	0.1936	1.16	1.525	1.929	10010.0	20010.0	0.07833	1.0
theta_c_pr[4,53]	0.2605	0.001612	0.2138	0.212	-0.1557	0.2583	0.6896	17630.0	23480.0	0.138	1.0
theta_c_pr[4,54]	-0.4211	0.001699	0.2441	0.2411	-0.9193	-0.4167	0.04771	20720.0	24400.0	0.1622	1.0
theta_c_pr[4,55]	-0.03483	0.001542	0.1675	0.1672	-0.3624	-0.03519	0.2957	11860.0	21560.0	0.09286	1.0
theta_c_pr[4,56]	-2.242	0.002234	0.2735	0.2704	-2.806	-2.233	-1.735	15010.0	23230.0	0.1175	1.0
theta_c_pr[4,57]	-0.5243	0.001626	0.1888	0.1874	-0.9053	-0.52	-0.1661	13470.0	20480.0	0.1055	1.0
theta_c_pr[4,58]	1.301	0.001922	0.2591	0.2574	0.82	1.292	1.837	18210.0	25820.0	0.1426	1.0
theta_c_pr[4,59]	0.7813	0.001707	0.2257	0.2248	0.3541	0.7747	1.237	17510.0	23120.0	0.1371	1.0
theta_c_pr[4,60]	1.044	0.001839	0.2838	0.2813	0.5099	1.035	1.631	24180.0	24370.0	0.1893	1.0
theta_c_pr[4,61]	-1.121	0.001893	0.2535	0.2516	-1.647	-1.114	-0.6506	17940.0	26430.0	0.1405	1.0
theta_c_pr[4,62]	0.9661	0.001827	0.2177	0.2157	0.5562	0.9616	1.405	14310.0	25250.0	0.112	1.0
theta_c_pr[4,63]	0.06684	0.001578	0.1546	0.1537	-0.2389	0.06699	0.3703	9659.0	18920.0	0.07561	1.0
theta_c_pr[4,64]	-3.832	0.00259	0.4681	0.4603	-4.818	-3.81	-2.973	33200.0	27070.0	0.2599	1.0
theta_c_pr[4,65]	0.9264	0.001749	0.1665	0.1664	0.6114	0.9233	1.262	9100.0	19510.0	0.07124	1.0
theta_c_pr[4,66]	0.7168	0.001732	0.2414	0.2392	0.2534	0.7112	1.203	19530.0	26730.0	0.1529	1.0
theta_c_pr[4,67]	0.7325	0.001664	0.1671	0.1669	0.4131	0.7286	1.069	10150.0	19560.0	0.07943	1.0
theta_c_pr[4,68]	-0.3798	0.001581	0.1569	0.1577	-0.6908	-0.3782	-0.07776	9896.0	20160.0	0.07747	1.0
theta_c_pr[4,69]	0.07272	0.001609	0.2131	0.2117	-0.3492	0.07312	0.4893	17720.0	24930.0	0.1387	1.0
theta_c_pr[4,70]	0.2822	0.001541	0.1587	0.157	-0.02825	0.2821	0.5957	10640.0	18580.0	0.0833	1.0
theta_c_pr[4,71]	0.6859	0.001773	0.2298	0.2303	0.2534	0.6799	1.151	16850.0	25090.0	0.1319	1.0
theta_c_pr[4,72]	0.03987	0.001544	0.1491	0.1491	-0.2513	0.03963	0.3317	9381.0	16340.0	0.07344	1.0
theta_c_pr[4,73]	0.7335	0.001649	0.1591	0.1581	0.4264	0.7327	1.05	9357.0	17830.0	0.07325	1.0
theta_c_pr[4,74]	1.381	0.001902	0.2182	0.2179	0.9772	1.373	1.832	13160.0	22270.0	0.103	1.0
theta_c_pr[4,75]	0.4197	0.001622	0.1526	0.1522	0.1207	0.4187	0.7183	8874.0	16930.0	0.06947	1.0
theta_c_pr[4,76]	-3.047	0.002476	0.366	0.3623	-3.813	-3.031	-2.373	21950.0	27920.0	0.1718	1.0
theta_c_pr[4,77]	0.0002197	0.001582	0.1523	0.1517	-0.2989	0.0009255	0.2956	9313.0	18180.0	0.0729	1.0
theta_c_pr[4,78]	0.03345	0.001568	0.1534	0.1536	-0.2673	0.03395	0.3343	9610.0	18040.0	0.07523	1.0
theta_c_pr[4,79]	1.755	0.00208	0.2158	0.2159	1.351	1.749	2.195	10800.0	21320.0	0.08452	1.0
theta_c_pr[4,80]	0.2221	0.001678	0.1857	0.185	-0.1382	0.2223	0.5898	12330.0	21620.0	0.09651	1.0
theta_c_pr[4,81]	-0.1678	0.001538	0.1684	0.1665	-0.5013	-0.1662	0.1589	12040.0	21200.0	0.09422	1.0
theta_c_pr[4,82]	0.5497	0.00166	0.1632	0.164	0.2387	0.5469	0.8784	9705.0	19110.0	0.07598	1.0
theta_c_pr[4,83]	0.2151	0.001581	0.2002	0.1973	-0.1747	0.2133	0.6103	16120.0	23880.0	0.1262	1.0
theta_c_pr[4,84]	0.248	0.001615	0.1862	0.1847	-0.1112	0.2447	0.6216	13370.0	21720.0	0.1047	1.0
theta_c_pr[4,85]	1.327	0.001919	0.2607	0.2595	0.8378	1.319	1.858	18550.0	25750.0	0.1452	1.0
theta_c_pr[4,86]	0.1293	0.001669	0.2478	0.2489	-0.356	0.13	0.6167	22180.0	22940.0	0.1736	1.0
theta_c_pr[4,87]	-0.1307	0.001584	0.2237	0.2217	-0.5739	-0.1298	0.3047	20100.0	23540.0	0.1573	1.0
theta_c_pr[4,88]	0.5079	0.001653	0.1639	0.1626	0.1951	0.5053	0.8378	9879.0	19630.0	0.07734	1.0
theta_c_pr[4,89]	0.1473	0.001671	0.2175	0.2162	-0.2815	0.1497	0.5713	17050.0	24750.0	0.1335	1.0
theta_c_pr[4,90]	0.1961	0.001566	0.1578	0.1577	-0.1128	0.1965	0.506	10200.0	18050.0	0.07988	1.0
theta_c_pr[4,91]	0.455	0.001613	0.1964	0.1952	0.07886	0.4518	0.8502	14860.0	24150.0	0.1163	1.0
theta_c_pr[4,92]	-2.186	0.002223	0.2725	0.2698	-2.748	-2.177	-1.678	15110.0	25670.0	0.1183	1.0
theta_c_pr[4,93]	0.3036	0.001644	0.2072	0.206	-0.09506	0.3011	0.7182	15950.0	22680.0	0.1249	1.0
theta_c_pr[4,94]	0.5146	0.001627	0.1751	0.1753	0.1745	0.5123	0.8628	11620.0	18940.0	0.09093	1.0
theta_c_pr[4,95]	0.7518	0.001784	0.2572	0.2558	0.2656	0.745	1.275	20930.0	25000.0	0.1639	1.0
theta_c_pr[4,96]	-0.008497	0.001567	0.1661	0.1654	-0.3356	-0.009025	0.3172	11320.0	18650.0	0.0886	1.0
theta_c_pr[4,97]	-0.186	0.001546	0.1503	0.1496	-0.4834	-0.1856	0.1065	9494.0	17550.0	0.07432	1.0
theta_c_pr[4,98]	0.2952	0.001668	0.2268	0.2254	-0.1462	0.294	0.7479	18610.0	25410.0	0.1457	1.0
theta_c_pr[4,99]	-1.174	0.001762	0.1985	0.1946	-1.583	-1.169	-0.7982	12730.0	21350.0	0.09968	1.0
theta_c_pr[4,100]	0.3022	0.00164	0.1794	0.178	-0.0454	0.2993	0.662	12000.0	20840.0	0.09395	1.0
theta_c_pr[4,101]	0.1274	0.001572	0.1781	0.1769	-0.224	0.1282	0.4771	12870.0	21320.0	0.1008	1.0
theta_c_pr[4,102]	-3.836	0.002671	0.4696	0.4636	-4.823	-3.81	-2.978	31380.0	26970.0	0.2457	1.0
theta_c_pr[4,103]	0.48	0.001657	0.1724	0.1727	0.1486	0.4774	0.8261	10890.0	19330.0	0.08525	1.0
theta_c_pr[4,104]	0.06021	0.001569	0.161	0.1611	-0.2571	0.06018	0.3748	10590.0	18280.0	0.08287	1.0
theta_c_pr[4,105]	-0.4958	0.001685	0.2649	0.2637	-1.03	-0.491	0.004991	24690.0	28970.0	0.1933	1.0
theta_c_pr[4,106]	-0.5261	0.001633	0.1829	0.1825	-0.8973	-0.524	-0.1777	12570.0	21880.0	0.09841	1.0
theta_c_pr[4,107]	-1.768	0.00208	0.255	0.2524	-2.296	-1.757	-1.294	14940.0	23330.0	0.117	1.0
theta_c_pr[4,108]	-2.579	0.002337	0.3169	0.3169	-3.229	-2.566	-1.997	18500.0	25780.0	0.1448	1.0
theta_c_pr[4,109]	-0.09517	0.001569	0.1772	0.1768	-0.4466	-0.09487	0.2486	12820.0	20980.0	0.1004	1.0
theta_c_pr[4,110]	0.3849	0.001628	0.1662	0.1661	0.06244	0.3835	0.7163	10480.0	18670.0	0.08201	1.0
theta_c_pr[4,111]	-0.3226	0.001607	0.1818	0.181	-0.6852	-0.3223	0.03234	12870.0	23220.0	0.1007	1.0
theta_c_pr[4,112]	-0.06652	0.001645	0.2201	0.2207	-0.501	-0.06385	0.3601	18020.0	23780.0	0.141	1.0
theta_c_pr[4,113]	-0.313	0.001553	0.1594	0.159	-0.629	-0.3108	-0.003327	10560.0	19670.0	0.0827	1.0
theta_c_pr[4,114]	0.7233	0.00173	0.2562	0.2562	0.2376	0.7175	1.243	22110.0	26130.0	0.1731	1.0
theta_c_pr[4,115]	0.319	0.001663	0.1922	0.1914	-0.05428	0.3189	0.6992	13410.0	21980.0	0.105	1.0
theta_c_pr[4,116]	0.93	0.001854	0.2917	0.2911	0.3832	0.9209	1.523	25010.0	27540.0	0.1958	1.0
theta_c_pr[4,117]	0.1717	0.00158	0.1783	0.1798	-0.1789	0.172	0.5187	12780.0	21100.0	0.1001	1.0
theta_c_pr[4,118]	0.5272	0.001663	0.1909	0.1889	0.1599	0.5239	0.9105	13250.0	21410.0	0.1038	1.0
theta_c_pr[4,119]	0.2234	0.001593	0.1745	0.1746	-0.1155	0.2229	0.5688	12050.0	20490.0	0.0943	1.0
theta_c_pr[4,120]	0.5502	0.001637	0.2045	0.2043	0.1558	0.5473	0.9585	15640.0	21310.0	0.1225	1.0
theta_c_pr[4,121]	-0.3854	0.001584	0.1537	0.153	-0.6931	-0.3835	-0.08851	9437.0	17810.0	0.07388	1.0
theta_c_pr[4,122]	0.2736	0.001624	0.208	0.2086	-0.1298	0.2714	0.6903	16520.0	24850.0	0.1294	1.0
theta_c_pr[4,123]	-0.2436	0.001605	0.2038	0.2019	-0.6559	-0.2396	0.1471	16160.0	25520.0	0.1265	1.0
theta_c_pr[4,124]	0.02565	0.001631	0.2297	0.2275	-0.4265	0.02625	0.4761	19890.0	23510.0	0.1557	1.0
theta_c_pr[4,125]	-0.1283	0.001557	0.1671	0.1655	-0.4599	-0.1263	0.1941	11550.0	18210.0	0.09038	1.0
theta_c_pr[4,126]	0.5005	0.001624	0.2225	0.2212	0.07123	0.4982	0.9445	18830.0	23510.0	0.1474	1.0
theta_c_pr[4,127]	0.1765	0.001643	0.2167	0.2153	-0.2491	0.1754	0.6064	17490.0	22490.0	0.1369	1.0
theta_c_pr[4,128]	0.5377	0.001779	0.224	0.2232	0.119	0.5307	0.9936	15950.0	23950.0	0.1249	1.0
theta_c_pr[4,129]	-0.0466	0.001639	0.2037	0.2003	-0.4444	-0.04762	0.3581	15570.0	23010.0	0.1219	1.0
theta_c_pr[4,130]	-0.07039	0.001573	0.1773	0.1761	-0.4193	-0.06962	0.2763	12720.0	22380.0	0.0996	1.0
theta_c_pr[4,131]	-0.01651	0.001563	0.1533	0.1541	-0.3169	-0.01709	0.2792	9670.0	18580.0	0.0757	1.0
theta_c_pr[4,132]	-1.07	0.001712	0.188	0.1881	-1.453	-1.066	-0.7145	12070.0	23240.0	0.09448	1.0
theta_c_pr[4,133]	-0.3574	0.001616	0.2093	0.2067	-0.7808	-0.3532	0.04297	16800.0	23780.0	0.1315	1.0
theta_c_pr[4,134]	-0.539	0.001614	0.1595	0.1595	-0.8571	-0.5367	-0.2322	9820.0	17220.0	0.07688	1.0
theta_c_pr[4,135]	0.9402	0.001825	0.263	0.2594	0.442	0.9346	1.476	20930.0	25210.0	0.1639	1.0
theta_c_pr[4,136]	-0.02029	0.0016	0.2007	0.1996	-0.4089	-0.02067	0.3754	15780.0	21730.0	0.1235	1.0
theta_c_pr[4,137]	0.2225	0.001728	0.2541	0.2523	-0.2724	0.2206	0.727	21750.0	26160.0	0.1702	1.0
theta_c_pr[4,138]	-0.2868	0.001606	0.2006	0.1997	-0.6902	-0.2839	0.09731	15670.0	21390.0	0.1227	1.0
theta_c_pr[4,139]	0.1707	0.001597	0.19	0.1902	-0.1932	0.1679	0.5528	14220.0	24220.0	0.1113	1.0
theta_c_pr[4,140]	0.4436	0.001698	0.217	0.2151	0.02481	0.4413	0.877	16410.0	23630.0	0.1285	1.0
theta_c_pr[4,141]	0.4779	0.001702	0.1965	0.1968	0.1038	0.4755	0.8696	13350.0	22840.0	0.1045	1.0
theta_c_pr[4,142]	0.7437	0.001723	0.1925	0.1909	0.3797	0.739	1.134	12560.0	21070.0	0.09832	1.0
theta_c_pr[4,143]	-0.0685	0.001589	0.1951	0.1942	-0.4527	-0.06785	0.3142	15140.0	21980.0	0.1185	1.0
theta_c_pr[4,144]	-1.362	0.001926	0.2486	0.2484	-1.872	-1.351	-0.9015	16750.0	25630.0	0.1311	1.0
theta_c_pr[4,145]	0.6047	0.001668	0.1795	0.1793	0.257	0.6029	0.962	11610.0	19860.0	0.0909	1.0
theta_c_pr[4,146]	0.6743	0.001698	0.1765	0.1757	0.3365	0.6722	1.029	10810.0	19570.0	0.08462	1.0
theta_c_pr[4,147]	1.616	0.0021	0.2894	0.2848	1.08	1.605	2.214	19050.0	26520.0	0.1491	1.0
theta_c_pr[4,148]	0.6302	0.001745	0.2109	0.2086	0.2312	0.6248	1.058	14740.0	24540.0	0.1154	1.0
theta_c_pr[4,149]	0.3863	0.001628	0.2018	0.2005	-0.0007687	0.3842	0.7874	15400.0	21560.0	0.1205	1.0
theta_c_pr[4,150]	0.1618	0.002042	0.2382	0.2385	-0.2958	0.1589	0.639	13650.0	25010.0	0.1069	1.0
theta_c_pr[4,151]	-0.2819	0.001594	0.1855	0.1848	-0.6549	-0.2797	0.07231	13580.0	23440.0	0.1063	1.0
theta_c_pr[4,152]	0.6218	0.001669	0.1711	0.1697	0.2925	0.6194	0.9635	10580.0	20900.0	0.08282	1.0
theta_c_pr[4,153]	-1.37	0.001873	0.2496	0.2469	-1.888	-1.359	-0.9115	17860.0	26820.0	0.1398	1.0
theta_c_pr[4,154]	0.05485	0.001576	0.1528	0.1519	-0.2427	0.05595	0.3542	9443.0	19230.0	0.07392	1.0
theta_c_pr[4,155]	-0.3435	0.001639	0.2094	0.2082	-0.7622	-0.3411	0.05903	16410.0	24560.0	0.1285	1.0
theta_c_pr[5,1]	0.2044	0.002486	0.378	0.3755	-0.5223	0.199	0.9622	22810.0	19520.0	0.1785	1.0
theta_c_pr[5,2]	2.101	0.00236	0.5332	0.5126	1.038	2.095	3.163	51780.0	24180.0	0.4054	1.0
theta_c_pr[5,3]	0.9456	0.002171	0.4168	0.4066	0.1056	0.9524	1.751	37390.0	25910.0	0.2927	1.0
theta_c_pr[5,4]	0.2575	0.004945	0.8485	0.9098	-1.34	0.2702	1.858	29820.0	22900.0	0.2334	1.0
theta_c_pr[5,5]	-0.1459	0.01301	0.671	0.6865	-1.5	-0.04596	0.9931	3016.0	6114.0	0.02361	1.001
theta_c_pr[5,6]	0.6481	0.002641	0.4974	0.493	-0.3441	0.6561	1.614	35880.0	23800.0	0.2809	1.0
theta_c_pr[5,7]	0.4764	0.001897	0.3646	0.3628	-0.2144	0.4675	1.215	36550.0	26710.0	0.2861	1.0
theta_c_pr[5,8]	0.5473	0.002346	0.3507	0.3489	-0.1438	0.5463	1.237	22420.0	29650.0	0.1755	1.0
theta_c_pr[5,9]	0.8119	0.005015	0.5477	0.551	-0.2941	0.8267	1.854	12210.0	19420.0	0.09556	1.0
theta_c_pr[5,10]	1.455	0.005145	0.729	0.6607	-0.27	1.529	2.702	27020.0	12100.0	0.2115	0.9999
theta_c_pr[5,11]	0.1492	0.003342	0.4612	0.4594	-0.6964	0.1265	1.098	18520.0	22220.0	0.145	1.0
theta_c_pr[5,12]	0.1316	0.002135	0.363	0.3636	-0.5786	0.1319	0.8421	29120.0	21340.0	0.228	1.001
theta_c_pr[5,13]	-0.3245	0.004432	0.7409	0.7567	-1.539	-0.4089	1.268	28050.0	27650.0	0.2196	1.0
theta_c_pr[5,14]	-0.6403	0.005227	1.018	1.008	-2.438	-0.7306	1.53	37270.0	31430.0	0.2917	1.0
theta_c_pr[5,15]	0.155	0.002789	0.4108	0.4145	-0.6265	0.1517	0.9665	21600.0	25800.0	0.1691	1.0
theta_c_pr[5,16]	0.08206	0.004029	0.7419	0.7896	-1.201	0.0263	1.591	33110.0	26540.0	0.2592	0.9999
theta_c_pr[5,17]	0.7224	0.005248	0.4958	0.4769	-0.3485	0.766	1.601	10430.0	9393.0	0.08169	1.0
theta_c_pr[5,18]	-0.3023	0.004813	0.6745	0.6633	-1.415	-0.383	1.201	20890.0	24490.0	0.1636	1.0
theta_c_pr[5,19]	-0.5757	0.003341	0.6133	0.598	-1.631	-0.6331	0.7707	32250.0	24290.0	0.2524	1.0
theta_c_pr[5,20]	0.09643	0.002372	0.2936	0.2887	-0.4766	0.09718	0.6733	15520.0	18600.0	0.1215	1.0
theta_c_pr[5,21]	1.158	0.002964	0.5294	0.4995	0.02501	1.187	2.135	36940.0	16930.0	0.2892	1.0
theta_c_pr[5,22]	-0.3572	0.006912	0.9988	0.9665	-2.396	-0.3325	1.567	21410.0	21400.0	0.1676	1.0
theta_c_pr[5,23]	1.161	0.001662	0.3512	0.3443	0.4586	1.163	1.851	44900.0	29700.0	0.3515	1.0
theta_c_pr[5,24]	1.061	0.005367	0.5875	0.5513	-0.2682	1.11	2.096	14810.0	8765.0	0.116	1.0
theta_c_pr[5,25]	0.2595	0.002021	0.3237	0.3203	-0.3655	0.2564	0.9041	25580.0	21840.0	0.2003	1.0
theta_c_pr[5,26]	0.01323	0.002273	0.3399	0.3336	-0.6362	0.006979	0.7014	22150.0	20730.0	0.1734	1.0
theta_c_pr[5,27]	-0.149	0.002379	0.3239	0.3171	-0.7811	-0.1535	0.4988	18510.0	21280.0	0.1449	1.0
theta_c_pr[5,28]	-0.9042	0.005606	0.8195	0.7851	-2.248	-1.018	0.9146	21980.0	27630.0	0.172	1.0
theta_c_pr[5,29]	0.7616	0.003869	0.6473	0.6385	-0.5636	0.7916	1.977	29350.0	19040.0	0.2297	1.0
theta_c_pr[5,30]	0.5589	0.004156	0.659	0.6568	-0.8034	0.5949	1.778	26820.0	17730.0	0.21	1.0
theta_c_pr[5,31]	0.3741	0.00172	0.3065	0.303	-0.2187	0.3699	0.995	31770.0	26120.0	0.2487	1.0
theta_c_pr[5,32]	-0.8767	0.007684	0.9192	0.892	-2.671	-0.8687	0.9595	14260.0	20240.0	0.1116	1.0
theta_c_pr[5,33]	-1.031	0.006145	0.9826	0.9628	-2.755	-1.12	1.082	25610.0	28030.0	0.2005	1.0
theta_c_pr[5,34]	-0.7596	0.005911	0.9902	0.913	-2.389	-0.8956	1.509	29130.0	30560.0	0.2281	1.0
theta_c_pr[5,35]	1.678	0.003006	0.5671	0.5437	0.5191	1.689	2.765	38580.0	20640.0	0.302	1.0
theta_c_pr[5,36]	1.01	0.001985	0.3337	0.3242	0.3459	1.01	1.668	28360.0	28150.0	0.222	1.0
theta_c_pr[5,37]	0.2928	0.007696	1.074	1.247	-1.604	0.3064	2.274	20380.0	22840.0	0.1595	1.0
theta_c_pr[5,38]	0.6355	0.00164	0.3027	0.2958	0.0528	0.6305	1.245	34230.0	28460.0	0.2679	1.0
theta_c_pr[5,39]	0.4998	0.001607	0.2942	0.29	-0.06845	0.4971	1.09	33320.0	26200.0	0.2609	1.0
theta_c_pr[5,40]	-0.7688	0.005907	1.007	1.024	-2.601	-0.8167	1.294	28780.0	30610.0	0.2253	1.0
theta_c_pr[5,41]	-0.7726	0.005795	1.039	1.053	-2.619	-0.8523	1.396	31560.0	30830.0	0.2471	1.0
theta_c_pr[5,42]	0.1817	0.00357	0.5923	0.62	-0.9433	0.1855	1.319	27630.0	23130.0	0.2163	1.0
theta_c_pr[5,43]	-0.1411	0.002389	0.404	0.4	-0.906	-0.153	0.6868	28030.0	23460.0	0.2194	1.0
theta_c_pr[5,44]	-1.362	0.0062	0.9074	0.8459	-2.907	-1.464	0.6879	21800.0	28640.0	0.1706	1.0
theta_c_pr[5,45]	-0.04432	0.004104	0.5185	0.5359	-1.033	-0.04862	0.9648	15950.0	20850.0	0.1249	1.0
theta_c_pr[5,46]	-0.3609	0.004011	0.801	0.7826	-1.76	-0.4369	1.368	39120.0	30920.0	0.3063	1.0
theta_c_pr[5,47]	1.018	0.00192	0.3848	0.3784	0.2471	1.023	1.763	40830.0	27070.0	0.3197	1.0
theta_c_pr[5,48]	0.6508	0.002137	0.3916	0.3841	-0.1352	0.6561	1.403	34230.0	23320.0	0.268	1.0
theta_c_pr[5,49]	-0.9688	0.0051	0.8019	0.732	-2.287	-1.081	0.8745	24990.0	25320.0	0.1956	1.0
theta_c_pr[5,50]	-1.136	0.004367	0.7305	0.6977	-2.428	-1.195	0.4473	27260.0	25750.0	0.2134	1.0
theta_c_pr[5,51]	-0.4253	0.00726	1.054	1.147	-2.316	-0.4442	1.633	21010.0	26440.0	0.1645	1.0
theta_c_pr[5,52]	-0.7636	0.006	0.912	0.8977	-2.383	-0.8296	1.181	22440.0	26210.0	0.1757	1.0
theta_c_pr[5,53]	0.8285	0.002291	0.4606	0.4531	-0.08848	0.8349	1.732	40750.0	25770.0	0.319	1.0
theta_c_pr[5,54]	0.9112	0.002607	0.3648	0.3563	0.1908	0.911	1.636	19690.0	25750.0	0.1542	1.0
theta_c_pr[5,55]	-0.1927	0.007958	1.077	1.034	-1.738	-0.4229	2.254	18470.0	28490.0	0.1446	1.0
theta_c_pr[5,56]	-1.4	0.006925	0.9213	0.8943	-2.981	-1.487	0.661	17820.0	26480.0	0.1395	1.0
theta_c_pr[5,57]	0.04194	0.003091	0.5238	0.535	-0.9772	0.04522	1.05	28930.0	23930.0	0.2265	1.0
theta_c_pr[5,58]	0.05522	0.002536	0.4762	0.4687	-0.8533	0.04635	1.013	34580.0	23070.0	0.2707	1.0
theta_c_pr[5,59]	1.729	0.003557	0.5914	0.552	0.4348	1.765	2.803	33270.0	16190.0	0.2605	1.0
theta_c_pr[5,60]	1.405	0.002666	0.4821	0.456	0.3806	1.423	2.304	35390.0	20900.0	0.2771	1.0
theta_c_pr[5,61]	0.3695	0.009102	0.636	0.6256	-0.943	0.4179	1.517	5323.0	7987.0	0.04167	1.001
theta_c_pr[5,62]	0.2979	0.002077	0.3986	0.402	-0.4785	0.2988	1.076	36830.0	26110.0	0.2883	1.0
theta_c_pr[5,63]	0.002651	0.004322	0.7662	0.8039	-1.327	-0.05059	1.579	30190.0	26330.0	0.2363	1.0
theta_c_pr[5,64]	-0.8211	0.004391	0.7411	0.6698	-2.035	-0.9177	0.9042	29080.0	26630.0	0.2277	1.0
theta_c_pr[5,65]	-1.228	0.005356	0.8112	0.7207	-2.539	-1.34	0.6826	23370.0	26810.0	0.183	1.0
theta_c_pr[5,66]	0.7522	0.003023	0.3906	0.3907	-0.03396	0.761	1.502	17070.0	18920.0	0.1336	1.0
theta_c_pr[5,67]	-0.3572	0.004787	0.7864	0.8118	-1.644	-0.4439	1.32	27120.0	26790.0	0.2123	1.0
theta_c_pr[5,68]	-1.403	0.005754	0.8493	0.7762	-2.844	-1.5	0.5474	21880.0	26460.0	0.1713	1.0
theta_c_pr[5,69]	0.381	0.002035	0.3955	0.3959	-0.375	0.3753	1.174	37480.0	25680.0	0.2934	1.0
theta_c_pr[5,70]	0.0287	0.003643	0.5844	0.608	-1.109	0.04649	1.144	26320.0	23260.0	0.206	1.0
theta_c_pr[5,71]	-0.03458	0.002176	0.3382	0.3311	-0.6946	-0.03693	0.6341	24200.0	21220.0	0.1895	1.0
theta_c_pr[5,72]	-1.457	0.007238	0.9278	0.8782	-3.041	-1.555	0.6141	16550.0	26300.0	0.1296	1.0
theta_c_pr[5,73]	-1.583	0.007665	0.9347	0.8829	-3.17	-1.686	0.5151	14970.0	26030.0	0.1172	1.0
theta_c_pr[5,74]	1.336	0.003538	0.6288	0.5919	-0.04418	1.373	2.472	37240.0	15910.0	0.2915	1.0
theta_c_pr[5,75]	-1.16	0.008443	0.996	0.9985	-2.972	-1.201	0.9066	13700.0	23550.0	0.1072	1.0
theta_c_pr[5,76]	-1.088	0.005623	0.9062	0.8861	-2.709	-1.152	0.8467	25610.0	28310.0	0.2005	1.0
theta_c_pr[5,77]	-1.255	0.007694	0.9625	0.9342	-2.932	-1.334	0.8471	15550.0	27170.0	0.1217	1.0
theta_c_pr[5,78]	-0.6394	0.005509	0.835	0.6961	-1.864	-0.8057	1.473	24590.0	26780.0	0.1925	1.0
theta_c_pr[5,79]	-1.031	0.005441	0.9165	0.8662	-2.608	-1.13	1.004	27980.0	28290.0	0.2191	1.0
theta_c_pr[5,80]	0.2737	0.008619	0.6944	0.7099	-1.1	0.3035	1.579	6733.0	10310.0	0.05271	1.0
theta_c_pr[5,81]	-0.6047	0.003571	0.4189	0.4136	-1.415	-0.6111	0.2322	13640.0	16940.0	0.1068	1.0
theta_c_pr[5,82]	-0.5346	0.004987	0.7896	0.78	-1.91	-0.5898	1.162	23570.0	20580.0	0.1845	1.0
theta_c_pr[5,83]	-0.2943	0.00259	0.3596	0.348	-0.9835	-0.3001	0.4339	18950.0	17310.0	0.1483	1.0
theta_c_pr[5,84]	0.1176	0.002052	0.336	0.331	-0.546	0.1192	0.7694	27000.0	24910.0	0.2113	1.0
theta_c_pr[5,85]	0.03812	0.003466	0.3515	0.3458	-0.636	0.03039	0.7466	10210.0	18410.0	0.07991	1.0
theta_c_pr[5,86]	-0.06734	0.002267	0.2726	0.2648	-0.6171	-0.06291	0.4593	14700.0	18150.0	0.1151	1.0
theta_c_pr[5,87]	-0.2956	0.002592	0.3754	0.3658	-1.009	-0.3079	0.4785	20430.0	17900.0	0.1599	1.0
theta_c_pr[5,88]	0.4044	0.008961	1.11	1.192	-1.753	0.4337	2.433	15690.0	11140.0	0.1228	1.0
theta_c_pr[5,89]	0.04547	0.01124	0.5947	0.6646	-1.087	0.08199	1.097	2985.0	8584.0	0.02337	1.001
theta_c_pr[5,90]	-0.4335	0.002762	0.5063	0.4864	-1.32	-0.4754	0.6768	31870.0	22170.0	0.2495	1.0
theta_c_pr[5,91]	1.676	0.002406	0.4428	0.4261	0.7941	1.676	2.549	34750.0	20900.0	0.272	1.0
theta_c_pr[5,92]	0.2924	0.006661	0.8604	0.8154	-1.477	0.2952	1.976	17590.0	10190.0	0.1377	1.0
theta_c_pr[5,93]	-0.00848	0.002335	0.4228	0.4159	-0.7832	-0.0303	0.8746	31810.0	24060.0	0.249	1.0
theta_c_pr[5,94]	0.1271	0.005402	0.6215	0.6501	-1.04	0.1215	1.338	13080.0	16660.0	0.1024	1.0
theta_c_pr[5,95]	0.3579	0.002161	0.3864	0.3804	-0.4023	0.3617	1.111	32290.0	25580.0	0.2527	1.0
theta_c_pr[5,96]	-0.4369	0.003228	0.5651	0.5221	-1.387	-0.5011	0.8541	30590.0	25990.0	0.2395	1.0
theta_c_pr[5,97]	-0.8663	0.00379	0.6744	0.6313	-2.007	-0.9445	0.6545	30580.0	26120.0	0.2394	1.0
theta_c_pr[5,98]	0.2024	0.002205	0.3678	0.3592	-0.4796	0.1876	0.9688	27190.0	22700.0	0.2128	1.0
theta_c_pr[5,99]	-0.7794	0.005853	0.9598	0.8383	-2.202	-0.9696	1.54	28170.0	29220.0	0.2205	1.0
theta_c_pr[5,100]	0.2254	0.005108	0.6081	0.6315	-0.899	0.2151	1.434	13630.0	12780.0	0.1067	1.0
theta_c_pr[5,101]	-0.599	0.003018	0.5543	0.5457	-1.617	-0.6271	0.5645	32790.0	23410.0	0.2567	1.0
theta_c_pr[5,102]	-0.8	0.005333	0.9509	0.9499	-2.434	-0.8927	1.22	30900.0	29930.0	0.2419	1.0
theta_c_pr[5,103]	-0.1316	0.006987	0.6516	0.6322	-1.499	-0.09587	1.077	9582.0	9646.0	0.07501	1.0
theta_c_pr[5,104]	-0.327	0.007929	0.6926	0.6605	-1.738	-0.2987	1.02	8034.0	8052.0	0.0629	1.0
theta_c_pr[5,105]	0.3285	0.001875	0.3383	0.335	-0.3433	0.3274	0.9901	32660.0	26890.0	0.2557	0.9999
theta_c_pr[5,106]	-0.616	0.00673	1.035	1.051	-2.568	-0.6234	1.438	23630.0	28980.0	0.185	1.0
theta_c_pr[5,107]	-0.2785	0.006006	0.8977	0.8466	-2.118	-0.2801	1.487	23220.0	14930.0	0.1818	1.0
theta_c_pr[5,108]	-0.964	0.005453	0.9731	0.9436	-2.687	-1.049	1.147	31360.0	30980.0	0.2455	1.0
theta_c_pr[5,109]	-0.2898	0.002634	0.4377	0.4317	-1.11	-0.305	0.6045	27200.0	22200.0	0.213	1.0
theta_c_pr[5,110]	-0.5833	0.002933	0.4993	0.4661	-1.456	-0.6244	0.5305	27540.0	21130.0	0.2156	1.0
theta_c_pr[5,111]	-0.8432	0.004244	0.8323	0.7874	-2.349	-0.9071	0.9409	37760.0	28960.0	0.2956	1.0
theta_c_pr[5,112]	0.4171	0.001996	0.3726	0.3706	-0.2818	0.4054	1.177	34400.0	28330.0	0.2693	1.0
theta_c_pr[5,113]	0.134	0.003955	0.6736	0.7022	-1.16	0.1416	1.432	28980.0	22600.0	0.2269	1.0
theta_c_pr[5,114]	0.03132	0.002117	0.3018	0.2969	-0.5636	0.0304	0.6221	20400.0	21220.0	0.1597	1.0
theta_c_pr[5,115]	-0.04685	0.004996	0.8717	0.7904	-1.339	-0.2149	2.052	30630.0	25930.0	0.2398	1.0
theta_c_pr[5,116]	0.1344	0.00214	0.2962	0.2947	-0.4442	0.1336	0.7198	19220.0	20060.0	0.1504	1.0
theta_c_pr[5,117]	-0.3876	0.002765	0.4945	0.4859	-1.281	-0.4159	0.6575	30460.0	23920.0	0.2384	1.0
theta_c_pr[5,118]	-0.3727	0.002915	0.5431	0.5399	-1.342	-0.4107	0.7852	32560.0	22640.0	0.2549	1.0
theta_c_pr[5,119]	-0.7587	0.004901	0.9843	0.9618	-2.521	-0.8327	1.331	39630.0	30940.0	0.3102	1.0
theta_c_pr[5,120]	0.7021	0.002867	0.4146	0.4089	-0.1361	0.7105	1.495	21520.0	20670.0	0.1685	1.0
theta_c_pr[5,121]	-0.07324	0.008512	1.091	1.261	-1.847	-0.1595	2.07	17960.0	25480.0	0.1406	1.0
theta_c_pr[5,122]	1.243	0.001867	0.3709	0.3599	0.5118	1.242	1.969	39670.0	27420.0	0.3105	1.0
theta_c_pr[5,123]	0.3	0.002775	0.5036	0.5081	-0.7102	0.3111	1.26	33710.0	23730.0	0.2639	1.0
theta_c_pr[5,124]	0.8522	0.001935	0.402	0.3996	0.06826	0.8535	1.643	43180.0	27250.0	0.338	1.0
theta_c_pr[5,125]	1.791	0.00206	0.424	0.4168	0.9956	1.778	2.666	43090.0	27400.0	0.3373	1.0
theta_c_pr[5,126]	0.9755	0.00425	0.6508	0.6295	-0.4036	1.008	2.185	25200.0	14730.0	0.1973	1.0
theta_c_pr[5,127]	0.1504	0.002198	0.421	0.4163	-0.6389	0.1384	1.015	36240.0	26030.0	0.2837	1.0
theta_c_pr[5,128]	0.1709	0.00198	0.3011	0.2933	-0.4339	0.172	0.7611	23430.0	20320.0	0.1834	1.0
theta_c_pr[5,129]	0.1764	0.002631	0.4071	0.4119	-0.5939	0.1671	0.9929	23490.0	22730.0	0.1839	1.0
theta_c_pr[5,130]	-0.3187	0.01195	0.6316	0.6815	-1.554	-0.2504	0.7895	3070.0	5960.0	0.02403	1.001
theta_c_pr[5,131]	-1.205	0.009054	1.014	0.9845	-3.063	-1.257	0.9444	12220.0	20860.0	0.0957	1.0
theta_c_pr[5,132]	-0.4943	0.009158	1.058	1.02	-2.572	-0.5229	1.659	13130.0	13900.0	0.1028	1.001
theta_c_pr[5,133]	0.3051	0.002986	0.39	0.3857	-0.4662	0.3083	1.06	17230.0	20310.0	0.1349	1.0
theta_c_pr[5,134]	-1.402	0.005714	0.8125	0.7345	-2.773	-1.498	0.4771	20750.0	27110.0	0.1624	1.0
theta_c_pr[5,135]	0.6156	0.005417	0.4228	0.4178	-0.2828	0.6465	1.376	6655.0	9268.0	0.0521	1.0
theta_c_pr[5,136]	0.07307	0.002323	0.3679	0.3693	-0.6496	0.07522	0.7855	25410.0	23430.0	0.1989	1.0
theta_c_pr[5,137]	0.5416	0.001709	0.3198	0.3149	-0.07683	0.5373	1.19	34900.0	27860.0	0.2732	1.0
theta_c_pr[5,138]	0.007814	0.002651	0.4767	0.4743	-0.8683	-0.0149	1.001	30210.0	22400.0	0.2365	1.0
theta_c_pr[5,139]	-0.4898	0.003945	0.4744	0.4685	-1.367	-0.5119	0.498	13930.0	17220.0	0.1091	1.0
theta_c_pr[5,140]	0.0558	0.00237	0.4486	0.4539	-0.7953	0.04764	0.9493	35390.0	24030.0	0.2771	1.0
theta_c_pr[5,141]	0.9979	0.003115	0.5699	0.5588	-0.1833	1.019	2.071	35490.0	19510.0	0.2779	1.0
theta_c_pr[5,142]	0.07519	0.003067	0.4595	0.4556	-0.768	0.05208	1.029	21740.0	21220.0	0.1702	1.0
theta_c_pr[5,143]	0.1486	0.002329	0.4249	0.4223	-0.6746	0.1441	1.003	33080.0	25480.0	0.259	1.0
theta_c_pr[5,144]	-0.1218	0.003624	0.7146	0.7424	-1.422	-0.1446	1.316	37550.0	28160.0	0.2939	1.0
theta_c_pr[5,145]	0.2009	0.002055	0.403	0.4002	-0.5533	0.1884	1.018	37410.0	24900.0	0.2929	1.0
theta_c_pr[5,146]	1.237	0.004651	0.7362	0.7081	-0.3428	1.282	2.58	28240.0	14040.0	0.2211	1.0
theta_c_pr[5,147]	-0.2026	0.005245	0.9005	0.9297	-1.782	-0.2645	1.664	27470.0	28740.0	0.215	1.0
theta_c_pr[5,148]	0.1677	0.002231	0.3876	0.3826	-0.585	0.1645	0.9491	29900.0	22330.0	0.2341	1.0
theta_c_pr[5,149]	-0.5165	0.003216	0.4333	0.4213	-1.326	-0.533	0.3772	17590.0	18330.0	0.1377	1.0
theta_c_pr[5,150]	0.392	0.01009	0.5659	0.6291	-0.6854	0.447	1.386	3443.0	8246.0	0.02695	1.001
theta_c_pr[5,151]	0.1396	0.002233	0.4061	0.4059	-0.632	0.1325	0.9466	32950.0	23130.0	0.2579	1.0
theta_c_pr[5,152]	-0.05196	0.003533	0.6828	0.698	-1.2	-0.118	1.416	35660.0	26410.0	0.2792	1.0
theta_c_pr[5,153]	-0.8866	0.01077	1.188	1.248	-2.938	-0.9848	1.57	12090.0	22540.0	0.09462	1.001
theta_c_pr[5,154]	-0.7613	0.007164	0.9408	0.8529	-2.154	-0.948	1.456	18420.0	25500.0	0.1442	1.0
theta_c_pr[5,155]	-1.296	0.006431	0.8927	0.8401	-2.838	-1.394	0.6934	19110.0	25800.0	0.1496	1.0
theta_c_pr[6,1]	0.05249	0.001577	0.2387	0.2361	-0.4114	0.05065	0.5282	22840.0	23260.0	0.1788	1.0
theta_c_pr[6,2]	1.69	0.002088	0.3912	0.3767	0.9094	1.69	2.469	35670.0	25660.0	0.2792	1.0
theta_c_pr[6,3]	-0.109	0.00173	0.2813	0.2775	-0.6368	-0.1184	0.4641	26200.0	27420.0	0.2051	1.0
theta_c_pr[6,4]	0.07667	0.003496	0.5587	0.5691	-0.8761	0.02971	1.261	24620.0	27680.0	0.1927	1.0
theta_c_pr[6,5]	-0.1884	0.01055	0.5839	0.7208	-1.183	-0.197	0.8637	3392.0	14010.0	0.02656	1.002
theta_c_pr[6,6]	0.5073	0.002655	0.5162	0.5303	-0.4135	0.4847	1.571	36630.0	27610.0	0.2867	1.0
theta_c_pr[6,7]	0.6048	0.001508	0.2492	0.2465	0.1135	0.6061	1.097	27330.0	29550.0	0.214	1.0
theta_c_pr[6,8]	2.088	0.002029	0.3504	0.3468	1.436	2.076	2.803	29920.0	27900.0	0.2342	1.0
theta_c_pr[6,9]	-0.1837	0.002148	0.3855	0.3914	-0.8763	-0.2019	0.6144	31630.0	27300.0	0.2476	1.0
theta_c_pr[6,10]	-0.3869	0.002843	0.5012	0.4663	-1.197	-0.4528	0.7581	31540.0	29780.0	0.2469	1.0
theta_c_pr[6,11]	-0.07267	0.002076	0.3753	0.3743	-0.736	-0.09981	0.7235	32280.0	28090.0	0.2527	1.0
theta_c_pr[6,12]	0.1672	0.001527	0.2492	0.2489	-0.3011	0.1603	0.673	26450.0	27980.0	0.207	1.0
theta_c_pr[6,13]	0.08175	0.005627	0.857	0.9515	-1.301	0.006836	1.828	22930.0	28100.0	0.1795	1.0
theta_c_pr[6,14]	-1.242	0.005002	0.8491	0.7693	-2.72	-1.323	0.6862	28750.0	28100.0	0.2251	1.0
theta_c_pr[6,15]	0.09263	0.002556	0.4635	0.4722	-0.7024	0.05076	1.087	32060.0	27790.0	0.251	1.0
theta_c_pr[6,16]	0.04658	0.006187	0.8709	0.804	-1.167	-0.1562	2.055	22040.0	30780.0	0.1725	1.0
theta_c_pr[6,17]	0.7736	0.003224	0.4156	0.4074	-0.09821	0.7977	1.54	17850.0	15400.0	0.1398	1.0
theta_c_pr[6,18]	0.5521	0.002637	0.4694	0.4719	-0.3577	0.5484	1.48	31430.0	23120.0	0.246	1.0
theta_c_pr[6,19]	-0.8864	0.002952	0.4832	0.4242	-1.68	-0.9431	0.2408	26920.0	25060.0	0.2108	1.0
theta_c_pr[6,20]	0.4537	0.001668	0.2851	0.284	-0.0914	0.4478	1.027	29040.0	25600.0	0.2274	1.0
theta_c_pr[6,21]	0.05384	0.002613	0.467	0.4826	-0.777	0.02824	1.016	31040.0	28910.0	0.243	1.0
theta_c_pr[6,22]	2.481	0.007536	0.6479	0.5335	1.165	2.513	3.617	19800.0	7956.0	0.155	1.0
theta_c_pr[6,23]	1.035	0.001794	0.3422	0.3386	0.3505	1.039	1.694	36700.0	27400.0	0.2873	1.0
theta_c_pr[6,24]	-0.06856	0.00242	0.3031	0.2963	-0.6169	-0.08796	0.5752	15600.0	24210.0	0.1222	1.0
theta_c_pr[6,25]	1.586	0.001732	0.2654	0.2592	1.069	1.582	2.118	23610.0	27700.0	0.1849	1.0
theta_c_pr[6,26]	0.1723	0.001575	0.2423	0.2405	-0.2962	0.1692	0.651	23630.0	27770.0	0.185	1.0
theta_c_pr[6,27]	0.5828	0.001962	0.3841	0.3869	-0.1444	0.5736	1.352	37790.0	28460.0	0.2959	1.0
theta_c_pr[6,28]	-0.3856	0.005647	0.5675	0.6088	-1.425	-0.3914	0.7179	10120.0	17530.0	0.07923	1.001
theta_c_pr[6,29]	0.3724	0.003049	0.5752	0.5959	-0.6116	0.33	1.583	34590.0	28930.0	0.2708	1.0
theta_c_pr[6,30]	-0.07794	0.002322	0.4116	0.3921	-0.7715	-0.1215	0.8421	31370.0	28240.0	0.2456	1.0
theta_c_pr[6,31]	-0.0001642	0.001629	0.2261	0.224	-0.4381	-0.003747	0.4518	19210.0	24510.0	0.1503	1.0
theta_c_pr[6,32]	-0.5947	0.007534	0.9688	0.7804	-1.923	-0.8554	1.741	17370.0	26650.0	0.136	1.0
theta_c_pr[6,33]	-0.2177	0.004271	0.7147	0.7285	-1.354	-0.3158	1.345	27510.0	30530.0	0.2153	1.0
theta_c_pr[6,34]	-0.9272	0.0048	0.8568	0.8125	-2.508	-0.9922	0.8863	31580.0	29950.0	0.2473	1.0
theta_c_pr[6,35]	0.1559	0.002495	0.4459	0.45	-0.6068	0.1148	1.116	31320.0	27220.0	0.2452	1.0
theta_c_pr[6,36]	0.7055	0.001764	0.3341	0.3358	0.07144	0.6978	1.374	35700.0	30400.0	0.2795	1.0
theta_c_pr[6,37]	-0.8805	0.003554	0.5688	0.5135	-1.808	-0.9524	0.4371	25830.0	27110.0	0.2022	1.0
theta_c_pr[6,38]	0.6163	0.001479	0.2292	0.2261	0.1674	0.616	1.073	24040.0	29410.0	0.1882	1.0
theta_c_pr[6,39]	0.599	0.001569	0.2837	0.2861	0.06583	0.5919	1.169	32650.0	30730.0	0.2556	1.0
theta_c_pr[6,40]	-1.047	0.006663	0.955	0.7619	-2.517	-1.226	1.365	21170.0	27740.0	0.1657	1.0
theta_c_pr[6,41]	1.419	0.002251	0.4084	0.387	0.551	1.433	2.179	36200.0	19450.0	0.2834	1.0
theta_c_pr[6,42]	-0.7327	0.003286	0.4899	0.4489	-1.555	-0.7896	0.3813	21950.0	27110.0	0.1718	1.0
theta_c_pr[6,43]	-0.1914	0.00193	0.3373	0.3316	-0.803	-0.2095	0.5163	29770.0	25610.0	0.2331	1.0
theta_c_pr[6,44]	-1.42	0.004619	0.7409	0.6501	-2.761	-1.477	0.2412	26270.0	26470.0	0.2056	1.0
theta_c_pr[6,45]	0.07227	0.002046	0.3343	0.3366	-0.5467	0.05719	0.7582	26310.0	26180.0	0.206	1.0
theta_c_pr[6,46]	-0.7284	0.002582	0.4363	0.4006	-1.473	-0.7727	0.2564	28790.0	26950.0	0.2254	1.0
theta_c_pr[6,47]	0.4953	0.001605	0.2791	0.2804	-0.05726	0.498	1.035	30420.0	28020.0	0.2382	1.0
theta_c_pr[6,48]	1.633	0.002037	0.385	0.3763	0.8758	1.634	2.392	35980.0	28460.0	0.2817	1.0
theta_c_pr[6,49]	-0.8535	0.006369	0.8285	0.7909	-2.252	-0.9382	1.001	16450.0	23710.0	0.1287	1.0
theta_c_pr[6,50]	-0.7372	0.007898	0.9553	0.67	-2.016	-0.9455	2.028	17290.0	14640.0	0.1353	1.0
theta_c_pr[6,51]	-1.052	0.00491	0.9173	0.8698	-2.661	-1.137	0.9839	34620.0	31400.0	0.2711	1.0
theta_c_pr[6,52]	-1.177	0.008423	1.042	0.7649	-2.723	-1.398	1.575	16660.0	23500.0	0.1304	1.0
theta_c_pr[6,53]	0.3534	0.002086	0.3702	0.3615	-0.2998	0.3266	1.155	30960.0	26250.0	0.2423	1.0
theta_c_pr[6,54]	0.2415	0.001575	0.256	0.2516	-0.2455	0.2339	0.7652	26240.0	25750.0	0.2054	1.0
theta_c_pr[6,55]	0.02356	0.004402	0.6889	0.7338	-1.195	-0.0001188	1.415	24100.0	27760.0	0.1887	1.0
theta_c_pr[6,56]	-1.331	0.005184	0.8352	0.757	-2.803	-1.412	0.5461	25940.0	29050.0	0.2031	1.0
theta_c_pr[6,57]	-0.1075	0.002677	0.4455	0.4456	-0.87	-0.146	0.8553	27750.0	27020.0	0.2172	1.0
theta_c_pr[6,58]	0.3366	0.001889	0.3513	0.352	-0.3136	0.3226	1.062	34330.0	29080.0	0.2687	1.0
theta_c_pr[6,59]	0.3725	0.00223	0.412	0.4223	-0.3898	0.3631	1.2	33600.0	27650.0	0.263	1.0
theta_c_pr[6,60]	0.607	0.001598	0.3022	0.2994	0.03574	0.5983	1.225	35770.0	30070.0	0.2801	1.0
theta_c_pr[6,61]	-0.08911	0.007133	0.5792	0.6348	-1.145	-0.07862	1.029	6738.0	14070.0	0.05275	1.0
theta_c_pr[6,62]	-0.2584	0.001864	0.3083	0.2969	-0.8171	-0.2765	0.4005	26800.0	26100.0	0.2098	1.0
theta_c_pr[6,63]	-0.5961	0.004569	0.6901	0.6528	-1.688	-0.691	1.002	22430.0	28050.0	0.1756	1.0
theta_c_pr[6,64]	-1.015	0.005066	0.9259	0.8581	-2.641	-1.109	1.051	33600.0	30470.0	0.263	1.0
theta_c_pr[6,65]	-1.253	0.005826	0.8182	0.6876	-2.617	-1.357	0.7027	19960.0	25150.0	0.1562	1.0
theta_c_pr[6,66]	0.2255	0.00339	0.3727	0.3734	-0.4297	0.194	1.015	12180.0	25510.0	0.09535	1.001
theta_c_pr[6,67]	-0.4438	0.003675	0.6233	0.5609	-1.387	-0.5485	1.052	28370.0	29340.0	0.2221	1.0
theta_c_pr[6,68]	-1.004	0.004422	0.6579	0.6256	-2.151	-1.064	0.4279	21850.0	26130.0	0.171	1.0
theta_c_pr[6,69]	0.02891	0.001696	0.2186	0.2157	-0.3906	0.02594	0.4684	16620.0	23810.0	0.1301	1.0
theta_c_pr[6,70]	-0.6094	0.002247	0.3838	0.359	-1.271	-0.6421	0.245	28660.0	26520.0	0.2244	1.0
theta_c_pr[6,71]	0.9137	0.006765	0.5442	0.6058	-0.07552	0.9189	1.946	6820.0	18490.0	0.05339	1.0
theta_c_pr[6,72]	-1.038	0.007099	0.8353	0.8166	-2.591	-1.049	0.7391	13530.0	23520.0	0.106	1.0
theta_c_pr[6,73]	-1.519	0.006652	0.9	0.8526	-3.057	-1.606	0.504	18470.0	26980.0	0.1446	1.0
theta_c_pr[6,74]	0.1741	0.004528	0.7703	0.7758	-1.002	0.05145	1.906	28450.0	29580.0	0.2227	1.0
theta_c_pr[6,75]	-0.7472	0.01052	1.209	1.056	-2.507	-1.027	2.094	13610.0	25280.0	0.1066	1.0
theta_c_pr[6,76]	-1.181	0.005508	0.9063	0.8503	-2.766	-1.266	0.8458	27070.0	31220.0	0.2119	1.0
theta_c_pr[6,77]	-1.382	0.005181	0.7885	0.7239	-2.796	-1.449	0.3505	22840.0	27140.0	0.1788	1.0
theta_c_pr[6,78]	-0.8088	0.003924	0.6132	0.5837	-1.806	-0.8872	0.5755	24070.0	29280.0	0.1884	1.0
theta_c_pr[6,79]	-1.268	0.006396	0.9098	0.8519	-2.823	-1.364	0.7817	20330.0	29630.0	0.1592	1.0
theta_c_pr[6,80]	-0.2975	0.003875	0.45	0.416	-1.01	-0.3669	0.7467	13370.0	23410.0	0.1046	1.0
theta_c_pr[6,81]	-0.3963	0.002338	0.3891	0.3755	-1.063	-0.4352	0.4579	27080.0	28240.0	0.212	1.0
theta_c_pr[6,82]	-0.8389	0.004241	0.638	0.5914	-1.849	-0.9314	0.6382	21970.0	28720.0	0.172	1.0
theta_c_pr[6,83]	-0.09785	0.002035	0.2784	0.2678	-0.6066	-0.1105	0.4919	18800.0	25670.0	0.1472	1.0
theta_c_pr[6,84]	-0.1044	0.002315	0.4155	0.4089	-0.8124	-0.1442	0.7948	31320.0	27310.0	0.2452	1.0
theta_c_pr[6,85]	0.3031	0.001664	0.2997	0.2987	-0.2654	0.2969	0.91	32220.0	26260.0	0.2522	1.0
theta_c_pr[6,86]	0.4811	0.001455	0.2264	0.2249	0.04102	0.4797	0.9318	24240.0	28160.0	0.1898	1.0
theta_c_pr[6,87]	0.1079	0.001579	0.2722	0.2712	-0.4127	0.1025	0.6532	29490.0	27870.0	0.2308	1.0
theta_c_pr[6,88]	-0.4891	0.003125	0.5374	0.5019	-1.353	-0.5633	0.7599	29740.0	29100.0	0.2328	1.0
theta_c_pr[6,89]	0.445	0.00252	0.3829	0.3799	-0.2646	0.4277	1.239	23530.0	29100.0	0.1842	1.0
theta_c_pr[6,90]	-0.4211	0.003441	0.5927	0.5245	-1.314	-0.5246	1.018	30890.0	28750.0	0.2418	1.0
theta_c_pr[6,91]	0.3525	0.002603	0.4733	0.4776	-0.5128	0.3375	1.335	32040.0	26030.0	0.2508	1.0
theta_c_pr[6,92]	-1.345	0.004835	0.792	0.6979	-2.745	-1.417	0.4861	27740.0	24580.0	0.2172	1.0
theta_c_pr[6,93]	-0.09917	0.0025	0.3888	0.3746	-0.768	-0.1351	0.7573	23930.0	27390.0	0.1873	1.0
theta_c_pr[6,94]	0.1349	0.002865	0.523	0.5529	-0.8024	0.1163	1.191	32580.0	25720.0	0.255	1.0
theta_c_pr[6,95]	0.6876	0.001669	0.3052	0.305	0.09569	0.6868	1.298	33520.0	28320.0	0.2624	1.0
theta_c_pr[6,96]	-0.3928	0.002856	0.4538	0.4013	-1.113	-0.4541	0.697	27970.0	21520.0	0.219	1.0
theta_c_pr[6,97]	-1.488	0.005079	0.7444	0.6554	-2.81	-1.55	0.1926	21680.0	25270.0	0.1697	1.0
theta_c_pr[6,98]	0.6453	0.002485	0.3952	0.3889	-0.1724	0.6615	1.385	26300.0	20430.0	0.2059	1.0
theta_c_pr[6,99]	-1.088	0.004037	0.6593	0.5891	-2.179	-1.171	0.4558	26350.0	27920.0	0.2063	1.0
theta_c_pr[6,100]	-0.008525	0.003796	0.5382	0.589	-0.927	-0.03961	1.075	19900.0	24350.0	0.1558	1.0
theta_c_pr[6,101]	-0.4894	0.002432	0.3767	0.3536	-1.138	-0.5229	0.359	23690.0	25700.0	0.1855	1.0
theta_c_pr[6,102]	-0.9878	0.004757	0.9098	0.8567	-2.601	-1.07	1.026	36240.0	29700.0	0.2837	1.0
theta_c_pr[6,103]	-0.2104	0.005115	0.6008	0.638	-1.223	-0.2546	1.041	13230.0	24820.0	0.1036	1.001
theta_c_pr[6,104]	-0.399	0.004156	0.6666	0.6146	-1.396	-0.5167	1.18	25920.0	28170.0	0.2029	1.0
theta_c_pr[6,105]	1.235	0.001689	0.287	0.2812	0.6521	1.242	1.783	29080.0	29210.0	0.2277	1.0
theta_c_pr[6,106]	2.371	0.002648	0.5193	0.4853	1.333	2.378	3.382	43910.0	23140.0	0.3437	1.0
theta_c_pr[6,107]	0.7229	0.007624	0.7839	0.7347	-0.9477	0.7588	2.169	13460.0	5950.0	0.1054	1.0
theta_c_pr[6,108]	-1.277	0.004353	0.7714	0.6789	-2.669	-1.337	0.4815	31830.0	28390.0	0.2491	1.0
theta_c_pr[6,109]	-0.008811	0.00325	0.4912	0.4937	-0.8045	-0.07365	1.065	24140.0	28670.0	0.189	1.0
theta_c_pr[6,110]	-0.1492	0.003212	0.5413	0.5403	-1.028	-0.2163	1.039	28750.0	29230.0	0.2251	1.0
theta_c_pr[6,111]	1.71	0.003887	0.5871	0.5653	0.4818	1.723	2.829	24600.0	13120.0	0.1926	1.0
theta_c_pr[6,112]	0.9534	0.00207	0.3869	0.3817	0.1873	0.9576	1.709	35160.0	25520.0	0.2752	1.0
theta_c_pr[6,113]	-0.6796	0.003387	0.5586	0.4719	-1.53	-0.7704	0.695	27860.0	27960.0	0.2181	1.0
theta_c_pr[6,114]	0.6718	0.001396	0.2269	0.2262	0.2335	0.6711	1.12	26420.0	31760.0	0.2068	1.0
theta_c_pr[6,115]	0.03248	0.004876	0.5183	0.5725	-0.8706	0.01348	1.062	11250.0	20300.0	0.08808	1.0
theta_c_pr[6,116]	0.9896	0.001972	0.3491	0.3517	0.3181	0.9837	1.683	31260.0	27310.0	0.2447	1.0
theta_c_pr[6,117]	0.03219	0.004574	0.6546	0.5745	-0.8935	-0.1106	1.613	23430.0	26820.0	0.1834	1.0
theta_c_pr[6,118]	0.2782	0.002346	0.4517	0.4619	-0.5602	0.2659	1.185	36270.0	27200.0	0.2839	1.0
theta_c_pr[6,119]	1.791	0.004357	0.6277	0.6025	0.4872	1.822	2.957	22660.0	15920.0	0.1774	1.0
theta_c_pr[6,120]	0.4466	0.003319	0.4948	0.5338	-0.4592	0.4393	1.407	22290.0	28670.0	0.1745	1.0
theta_c_pr[6,121]	-1.43	0.005703	0.817	0.742	-2.855	-1.512	0.4132	20720.0	27530.0	0.1622	1.0
theta_c_pr[6,122]	0.4086	0.002214	0.3375	0.3391	-0.2296	0.4023	1.091	23150.0	26860.0	0.1812	1.0
theta_c_pr[6,123]	0.7447	0.003087	0.4784	0.4815	-0.1704	0.7392	1.699	23940.0	25760.0	0.1874	1.0
theta_c_pr[6,124]	0.279	0.001597	0.2792	0.2758	-0.2431	0.27	0.858	30530.0	29480.0	0.239	1.0
theta_c_pr[6,125]	-0.2254	0.002651	0.4233	0.3814	-0.9191	-0.2737	0.7707	25730.0	23030.0	0.2015	1.0
theta_c_pr[6,126]	0.7952	0.001965	0.3515	0.348	0.08033	0.8037	1.462	32320.0	24690.0	0.253	1.0
theta_c_pr[6,127]	1.429	0.001929	0.3313	0.3247	0.7789	1.426	2.086	29600.0	27310.0	0.2317	1.0
theta_c_pr[6,128]	0.8874	0.003703	0.6282	0.6828	-0.2529	0.8813	2.105	28710.0	27720.0	0.2248	1.0
theta_c_pr[6,129]	-0.09832	0.001729	0.2698	0.2674	-0.6113	-0.1038	0.4465	24290.0	24900.0	0.1902	1.0
theta_c_pr[6,130]	-0.4413	0.004393	0.4452	0.4282	-1.185	-0.4972	0.5401	10110.0	20900.0	0.07918	1.0
theta_c_pr[6,131]	-1.178	0.006611	0.8311	0.8257	-2.745	-1.196	0.5324	15550.0	25010.0	0.1218	1.0
theta_c_pr[6,132]	-1.133	0.006078	0.8505	0.6905	-2.494	-1.266	1.012	20440.0	25730.0	0.16	1.0
theta_c_pr[6,133]	0.1008	0.001781	0.3328	0.3343	-0.5076	0.08589	0.7939	34220.0	28790.0	0.2679	1.0
theta_c_pr[6,134]	-1.194	0.007292	0.9064	0.8432	-2.727	-1.295	0.8596	15170.0	25960.0	0.1188	1.0
theta_c_pr[6,135]	0.2907	0.001872	0.321	0.3177	-0.2864	0.2701	0.9714	28840.0	27620.0	0.2257	1.0
theta_c_pr[6,136]	0.04076	0.00181	0.3409	0.3353	-0.5751	0.02135	0.7658	34660.0	28480.0	0.2713	1.0
theta_c_pr[6,137]	0.1965	0.001791	0.2521	0.251	-0.2882	0.1927	0.6984	19750.0	24740.0	0.1546	1.0
theta_c_pr[6,138]	0.5476	0.002576	0.5118	0.5271	-0.3825	0.5279	1.588	38290.0	26650.0	0.2997	1.0
theta_c_pr[6,139]	0.04215	0.003645	0.5828	0.5953	-0.9135	-0.0224	1.308	25020.0	28260.0	0.1959	1.0
theta_c_pr[6,140]	0.174	0.00273	0.4445	0.465	-0.6005	0.141	1.101	26250.0	28800.0	0.2055	1.0
theta_c_pr[6,141]	0.5594	0.0029	0.5244	0.5285	-0.4293	0.5536	1.618	31880.0	23390.0	0.2496	1.0
theta_c_pr[6,142]	0.6135	0.004544	0.6744	0.7562	-0.5955	0.6209	1.885	22230.0	23140.0	0.174	1.0
theta_c_pr[6,143]	1.346	0.001998	0.3926	0.3804	0.5865	1.341	2.13	39010.0	25220.0	0.3054	1.0
theta_c_pr[6,144]	-0.5943	0.004577	0.7437	0.629	-1.686	-0.7314	1.268	28230.0	26480.0	0.221	1.0
theta_c_pr[6,145]	0.5904	0.004737	0.725	0.756	-0.7205	0.5756	2.045	22420.0	23430.0	0.1756	1.0
theta_c_pr[6,146]	-0.1162	0.002937	0.5348	0.5337	-1.004	-0.1698	1.053	32440.0	27860.0	0.254	1.0
theta_c_pr[6,147]	1.133	0.003232	0.4898	0.4781	0.06612	1.177	1.997	25120.0	19040.0	0.1966	1.0
theta_c_pr[6,148]	0.1668	0.002135	0.3594	0.3514	-0.478	0.146	0.9423	28000.0	28360.0	0.2192	1.0
theta_c_pr[6,149]	0.1528	0.001861	0.3425	0.3412	-0.4652	0.1355	0.869	33740.0	28900.0	0.2641	1.0
theta_c_pr[6,150]	1.019	0.01071	0.6997	0.6275	-0.4612	1.157	2.11	5484.0	6410.0	0.04293	1.001
theta_c_pr[6,151]	-0.09577	0.002213	0.3785	0.3691	-0.7746	-0.1199	0.714	28860.0	26540.0	0.2259	1.0
theta_c_pr[6,152]	-0.3466	0.002869	0.5119	0.4883	-1.18	-0.4107	0.8225	31580.0	29330.0	0.2472	1.0
theta_c_pr[6,153]	-1.387	0.004517	0.7512	0.651	-2.75	-1.448	0.3254	27820.0	27950.0	0.2178	1.0
theta_c_pr[6,154]	-0.9434	0.003086	0.5021	0.4404	-1.77	-1.003	0.2097	27130.0	26560.0	0.2124	1.0
theta_c_pr[6,155]	-0.8266	0.004266	0.7025	0.6363	-2.013	-0.9073	0.7992	26850.0	25670.0	0.2102	1.0
theta_d_pr[1,1]	0.9568	0.004394	0.7918	0.7503	-0.6935	0.9703	2.465	34980.0	18900.0	0.2738	1.0
theta_d_pr[1,2]	-0.298	0.002232	0.2777	0.2497	-0.9003	-0.2819	0.2029	18670.0	12170.0	0.1461	1.0
theta_d_pr[1,3]	0.2976	0.003023	0.6462	0.6093	-0.9249	0.2709	1.643	47750.0	21480.0	0.3738	1.0
theta_d_pr[1,4]	0.7387	0.003375	0.6517	0.5727	-0.644	0.7335	2.042	40000.0	17820.0	0.3131	1.0
theta_d_pr[1,5]	-1.951	0.01681	0.9719	0.8012	-3.53	-2.095	0.4029	3991.0	6976.0	0.03124	1.0
theta_d_pr[1,6]	0.1067	0.003176	0.5811	0.513	-1.029	0.08517	1.344	35420.0	18220.0	0.2773	1.0
theta_d_pr[1,7]	-0.2835	0.003095	0.7974	0.7712	-1.854	-0.2825	1.297	66290.0	27730.0	0.519	1.0
theta_d_pr[1,8]	0.88	0.009415	0.845	0.8037	-0.9347	0.9407	2.41	8573.0	12960.0	0.06711	1.0
theta_d_pr[1,9]	0.9534	0.004875	0.5914	0.4754	-0.4699	0.9935	2.02	20470.0	8974.0	0.1602	1.001
theta_d_pr[1,10]	-0.4693	0.002489	0.3457	0.283	-1.218	-0.4468	0.13	21840.0	13630.0	0.1709	1.0
theta_d_pr[1,11]	-0.8045	0.008111	0.7824	0.717	-2.238	-0.8533	0.9109	10060.0	14210.0	0.07878	1.0
theta_d_pr[1,12]	0.2416	0.003606	0.7564	0.7247	-1.319	0.2602	1.688	46760.0	22900.0	0.3661	1.0
theta_d_pr[1,13]	-0.05065	0.00296	0.6282	0.5117	-1.402	-0.03004	1.231	46590.0	26280.0	0.3647	1.0
theta_d_pr[1,14]	-0.2592	0.003407	0.8789	0.8505	-1.981	-0.2749	1.55	67040.0	29980.0	0.5248	1.0
theta_d_pr[1,15]	0.8113	0.007884	0.7992	0.7447	-0.9324	0.8686	2.268	11070.0	13820.0	0.08669	1.0
theta_d_pr[1,16]	0.4012	0.003041	0.6184	0.5065	-0.9358	0.3984	1.658	43450.0	18640.0	0.3401	1.0
theta_d_pr[1,17]	-1.635	0.006686	0.7364	0.6504	-3.012	-1.661	0.003599	15380.0	7224.0	0.1204	1.0
theta_d_pr[1,18]	-0.1418	0.0031	0.6469	0.5524	-1.527	-0.1181	1.17	45010.0	27110.0	0.3524	1.0
theta_d_pr[1,19]	-0.5703	0.004167	0.7085	0.6136	-1.981	-0.5712	0.9368	30020.0	21730.0	0.235	1.0
theta_d_pr[1,20]	0.6959	0.005185	0.8741	0.862	-1.059	0.7125	2.371	29300.0	27280.0	0.2294	1.0
theta_d_pr[1,21]	-0.2814	0.002715	0.3512	0.2879	-0.9362	-0.2954	0.4733	20590.0	9295.0	0.1612	1.0
theta_d_pr[1,22]	0.4897	0.003427	0.7799	0.7198	-1.102	0.4894	2.047	52410.0	26880.0	0.4103	1.0
theta_d_pr[1,23]	0.2897	0.002947	0.6588	0.6328	-1.034	0.2975	1.589	51190.0	21160.0	0.4007	1.0
theta_d_pr[1,24]	-1.354	0.003925	0.5389	0.457	-2.441	-1.337	-0.3003	22420.0	8017.0	0.1755	1.0
theta_d_pr[1,25]	0.7721	0.009314	0.8974	0.883	-1.079	0.8054	2.448	9512.0	16730.0	0.07446	1.0
theta_d_pr[1,26]	0.3946	0.004136	0.8191	0.8043	-1.258	0.4097	1.986	40190.0	23720.0	0.3146	1.0
theta_d_pr[1,27]	0.2405	0.003341	0.8404	0.8137	-1.46	0.2524	1.887	63610.0	27090.0	0.498	1.0
theta_d_pr[1,28]	-0.196	0.003216	0.6926	0.5743	-1.611	-0.197	1.264	47360.0	26370.0	0.3708	1.0
theta_d_pr[1,29]	0.1884	0.002974	0.4876	0.3964	-0.7035	0.1507	1.303	31360.0	16160.0	0.2455	1.0
theta_d_pr[1,30]	0.7162	0.0029	0.4852	0.3833	-0.3071	0.6997	1.725	31090.0	11540.0	0.2434	1.0
theta_d_pr[1,31]	0.2833	0.0035	0.8411	0.827	-1.394	0.2885	1.915	58440.0	24640.0	0.4575	1.0
theta_d_pr[1,32]	-0.7967	0.004033	0.7526	0.6618	-2.301	-0.7834	0.8109	37170.0	19160.0	0.291	1.0
theta_d_pr[1,33]	-0.08379	0.003278	0.8505	0.8042	-1.788	-0.08584	1.633	67510.0	29570.0	0.5285	1.0
theta_d_pr[1,34]	-0.1118	0.003331	0.8135	0.76	-1.736	-0.1117	1.537	59700.0	28670.0	0.4674	1.0
theta_d_pr[1,35]	-0.01043	0.002075	0.3471	0.2983	-0.6704	-0.01966	0.7232	31300.0	13900.0	0.245	1.0
theta_d_pr[1,36]	0.9182	0.003254	0.7726	0.758	-0.5703	0.9042	2.473	56810.0	28860.0	0.4448	1.0
theta_d_pr[1,37]	-0.3668	0.002931	0.5066	0.3626	-1.546	-0.3087	0.5767	31420.0	18570.0	0.2459	1.0
theta_d_pr[1,38]	-0.03252	0.003679	0.8817	0.8822	-1.741	-0.0336	1.7	57870.0	28470.0	0.453	1.0
theta_d_pr[1,39]	-0.05145	0.00323	0.8632	0.8543	-1.737	-0.04617	1.64	71350.0	30320.0	0.5586	1.0
theta_d_pr[1,40]	-0.2358	0.003292	0.8865	0.8575	-1.987	-0.2388	1.549	73390.0	28680.0	0.5745	1.0
theta_d_pr[1,41]	-0.1506	0.003345	0.8903	0.8595	-1.897	-0.1634	1.633	71410.0	28550.0	0.559	1.0
theta_d_pr[1,42]	0.2443	0.003157	0.5987	0.5264	-0.9299	0.22	1.516	38100.0	21250.0	0.2983	1.0
theta_d_pr[1,43]	0.3558	0.003064	0.7375	0.6853	-1.142	0.3585	1.818	58350.0	25500.0	0.4568	1.0
theta_d_pr[1,44]	0.01371	0.003274	0.8245	0.7528	-1.66	0.02011	1.665	64110.0	29660.0	0.5019	1.0
theta_d_pr[1,45]	-0.9712	0.007463	0.7199	0.6162	-2.278	-1.019	0.6894	10750.0	10700.0	0.08418	1.0
theta_d_pr[1,46]	-0.1853	0.003208	0.7978	0.752	-1.8	-0.1899	1.421	62180.0	29100.0	0.4868	1.0
theta_d_pr[1,47]	-0.02424	0.002659	0.5587	0.5057	-1.206	-0.004909	1.041	46040.0	20830.0	0.3604	1.0
theta_d_pr[1,48]	0.5982	0.002968	0.6638	0.6217	-0.7366	0.5932	1.921	50810.0	20700.0	0.3978	1.0
theta_d_pr[1,49]	-0.1612	0.003237	0.7227	0.6258	-1.637	-0.1629	1.348	50860.0	28390.0	0.3981	1.0
theta_d_pr[1,50]	-0.5755	0.003738	0.7611	0.687	-2.114	-0.5596	1.001	42980.0	24400.0	0.3365	1.0
theta_d_pr[1,51]	0.6991	0.003648	0.7517	0.6514	-0.949	0.7267	2.143	44150.0	25830.0	0.3456	1.0
theta_d_pr[1,52]	-0.7155	0.0034	0.7225	0.6415	-2.18	-0.6939	0.7683	46330.0	26140.0	0.3627	1.0
theta_d_pr[1,53]	-0.5121	0.002717	0.6121	0.5605	-1.775	-0.4976	0.685	51790.0	19670.0	0.4054	1.0
theta_d_pr[1,54]	0.3747	0.005408	0.6347	0.6014	-0.7871	0.3366	1.728	14740.0	15050.0	0.1154	1.0
theta_d_pr[1,55]	0.1168	0.002942	0.6016	0.4546	-1.199	0.1296	1.371	42730.0	27760.0	0.3345	1.0
theta_d_pr[1,56]	0.3014	0.003329	0.7816	0.6823	-1.346	0.2999	1.879	55200.0	27200.0	0.4321	1.0
theta_d_pr[1,57]	0.04044	0.002879	0.6035	0.5243	-1.186	0.03179	1.296	45590.0	21820.0	0.3569	1.0
theta_d_pr[1,58]	0.2136	0.003942	0.6754	0.6049	-1.27	0.259	1.461	33290.0	19100.0	0.2606	1.0
theta_d_pr[1,59]	-0.9929	0.004431	0.4224	0.3814	-1.953	-0.9508	-0.3024	9857.0	12080.0	0.07717	1.0
theta_d_pr[1,60]	0.1643	0.002861	0.4237	0.3738	-0.6199	0.144	1.077	25310.0	12060.0	0.1982	1.0
theta_d_pr[1,61]	-1.634	0.01103	0.8449	0.7288	-3.13	-1.699	0.3601	6911.0	7270.0	0.0541	1.0
theta_d_pr[1,62]	0.2704	0.002799	0.6958	0.6452	-1.137	0.2652	1.665	62510.0	24550.0	0.4894	1.0
theta_d_pr[1,63]	-0.6568	0.004739	0.6185	0.5008	-1.915	-0.6508	0.7168	19140.0	14720.0	0.1499	1.0
theta_d_pr[1,64]	-0.2298	0.003257	0.764	0.6887	-1.746	-0.2477	1.341	55440.0	28700.0	0.434	1.0
theta_d_pr[1,65]	-0.2205	0.00334	0.7451	0.654	-1.739	-0.2045	1.317	50400.0	26450.0	0.3945	1.0
theta_d_pr[1,66]	1.158	0.006191	0.7468	0.6871	-0.4614	1.193	2.552	16330.0	12170.0	0.1278	1.0
theta_d_pr[1,67]	0.1785	0.003063	0.6301	0.5118	-1.11	0.1558	1.523	43290.0	26740.0	0.3389	1.0
theta_d_pr[1,68]	0.2587	0.003319	0.7907	0.7037	-1.39	0.2518	1.867	57280.0	27310.0	0.4484	1.0
theta_d_pr[1,69]	0.452	0.003818	0.7498	0.7031	-1.101	0.4687	1.89	41140.0	20610.0	0.322	1.0
theta_d_pr[1,70]	-0.02508	0.003769	0.5873	0.4973	-1.352	0.03494	1.036	27620.0	19670.0	0.2163	1.0
theta_d_pr[1,71]	-0.2693	0.004864	0.8022	0.7754	-1.822	-0.2906	1.357	28090.0	23380.0	0.2199	1.0
theta_d_pr[1,72]	-0.3131	0.003282	0.7714	0.6469	-1.884	-0.3033	1.335	55330.0	25910.0	0.4331	1.0
theta_d_pr[1,73]	-0.08189	0.003286	0.7696	0.6518	-1.677	-0.07812	1.529	54740.0	27870.0	0.4285	1.0
theta_d_pr[1,74]	-0.5165	0.002404	0.38	0.324	-1.337	-0.4943	0.1698	27700.0	15200.0	0.2169	1.0
theta_d_pr[1,75]	0.4035	0.003337	0.7303	0.6133	-1.15	0.3891	1.903	48180.0	24810.0	0.3771	1.0
theta_d_pr[1,76]	-0.4687	0.003852	0.867	0.8198	-2.153	-0.4856	1.326	51410.0	28910.0	0.4025	1.0
theta_d_pr[1,77]	-0.4146	0.003317	0.7577	0.6448	-1.973	-0.3932	1.187	52340.0	26420.0	0.4097	1.0
theta_d_pr[1,78]	0.2117	0.003146	0.6857	0.5763	-1.229	0.1992	1.634	48490.0	27620.0	0.3796	1.0
theta_d_pr[1,79]	-0.1096	0.00321	0.8612	0.8175	-1.817	-0.1172	1.614	71840.0	29370.0	0.5624	1.0
theta_d_pr[1,80]	1.394	0.007595	0.7003	0.5643	-0.3451	1.432	2.648	11300.0	7500.0	0.08845	1.0
theta_d_pr[1,81]	-0.7858	0.007971	0.817	0.7485	-2.283	-0.8337	0.9968	11340.0	13910.0	0.08877	1.0
theta_d_pr[1,82]	0.9076	0.004408	0.6798	0.5752	-0.5724	0.8858	2.289	26470.0	14120.0	0.2072	1.0
theta_d_pr[1,83]	0.1111	0.00329	0.8073	0.7741	-1.491	0.1103	1.732	60980.0	24650.0	0.4773	1.0
theta_d_pr[1,84]	0.1825	0.004108	0.7672	0.7443	-1.4	0.2066	1.647	36150.0	25320.0	0.283	1.0
theta_d_pr[1,85]	-1.075	0.0107	0.8983	0.8737	-2.707	-1.131	0.8339	7254.0	13680.0	0.05679	1.0
theta_d_pr[1,86]	-0.2749	0.003669	0.8709	0.8478	-1.976	-0.2777	1.474	56880.0	26560.0	0.4452	1.0
theta_d_pr[1,87]	0.3227	0.004118	0.8087	0.7757	-1.347	0.3519	1.861	40930.0	24180.0	0.3204	1.0
theta_d_pr[1,88]	-0.8278	0.003495	0.5054	0.4039	-2.055	-0.743	-0.08151	21620.0	21930.0	0.1692	1.0
theta_d_pr[1,89]	-1.822	0.01624	0.9418	0.7686	-3.319	-1.973	0.4796	3988.0	6863.0	0.03122	1.001
theta_d_pr[1,90]	0.4694	0.005213	0.7421	0.6648	-1.153	0.5106	1.859	21750.0	19090.0	0.1703	1.0
theta_d_pr[1,91]	-1.213	0.004747	0.4544	0.421	-2.224	-1.174	-0.4536	10000.0	10650.0	0.07831	1.0
theta_d_pr[1,92]	-1.204	0.003867	0.5668	0.5105	-2.451	-1.148	-0.2554	22560.0	18810.0	0.1766	1.0
theta_d_pr[1,93]	-0.005013	0.003172	0.748	0.7029	-1.481	-0.01477	1.503	56220.0	24640.0	0.4401	1.0
theta_d_pr[1,94]	1.037	0.005611	0.6892	0.5693	-0.5942	1.068	2.307	19310.0	10680.0	0.1512	1.0
theta_d_pr[1,95]	-0.1494	0.004583	0.696	0.6539	-1.452	-0.1804	1.336	24430.0	19780.0	0.1912	1.0
theta_d_pr[1,96]	0.2357	0.003113	0.7227	0.6516	-1.26	0.2442	1.691	54560.0	25740.0	0.4271	1.0
theta_d_pr[1,97]	0.5259	0.004209	0.7258	0.6339	-1.03	0.5322	1.952	31250.0	22130.0	0.2446	1.0
theta_d_pr[1,98]	0.5337	0.004628	0.8266	0.8046	-1.142	0.5473	2.133	33020.0	19880.0	0.2585	1.0
theta_d_pr[1,99]	-0.377	0.003391	0.7096	0.6005	-1.874	-0.3429	1.069	45530.0	27650.0	0.3564	1.0
theta_d_pr[1,100]	-1.344	0.00695	0.7661	0.6798	-2.778	-1.367	0.3645	14440.0	9288.0	0.113	1.0
theta_d_pr[1,101]	0.1554	0.003177	0.7571	0.7014	-1.373	0.1538	1.681	57260.0	28500.0	0.4483	1.0
theta_d_pr[1,102]	0.1187	0.003353	0.8509	0.808	-1.603	0.127	1.798	64790.0	29660.0	0.5072	1.0
theta_d_pr[1,103]	-1.381	0.005973	0.6879	0.5734	-2.691	-1.389	0.2044	17580.0	7270.0	0.1376	1.0
theta_d_pr[1,104]	-1.47	0.007369	0.7259	0.6134	-2.831	-1.489	0.2441	12360.0	6634.0	0.09679	1.0
theta_d_pr[1,105]	0.2776	0.003414	0.7781	0.755	-1.253	0.2705	1.832	52220.0	24360.0	0.4088	1.0
theta_d_pr[1,106]	-0.1078	0.003224	0.8379	0.8071	-1.754	-0.1112	1.573	67770.0	30490.0	0.5305	1.0
theta_d_pr[1,107]	-0.755	0.003517	0.7455	0.6873	-2.261	-0.7469	0.7521	46620.0	22640.0	0.3649	1.0
theta_d_pr[1,108]	-0.121	0.003144	0.8666	0.8231	-1.835	-0.1354	1.641	76390.0	29180.0	0.598	1.0
theta_d_pr[1,109]	0.2123	0.003698	0.7263	0.672	-1.326	0.2427	1.603	40960.0	21540.0	0.3207	1.0
theta_d_pr[1,110]	-0.07157	0.003296	0.7426	0.6749	-1.544	-0.08119	1.459	51100.0	24370.0	0.4	1.0
theta_d_pr[1,111]	-0.3715	0.003571	0.8768	0.8476	-2.093	-0.3848	1.38	61150.0	30650.0	0.4787	1.0
theta_d_pr[1,112]	-0.5318	0.004853	0.8278	0.7982	-2.127	-0.5514	1.156	30090.0	23040.0	0.2356	1.0
theta_d_pr[1,113]	0.828	0.003359	0.5845	0.4724	-0.4634	0.8213	2.016	33710.0	11570.0	0.2639	1.0
theta_d_pr[1,114]	-0.008221	0.003323	0.844	0.8247	-1.694	-0.005509	1.646	64990.0	29480.0	0.5088	1.0
theta_d_pr[1,115]	-0.4976	0.003879	0.6478	0.5377	-1.817	-0.4751	0.8803	28950.0	19650.0	0.2266	1.0
theta_d_pr[1,116]	0.5435	0.004226	0.8504	0.8367	-1.164	0.5541	2.198	41590.0	24970.0	0.3256	1.0
theta_d_pr[1,117]	0.35	0.004354	0.727	0.6542	-1.232	0.3829	1.735	29640.0	20120.0	0.2321	1.0
theta_d_pr[1,118]	-0.5413	0.005214	0.6968	0.6117	-1.894	-0.5568	0.9792	19060.0	18230.0	0.1492	1.0
theta_d_pr[1,119]	0.06333	0.003322	0.9048	0.8887	-1.732	0.06939	1.826	74270.0	28920.0	0.5814	1.0
theta_d_pr[1,120]	-1.272	0.005822	0.7406	0.6856	-2.68	-1.289	0.3046	17960.0	11340.0	0.1406	1.0
theta_d_pr[1,121]	-0.16	0.003036	0.5673	0.4224	-1.444	-0.1224	1.004	36620.0	22140.0	0.2867	1.0
theta_d_pr[1,122]	-0.8877	0.002644	0.6012	0.5684	-2.088	-0.8822	0.2959	53150.0	16270.0	0.4161	1.0
theta_d_pr[1,123]	-0.4104	0.003803	0.6046	0.5164	-1.556	-0.4369	0.9142	28070.0	15620.0	0.2198	1.0
theta_d_pr[1,124]	0.01723	0.003056	0.7341	0.6929	-1.434	0.00793	1.523	58310.0	27090.0	0.4565	1.001
theta_d_pr[1,125]	-0.3411	0.001985	0.3758	0.3369	-1.093	-0.3386	0.4009	37600.0	17790.0	0.2944	1.0
theta_d_pr[1,126]	0.7048	0.003962	0.488	0.4219	-0.1027	0.6497	1.827	16660.0	16910.0	0.1304	1.0
theta_d_pr[1,127]	0.2566	0.003558	0.7268	0.6787	-1.262	0.274	1.676	43010.0	21700.0	0.3367	1.0
theta_d_pr[1,128]	-0.4683	0.003376	0.8067	0.7887	-2.047	-0.4649	1.121	57730.0	25980.0	0.452	1.0
theta_d_pr[1,129]	0.7879	0.005299	0.7915	0.7453	-0.867	0.8149	2.293	23990.0	16260.0	0.1878	1.0
theta_d_pr[1,130]	1.799	0.0157	0.9404	0.7808	-0.4837	1.925	3.344	4264.0	6891.0	0.03338	1.001
theta_d_pr[1,131]	-0.01299	0.003193	0.7085	0.5693	-1.553	0.004911	1.419	49060.0	25010.0	0.3841	1.0
theta_d_pr[1,132]	0.5817	0.003483	0.6259	0.511	-0.7218	0.5491	1.898	33620.0	19580.0	0.2632	1.0
theta_d_pr[1,133]	1.091	0.006773	0.7859	0.7303	-0.6006	1.122	2.568	14560.0	13490.0	0.114	1.0
theta_d_pr[1,134]	0.2708	0.003336	0.7649	0.6552	-1.346	0.2562	1.841	53110.0	28180.0	0.4158	1.0
theta_d_pr[1,135]	1.804	0.01006	0.8302	0.7464	-0.08321	1.856	3.315	7998.0	6344.0	0.06261	1.0
theta_d_pr[1,136]	-0.539	0.003305	0.7385	0.6976	-2.01	-0.541	0.9313	50750.0	24730.0	0.3973	1.0
theta_d_pr[1,137]	0.3866	0.005503	0.8549	0.8439	-1.357	0.4088	2.0	24810.0	25010.0	0.1943	1.0
theta_d_pr[1,138]	0.6726	0.004319	0.7162	0.6417	-0.8938	0.6958	2.043	31210.0	16540.0	0.2444	1.0
theta_d_pr[1,139]	0.8856	0.008184	0.8152	0.7389	-0.9267	0.9501	2.348	10750.0	15060.0	0.08418	1.0
theta_d_pr[1,140]	-0.2016	0.004998	0.7067	0.6465	-1.565	-0.2303	1.295	21230.0	18770.0	0.1662	1.0
theta_d_pr[1,141]	0.4845	0.00256	0.495	0.4232	-0.5123	0.4762	1.501	39690.0	19760.0	0.3107	1.0
theta_d_pr[1,142]	0.786	0.00551	0.7733	0.7053	-0.8909	0.8312	2.236	21990.0	16710.0	0.1722	1.0
theta_d_pr[1,143]	-0.2937	0.004959	0.6888	0.6337	-1.643	-0.3086	1.146	20340.0	15420.0	0.1592	1.0
theta_d_pr[1,144]	0.6575	0.003853	0.7243	0.6531	-0.8818	0.6679	2.085	37320.0	18370.0	0.2922	1.0
theta_d_pr[1,145]	0.2168	0.003112	0.769	0.732	-1.333	0.2297	1.723	61680.0	27380.0	0.4829	1.0
theta_d_pr[1,146]	0.0861	0.002263	0.3409	0.2652	-0.6677	0.09921	0.7242	26010.0	14570.0	0.2036	1.0
theta_d_pr[1,147]	0.8488	0.004901	0.7956	0.7335	-0.89	0.8953	2.323	28500.0	23340.0	0.2231	1.0
theta_d_pr[1,148]	0.4987	0.003046	0.7455	0.709	-1.007	0.4961	1.978	60200.0	23910.0	0.4713	1.0
theta_d_pr[1,149]	-0.7941	0.009171	0.8383	0.7899	-2.321	-0.8519	1.022	8744.0	14710.0	0.06845	1.0
theta_d_pr[1,150]	1.937	0.0158	0.9654	0.8309	-0.3762	2.064	3.533	4392.0	7519.0	0.03438	1.0
theta_d_pr[1,151]	0.09965	0.003074	0.7224	0.677	-1.377	0.1117	1.506	56100.0	21340.0	0.4391	1.0
theta_d_pr[1,152]	-0.0323	0.003063	0.646	0.5526	-1.361	-0.03576	1.307	46300.0	22320.0	0.3625	1.0
theta_d_pr[1,153]	0.3056	0.003497	0.6892	0.5368	-1.221	0.31	1.718	38770.0	26050.0	0.3035	1.0
theta_d_pr[1,154]	-0.09338	0.003034	0.6646	0.5367	-1.513	-0.06517	1.281	48970.0	28410.0	0.3834	1.0
theta_d_pr[1,155]	-0.2435	0.00331	0.8072	0.7242	-1.842	-0.2509	1.434	60130.0	27460.0	0.4708	1.0
theta_d_pr[2,1]	0.1959	0.004188	0.8676	0.8644	-1.548	0.2115	1.862	43500.0	27840.0	0.3405	1.0
theta_d_pr[2,2]	-0.4691	0.003737	0.3236	0.2942	-1.195	-0.4394	0.08055	8432.0	9933.0	0.06601	1.001
theta_d_pr[2,3]	0.3076	0.003491	0.808	0.7895	-1.33	0.3242	1.87	53990.0	28270.0	0.4227	1.0
theta_d_pr[2,4]	0.9021	0.005048	0.7314	0.6144	-0.8143	0.9708	2.199	23850.0	20920.0	0.1867	1.0
theta_d_pr[2,5]	-2.083	0.018	1.118	1.048	-3.893	-2.27	0.4227	4213.0	12950.0	0.03298	1.001
theta_d_pr[2,6]	-0.6561	0.003414	0.6668	0.5942	-1.998	-0.6488	0.7109	39810.0	24140.0	0.3117	1.0
theta_d_pr[2,7]	0.4927	0.003313	0.81	0.7945	-1.127	0.4996	2.081	60520.0	27600.0	0.4738	1.0
theta_d_pr[2,8]	-0.2287	0.002995	0.3748	0.3483	-1.048	-0.2064	0.4502	17220.0	16160.0	0.1348	1.0
theta_d_pr[2,9]	-0.1005	0.003164	0.7336	0.687	-1.621	-0.07935	1.342	54660.0	30330.0	0.4279	1.0
theta_d_pr[2,10]	-0.312	0.003418	0.7513	0.6763	-1.828	-0.307	1.217	49330.0	28360.0	0.3862	1.0
theta_d_pr[2,11]	0.1683	0.003307	0.7656	0.7201	-1.399	0.179	1.665	53980.0	28640.0	0.4226	1.0
theta_d_pr[2,12]	-0.2369	0.004357	0.8589	0.845	-1.9	-0.2496	1.475	39270.0	29250.0	0.3074	1.0
theta_d_pr[2,13]	0.4375	0.003489	0.5982	0.44	-0.9291	0.4564	1.653	30680.0	25430.0	0.2402	1.0
theta_d_pr[2,14]	-0.1259	0.00336	0.9072	0.8594	-1.942	-0.1271	1.702	72930.0	29870.0	0.5709	1.0
theta_d_pr[2,15]	0.3094	0.003306	0.7287	0.6631	-1.227	0.329	1.743	49070.0	27250.0	0.3841	1.0
theta_d_pr[2,16]	0.3382	0.003309	0.6548	0.5154	-1.14	0.3635	1.631	40490.0	28930.0	0.317	1.0
theta_d_pr[2,17]	-1.466	0.003899	0.7118	0.6624	-2.85	-1.468	-0.006695	36900.0	14940.0	0.2889	1.0
theta_d_pr[2,18]	-0.06598	0.003013	0.5884	0.5207	-1.419	-0.004203	0.9624	40580.0	25770.0	0.3176	1.0
theta_d_pr[2,19]	-0.02692	0.003282	0.8169	0.7605	-1.665	-0.02189	1.617	61920.0	30090.0	0.4847	1.0
theta_d_pr[2,20]	0.2085	0.003126	0.8117	0.7895	-1.408	0.2093	1.825	66980.0	31080.0	0.5243	1.0
theta_d_pr[2,21]	-0.6851	0.003953	0.7068	0.6172	-2.047	-0.7049	0.8703	34120.0	23200.0	0.2671	1.0
theta_d_pr[2,22]	0.09936	0.002393	0.2292	0.2074	-0.3683	0.106	0.5221	9866.0	12620.0	0.07723	1.0
theta_d_pr[2,23]	0.3843	0.00297	0.6525	0.6126	-0.8956	0.3743	1.707	48910.0	25860.0	0.3829	1.0
theta_d_pr[2,24]	-0.9251	0.006134	0.8691	0.8517	-2.542	-0.972	0.8902	20840.0	22770.0	0.1632	1.0
theta_d_pr[2,25]	0.7068	0.002825	0.7254	0.7152	-0.69	0.6973	2.164	66090.0	28890.0	0.5174	1.0
theta_d_pr[2,26]	0.374	0.004186	0.8563	0.8468	-1.351	0.3909	2.016	42310.0	29820.0	0.3312	1.0
theta_d_pr[2,27]	-0.01556	0.003028	0.6777	0.6319	-1.425	0.003688	1.295	50900.0	26650.0	0.3985	1.0
theta_d_pr[2,28]	-1.254	0.00586	0.7785	0.6672	-2.669	-1.298	0.5811	20760.0	15050.0	0.1625	1.0
theta_d_pr[2,29]	0.0698	0.003213	0.659	0.5647	-1.363	0.1035	1.362	43810.0	28410.0	0.343	1.0
theta_d_pr[2,30]	0.5414	0.003624	0.7908	0.7329	-1.126	0.5665	2.051	49250.0	27850.0	0.3855	1.0
theta_d_pr[2,31]	0.4681	0.003667	0.8738	0.8692	-1.284	0.4894	2.145	57440.0	28680.0	0.4496	1.0
theta_d_pr[2,32]	-0.1482	0.003302	0.7306	0.5858	-1.733	-0.09268	1.339	49010.0	27000.0	0.3837	1.0
theta_d_pr[2,33]	0.4804	0.00369	0.6768	0.5382	-1.06	0.5171	1.793	35930.0	27850.0	0.2813	1.0
theta_d_pr[2,34]	0.4452	0.003914	0.9248	0.9021	-1.454	0.4807	2.2	56640.0	31760.0	0.4434	1.0
theta_d_pr[2,35]	0.7115	0.003625	0.7597	0.6946	-0.9315	0.7387	2.142	46130.0	25620.0	0.3611	1.0
theta_d_pr[2,36]	0.4647	0.003327	0.7801	0.7591	-1.088	0.4663	1.997	55250.0	28430.0	0.4325	1.0
theta_d_pr[2,37]	-0.5313	0.004036	0.8022	0.7296	-2.109	-0.5297	1.142	41010.0	27280.0	0.321	1.0
theta_d_pr[2,38]	-0.1623	0.003135	0.8801	0.8804	-1.868	-0.1695	1.573	78960.0	29840.0	0.6181	1.0
theta_d_pr[2,39]	-0.2335	0.003182	0.8304	0.8197	-1.864	-0.2257	1.385	68520.0	31150.0	0.5364	1.0
theta_d_pr[2,40]	-0.07823	0.003326	0.8406	0.7613	-1.803	-0.05738	1.623	63420.0	30360.0	0.4965	1.0
theta_d_pr[2,41]	0.1538	0.002268	0.3313	0.2999	-0.5184	0.1571	0.8043	21660.0	19150.0	0.1695	1.0
theta_d_pr[2,42]	0.8588	0.005205	0.8737	0.8175	-1.006	0.9082	2.488	29380.0	26600.0	0.23	1.0
theta_d_pr[2,43]	0.04111	0.003734	0.7939	0.7641	-1.52	0.03614	1.642	46440.0	27520.0	0.3635	1.0
theta_d_pr[2,44]	-0.1454	0.00334	0.8954	0.8276	-1.951	-0.1372	1.677	71980.0	29320.0	0.5635	1.0
theta_d_pr[2,45]	-0.7245	0.003953	0.7864	0.7479	-2.215	-0.7515	0.9311	41620.0	27320.0	0.3258	1.0
theta_d_pr[2,46]	-0.3255	0.003535	0.8166	0.7778	-1.924	-0.332	1.329	53600.0	29720.0	0.4196	1.0
theta_d_pr[2,47]	-0.3167	0.003025	0.7162	0.689	-1.752	-0.3148	1.1	56500.0	29660.0	0.4423	1.0
theta_d_pr[2,48]	-0.5646	0.003162	0.5093	0.4817	-1.671	-0.5286	0.3383	27680.0	24410.0	0.2167	1.0
theta_d_pr[2,49]	-0.6189	0.003607	0.7845	0.6932	-2.211	-0.5928	1.041	47910.0	28310.0	0.375	1.0
theta_d_pr[2,50]	-0.4962	0.003568	0.7913	0.7	-2.09	-0.4695	1.161	49650.0	25990.0	0.3887	1.0
theta_d_pr[2,51]	-0.2082	0.00344	0.9067	0.8731	-1.991	-0.2111	1.603	69840.0	28900.0	0.5467	1.0
theta_d_pr[2,52]	-0.2933	0.003464	0.8287	0.7213	-1.963	-0.2862	1.454	57580.0	28150.0	0.4508	1.0
theta_d_pr[2,53]	-0.5457	0.003861	0.7907	0.7485	-2.063	-0.5721	1.105	43710.0	26290.0	0.3422	1.0
theta_d_pr[2,54]	-0.04198	0.003359	0.8392	0.8314	-1.694	-0.04569	1.614	62670.0	29710.0	0.4906	1.0
theta_d_pr[2,55]	0.647	0.003639	0.6331	0.4841	-0.8404	0.6778	1.857	31970.0	25130.0	0.2503	1.0
theta_d_pr[2,56]	-0.2481	0.003408	0.8822	0.8216	-1.993	-0.2492	1.558	67130.0	29580.0	0.5255	1.0
theta_d_pr[2,57]	0.3019	0.003328	0.7452	0.6845	-1.236	0.309	1.793	50360.0	29770.0	0.3942	1.0
theta_d_pr[2,58]	0.5428	0.003439	0.7512	0.7112	-1.036	0.5755	1.955	49200.0	28390.0	0.3851	1.0
theta_d_pr[2,59]	-0.1638	0.003042	0.6772	0.6121	-1.562	-0.1495	1.189	50610.0	28460.0	0.3962	1.0
theta_d_pr[2,60]	-0.2349	0.003311	0.7941	0.7714	-1.797	-0.2325	1.353	57810.0	29610.0	0.4526	1.0
theta_d_pr[2,61]	-1.55	0.008705	0.8904	0.7928	-3.149	-1.62	0.4735	11790.0	14120.0	0.09232	1.0
theta_d_pr[2,62]	0.529	0.004581	0.8553	0.8332	-1.226	0.5642	2.15	35690.0	29260.0	0.2794	1.0
theta_d_pr[2,63]	-0.7378	0.004335	0.7695	0.6909	-2.282	-0.7181	0.9027	32460.0	22480.0	0.2541	1.0
theta_d_pr[2,64]	0.1745	0.003403	0.9337	0.9089	-1.719	0.1922	1.974	76410.0	30130.0	0.5981	1.0
theta_d_pr[2,65]	-0.368	0.003638	0.8436	0.7587	-2.055	-0.3546	1.385	54260.0	29610.0	0.4247	1.0
theta_d_pr[2,66]	1.303	0.008366	0.909	0.872	-0.6728	1.384	2.912	12610.0	20490.0	0.09873	1.0
theta_d_pr[2,67]	0.4292	0.003741	0.7443	0.6479	-1.161	0.4565	1.878	41620.0	27840.0	0.3258	1.0
theta_d_pr[2,68]	-0.6397	0.003829	0.8126	0.7375	-2.245	-0.634	1.074	46880.0	24950.0	0.367	1.0
theta_d_pr[2,69]	-0.6625	0.004052	0.8947	0.8869	-2.38	-0.676	1.135	49860.0	28300.0	0.3903	1.0
theta_d_pr[2,70]	-0.08461	0.003466	0.8172	0.778	-1.712	-0.08545	1.556	55770.0	29730.0	0.4366	1.0
theta_d_pr[2,71]	-1.528	0.006884	0.7752	0.6674	-2.901	-1.592	0.2908	15100.0	12850.0	0.1182	1.0
theta_d_pr[2,72]	-0.7069	0.004261	0.8093	0.7194	-2.316	-0.6929	1.029	36840.0	23870.0	0.2884	1.0
theta_d_pr[2,73]	0.14	0.003486	0.8619	0.7737	-1.696	0.1803	1.834	61450.0	30120.0	0.4811	1.0
theta_d_pr[2,74]	-0.01838	0.003182	0.6455	0.5243	-1.449	0.03053	1.249	42880.0	28890.0	0.3357	1.0
theta_d_pr[2,75]	0.4871	0.003803	0.7858	0.6096	-1.268	0.5	2.058	42910.0	26620.0	0.3359	1.0
theta_d_pr[2,76]	-0.1713	0.003449	0.9081	0.866	-1.982	-0.1639	1.633	69650.0	29360.0	0.5453	1.0
theta_d_pr[2,77]	-0.3583	0.003668	0.8636	0.8015	-2.069	-0.3561	1.426	56000.0	29510.0	0.4384	1.0
theta_d_pr[2,78]	0.8292	0.004599	0.8425	0.7468	-1.011	0.8607	2.444	34760.0	26160.0	0.2721	1.0
theta_d_pr[2,79]	-0.3363	0.003581	0.8617	0.7727	-2.034	-0.3454	1.466	58210.0	28670.0	0.4557	1.0
theta_d_pr[2,80]	1.199	0.007108	0.8981	0.8524	-0.7595	1.281	2.79	17120.0	23450.0	0.134	1.0
theta_d_pr[2,81]	-0.6976	0.004092	0.8202	0.7809	-2.263	-0.7184	1.024	42100.0	27580.0	0.3296	1.0
theta_d_pr[2,82]	0.8297	0.004748	0.8212	0.723	-0.9747	0.8549	2.398	31230.0	27410.0	0.2445	1.0
theta_d_pr[2,83]	0.8249	0.005586	0.8907	0.8788	-1.011	0.8618	2.488	25860.0	27390.0	0.2024	1.0
theta_d_pr[2,84]	0.4235	0.00338	0.7655	0.7091	-1.186	0.4505	1.917	52040.0	29600.0	0.4074	1.0
theta_d_pr[2,85]	-0.1624	0.004174	0.7849	0.76	-1.674	-0.1782	1.438	36220.0	26460.0	0.2836	1.0
theta_d_pr[2,86]	-0.4623	0.003256	0.8119	0.7984	-2.048	-0.4683	1.148	62730.0	29390.0	0.4911	1.0
theta_d_pr[2,87]	0.1571	0.003268	0.816	0.7997	-1.48	0.1691	1.759	62460.0	30430.0	0.489	1.0
theta_d_pr[2,88]	0.4508	0.003857	0.7715	0.693	-1.216	0.4947	1.923	41870.0	28400.0	0.3278	1.0
theta_d_pr[2,89]	-0.6399	0.004623	0.7224	0.6579	-1.943	-0.6926	0.9635	26350.0	22960.0	0.2062	1.0
theta_d_pr[2,90]	0.2173	0.003391	0.7476	0.663	-1.374	0.25	1.662	49500.0	29710.0	0.3875	1.0
theta_d_pr[2,91]	0.205	0.004336	0.6775	0.6133	-1.305	0.2676	1.424	26190.0	26500.0	0.205	1.0
theta_d_pr[2,92]	0.05915	0.003288	0.8949	0.8484	-1.751	0.07393	1.816	74020.0	29660.0	0.5795	1.0
theta_d_pr[2,93]	0.8533	0.005537	0.8345	0.7968	-0.9491	0.9172	2.358	23760.0	27370.0	0.186	1.0
theta_d_pr[2,94]	-0.07242	0.003089	0.6554	0.5733	-1.455	-0.04283	1.233	46170.0	26370.0	0.3614	1.0
theta_d_pr[2,95]	-0.2626	0.003074	0.7234	0.6959	-1.679	-0.2709	1.196	56150.0	29460.0	0.4395	1.0
theta_d_pr[2,96]	0.2087	0.003274	0.7787	0.7274	-1.4	0.2341	1.731	57000.0	30740.0	0.4462	1.0
theta_d_pr[2,97]	-0.3083	0.003574	0.8714	0.7982	-2.035	-0.3076	1.495	59440.0	30900.0	0.4653	1.0
theta_d_pr[2,98]	0.7542	0.003406	0.6423	0.5978	-0.4891	0.7262	2.098	36160.0	26530.0	0.2831	1.0
theta_d_pr[2,99]	-0.442	0.003601	0.8315	0.7669	-2.094	-0.4347	1.268	53560.0	31250.0	0.4193	1.0
theta_d_pr[2,100]	-1.047	0.003998	0.7555	0.6841	-2.481	-1.055	0.5982	37850.0	21200.0	0.2963	1.0
theta_d_pr[2,101]	0.7711	0.005407	0.8572	0.8301	-1.051	0.8244	2.345	26250.0	27080.0	0.2055	1.0
theta_d_pr[2,102]	-0.1499	0.003361	0.9236	0.8961	-1.952	-0.1578	1.711	75690.0	29670.0	0.5925	1.0
theta_d_pr[2,103]	-1.108	0.005271	0.7661	0.6658	-2.557	-1.136	0.6243	23510.0	18600.0	0.1841	1.0
theta_d_pr[2,104]	-0.5646	0.003537	0.7328	0.6456	-2.063	-0.5378	0.9797	43990.0	25870.0	0.3444	1.0
theta_d_pr[2,105]	-0.6846	0.002759	0.595	0.5776	-1.906	-0.6667	0.4458	47300.0	27970.0	0.3703	1.0
theta_d_pr[2,106]	-0.3195	0.003302	0.275	0.2541	-0.9365	-0.2953	0.1502	7543.0	9963.0	0.05905	1.0
theta_d_pr[2,107]	1.005	0.004016	0.4498	0.3819	0.3262	0.942	2.064	13210.0	15690.0	0.1034	1.0
theta_d_pr[2,108]	-0.04259	0.003318	0.9035	0.8632	-1.837	-0.04003	1.747	74140.0	30250.0	0.5804	1.0
theta_d_pr[2,109]	-0.5263	0.003463	0.7591	0.7156	-2.028	-0.5273	1.022	48060.0	29090.0	0.3763	1.0
theta_d_pr[2,110]	-0.2845	0.00328	0.729	0.6613	-1.789	-0.2585	1.178	50870.0	28380.0	0.3982	1.0
theta_d_pr[2,111]	1.027	0.00357	0.3661	0.3232	0.4138	1.001	1.809	11760.0	13000.0	0.09204	1.001
theta_d_pr[2,112]	-0.2314	0.002754	0.586	0.5319	-1.421	-0.2285	0.9512	45530.0	25100.0	0.3564	1.0
theta_d_pr[2,113]	0.247	0.003358	0.7675	0.6927	-1.376	0.2706	1.759	53160.0	31460.0	0.4161	1.0
theta_d_pr[2,114]	-0.8943	0.003001	0.721	0.7059	-2.373	-0.8725	0.4769	58250.0	30250.0	0.456	1.0
theta_d_pr[2,115]	-1.262	0.006179	0.7965	0.6927	-2.71	-1.312	0.5802	18770.0	17840.0	0.1469	1.0
theta_d_pr[2,116]	0.9967	0.00421	0.8011	0.7801	-0.6521	1.016	2.519	37540.0	27420.0	0.2939	1.0
theta_d_pr[2,117]	-0.5497	0.003396	0.7361	0.6624	-1.998	-0.5476	1.003	48190.0	26770.0	0.3773	1.0
theta_d_pr[2,118]	-0.05848	0.003483	0.6695	0.6008	-1.502	-0.01906	1.232	38280.0	26550.0	0.2997	1.0
theta_d_pr[2,119]	-0.084	0.002833	0.3333	0.2598	-0.6691	-0.1036	0.6899	15110.0	13130.0	0.1183	1.0
theta_d_pr[2,120]	-0.7035	0.003463	0.7007	0.654	-2.14	-0.681	0.6765	41710.0	26360.0	0.3265	1.0
theta_d_pr[2,121]	-0.2941	0.003549	0.8805	0.8013	-2.056	-0.3008	1.525	61620.0	29320.0	0.4824	1.0
theta_d_pr[2,122]	-0.9408	0.003942	0.7584	0.7076	-2.367	-0.9709	0.6873	39320.0	23980.0	0.3078	1.0
theta_d_pr[2,123]	-0.5242	0.003535	0.608	0.5107	-1.614	-0.5754	0.8838	33170.0	22570.0	0.2597	1.0
theta_d_pr[2,124]	0.2378	0.003325	0.8337	0.8188	-1.41	0.2397	1.887	63010.0	30970.0	0.4932	1.0
theta_d_pr[2,125]	0.7595	0.003412	0.6736	0.6184	-0.6001	0.7457	2.132	39570.0	24120.0	0.3097	1.0
theta_d_pr[2,126]	-0.5906	0.0036	0.6629	0.6391	-1.975	-0.5582	0.6326	34550.0	27860.0	0.2704	1.0
theta_d_pr[2,127]	1.364	0.003402	0.5147	0.4982	0.4467	1.332	2.462	24780.0	20340.0	0.194	1.0
theta_d_pr[2,128]	0.2257	0.003153	0.5944	0.5006	-1.047	0.2393	1.415	36220.0	25200.0	0.2835	1.0
theta_d_pr[2,129]	0.586	0.00573	0.8657	0.8642	-1.188	0.6186	2.2	23250.0	27490.0	0.182	1.0
theta_d_pr[2,130]	1.314	0.009108	0.9462	0.8969	-0.7713	1.423	2.949	11620.0	19260.0	0.091	1.001
theta_d_pr[2,131]	-0.6127	0.003979	0.8351	0.7399	-2.28	-0.6007	1.162	44970.0	26380.0	0.352	1.0
theta_d_pr[2,132]	-0.2709	0.003394	0.8319	0.7439	-1.959	-0.2547	1.451	60100.0	30030.0	0.4705	1.0
theta_d_pr[2,133]	0.4886	0.00347	0.779	0.7455	-1.106	0.5035	2.001	51290.0	27650.0	0.4015	1.0
theta_d_pr[2,134]	-0.5077	0.003723	0.8272	0.7263	-2.163	-0.4914	1.261	49760.0	26410.0	0.3895	1.0
theta_d_pr[2,135]	0.6567	0.003818	0.8391	0.8332	-1.023	0.6715	2.264	48880.0	29550.0	0.3827	1.0
theta_d_pr[2,136]	0.01849	0.003393	0.7943	0.7588	-1.551	0.01539	1.618	54910.0	29500.0	0.4299	1.0
theta_d_pr[2,137]	0.9554	0.005024	0.8749	0.8625	-0.8176	0.9776	2.608	30920.0	27270.0	0.242	1.0
theta_d_pr[2,138]	0.1204	0.00314	0.6103	0.5264	-1.21	0.1453	1.315	39800.0	25100.0	0.3116	1.0
theta_d_pr[2,139]	0.8297	0.004562	0.7241	0.6095	-0.8376	0.8846	2.154	28230.0	22600.0	0.221	1.0
theta_d_pr[2,140]	-0.9301	0.003699	0.77	0.7178	-2.418	-0.9447	0.682	44370.0	26480.0	0.3474	1.0
theta_d_pr[2,141]	0.4683	0.00291	0.5663	0.4798	-0.7257	0.4646	1.64	39160.0	25710.0	0.3066	1.0
theta_d_pr[2,142]	0.8864	0.003455	0.6194	0.5077	-0.529	0.8911	2.105	34260.0	22270.0	0.2682	1.0
theta_d_pr[2,143]	0.3113	0.002518	0.3861	0.3526	-0.443	0.3076	1.101	24580.0	19210.0	0.1924	1.0
theta_d_pr[2,144]	0.3404	0.003514	0.8134	0.7417	-1.353	0.3535	1.951	53870.0	30940.0	0.4217	1.0
theta_d_pr[2,145]	0.002456	0.003008	0.5116	0.39	-1.137	0.02272	1.026	30970.0	22650.0	0.2424	1.0
theta_d_pr[2,146]	0.03526	0.003472	0.7059	0.6116	-1.425	0.04152	1.475	41970.0	26310.0	0.3286	1.0
theta_d_pr[2,147]	0.8976	0.003352	0.5329	0.4693	-0.2003	0.8926	1.963	25970.0	20440.0	0.2033	1.0
theta_d_pr[2,148]	0.73	0.005132	0.8041	0.7685	-1.003	0.7842	2.194	26180.0	24040.0	0.2049	1.0
theta_d_pr[2,149]	-0.08149	0.004408	0.7923	0.7577	-1.637	-0.0932	1.515	32340.0	26970.0	0.2532	1.0
theta_d_pr[2,150]	2.175	0.0109	0.8323	0.6791	0.04525	2.245	3.598	7789.0	5474.0	0.06098	1.001
theta_d_pr[2,151]	0.5064	0.005083	0.7967	0.7594	-1.211	0.5641	1.951	25770.0	27560.0	0.2017	1.0
theta_d_pr[2,152]	0.1442	0.003221	0.7371	0.6568	-1.41	0.1699	1.608	53090.0	28420.0	0.4156	1.0
theta_d_pr[2,153]	0.2247	0.003487	0.8988	0.8547	-1.617	0.2455	1.986	66670.0	31420.0	0.5219	1.0
theta_d_pr[2,154]	-0.4133	0.003745	0.8092	0.7486	-2.017	-0.4142	1.248	48200.0	28020.0	0.3773	1.0
theta_d_pr[2,155]	-0.5059	0.003714	0.824	0.7588	-2.141	-0.5001	1.2	49720.0	29860.0	0.3892	1.0
theta_d_pr[3,1]	-0.5805	0.002029	0.5133	0.5047	-1.613	-0.5739	0.4084	64870.0	29810.0	0.5078	1.0
theta_d_pr[3,2]	-0.4024	0.001598	0.3718	0.3679	-1.144	-0.3989	0.317	54660.0	31200.0	0.4279	1.0
theta_d_pr[3,3]	-0.7464	0.001618	0.4225	0.4154	-1.599	-0.7382	0.06803	68680.0	29740.0	0.5377	1.0
theta_d_pr[3,4]	-0.2992	0.002498	0.6306	0.6211	-1.545	-0.3001	0.9397	64050.0	29780.0	0.5014	1.0
theta_d_pr[3,5]	-2.696	0.002086	0.4425	0.4393	-3.603	-2.683	-1.877	45810.0	29660.0	0.3586	1.0
theta_d_pr[3,6]	0.2002	0.001514	0.375	0.3745	-0.5339	0.1991	0.9407	61530.0	31690.0	0.4817	1.0
theta_d_pr[3,7]	0.5926	0.001813	0.5005	0.4972	-0.377	0.5887	1.585	76570.0	30360.0	0.5994	1.0
theta_d_pr[3,8]	-0.4476	0.001813	0.457	0.4503	-1.359	-0.4436	0.4466	63750.0	29530.0	0.499	1.0
theta_d_pr[3,9]	1.012	0.00203	0.4666	0.4626	0.1348	0.9993	1.959	53280.0	31100.0	0.4171	1.0
theta_d_pr[3,10]	0.06193	0.001669	0.3955	0.3918	-0.7301	0.06555	0.8247	56440.0	29700.0	0.4419	1.0
theta_d_pr[3,11]	-0.3076	0.001812	0.4312	0.4283	-1.181	-0.2978	0.5148	56940.0	29560.0	0.4458	1.001
theta_d_pr[3,12]	0.6397	0.001594	0.4134	0.411	-0.1661	0.6369	1.466	68010.0	28540.0	0.5324	1.0
theta_d_pr[3,13]	-0.3997	0.001486	0.3509	0.3471	-1.104	-0.3957	0.2832	56140.0	29550.0	0.4395	1.0
theta_d_pr[3,14]	0.6559	0.002639	0.7264	0.7245	-0.755	0.6513	2.097	76150.0	27640.0	0.5962	1.0
theta_d_pr[3,15]	0.5594	0.001615	0.4184	0.4158	-0.2522	0.5566	1.393	67320.0	31210.0	0.527	1.0
theta_d_pr[3,16]	1.134	0.00177	0.4228	0.4193	0.3376	1.123	2.002	58820.0	29900.0	0.4605	1.0
theta_d_pr[3,17]	0.07593	0.001641	0.4315	0.4281	-0.7742	0.07897	0.9156	69250.0	31510.0	0.5421	1.0
theta_d_pr[3,18]	-0.4335	0.001259	0.3053	0.3045	-1.04	-0.4288	0.1529	59040.0	30150.0	0.4622	1.0
theta_d_pr[3,19]	-0.05503	0.001243	0.2974	0.2942	-0.64	-0.05215	0.5264	57370.0	28130.0	0.4491	1.0
theta_d_pr[3,20]	-0.9851	0.001879	0.4894	0.486	-1.97	-0.9774	-0.04281	68400.0	29600.0	0.5355	1.0
theta_d_pr[3,21]	-0.2018	0.001507	0.3565	0.3553	-0.912	-0.1968	0.4892	56230.0	29440.0	0.4402	1.0
theta_d_pr[3,22]	0.1838	0.002708	0.6761	0.6652	-1.184	0.1897	1.498	62970.0	28200.0	0.493	1.0
theta_d_pr[3,23]	-0.6439	0.002451	0.631	0.6297	-1.903	-0.6348	0.5778	66720.0	29780.0	0.5223	1.0
theta_d_pr[3,24]	-0.7562	0.001991	0.4384	0.433	-1.663	-0.7425	0.05902	49460.0	28870.0	0.3872	1.0
theta_d_pr[3,25]	-1.039	0.002509	0.4873	0.4874	-2.027	-1.027	-0.1247	38370.0	30110.0	0.3004	1.0
theta_d_pr[3,26]	-0.4771	0.001691	0.444	0.4407	-1.365	-0.4717	0.383	69160.0	29400.0	0.5414	1.001
theta_d_pr[3,27]	2.028	0.001936	0.4656	0.4607	1.146	2.017	2.976	58840.0	29170.0	0.4606	1.0
theta_d_pr[3,28]	-0.422	0.00134	0.3047	0.3054	-1.027	-0.4188	0.1614	51890.0	30390.0	0.4062	1.0
theta_d_pr[3,29]	-0.1435	0.001626	0.4177	0.4137	-0.969	-0.1406	0.6702	66330.0	29150.0	0.5193	1.0
theta_d_pr[3,30]	-0.5757	0.001462	0.3537	0.3504	-1.28	-0.5744	0.1142	58800.0	28990.0	0.4603	1.0
theta_d_pr[3,31]	-0.4287	0.002238	0.5951	0.5877	-1.618	-0.4203	0.7237	70990.0	30070.0	0.5557	1.0
theta_d_pr[3,32]	-1.646	0.001761	0.3874	0.3802	-2.443	-1.633	-0.9184	49420.0	29180.0	0.3869	1.0
theta_d_pr[3,33]	0.7241	0.002191	0.5868	0.5767	-0.4132	0.7124	1.906	72480.0	29270.0	0.5674	1.0
theta_d_pr[3,34]	-0.8377	0.002458	0.6281	0.6215	-2.12	-0.824	0.3666	66420.0	28340.0	0.5199	1.0
theta_d_pr[3,35]	-0.5386	0.001552	0.3927	0.3912	-1.331	-0.5326	0.215	64460.0	30130.0	0.5046	1.0
theta_d_pr[3,36]	-0.1186	0.003396	0.5857	0.5846	-1.279	-0.1138	1.027	30030.0	28550.0	0.2351	1.0
theta_d_pr[3,37]	1.573	0.001531	0.3047	0.306	0.9987	1.567	2.194	40330.0	28380.0	0.3157	1.0
theta_d_pr[3,38]	-0.09481	0.002365	0.5482	0.5421	-1.175	-0.08931	0.9764	54410.0	29940.0	0.426	1.0
theta_d_pr[3,39]	-0.04404	0.002231	0.5768	0.575	-1.178	-0.04204	1.089	67110.0	30580.0	0.5254	1.0
theta_d_pr[3,40]	0.1277	0.002545	0.7238	0.7183	-1.307	0.1284	1.54	81170.0	28860.0	0.6354	1.0
theta_d_pr[3,41]	-0.2107	0.0027	0.7682	0.7672	-1.729	-0.202	1.289	81300.0	29790.0	0.6364	1.0
theta_d_pr[3,42]	-0.7712	0.002111	0.5122	0.5079	-1.806	-0.7613	0.206	59950.0	30200.0	0.4694	1.0
theta_d_pr[3,43]	-0.802	0.001574	0.4108	0.4061	-1.627	-0.7944	-0.01713	68590.0	27810.0	0.537	1.0
theta_d_pr[3,44]	-1.545	0.001822	0.42	0.4121	-2.405	-1.532	-0.7609	54170.0	30830.0	0.4241	1.0
theta_d_pr[3,45]	-0.3055	0.001341	0.3336	0.3287	-0.9753	-0.2987	0.342	62330.0	28990.0	0.4879	1.0
theta_d_pr[3,46]	0.4956	0.002279	0.6086	0.5968	-0.6874	0.493	1.71	71460.0	30290.0	0.5594	1.0
theta_d_pr[3,47]	-0.661	0.001685	0.4312	0.4303	-1.518	-0.655	0.1651	65690.0	30770.0	0.5143	1.0
theta_d_pr[3,48]	-0.3436	0.001981	0.4883	0.4803	-1.328	-0.3367	0.5979	61110.0	28720.0	0.4784	1.0
theta_d_pr[3,49]	0.17	0.00147	0.356	0.3554	-0.5371	0.1716	0.8618	59060.0	29750.0	0.4624	1.0
theta_d_pr[3,50]	0.9712	0.001395	0.326	0.3224	0.3488	0.9657	1.635	55110.0	29060.0	0.4314	1.0
theta_d_pr[3,51]	-0.6528	0.002068	0.5315	0.5268	-1.729	-0.6417	0.358	66870.0	30120.0	0.5235	1.0
theta_d_pr[3,52]	-0.1355	0.001863	0.4557	0.4502	-1.057	-0.1295	0.7401	60660.0	29030.0	0.4749	1.0
theta_d_pr[3,53]	0.8331	0.001551	0.3953	0.395	0.06885	0.8301	1.618	65350.0	28210.0	0.5116	1.0
theta_d_pr[3,54]	0.5609	0.002372	0.4595	0.4507	-0.3519	0.5621	1.455	38040.0	26810.0	0.2978	1.0
theta_d_pr[3,55]	0.08243	0.001417	0.3353	0.3298	-0.573	0.08154	0.7473	56150.0	29640.0	0.4396	1.0
theta_d_pr[3,56]	1.225	0.00142	0.3087	0.306	0.64	1.219	1.849	47870.0	27030.0	0.3748	1.0
theta_d_pr[3,57]	-0.2822	0.001438	0.3495	0.3477	-0.9781	-0.2807	0.3947	59380.0	27250.0	0.4648	1.0
theta_d_pr[3,58]	0.6442	0.001985	0.4888	0.4774	-0.3004	0.6374	1.64	61170.0	29410.0	0.4789	1.0
theta_d_pr[3,59]	-0.4457	0.002215	0.4753	0.4737	-1.41	-0.4318	0.4519	46390.0	29790.0	0.3632	1.0
theta_d_pr[3,60]	0.00266	0.0016	0.3943	0.3891	-0.7756	0.005715	0.7772	60920.0	29680.0	0.4769	1.0
theta_d_pr[3,61]	-3.837	0.002337	0.5493	0.5469	-4.964	-3.819	-2.81	56650.0	30140.0	0.4435	1.0
theta_d_pr[3,62]	1.88	0.002074	0.4964	0.4887	0.9382	1.868	2.895	58540.0	29500.0	0.4582	1.0
theta_d_pr[3,63]	0.531	0.001434	0.3474	0.3428	-0.1537	0.5293	1.216	58840.0	28990.0	0.4607	1.0
theta_d_pr[3,64]	-0.3799	0.001639	0.3961	0.3931	-1.177	-0.3744	0.3808	58990.0	31590.0	0.4618	1.0
theta_d_pr[3,65]	0.1243	0.00127	0.3055	0.3044	-0.4744	0.1238	0.7257	58040.0	28550.0	0.4544	1.0
theta_d_pr[3,66]	1.169	0.002007	0.4899	0.4838	0.2401	1.157	2.166	60120.0	30270.0	0.4707	1.0
theta_d_pr[3,67]	-0.206	0.001247	0.3075	0.3038	-0.8149	-0.2041	0.3968	61090.0	28710.0	0.4782	1.0
theta_d_pr[3,68]	1.063	0.001377	0.2937	0.2919	0.5025	1.056	1.652	45860.0	28070.0	0.359	1.0
theta_d_pr[3,69]	1.161	0.002062	0.5249	0.5264	0.1603	1.151	2.217	65510.0	30640.0	0.5129	1.0
theta_d_pr[3,70]	0.6609	0.001355	0.3197	0.3177	0.04767	0.655	1.307	55890.0	28740.0	0.4375	1.0
theta_d_pr[3,71]	-0.2876	0.001639	0.4085	0.4066	-1.109	-0.2832	0.4927	62560.0	29040.0	0.4898	1.0
theta_d_pr[3,72]	0.1703	0.001192	0.2636	0.2617	-0.35	0.1684	0.6897	49030.0	27840.0	0.3838	1.0
theta_d_pr[3,73]	0.5388	0.001233	0.2696	0.2683	0.01467	0.5362	1.074	47950.0	27750.0	0.3754	1.0
theta_d_pr[3,74]	-0.651	0.002206	0.5441	0.5349	-1.762	-0.6366	0.3811	61760.0	30070.0	0.4835	1.0
theta_d_pr[3,75]	0.5714	0.001308	0.2927	0.2901	0.006306	0.5679	1.153	50200.0	27290.0	0.393	1.0
theta_d_pr[3,76]	-1.551	0.002351	0.5607	0.5541	-2.724	-1.528	-0.5182	59240.0	30220.0	0.4638	1.0
theta_d_pr[3,77]	-0.8007	0.001342	0.297	0.2949	-1.396	-0.7967	-0.2348	49370.0	28400.0	0.3865	1.0
theta_d_pr[3,78]	0.1531	0.00123	0.3021	0.303	-0.4363	0.15	0.7483	60640.0	28990.0	0.4747	1.0
theta_d_pr[3,79]	2.083	0.002356	0.5815	0.5807	1.011	2.062	3.277	62520.0	30530.0	0.4894	1.0
theta_d_pr[3,80]	-0.01499	0.001427	0.3393	0.3375	-0.6815	-0.01308	0.6496	56730.0	30030.0	0.4441	1.0
theta_d_pr[3,81]	-0.4042	0.001364	0.3271	0.322	-1.058	-0.4017	0.229	57590.0	29850.0	0.4509	1.0
theta_d_pr[3,82]	0.7567	0.001304	0.3019	0.2988	0.1798	0.7514	1.368	53910.0	28740.0	0.4221	1.0
theta_d_pr[3,83]	0.2653	0.001778	0.4682	0.4625	-0.6553	0.2625	1.187	69580.0	29930.0	0.5447	1.0
theta_d_pr[3,84]	0.6767	0.001846	0.4442	0.4433	-0.1806	0.6729	1.562	58360.0	28300.0	0.4569	1.0
theta_d_pr[3,85]	-1.192	0.002353	0.4957	0.4902	-2.194	-1.181	-0.255	45610.0	30330.0	0.3571	1.0
theta_d_pr[3,86]	0.2989	0.001557	0.418	0.4148	-0.523	0.2991	1.12	72240.0	29510.0	0.5655	1.0
theta_d_pr[3,87]	0.2756	0.001487	0.3783	0.3729	-0.4577	0.2728	1.034	64960.0	28350.0	0.5085	1.0
theta_d_pr[3,88]	0.4497	0.001368	0.3267	0.3221	-0.1899	0.4474	1.098	57340.0	28610.0	0.4489	1.0
theta_d_pr[3,89]	0.5757	0.001484	0.3661	0.3619	-0.1431	0.5752	1.298	61040.0	30350.0	0.4778	1.0
theta_d_pr[3,90]	0.003925	0.001307	0.315	0.3113	-0.6203	0.004807	0.6239	58250.0	28160.0	0.456	1.0
theta_d_pr[3,91]	-1.178	0.002278	0.459	0.4521	-2.112	-1.166	-0.3138	41360.0	30060.0	0.3238	1.0
theta_d_pr[3,92]	1.352	0.002047	0.4848	0.4817	0.4385	1.34	2.338	57270.0	30270.0	0.4483	1.0
theta_d_pr[3,93]	-1.141	0.001864	0.4661	0.4623	-2.092	-1.127	-0.2593	63650.0	30840.0	0.4983	1.0
theta_d_pr[3,94]	-0.0623	0.001589	0.3985	0.3944	-0.8391	-0.06509	0.73	63180.0	29570.0	0.4946	1.0
theta_d_pr[3,95]	0.09811	0.001538	0.389	0.3908	-0.6747	0.1024	0.8516	64180.0	29900.0	0.5025	1.0
theta_d_pr[3,96]	0.9895	0.001617	0.3954	0.3935	0.2393	0.9815	1.792	60780.0	28030.0	0.4758	1.0
theta_d_pr[3,97]	0.8149	0.001509	0.3672	0.3642	0.1135	0.8087	1.559	59990.0	27820.0	0.4697	1.0
theta_d_pr[3,98]	-0.1687	0.001727	0.449	0.4494	-1.058	-0.1689	0.7078	67670.0	30090.0	0.5298	1.0
theta_d_pr[3,99]	-2.081	0.001743	0.3609	0.3607	-2.818	-2.071	-1.403	43360.0	29870.0	0.3395	1.0
theta_d_pr[3,100]	-0.1365	0.001602	0.3957	0.3921	-0.9304	-0.1291	0.6252	61560.0	29780.0	0.4819	1.0
theta_d_pr[3,101]	-1.496	0.001967	0.4427	0.4357	-2.405	-1.481	-0.6582	51650.0	30740.0	0.4043	1.0
theta_d_pr[3,102]	-1.373	0.002529	0.6286	0.6279	-2.661	-1.356	-0.2012	63560.0	28970.0	0.4976	1.0
theta_d_pr[3,103]	0.9987	0.00147	0.3447	0.3399	0.3278	0.9948	1.687	55170.0	27270.0	0.4319	1.0
theta_d_pr[3,104]	0.9202	0.00139	0.3221	0.3235	0.3012	0.9174	1.561	53910.0	29480.0	0.422	1.0
theta_d_pr[3,105]	-0.1106	0.001568	0.4059	0.4013	-0.9106	-0.1091	0.6891	67150.0	28160.0	0.5257	1.0
theta_d_pr[3,106]	0.1398	0.0027	0.736	0.7299	-1.301	0.1421	1.591	74610.0	28800.0	0.5841	1.0
theta_d_pr[3,107]	-1.008	0.002352	0.5997	0.5958	-2.219	-0.9952	0.1357	66030.0	29690.0	0.5169	1.0
theta_d_pr[3,108]	1.054	0.002249	0.6071	0.5993	-0.1113	1.043	2.284	73800.0	29250.0	0.5778	1.0
theta_d_pr[3,109]	0.708	0.001369	0.3313	0.3318	0.0736	0.7038	1.367	59030.0	28570.0	0.4621	1.0
theta_d_pr[3,110]	-1.214	0.001485	0.3327	0.3324	-1.883	-1.204	-0.5848	50850.0	29770.0	0.3981	1.0
theta_d_pr[3,111]	1.158	0.002541	0.6716	0.6657	-0.123	1.145	2.511	70870.0	29250.0	0.5548	1.0
theta_d_pr[3,112]	0.4858	0.001842	0.4876	0.4833	-0.4684	0.4845	1.451	70360.0	29260.0	0.5508	0.9999
theta_d_pr[3,113]	1.52	0.001767	0.3754	0.3749	0.8195	1.506	2.287	46080.0	29240.0	0.3607	1.0
theta_d_pr[3,114]	1.433	0.001708	0.4345	0.4301	0.6097	1.424	2.319	65580.0	29810.0	0.5134	1.0
theta_d_pr[3,115]	0.1007	0.001345	0.3367	0.3289	-0.5781	0.1043	0.7491	62740.0	28700.0	0.4911	1.0
theta_d_pr[3,116]	-0.5472	0.002192	0.5678	0.5615	-1.698	-0.5408	0.5433	67420.0	30750.0	0.5278	1.0
theta_d_pr[3,117]	1.162	0.001589	0.3645	0.3627	0.4659	1.155	1.896	53350.0	30090.0	0.4176	1.0
theta_d_pr[3,118]	-0.294	0.0014	0.3384	0.3345	-0.9719	-0.2885	0.3531	58740.0	28870.0	0.4598	1.0
theta_d_pr[3,119]	0.0716	0.002812	0.8072	0.7962	-1.521	0.0746	1.65	82770.0	28910.0	0.648	1.0
theta_d_pr[3,120]	1.061	0.001975	0.4968	0.4948	0.07968	1.061	2.034	63580.0	30200.0	0.4977	1.0
theta_d_pr[3,121]	-0.8502	0.001386	0.3139	0.3133	-1.485	-0.8445	-0.2535	51740.0	29910.0	0.4051	1.0
theta_d_pr[3,122]	1.372	0.001731	0.4397	0.4364	0.5328	1.365	2.261	65170.0	28430.0	0.5102	1.0
theta_d_pr[3,123]	-0.425	0.001378	0.3363	0.3367	-1.094	-0.4195	0.2267	59840.0	28890.0	0.4684	1.0
theta_d_pr[3,124]	0.8286	0.002178	0.5523	0.5485	-0.2448	0.8197	1.939	64700.0	30420.0	0.5065	1.0
theta_d_pr[3,125]	0.5731	0.001645	0.4066	0.4081	-0.2182	0.5701	1.379	61270.0	30950.0	0.4796	1.0
theta_d_pr[3,126]	0.423	0.001395	0.3489	0.3426	-0.2594	0.421	1.115	62740.0	29590.0	0.4911	1.0
theta_d_pr[3,127]	-0.5583	0.001504	0.4007	0.3964	-1.356	-0.5555	0.2216	71190.0	29400.0	0.5573	1.0
theta_d_pr[3,128]	-0.1922	0.001792	0.4667	0.4605	-1.121	-0.1869	0.7133	68210.0	30480.0	0.534	1.0
theta_d_pr[3,129]	-0.1698	0.00169	0.4372	0.435	-1.029	-0.1654	0.6894	67150.0	30630.0	0.5257	1.0
theta_d_pr[3,130]	0.3657	0.001542	0.3623	0.3599	-0.3316	0.3584	1.095	55870.0	30840.0	0.4374	1.0
theta_d_pr[3,131]	-1.064	0.001386	0.3037	0.3021	-1.679	-1.055	-0.4859	48550.0	29250.0	0.38	1.0
theta_d_pr[3,132]	0.02147	0.001377	0.3371	0.3375	-0.6477	0.0261	0.6752	60150.0	29820.0	0.4709	1.0
theta_d_pr[3,133]	1.774	0.001822	0.4498	0.4448	0.9192	1.762	2.691	61720.0	30930.0	0.4832	1.0
theta_d_pr[3,134]	0.7159	0.001233	0.2696	0.2683	0.1956	0.7121	1.256	48160.0	28710.0	0.377	1.0
theta_d_pr[3,135]	0.2051	0.002117	0.5201	0.5116	-0.7941	0.1974	1.243	60850.0	30980.0	0.4764	1.0
theta_d_pr[3,136]	0.3926	0.001445	0.3716	0.3659	-0.3315	0.3914	1.129	66210.0	28100.0	0.5184	1.0
theta_d_pr[3,137]	0.9615	0.00295	0.6363	0.6381	-0.2672	0.9525	2.236	46700.0	30000.0	0.3656	1.0
theta_d_pr[3,138]	0.283	0.001428	0.3576	0.3536	-0.414	0.2819	0.985	63030.0	28890.0	0.4934	1.0
theta_d_pr[3,139]	0.07992	0.001313	0.3243	0.3209	-0.5612	0.08258	0.7165	61120.0	30160.0	0.4785	1.0
theta_d_pr[3,140]	-0.7211	0.001606	0.391	0.3928	-1.502	-0.7117	0.02327	59950.0	29980.0	0.4693	1.0
theta_d_pr[3,141]	-0.1757	0.002038	0.5228	0.5192	-1.197	-0.1747	0.846	66080.0	29390.0	0.5173	1.0
theta_d_pr[3,142]	0.5408	0.001682	0.4139	0.4077	-0.2514	0.5349	1.378	61030.0	29550.0	0.4777	1.0
theta_d_pr[3,143]	0.3174	0.001453	0.3702	0.3671	-0.4095	0.3164	1.047	65190.0	28530.0	0.5103	1.0
theta_d_pr[3,144]	-2.569	0.002408	0.5382	0.5383	-3.674	-2.548	-1.57	51700.0	29490.0	0.4047	1.0
theta_d_pr[3,145]	-0.3209	0.00153	0.4107	0.4096	-1.131	-0.3184	0.4802	72280.0	30330.0	0.5658	1.0
theta_d_pr[3,146]	0.08304	0.001477	0.3778	0.3741	-0.6556	0.07999	0.8285	65500.0	28770.0	0.5128	1.0
theta_d_pr[3,147]	0.3598	0.0028	0.7237	0.7175	-1.028	0.352	1.802	67180.0	29890.0	0.5259	1.0
theta_d_pr[3,148]	-0.7807	0.001975	0.5166	0.5065	-1.814	-0.7765	0.2118	68870.0	30730.0	0.5391	1.0
theta_d_pr[3,149]	0.1961	0.001328	0.3292	0.3283	-0.4426	0.1944	0.8477	61770.0	29450.0	0.4835	1.0
theta_d_pr[3,150]	-0.1042	0.002671	0.5634	0.5557	-1.194	-0.1136	1.022	44780.0	27840.0	0.3506	1.0
theta_d_pr[3,151]	-0.02486	0.001595	0.402	0.4022	-0.8159	-0.02247	0.7522	63720.0	30350.0	0.4988	1.0
theta_d_pr[3,152]	0.07139	0.001953	0.5318	0.5248	-0.9662	0.0711	1.102	74540.0	29330.0	0.5835	1.0
theta_d_pr[3,153]	-0.5387	0.001232	0.2688	0.2681	-1.071	-0.5352	-0.01514	47950.0	29030.0	0.3754	1.0
theta_d_pr[3,154]	-0.2027	0.001197	0.2804	0.2813	-0.7555	-0.1989	0.3397	54980.0	28490.0	0.4304	1.0
theta_d_pr[3,155]	-1.212	0.001559	0.3452	0.3458	-1.917	-1.2	-0.5671	49880.0	31200.0	0.3905	1.0
theta_d_pr[4,1]	0.2778	0.00196	0.4952	0.4911	-0.6795	0.2735	1.264	64230.0	29860.0	0.5028	1.0
theta_d_pr[4,2]	-0.6151	0.001535	0.3666	0.3661	-1.345	-0.6092	0.08782	57470.0	30920.0	0.4499	1.0
theta_d_pr[4,3]	0.1517	0.001489	0.4031	0.3991	-0.6373	0.1518	0.9497	73410.0	28120.0	0.5747	1.0
theta_d_pr[4,4]	0.2141	0.001346	0.3312	0.3277	-0.4357	0.2124	0.8615	60520.0	30230.0	0.4738	1.0
theta_d_pr[4,5]	-2.164	0.001881	0.4503	0.449	-3.066	-2.159	-1.306	57850.0	30080.0	0.4529	1.0
theta_d_pr[4,6]	0.02305	0.001452	0.3791	0.3765	-0.7212	0.02175	0.7677	68430.0	29020.0	0.5357	1.0
theta_d_pr[4,7]	-0.1102	0.001796	0.494	0.4876	-1.082	-0.1102	0.8577	75470.0	28390.0	0.5908	1.0
theta_d_pr[4,8]	0.07232	0.001701	0.4262	0.4195	-0.7639	0.07308	0.9174	62890.0	29630.0	0.4923	1.0
theta_d_pr[4,9]	0.3832	0.001332	0.3395	0.3395	-0.28	0.3823	1.055	65250.0	27830.0	0.5108	1.0
theta_d_pr[4,10]	0.2495	0.001262	0.3175	0.3169	-0.363	0.2484	0.8732	63330.0	28130.0	0.4958	1.0
theta_d_pr[4,11]	0.04014	0.001413	0.3668	0.3648	-0.6806	0.03888	0.7691	67510.0	29140.0	0.5285	1.0
theta_d_pr[4,12]	-0.506	0.00168	0.454	0.4482	-1.411	-0.5047	0.3855	73270.0	27380.0	0.5736	1.0
theta_d_pr[4,13]	0.2834	0.001294	0.3064	0.3041	-0.3145	0.2836	0.886	56470.0	29470.0	0.4421	1.0
theta_d_pr[4,14]	-0.7292	0.00197	0.5331	0.5301	-1.79	-0.7197	0.3021	73820.0	28570.0	0.5779	1.0
theta_d_pr[4,15]	1.002	0.001557	0.3889	0.3842	0.2582	0.9917	1.787	63280.0	30590.0	0.4954	1.0
theta_d_pr[4,16]	-0.1522	0.001315	0.3195	0.318	-0.787	-0.1509	0.4707	59200.0	29080.0	0.4635	1.0
theta_d_pr[4,17]	-0.1285	0.001757	0.4499	0.448	-1.014	-0.1274	0.7538	65640.0	31720.0	0.5139	1.0
theta_d_pr[4,18]	0.6191	0.001431	0.3503	0.3493	-0.05978	0.6157	1.315	60140.0	28480.0	0.4708	1.0
theta_d_pr[4,19]	-0.6475	0.001272	0.298	0.2968	-1.243	-0.6433	-0.06899	55120.0	28130.0	0.4315	1.0
theta_d_pr[4,20]	0.3739	0.001825	0.507	0.5036	-0.6171	0.3735	1.377	77870.0	29190.0	0.6096	1.0
theta_d_pr[4,21]	-0.4349	0.001496	0.372	0.3692	-1.184	-0.4298	0.28	62090.0	31380.0	0.4861	1.0
theta_d_pr[4,22]	0.4251	0.001261	0.3146	0.3155	-0.1822	0.4238	1.051	62550.0	28190.0	0.4897	1.0
theta_d_pr[4,23]	-0.6018	0.002068	0.5488	0.55	-1.684	-0.5969	0.468	70860.0	30270.0	0.5547	1.0
theta_d_pr[4,24]	-0.5934	0.001687	0.429	0.4267	-1.448	-0.5899	0.2364	65000.0	28760.0	0.5089	1.0
theta_d_pr[4,25]	-0.7355	0.002224	0.5742	0.5698	-1.875	-0.7289	0.3729	66980.0	32260.0	0.5243	1.0
theta_d_pr[4,26]	0.07309	0.00163	0.4432	0.4377	-0.8042	0.07374	0.9446	74050.0	28990.0	0.5797	1.0
theta_d_pr[4,27]	-0.08068	0.001677	0.4403	0.44	-0.9468	-0.07808	0.779	69200.0	28060.0	0.5417	1.0
theta_d_pr[4,28]	0.2194	0.001466	0.3494	0.3454	-0.4519	0.2143	0.9227	57290.0	29300.0	0.4485	0.9999
theta_d_pr[4,29]	0.2313	0.00144	0.3563	0.3531	-0.4686	0.2304	0.9347	61360.0	29260.0	0.4804	1.0
theta_d_pr[4,30]	0.9103	0.001477	0.3748	0.3718	0.1882	0.9071	1.661	64930.0	26320.0	0.5083	1.0
theta_d_pr[4,31]	-0.1255	0.001646	0.4397	0.4397	-0.9856	-0.1254	0.736	71510.0	29030.0	0.5598	1.0
theta_d_pr[4,32]	-0.7924	0.001291	0.2927	0.2876	-1.382	-0.7893	-0.2252	51730.0	27960.0	0.405	1.0
theta_d_pr[4,33]	0.2494	0.001271	0.3149	0.3146	-0.3666	0.2487	0.8707	61560.0	29450.0	0.4819	1.0
theta_d_pr[4,34]	0.117	0.002261	0.63	0.6295	-1.115	0.1139	1.355	78410.0	28830.0	0.6138	1.0
theta_d_pr[4,35]	0.09089	0.001531	0.3874	0.3871	-0.6632	0.08957	0.8608	64510.0	29620.0	0.505	1.0
theta_d_pr[4,36]	-0.01313	0.001862	0.517	0.5106	-1.027	-0.01631	1.015	77200.0	28200.0	0.6043	1.0
theta_d_pr[4,37]	0.8179	0.001294	0.2957	0.2929	0.245	0.8125	1.41	52580.0	28870.0	0.4117	1.0
theta_d_pr[4,38]	0.596	0.001963	0.5642	0.5585	-0.5141	0.5932	1.714	83230.0	29490.0	0.6515	1.0
theta_d_pr[4,39]	0.1991	0.002062	0.5531	0.5514	-0.8764	0.1932	1.302	72660.0	28750.0	0.5688	1.0
theta_d_pr[4,40]	2.434	0.001966	0.443	0.4423	1.617	2.419	3.35	51940.0	29990.0	0.4066	1.0
theta_d_pr[4,41]	-1.082	0.001996	0.5206	0.5167	-2.135	-1.073	-0.08406	68700.0	29840.0	0.5378	1.0
theta_d_pr[4,42]	1.34	0.001448	0.327	0.3215	0.7167	1.333	2.005	51510.0	27720.0	0.4032	1.0
theta_d_pr[4,43]	-0.7311	0.001424	0.3596	0.3587	-1.452	-0.7272	-0.03996	64700.0	27540.0	0.5065	1.0
theta_d_pr[4,44]	-1.914	0.001729	0.371	0.3684	-2.665	-1.903	-1.212	46780.0	29990.0	0.3662	1.0
theta_d_pr[4,45]	0.2876	0.001622	0.4077	0.4043	-0.505	0.2855	1.105	63580.0	28970.0	0.4977	1.0
theta_d_pr[4,46]	0.6282	0.001276	0.3045	0.3004	0.04075	0.6275	1.24	57070.0	28450.0	0.4468	1.0
theta_d_pr[4,47]	0.3008	0.001962	0.5162	0.5132	-0.7112	0.2987	1.326	69370.0	28880.0	0.5431	1.0
theta_d_pr[4,48]	0.3849	0.001711	0.4467	0.4399	-0.4891	0.3839	1.273	68330.0	28830.0	0.535	1.0
theta_d_pr[4,49]	-0.3911	0.001268	0.2957	0.2979	-0.978	-0.3896	0.1813	54590.0	29060.0	0.4274	1.0
theta_d_pr[4,50]	0.6215	0.00123	0.2902	0.2876	0.05637	0.6188	1.201	55790.0	28860.0	0.4367	1.0
theta_d_pr[4,51]	0.1325	0.002433	0.681	0.6737	-1.203	0.1319	1.477	78620.0	27540.0	0.6155	1.0
theta_d_pr[4,52]	-0.2481	0.001385	0.3354	0.3336	-0.9106	-0.2463	0.4001	58880.0	26960.0	0.461	1.0
theta_d_pr[4,53]	-0.5149	0.001561	0.4237	0.4201	-1.351	-0.511	0.3065	74040.0	29230.0	0.5796	1.0
theta_d_pr[4,54]	-0.2421	0.001706	0.472	0.4678	-1.177	-0.2429	0.6814	76690.0	28740.0	0.6004	1.0
theta_d_pr[4,55]	0.8728	0.001436	0.3283	0.326	0.2401	0.8689	1.525	52610.0	27230.0	0.4119	1.0
theta_d_pr[4,56]	-0.05385	0.001703	0.4613	0.4572	-0.9637	-0.05241	0.8507	73770.0	28140.0	0.5775	1.0
theta_d_pr[4,57]	0.5154	0.001402	0.3628	0.3594	-0.1881	0.5111	1.237	67370.0	28460.0	0.5274	1.0
theta_d_pr[4,58]	0.5586	0.001831	0.48	0.476	-0.3594	0.5527	1.511	69420.0	29840.0	0.5435	1.0
theta_d_pr[4,59]	0.04557	0.001625	0.4257	0.421	-0.7986	0.04513	0.8769	68820.0	27880.0	0.5387	0.9999
theta_d_pr[4,60]	-0.1145	0.001966	0.5215	0.5165	-1.152	-0.1119	0.9114	70670.0	26480.0	0.5533	1.0
theta_d_pr[4,61]	-3.597	0.002295	0.4985	0.4968	-4.622	-3.583	-2.669	48120.0	29980.0	0.3767	1.0
theta_d_pr[4,62]	1.24	0.001715	0.4215	0.4216	0.4456	1.231	2.092	61170.0	31790.0	0.4789	1.0
theta_d_pr[4,63]	0.7112	0.001269	0.3	0.2969	0.1323	0.7084	1.316	56200.0	28170.0	0.44	1.0
theta_d_pr[4,64]	-0.3007	0.002635	0.7311	0.7179	-1.737	-0.2981	1.129	77250.0	27170.0	0.6048	1.0
theta_d_pr[4,65]	-0.1168	0.00128	0.3052	0.3059	-0.7191	-0.1151	0.4791	57110.0	27650.0	0.4471	1.0
theta_d_pr[4,66]	0.5544	0.001928	0.4776	0.4736	-0.3569	0.5435	1.524	61990.0	32120.0	0.4853	1.0
theta_d_pr[4,67]	-0.02108	0.001292	0.3135	0.3123	-0.6381	-0.02094	0.5971	59130.0	27750.0	0.4629	1.0
theta_d_pr[4,68]	-0.743	0.001291	0.2973	0.2947	-1.337	-0.7402	-0.1709	53250.0	27730.0	0.4169	1.0
theta_d_pr[4,69]	0.03641	0.001531	0.4181	0.4188	-0.7905	0.03804	0.8511	74760.0	27890.0	0.5853	1.0
theta_d_pr[4,70]	0.2657	0.001258	0.3076	0.3051	-0.3323	0.2648	0.8748	59740.0	26890.0	0.4677	1.0
theta_d_pr[4,71]	-0.9624	0.001864	0.4497	0.4432	-1.874	-0.951	-0.1042	59060.0	30980.0	0.4623	1.0
theta_d_pr[4,72]	0.5904	0.001209	0.2843	0.2833	0.04218	0.5852	1.156	55590.0	28160.0	0.4352	1.0
theta_d_pr[4,73]	-0.2416	0.001238	0.2923	0.2905	-0.8168	-0.2428	0.3325	55830.0	27150.0	0.4371	1.0
theta_d_pr[4,74]	0.5504	0.001527	0.3872	0.3825	-0.1909	0.545	1.327	64720.0	30690.0	0.5067	1.0
theta_d_pr[4,75]	0.4195	0.001239	0.2896	0.2882	-0.14	0.4163	0.9926	54820.0	28490.0	0.4291	1.0
theta_d_pr[4,76]	1.213	0.002337	0.6154	0.6121	0.03518	1.205	2.457	70110.0	29980.0	0.5489	1.0
theta_d_pr[4,77]	0.7781	0.001299	0.2908	0.2896	0.2173	0.7738	1.357	50260.0	29220.0	0.3935	1.0
theta_d_pr[4,78]	-0.8177	0.0013	0.2989	0.2988	-1.415	-0.8127	-0.2391	53240.0	28650.0	0.4168	1.0
theta_d_pr[4,79]	0.2758	0.001421	0.3678	0.366	-0.4373	0.2746	1.003	67340.0	29290.0	0.5272	1.0
theta_d_pr[4,80]	-0.1932	0.001483	0.3636	0.363	-0.9131	-0.1937	0.519	60410.0	31270.0	0.4729	1.0
theta_d_pr[4,81]	-0.1336	0.001302	0.3274	0.3286	-0.7799	-0.1353	0.5052	63470.0	29630.0	0.4968	1.0
theta_d_pr[4,82]	0.5898	0.001328	0.3093	0.3093	-0.0009289	0.5863	1.206	54560.0	29320.0	0.4271	1.0
theta_d_pr[4,83]	-0.2932	0.001579	0.396	0.3967	-1.07	-0.2934	0.4823	63450.0	30890.0	0.4967	1.0
theta_d_pr[4,84]	0.6942	0.001455	0.37	0.3668	-0.01983	0.6904	1.438	64970.0	29040.0	0.5086	1.0
theta_d_pr[4,85]	-1.148	0.001901	0.4896	0.4908	-2.126	-1.14	-0.2152	66940.0	31390.0	0.524	1.0
theta_d_pr[4,86]	-0.004762	0.001741	0.4809	0.4789	-0.9493	-0.002158	0.9405	76660.0	29820.0	0.6001	1.0
theta_d_pr[4,87]	0.9396	0.001672	0.4364	0.4424	0.1052	0.9361	1.803	68410.0	28290.0	0.5356	1.0
theta_d_pr[4,88]	0.3256	0.001318	0.3149	0.3139	-0.2846	0.3218	0.9471	57520.0	27960.0	0.4503	1.0
theta_d_pr[4,89]	0.3667	0.001725	0.4288	0.4234	-0.471	0.3624	1.219	61850.0	32170.0	0.4842	1.0
theta_d_pr[4,90]	0.07592	0.00127	0.2978	0.2949	-0.5068	0.07346	0.6665	55190.0	28170.0	0.4321	1.0
theta_d_pr[4,91]	0.66	0.001678	0.3878	0.3848	-0.08093	0.6518	1.436	53650.0	29680.0	0.42	1.0
theta_d_pr[4,92]	0.8824	0.001841	0.4705	0.4674	-0.01559	0.8732	1.832	66580.0	28550.0	0.5212	1.0
theta_d_pr[4,93]	1.092	0.001715	0.4106	0.4054	0.3124	1.085	1.927	58170.0	30490.0	0.4554	1.0
theta_d_pr[4,94]	-0.3319	0.001371	0.3368	0.3351	-1.005	-0.3311	0.3286	60560.0	27750.0	0.4741	1.0
theta_d_pr[4,95]	-0.943	0.001842	0.4914	0.4843	-1.92	-0.9362	0.002746	71620.0	29700.0	0.5607	1.0
theta_d_pr[4,96]	-0.292	0.001279	0.3207	0.318	-0.9281	-0.2878	0.3308	63150.0	27130.0	0.4944	1.0
theta_d_pr[4,97]	-0.3563	0.001203	0.2835	0.2794	-0.9199	-0.3538	0.1931	55730.0	28140.0	0.4363	1.0
theta_d_pr[4,98]	-0.1207	0.001675	0.4469	0.4453	-0.9997	-0.1231	0.7633	71470.0	28360.0	0.5595	1.0
theta_d_pr[4,99]	-1.876	0.001723	0.3781	0.3754	-2.649	-1.865	-1.166	48730.0	28270.0	0.3815	1.0
theta_d_pr[4,100]	-0.8463	0.001456	0.3477	0.3468	-1.546	-0.8415	-0.182	57500.0	29620.0	0.4502	1.0
theta_d_pr[4,101]	0.8405	0.001447	0.3501	0.3477	0.171	0.8357	1.544	59030.0	30660.0	0.4621	1.0
theta_d_pr[4,102]	0.1949	0.002617	0.7274	0.7124	-1.229	0.1862	1.644	77760.0	27670.0	0.6087	1.0
theta_d_pr[4,103]	-0.1041	0.001327	0.3298	0.3281	-0.7565	-0.1022	0.5503	61890.0	30090.0	0.4845	1.0
theta_d_pr[4,104]	1.021	0.00137	0.3172	0.3114	0.4106	1.015	1.659	53960.0	27930.0	0.4225	1.0
theta_d_pr[4,105]	1.406	0.001964	0.5154	0.5149	0.4184	1.396	2.442	69450.0	31870.0	0.5437	1.0
theta_d_pr[4,106]	0.6276	0.00145	0.3502	0.3469	-0.051	0.6242	1.332	58690.0	30510.0	0.4595	1.0
theta_d_pr[4,107]	0.4648	0.001732	0.4443	0.4366	-0.392	0.4567	1.365	66360.0	29650.0	0.5195	1.0
theta_d_pr[4,108]	-1.6	0.00215	0.5508	0.5531	-2.715	-1.585	-0.5749	66720.0	30120.0	0.5223	1.0
theta_d_pr[4,109]	-0.1855	0.001448	0.3486	0.3452	-0.8709	-0.1852	0.4998	58140.0	26920.0	0.4552	1.0
theta_d_pr[4,110]	-0.2294	0.00126	0.3176	0.3155	-0.8569	-0.2281	0.3901	63740.0	27700.0	0.499	1.0
theta_d_pr[4,111]	0.9203	0.001451	0.3543	0.3527	0.2369	0.9157	1.627	59970.0	30100.0	0.4695	1.0
theta_d_pr[4,112]	-0.02882	0.001662	0.4274	0.4249	-0.8669	-0.02824	0.8142	66210.0	29340.0	0.5183	1.0
theta_d_pr[4,113]	0.2345	0.001251	0.3057	0.3056	-0.3643	0.2324	0.8358	59840.0	29210.0	0.4685	1.0
theta_d_pr[4,114]	-1.221	0.001943	0.4966	0.4954	-2.223	-1.213	-0.2801	66660.0	29190.0	0.5219	1.0
theta_d_pr[4,115]	0.8009	0.001507	0.3792	0.3766	0.06718	0.7952	1.56	63560.0	31940.0	0.4976	0.9999
theta_d_pr[4,116]	0.2201	0.002116	0.5515	0.5507	-0.8492	0.2138	1.323	68360.0	31770.0	0.5352	1.0
theta_d_pr[4,117]	-0.1857	0.001368	0.347	0.346	-0.8693	-0.1874	0.4933	64520.0	29070.0	0.5051	1.0
theta_d_pr[4,118]	0.2625	0.00143	0.3699	0.3652	-0.4549	0.2601	0.9959	67290.0	30430.0	0.5268	1.0
theta_d_pr[4,119]	-0.2338	0.001415	0.3414	0.3389	-0.913	-0.2345	0.4312	58330.0	29060.0	0.4566	1.0
theta_d_pr[4,120]	0.8523	0.001587	0.4023	0.3997	0.07773	0.8457	1.656	65120.0	29340.0	0.5098	1.0
theta_d_pr[4,121]	-0.1354	0.001212	0.2892	0.2911	-0.7044	-0.1354	0.4317	57240.0	29300.0	0.4481	1.0
theta_d_pr[4,122]	-0.3369	0.001463	0.4059	0.4039	-1.14	-0.3326	0.4521	77230.0	27590.0	0.6046	1.0
theta_d_pr[4,123]	-0.1204	0.001632	0.4023	0.4021	-0.9056	-0.1221	0.6702	61010.0	32680.0	0.4777	1.0
theta_d_pr[4,124]	-0.3228	0.00166	0.4429	0.4427	-1.196	-0.3249	0.5374	71220.0	29210.0	0.5576	1.0
theta_d_pr[4,125]	0.2771	0.001379	0.3251	0.3215	-0.3545	0.2744	0.926	55960.0	30560.0	0.4381	1.0
theta_d_pr[4,126]	0.2482	0.00161	0.4294	0.4275	-0.5905	0.2471	1.102	71450.0	27640.0	0.5594	1.0
theta_d_pr[4,127]	0.5162	0.001647	0.4223	0.4152	-0.3059	0.5134	1.357	65980.0	30030.0	0.5165	1.0
theta_d_pr[4,128]	0.7112	0.001661	0.4084	0.4051	-0.06771	0.7064	1.528	60760.0	29370.0	0.4756	1.0
theta_d_pr[4,129]	0.8772	0.001605	0.4044	0.3985	0.09911	0.8694	1.691	64030.0	30390.0	0.5013	1.0
theta_d_pr[4,130]	0.04347	0.001422	0.3448	0.3411	-0.6374	0.04472	0.7239	58900.0	29250.0	0.4611	1.0
theta_d_pr[4,131]	-1.194	0.001423	0.2998	0.3006	-1.795	-1.188	-0.6233	44780.0	26550.0	0.3505	1.0
theta_d_pr[4,132]	-1.516	0.001589	0.3541	0.3492	-2.231	-1.507	-0.8472	50300.0	28250.0	0.3937	1.0
theta_d_pr[4,133]	0.02248	0.001525	0.4061	0.4041	-0.7717	0.02161	0.8218	71140.0	28830.0	0.5569	1.0
theta_d_pr[4,134]	0.4665	0.001253	0.2974	0.2958	-0.1099	0.4631	1.057	56580.0	27890.0	0.443	1.0
theta_d_pr[4,135]	-0.519	0.001847	0.4936	0.4883	-1.497	-0.5184	0.439	71700.0	28510.0	0.5613	1.0
theta_d_pr[4,136]	0.6392	0.001498	0.3932	0.3868	-0.1205	0.6326	1.421	69040.0	28700.0	0.5405	1.0
theta_d_pr[4,137]	0.186	0.001886	0.4983	0.4951	-0.7871	0.1818	1.166	69980.0	30500.0	0.5479	1.0
theta_d_pr[4,138]	0.6766	0.001515	0.3888	0.3851	-0.08496	0.6722	1.453	66320.0	27970.0	0.5192	1.0
theta_d_pr[4,139]	1.402	0.001672	0.3867	0.3878	0.6714	1.394	2.184	54130.0	29780.0	0.4238	1.0
theta_d_pr[4,140]	-1.492	0.001773	0.4297	0.4284	-2.365	-1.481	-0.6806	59160.0	28810.0	0.4632	1.0
theta_d_pr[4,141]	-0.3643	0.001573	0.3841	0.3835	-1.117	-0.3626	0.3856	59800.0	30240.0	0.4681	1.0
theta_d_pr[4,142]	-0.1235	0.001416	0.3636	0.3622	-0.828	-0.1254	0.5958	66290.0	29400.0	0.519	1.0
theta_d_pr[4,143]	0.08855	0.001459	0.3852	0.381	-0.6726	0.08789	0.8447	69880.0	28440.0	0.5471	1.0
theta_d_pr[4,144]	3.199	0.002204	0.4822	0.4765	2.301	3.184	4.185	48610.0	29990.0	0.3806	1.0
theta_d_pr[4,145]	-0.1955	0.0014	0.3408	0.3363	-0.8643	-0.198	0.4804	59550.0	29090.0	0.4662	1.0
theta_d_pr[4,146]	-0.004236	0.001329	0.3307	0.3273	-0.6596	-0.004006	0.6465	62150.0	28580.0	0.4865	1.0
theta_d_pr[4,147]	0.3901	0.002101	0.5095	0.5057	-0.5895	0.3835	1.414	59580.0	28600.0	0.4664	1.0
theta_d_pr[4,148]	0.3719	0.001665	0.4071	0.406	-0.4162	0.365	1.191	60180.0	30930.0	0.4711	1.0
theta_d_pr[4,149]	-0.4413	0.001534	0.3994	0.3927	-1.241	-0.4388	0.3291	68250.0	28150.0	0.5343	1.0
theta_d_pr[4,150]	1.542	0.001957	0.4473	0.4427	0.704	1.529	2.454	53270.0	29750.0	0.417	1.0
theta_d_pr[4,151]	-0.7724	0.00151	0.3647	0.3636	-1.506	-0.7662	-0.07539	58850.0	31240.0	0.4607	1.0
theta_d_pr[4,152]	-0.6229	0.001337	0.327	0.3238	-1.267	-0.6185	0.01279	60090.0	28560.0	0.4704	1.0
theta_d_pr[4,153]	-3.594	0.002363	0.4934	0.486	-4.62	-3.575	-2.673	44600.0	29130.0	0.3492	1.0
theta_d_pr[4,154]	-0.9301	0.001326	0.3026	0.302	-1.534	-0.9251	-0.3464	52570.0	29150.0	0.4115	1.0
theta_d_pr[4,155]	-4.099	0.002412	0.455	0.4533	-5.034	-4.085	-3.243	36020.0	30100.0	0.282	1.0
theta_d_pr[5,1]	0.05536	0.004683	0.8042	0.7747	-1.622	0.1075	1.548	31390.0	25630.0	0.2457	1.0
theta_d_pr[5,2]	0.1564	0.003418	0.9173	0.9135	-1.641	0.1534	1.943	72740.0	27610.0	0.5694	1.0
theta_d_pr[5,3]	-0.2867	0.003434	0.834	0.8086	-1.918	-0.2912	1.374	59210.0	26940.0	0.4635	1.0
theta_d_pr[5,4]	0.3787	0.006679	1.01	1.013	-1.634	0.3987	2.297	23130.0	29220.0	0.1811	1.0
theta_d_pr[5,5]	-0.9804	0.02155	1.252	1.436	-3.142	-1.002	1.434	3534.0	17910.0	0.02766	1.001
theta_d_pr[5,6]	-0.2705	0.003523	0.8497	0.8267	-1.951	-0.2724	1.412	58860.0	24740.0	0.4608	1.0
theta_d_pr[5,7]	0.1021	0.003102	0.7709	0.7339	-1.407	0.09108	1.652	61530.0	23920.0	0.4817	1.0
theta_d_pr[5,8]	1.38	0.009253	0.8694	0.8126	-0.5396	1.444	2.95	9884.0	10570.0	0.07738	1.0
theta_d_pr[5,9]	0.7574	0.01096	0.9923	0.9989	-1.299	0.8085	2.558	8237.0	19220.0	0.06449	1.0
theta_d_pr[5,10]	-0.1427	0.004966	1.012	1.019	-2.149	-0.1356	1.824	41970.0	27180.0	0.3285	1.0
theta_d_pr[5,11]	-0.7624	0.00677	0.855	0.8013	-2.295	-0.8317	1.114	17920.0	19010.0	0.1403	1.0
theta_d_pr[5,12]	0.3327	0.003413	0.7617	0.7173	-1.236	0.346	1.817	51420.0	18960.0	0.4025	1.0
theta_d_pr[5,13]	0.1644	0.003716	0.885	0.8536	-1.57	0.1549	1.955	56450.0	28380.0	0.4419	1.0
theta_d_pr[5,14]	-0.08581	0.003459	0.986	0.9776	-2.022	-0.08619	1.868	81490.0	28400.0	0.6379	1.0
theta_d_pr[5,15]	0.8177	0.006706	0.8334	0.7842	-0.9788	0.8646	2.351	16880.0	15130.0	0.1321	1.0
theta_d_pr[5,16]	0.1693	0.003952	0.8963	0.8678	-1.667	0.2004	1.896	51670.0	29300.0	0.4045	1.0
theta_d_pr[5,17]	-0.2857	0.01099	1.01	1.061	-2.178	-0.2844	1.702	8585.0	20450.0	0.06721	1.0
theta_d_pr[5,18]	0.2529	0.004598	0.8783	0.8489	-1.427	0.2234	2.061	36270.0	26930.0	0.2839	1.0
theta_d_pr[5,19]	-0.3845	0.004483	0.8776	0.8378	-2.024	-0.429	1.465	40670.0	25330.0	0.3183	1.0
theta_d_pr[5,20]	0.3268	0.003479	0.7152	0.6639	-1.174	0.3503	1.698	45710.0	19280.0	0.3578	1.0
theta_d_pr[5,21]	-0.739	0.007565	0.9368	0.9236	-2.519	-0.7684	1.171	15760.0	19100.0	0.1234	1.0
theta_d_pr[5,22]	-0.07794	0.003658	0.9979	0.9896	-2.033	-0.08094	1.904	74690.0	28110.0	0.5847	1.0
theta_d_pr[5,23]	0.3542	0.003576	0.7967	0.7651	-1.282	0.3737	1.89	52100.0	19430.0	0.4078	1.0
theta_d_pr[5,24]	-0.4727	0.01131	1.047	1.064	-2.508	-0.4564	1.556	8687.0	14870.0	0.06801	1.0
theta_d_pr[5,25]	1.131	0.005783	0.7722	0.6939	-0.5701	1.167	2.591	20380.0	11050.0	0.1596	1.0
theta_d_pr[5,26]	0.306	0.00322	0.7154	0.6665	-1.194	0.331	1.694	51480.0	20710.0	0.403	1.0
theta_d_pr[5,27]	0.1465	0.002904	0.6937	0.6319	-1.297	0.1604	1.506	58140.0	18730.0	0.4552	1.0
theta_d_pr[5,28]	-0.188	0.003503	0.9166	0.9014	-1.975	-0.1971	1.648	69210.0	31050.0	0.5418	1.0
theta_d_pr[5,29]	-0.1504	0.003678	0.9091	0.8975	-1.923	-0.1521	1.656	61170.0	29950.0	0.4788	1.0
theta_d_pr[5,30]	0.5279	0.008438	0.9864	1.003	-1.444	0.5493	2.396	13790.0	23410.0	0.1079	1.0
theta_d_pr[5,31]	0.2152	0.00303	0.7068	0.6506	-1.24	0.2246	1.624	55480.0	20230.0	0.4343	1.0
theta_d_pr[5,32]	-0.1955	0.00439	1.002	1.007	-2.139	-0.1994	1.79	52810.0	28820.0	0.4135	1.0
theta_d_pr[5,33]	-0.00194	0.003243	0.98	0.9695	-1.934	-0.006165	1.938	91520.0	28140.0	0.7165	1.0
theta_d_pr[5,34]	-0.05313	0.003472	0.9725	0.9707	-1.937	-0.06217	1.883	78630.0	30760.0	0.6155	1.0
theta_d_pr[5,35]	0.03251	0.003587	0.9276	0.922	-1.785	0.02938	1.849	67140.0	29630.0	0.5256	1.0
theta_d_pr[5,36]	-0.6185	0.004028	0.7901	0.7542	-2.165	-0.623	0.9914	39330.0	22190.0	0.3079	1.0
theta_d_pr[5,37]	-0.1826	0.004218	0.9754	0.9714	-2.055	-0.1986	1.778	53180.0	29670.0	0.4163	1.0
theta_d_pr[5,38]	-0.5581	0.003666	0.7582	0.7167	-2.035	-0.5647	0.9836	44480.0	18410.0	0.3482	1.0
theta_d_pr[5,39]	0.2214	0.002961	0.7078	0.6588	-1.207	0.2237	1.628	57300.0	19980.0	0.4486	1.0
theta_d_pr[5,40]	-0.01377	0.003408	0.9916	0.9923	-1.963	-0.009158	1.917	84920.0	27590.0	0.6648	1.0
theta_d_pr[5,41]	-0.002081	0.003264	0.9708	0.9639	-1.911	-0.004891	1.919	88580.0	28380.0	0.6934	1.0
theta_d_pr[5,42]	-0.2745	0.003848	0.8907	0.8804	-2.037	-0.2698	1.489	53790.0	26890.0	0.4211	1.0
theta_d_pr[5,43]	-0.02746	0.003198	0.7631	0.7069	-1.592	-0.006049	1.48	56890.0	23870.0	0.4454	1.0
theta_d_pr[5,44]	-0.08059	0.003398	0.9593	0.9684	-1.953	-0.08721	1.809	80090.0	30200.0	0.6269	1.0
theta_d_pr[5,45]	-0.7715	0.008838	0.921	0.8953	-2.414	-0.8481	1.203	11590.0	18430.0	0.09071	1.0
theta_d_pr[5,46]	-0.07749	0.003345	0.9349	0.9308	-1.907	-0.0823	1.757	78240.0	30720.0	0.6125	1.0
theta_d_pr[5,47]	0.2223	0.003311	0.8203	0.8013	-1.426	0.231	1.801	61660.0	25930.0	0.4827	1.0
theta_d_pr[5,48]	-0.09509	0.003749	0.8449	0.832	-1.797	-0.07748	1.534	51420.0	29030.0	0.4025	1.0
theta_d_pr[5,49]	-0.1885	0.003677	0.9079	0.8846	-1.991	-0.1879	1.612	61460.0	29680.0	0.4811	1.0
theta_d_pr[5,50]	-0.2626	0.004455	0.9567	0.9398	-2.079	-0.2877	1.698	46730.0	29670.0	0.3658	1.0
theta_d_pr[5,51]	0.1738	0.004125	0.9883	0.9871	-1.779	0.1834	2.08	58160.0	28450.0	0.4553	1.0
theta_d_pr[5,52]	-0.2009	0.004373	0.9909	0.9925	-2.104	-0.2176	1.764	51800.0	28490.0	0.4055	1.0
theta_d_pr[5,53]	-0.008287	0.003386	0.8541	0.8343	-1.664	-0.02018	1.701	63610.0	29290.0	0.4979	1.0
theta_d_pr[5,54]	-0.9507	0.005503	0.8318	0.7854	-2.51	-0.9811	0.8047	24630.0	15310.0	0.1928	1.0
theta_d_pr[5,55]	0.2658	0.00499	0.9324	0.8964	-1.575	0.2535	2.125	35080.0	29910.0	0.2746	1.0
theta_d_pr[5,56]	0.02324	0.003345	0.9638	0.9517	-1.899	0.0287	1.895	83210.0	28460.0	0.6514	1.0
theta_d_pr[5,57]	-0.1095	0.003405	0.831	0.8039	-1.769	-0.1087	1.545	59700.0	26000.0	0.4673	1.0
theta_d_pr[5,58]	0.455	0.004115	0.8308	0.7904	-1.263	0.4815	2.043	43050.0	20090.0	0.337	1.0
theta_d_pr[5,59]	0.03547	0.004767	0.9622	0.9501	-1.888	0.04821	1.902	41110.0	23900.0	0.3218	1.0
theta_d_pr[5,60]	-0.3123	0.003803	0.8893	0.8816	-2.024	-0.327	1.477	55490.0	27390.0	0.4344	1.0
theta_d_pr[5,61]	-0.7908	0.01589	1.133	1.212	-2.861	-0.814	1.445	5124.0	18910.0	0.04011	1.001
theta_d_pr[5,62]	0.05842	0.003144	0.7794	0.7332	-1.535	0.07237	1.596	61640.0	25770.0	0.4826	1.0
theta_d_pr[5,63]	-0.6041	0.007294	0.9457	0.9273	-2.385	-0.6465	1.361	17110.0	27050.0	0.134	1.0
theta_d_pr[5,64]	-0.2973	0.004067	0.9065	0.8867	-2.056	-0.3079	1.51	50280.0	26340.0	0.3936	1.0
theta_d_pr[5,65]	-0.1013	0.003564	0.9325	0.9041	-1.893	-0.1171	1.804	68550.0	29120.0	0.5367	1.0
theta_d_pr[5,66]	0.6337	0.007649	0.8568	0.8471	-1.165	0.6789	2.204	13180.0	18430.0	0.1032	1.0
theta_d_pr[5,67]	-0.03472	0.00371	0.9061	0.8838	-1.877	-0.01943	1.741	59490.0	29190.0	0.4657	1.0
theta_d_pr[5,68]	0.1018	0.003479	0.9521	0.9478	-1.787	0.1101	1.954	74950.0	29570.0	0.5867	1.0
theta_d_pr[5,69]	0.2915	0.003669	0.7836	0.7372	-1.328	0.3188	1.8	47900.0	19410.0	0.375	1.0
theta_d_pr[5,70]	0.5692	0.005362	0.8888	0.8727	-1.222	0.5782	2.289	27900.0	21660.0	0.2184	1.0
theta_d_pr[5,71]	-0.4954	0.00346	0.7276	0.6741	-1.932	-0.5006	1.006	45380.0	19080.0	0.3552	1.0
theta_d_pr[5,72]	-0.07214	0.003534	0.9781	0.9688	-1.963	-0.07861	1.869	76840.0	29170.0	0.6016	1.0
theta_d_pr[5,73]	-0.007767	0.003409	0.9591	0.9695	-1.882	-0.009922	1.864	79440.0	29780.0	0.6219	1.0
theta_d_pr[5,74]	-0.207	0.00433	0.9442	0.9466	-2.036	-0.213	1.658	48030.0	26730.0	0.376	1.0
theta_d_pr[5,75]	-0.003163	0.003498	0.9943	0.9969	-1.977	0.001156	1.921	81160.0	27930.0	0.6353	1.0
theta_d_pr[5,76]	-0.2221	0.003951	0.9913	1.004	-2.143	-0.2282	1.721	63180.0	29700.0	0.4946	1.0
theta_d_pr[5,77]	-0.1186	0.003667	0.9768	0.9811	-1.991	-0.1275	1.82	71360.0	29290.0	0.5587	1.0
theta_d_pr[5,78]	0.07255	0.003559	0.8814	0.8445	-1.735	0.09938	1.772	61210.0	31130.0	0.4792	1.0
theta_d_pr[5,79]	0.01533	0.003303	0.9622	0.9645	-1.863	0.01686	1.9	85120.0	29510.0	0.6664	1.0
theta_d_pr[5,80]	0.9693	0.01565	1.106	1.187	-1.242	1.016	2.95	5057.0	20580.0	0.03959	1.0
theta_d_pr[5,81]	-0.7009	0.005328	0.7825	0.7178	-2.137	-0.7529	0.9986	23940.0	18280.0	0.1874	1.0
theta_d_pr[5,82]	0.5918	0.008604	1.007	1.006	-1.502	0.6422	2.434	13950.0	26610.0	0.1092	1.0
theta_d_pr[5,83]	-0.1144	0.003017	0.7083	0.6496	-1.558	-0.1101	1.307	55310.0	19520.0	0.433	1.0
theta_d_pr[5,84]	0.4597	0.003465	0.735	0.6771	-1.069	0.474	1.918	46340.0	17900.0	0.3628	1.0
theta_d_pr[5,85]	-1.02	0.00648	0.783	0.7081	-2.438	-1.077	0.7275	16970.0	12590.0	0.1328	1.0
theta_d_pr[5,86]	-0.2685	0.002963	0.67	0.6063	-1.606	-0.2722	1.095	51880.0	17350.0	0.4061	1.0
theta_d_pr[5,87]	0.3246	0.003184	0.717	0.6547	-1.158	0.3353	1.75	51420.0	20590.0	0.4026	1.0
theta_d_pr[5,88]	-0.197	0.004865	1.018	1.023	-2.185	-0.1951	1.773	43940.0	27990.0	0.344	1.0
theta_d_pr[5,89]	-1.196	0.01938	1.174	1.273	-3.12	-1.332	1.234	3858.0	19710.0	0.0302	1.001
theta_d_pr[5,90]	0.5467	0.004404	0.7975	0.7473	-1.138	0.5791	2.058	35150.0	20440.0	0.2752	1.001
theta_d_pr[5,91]	-0.03161	0.00487	0.921	0.9079	-1.868	-0.02894	1.779	36090.0	21360.0	0.2825	1.0
theta_d_pr[5,92]	-0.0003952	0.003961	0.989	0.9909	-1.933	-0.004692	1.941	62520.0	27060.0	0.4895	1.0
theta_d_pr[5,93]	-0.1553	0.003091	0.7627	0.7053	-1.682	-0.1576	1.393	60770.0	22500.0	0.4757	1.0
theta_d_pr[5,94]	0.5174	0.009399	0.9962	1.026	-1.558	0.5947	2.279	11700.0	27460.0	0.09162	1.0
theta_d_pr[5,95]	-0.5914	0.004007	0.8076	0.768	-2.144	-0.6122	1.075	42710.0	16920.0	0.3344	1.0
theta_d_pr[5,96]	0.1183	0.003426	0.817	0.7665	-1.578	0.1385	1.711	56960.0	30510.0	0.4459	1.0
theta_d_pr[5,97]	0.4469	0.005075	0.8861	0.8532	-1.396	0.4801	2.129	31550.0	26710.0	0.247	1.0
theta_d_pr[5,98]	0.3029	0.003603	0.7598	0.711	-1.305	0.3328	1.745	46090.0	23270.0	0.3608	1.0
theta_d_pr[5,99]	-0.2604	0.004195	0.9458	0.9271	-2.108	-0.2745	1.631	51170.0	30730.0	0.4006	1.0
theta_d_pr[5,100]	-0.2624	0.009441	1.044	1.121	-2.088	-0.3199	1.851	12780.0	29780.0	0.1001	1.0
theta_d_pr[5,101]	0.1127	0.003333	0.8558	0.8252	-1.613	0.1195	1.796	66540.0	26170.0	0.5209	1.001
theta_d_pr[5,102]	0.01583	0.00341	0.9785	0.9787	-1.908	0.01308	1.937	82600.0	28650.0	0.6466	1.0
theta_d_pr[5,103]	-0.5997	0.013	1.094	1.145	-2.653	-0.6027	1.548	7097.0	17720.0	0.05556	1.0
theta_d_pr[5,104]	-0.6258	0.01412	1.127	1.213	-2.676	-0.6362	1.584	6432.0	19450.0	0.05035	1.0
theta_d_pr[5,105]	-0.3573	0.00336	0.7564	0.712	-1.879	-0.3556	1.167	50980.0	21500.0	0.3991	1.0
theta_d_pr[5,106]	0.009713	0.00332	0.9854	0.9901	-1.921	0.009967	1.94	88410.0	29470.0	0.6921	1.0
theta_d_pr[5,107]	0.07031	0.003547	0.9858	0.9859	-1.874	0.06741	1.984	77720.0	29010.0	0.6084	1.0
theta_d_pr[5,108]	0.01499	0.00329	0.9679	0.9697	-1.854	0.01188	1.919	86820.0	28300.0	0.6796	1.0
theta_d_pr[5,109]	0.3736	0.003541	0.779	0.7255	-1.242	0.3891	1.888	49970.0	17880.0	0.3912	1.0
theta_d_pr[5,110]	-0.163	0.003182	0.7727	0.7141	-1.72	-0.165	1.423	59410.0	25060.0	0.4651	1.0
theta_d_pr[5,111]	-0.1028	0.003504	0.9724	0.9656	-1.982	-0.1122	1.83	77340.0	28390.0	0.6055	1.0
theta_d_pr[5,112]	-0.4129	0.003836	0.779	0.7301	-1.915	-0.4365	1.218	43950.0	19950.0	0.3441	1.0
theta_d_pr[5,113]	0.503	0.007937	0.9624	0.9716	-1.469	0.5451	2.29	14920.0	25280.0	0.1168	1.0
theta_d_pr[5,114]	0.1406	0.003003	0.7063	0.6533	-1.293	0.1433	1.559	56530.0	17820.0	0.4425	1.0
theta_d_pr[5,115]	-0.2909	0.004385	0.9083	0.8785	-1.977	-0.3417	1.61	43860.0	28260.0	0.3434	1.0
theta_d_pr[5,116]	0.198	0.003101	0.6922	0.6343	-1.259	0.2203	1.535	52170.0	17730.0	0.4084	1.0
theta_d_pr[5,117]	0.4585	0.003889	0.7987	0.7448	-1.221	0.4863	1.99	44570.0	20820.0	0.3489	1.0
theta_d_pr[5,118]	-0.4423	0.004608	0.8385	0.7892	-2.022	-0.4883	1.327	34900.0	22840.0	0.2732	1.0
theta_d_pr[5,119]	0.009108	0.003261	0.9794	0.9692	-1.92	0.01266	1.932	90530.0	27610.0	0.7087	1.0
theta_d_pr[5,120]	-0.3797	0.006929	0.8664	0.8598	-1.992	-0.4139	1.412	16220.0	22410.0	0.127	1.0
theta_d_pr[5,121]	0.109	0.004128	0.9667	0.9483	-1.772	0.09562	2.029	55170.0	29310.0	0.4319	1.0
theta_d_pr[5,122]	-0.3107	0.004674	0.8245	0.8076	-1.886	-0.3302	1.367	32020.0	23150.0	0.2507	1.0
theta_d_pr[5,123]	-0.4278	0.004768	0.8686	0.8387	-2.073	-0.4609	1.373	34500.0	22640.0	0.2701	1.0
theta_d_pr[5,124]	-0.1351	0.003105	0.7985	0.7672	-1.702	-0.1427	1.478	66400.0	24130.0	0.5198	1.0
theta_d_pr[5,125]	-0.2556	0.003889	0.8767	0.8599	-1.953	-0.2653	1.501	51440.0	27520.0	0.4027	1.0
theta_d_pr[5,126]	-0.2217	0.004585	0.9638	0.9712	-2.121	-0.2269	1.655	44330.0	28120.0	0.3471	1.0
theta_d_pr[5,127]	0.3113	0.003446	0.7673	0.7276	-1.267	0.3287	1.794	51660.0	23770.0	0.4044	1.0
theta_d_pr[5,128]	-0.1111	0.002971	0.6996	0.6544	-1.478	-0.123	1.323	55880.0	21930.0	0.4374	1.0
theta_d_pr[5,129]	0.3645	0.004811	0.8075	0.7716	-1.345	0.4147	1.865	30510.0	23350.0	0.2388	1.0
theta_d_pr[5,130]	0.8714	0.01989	1.251	1.434	-1.61	0.9669	2.925	4167.0	20590.0	0.03262	1.001
theta_d_pr[5,131]	-0.03814	0.003312	0.9772	0.971	-1.951	-0.03883	1.887	87250.0	29250.0	0.683	1.0
theta_d_pr[5,132]	-0.1505	0.003948	1.0	1.0	-2.1	-0.1492	1.811	64400.0	27940.0	0.5042	1.0
theta_d_pr[5,133]	0.558	0.006521	0.8278	0.7934	-1.206	0.6026	2.082	17410.0	18910.0	0.1363	1.0
theta_d_pr[5,134]	0.1382	0.00349	0.938	0.9133	-1.754	0.1486	1.969	72310.0	29110.0	0.566	1.0
theta_d_pr[5,135]	0.6339	0.01118	0.9298	0.9617	-1.263	0.6714	2.319	6997.0	19470.0	0.05477	1.0
theta_d_pr[5,136]	0.1496	0.003482	0.7837	0.7531	-1.374	0.1318	1.746	50570.0	22580.0	0.3959	1.0
theta_d_pr[5,137]	0.7264	0.004241	0.7672	0.7171	-0.8942	0.7476	2.186	35670.0	15870.0	0.2792	1.0
theta_d_pr[5,138]	0.342	0.004737	0.8484	0.8105	-1.467	0.403	1.89	35270.0	27220.0	0.2761	1.0
theta_d_pr[5,139]	0.7797	0.006773	0.8436	0.7729	-1.065	0.8461	2.333	17140.0	18700.0	0.1342	1.0
theta_d_pr[5,140]	-0.4852	0.003974	0.7953	0.75	-2.023	-0.5015	1.163	41560.0	18430.0	0.3253	1.0
theta_d_pr[5,141]	0.2692	0.004764	0.9101	0.8976	-1.583	0.2891	1.994	37360.0	28400.0	0.2925	1.0
theta_d_pr[5,142]	0.3932	0.005366	0.8367	0.7922	-1.399	0.452	1.922	26170.0	26720.0	0.2049	1.0
theta_d_pr[5,143]	-0.4747	0.004274	0.8085	0.7678	-2.034	-0.4957	1.2	37490.0	18450.0	0.2935	1.0
theta_d_pr[5,144]	0.4005	0.005819	0.9721	0.9734	-1.554	0.4188	2.26	28240.0	26710.0	0.221	1.0
theta_d_pr[5,145]	0.0974	0.0031	0.767	0.7118	-1.462	0.1078	1.6	61110.0	23290.0	0.4784	1.0
theta_d_pr[5,146]	0.2242	0.004228	0.9577	0.9627	-1.661	0.2272	2.083	51640.0	29130.0	0.4043	1.0
theta_d_pr[5,147]	0.4247	0.00709	0.988	0.9902	-1.541	0.4424	2.312	19590.0	30680.0	0.1534	1.0
theta_d_pr[5,148]	-0.07595	0.003456	0.7791	0.7487	-1.666	-0.05924	1.433	51550.0	24610.0	0.4035	1.0
theta_d_pr[5,149]	-0.9322	0.006143	0.8046	0.7307	-2.417	-0.9761	0.8274	19840.0	14790.0	0.1553	1.0
theta_d_pr[5,150]	0.8606	0.0183	1.161	1.318	-1.462	0.9419	2.781	4212.0	22280.0	0.03297	1.001
theta_d_pr[5,151]	0.1713	0.003068	0.7708	0.7278	-1.401	0.1799	1.698	63340.0	20750.0	0.4958	1.0
theta_d_pr[5,152]	-0.03327	0.003417	0.8729	0.8367	-1.757	-0.03744	1.726	65420.0	30770.0	0.5121	1.0
theta_d_pr[5,153]	-0.08932	0.00365	1.0	1.004	-2.073	-0.0796	1.873	75730.0	28580.0	0.5928	1.0
theta_d_pr[5,154]	0.065	0.003839	0.9296	0.9026	-1.739	0.04307	1.947	58470.0	30930.0	0.4578	1.0
theta_d_pr[5,155]	-0.1413	0.003526	0.9607	0.9435	-2.007	-0.1477	1.774	74650.0	29300.0	0.5844	1.0
theta_d_pr[6,1]	0.9763	0.002618	0.5634	0.5414	-0.1119	0.9653	2.113	46660.0	28400.0	0.3653	1.0
theta_d_pr[6,2]	0.03422	0.003584	0.853	0.8337	-1.69	0.04294	1.699	57510.0	28250.0	0.4502	1.0
theta_d_pr[6,3]	0.3623	0.002823	0.5854	0.5478	-0.8584	0.3783	1.494	44080.0	24890.0	0.3451	1.0
theta_d_pr[6,4]	1.041	0.006372	0.9334	0.9129	-0.9769	1.129	2.67	22210.0	29450.0	0.1739	1.0
theta_d_pr[6,5]	-1.481	0.02141	1.333	1.48	-3.535	-1.724	1.218	4285.0	23700.0	0.03354	1.001
theta_d_pr[6,6]	-0.5523	0.004169	0.8331	0.8125	-2.1	-0.5895	1.172	40740.0	30130.0	0.3189	1.0
theta_d_pr[6,7]	0.3677	0.002788	0.6089	0.5924	-0.8506	0.3726	1.561	48010.0	26290.0	0.3758	1.0
theta_d_pr[6,8]	0.1806	0.002898	0.7537	0.7442	-1.304	0.1842	1.668	67950.0	28830.0	0.5319	1.0
theta_d_pr[6,9]	0.2672	0.002979	0.6872	0.655	-1.076	0.2542	1.666	53560.0	27060.0	0.4193	1.0
theta_d_pr[6,10]	-0.2528	0.003501	0.7595	0.709	-1.682	-0.2879	1.362	47420.0	29820.0	0.3712	1.0
theta_d_pr[6,11]	-0.1525	0.002947	0.6718	0.6336	-1.537	-0.1361	1.157	52120.0	29420.0	0.408	1.0
theta_d_pr[6,12]	-0.9192	0.003095	0.5686	0.5358	-2.092	-0.9033	0.1682	34410.0	24880.0	0.2694	1.0
theta_d_pr[6,13]	0.585	0.004619	0.9411	0.9048	-1.367	0.6209	2.378	41480.0	33420.0	0.3247	1.0
theta_d_pr[6,14]	-0.04035	0.003466	0.9559	0.9538	-1.892	-0.04952	1.839	76360.0	30240.0	0.5978	1.0
theta_d_pr[6,15]	-0.188	0.003379	0.7586	0.7212	-1.792	-0.1493	1.234	50620.0	30700.0	0.3963	1.0
theta_d_pr[6,16]	0.205	0.005576	0.97	0.9057	-1.945	0.2948	1.921	30760.0	33150.0	0.2408	1.0
theta_d_pr[6,17]	-0.4282	0.006763	0.8635	0.8779	-2.076	-0.4229	1.271	16400.0	27250.0	0.1284	1.0
theta_d_pr[6,18]	0.3773	0.003433	0.8262	0.8112	-1.289	0.3908	1.978	57930.0	30670.0	0.4535	1.0
theta_d_pr[6,19]	-0.1216	0.003094	0.7405	0.6929	-1.579	-0.1332	1.375	57620.0	30810.0	0.4511	1.0
theta_d_pr[6,20]	-0.03745	0.002776	0.6287	0.6095	-1.302	-0.02553	1.177	51610.0	25870.0	0.404	1.0
theta_d_pr[6,21]	-0.7258	0.004185	0.8074	0.7806	-2.198	-0.7742	0.9969	38250.0	28860.0	0.2995	1.0
theta_d_pr[6,22]	0.2571	0.003391	0.9178	0.9159	-1.538	0.2553	2.058	73630.0	28370.0	0.5764	1.0
theta_d_pr[6,23]	-0.5298	0.003176	0.7304	0.7121	-1.977	-0.529	0.9157	52780.0	28180.0	0.4132	1.0
theta_d_pr[6,24]	-0.9039	0.003497	0.6482	0.5879	-2.095	-0.9436	0.5362	36170.0	23340.0	0.2832	1.0
theta_d_pr[6,25]	-0.2936	0.002959	0.6302	0.6166	-1.568	-0.2824	0.9242	46000.0	26720.0	0.3601	1.0
theta_d_pr[6,26]	0.6816	0.002623	0.5662	0.5365	-0.46	0.6855	1.799	47430.0	25070.0	0.3713	1.0
theta_d_pr[6,27]	0.04429	0.002958	0.719	0.6969	-1.403	0.04807	1.46	59160.0	29970.0	0.4631	1.0
theta_d_pr[6,28]	-0.8941	0.01031	1.105	1.166	-2.78	-0.9914	1.41	11650.0	28210.0	0.09117	1.001
theta_d_pr[6,29]	0.3571	0.003638	0.8237	0.8039	-1.247	0.3413	2.023	51330.0	29580.0	0.4018	1.0
theta_d_pr[6,30]	0.2996	0.003646	0.7218	0.6616	-1.294	0.348	1.622	41200.0	26930.0	0.3225	1.0
theta_d_pr[6,31]	0.4083	0.002722	0.5326	0.5026	-0.6925	0.4242	1.418	39240.0	24480.0	0.3072	1.0
theta_d_pr[6,32]	-0.1891	0.003663	0.8971	0.8644	-1.92	-0.2122	1.651	60080.0	31460.0	0.4703	1.0
theta_d_pr[6,33]	0.6646	0.004399	0.8952	0.8505	-1.216	0.6986	2.341	41700.0	32270.0	0.3264	1.0
theta_d_pr[6,34]	0.2206	0.003576	0.9725	0.9627	-1.735	0.2304	2.109	74300.0	31330.0	0.5817	1.0
theta_d_pr[6,35]	0.3482	0.003965	0.7892	0.7593	-1.382	0.4121	1.761	41330.0	32580.0	0.3235	1.0
theta_d_pr[6,36]	0.3045	0.002966	0.6974	0.6754	-1.106	0.3123	1.659	56350.0	26430.0	0.4411	1.0
theta_d_pr[6,37]	-0.599	0.004322	0.8629	0.816	-2.201	-0.6483	1.234	40970.0	31860.0	0.3208	1.0
theta_d_pr[6,38]	-0.3106	0.002698	0.5852	0.5603	-1.491	-0.3088	0.8379	47130.0	23950.0	0.369	1.0
theta_d_pr[6,39]	0.3532	0.002765	0.6497	0.631	-0.9019	0.3411	1.665	55290.0	28340.0	0.4328	1.0
theta_d_pr[6,40]	-0.05126	0.003618	0.945	0.9443	-1.859	-0.07313	1.841	68920.0	31540.0	0.5396	1.0
theta_d_pr[6,41]	-0.1145	0.003271	0.8064	0.8037	-1.699	-0.1161	1.473	61050.0	26950.0	0.478	1.0
theta_d_pr[6,42]	0.842	0.005547	0.8786	0.8113	-1.115	0.9208	2.388	26480.0	29490.0	0.2073	1.0
theta_d_pr[6,43]	-0.5928	0.003011	0.6346	0.6039	-1.9	-0.5744	0.6332	45270.0	28150.0	0.3544	1.0
theta_d_pr[6,44]	-0.07637	0.003268	0.9247	0.9168	-1.866	-0.08817	1.766	80270.0	31380.0	0.6284	1.0
theta_d_pr[6,45]	-0.3872	0.003429	0.692	0.6605	-1.656	-0.429	1.083	41600.0	27980.0	0.3257	1.0
theta_d_pr[6,46]	-0.4197	0.003276	0.7275	0.6728	-1.808	-0.4447	1.12	50010.0	30880.0	0.3915	1.0
theta_d_pr[6,47]	-0.09931	0.002685	0.6293	0.6064	-1.361	-0.09763	1.135	54960.0	28420.0	0.4303	1.0
theta_d_pr[6,48]	0.3347	0.003106	0.795	0.7836	-1.218	0.3401	1.901	65690.0	29600.0	0.5143	1.0
theta_d_pr[6,49]	-0.4337	0.004602	0.9696	0.97	-2.255	-0.4688	1.544	45000.0	30640.0	0.3523	1.0
theta_d_pr[6,50]	-0.566	0.004162	0.923	0.8943	-2.315	-0.5969	1.348	49590.0	31580.0	0.3882	1.0
theta_d_pr[6,51]	-0.1071	0.003461	0.9659	0.9669	-1.986	-0.1138	1.799	78020.0	30140.0	0.6108	1.0
theta_d_pr[6,52]	-0.4056	0.003622	0.9466	0.9207	-2.24	-0.4224	1.501	68930.0	30860.0	0.5396	1.0
theta_d_pr[6,53]	-0.4542	0.003475	0.7195	0.6752	-1.78	-0.4985	1.1	44060.0	27590.0	0.3449	1.0
theta_d_pr[6,54]	-0.6064	0.00296	0.5805	0.5533	-1.804	-0.5875	0.4917	39550.0	26250.0	0.3096	1.0
theta_d_pr[6,55]	0.7108	0.005501	0.9808	0.9759	-1.331	0.7636	2.522	31720.0	32840.0	0.2484	1.0
theta_d_pr[6,56]	-0.1173	0.00335	0.9611	0.957	-1.994	-0.1278	1.787	82510.0	30400.0	0.646	1.0
theta_d_pr[6,57]	-0.3185	0.003517	0.7633	0.7305	-1.954	-0.2713	1.091	47310.0	28630.0	0.3703	1.0
theta_d_pr[6,58]	0.3653	0.003494	0.7061	0.6684	-1.128	0.4026	1.677	42370.0	24770.0	0.3317	1.0
theta_d_pr[6,59]	-0.08003	0.0031	0.7421	0.7127	-1.549	-0.08272	1.402	57450.0	27640.0	0.4498	1.0
theta_d_pr[6,60]	-0.3137	0.0027	0.652	0.6355	-1.603	-0.3141	0.9817	58530.0	28250.0	0.4582	1.0
theta_d_pr[6,61]	-0.9719	0.01303	1.156	1.257	-2.957	-1.063	1.358	8061.0	26970.0	0.06311	1.0
theta_d_pr[6,62]	0.805	0.003013	0.61	0.5539	-0.4812	0.8215	1.985	42570.0	23940.0	0.3333	1.0
theta_d_pr[6,63]	-0.7493	0.00604	0.9586	0.933	-2.491	-0.8197	1.291	25270.0	32350.0	0.1978	1.0
theta_d_pr[6,64]	0.0697	0.003223	0.9658	0.956	-1.846	0.07407	1.95	90130.0	29770.0	0.7056	1.0
theta_d_pr[6,65]	-0.3346	0.003664	0.9333	0.9124	-2.133	-0.3574	1.55	65200.0	30820.0	0.5104	1.0
theta_d_pr[6,66]	1.263	0.006695	0.8019	0.75	-0.5473	1.347	2.635	16060.0	20680.0	0.1257	1.0
theta_d_pr[6,67]	0.5781	0.003859	0.8193	0.7593	-1.197	0.6211	2.111	46110.0	29630.0	0.361	1.0
theta_d_pr[6,68]	-0.5331	0.004913	0.9458	0.932	-2.273	-0.5831	1.451	37310.0	32260.0	0.2921	1.0
theta_d_pr[6,69]	-0.2492	0.002707	0.53	0.4929	-1.283	-0.261	0.8386	38800.0	22770.0	0.3037	1.0
theta_d_pr[6,70]	-0.224	0.003042	0.662	0.6143	-1.532	-0.2309	1.126	47970.0	28230.0	0.3755	1.0
theta_d_pr[6,71]	-1.115	0.01264	1.146	1.231	-3.062	-1.201	1.26	8262.0	26900.0	0.06468	1.0
theta_d_pr[6,72]	-0.1916	0.004761	0.9842	0.988	-2.073	-0.2056	1.777	42730.0	31010.0	0.3345	1.0
theta_d_pr[6,73]	0.00661	0.003331	0.9478	0.9363	-1.866	0.009253	1.859	81170.0	29950.0	0.6354	1.0
theta_d_pr[6,74]	0.1653	0.003616	0.8711	0.8359	-1.529	0.1434	1.929	57740.0	31380.0	0.452	1.0
theta_d_pr[6,75]	0.3672	0.00383	0.9671	0.9538	-1.559	0.3822	2.252	64100.0	30070.0	0.5018	1.0
theta_d_pr[6,76]	-0.1292	0.0033	0.9594	0.9585	-1.988	-0.1376	1.76	84700.0	30720.0	0.663	1.0
theta_d_pr[6,77]	-0.1921	0.003541	0.9392	0.9278	-1.992	-0.2043	1.692	70650.0	31820.0	0.5531	1.0
theta_d_pr[6,78]	0.7235	0.005624	0.9349	0.8965	-1.278	0.7869	2.421	27830.0	31490.0	0.2179	1.0
theta_d_pr[6,79]	-0.1013	0.003586	0.9776	0.9737	-1.987	-0.1164	1.848	74520.0	28530.0	0.5834	1.0
theta_d_pr[6,80]	0.7393	0.007471	0.9466	0.7973	-1.571	0.9271	2.18	18770.0	28310.0	0.1469	1.0
theta_d_pr[6,81]	-0.4253	0.003942	0.7573	0.6885	-1.76	-0.4983	1.289	38150.0	30180.0	0.2987	1.0
theta_d_pr[6,82]	0.7817	0.005918	0.9334	0.8895	-1.232	0.8578	2.453	25330.0	31260.0	0.1983	1.0
theta_d_pr[6,83]	0.7876	0.003338	0.624	0.5676	-0.5949	0.8278	1.912	38020.0	24310.0	0.2976	1.0
theta_d_pr[6,84]	0.07836	0.003385	0.7136	0.6677	-1.458	0.1268	1.388	45870.0	31660.0	0.3591	1.0
theta_d_pr[6,85]	-0.8147	0.003071	0.6303	0.5994	-2.081	-0.8067	0.4261	42890.0	24820.0	0.3358	1.0
theta_d_pr[6,86]	-0.4759	0.00269	0.5725	0.5506	-1.623	-0.4693	0.6477	45510.0	28880.0	0.3563	1.0
theta_d_pr[6,87]	0.08395	0.002603	0.5897	0.5615	-1.118	0.09119	1.224	51910.0	25530.0	0.4064	1.0
theta_d_pr[6,88]	0.531	0.004044	0.81	0.7514	-1.216	0.5758	2.044	40970.0	31120.0	0.3207	1.0
theta_d_pr[6,89]	-1.087	0.00442	0.7869	0.7522	-2.514	-1.133	0.6005	33890.0	23650.0	0.2653	1.0
theta_d_pr[6,90]	0.4349	0.00352	0.7814	0.7273	-1.149	0.4355	2.012	49920.0	29100.0	0.3908	1.0
theta_d_pr[6,91]	1.021	0.003725	0.7862	0.755	-0.587	1.028	2.535	46200.0	28530.0	0.3616	1.0
theta_d_pr[6,92]	-0.01288	0.003404	0.9396	0.931	-1.868	-0.01487	1.842	76650.0	29690.0	0.6	1.0
theta_d_pr[6,93]	0.9578	0.004509	0.742	0.6728	-0.72	1.022	2.279	31180.0	22410.0	0.2441	1.0
theta_d_pr[6,94]	0.2392	0.00331	0.7948	0.7726	-1.308	0.2246	1.848	57270.0	28370.0	0.4484	1.0
theta_d_pr[6,95]	-0.3735	0.002872	0.6717	0.6509	-1.695	-0.374	0.9721	54920.0	27900.0	0.4299	1.0
theta_d_pr[6,96]	0.1477	0.003522	0.7085	0.634	-1.415	0.1807	1.487	42720.0	28480.0	0.3344	1.0
theta_d_pr[6,97]	-0.249	0.003579	0.9282	0.91	-2.039	-0.2731	1.641	67820.0	31920.0	0.5309	1.0
theta_d_pr[6,98]	-0.7191	0.003794	0.7926	0.794	-2.265	-0.724	0.8346	43540.0	30670.0	0.3409	1.0
theta_d_pr[6,99]	-0.3899	0.003844	0.8997	0.8787	-2.103	-0.4137	1.461	55260.0	31660.0	0.4326	1.0
theta_d_pr[6,100]	-0.1036	0.006951	1.046	1.134	-1.858	-0.2131	2.039	23860.0	32220.0	0.1868	1.0
theta_d_pr[6,101]	0.845	0.004001	0.7072	0.6312	-0.7521	0.8979	2.105	33560.0	24510.0	0.2627	1.0
theta_d_pr[6,102]	-0.07202	0.003312	0.9732	0.9684	-1.962	-0.07811	1.849	86650.0	28950.0	0.6783	1.0
theta_d_pr[6,103]	-0.817	0.009019	1.072	1.095	-2.607	-0.9455	1.45	14410.0	29120.0	0.1128	1.0
theta_d_pr[6,104]	-0.441	0.005061	0.9367	0.8827	-2.073	-0.5424	1.616	34340.0	31250.0	0.2688	1.0
theta_d_pr[6,105]	-0.2133	0.002821	0.6858	0.6731	-1.576	-0.2076	1.14	59400.0	28230.0	0.465	1.0
theta_d_pr[6,106]	0.09004	0.003397	0.9205	0.9162	-1.745	0.09398	1.858	74350.0	26550.0	0.5821	1.0
theta_d_pr[6,107]	0.08057	0.004184	0.9748	0.9773	-1.827	0.08276	1.994	54520.0	28290.0	0.4268	1.0
theta_d_pr[6,108]	0.008082	0.003237	0.9275	0.9209	-1.815	0.00764	1.837	82340.0	30490.0	0.6446	1.0
theta_d_pr[6,109]	0.4216	0.005237	0.9232	0.907	-1.124	0.3039	2.425	31710.0	32030.0	0.2483	1.0
theta_d_pr[6,110]	0.2532	0.003807	0.8226	0.7884	-1.257	0.196	1.993	46470.0	30220.0	0.3638	1.0
theta_d_pr[6,111]	0.713	0.007388	1.063	1.057	-1.305	0.6855	2.87	21320.0	16090.0	0.1669	1.0
theta_d_pr[6,112]	-0.2811	0.003231	0.7708	0.7537	-1.784	-0.2887	1.245	56970.0	30990.0	0.446	1.0
theta_d_pr[6,113]	0.2336	0.003459	0.762	0.6967	-1.367	0.2511	1.717	48930.0	30940.0	0.383	1.0
theta_d_pr[6,114]	0.05745	0.002793	0.5845	0.565	-1.103	0.05726	1.208	43920.0	27370.0	0.3438	1.0
theta_d_pr[6,115]	-0.6118	0.009178	1.021	1.08	-2.317	-0.73	1.513	12940.0	31670.0	0.1013	1.001
theta_d_pr[6,116]	0.5192	0.004145	0.7432	0.7334	-1.013	0.5392	1.933	33470.0	28400.0	0.262	1.0
theta_d_pr[6,117]	-0.1153	0.006298	1.007	0.9016	-1.713	-0.2956	2.21	27420.0	30790.0	0.2147	1.0
theta_d_pr[6,118]	0.6107	0.003396	0.7782	0.7618	-0.9094	0.5976	2.158	52690.0	27330.0	0.4124	1.0
theta_d_pr[6,119]	-0.7159	0.005999	1.012	1.025	-2.689	-0.7051	1.255	28860.0	27720.0	0.2259	1.0
theta_d_pr[6,120]	0.6213	0.005028	0.9509	1.01	-1.101	0.5846	2.514	35140.0	29200.0	0.2751	1.0
theta_d_pr[6,121]	-0.09674	0.003505	0.9387	0.9386	-1.897	-0.1124	1.779	71900.0	32330.0	0.5629	1.0
theta_d_pr[6,122]	-0.5456	0.00393	0.748	0.7289	-1.909	-0.5835	1.035	37160.0	28430.0	0.2909	1.0
theta_d_pr[6,123]	-0.8495	0.004959	0.8914	0.8804	-2.482	-0.8939	1.018	33040.0	28590.0	0.2586	1.0
theta_d_pr[6,124]	-0.2321	0.003044	0.6023	0.5774	-1.479	-0.2136	0.9267	40460.0	26420.0	0.3167	1.0
theta_d_pr[6,125]	0.5362	0.004052	0.7633	0.7094	-1.118	0.582	1.948	37270.0	28080.0	0.2918	1.0
theta_d_pr[6,126]	0.7376	0.003381	0.7481	0.7372	-0.7479	0.7478	2.196	49240.0	28100.0	0.3855	1.0
theta_d_pr[6,127]	-0.4174	0.00372	0.8133	0.8029	-2.001	-0.4296	1.22	48340.0	27700.0	0.3784	1.0
theta_d_pr[6,128]	-0.3231	0.003919	0.8839	0.8807	-2.098	-0.3051	1.372	50760.0	32990.0	0.3974	1.0
theta_d_pr[6,129]	1.287	0.0028	0.5899	0.5585	0.1059	1.289	2.456	45500.0	24730.0	0.3562	1.0
theta_d_pr[6,130]	1.28	0.00821	0.9343	0.8038	-0.9477	1.44	2.769	14330.0	24690.0	0.1121	1.0
theta_d_pr[6,131]	-0.1985	0.004352	0.9905	0.9979	-2.091	-0.22	1.787	51900.0	31560.0	0.4063	1.0
theta_d_pr[6,132]	-0.2831	0.003592	0.9307	0.9177	-2.088	-0.2942	1.581	67570.0	31110.0	0.529	1.0
theta_d_pr[6,133]	0.1943	0.003087	0.6579	0.628	-1.184	0.2242	1.428	46790.0	27650.0	0.3663	1.0
theta_d_pr[6,134]	-0.2236	0.004118	0.984	0.9858	-2.097	-0.2444	1.763	57460.0	31370.0	0.4498	1.0
theta_d_pr[6,135]	0.2638	0.003395	0.6646	0.628	-1.16	0.3004	1.479	40190.0	26110.0	0.3146	1.0
theta_d_pr[6,136]	-0.3615	0.00285	0.6458	0.6004	-1.682	-0.3488	0.9009	51780.0	26100.0	0.4054	1.0
theta_d_pr[6,137]	0.549	0.003429	0.6144	0.5883	-0.7481	0.5779	1.688	34150.0	23810.0	0.2673	1.0
theta_d_pr[6,138]	0.2258	0.003333	0.8044	0.7844	-1.39	0.2379	1.792	58420.0	31920.0	0.4574	1.0
theta_d_pr[6,139]	0.8181	0.005971	0.9223	0.8815	-1.227	0.9237	2.397	24790.0	30100.0	0.1941	1.0
theta_d_pr[6,140]	0.2635	0.005167	0.9004	0.9153	-1.266	0.1688	2.176	30650.0	30690.0	0.2399	1.0
theta_d_pr[6,141]	-0.07468	0.003691	0.8544	0.8506	-1.803	-0.05378	1.542	53570.0	30990.0	0.4194	1.0
theta_d_pr[6,142]	0.1015	0.005925	1.038	1.114	-1.956	0.135	1.97	30690.0	32340.0	0.2402	1.0
theta_d_pr[6,143]	-0.351	0.003299	0.8108	0.7971	-1.942	-0.3467	1.252	60550.0	30480.0	0.474	1.0
theta_d_pr[6,144]	0.3976	0.003766	0.8782	0.8558	-1.345	0.4042	2.118	54690.0	31150.0	0.4281	1.0
theta_d_pr[6,145]	-0.4673	0.004387	0.9261	0.9104	-2.31	-0.4491	1.328	44560.0	28920.0	0.3489	1.0
theta_d_pr[6,146]	-0.4023	0.003246	0.7722	0.7342	-1.947	-0.3963	1.137	57000.0	29830.0	0.4462	1.0
theta_d_pr[6,147]	-0.3359	0.004711	0.9145	0.9368	-2.098	-0.3406	1.461	38210.0	26790.0	0.2991	1.0
theta_d_pr[6,148]	0.9465	0.003994	0.7248	0.6779	-0.6359	0.9932	2.268	35850.0	25200.0	0.2806	1.0
theta_d_pr[6,149]	-0.9327	0.003165	0.6686	0.6471	-2.289	-0.9146	0.3542	45130.0	29000.0	0.3533	1.0
theta_d_pr[6,150]	-0.281	0.02256	1.551	1.491	-2.737	-0.5831	2.821	6033.0	9152.0	0.04723	1.001
theta_d_pr[6,151]	1.063	0.003759	0.7126	0.6636	-0.4525	1.092	2.391	38660.0	23670.0	0.3026	1.0
theta_d_pr[6,152]	0.1043	0.003272	0.7461	0.696	-1.404	0.1122	1.58	52440.0	28560.0	0.4105	1.0
theta_d_pr[6,153]	0.2309	0.003462	0.9306	0.9156	-1.643	0.246	2.032	72860.0	30660.0	0.5704	1.0
theta_d_pr[6,154]	-0.4613	0.003961	0.8067	0.7369	-1.962	-0.5097	1.3	42760.0	30330.0	0.3347	1.0
theta_d_pr[6,155]	-0.431	0.004176	0.9233	0.9017	-2.18	-0.4649	1.461	49040.0	31030.0	0.3839	1.0
sigma[1,1]	0.7645	0.001156	0.07969	0.07703	0.6247	0.7582	0.9394	4898.0	10300.0	0.03835	1.0
sigma[1,2]	0.2701	0.001651	0.06383	0.05966	0.1287	0.278	0.3792	1613.0	2902.0	0.01263	1.002
sigma[2,1]	0.7558	0.00105	0.08382	0.08226	0.6093	0.7499	0.9372	6524.0	13330.0	0.05107	1.001
sigma[2,2]	0.3179	0.001382	0.06719	0.0663	0.1805	0.3208	0.4439	2418.0	4041.0	0.01893	1.002
sigma[3,1]	0.2419	0.0001751	0.0158	0.01558	0.2131	0.2411	0.2748	8099.0	15970.0	0.0634	1.001
sigma[3,2]	0.1032	6.718e-05	0.007739	0.007633	0.08905	0.1028	0.1193	13300.0	23580.0	0.1041	1.0
sigma[4,1]	0.2109	0.0001465	0.01355	0.01338	0.186	0.2103	0.2389	8441.0	14960.0	0.06608	1.0
sigma[4,2]	0.09461	5.491e-05	0.006728	0.006658	0.08234	0.09432	0.1088	15030.0	23760.0	0.1177	1.0
sigma[5,1]	0.5598	0.001143	0.07219	0.07179	0.4177	0.5601	0.7016	4008.0	6557.0	0.03138	1.001
sigma[5,2]	0.1355	0.001679	0.06141	0.06644	0.01655	0.1344	0.2491	1353.0	3654.0	0.01059	1.002
sigma[6,1]	0.6721	0.0007076	0.06434	0.06375	0.5517	0.67	0.8033	8221.0	13680.0	0.06436	1.0
sigma[6,2]	0.1904	0.001003	0.04504	0.04665	0.09996	0.1917	0.2733	2043.0	5762.0	0.01599	1.002
b1[1,1]	16.01	0.04441	5.309	4.929	8.29	15.07	28.66	17000.0	18900.0	0.1331	1.0
b1[1,2]	4.808	0.005099	1.015	0.9263	3.156	4.702	7.069	46600.0	28610.0	0.3648	1.0
b1[1,3]	11.87	0.01542	2.994	2.686	7.26	11.47	18.99	46220.0	25760.0	0.3618	1.0
b1[1,4]	4.32	0.03868	4.513	3.213	-1.669	3.281	16.36	15630.0	20280.0	0.1224	1.0
b1[1,5]	17.28	0.05423	5.172	4.765	9.349	16.5	29.55	10630.0	13480.0	0.08322	1.0
b1[1,6]	9.947	0.01991	3.333	2.75	5.436	9.269	18.43	37960.0	23440.0	0.2971	1.0
b1[1,7]	20.58	0.02225	5.056	4.968	12.15	20.08	31.88	56540.0	30790.0	0.4426	1.0
b1[1,8]	14.58	0.07628	5.01	4.983	7.098	13.82	25.97	4321.0	16480.0	0.03382	1.001
b1[1,9]	6.259	0.04935	3.355	2.295	2.622	5.222	15.14	5242.0	11570.0	0.04104	1.001
b1[1,10]	4.928	0.01657	1.774	1.169	2.798	4.611	9.222	25620.0	13500.0	0.2005	0.9999
b1[1,11]	17.13	0.02264	4.793	4.6	9.484	16.52	28.16	49470.0	28210.0	0.3872	1.0
b1[1,12]	16.09	0.02586	4.741	4.568	8.583	15.48	26.94	36350.0	28760.0	0.2845	1.0
b1[1,13]	8.626	0.03681	5.25	4.573	2.216	7.315	21.83	23720.0	25640.0	0.1857	1.0
b1[1,14]	6.283	0.03503	5.966	5.097	-3.42	5.306	20.21	31920.0	28700.0	0.2499	1.0
b1[1,15]	13.63	0.05875	5.141	5.045	6.123	12.79	25.58	7811.0	22070.0	0.06115	1.0
b1[1,16]	7.779	0.03166	4.913	3.831	2.271	6.323	20.6	28840.0	26590.0	0.2258	1.0
b1[1,17]	17.85	0.02244	4.109	3.888	11.17	17.39	27.22	35910.0	26610.0	0.2811	1.0
b1[1,18]	10.04	0.03597	5.332	4.889	3.091	8.86	23.01	25090.0	25710.0	0.1964	1.0
b1[1,19]	11.46	0.03546	5.45	5.214	3.793	10.49	24.36	22500.0	27740.0	0.1761	1.0
b1[1,20]	23.57	0.05414	5.995	5.87	13.57	22.99	36.76	12760.0	20440.0	0.09989	1.0
b1[1,21]	5.749	0.01279	1.584	1.189	3.632	5.49	9.482	27380.0	17240.0	0.2143	1.0
b1[1,22]	-2.627	0.03883	4.994	3.08	-10.61	-3.191	11.18	22980.0	14690.0	0.1799	1.0
b1[1,23]	14.04	0.01771	3.149	3.008	8.808	13.73	21.1	33050.0	27540.0	0.2587	1.001
b1[1,24]	10.72	0.01847	2.815	2.408	6.566	10.29	17.49	30580.0	20500.0	0.2394	1.0
b1[1,25]	19.45	0.06312	5.723	5.632	10.11	18.8	32.26	8304.0	17840.0	0.06501	1.0
b1[1,26]	19.01	0.03588	5.583	5.525	9.907	18.41	31.61	25800.0	27940.0	0.202	1.0
b1[1,27]	20.55	0.02906	5.702	5.685	11.06	20.0	33.13	39880.0	30040.0	0.3122	1.0
b1[1,28]	7.875	0.04296	5.554	4.897	1.212	6.396	21.73	17860.0	26380.0	0.1398	1.0
b1[1,29]	6.617	0.02189	2.942	1.882	3.39	5.854	14.84	30500.0	18710.0	0.2388	1.0
b1[1,30]	3.868	0.0303	2.889	1.46	1.217	2.971	12.18	11440.0	13640.0	0.08959	1.0
b1[1,31]	23.29	0.03396	5.381	5.205	14.15	22.82	35.11	27340.0	26630.0	0.2141	1.0
b1[1,32]	4.828	0.03943	4.754	3.523	-2.636	3.952	16.8	15790.0	17880.0	0.1236	1.0
b1[1,33]	4.103	0.04336	6.298	5.125	-5.29	2.714	19.44	24360.0	24190.0	0.1907	1.0
b1[1,34]	7.213	0.03611	6.022	5.442	-1.803	6.076	21.5	32560.0	29980.0	0.2549	1.0
b1[1,35]	5.384	0.009046	1.44	1.221	3.231	5.202	8.606	42670.0	22310.0	0.3341	1.0
b1[1,36]	15.52	0.01663	3.388	3.253	9.842	15.21	23.06	46390.0	28870.0	0.3632	1.0
b1[1,37]	5.889	0.04002	4.583	2.479	1.701	4.133	18.78	17370.0	18720.0	0.136	1.0
b1[1,38]	27.12	0.02628	5.71	5.632	17.08	26.74	39.34	48720.0	30490.0	0.3814	1.0
b1[1,39]	25.32	0.02784	5.447	5.357	15.8	24.95	37.02	40210.0	26720.0	0.3147	1.0
b1[1,40]	3.271	0.04388	6.321	5.135	-7.034	2.188	18.67	23870.0	25330.0	0.1869	1.0
b1[1,41]	3.679	0.04213	6.488	5.397	-6.577	2.475	19.29	26540.0	27130.0	0.2078	1.0
b1[1,42]	8.954	0.02675	4.045	3.136	3.886	7.934	19.65	29420.0	23690.0	0.2303	1.0
b1[1,43]	14.62	0.02642	5.016	4.781	7.104	13.86	26.39	39670.0	28960.0	0.3105	1.0
b1[1,44]	5.069	0.04443	6.36	5.582	-4.354	3.724	20.33	24850.0	27010.0	0.1946	1.0
b1[1,45]	13.59	0.02286	4.344	3.976	7.226	12.87	24.0	42450.0	28330.0	0.3324	1.0
b1[1,46]	9.901	0.02997	5.468	5.016	1.949	8.911	22.92	38350.0	29390.0	0.3002	1.0
b1[1,47]	10.41	0.01476	2.725	2.514	6.157	10.04	16.82	40430.0	25820.0	0.3165	1.0
b1[1,48]	11.93	0.02152	3.506	3.067	6.79	11.33	20.5	33920.0	24250.0	0.2656	1.0
b1[1,49]	8.238	0.0422	5.653	5.265	1.254	6.884	22.04	17550.0	27710.0	0.1374	1.0
b1[1,50]	8.52	0.04225	5.582	5.134	1.242	7.305	22.14	17910.0	27270.0	0.1402	1.0
b1[1,51]	1.892	0.04557	5.874	3.939	-5.933	0.3037	17.51	18790.0	22680.0	0.1471	1.0
b1[1,52]	6.4	0.03623	4.771	3.847	0.08247	5.295	18.48	18870.0	22660.0	0.1478	1.0
b1[1,53]	12.81	0.01977	3.611	3.32	7.225	12.29	21.33	42410.0	26600.0	0.332	1.0
b1[1,54]	11.41	0.01444	2.582	2.413	7.295	11.1	17.34	35340.0	29140.0	0.2767	1.0
b1[1,55]	6.998	0.04134	5.47	4.531	1.092	5.313	20.82	19800.0	26410.0	0.155	1.0
b1[1,56]	3.212	0.0433	6.109	4.199	-5.1	1.369	18.78	25140.0	26080.0	0.1968	1.0
b1[1,57]	9.351	0.02619	4.114	3.34	4.162	8.382	19.96	33140.0	23470.0	0.2594	1.0
b1[1,58]	11.2	0.02582	4.522	4.169	4.775	10.41	22.0	34750.0	25990.0	0.2721	1.0
b1[1,59]	8.493	0.01419	2.06	1.762	5.391	8.203	13.3	30800.0	21400.0	0.2411	1.0
b1[1,60]	7.116	0.01115	1.788	1.465	4.529	6.85	11.35	38210.0	21360.0	0.2991	1.0
b1[1,61]	14.88	0.03168	4.583	4.215	8.03	14.16	25.83	26660.0	20330.0	0.2087	1.0
b1[1,62]	13.65	0.02148	4.142	3.815	7.484	12.98	23.55	45670.0	27870.0	0.3575	1.0
b1[1,63]	9.285	0.03196	4.757	3.914	3.558	8.01	21.55	25160.0	26170.0	0.197	1.0
b1[1,64]	9.694	0.03794	5.692	5.462	2.112	8.525	23.2	22940.0	29410.0	0.1796	1.0
b1[1,65]	7.931	0.04298	5.821	5.481	0.5598	6.645	22.01	19510.0	27600.0	0.1528	1.0
b1[1,66]	12.19	0.05739	4.257	3.602	6.453	11.26	22.98	6154.0	13060.0	0.04818	1.0
b1[1,67]	7.551	0.03684	5.236	4.133	1.761	5.985	21.15	23420.0	25300.0	0.1834	1.0
b1[1,68]	5.213	0.04076	6.031	4.699	-2.591	3.464	20.19	26250.0	27550.0	0.2055	1.0
b1[1,69]	15.39	0.02839	4.755	4.542	8.133	14.69	26.45	30320.0	28040.0	0.2373	1.0
b1[1,70]	8.547	0.02742	4.328	3.63	3.13	7.513	19.63	32140.0	23990.0	0.2516	1.0
b1[1,71]	19.79	0.02447	4.912	4.778	11.7	19.26	30.83	42750.0	30060.0	0.3347	1.0
b1[1,72]	4.736	0.04533	5.606	3.986	-2.663	3.12	19.15	18460.0	23470.0	0.1445	1.0
b1[1,73]	3.787	0.0443	5.739	3.651	-4.054	2.01	18.75	21210.0	22710.0	0.166	1.0
b1[1,74]	6.711	0.01434	1.981	1.503	4.014	6.372	11.52	32950.0	17640.0	0.258	1.0
b1[1,75]	0.484	0.04302	5.242	2.544	-6.861	-0.7245	15.46	22530.0	16980.0	0.1764	1.0
b1[1,76]	6.732	0.04147	6.079	5.478	-2.874	5.77	20.85	24300.0	26320.0	0.1902	1.0
b1[1,77]	5.056	0.04352	5.384	3.822	-1.836	3.541	19.1	17770.0	23190.0	0.1391	1.0
b1[1,78]	8.457	0.03936	5.81	5.55	1.386	7.087	22.54	21490.0	28270.0	0.1682	1.0
b1[1,79]	6.22	0.03817	5.89	4.884	-1.481	4.702	20.88	27310.0	28240.0	0.2138	1.0
b1[1,80]	4.399	0.08211	4.781	1.916	0.4366	2.488	18.35	4107.0	8253.0	0.03215	1.001
b1[1,81]	16.42	0.02823	5.245	5.145	8.036	15.81	28.3	35830.0	30810.0	0.2805	1.0
b1[1,82]	3.953	0.04988	5.048	2.632	-0.8097	2.06	18.28	13210.0	17730.0	0.1034	1.0
b1[1,83]	18.27	0.02575	5.495	5.412	9.307	17.68	30.48	49030.0	30290.0	0.3838	1.0
b1[1,84]	17.07	0.02645	4.777	4.701	9.338	16.55	27.78	34430.0	27770.0	0.2695	1.0
b1[1,85]	24.02	0.02322	5.207	5.096	15.07	23.54	35.3	52430.0	29890.0	0.4104	1.0
b1[1,86]	26.7	0.0258	5.668	5.645	16.64	26.37	38.77	50200.0	30440.0	0.393	1.0
b1[1,87]	17.07	0.03043	5.717	5.739	7.658	16.5	29.67	36940.0	31180.0	0.2892	1.0
b1[1,88]	3.68	0.03148	3.002	1.437	0.9599	2.73	12.33	15690.0	10960.0	0.1228	1.0
b1[1,89]	18.61	0.03814	4.604	4.292	11.34	18.0	29.35	16500.0	21080.0	0.1292	1.0
b1[1,90]	11.21	0.03472	5.549	5.335	3.387	10.23	24.36	27440.0	29140.0	0.2148	1.0
b1[1,91]	10.26	0.01361	1.957	1.926	6.809	10.12	14.45	20950.0	29770.0	0.164	1.0
b1[1,92]	3.721	0.02577	2.646	1.702	0.7041	3.093	10.77	16550.0	11180.0	0.1296	1.0
b1[1,93]	16.18	0.02482	5.14	4.98	8.189	15.53	27.98	46540.0	29840.0	0.3643	1.0
b1[1,94]	7.309	0.06452	5.031	3.452	1.985	5.615	20.79	7377.0	14740.0	0.05775	1.0
b1[1,95]	14.38	0.02003	3.705	3.422	8.612	13.86	23.1	40000.0	26160.0	0.3131	1.0
b1[1,96]	11.54	0.03007	5.575	5.43	3.603	10.59	24.56	35200.0	31250.0	0.2756	1.0
b1[1,97]	7.554	0.03643	5.643	5.094	0.7685	6.141	21.53	27160.0	28340.0	0.2126	1.0
b1[1,98]	18.53	0.03727	5.499	5.383	9.723	17.88	31.02	23110.0	28330.0	0.1809	1.0
b1[1,99]	7.615	0.04476	5.637	5.036	1.261	6.072	21.73	16420.0	27380.0	0.1286	1.0
b1[1,100]	16.59	0.03055	5.326	5.181	8.165	15.93	28.8	32390.0	26710.0	0.2536	1.0
b1[1,101]	10.46	0.02894	5.486	5.153	2.446	9.497	23.39	41340.0	28640.0	0.3236	1.0
b1[1,102]	5.597	0.03743	6.338	5.758	-4.288	4.558	20.38	33240.0	28200.0	0.2602	1.0
b1[1,103]	10.54	0.02824	4.128	3.517	4.971	9.696	20.85	25230.0	21410.0	0.1975	1.0
b1[1,104]	11.45	0.03201	4.536	4.042	5.089	10.6	22.57	23730.0	19120.0	0.1858	1.0
b1[1,105]	17.37	0.02193	4.585	4.383	9.925	16.83	27.81	48640.0	28860.0	0.3808	1.0
b1[1,106]	0.6241	0.04293	6.079	4.571	-9.069	-0.3664	16.21	23790.0	22450.0	0.1862	1.0
b1[1,107]	0.9064	0.03437	4.382	3.555	-7.611	0.8048	10.18	17100.0	16050.0	0.1338	1.0
b1[1,108]	4.723	0.03934	6.13	5.017	-4.444	3.35	19.69	27580.0	27430.0	0.2159	1.0
b1[1,109]	12.91	0.02694	5.109	4.95	5.272	12.13	24.75	39530.0	28900.0	0.3095	1.0
b1[1,110]	13.0	0.03165	5.662	5.584	4.534	12.15	26.04	32220.0	30580.0	0.2522	1.0
b1[1,111]	8.103	0.0363	6.012	5.598	-0.8044	7.035	22.15	29060.0	28800.0	0.2275	1.0
b1[1,112]	21.32	0.02332	5.197	5.1	12.62	20.84	32.84	53020.0	31920.0	0.4151	1.0
b1[1,113]	5.059	0.03836	3.954	2.232	1.277	3.721	16.35	12500.0	19530.0	0.09788	1.0
b1[1,114]	22.7	0.02594	5.454	5.404	13.17	22.29	34.43	44530.0	28610.0	0.3486	1.0
b1[1,115]	10.77	0.03655	5.586	5.489	3.267	9.708	24.09	25010.0	28980.0	0.1958	1.0
b1[1,116]	23.36	0.04242	5.582	5.467	14.07	22.79	35.66	18260.0	23010.0	0.1429	1.0
b1[1,117]	11.29	0.02988	5.239	5.011	3.862	10.37	23.65	34170.0	28760.0	0.2675	1.0
b1[1,118]	12.65	0.03208	5.143	4.926	5.354	11.74	24.82	26830.0	28120.0	0.21	1.0
b1[1,119]	4.829	0.03842	6.806	6.164	-6.478	3.889	20.52	34140.0	29560.0	0.2672	1.0
b1[1,120]	18.23	0.02277	4.14	4.015	11.4	17.8	27.49	35210.0	28270.0	0.2756	1.0
b1[1,121]	6.149	0.04512	5.126	3.358	1.013	4.282	19.99	15990.0	20420.0	0.1252	1.0
b1[1,122]	13.77	0.01846	2.949	2.865	8.757	13.51	20.26	27340.0	25490.0	0.2141	1.0
b1[1,123]	10.92	0.02183	3.545	2.966	5.984	10.23	19.81	35210.0	22420.0	0.2757	1.0
b1[1,124]	16.56	0.01958	4.116	3.862	9.896	16.07	26.08	52980.0	27280.0	0.4147	1.0
b1[1,125]	7.797	0.006576	1.451	1.428	5.267	7.688	10.97	51120.0	32500.0	0.4002	1.0
b1[1,126]	4.924	0.02299	2.552	1.333	2.465	4.254	12.01	24270.0	13550.0	0.19	1.0
b1[1,127]	14.74	0.02434	4.807	4.565	7.374	14.07	25.96	42030.0	30590.0	0.329	1.0
b1[1,128]	21.81	0.02269	5.044	4.982	13.15	21.39	32.77	51790.0	31070.0	0.4054	1.0
b1[1,129]	14.75	0.04793	5.288	4.995	7.11	13.82	27.23	13810.0	23390.0	0.1081	1.0
b1[1,130]	7.884	0.1692	7.773	3.351	0.9741	4.09	27.77	2733.0	7428.0	0.0214	1.001
b1[1,131]	0.3408	0.04193	5.084	2.663	-7.644	-0.5765	14.49	20790.0	15680.0	0.1628	1.0
b1[1,132]	-2.134	0.03622	3.976	1.911	-8.816	-2.263	9.098	20640.0	9245.0	0.1616	1.001
b1[1,133]	13.52	0.05849	4.847	4.233	6.958	12.48	25.67	7591.0	14000.0	0.05943	1.0
b1[1,134]	5.793	0.04247	5.879	4.816	-1.167	4.094	20.46	23290.0	26570.0	0.1823	1.0
b1[1,135]	11.04	0.09755	5.327	3.28	5.343	9.378	26.07	3887.0	6060.0	0.03043	1.001
b1[1,136]	17.39	0.02238	4.458	4.26	10.19	16.86	27.48	45210.0	27680.0	0.3539	1.0
b1[1,137]	21.11	0.04496	5.475	5.525	11.58	20.77	32.7	14590.0	25940.0	0.1142	1.0
b1[1,138]	11.02	0.03792	4.948	4.513	4.445	9.966	23.14	20010.0	26390.0	0.1567	1.0
b1[1,139]	10.99	0.06283	5.951	5.826	2.874	9.832	24.97	9041.0	22890.0	0.07077	1.0
b1[1,140]	14.05	0.02759	4.57	4.215	7.429	13.25	25.01	31470.0	27580.0	0.2464	1.0
b1[1,141]	7.097	0.02034	2.729	2.065	3.644	6.506	14.23	25380.0	19470.0	0.1986	1.0
b1[1,142]	13.07	0.05001	5.463	5.225	5.363	12.05	26.02	13050.0	23140.0	0.1022	1.0
b1[1,143]	13.65	0.02747	4.29	3.975	7.206	13.0	23.88	26610.0	26110.0	0.2083	1.0
b1[1,144]	5.211	0.03643	5.238	4.304	-2.099	4.085	18.6	22280.0	25280.0	0.1745	1.0
b1[1,145]	15.92	0.02499	5.184	5.076	7.871	15.22	27.8	47020.0	30350.0	0.3681	1.0
b1[1,146]	3.98	0.01845	2.027	1.142	1.927	3.446	9.485	23010.0	13920.0	0.1801	1.0
b1[1,147]	4.796	0.05372	6.111	5.385	-3.679	3.436	19.62	13940.0	27990.0	0.1091	1.0
b1[1,148]	14.69	0.02434	4.746	4.472	7.497	14.01	25.79	40930.0	29130.0	0.3204	1.0
b1[1,149]	16.98	0.02906	5.325	5.214	8.356	16.4	28.98	33530.0	29030.0	0.2625	1.0
b1[1,150]	11.05	0.1653	7.69	4.124	3.697	7.57	30.31	2746.0	7472.0	0.0215	1.001
b1[1,151]	14.85	0.02284	4.668	4.397	7.865	14.1	25.83	48530.0	28390.0	0.38	1.0
b1[1,152]	10.17	0.03091	4.958	4.355	3.895	8.972	22.46	31170.0	25250.0	0.244	1.0
b1[1,153]	0.3863	0.04666	5.217	2.162	-6.601	-0.9857	15.71	19150.0	14990.0	0.1499	1.001
b1[1,154]	7.631	0.04702	5.772	5.277	0.9124	6.123	21.83	15250.0	27020.0	0.1194	1.0
b1[1,155]	6.156	0.04214	5.898	4.962	-1.988	4.778	20.59	22190.0	26080.0	0.1737	1.0
b1[2,1]	21.28	0.02359	5.051	4.925	12.73	20.83	32.36	47510.0	31090.0	0.3719	1.0
b1[2,2]	3.247	0.003628	0.7022	0.6617	2.064	3.184	4.791	41710.0	30780.0	0.3265	1.0
b1[2,3]	13.4	0.01802	3.588	3.37	7.652	12.97	21.67	45750.0	28170.0	0.3582	1.0
b1[2,4]	8.313	0.02756	3.863	2.678	3.79	7.292	18.9	26870.0	21250.0	0.2103	1.0
b1[2,5]	6.161	0.176	8.019	3.707	-1.519	2.511	26.73	2593.0	8378.0	0.0203	1.001
b1[2,6]	10.43	0.02018	3.533	3.087	5.422	9.777	19.19	39760.0	25500.0	0.3113	1.0
b1[2,7]	19.02	0.02399	5.013	4.911	10.87	18.43	30.28	47030.0	31450.0	0.3682	1.0
b1[2,8]	19.62	0.01814	4.122	4.013	12.62	19.27	28.67	59230.0	29650.0	0.4637	1.0
b1[2,9]	11.47	0.01484	2.662	2.325	7.375	11.1	17.86	41690.0	22770.0	0.3264	1.0
b1[2,10]	2.438	0.01541	1.512	0.7783	0.8845	2.141	6.228	20080.0	11580.0	0.1572	1.0
b1[2,11]	12.51	0.05814	5.346	5.179	5.098	11.52	25.2	8778.0	22400.0	0.06872	1.0
b1[2,12]	17.46	0.02243	4.487	4.257	10.3	16.88	27.68	43810.0	28570.0	0.3429	1.0
b1[2,13]	8.346	0.03801	5.093	4.217	2.53	6.892	21.45	19000.0	26480.0	0.1487	1.0
b1[2,14]	4.838	0.03633	6.417	5.673	-5.358	3.818	19.73	35100.0	28420.0	0.2748	1.0
b1[2,15]	18.24	0.02115	4.383	4.149	11.23	17.72	28.29	48650.0	28750.0	0.3809	1.0
b1[2,16]	9.933	0.03324	4.918	4.142	3.878	8.665	22.38	26280.0	25820.0	0.2057	1.0
b1[2,17]	8.827	0.07132	4.355	2.267	4.57	7.466	22.0	5605.0	6085.0	0.04388	1.001
b1[2,18]	9.293	0.03778	5.219	4.719	2.839	8.034	22.23	16480.0	26300.0	0.129	1.0
b1[2,19]	8.239	0.03488	5.33	4.549	1.873	6.842	21.8	26350.0	26590.0	0.2063	0.9999
b1[2,20]	27.49	0.02653	5.736	5.627	17.43	27.08	39.79	49240.0	28930.0	0.3855	1.0
b1[2,21]	4.155	0.01426	1.564	1.138	2.167	3.86	7.927	17270.0	17710.0	0.1352	1.0
b1[2,22]	0.01665	0.03933	5.043	3.728	-8.63	-0.504	12.67	18670.0	16650.0	0.1462	1.0
b1[2,23]	15.62	0.01398	3.131	3.035	10.26	15.34	22.45	55950.0	28460.0	0.438	1.0
b1[2,24]	3.444	0.04051	2.618	1.017	1.347	2.704	11.54	7228.0	5004.0	0.05658	1.0
b1[2,25]	23.92	0.02452	5.323	5.237	14.71	23.49	35.51	48940.0	31030.0	0.3831	1.0
b1[2,26]	21.23	0.02443	5.423	5.364	12.19	20.73	33.22	52120.0	30420.0	0.408	1.0
b1[2,27]	21.9	0.02499	5.622	5.527	12.27	21.43	34.24	53140.0	28100.0	0.416	1.0
b1[2,28]	6.749	0.0406	5.545	4.691	0.5451	5.14	20.77	20300.0	26920.0	0.1589	1.0
b1[2,29]	7.543	0.02396	3.336	2.433	3.55	6.717	16.37	29310.0	18660.0	0.2294	1.0
b1[2,30]	7.684	0.02256	3.02	2.143	4.093	6.955	15.78	29840.0	17190.0	0.2336	1.0
b1[2,31]	24.88	0.02354	5.518	5.466	15.29	24.5	36.74	57730.0	29840.0	0.452	1.0
b1[2,32]	0.4415	0.03994	4.46	1.71	-5.409	-0.4431	14.05	19440.0	13500.0	0.1522	1.001
b1[2,33]	3.614	0.04456	6.46	5.271	-5.992	2.173	19.34	24180.0	25910.0	0.1893	1.0
b1[2,34]	6.554	0.03568	5.59	4.508	-0.5707	5.027	20.56	29570.0	26290.0	0.2315	1.0
b1[2,35]	5.279	0.01084	1.542	1.216	3.196	5.022	8.887	36710.0	20720.0	0.2874	1.0
b1[2,36]	20.46	0.02633	4.477	4.421	12.68	20.14	30.14	31040.0	25680.0	0.243	1.0
b1[2,37]	3.853	0.03325	3.918	1.469	0.7519	2.326	15.8	19250.0	19490.0	0.1507	1.0
b1[2,38]	26.85	0.02938	5.611	5.512	16.93	26.45	38.91	37500.0	28810.0	0.2936	1.0
b1[2,39]	25.05	0.02607	5.505	5.456	15.37	24.71	36.82	46500.0	29650.0	0.364	1.0
b1[2,40]	1.94	0.04362	6.591	5.348	-8.7	0.8598	17.95	26480.0	27320.0	0.2073	1.0
b1[2,41]	2.838	0.0451	6.791	5.855	-7.731	1.564	19.07	25990.0	26110.0	0.2034	1.0
b1[2,42]	10.17	0.02692	4.116	3.384	4.843	9.205	20.74	31880.0	23230.0	0.2496	1.0
b1[2,43]	16.53	0.02588	4.905	4.715	8.864	15.86	27.83	39310.0	28110.0	0.3077	1.0
b1[2,44]	5.087	0.04292	5.746	4.199	-1.852	3.288	19.83	21330.0	25880.0	0.167	1.0
b1[2,45]	8.113	0.05797	4.834	3.838	2.499	6.746	20.64	7584.0	17280.0	0.05937	1.0
b1[2,46]	8.85	0.03018	5.656	5.185	0.6256	7.817	22.31	40160.0	29710.0	0.3144	1.0
b1[2,47]	10.28	0.01096	2.318	2.196	6.486	10.04	15.45	53480.0	27730.0	0.4187	1.0
b1[2,48]	15.12	0.01724	3.531	3.375	9.24	14.79	23.09	46300.0	28000.0	0.3624	1.0
b1[2,49]	7.31	0.03834	5.733	5.109	0.2733	5.873	21.48	24220.0	27770.0	0.1896	1.0
b1[2,50]	5.3	0.04108	5.798	4.433	-1.891	3.593	19.97	23500.0	24920.0	0.184	1.0
b1[2,51]	5.64	0.03537	4.762	3.058	0.08812	4.212	18.63	22330.0	22700.0	0.1748	1.0
b1[2,52]	2.453	0.03441	4.57	2.551	-3.288	1.127	15.26	23390.0	20780.0	0.1831	1.0
b1[2,53]	10.01	0.01768	3.113	2.63	5.669	9.433	17.87	41460.0	23670.0	0.3246	0.9999
b1[2,54]	13.24	0.01476	3.13	3.027	7.943	12.96	20.13	48000.0	28180.0	0.3758	1.0
b1[2,55]	7.619	0.04608	5.467	4.413	1.853	5.844	21.43	14330.0	24460.0	0.1122	1.0
b1[2,56]	4.804	0.04344	5.557	3.981	-2.137	3.13	19.06	19150.0	23620.0	0.1499	1.0
b1[2,57]	9.51	0.02565	4.085	3.404	4.207	8.596	19.93	33540.0	23330.0	0.2625	1.0
b1[2,58]	12.41	0.02251	3.963	3.528	6.671	11.73	22.11	37620.0	25950.0	0.2945	1.0
b1[2,59]	3.289	0.01388	1.277	0.7305	1.914	3.063	6.13	20500.0	10620.0	0.1605	1.001
b1[2,60]	7.889	0.01082	1.915	1.706	4.969	7.635	12.3	40720.0	24350.0	0.3188	1.0
b1[2,61]	5.669	0.1138	6.293	4.306	-2.064	3.823	22.54	3674.0	8088.0	0.02876	1.001
b1[2,62]	15.1	0.02204	4.32	4.074	8.494	14.47	25.19	45430.0	26910.0	0.3557	1.0
b1[2,63]	5.603	0.03381	4.5	3.032	0.9556	4.145	17.99	20070.0	22680.0	0.1571	1.0
b1[2,64]	8.375	0.03541	5.889	5.666	0.4843	7.201	22.28	30470.0	29880.0	0.2385	1.0
b1[2,65]	6.676	0.04081	5.726	4.953	0.06917	5.09	21.01	22200.0	26380.0	0.1738	1.0
b1[2,66]	18.62	0.01939	3.937	3.844	11.89	18.27	27.3	43130.0	31660.0	0.3377	1.0
b1[2,67]	8.458	0.03883	5.282	4.517	2.201	7.043	21.99	20600.0	24250.0	0.1612	1.0
b1[2,68]	6.605	0.04449	5.89	5.204	-1.005	5.191	21.06	18490.0	25780.0	0.1448	1.0
b1[2,69]	17.9	0.02138	4.535	4.35	10.61	17.35	28.24	50800.0	29410.0	0.3977	1.0
b1[2,70]	8.474	0.03325	3.86	2.633	4.142	7.358	19.0	15130.0	22440.0	0.1184	1.0
b1[2,71]	18.17	0.0259	4.951	4.819	10.13	17.62	29.35	39520.0	28210.0	0.3094	1.0
b1[2,72]	3.005	0.04476	5.781	3.457	-4.519	1.063	18.18	21790.0	23070.0	0.1706	1.0
b1[2,73]	3.306	0.04501	5.825	3.539	-4.667	1.457	18.6	21350.0	23200.0	0.1671	1.0
b1[2,74]	3.961	0.01351	1.58	1.036	2.047	3.678	7.68	28290.0	15410.0	0.2214	1.0
b1[2,75]	2.621	0.04415	5.093	2.934	-4.919	1.339	16.4	16870.0	16970.0	0.1321	1.0
b1[2,76]	4.102	0.04047	5.841	3.915	-3.267	2.273	19.33	26890.0	24520.0	0.2105	1.0
b1[2,77]	2.754	0.04212	5.519	2.927	-4.434	0.9762	17.75	23130.0	22900.0	0.1811	1.0
b1[2,78]	9.59	0.04572	5.838	5.752	1.988	8.438	23.45	17170.0	28160.0	0.1344	1.0
b1[2,79]	5.599	0.04012	6.511	5.932	-4.414	4.478	21.04	29510.0	27630.0	0.231	1.0
b1[2,80]	12.11	0.02426	3.976	3.473	6.464	11.37	21.98	34700.0	23110.0	0.2716	1.0
b1[2,81]	11.9	0.05617	5.705	5.513	3.965	10.87	25.48	10710.0	23250.0	0.08383	1.0
b1[2,82]	8.935	0.03769	5.039	4.421	2.624	7.737	21.65	18730.0	24280.0	0.1466	1.0
b1[2,83]	18.83	0.02489	5.485	5.431	9.789	18.31	30.93	51360.0	30730.0	0.402	1.0
b1[2,84]	18.14	0.02031	4.5	4.337	10.65	17.69	28.32	53960.0	28930.0	0.4225	1.0
b1[2,85]	17.82	0.08442	6.214	6.309	8.272	17.0	31.74	5397.0	16870.0	0.04225	1.0
b1[2,86]	25.09	0.03325	5.586	5.491	15.28	24.72	37.08	28330.0	29490.0	0.2217	1.0
b1[2,87]	18.89	0.02611	5.259	5.137	10.31	18.3	30.64	42100.0	31180.0	0.3296	1.0
b1[2,88]	-0.7369	0.02736	2.577	1.029	-3.983	-1.04	5.794	20310.0	8983.0	0.159	1.0
b1[2,89]	8.218	0.1555	7.129	3.76	1.608	4.917	26.3	2462.0	8423.0	0.01927	1.001
b1[2,90]	13.86	0.03195	5.273	5.108	6.118	13.03	26.23	26450.0	30490.0	0.2071	1.0
b1[2,91]	3.892	0.01069	1.112	0.8745	2.33	3.735	6.371	21160.0	11990.0	0.1656	1.0
b1[2,92]	-2.695	0.03408	2.864	1.745	-7.295	-2.828	3.426	12770.0	7801.0	0.09996	1.0
b1[2,93]	16.09	0.02432	5.078	4.935	8.113	15.42	27.81	46340.0	30590.0	0.3628	1.0
b1[2,94]	13.03	0.02575	4.408	3.909	6.844	12.18	23.87	36020.0	25320.0	0.282	1.0
b1[2,95]	13.43	0.02152	3.969	3.771	7.201	12.92	22.56	36900.0	26500.0	0.2889	1.0
b1[2,96]	12.8	0.03207	5.466	5.319	4.808	11.93	25.52	28950.0	29830.0	0.2266	1.0
b1[2,97]	10.47	0.04135	5.601	5.44	2.845	9.397	23.87	18710.0	27780.0	0.1465	1.0
b1[2,98]	21.53	0.02382	5.407	5.347	12.33	21.06	33.38	54150.0	31450.0	0.4239	1.0
b1[2,99]	5.483	0.03807	5.71	4.505	-1.319	3.769	20.12	27400.0	27630.0	0.2145	1.0
b1[2,100]	9.108	0.07794	5.688	3.615	3.303	7.117	24.62	7931.0	11530.0	0.06209	1.001
b1[2,101]	11.29	0.03227	5.247	4.904	4.002	10.29	23.89	28220.0	27830.0	0.2209	1.0
b1[2,102]	6.201	0.03598	5.497	4.152	-0.6687	4.629	20.32	27070.0	26050.0	0.2119	1.0
b1[2,103]	2.921	0.06981	4.574	1.921	-1.343	1.413	16.95	5882.0	8361.0	0.04605	1.001
b1[2,104]	3.292	0.08526	5.185	1.753	-1.014	1.344	19.09	5143.0	8249.0	0.04026	1.0
b1[2,105]	18.8	0.02071	4.622	4.472	11.14	18.33	29.16	55560.0	29580.0	0.435	1.0
b1[2,106]	0.0007299	0.04461	6.192	4.49	-9.69	-1.071	15.88	24100.0	21900.0	0.1887	1.0
b1[2,107]	-3.254	0.03061	3.65	2.247	-10.07	-3.162	4.7	25210.0	11040.0	0.1974	1.001
b1[2,108]	4.04	0.04133	6.578	5.792	-6.217	2.855	19.72	28910.0	29090.0	0.2263	1.0
b1[2,109]	14.12	0.02963	4.865	4.58	6.865	13.35	25.62	30020.0	26780.0	0.235	1.0
b1[2,110]	12.54	0.02977	5.626	5.495	4.232	11.66	25.56	35590.0	30060.0	0.2787	1.0
b1[2,111]	6.016	0.03536	6.545	6.114	-4.408	5.034	21.08	37440.0	28300.0	0.2931	1.0
b1[2,112]	18.28	0.0367	5.458	5.372	9.57	17.64	30.47	22510.0	28570.0	0.1763	1.0
b1[2,113]	9.549	0.02624	4.063	3.238	4.422	8.568	20.1	31160.0	22830.0	0.2439	1.0
b1[2,114]	22.65	0.0241	5.276	5.158	13.82	22.15	34.29	50620.0	30510.0	0.3963	1.0
b1[2,115]	7.973	0.03475	5.305	4.528	1.973	6.525	21.57	26580.0	25250.0	0.2081	1.0
b1[2,116]	26.4	0.02424	5.556	5.492	16.61	26.06	38.2	54770.0	29780.0	0.4288	1.0
b1[2,117]	13.27	0.03272	5.098	4.842	5.822	12.44	25.35	25100.0	27040.0	0.1965	1.0
b1[2,118]	9.575	0.03388	5.09	4.51	3.084	8.365	22.24	25230.0	27570.0	0.1975	1.0
b1[2,119]	5.147	0.03905	6.679	6.013	-5.756	4.211	20.36	31830.0	27080.0	0.2491	1.0
b1[2,120]	11.17	0.0489	4.14	3.483	5.554	10.3	21.66	8362.0	12270.0	0.06547	1.0
b1[2,121]	5.246	0.04136	4.751	2.354	1.081	3.312	18.57	14820.0	19390.0	0.116	1.0
b1[2,122]	8.932	0.01908	2.397	2.184	5.263	8.584	14.63	18720.0	18770.0	0.1466	1.0
b1[2,123]	8.602	0.02581	3.709	3.029	3.875	7.734	18.06	25430.0	22790.0	0.199	1.0
b1[2,124]	16.61	0.02045	4.258	4.066	9.845	16.12	26.42	50150.0	28000.0	0.3926	1.0
b1[2,125]	5.952	0.008174	1.387	1.283	3.732	5.79	9.158	34590.0	24370.0	0.2708	1.0
b1[2,126]	8.551	0.02498	3.19	2.455	4.465	7.855	16.75	26660.0	14560.0	0.2087	1.0
b1[2,127]	16.18	0.02304	4.637	4.454	8.951	15.57	26.92	44610.0	29390.0	0.3492	1.0
b1[2,128]	19.17	0.02486	4.711	4.549	11.31	18.69	29.77	40110.0	29010.0	0.314	1.0
b1[2,129]	19.15	0.02346	4.93	4.793	10.97	18.63	30.14	46980.0	30260.0	0.3678	1.0
b1[2,130]	18.1	0.05131	5.234	4.952	9.932	17.39	30.32	11660.0	17060.0	0.09127	1.0
b1[2,131]	0.2052	0.03818	4.756	2.071	-7.106	-0.563	13.99	22300.0	15640.0	0.1746	1.0
b1[2,132]	0.9226	0.0326	3.662	1.762	-5.312	0.514	10.92	18230.0	10640.0	0.1427	1.001
b1[2,133]	19.61	0.02314	4.677	4.535	11.87	19.14	30.05	43980.0	29900.0	0.3443	1.0
b1[2,134]	7.249	0.04687	5.815	5.26	0.1138	5.838	21.55	16030.0	26550.0	0.1255	1.0
b1[2,135]	21.11	0.02526	4.66	4.515	13.26	20.7	31.39	35410.0	25810.0	0.2772	1.0
b1[2,136]	14.45	0.02528	4.512	4.26	7.642	13.76	25.06	38050.0	28200.0	0.2979	1.0
b1[2,137]	23.35	0.02082	4.729	4.652	15.08	23.02	33.6	54470.0	31490.0	0.4264	1.0
b1[2,138]	14.74	0.0246	4.718	4.499	7.475	14.1	25.63	41160.0	29130.0	0.3222	1.0
b1[2,139]	16.02	0.0286	5.209	5.032	8.013	15.29	28.02	34880.0	28170.0	0.273	1.0
b1[2,140]	12.82	0.02515	4.572	4.269	6.224	12.03	23.8	37830.0	28540.0	0.2961	1.0
b1[2,141]	9.659	0.01946	2.827	2.23	5.808	9.131	16.85	31470.0	19730.0	0.2464	1.0
b1[2,142]	17.45	0.02322	4.867	4.622	9.762	16.81	28.68	49170.0	29290.0	0.3849	1.0
b1[2,143]	11.91	0.02117	4.081	3.74	5.875	11.27	21.62	44970.0	26740.0	0.352	1.0
b1[2,144]	8.812	0.02946	4.469	3.517	3.437	7.627	20.5	29380.0	25500.0	0.23	1.0
b1[2,145]	17.1	0.02323	4.947	4.8	9.346	16.49	28.4	50650.0	31230.0	0.3965	1.0
b1[2,146]	4.402	0.01503	1.709	1.046	2.499	4.038	8.755	27630.0	14230.0	0.2163	1.0
b1[2,147]	9.474	0.02808	4.87	4.067	2.821	8.43	21.7	34490.0	27680.0	0.27	1.0
b1[2,148]	17.38	0.02282	4.714	4.525	9.767	16.85	28.07	46820.0	29690.0	0.3665	1.0
b1[2,149]	12.38	0.0559	5.787	5.619	4.148	11.37	25.89	10730.0	23770.0	0.08403	1.0
b1[2,150]	22.05	0.04294	5.065	4.796	13.79	21.49	33.57	15870.0	18530.0	0.1242	1.0
b1[2,151]	15.42	0.02272	4.641	4.416	8.257	14.77	26.2	47490.0	29400.0	0.3718	1.0
b1[2,152]	9.949	0.02942	4.991	4.422	3.513	8.804	22.27	34430.0	28320.0	0.2695	1.0
b1[2,153]	1.951	0.04221	4.961	2.329	-5.169	0.6681	15.94	18500.0	15720.0	0.1449	1.0
b1[2,154]	7.079	0.046	5.626	4.643	1.084	5.344	21.22	14270.0	26360.0	0.1117	1.0
b1[2,155]	4.792	0.04314	5.885	4.421	-2.679	3.035	19.61	22040.0	24860.0	0.1725	1.0
b2[1,1]	24.66	0.03107	6.109	6.045	13.89	24.27	37.78	39280.0	28780.0	0.3075	1.0
b2[1,2]	6.416	0.005549	1.285	1.255	4.193	6.314	9.229	56650.0	31880.0	0.4435	1.0
b2[1,3]	18.73	0.0284	5.882	5.818	9.051	18.14	31.74	43540.0	31530.0	0.3408	1.0
b2[1,4]	7.387	0.04634	5.852	4.747	1.055	5.508	22.03	16960.0	23690.0	0.1328	1.0
b2[1,5]	24.49	0.05907	6.192	6.035	14.26	23.82	38.25	11430.0	21180.0	0.08951	1.001
b2[1,6]	13.57	0.02904	5.128	4.78	6.257	12.64	25.89	34610.0	28460.0	0.2709	1.0
b2[1,7]	22.22	0.026	4.998	4.879	13.79	21.72	33.2	38910.0	29600.0	0.3046	1.0
b2[1,8]	8.155	0.007784	1.739	1.682	5.238	7.982	11.99	54660.0	30340.0	0.4279	1.0
b2[1,9]	14.12	0.02884	5.686	5.597	5.481	13.31	27.18	42520.0	28600.0	0.3329	1.0
b2[1,10]	13.06	0.03222	6.086	6.169	4.034	12.23	26.88	36170.0	32320.0	0.2832	1.0
b2[1,11]	14.56	0.0299	5.915	5.868	5.774	13.65	28.13	41430.0	30380.0	0.3243	1.0
b2[1,12]	25.23	0.02687	5.934	5.892	14.94	24.79	38.1	50630.0	31470.0	0.3964	1.0
b2[1,13]	5.783	0.04062	5.68	3.334	0.5248	3.519	21.07	23350.0	26180.0	0.1828	1.0
b2[1,14]	7.314	0.04056	7.469	7.309	-4.436	6.129	24.02	35540.0	30990.0	0.2782	1.0
b2[1,15]	12.7	0.03266	5.904	5.744	4.71	11.57	26.76	33890.0	30630.0	0.2653	1.0
b2[1,16]	8.223	0.0402	6.307	5.662	1.472	6.338	23.79	22300.0	30410.0	0.1746	1.0
b2[1,17]	18.29	0.02669	4.778	4.602	10.52	17.77	29.06	32230.0	28240.0	0.2523	1.0
b2[1,18]	9.337	0.02728	4.339	3.762	3.682	8.381	20.17	31580.0	23480.0	0.2472	1.0
b2[1,19]	12.35	0.03318	6.608	6.818	2.299	11.57	27.13	39060.0	31010.0	0.3058	1.0
b2[1,20]	21.36	0.02551	5.377	5.306	12.27	20.89	33.16	46910.0	29720.0	0.3673	1.0
b2[1,21]	13.99	0.02792	5.098	4.794	6.629	13.11	26.08	37860.0	28210.0	0.2964	1.0
b2[1,22]	1.967	0.02062	1.131	0.5066	0.9652	1.856	3.165	18690.0	9615.0	0.1464	1.0
b2[1,23]	13.81	0.01912	3.578	3.221	8.369	13.27	22.39	43730.0	24720.0	0.3424	1.0
b2[1,24]	23.76	0.02406	5.691	5.588	14.02	23.29	36.11	58960.0	30190.0	0.4616	1.0
b2[1,25]	14.99	0.01378	3.232	3.21	9.366	14.75	21.94	59290.0	30390.0	0.4641	1.0
b2[1,26]	22.62	0.03366	6.054	6.118	12.01	22.22	35.51	32290.0	30940.0	0.2528	1.0
b2[1,27]	13.79	0.02498	4.771	4.507	6.791	13.0	25.02	42590.0	27640.0	0.3334	1.0
b2[1,28]	13.96	0.03038	5.136	4.752	6.509	13.07	26.41	32470.0	24920.0	0.2542	1.0
b2[1,29]	10.52	0.03085	5.484	4.966	3.442	9.269	24.02	37870.0	27950.0	0.2964	1.0
b2[1,30]	13.19	0.03499	6.293	6.237	4.178	12.19	27.76	32000.0	31410.0	0.2505	1.0
b2[1,31]	24.22	0.03467	6.283	6.279	13.14	23.81	37.65	32970.0	29510.0	0.2581	1.0
b2[1,32]	8.983	0.04643	6.774	7.126	0.9694	7.546	24.88	20600.0	31980.0	0.1612	1.0
b2[1,33]	7.104	0.03826	6.114	5.017	0.5543	5.149	22.68	29210.0	27770.0	0.2286	1.0
b2[1,34]	6.325	0.04353	7.982	7.96	-6.03	4.991	24.11	35160.0	30730.0	0.2752	1.0
b2[1,35]	12.33	0.03589	6.098	5.89	4.284	11.05	26.86	30710.0	29530.0	0.2404	1.0
b2[1,36]	17.5	0.02561	4.97	4.703	9.798	16.84	29.03	42240.0	28420.0	0.3306	1.0
b2[1,37]	12.18	0.03603	6.403	6.517	2.704	11.31	26.72	31830.0	30150.0	0.2492	1.0
b2[1,38]	29.36	0.02544	5.888	5.832	18.86	29.02	41.87	56250.0	30190.0	0.4404	1.0
b2[1,39]	23.88	0.02316	5.546	5.522	14.37	23.41	35.88	61230.0	31420.0	0.4793	1.0
b2[1,40]	8.564	0.04057	7.157	7.37	-1.972	7.445	24.54	33120.0	30660.0	0.2593	1.0
b2[1,41]	5.59	0.009096	1.522	1.323	3.26	5.401	9.062	45340.0	21070.0	0.3549	1.0
b2[1,42]	10.16	0.05389	7.489	8.07	0.1265	8.924	27.04	19560.0	30580.0	0.1532	1.0
b2[1,43]	16.19	0.02972	5.819	5.74	7.152	15.4	29.4	38830.0	29400.0	0.3039	1.0
b2[1,44]	8.698	0.0386	7.197	7.349	-1.97	7.605	24.95	37570.0	31720.0	0.2942	1.0
b2[1,45]	19.45	0.02384	5.203	5.056	10.97	18.89	31.23	52180.0	29630.0	0.4085	1.0
b2[1,46]	14.23	0.03043	6.332	6.412	4.202	13.47	28.39	42910.0	30820.0	0.3359	1.0
b2[1,47]	18.39	0.02194	4.47	4.322	11.13	17.88	28.53	46100.0	26890.0	0.3609	1.0
b2[1,48]	11.86	0.01573	2.967	2.807	7.062	11.53	18.6	39780.0	27010.0	0.3115	1.0
b2[1,49]	8.468	0.04193	6.164	5.756	0.9765	7.016	23.49	22650.0	28670.0	0.1773	1.0
b2[1,50]	10.3	0.04368	6.696	6.89	1.284	9.255	25.55	21200.0	21490.0	0.1659	1.0
b2[1,51]	7.392	0.04052	7.566	7.315	-4.927	6.262	24.11	35910.0	33200.0	0.2812	1.0
b2[1,52]	8.826	0.04191	6.813	7.165	-0.2434	7.643	24.32	28100.0	29730.0	0.22	1.0
b2[1,53]	19.3	0.02492	5.495	5.28	10.41	18.65	31.7	54590.0	28340.0	0.4274	1.0
b2[1,54]	23.43	0.02616	5.802	5.747	13.44	22.97	36.0	50100.0	31860.0	0.3922	1.0
b2[1,55]	5.06	0.0386	5.389	3.256	-0.31	3.081	19.89	24520.0	24940.0	0.192	1.0
b2[1,56]	7.532	0.03862	7.217	6.978	-3.546	6.31	23.69	37280.0	30470.0	0.2918	1.0
b2[1,57]	12.49	0.03335	5.967	5.877	4.339	11.39	26.59	32070.0	30980.0	0.251	1.0
b2[1,58]	14.7	0.02995	5.445	5.249	6.729	13.8	27.48	35370.0	28760.0	0.2769	1.0
b2[1,59]	14.02	0.02609	4.838	4.469	7.134	13.14	25.69	40010.0	28400.0	0.3132	1.0
b2[1,60]	21.03	0.02334	5.353	5.322	12.01	20.52	32.77	55860.0	32270.0	0.4373	1.0
b2[1,61]	17.28	0.03876	5.856	5.629	8.083	16.51	30.81	25200.0	26600.0	0.1973	1.0
b2[1,62]	16.37	0.03688	6.51	6.643	5.691	15.75	30.66	30660.0	29030.0	0.24	1.0
b2[1,63]	10.82	0.03821	6.226	6.189	2.335	9.722	25.37	26430.0	30960.0	0.2069	1.0
b2[1,64]	6.211	0.04355	8.195	8.309	-6.649	5.023	24.15	36510.0	33150.0	0.2858	1.0
b2[1,65]	9.155	0.04028	6.849	6.921	-0.01003	7.958	24.94	31210.0	29660.0	0.2443	1.0
b2[1,66]	14.39	0.08726	7.214	7.726	4.325	13.25	30.57	7055.0	23100.0	0.05523	1.001
b2[1,67]	9.284	0.03862	6.681	6.661	0.9969	7.824	25.15	31860.0	31670.0	0.2494	1.0
b2[1,68]	10.4	0.03605	6.309	6.267	1.624	9.307	25.29	31760.0	30670.0	0.2487	1.0
b2[1,69]	30.54	0.02636	6.109	6.052	19.56	30.22	43.44	55590.0	31580.0	0.4352	1.0
b2[1,70]	14.78	0.03044	6.326	6.431	4.662	14.11	28.75	42780.0	29580.0	0.3349	1.0
b2[1,71]	18.28	0.01986	4.247	4.146	11.16	17.87	27.77	49710.0	28980.0	0.3892	1.0
b2[1,72]	6.909	0.04569	6.119	5.09	-0.6625	5.289	22.07	20070.0	24560.0	0.1571	1.0
b2[1,73]	4.026	0.05302	7.871	6.256	-7.47	1.677	22.51	24060.0	29830.0	0.1884	1.0
b2[1,74]	9.402	0.03607	5.97	5.505	2.237	7.883	24.19	29080.0	30790.0	0.2277	1.0
b2[1,75]	4.553	0.05245	7.3	4.545	-4.403	1.55	22.58	23140.0	28740.0	0.1812	1.0
b2[1,76]	6.481	0.0442	7.726	7.504	-6.142	5.427	23.68	32040.0	30850.0	0.2508	1.0
b2[1,77]	8.188	0.03935	6.948	6.699	-1.661	6.846	24.22	33010.0	30430.0	0.2584	1.0
b2[1,78]	7.08	0.05176	7.507	7.013	-2.356	5.095	24.56	22770.0	30430.0	0.1782	1.0
b2[1,79]	6.904	0.0431	7.149	6.341	-3.621	5.256	23.65	29520.0	30980.0	0.2311	1.0
b2[1,80]	12.82	0.07615	7.765	8.756	2.353	11.72	29.73	10870.0	27730.0	0.08506	1.0
b2[1,81]	17.62	0.02688	5.915	5.857	7.917	17.01	30.77	50490.0	30370.0	0.3953	1.0
b2[1,82]	6.908	0.05262	7.291	6.344	-1.631	4.71	24.47	20200.0	29140.0	0.1582	1.0
b2[1,83]	17.99	0.05238	6.762	6.989	6.488	17.48	32.33	16430.0	25440.0	0.1286	1.0
b2[1,84]	12.79	0.03305	6.161	6.158	4.04	11.77	27.13	35780.0	30010.0	0.2801	1.0
b2[1,85]	19.1	0.02568	5.213	5.115	10.59	18.53	30.92	43550.0	28000.0	0.3409	1.0
b2[1,86]	23.97	0.02006	4.984	4.991	15.04	23.68	34.5	63860.0	32740.0	0.4999	1.0
b2[1,87]	20.41	0.02639	5.741	5.669	10.83	19.89	33.05	49790.0	31860.0	0.3898	1.0
b2[1,88]	9.951	0.03823	6.643	6.76	1.293	8.675	25.57	30360.0	30050.0	0.2377	1.0
b2[1,89]	15.89	0.01899	3.86	3.605	9.652	15.46	24.75	47000.0	29590.0	0.368	1.0
b2[1,90]	10.58	0.03448	6.571	6.72	1.678	9.409	25.88	35500.0	31690.0	0.2779	1.0
b2[1,91]	10.54	0.0301	5.198	4.834	3.477	9.55	23.22	33290.0	26820.0	0.2606	1.0
b2[1,92]	7.808	0.03925	7.627	7.841	-4.254	6.817	24.62	39930.0	32010.0	0.3126	1.0
b2[1,93]	13.12	0.05028	6.658	6.88	3.493	12.18	28.12	16810.0	27600.0	0.1316	1.0
b2[1,94]	10.55	0.0329	5.388	4.846	3.579	9.356	24.13	33750.0	24380.0	0.2642	1.0
b2[1,95]	17.77	0.02039	4.409	4.263	10.42	17.35	27.61	53810.0	29130.0	0.4212	1.0
b2[1,96]	13.06	0.03381	6.465	6.636	3.275	12.25	27.52	33230.0	21120.0	0.2601	1.0
b2[1,97]	8.838	0.03897	6.985	7.025	-1.242	7.687	24.73	34470.0	31210.0	0.2699	1.0
b2[1,98]	10.37	0.02572	3.807	2.846	5.622	9.455	20.62	28800.0	22310.0	0.2255	1.0
b2[1,99]	10.36	0.03539	6.513	6.704	1.357	9.268	25.25	34740.0	30430.0	0.272	1.0
b2[1,100]	15.85	0.0341	5.891	5.702	6.847	15.04	29.4	31180.0	27960.0	0.2441	1.0
b2[1,101]	13.48	0.04692	6.992	7.384	2.841	12.73	28.87	21580.0	27800.0	0.1689	1.0
b2[1,102]	7.444	0.03857	7.718	7.649	-5.263	6.503	24.41	41220.0	32460.0	0.3227	1.0
b2[1,103]	14.53	0.03135	5.652	5.412	6.268	13.6	27.83	35220.0	29950.0	0.2757	1.0
b2[1,104]	11.95	0.03635	6.339	6.379	3.002	10.95	26.56	30810.0	30910.0	0.2412	1.0
b2[1,105]	16.61	0.01755	3.366	3.305	10.75	16.34	23.87	39420.0	28160.0	0.3086	1.0
b2[1,106]	4.371	0.006043	1.017	0.939	2.716	4.273	6.547	44890.0	28530.0	0.3515	1.0
b2[1,107]	-2.074	0.04092	2.459	1.099	-5.967	-2.023	0.4317	15470.0	6527.0	0.1211	1.0
b2[1,108]	8.52	0.0375	7.386	7.57	-2.649	7.44	24.88	40820.0	29790.0	0.3196	1.0
b2[1,109]	15.85	0.0315	5.881	5.824	6.587	15.13	29.28	35470.0	31450.0	0.2777	1.0
b2[1,110]	12.56	0.03352	6.086	6.139	3.686	11.67	26.49	33560.0	30430.0	0.2627	1.0
b2[1,111]	1.051	0.01478	1.207	0.5292	-0.08743	0.8366	3.745	19100.0	9973.0	0.1495	1.0
b2[1,112]	12.5	0.02003	3.447	3.062	7.346	11.95	20.8	35640.0	24220.0	0.279	1.0
b2[1,113]	10.81	0.03509	6.653	6.913	1.601	9.754	25.94	34500.0	31410.0	0.27	1.0
b2[1,114]	20.51	0.02999	4.606	4.541	12.65	20.1	30.54	25160.0	26960.0	0.197	1.0
b2[1,115]	17.4	0.0292	5.411	5.216	9.02	16.66	29.93	38020.0	29520.0	0.2976	1.0
b2[1,116]	16.44	0.03796	5.313	4.974	8.573	15.57	28.99	21450.0	26920.0	0.1679	1.0
b2[1,117]	14.32	0.03609	6.253	6.403	4.795	13.53	28.31	28740.0	30050.0	0.225	1.0
b2[1,118]	11.75	0.02788	5.045	4.597	4.794	10.79	24.02	40780.0	26330.0	0.3192	1.0
b2[1,119]	4.493	0.01135	1.272	0.9112	2.85	4.329	6.967	30450.0	18190.0	0.2384	1.0
b2[1,120]	15.17	0.03109	5.309	5.058	7.107	14.35	27.66	32060.0	29110.0	0.251	1.0
b2[1,121]	7.557	0.04212	7.116	6.852	-2.773	6.104	24.08	30720.0	28130.0	0.2405	1.0
b2[1,122]	20.0	0.02111	4.572	4.4	12.38	19.56	30.26	52330.0	28850.0	0.4096	1.0
b2[1,123]	11.75	0.01687	3.048	2.619	7.222	11.28	19.13	41530.0	25780.0	0.3251	1.0
b2[1,124]	20.94	0.0289	5.938	5.955	10.98	20.42	34.09	43720.0	31060.0	0.3423	1.0
b2[1,125]	8.427	0.02079	3.986	3.795	2.672	7.769	17.86	35730.0	27000.0	0.2797	1.0
b2[1,126]	15.97	0.02256	4.33	4.204	9.015	15.48	25.76	41790.0	27860.0	0.3271	1.0
b2[1,127]	6.143	0.009521	1.59	1.338	3.791	5.906	9.84	36010.0	24240.0	0.2819	1.0
b2[1,128]	10.18	0.03312	4.905	3.817	4.465	8.765	22.92	24740.0	26850.0	0.1937	1.0
b2[1,129]	18.48	0.04109	6.211	6.326	7.953	18.0	31.87	21800.0	29480.0	0.1707	1.0
b2[1,130]	11.58	0.09304	8.119	9.197	1.144	10.19	29.47	7894.0	26100.0	0.0618	1.0
b2[1,131]	6.961	0.04097	6.464	5.555	-2.236	5.534	22.48	27740.0	26880.0	0.2171	1.0
b2[1,132]	9.058	0.03962	6.832	6.943	0.2645	7.757	24.88	30330.0	30290.0	0.2375	1.0
b2[1,133]	15.61	0.02891	5.658	5.48	7.238	14.75	28.69	41700.0	28870.0	0.3265	1.0
b2[1,134]	7.528	0.04365	6.61	6.03	-1.089	5.953	23.3	25020.0	28400.0	0.1958	1.0
b2[1,135]	19.06	0.0368	6.333	6.333	9.001	18.33	33.07	30660.0	30430.0	0.24	1.0
b2[1,136]	16.95	0.02819	5.783	5.715	7.855	16.25	30.14	45060.0	30150.0	0.3527	1.0
b2[1,137]	20.98	0.04804	6.371	6.404	10.58	20.32	35.02	17900.0	26900.0	0.1401	1.0
b2[1,138]	10.37	0.02851	4.697	3.905	4.513	9.233	22.38	36070.0	24910.0	0.2824	1.0
b2[1,139]	8.091	0.04829	6.094	5.183	1.425	6.244	23.33	17610.0	26630.0	0.1378	1.0
b2[1,140]	18.31	0.02873	5.577	5.491	9.399	17.63	30.83	40890.0	28230.0	0.3201	1.0
b2[1,141]	7.852	0.02697	4.037	2.874	3.28	6.71	18.93	30820.0	23410.0	0.2413	1.0
b2[1,142]	6.452	0.04202	5.22	2.537	1.864	4.331	21.18	20260.0	21560.0	0.1586	1.0
b2[1,143]	6.497	0.01113	1.815	1.573	3.803	6.244	10.72	39130.0	23240.0	0.3063	1.0
b2[1,144]	8.553	0.03823	7.193	7.407	-1.698	7.382	24.92	38480.0	31920.0	0.3013	1.0
b2[1,145]	7.162	0.03475	4.422	2.838	2.641	5.727	19.54	18580.0	19910.0	0.1454	1.0
b2[1,146]	11.19	0.03389	5.942	5.617	3.458	9.908	25.54	33020.0	29590.0	0.2585	1.0
b2[1,147]	7.092	0.02788	3.334	1.916	3.646	6.129	16.7	22070.0	16160.0	0.1728	1.0
b2[1,148]	13.73	0.04244	6.01	6.085	4.85	12.86	27.31	19600.0	28010.0	0.1534	1.0
b2[1,149]	17.69	0.03076	5.713	5.686	8.68	17.0	30.6	34310.0	29720.0	0.2686	1.0
b2[1,150]	5.77	0.1299	6.703	1.115	1.652	3.129	26.93	4782.0	5483.0	0.03743	1.001
b2[1,151]	12.54	0.03581	5.999	6.05	3.52	11.77	26.21	26160.0	28840.0	0.2048	1.0
b2[1,152]	11.27	0.03375	6.218	6.253	2.685	10.18	25.81	34970.0	31880.0	0.2738	1.0
b2[1,153]	7.839	0.03854	7.452	7.765	-2.867	6.602	24.64	39790.0	29120.0	0.3115	1.0
b2[1,154]	13.06	0.03262	6.415	6.484	3.096	12.27	27.52	38210.0	29510.0	0.2991	1.0
b2[1,155]	10.71	0.03497	6.46	6.479	1.717	9.656	25.72	35540.0	30430.0	0.2782	1.0
b2[2,1]	25.28	0.02613	5.644	5.556	15.67	24.8	37.56	49460.0	31620.0	0.3872	1.0
b2[2,2]	2.866	0.00494	0.8174	0.6922	1.588	2.773	4.635	37760.0	27040.0	0.2956	1.0
b2[2,3]	20.01	0.02364	5.302	5.15	11.33	19.43	31.84	54230.0	30520.0	0.4245	1.0
b2[2,4]	12.5	0.02457	4.6	4.137	5.916	11.65	23.54	41590.0	27190.0	0.3256	1.0
b2[2,5]	9.809	0.2166	10.99	7.342	-1.62	4.432	33.95	3011.0	13130.0	0.02357	1.002
b2[2,6]	8.606	0.03412	4.791	3.656	3.088	7.246	21.29	24260.0	22870.0	0.1899	1.0
b2[2,7]	24.68	0.02011	5.013	4.949	15.85	24.37	35.46	65800.0	30950.0	0.5151	1.0
b2[2,8]	6.066	0.005633	1.209	1.18	3.981	5.974	8.701	49110.0	32540.0	0.3845	1.0
b2[2,9]	12.75	0.02793	5.251	4.841	5.605	11.71	25.52	40980.0	28590.0	0.3208	1.0
b2[2,10]	10.29	0.0353	6.069	5.927	2.352	9.058	24.71	31620.0	30730.0	0.2476	1.0
b2[2,11]	14.86	0.0262	5.464	5.319	6.687	14.05	27.46	48040.0	29950.0	0.3761	1.0
b2[2,12]	22.85	0.03756	6.04	6.013	12.46	22.37	35.92	25890.0	28660.0	0.2027	1.0
b2[2,13]	7.85	0.03766	5.298	3.578	2.476	5.974	22.01	24000.0	26470.0	0.1879	1.0
b2[2,14]	5.751	0.04226	7.649	7.314	-6.174	4.352	23.06	34910.0	30140.0	0.2733	1.0
b2[2,15]	13.88	0.02646	5.263	4.94	6.402	12.93	26.4	46910.0	29200.0	0.3672	1.0
b2[2,16]	9.646	0.03638	5.824	5.32	2.698	8.134	23.88	25440.0	30310.0	0.1992	1.0
b2[2,17]	8.164	0.05252	4.462	2.447	3.767	6.806	21.35	10480.0	10260.0	0.08208	1.001
b2[2,18]	8.2	0.01893	3.059	2.323	4.331	7.514	16.26	37980.0	22810.0	0.2973	1.0
b2[2,19]	11.42	0.03235	6.411	6.507	2.137	10.46	26.08	39410.0	30390.0	0.3085	1.0
b2[2,20]	21.96	0.02587	5.434	5.388	12.84	21.48	33.85	48260.0	29710.0	0.3778	1.0
b2[2,21]	8.796	0.04336	5.393	4.422	2.61	7.229	22.48	17400.0	25210.0	0.1362	1.0
b2[2,22]	1.883	0.01788	0.9512	0.4456	0.9852	1.809	2.842	20400.0	10620.0	0.1597	1.0
b2[2,23]	15.46	0.01816	3.84	3.655	9.284	15.02	24.21	51710.0	28320.0	0.4048	1.0
b2[2,24]	16.9	0.07286	6.852	7.135	6.3	16.09	32.05	8806.0	21750.0	0.06894	1.001
b2[2,25]	18.77	0.01845	4.216	4.165	11.43	18.47	27.85	57420.0	28730.0	0.4495	1.0
b2[2,26]	24.37	0.02226	5.263	5.184	15.28	23.96	35.83	59090.0	32030.0	0.4626	1.0
b2[2,27]	12.94	0.02045	4.059	3.692	6.826	12.31	22.66	47370.0	27180.0	0.3708	0.9999
b2[2,28]	5.083	0.083	6.512	2.871	-0.841	2.173	22.64	7329.0	16180.0	0.05737	1.001
b2[2,29]	10.26	0.03022	5.087	4.269	4.121	8.936	23.3	32240.0	27190.0	0.2524	1.0
b2[2,30]	15.95	0.02636	5.671	5.586	6.972	15.24	28.88	49120.0	30950.0	0.3845	1.0
b2[2,31]	26.56	0.02444	5.629	5.607	16.67	26.2	38.58	55800.0	30690.0	0.4368	1.0
b2[2,32]	7.26	0.04427	6.463	5.744	0.2815	5.335	23.17	23170.0	29270.0	0.1814	1.0
b2[2,33]	9.466	0.03379	5.526	4.636	2.975	7.916	23.5	29330.0	29990.0	0.2296	1.0
b2[2,34]	8.459	0.03499	7.006	6.7	-2.801	7.454	24.22	41680.0	31590.0	0.3263	1.0
b2[2,35]	16.17	0.02486	5.304	5.141	8.0	15.44	28.38	49810.0	31520.0	0.3899	1.0
b2[2,36]	19.78	0.0233	5.176	5.096	11.12	19.29	31.33	53940.0	30650.0	0.4222	1.0
b2[2,37]	7.961	0.04662	6.756	6.539	-0.2717	6.335	24.1	23150.0	28630.0	0.1813	1.0
b2[2,38]	27.54	0.03645	6.072	6.035	16.66	27.16	40.45	28260.0	30000.0	0.2212	1.0
b2[2,39]	21.65	0.02634	5.47	5.366	12.46	21.16	33.74	45010.0	31010.0	0.3524	1.0
b2[2,40]	7.302	0.04004	6.661	5.979	-0.7153	5.491	23.34	31120.0	28190.0	0.2436	1.0
b2[2,41]	5.824	0.008077	1.404	1.185	3.746	5.63	9.075	45220.0	21950.0	0.354	1.0
b2[2,42]	15.06	0.02971	6.127	6.157	5.218	14.38	28.69	42420.0	30400.0	0.3321	1.0
b2[2,43]	15.63	0.02714	5.636	5.609	6.753	14.98	28.42	46530.0	31660.0	0.3643	1.0
b2[2,44]	7.002	0.04004	7.398	7.26	-4.111	5.635	23.83	38090.0	29450.0	0.2982	1.0
b2[2,45]	14.0	0.04754	5.811	5.631	5.734	13.0	27.66	16340.0	22260.0	0.1279	1.0
b2[2,46]	11.34	0.03632	6.496	6.611	2.012	10.33	26.27	32900.0	28570.0	0.2576	1.0
b2[2,47]	15.61	0.02129	4.125	3.909	9.15	15.08	25.09	41790.0	27940.0	0.3272	1.0
b2[2,48]	7.65	0.009001	1.713	1.587	4.863	7.477	11.44	42520.0	27690.0	0.3329	0.9999
b2[2,49]	3.731	0.05146	6.693	3.863	-4.521	1.192	21.08	20120.0	25760.0	0.1575	1.001
b2[2,50]	6.317	0.04754	6.957	5.782	-1.811	4.153	23.28	24670.0	25740.0	0.1931	1.0
b2[2,51]	5.297	0.0434	7.65	6.965	-6.445	3.722	22.72	33400.0	30360.0	0.2615	1.0
b2[2,52]	6.18	0.04308	6.744	6.474	-2.327	4.542	21.98	27310.0	29460.0	0.2138	0.9999
b2[2,53]	14.99	0.04078	5.985	5.926	6.143	14.1	28.79	22120.0	28960.0	0.1732	1.0
b2[2,54]	22.35	0.02824	5.657	5.574	12.6	21.92	34.67	41250.0	31290.0	0.3229	1.0
b2[2,55]	8.453	0.03065	4.545	3.242	3.385	7.091	20.76	26880.0	25130.0	0.2104	1.0
b2[2,56]	5.178	0.04332	7.441	6.677	-5.832	3.414	22.19	32950.0	31250.0	0.2579	1.0
b2[2,57]	13.61	0.02629	5.443	5.21	5.64	12.74	26.46	48910.0	29850.0	0.3829	1.0
b2[2,58]	17.47	0.02118	4.715	4.445	9.989	16.86	28.24	57100.0	29790.0	0.447	1.0
b2[2,59]	12.23	0.02492	4.501	3.864	6.185	11.24	23.43	41320.0	28070.0	0.3235	1.0
b2[2,60]	18.75	0.02583	5.027	4.898	10.43	18.24	29.92	39460.0	29840.0	0.3089	1.0
b2[2,61]	6.35	0.1261	8.09	5.007	-2.508	3.069	26.57	4930.0	13830.0	0.03859	1.001
b2[2,62]	19.13	0.0247	5.671	5.656	9.827	18.55	31.7	55750.0	30550.0	0.4364	1.0
b2[2,63]	5.262	0.05532	6.568	4.272	-1.735	2.746	22.13	16260.0	25620.0	0.1273	1.0
b2[2,64]	6.59	0.04002	7.697	7.555	-5.936	5.501	23.57	38230.0	29670.0	0.2992	1.0
b2[2,65]	6.015	0.0452	7.165	6.218	-3.378	4.107	23.06	28390.0	28860.0	0.2222	1.0
b2[2,66]	22.26	0.02285	5.097	4.951	13.74	21.76	33.56	54480.0	31260.0	0.4265	1.0
b2[2,67]	11.34	0.03537	6.154	6.089	2.949	10.23	25.73	30890.0	30360.0	0.2419	1.0
b2[2,68]	5.493	0.0503	6.93	5.375	-2.902	3.27	22.66	21430.0	27850.0	0.1678	1.0
b2[2,69]	25.44	0.05143	6.594	6.613	14.05	24.95	39.56	16670.0	24760.0	0.1305	1.0
b2[2,70]	13.46	0.03035	6.18	6.262	3.995	12.69	27.48	40820.0	31320.0	0.3195	1.0
b2[2,71]	7.621	0.0872	5.633	3.044	2.361	5.311	23.04	4946.0	12630.0	0.03872	1.001
b2[2,72]	1.618	0.05799	6.821	3.644	-7.218	-0.5775	19.89	16720.0	22590.0	0.1309	1.0
b2[2,73]	4.164	0.04751	7.31	5.515	-6.881	2.069	21.76	26350.0	27520.0	0.2063	1.0
b2[2,74]	8.549	0.03259	5.471	4.305	2.528	6.858	22.73	32210.0	29960.0	0.2522	1.0
b2[2,75]	6.931	0.04486	6.38	4.975	0.07441	4.839	23.03	21360.0	28720.0	0.1672	1.0
b2[2,76]	4.605	0.04457	7.441	6.238	-6.371	2.65	22.14	30310.0	29030.0	0.2373	1.0
b2[2,77]	5.124	0.04571	7.414	6.297	-5.562	3.171	22.55	29100.0	29350.0	0.2278	1.0
b2[2,78]	11.75	0.03418	6.24	6.248	2.902	10.71	26.24	33220.0	31650.0	0.2601	1.0
b2[2,79]	3.991	0.05044	7.613	6.024	-6.757	1.655	22.08	25470.0	28800.0	0.1994	1.0
b2[2,80]	19.96	0.02879	5.655	5.595	10.72	19.38	32.54	39470.0	30510.0	0.309	1.0
b2[2,81]	12.33	0.04974	6.557	6.641	3.306	11.19	27.54	18340.0	27540.0	0.1436	1.0
b2[2,82]	11.57	0.03607	6.199	6.174	2.876	10.5	25.94	29760.0	30410.0	0.233	1.0
b2[2,83]	22.69	0.0231	5.297	5.235	13.63	22.22	34.27	57010.0	31570.0	0.4463	1.0
b2[2,84]	14.76	0.02611	5.559	5.39	6.404	13.94	27.65	50350.0	29750.0	0.3942	1.0
b2[2,85]	17.21	0.02952	5.266	5.127	8.814	16.58	29.24	32960.0	28760.0	0.2581	1.0
b2[2,86]	20.21	0.02895	4.853	4.737	11.95	19.81	30.96	29100.0	28610.0	0.2278	1.0
b2[2,87]	20.69	0.02341	5.335	5.213	11.91	20.11	32.58	55870.0	32130.0	0.4374	1.0
b2[2,88]	12.14	0.03127	5.85	5.735	3.944	11.1	25.95	37420.0	30580.0	0.2929	1.0
b2[2,89]	10.97	0.04573	4.925	4.66	4.372	9.974	22.7	11520.0	26460.0	0.09018	1.0
b2[2,90]	11.27	0.03406	6.182	6.217	2.895	10.19	25.61	31910.0	31840.0	0.2498	1.0
b2[2,91]	11.2	0.02745	4.336	3.511	5.628	10.17	22.3	30740.0	24280.0	0.2407	1.0
b2[2,92]	7.426	0.03672	6.98	6.656	-2.668	6.011	23.56	40050.0	30260.0	0.3135	1.0
b2[2,93]	17.98	0.02488	5.216	5.047	9.86	17.26	29.97	48520.0	30840.0	0.3798	1.0
b2[2,94]	9.371	0.03158	5.027	4.028	3.515	7.98	22.46	32680.0	26090.0	0.2558	1.0
b2[2,95]	15.33	0.02364	4.32	4.07	8.555	14.76	25.36	37270.0	26810.0	0.2917	1.0
b2[2,96]	13.66	0.02853	5.937	5.903	4.635	12.83	27.22	43320.0	29810.0	0.3391	1.0
b2[2,97]	6.092	0.04517	7.236	6.72	-3.948	4.396	22.87	28850.0	29960.0	0.2259	1.0
b2[2,98]	14.34	0.02225	4.251	3.944	7.881	13.72	24.33	44280.0	26040.0	0.3467	1.0
b2[2,99]	6.74	0.04323	7.135	6.813	-3.029	5.173	23.41	30250.0	29100.0	0.2368	1.0
b2[2,100]	8.384	0.05946	6.342	4.173	2.144	5.945	24.93	14820.0	20070.0	0.116	1.001
b2[2,101]	17.81	0.02668	5.769	5.742	8.523	17.19	30.61	47770.0	29540.0	0.374	1.0
b2[2,102]	5.716	0.04091	7.793	7.54	-6.512	4.436	23.2	37920.0	31390.0	0.2969	1.0
b2[2,103]	6.578	0.07747	6.589	3.819	0.3494	3.804	23.83	8472.0	20110.0	0.06633	1.001
b2[2,104]	7.543	0.04511	6.288	5.133	0.913	5.552	23.56	21010.0	27900.0	0.1645	1.0
b2[2,105]	11.57	0.01384	2.473	2.312	7.523	11.3	17.14	35540.0	27750.0	0.2782	1.0
b2[2,106]	1.745	0.003845	0.512	0.4136	0.9723	1.708	2.688	36600.0	31350.0	0.2865	1.0
b2[2,107]	3.418	0.03404	2.371	1.193	1.153	2.88	9.292	15000.0	7540.0	0.1174	1.0
b2[2,108]	7.489	0.03847	7.518	7.529	-4.528	6.473	24.2	40620.0	31060.0	0.318	1.0
b2[2,109]	11.79	0.03838	6.129	5.909	4.063	10.38	26.49	24220.0	30040.0	0.1896	1.0
b2[2,110]	10.03	0.03489	5.92	5.399	2.853	8.532	24.51	29050.0	30620.0	0.2274	1.0
b2[2,111]	6.656	0.007537	1.531	1.455	4.106	6.495	10.09	44530.0	30490.0	0.3486	1.0
b2[2,112]	10.3	0.0182	3.268	2.878	5.59	9.723	18.33	41990.0	24100.0	0.3287	1.0
b2[2,113]	11.65	0.03241	6.157	6.289	2.827	10.73	25.73	35670.0	31840.0	0.2792	1.0
b2[2,114]	14.07	0.01474	3.029	2.963	8.912	13.83	20.7	45490.0	32570.0	0.3561	1.0
b2[2,115]	8.458	0.08471	6.753	4.523	1.735	5.809	25.81	7709.0	16600.0	0.06035	1.001
b2[2,116]	22.17	0.0224	5.007	4.94	13.68	21.76	33.18	53610.0	30610.0	0.4197	1.0
b2[2,117]	10.04	0.04286	6.433	6.328	2.451	8.514	25.65	21350.0	28510.0	0.1671	1.0
b2[2,118]	10.71	0.02671	4.535	3.732	4.917	9.624	22.48	36800.0	26240.0	0.2881	1.0
b2[2,119]	3.245	0.01944	1.945	0.9822	1.414	2.708	8.756	17020.0	12800.0	0.1332	1.0
b2[2,120]	10.02	0.03551	5.043	3.629	4.42	8.436	23.26	23480.0	26610.0	0.1839	1.0
b2[2,121]	4.921	0.0487	7.657	6.819	-6.107	3.044	22.63	26380.0	29010.0	0.2065	1.0
b2[2,122]	13.17	0.04529	5.206	4.728	6.112	12.07	25.9	14410.0	21570.0	0.1128	1.0
b2[2,123]	7.649	0.03545	4.137	3.391	2.635	6.574	18.24	14140.0	23790.0	0.1107	1.0
b2[2,124]	21.71	0.02531	5.639	5.554	12.28	21.18	34.11	51170.0	31130.0	0.4006	1.0
b2[2,125]	12.6	0.02879	4.8	4.736	5.225	11.97	23.56	28800.0	28780.0	0.2255	1.0
b2[2,126]	11.57	0.02004	3.465	2.867	6.72	10.93	20.35	39270.0	23760.0	0.3075	1.0
b2[2,127]	13.9	0.01672	2.922	2.864	8.84	13.65	20.29	31220.0	27170.0	0.2444	1.0
b2[2,128]	10.82	0.02536	4.371	3.583	5.174	9.811	22.08	37480.0	26450.0	0.2934	1.0
b2[2,129]	21.67	0.02297	5.181	5.075	13.07	21.15	33.2	54090.0	31270.0	0.4234	1.0
b2[2,130]	19.55	0.02801	5.529	5.436	10.58	18.92	31.96	40760.0	30930.0	0.3191	1.0
b2[2,131]	2.265	0.05472	6.859	3.695	-6.709	-0.1767	20.43	18640.0	25620.0	0.1459	1.0
b2[2,132]	6.556	0.04291	7.103	6.668	-2.889	4.85	23.22	30600.0	30250.0	0.2395	1.0
b2[2,133]	18.03	0.02323	5.277	5.119	9.408	17.48	29.95	55680.0	30020.0	0.4359	1.0
b2[2,134]	3.512	0.05292	7.193	4.53	-5.87	0.7225	21.28	20810.0	28570.0	0.1629	1.0
b2[2,135]	22.6	0.02518	5.793	5.745	12.79	22.12	35.26	55340.0	32970.0	0.4332	1.0
b2[2,136]	16.28	0.02712	5.632	5.482	7.49	15.51	29.04	47100.0	29130.0	0.3687	1.0
b2[2,137]	26.49	0.02364	5.611	5.556	16.81	26.04	38.68	60110.0	30920.0	0.4706	1.0
b2[2,138]	10.42	0.02441	4.288	3.565	4.876	9.47	21.27	41510.0	25520.0	0.3249	1.0
b2[2,139]	12.71	0.02862	5.056	4.642	5.705	11.72	24.96	35090.0	28240.0	0.2747	1.0
b2[2,140]	11.62	0.04515	6.08	5.321	4.376	9.925	26.75	21310.0	25450.0	0.1668	1.0
b2[2,141]	10.05	0.02304	3.898	3.264	4.841	9.219	19.98	38260.0	25120.0	0.2995	1.0
b2[2,142]	11.32	0.03154	4.776	4.069	5.079	10.23	23.37	27430.0	25030.0	0.2147	1.0
b2[2,143]	7.678	0.00878	1.768	1.641	4.813	7.475	11.69	51820.0	27380.0	0.4057	1.0
b2[2,144]	10.02	0.03505	6.274	6.269	1.862	8.739	24.73	30760.0	29610.0	0.2408	1.0
b2[2,145]	6.402	0.02712	3.893	2.464	2.364	5.209	17.33	31010.0	21740.0	0.2427	1.0
b2[2,146]	10.61	0.02935	5.59	5.16	3.306	9.397	24.13	40880.0	28320.0	0.32	1.0
b2[2,147]	11.93	0.01898	3.126	2.685	7.3	11.46	19.53	35970.0	22160.0	0.2816	1.0
b2[2,148]	17.78	0.02219	4.806	4.608	10.08	17.21	28.64	53840.0	29390.0	0.4214	1.0
b2[2,149]	16.31	0.02634	5.424	5.233	7.895	15.54	28.77	45870.0	30090.0	0.3591	1.0
b2[2,150]	19.06	0.04872	5.062	4.799	10.89	18.47	30.67	11770.0	15060.0	0.09218	1.0
b2[2,151]	15.16	0.02341	4.794	4.467	7.93	14.42	26.45	47780.0	30300.0	0.3741	1.0
b2[2,152]	11.44	0.03065	5.781	5.594	3.559	10.33	25.0	38380.0	30370.0	0.3004	1.0
b2[2,153]	8.553	0.03516	7.257	7.255	-3.31	7.702	24.47	43660.0	30390.0	0.3418	1.0
b2[2,154]	9.601	0.04142	6.664	6.71	0.8844	8.289	25.21	26470.0	31140.0	0.2072	1.0
b2[2,155]	6.677	0.04391	7.027	6.333	-2.69	4.883	23.32	28480.0	30010.0	0.223	1.0
b3[1,1]	1.988	0.001593	0.4258	0.4204	1.216	1.968	2.888	76240.0	28760.0	0.5968	1.0
b3[1,2]	1.338	0.001126	0.3004	0.2972	0.7802	1.329	1.961	73960.0	28360.0	0.579	1.0
b3[1,3]	1.015	0.001197	0.3214	0.3218	0.4164	1.006	1.671	73260.0	31070.0	0.5735	1.0
b3[1,4]	3.755	0.002052	0.5302	0.5221	2.803	3.725	4.885	74190.0	27190.0	0.5808	1.0
b3[1,5]	1.17	0.001252	0.346	0.3429	0.5284	1.156	1.887	79020.0	29370.0	0.6186	1.0
b3[1,6]	-0.2104	0.00104	0.2879	0.2858	-0.7794	-0.2108	0.3517	76970.0	31170.0	0.6025	1.0
b3[1,7]	0.6081	0.001263	0.3585	0.3571	-0.0829	0.6018	1.328	81370.0	28990.0	0.637	1.0
b3[1,8]	0.6323	0.0011	0.2841	0.2825	0.08841	0.6263	1.207	67300.0	27370.0	0.5269	1.0
b3[1,9]	0.9873	0.001177	0.2612	0.2595	0.4973	0.9798	1.518	50290.0	26750.0	0.3937	1.0
b3[1,10]	1.73	0.001437	0.3332	0.3329	1.116	1.717	2.418	55000.0	30140.0	0.4306	1.0
b3[1,11]	1.432	0.001443	0.3743	0.3732	0.7389	1.418	2.204	70420.0	28960.0	0.5513	1.0
b3[1,12]	0.2057	0.001005	0.2659	0.2643	-0.3138	0.2059	0.7307	70290.0	28020.0	0.5503	1.0
b3[1,13]	1.629	0.000962	0.2738	0.2719	1.122	1.62	2.193	84170.0	27520.0	0.6589	1.0
b3[1,14]	4.231	0.002481	0.627	0.6191	3.129	4.189	5.571	70210.0	29530.0	0.5496	1.0
b3[1,15]	-0.2216	0.0009788	0.2486	0.2479	-0.7152	-0.2193	0.2593	64850.0	27950.0	0.5077	1.0
b3[1,16]	1.293	0.001031	0.2488	0.2482	0.8284	1.286	1.801	59670.0	28220.0	0.4671	1.0
b3[1,17]	0.1328	0.001268	0.3632	0.3593	-0.5743	0.1318	0.8538	82400.0	29250.0	0.645	1.0
b3[1,18]	0.2395	0.0007571	0.2151	0.2127	-0.1812	0.238	0.6657	80900.0	31550.0	0.6333	1.0
b3[1,19]	0.7711	0.0007666	0.2194	0.2184	0.3509	0.7682	1.212	82530.0	30210.0	0.6461	1.0
b3[1,20]	1.679	0.001408	0.3979	0.3986	0.9442	1.662	2.498	82550.0	29290.0	0.6462	1.0
b3[1,21]	0.9724	0.001161	0.2977	0.2976	0.4127	0.9641	1.577	66470.0	29420.0	0.5204	1.0
b3[1,22]	3.94	0.002672	0.6017	0.5966	2.897	3.895	5.241	54990.0	29860.0	0.4305	1.0
b3[1,23]	2.899	0.0022	0.5734	0.5676	1.855	2.875	4.094	72590.0	28030.0	0.5683	1.0
b3[1,24]	1.742	0.001798	0.4112	0.4109	0.987	1.724	2.602	54070.0	27280.0	0.4233	1.0
b3[1,25]	0.1378	0.00122	0.3007	0.2993	-0.4477	0.1351	0.7305	60790.0	29830.0	0.4759	1.0
b3[1,26]	1.267	0.001176	0.3353	0.3285	0.641	1.254	1.958	84260.0	27870.0	0.6596	1.0
b3[1,27]	0.4536	0.001103	0.2906	0.2894	-0.1049	0.4507	1.03	69730.0	27730.0	0.5459	1.0
b3[1,28]	1.235	0.0008889	0.2377	0.2382	0.7871	1.228	1.72	72800.0	30620.0	0.5699	1.0
b3[1,29]	1.87	0.001334	0.3415	0.3392	1.242	1.857	2.575	67540.0	29260.0	0.5288	1.0
b3[1,30]	1.234	0.0008815	0.239	0.2388	0.7838	1.227	1.722	75520.0	25970.0	0.5912	0.9999
b3[1,31]	2.403	0.00196	0.5339	0.5421	1.424	2.384	3.496	77640.0	28460.0	0.6078	1.0
b3[1,32]	2.546	0.001277	0.3367	0.333	1.929	2.529	3.253	73230.0	28000.0	0.5733	1.0
b3[1,33]	3.235	0.001621	0.4268	0.4221	2.463	3.214	4.133	73870.0	28900.0	0.5783	1.0
b3[1,34]	4.191	0.00242	0.5937	0.5917	3.13	4.158	5.452	65630.0	26490.0	0.5137	1.0
b3[1,35]	1.5	0.001231	0.3218	0.3202	0.9024	1.486	2.164	69710.0	30100.0	0.5457	1.0
b3[1,36]	1.827	0.002527	0.4817	0.48	0.9594	1.801	2.847	38510.0	27160.0	0.3015	1.0
b3[1,37]	-0.5235	0.0007576	0.2064	0.205	-0.9378	-0.5206	-0.1252	74670.0	30290.0	0.5846	1.0
b3[1,38]	1.537	0.001984	0.4667	0.462	0.6816	1.518	2.513	58250.0	27560.0	0.456	1.0
b3[1,39]	1.989	0.001763	0.4841	0.4824	1.103	1.968	2.995	80810.0	27590.0	0.6326	1.0
b3[1,40]	4.411	0.002471	0.6405	0.6396	3.285	4.37	5.766	74020.0	27170.0	0.5795	1.0
b3[1,41]	4.887	0.002796	0.7359	0.7277	3.574	4.843	6.454	75800.0	30120.0	0.5934	1.0
b3[1,42]	2.88	0.001937	0.4569	0.4571	2.068	2.855	3.851	59380.0	29880.0	0.4649	1.0
b3[1,43]	1.451	0.001112	0.3169	0.3162	0.8636	1.439	2.102	85000.0	28600.0	0.6654	1.0
b3[1,44]	2.912	0.001416	0.3784	0.3772	2.219	2.895	3.706	74810.0	27750.0	0.5856	1.0
b3[1,45]	0.2627	0.0009492	0.2716	0.2684	-0.2589	0.2566	0.8096	82920.0	28620.0	0.6491	1.0
b3[1,46]	3.49	0.00195	0.5044	0.5011	2.59	3.464	4.571	73110.0	27940.0	0.5723	1.0
b3[1,47]	1.382	0.001158	0.3316	0.3308	0.764	1.369	2.062	84910.0	29110.0	0.6647	1.0
b3[1,48]	2.018	0.001516	0.4043	0.3949	1.276	2.0	2.868	75030.0	27700.0	0.5874	1.0
b3[1,49]	1.81	0.0009625	0.2666	0.266	1.313	1.802	2.358	79740.0	28310.0	0.6242	1.0
b3[1,50]	1.006	0.0007662	0.212	0.2111	0.6017	1.001	1.432	77140.0	28580.0	0.6039	1.0
b3[1,51]	3.484	0.001761	0.4656	0.4577	2.64	3.457	4.472	75970.0	27790.0	0.5948	1.0
b3[1,52]	2.817	0.00149	0.3882	0.3854	2.117	2.796	3.637	74450.0	25740.0	0.5828	1.0
b3[1,53]	0.3412	0.0009793	0.2868	0.2897	-0.2076	0.3369	0.9123	86340.0	29150.0	0.6759	1.0
b3[1,54]	0.9071	0.001619	0.3669	0.3611	0.2193	0.8947	1.665	54250.0	26060.0	0.4247	1.0
b3[1,55]	1.351	0.0008604	0.2429	0.239	0.8919	1.344	1.849	81500.0	28300.0	0.638	1.0
b3[1,56]	-1.58	0.0008797	0.2351	0.2323	-2.059	-1.574	-1.132	72400.0	31590.0	0.5668	1.0
b3[1,57]	1.147	0.001025	0.2722	0.2721	0.6364	1.138	1.703	72360.0	30380.0	0.5665	1.0
b3[1,58]	1.926	0.001274	0.3409	0.3386	1.302	1.907	2.637	76220.0	26190.0	0.5967	1.0
b3[1,59]	2.035	0.001859	0.4253	0.4206	1.261	2.015	2.931	53760.0	28690.0	0.4209	1.0
b3[1,60]	0.966	0.001188	0.3037	0.2984	0.3954	0.9565	1.587	66460.0	31230.0	0.5203	1.0
b3[1,61]	0.7204	0.001349	0.3258	0.3212	0.109	0.7129	1.384	58920.0	28860.0	0.4612	1.0
b3[1,62]	0.9149	0.001216	0.3061	0.3057	0.3384	0.9034	1.543	64870.0	28720.0	0.5078	1.0
b3[1,63]	1.136	0.0009815	0.2625	0.2589	0.6435	1.127	1.681	73450.0	29670.0	0.575	1.0
b3[1,64]	2.337	0.001245	0.3335	0.3307	1.726	2.323	3.032	75870.0	29470.0	0.594	1.0
b3[1,65]	1.223	0.0007721	0.221	0.2218	0.8016	1.219	1.666	83400.0	28000.0	0.6529	1.0
b3[1,66]	0.8652	0.001213	0.3071	0.3052	0.2852	0.8584	1.496	65550.0	27760.0	0.5132	1.0
b3[1,67]	1.169	0.0007959	0.2291	0.2274	0.7364	1.164	1.631	83910.0	28980.0	0.6569	1.0
b3[1,68]	0.4611	0.0007003	0.1875	0.1882	0.09801	0.4596	0.8325	71910.0	28790.0	0.563	1.0
b3[1,69]	1.47	0.001315	0.3545	0.3537	0.8141	1.456	2.206	76190.0	26580.0	0.5964	1.0
b3[1,70]	0.112	0.0007877	0.2155	0.2155	-0.3076	0.1128	0.5339	74950.0	29350.0	0.5867	1.0
b3[1,71]	1.122	0.001241	0.3371	0.3351	0.4906	1.11	1.817	76210.0	28040.0	0.5966	1.0
b3[1,72]	0.3419	0.0006837	0.1864	0.187	-0.01955	0.3408	0.708	74600.0	29630.0	0.584	1.0
b3[1,73]	0.2067	0.0007056	0.1824	0.1825	-0.1505	0.2058	0.5642	67170.0	29900.0	0.5259	1.0
b3[1,74]	3.113	0.00203	0.4909	0.4888	2.227	3.084	4.136	61940.0	28990.0	0.4849	1.0
b3[1,75]	0.9321	0.000715	0.1986	0.1981	0.5533	0.9295	1.328	78320.0	27760.0	0.6131	1.0
b3[1,76]	3.883	0.002244	0.5413	0.5343	2.919	3.849	5.044	63230.0	27710.0	0.495	1.0
b3[1,77]	1.404	0.0008042	0.2277	0.2279	0.9728	1.4	1.862	82100.0	29000.0	0.6427	1.0
b3[1,78]	0.9389	0.0007494	0.2119	0.213	0.5338	0.9363	1.366	80680.0	30220.0	0.6316	1.0
b3[1,79]	2.166	0.001395	0.295	0.2925	1.619	2.153	2.776	46040.0	27080.0	0.3604	1.0
b3[1,80]	0.406	0.0008204	0.1915	0.1914	0.039	0.4054	0.7867	54500.0	27360.0	0.4266	1.0
b3[1,81]	0.7811	0.0009271	0.2669	0.2658	0.2727	0.7759	1.316	84140.0	28560.0	0.6587	1.001
b3[1,82]	0.5539	0.0007124	0.1884	0.1883	0.19	0.5529	0.928	69070.0	27470.0	0.5407	1.0
b3[1,83]	1.85	0.001295	0.3526	0.3486	1.205	1.833	2.58	78010.0	27390.0	0.6107	1.0
b3[1,84]	0.8413	0.001081	0.2953	0.2956	0.2762	0.8344	1.439	76440.0	27570.0	0.5984	1.0
b3[1,85]	1.948	0.002146	0.4486	0.4484	1.125	1.93	2.881	45390.0	27100.0	0.3553	1.0
b3[1,86]	0.3019	0.001113	0.3245	0.3262	-0.3299	0.2995	0.9469	85540.0	29510.0	0.6696	1.0
b3[1,87]	0.6888	0.000927	0.2477	0.2467	0.2172	0.6846	1.19	72570.0	26290.0	0.5681	1.0
b3[1,88]	1.282	0.0008953	0.2358	0.2357	0.8418	1.275	1.763	70930.0	30510.0	0.5553	1.0
b3[1,89]	0.2658	0.00107	0.3106	0.3054	-0.3414	0.2624	0.8872	84630.0	28860.0	0.6625	1.0
b3[1,90]	0.516	0.0007697	0.2177	0.2168	0.09669	0.5138	0.9491	80360.0	30150.0	0.6291	1.0
b3[1,91]	1.87	0.002092	0.4229	0.4207	1.09	1.853	2.749	42570.0	28680.0	0.3333	1.0
b3[1,92]	1.991	0.001282	0.2945	0.2908	1.453	1.977	2.603	55100.0	28080.0	0.4313	1.0
b3[1,93]	1.882	0.001623	0.4155	0.411	1.12	1.861	2.758	69330.0	28100.0	0.5427	1.0
b3[1,94]	1.615	0.0009765	0.2633	0.2617	1.124	1.606	2.154	75350.0	28030.0	0.5898	1.0
b3[1,95]	0.4056	0.001104	0.3172	0.3166	-0.2027	0.4017	1.038	83380.0	28560.0	0.6527	1.0
b3[1,96]	1.187	0.0009411	0.2459	0.2447	0.723	1.18	1.688	69440.0	28630.0	0.5436	1.0
b3[1,97]	1.35	0.0008908	0.2339	0.2344	0.9129	1.342	1.821	70740.0	27700.0	0.5538	0.9999
b3[1,98]	1.361	0.001262	0.3549	0.3527	0.7039	1.349	2.09	81930.0	28630.0	0.6414	1.0
b3[1,99]	0.2949	0.0008782	0.1956	0.196	-0.08192	0.2929	0.6803	49710.0	30630.0	0.3892	1.0
b3[1,100]	1.343	0.001333	0.3449	0.341	0.7081	1.328	2.056	70200.0	28810.0	0.5495	1.0
b3[1,101]	2.907	0.001588	0.3989	0.3944	2.18	2.888	3.749	66670.0	28890.0	0.5219	1.0
b3[1,102]	4.324	0.002448	0.6113	0.609	3.228	4.288	5.629	67500.0	28160.0	0.5284	1.0
b3[1,103]	0.7941	0.0009247	0.2568	0.2557	0.3102	0.7874	1.315	79050.0	29260.0	0.6188	1.0
b3[1,104]	0.4235	0.0008578	0.2466	0.2472	-0.05289	0.4211	0.9185	83330.0	28000.0	0.6524	1.0
b3[1,105]	0.3964	0.001086	0.3008	0.2991	-0.191	0.3946	0.9953	77260.0	28850.0	0.6048	1.0
b3[1,106]	4.45	0.002684	0.6578	0.6495	3.29	4.407	5.866	67030.0	28650.0	0.5247	1.0
b3[1,107]	4.005	0.002112	0.5544	0.5523	3.006	3.976	5.173	74150.0	27830.0	0.5805	1.0
b3[1,108]	3.133	0.001655	0.4122	0.4081	2.387	3.111	3.993	66570.0	26900.0	0.5211	1.0
b3[1,109]	-0.02585	0.0008204	0.2203	0.2193	-0.4557	-0.02604	0.4045	72330.0	28520.0	0.5663	1.0
b3[1,110]	1.092	0.0008644	0.2458	0.245	0.6284	1.085	1.593	82560.0	30120.0	0.6463	1.0
b3[1,111]	3.509	0.001924	0.4909	0.4898	2.633	3.478	4.552	69860.0	29820.0	0.5469	1.0
b3[1,112]	0.688	0.001402	0.4004	0.3959	-0.07515	0.68	1.5	83940.0	28440.0	0.6571	1.0
b3[1,113]	0.2377	0.0008248	0.1924	0.1915	-0.1349	0.2377	0.6158	54500.0	28890.0	0.4267	1.0
b3[1,114]	-0.5926	0.001048	0.2857	0.2822	-1.17	-0.587	-0.04456	75510.0	28010.0	0.5911	1.0
b3[1,115]	1.013	0.0009154	0.2648	0.2597	0.5132	1.005	1.558	86000.0	29050.0	0.6732	1.0
b3[1,116]	2.49	0.001932	0.509	0.5043	1.566	2.464	3.562	73810.0	28410.0	0.5778	1.0
b3[1,117]	0.5182	0.0008731	0.2222	0.2227	0.09099	0.5145	0.963	65170.0	27890.0	0.5102	1.0
b3[1,118]	0.8455	0.001007	0.2745	0.2731	0.3326	0.8365	1.404	77100.0	27960.0	0.6036	1.0
b3[1,119]	5.088	0.003271	0.7817	0.7754	3.706	5.037	6.765	62650.0	27870.0	0.4904	1.0
b3[1,120]	0.8766	0.001605	0.4304	0.4253	0.06045	0.8651	1.752	73720.0	29080.0	0.5771	1.0
b3[1,121]	1.475	0.0008665	0.2448	0.2432	1.015	1.468	1.98	81130.0	30400.0	0.6351	1.0
b3[1,122]	-0.3142	0.001207	0.3428	0.3387	-0.9984	-0.311	0.3444	81430.0	27090.0	0.6375	1.0
b3[1,123]	0.8367	0.0009124	0.2584	0.2569	0.3442	0.831	1.363	81450.0	29860.0	0.6377	1.0
b3[1,124]	1.279	0.001576	0.4156	0.4172	0.5106	1.263	2.132	72060.0	30510.0	0.5641	1.0
b3[1,125]	0.6068	0.001076	0.2919	0.2882	0.05697	0.5999	1.199	74680.0	32540.0	0.5847	1.0
b3[1,126]	-0.01956	0.0008713	0.2252	0.2254	-0.4566	-0.01995	0.4231	66910.0	30090.0	0.5238	1.0
b3[1,127]	1.244	0.001035	0.3041	0.3019	0.6722	1.235	1.868	88710.0	29120.0	0.6945	1.0
b3[1,128]	1.603	0.001319	0.3688	0.3614	0.9191	1.588	2.37	82160.0	27170.0	0.6432	1.0
b3[1,129]	0.7696	0.001073	0.2796	0.2784	0.2417	0.7622	1.336	69090.0	28160.0	0.5409	1.0
b3[1,130]	0.848	0.0008524	0.2041	0.2038	0.4542	0.8453	1.258	57620.0	27840.0	0.451	1.0
b3[1,131]	1.543	0.0008243	0.2361	0.2343	1.096	1.537	2.025	84180.0	28440.0	0.659	1.0
b3[1,132]	1.722	0.0009583	0.2585	0.2567	1.242	1.713	2.254	74050.0	29470.0	0.5797	1.0
b3[1,133]	-0.6032	0.001161	0.2881	0.2852	-1.182	-0.5971	-0.05404	61940.0	29520.0	0.4849	1.0
b3[1,134]	-0.3528	0.0006949	0.185	0.1858	-0.7181	-0.3529	0.004943	71050.0	33090.0	0.5562	1.0
b3[1,135]	1.52	0.001763	0.3293	0.3271	0.9139	1.504	2.205	35220.0	26680.0	0.2757	1.0
b3[1,136]	0.3212	0.000942	0.2735	0.2699	-0.2144	0.317	0.8649	84820.0	27660.0	0.664	1.0
b3[1,137]	1.65	0.001715	0.4619	0.4602	0.7938	1.634	2.61	75750.0	28330.0	0.593	1.0
b3[1,138]	0.7927	0.0008931	0.2517	0.2511	0.3141	0.7863	1.304	80510.0	30170.0	0.6303	1.0
b3[1,139]	0.4931	0.000793	0.2018	0.2001	0.1008	0.491	0.8937	65050.0	28500.0	0.5092	1.0
b3[1,140]	0.5827	0.001232	0.3056	0.3022	0.008548	0.5734	1.207	63530.0	29400.0	0.4973	1.0
b3[1,141]	2.393	0.001502	0.4087	0.4045	1.655	2.37	3.25	78800.0	27850.0	0.6169	1.0
b3[1,142]	0.8982	0.0009688	0.2484	0.247	0.4301	0.893	1.399	67730.0	28200.0	0.5303	1.0
b3[1,143]	0.5309	0.0009686	0.2803	0.2799	-0.002855	0.5258	1.091	84350.0	30660.0	0.6603	1.0
b3[1,144]	3.765	0.002254	0.5205	0.5155	2.834	3.731	4.864	56770.0	27630.0	0.4444	1.0
b3[1,145]	0.9071	0.001126	0.3271	0.3242	0.2936	0.8978	1.584	86500.0	28160.0	0.6772	1.0
b3[1,146]	1.417	0.001083	0.2814	0.2811	0.8905	1.409	1.995	69030.0	28660.0	0.5404	1.0
b3[1,147]	4.103	0.002296	0.5906	0.5878	3.056	4.07	5.359	71290.0	29450.0	0.5581	1.0
b3[1,148]	2.485	0.001539	0.4171	0.4105	1.72	2.464	3.363	78830.0	27800.0	0.6171	1.0
b3[1,149]	0.6664	0.0008494	0.2501	0.2501	0.1814	0.663	1.162	87270.0	29090.0	0.6832	1.0
b3[1,150]	2.116	0.002393	0.384	0.3821	1.421	2.097	2.919	25860.0	26460.0	0.2025	1.0
b3[1,151]	0.8817	0.001135	0.3086	0.3042	0.299	0.8734	1.515	75870.0	28400.0	0.5939	1.0
b3[1,152]	2.867	0.001576	0.4306	0.4297	2.09	2.845	3.771	80560.0	26650.0	0.6307	1.0
b3[1,153]	0.1978	0.0007087	0.1828	0.183	-0.1601	0.1979	0.557	66700.0	29670.0	0.5222	1.0
b3[1,154]	0.7803	0.0007544	0.2032	0.2018	0.3877	0.7772	1.186	73040.0	29650.0	0.5718	1.0
b3[1,155]	2.154	0.00101	0.2873	0.2854	1.622	2.142	2.746	84340.0	29730.0	0.6602	1.0
b3[2,1]	1.114	0.001388	0.3744	0.3714	0.4116	1.104	1.881	74920.0	29650.0	0.5865	1.0
b3[2,2]	0.6479	0.0009071	0.2396	0.2384	0.1939	0.6432	1.129	70550.0	28010.0	0.5523	1.0
b3[2,3]	-0.0287	0.001119	0.3192	0.3172	-0.6554	-0.02912	0.5966	81620.0	29190.0	0.639	1.0
b3[2,4]	3.17	0.002033	0.5159	0.5128	2.257	3.137	4.263	69250.0	29040.0	0.5421	1.0
b3[2,5]	-1.877	0.00163	0.2784	0.2753	-2.453	-1.868	-1.358	29880.0	28560.0	0.2339	1.0
b3[2,6]	-0.281	0.0009317	0.257	0.2557	-0.7878	-0.2802	0.2227	76180.0	28980.0	0.5963	1.0
b3[2,7]	0.9412	0.001429	0.4074	0.4064	0.175	0.9289	1.775	83340.0	29270.0	0.6524	1.0
b3[2,8]	-0.1046	0.001556	0.3934	0.3903	-0.882	-0.101	0.6647	64180.0	28380.0	0.5024	1.0
b3[2,9]	1.752	0.001752	0.4269	0.42	0.9703	1.736	2.638	61250.0	28270.0	0.4795	1.0
b3[2,10]	1.518	0.001038	0.261	0.2585	1.034	1.508	2.053	64400.0	30760.0	0.5041	1.0
b3[2,11]	0.8391	0.0009966	0.2597	0.2599	0.3469	0.8328	1.361	68990.0	25910.0	0.5401	1.0
b3[2,12]	0.5869	0.001172	0.3394	0.3362	-0.06067	0.5785	1.272	85250.0	27020.0	0.6674	1.0
b3[2,13]	0.9414	0.0009383	0.2377	0.2335	0.4912	0.9333	1.427	65250.0	28500.0	0.5108	1.0
b3[2,14]	4.632	0.002698	0.683	0.6625	3.415	4.586	6.102	70430.0	27510.0	0.5514	1.0
b3[2,15]	0.07738	0.001258	0.3624	0.3607	-0.6253	0.0767	0.7942	83270.0	27100.0	0.6519	1.0
b3[2,16]	2.182	0.001435	0.371	0.3672	1.513	2.163	2.97	70610.0	28900.0	0.5528	1.0
b3[2,17]	-0.06558	0.001025	0.2687	0.266	-0.5991	-0.0653	0.4589	68960.0	27960.0	0.5398	1.0
b3[2,18]	-0.482	0.0007919	0.2118	0.2117	-0.903	-0.4801	-0.07259	72020.0	30250.0	0.5638	1.0
b3[2,19]	0.4382	0.0007492	0.1991	0.1981	0.0523	0.4364	0.8327	70830.0	29470.0	0.5545	1.0
b3[2,20]	0.3895	0.0012	0.3467	0.3469	-0.2794	0.3876	1.077	84250.0	25710.0	0.6595	1.0
b3[2,21]	0.4883	0.0008563	0.2187	0.2161	0.06299	0.4853	0.9258	65540.0	27140.0	0.513	1.0
b3[2,22]	3.853	0.002144	0.5439	0.5404	2.888	3.818	5.001	70060.0	28090.0	0.5484	1.0
b3[2,23]	1.959	0.001832	0.4876	0.4818	1.064	1.939	2.979	74450.0	30410.0	0.5828	1.0
b3[2,24]	0.6878	0.001004	0.2151	0.2143	0.2788	0.6832	1.118	46090.0	27130.0	0.3608	1.0
b3[2,25]	-1.208	0.002237	0.4231	0.4222	-2.093	-1.192	-0.4291	36840.0	26370.0	0.2884	1.0
b3[2,26]	0.4999	0.001147	0.3327	0.3334	-0.1413	0.4952	1.162	84810.0	27220.0	0.6639	1.0
b3[2,27]	2.264	0.001483	0.3947	0.3934	1.541	2.246	3.089	74750.0	28880.0	0.5852	1.0
b3[2,28]	0.5251	0.0007199	0.1913	0.1928	0.1579	0.5236	0.9021	70830.0	27570.0	0.5545	1.0
b3[2,29]	1.447	0.001144	0.2988	0.2961	0.8959	1.437	2.063	70750.0	29650.0	0.5538	1.0
b3[2,30]	0.3661	0.0009563	0.2702	0.269	-0.1524	0.3633	0.906	80850.0	27900.0	0.6329	1.0
b3[2,31]	1.685	0.001647	0.4511	0.4493	0.8544	1.668	2.612	78300.0	28640.0	0.613	1.0
b3[2,32]	0.5774	0.0008561	0.1903	0.1888	0.206	0.5753	0.9584	49620.0	27420.0	0.3884	1.0
b3[2,33]	3.704	0.00187	0.5095	0.5037	2.791	3.675	4.785	81400.0	26930.0	0.6372	1.0
b3[2,34]	3.051	0.001722	0.4231	0.4174	2.294	3.024	3.952	64870.0	27990.0	0.5079	1.0
b3[2,35]	0.67	0.0009794	0.2614	0.2609	0.1745	0.664	1.196	71990.0	29560.0	0.5635	1.0
b3[2,36]	1.428	0.001885	0.4693	0.4671	0.5537	1.412	2.393	64580.0	29310.0	0.5055	1.0
b3[2,37]	0.816	0.0007853	0.2059	0.2038	0.4234	0.8122	1.232	69550.0	30270.0	0.5444	1.0
b3[2,38]	1.163	0.001422	0.4	0.3972	0.4156	1.151	1.982	81550.0	27120.0	0.6384	1.0
b3[2,39]	1.667	0.00177	0.4673	0.4655	0.8037	1.65	2.642	73100.0	29690.0	0.5723	1.0
b3[2,40]	4.266	0.002466	0.6137	0.6079	3.181	4.225	5.577	68900.0	27780.0	0.5393	1.0
b3[2,41]	4.393	0.002645	0.6538	0.6455	3.236	4.349	5.797	68360.0	25480.0	0.5352	1.0
b3[2,42]	1.809	0.001317	0.3461	0.3458	1.175	1.796	2.528	72010.0	25880.0	0.5638	1.0
b3[2,43]	0.3503	0.001009	0.2878	0.2848	-0.2058	0.3467	0.9255	82250.0	26520.0	0.6439	1.0
b3[2,44]	1.048	0.000946	0.2061	0.203	0.6502	1.045	1.461	47850.0	25160.0	0.3746	1.0
b3[2,45]	-0.3274	0.0008363	0.2039	0.2063	-0.728	-0.3268	0.06805	59900.0	26900.0	0.4689	1.0
b3[2,46]	3.724	0.002079	0.5324	0.5255	2.779	3.692	4.867	72030.0	29080.0	0.5639	1.0
b3[2,47]	0.4262	0.001164	0.3179	0.3162	-0.1856	0.4222	1.063	75190.0	31070.0	0.5886	1.0
b3[2,48]	1.388	0.001256	0.3401	0.3357	0.7491	1.375	2.095	75690.0	29400.0	0.5926	1.0
b3[2,49]	1.709	0.0009046	0.2524	0.251	1.233	1.701	2.218	79450.0	30040.0	0.6219	1.0
b3[2,50]	1.727	0.0008512	0.2462	0.2438	1.26	1.72	2.231	85320.0	29580.0	0.6679	1.0
b3[2,51]	2.535	0.001374	0.3444	0.3407	1.908	2.519	3.254	66540.0	29000.0	0.5209	1.0
b3[2,52]	2.401	0.001146	0.2855	0.2853	1.874	2.391	2.992	64710.0	25690.0	0.5066	1.0
b3[2,53]	0.9211	0.001028	0.2938	0.2913	0.3654	0.9143	1.518	83070.0	30370.0	0.6503	1.0
b3[2,54]	1.207	0.00123	0.3205	0.3176	0.6042	1.199	1.864	71450.0	26860.0	0.5594	1.0
b3[2,55]	1.159	0.0009941	0.2448	0.2427	0.7044	1.15	1.665	62350.0	29380.0	0.4881	1.0
b3[2,56]	-0.5977	0.0008169	0.1896	0.1892	-0.973	-0.5962	-0.2316	54010.0	33260.0	0.4228	1.0
b3[2,57]	0.5809	0.0008635	0.2372	0.2364	0.127	0.5763	1.058	76050.0	28570.0	0.5954	1.0
b3[2,58]	2.312	0.0016	0.4125	0.4099	1.56	2.292	3.173	70300.0	28950.0	0.5503	1.0
b3[2,59]	1.301	0.001115	0.2713	0.2669	0.7937	1.291	1.864	60830.0	25430.0	0.4762	1.0
b3[2,60]	0.6922	0.0009988	0.2832	0.2803	0.1513	0.6849	1.267	81790.0	29050.0	0.6403	1.0
b3[2,61]	-3.506	0.002208	0.4938	0.4897	-4.554	-3.475	-2.626	53090.0	28900.0	0.4156	1.0
b3[2,62]	2.573	0.001687	0.4413	0.4337	1.773	2.548	3.502	73170.0	28640.0	0.5728	1.0
b3[2,63]	1.405	0.0008551	0.2365	0.2374	0.9593	1.399	1.89	78370.0	26770.0	0.6135	1.0
b3[2,64]	1.67	0.0009846	0.2471	0.2471	1.209	1.662	2.172	64780.0	26490.0	0.5071	1.0
b3[2,65]	1.074	0.0007457	0.2102	0.2113	0.6745	1.07	1.494	80320.0	29430.0	0.6288	1.0
b3[2,66]	1.792	0.001661	0.4334	0.4334	0.9921	1.774	2.689	70510.0	31000.0	0.552	1.0
b3[2,67]	0.6807	0.0007662	0.2113	0.2105	0.2724	0.6774	1.102	76730.0	28950.0	0.6007	1.0
b3[2,68]	1.276	0.0007523	0.2166	0.2172	0.8662	1.272	1.712	84220.0	29920.0	0.6594	1.0
b3[2,69]	2.388	0.001778	0.4673	0.4654	1.54	2.365	3.36	73160.0	29690.0	0.5728	1.0
b3[2,70]	0.5145	0.0008882	0.2425	0.2428	0.05307	0.51	0.9984	74960.0	31000.0	0.5869	1.0
b3[2,71]	0.55	0.001002	0.2729	0.2694	0.02614	0.5459	1.105	75220.0	27650.0	0.5889	1.0
b3[2,72]	0.2405	0.0006791	0.1822	0.1807	-0.1158	0.2399	0.601	72080.0	30660.0	0.5643	1.0
b3[2,73]	0.4836	0.0006736	0.1878	0.1873	0.1181	0.4828	0.8571	78000.0	30310.0	0.6106	1.0
b3[2,74]	2.167	0.001369	0.3531	0.3508	1.524	2.149	2.908	69580.0	29320.0	0.5447	1.0
b3[2,75]	1.243	0.000765	0.2154	0.2155	0.8328	1.239	1.675	80100.0	29640.0	0.627	1.0
b3[2,76]	2.009	0.001295	0.2774	0.275	1.494	2.002	2.577	46590.0	25560.0	0.3647	1.0
b3[2,77]	0.3056	0.0006994	0.1823	0.1812	-0.05237	0.3042	0.6663	68120.0	28230.0	0.5333	1.0
b3[2,78]	0.8196	0.0007934	0.2193	0.2162	0.4007	0.8143	1.262	77560.0	28960.0	0.6072	1.0
b3[2,79]	4.035	0.002308	0.5654	0.5619	3.027	4.003	5.234	64670.0	28030.0	0.5063	1.0
b3[2,80]	0.1144	0.0009794	0.2872	0.2843	-0.4439	0.1144	0.6846	86090.0	28810.0	0.674	1.0
b3[2,81]	0.08927	0.0007816	0.1985	0.1983	-0.3039	0.09074	0.4782	64500.0	27350.0	0.505	1.0
b3[2,82]	1.055	0.0008059	0.2301	0.2286	0.6189	1.049	1.518	82940.0	29050.0	0.6493	1.0
b3[2,83]	1.846	0.001305	0.3714	0.3703	1.165	1.831	2.61	86340.0	28260.0	0.6759	1.0
b3[2,84]	1.261	0.00136	0.3713	0.3712	0.5664	1.249	2.021	77100.0	28570.0	0.6036	1.0
b3[2,85]	0.4443	0.001184	0.2868	0.2825	-0.1149	0.4427	1.013	59030.0	26860.0	0.4621	1.0
b3[2,86]	0.3327	0.001049	0.2961	0.2945	-0.2411	0.3289	0.9267	79950.0	28510.0	0.6259	1.0
b3[2,87]	0.6958	0.001066	0.3039	0.3032	0.1203	0.6883	1.312	82680.0	29030.0	0.6473	1.0
b3[2,88]	1.468	0.000821	0.2318	0.2318	1.031	1.462	1.938	81840.0	27650.0	0.6407	1.0
b3[2,89]	0.581	0.0008504	0.2077	0.2067	0.1823	0.578	0.9942	60220.0	26000.0	0.4714	1.0
b3[2,90]	0.2436	0.0008166	0.2303	0.23	-0.205	0.2431	0.6985	79990.0	27860.0	0.6262	1.0
b3[2,91]	0.3825	0.001021	0.2293	0.2295	-0.055	0.3796	0.8395	50640.0	29510.0	0.3965	1.0
b3[2,92]	3.106	0.001833	0.4332	0.424	2.333	3.08	4.025	61110.0	26410.0	0.4784	1.0
b3[2,93]	0.4313	0.001111	0.2745	0.2729	-0.1003	0.43	0.9799	61460.0	25860.0	0.4811	1.0
b3[2,94]	1.275	0.001203	0.329	0.3253	0.6578	1.266	1.955	77270.0	27140.0	0.6049	1.0
b3[2,95]	0.23	0.0009384	0.252	0.2503	-0.262	0.2287	0.7288	72190.0	27970.0	0.5651	1.0
b3[2,96]	1.928	0.001245	0.3335	0.3302	1.321	1.911	2.624	76560.0	27050.0	0.5993	1.0
b3[2,97]	1.911	0.001086	0.2973	0.2939	1.362	1.899	2.533	78420.0	27490.0	0.6139	1.001
b3[2,98]	0.9119	0.001238	0.3382	0.3365	0.2706	0.9031	1.607	76410.0	28580.0	0.5982	1.0
b3[2,99]	-2.12	0.001032	0.2863	0.2862	-2.703	-2.11	-1.59	79210.0	31300.0	0.6201	1.0
b3[2,100]	0.9267	0.001055	0.2458	0.2473	0.4662	0.9202	1.431	54840.0	28660.0	0.4294	1.0
b3[2,101]	1.093	0.001059	0.2447	0.245	0.6344	1.086	1.593	54250.0	28420.0	0.4247	1.0
b3[2,102]	2.632	0.00157	0.3572	0.3535	1.982	2.615	3.382	53810.0	28670.0	0.4212	1.0
b3[2,103]	1.544	0.0008548	0.2352	0.2347	1.098	1.539	2.022	77290.0	28260.0	0.6051	1.0
b3[2,104]	1.092	0.000778	0.2067	0.2035	0.6934	1.088	1.509	71910.0	25950.0	0.5629	1.0
b3[2,105]	0.006391	0.001041	0.3006	0.2963	-0.5845	0.006496	0.6025	83530.0	26810.0	0.6539	1.0
b3[2,106]	4.318	0.00266	0.6482	0.64	3.175	4.273	5.721	67050.0	25740.0	0.5249	1.0
b3[2,107]	2.691	0.001627	0.3786	0.3767	2.01	2.67	3.485	56990.0	28270.0	0.4462	1.0
b3[2,108]	3.943	0.00207	0.546	0.5376	2.957	3.91	5.109	76860.0	27810.0	0.6017	1.0
b3[2,109]	0.4253	0.0008799	0.2523	0.2526	-0.06118	0.4227	0.929	82920.0	29750.0	0.6492	1.0
b3[2,110]	-0.4312	0.000797	0.217	0.2191	-0.8593	-0.429	-0.01314	74580.0	29480.0	0.5838	1.0
b3[2,111]	4.426	0.002435	0.6364	0.6317	3.292	4.389	5.783	74570.0	28800.0	0.5838	1.0
b3[2,112]	0.9113	0.00126	0.3464	0.3422	0.2598	0.9003	1.618	77510.0	27780.0	0.6068	1.0
b3[2,113]	1.524	0.00123	0.3208	0.316	0.9335	1.509	2.187	71580.0	28080.0	0.5604	1.0
b3[2,114]	0.6041	0.001227	0.3479	0.3434	-0.05939	0.5986	1.303	81730.0	29120.0	0.6398	1.0
b3[2,115]	0.8401	0.0008229	0.2197	0.2183	0.4195	0.8369	1.28	72430.0	28250.0	0.567	1.0
b3[2,116]	1.651	0.001549	0.4168	0.4142	0.8822	1.631	2.519	76050.0	27710.0	0.5954	1.0
b3[2,117]	1.436	0.001124	0.2994	0.2968	0.887	1.424	2.06	75290.0	27440.0	0.5894	1.0
b3[2,118]	0.2669	0.0007957	0.2087	0.2087	-0.1375	0.2654	0.6817	68940.0	27740.0	0.5397	1.0
b3[2,119]	4.886	0.003072	0.7468	0.7376	3.566	4.837	6.498	64510.0	28020.0	0.505	1.0
b3[2,120]	1.691	0.001202	0.3161	0.314	1.106	1.678	2.343	72020.0	27410.0	0.5638	1.0
b3[2,121]	0.3252	0.0007529	0.1935	0.1926	-0.05024	0.3234	0.7045	66170.0	28170.0	0.518	1.0
b3[2,122]	0.8202	0.00108	0.3036	0.2997	0.2458	0.8107	1.44	80370.0	30000.0	0.6292	1.0
b3[2,123]	0.1237	0.0008267	0.2258	0.222	-0.3193	0.1226	0.5761	74620.0	26420.0	0.5841	1.0
b3[2,124]	1.856	0.001789	0.4802	0.4781	0.9822	1.833	2.861	76940.0	28520.0	0.6023	1.0
b3[2,125]	0.9194	0.001082	0.3026	0.3011	0.3448	0.91	1.54	80440.0	29480.0	0.6297	1.0
b3[2,126]	0.1389	0.0009544	0.2788	0.2735	-0.4027	0.1368	0.6931	85560.0	30130.0	0.6698	1.0
b3[2,127]	0.3942	0.001054	0.2906	0.2897	-0.1676	0.3895	0.9779	76580.0	29240.0	0.5995	1.0
b3[2,128]	1.129	0.001259	0.3456	0.3455	0.4852	1.116	1.839	77970.0	29060.0	0.6104	1.0
b3[2,129]	0.3187	0.001213	0.3668	0.3682	-0.3845	0.3167	1.043	91740.0	30130.0	0.7182	1.0
b3[2,130]	0.9477	0.001138	0.3134	0.3104	0.355	0.9389	1.591	78150.0	28540.0	0.6118	1.0
b3[2,131]	0.1738	0.0007103	0.1813	0.1804	-0.1795	0.1726	0.5318	65230.0	27470.0	0.5106	1.0
b3[2,132]	1.468	0.0008309	0.2284	0.228	1.037	1.462	1.931	77000.0	28520.0	0.6028	1.0
b3[2,133]	0.9447	0.001323	0.3698	0.3641	0.2475	0.9337	1.709	80430.0	27760.0	0.6296	1.0
b3[2,134]	0.1058	0.0006835	0.1841	0.1843	-0.2556	0.1059	0.4688	72720.0	30180.0	0.5693	1.0
b3[2,135]	1.455	0.001816	0.4682	0.4617	0.5831	1.438	2.432	69620.0	28530.0	0.545	1.0
b3[2,136]	0.4484	0.0009328	0.2689	0.267	-0.07234	0.4445	0.9867	83990.0	28390.0	0.6575	1.0
b3[2,137]	2.366	0.002811	0.5919	0.5885	1.286	2.339	3.589	46360.0	29070.0	0.363	1.0
b3[2,138]	0.807	0.0009129	0.2715	0.2703	0.2905	0.8023	1.354	90170.0	27660.0	0.7059	1.0
b3[2,139]	0.2989	0.0009013	0.2592	0.2576	-0.2037	0.2956	0.8134	82930.0	30110.0	0.6492	1.0
b3[2,140]	-0.435	0.0009709	0.2615	0.2606	-0.9584	-0.4315	0.06657	73380.0	28490.0	0.5745	1.0
b3[2,141]	1.936	0.001595	0.4137	0.4139	1.174	1.918	2.801	70410.0	28530.0	0.5512	1.0
b3[2,142]	1.178	0.001335	0.3554	0.3535	0.517	1.165	1.913	74360.0	29000.0	0.5821	1.0
b3[2,143]	0.5807	0.0009185	0.2584	0.259	0.08543	0.5755	1.098	80170.0	27630.0	0.6276	1.0
b3[2,144]	0.8445	0.001173	0.2492	0.2451	0.3743	0.8379	1.35	45610.0	29450.0	0.357	1.0
b3[2,145]	0.3009	0.0009871	0.2839	0.2816	-0.2423	0.2961	0.8674	83820.0	28540.0	0.6562	1.0
b3[2,146]	1.226	0.001156	0.293	0.2934	0.6867	1.214	1.835	65840.0	29530.0	0.5154	1.0
b3[2,147]	4.198	0.002899	0.681	0.6742	3.002	4.149	5.66	58280.0	29140.0	0.4562	1.0
b3[2,148]	1.405	0.001393	0.3948	0.3884	0.6751	1.388	2.219	83910.0	28190.0	0.6569	1.0
b3[2,149]	0.5914	0.000787	0.2186	0.2177	0.1714	0.5884	1.027	77570.0	28370.0	0.6072	1.0
b3[2,150]	1.733	0.001945	0.497	0.4941	0.8257	1.709	2.766	69240.0	27700.0	0.542	1.0
b3[2,151]	0.5798	0.001038	0.2945	0.2911	0.0184	0.5741	1.173	82410.0	27770.0	0.6451	1.0
b3[2,152]	2.664	0.001554	0.4165	0.4133	1.918	2.642	3.54	77710.0	28970.0	0.6084	1.0
b3[2,153]	-0.6316	0.0007144	0.1899	0.1901	-1.007	-0.6303	-0.2654	70940.0	33540.0	0.5553	1.0
b3[2,154]	0.2958	0.0007473	0.1941	0.1935	-0.08062	0.2936	0.679	67680.0	30050.0	0.5298	1.0
b3[2,155]	0.6322	0.0007926	0.1915	0.1897	0.2599	0.6311	1.015	58560.0	26200.0	0.4585	1.0
b4[1,1]	0.3921	0.001032	0.268	0.2675	-0.1189	0.3888	0.929	68020.0	25520.0	0.5325	1.0
b4[1,2]	0.7273	0.001022	0.2812	0.2777	0.1899	0.7204	1.3	77260.0	28090.0	0.6048	1.0
b4[1,3]	-0.427	0.0008718	0.2598	0.2599	-0.9464	-0.4235	0.0711	89600.0	27930.0	0.7014	1.0
b4[1,4]	-0.08755	0.0007037	0.1896	0.1902	-0.4605	-0.08653	0.2828	72870.0	26910.0	0.5704	1.0
b4[1,5]	-0.2668	0.001156	0.3189	0.317	-0.8948	-0.2647	0.3566	76680.0	26860.0	0.6003	1.0
b4[1,6]	0.3402	0.000937	0.2812	0.2798	-0.2069	0.3397	0.8984	90530.0	27850.0	0.7087	1.0
b4[1,7]	0.4777	0.001139	0.3394	0.3324	-0.1722	0.4718	1.164	90570.0	26930.0	0.709	1.0
b4[1,8]	-0.2807	0.001181	0.3202	0.3169	-0.9217	-0.277	0.3431	74160.0	28280.0	0.5805	1.0
b4[1,9]	-0.3765	0.0007239	0.2184	0.2174	-0.8054	-0.3756	0.04777	91630.0	29580.0	0.7173	1.0
b4[1,10]	0.1746	0.0007327	0.2168	0.2157	-0.2462	0.173	0.6024	87910.0	29090.0	0.6882	1.0
b4[1,11]	0.3172	0.000783	0.2274	0.2269	-0.1264	0.3148	0.7645	84690.0	27070.0	0.663	1.0
b4[1,12]	-0.2587	0.001114	0.3316	0.3272	-0.9192	-0.2554	0.3814	89230.0	28700.0	0.6986	1.0
b4[1,13]	-0.4008	0.0006722	0.1868	0.1861	-0.7669	-0.3993	-0.03824	77590.0	28790.0	0.6074	1.0
b4[1,14]	-2.647	0.001344	0.341	0.339	-3.347	-2.633	-2.014	67440.0	26680.0	0.5279	1.0
b4[1,15]	-0.002482	0.0008279	0.2322	0.2285	-0.4607	-0.001634	0.4536	77870.0	28710.0	0.6096	1.001
b4[1,16]	-0.4866	0.0007528	0.2027	0.2017	-0.8928	-0.4842	-0.09846	73080.0	29320.0	0.5721	1.0
b4[1,17]	0.2056	0.001301	0.3661	0.3613	-0.5096	0.2038	0.931	79460.0	28390.0	0.622	1.0
b4[1,18]	-0.5782	0.0008021	0.227	0.2264	-1.032	-0.5752	-0.1414	80860.0	27920.0	0.633	1.0
b4[1,19]	0.237	0.0006652	0.1909	0.1901	-0.1357	0.2353	0.6157	82500.0	29340.0	0.6459	1.0
b4[1,20]	-0.5017	0.001226	0.3499	0.3475	-1.204	-0.496	0.1725	82500.0	28430.0	0.6459	1.0
b4[1,21]	0.3415	0.0009889	0.2845	0.282	-0.2072	0.3372	0.9142	83630.0	29920.0	0.6547	1.0
b4[1,22]	-0.361	0.000835	0.2072	0.2077	-0.7695	-0.3608	0.04355	62160.0	28820.0	0.4866	1.0
b4[1,23]	1.433	0.001455	0.4001	0.3951	0.689	1.416	2.263	78820.0	28790.0	0.617	1.0
b4[1,24]	1.228	0.001164	0.3245	0.3234	0.6262	1.216	1.893	81260.0	28250.0	0.6362	1.0
b4[1,25]	-0.5635	0.001377	0.3626	0.362	-1.297	-0.5565	0.1237	70230.0	30320.0	0.5498	1.0
b4[1,26]	-0.139	0.0009543	0.2734	0.2717	-0.677	-0.1386	0.3966	82360.0	27450.0	0.6447	1.001
b4[1,27]	0.8885	0.001127	0.3138	0.3135	0.3007	0.8784	1.534	79050.0	26370.0	0.6189	1.0
b4[1,28]	-1.057	0.0009775	0.2635	0.2611	-1.6	-1.048	-0.5642	74780.0	28590.0	0.5854	1.0
b4[1,29]	-0.3137	0.0007829	0.2144	0.2147	-0.7365	-0.3131	0.1024	75440.0	25720.0	0.5906	1.0
b4[1,30]	-0.5522	0.0008065	0.2261	0.2242	-1.006	-0.5491	-0.1173	79170.0	28110.0	0.6198	1.0
b4[1,31]	-0.1695	0.0009778	0.2837	0.2815	-0.7331	-0.1685	0.3806	84510.0	28460.0	0.6616	1.0
b4[1,32]	0.5427	0.000695	0.1929	0.1921	0.1695	0.5413	0.9259	77410.0	29130.0	0.606	1.0
b4[1,33]	-0.7621	0.0006877	0.1985	0.1982	-1.159	-0.7591	-0.3804	84220.0	28470.0	0.6593	0.9999
b4[1,34]	-3.622	0.00182	0.4868	0.4874	-4.657	-3.597	-2.75	77170.0	28820.0	0.6041	1.0
b4[1,35]	0.4113	0.0008505	0.2292	0.2253	-0.03058	0.4076	0.872	72990.0	27480.0	0.5714	1.0
b4[1,36]	-0.1363	0.0012	0.3492	0.3462	-0.8216	-0.1357	0.5431	84920.0	28830.0	0.6648	1.0
b4[1,37]	-0.4005	0.000671	0.1929	0.1908	-0.7834	-0.3992	-0.02828	82990.0	29570.0	0.6497	1.0
b4[1,38]	0.4404	0.001372	0.401	0.4008	-0.34	0.4372	1.239	85850.0	27520.0	0.6721	1.0
b4[1,39]	0.7848	0.001311	0.3647	0.3645	0.09362	0.7752	1.527	79290.0	27490.0	0.6207	1.0
b4[1,40]	-2.844	0.001404	0.3688	0.3638	-3.613	-2.827	-2.174	73670.0	26860.0	0.5767	1.0
b4[1,41]	2.503	0.001566	0.4101	0.4066	1.756	2.484	3.358	70900.0	31510.0	0.5551	1.0
b4[1,42]	-0.7624	0.0007088	0.1973	0.1955	-1.16	-0.7594	-0.3814	78200.0	28040.0	0.6122	1.0
b4[1,43]	0.04718	0.0008146	0.2382	0.2376	-0.4193	0.04483	0.5164	85830.0	28700.0	0.6719	1.0
b4[1,44]	-0.3954	0.00079	0.1859	0.185	-0.7645	-0.3943	-0.03412	55610.0	29220.0	0.4353	1.0
b4[1,45]	-0.8341	0.001099	0.3062	0.3046	-1.453	-0.8248	-0.251	79720.0	28170.0	0.6241	1.001
b4[1,46]	0.04557	0.0006789	0.1946	0.1935	-0.3393	0.04649	0.4272	82260.0	27700.0	0.644	1.0
b4[1,47]	0.8668	0.001295	0.3606	0.3552	0.1849	0.8546	1.603	79900.0	28870.0	0.6255	1.0
b4[1,48]	-0.4941	0.001154	0.3154	0.3112	-1.128	-0.4899	0.113	75500.0	28880.0	0.5911	1.0
b4[1,49]	0.6445	0.0007104	0.1971	0.1961	0.2679	0.6412	1.039	77230.0	30040.0	0.6046	1.0
b4[1,50]	-0.2055	0.0006639	0.1907	0.1907	-0.5857	-0.2055	0.1664	82750.0	29170.0	0.6478	1.0
b4[1,51]	-3.902	0.002101	0.5422	0.5363	-5.046	-3.869	-2.935	72630.0	27980.0	0.5686	1.0
b4[1,52]	1.556	0.0009013	0.24	0.2396	1.107	1.552	2.045	72320.0	30500.0	0.5662	1.0
b4[1,53]	0.3498	0.0009891	0.2948	0.2929	-0.2168	0.345	0.9403	89650.0	29160.0	0.7018	1.0
b4[1,54]	-0.4946	0.001157	0.3361	0.3327	-1.171	-0.4886	0.147	85600.0	28790.0	0.6701	1.0
b4[1,55]	-0.6145	0.0007121	0.1936	0.1935	-1.002	-0.614	-0.2425	74210.0	28400.0	0.5809	1.0
b4[1,56]	-2.496	0.001201	0.3266	0.3238	-3.175	-2.484	-1.895	77500.0	29910.0	0.6067	1.0
b4[1,57]	-0.9601	0.0008516	0.2396	0.2392	-1.444	-0.9537	-0.5038	80800.0	27030.0	0.6325	1.0
b4[1,58]	0.9364	0.00106	0.2959	0.2939	0.3801	0.9292	1.539	79940.0	28500.0	0.6258	1.0
b4[1,59]	0.6324	0.001062	0.3053	0.303	0.05337	0.6243	1.256	84020.0	28210.0	0.6578	1.0
b4[1,60]	0.9847	0.001379	0.3836	0.3798	0.2583	0.9756	1.767	79890.0	28150.0	0.6254	1.0
b4[1,61]	0.3519	0.001043	0.2553	0.2538	-0.1397	0.3492	0.8679	60170.0	28980.0	0.471	1.0
b4[1,62]	0.2635	0.0008803	0.2107	0.2099	-0.1455	0.263	0.679	57400.0	26030.0	0.4494	1.0
b4[1,63]	-0.4313	0.0006682	0.2004	0.1993	-0.828	-0.4294	-0.0427	90360.0	28560.0	0.7074	1.0
b4[1,64]	-4.054	0.002299	0.5726	0.564	-5.277	-4.02	-3.037	67870.0	27850.0	0.5313	1.0
b4[1,65]	0.8612	0.0007061	0.199	0.1981	0.4783	0.8583	1.259	80150.0	29410.0	0.6274	1.0
b4[1,66]	0.325	0.0009674	0.2206	0.2204	-0.1053	0.3237	0.7624	52130.0	25620.0	0.4081	1.0
b4[1,67]	0.6125	0.0007028	0.1948	0.1947	0.2371	0.61	1.002	77180.0	29000.0	0.6042	1.0
b4[1,68]	-0.2154	0.0006793	0.1892	0.189	-0.5862	-0.2159	0.1571	77910.0	28610.0	0.6099	1.0
b4[1,69]	-0.1075	0.0009908	0.2957	0.2921	-0.6945	-0.1053	0.4654	89110.0	29430.0	0.6976	1.0
b4[1,70]	0.00466	0.0006807	0.1989	0.1979	-0.3872	0.006065	0.3946	85530.0	28340.0	0.6696	1.0
b4[1,71]	1.008	0.001419	0.3729	0.3694	0.2994	0.9975	1.773	70920.0	28420.0	0.5552	1.0
b4[1,72]	-0.4028	0.0006358	0.1857	0.1862	-0.7716	-0.4008	-0.04233	85660.0	29000.0	0.6706	0.9999
b4[1,73]	0.7175	0.0006634	0.1934	0.1922	0.3437	0.7168	1.103	85450.0	29440.0	0.669	1.0
b4[1,74]	1.024	0.0008862	0.2372	0.2366	0.5744	1.017	1.506	72940.0	29080.0	0.571	1.0
b4[1,75]	0.0766	0.0006428	0.1803	0.1779	-0.2811	0.07697	0.431	78940.0	29290.0	0.618	1.0
b4[1,76]	-3.942	0.002029	0.53	0.5268	-5.055	-3.915	-2.986	72830.0	27650.0	0.5701	1.0
b4[1,77]	-0.5329	0.0006513	0.1862	0.1875	-0.9011	-0.5316	-0.1726	82010.0	29390.0	0.642	1.0
b4[1,78]	0.2537	0.0006521	0.1828	0.1818	-0.1075	0.2532	0.6147	78840.0	28540.0	0.6172	1.0
b4[1,79]	1.547	0.0008942	0.2331	0.2305	1.104	1.541	2.024	69080.0	29100.0	0.5408	1.0
b4[1,80]	0.1575	0.000767	0.192	0.192	-0.2176	0.1571	0.5392	62840.0	27740.0	0.4919	1.0
b4[1,81]	-0.28	0.0007708	0.2264	0.223	-0.7311	-0.2781	0.1573	86430.0	28580.0	0.6766	1.0
b4[1,82]	0.1327	0.0006699	0.1806	0.1797	-0.2201	0.1325	0.4921	72830.0	28700.0	0.5702	1.0
b4[1,83]	0.1977	0.0008259	0.2113	0.2106	-0.2119	0.1963	0.6146	65600.0	27470.0	0.5135	1.0
b4[1,84]	-0.2335	0.0007829	0.2152	0.2133	-0.6541	-0.2335	0.1864	75810.0	28030.0	0.5935	1.0
b4[1,85]	1.769	0.001431	0.3878	0.3872	1.043	1.754	2.565	75730.0	29330.0	0.5928	1.0
b4[1,86]	-0.02871	0.001205	0.3505	0.3505	-0.7239	-0.02639	0.6528	85110.0	29740.0	0.6663	1.0
b4[1,87]	-0.7472	0.001037	0.3012	0.3049	-1.353	-0.7411	-0.1799	86050.0	27870.0	0.6736	1.0
b4[1,88]	0.2134	0.0006572	0.1866	0.1847	-0.1542	0.2126	0.5853	80730.0	28710.0	0.632	1.0
b4[1,89]	-0.1848	0.001252	0.3333	0.3329	-0.8471	-0.1809	0.4533	71070.0	31500.0	0.5564	1.0
b4[1,90]	0.003674	0.0006663	0.1882	0.1892	-0.3618	0.002754	0.3712	79990.0	30610.0	0.6262	1.0
b4[1,91]	7.213e-05	0.0008249	0.2165	0.2157	-0.4257	0.0001182	0.4252	69080.0	27140.0	0.5408	1.0
b4[1,92]	-2.879	0.001367	0.3721	0.3684	-3.656	-2.864	-2.195	78530.0	28970.0	0.6148	1.0
b4[1,93]	-0.3628	0.0008536	0.2063	0.2078	-0.7718	-0.3617	0.03893	58610.0	27390.0	0.4588	1.0
b4[1,94]	0.5301	0.0007532	0.2165	0.2164	0.1123	0.5281	0.9651	83380.0	27720.0	0.6527	1.0
b4[1,95]	1.068	0.00134	0.3608	0.3569	0.391	1.054	1.81	75560.0	29790.0	0.5916	1.0
b4[1,96]	-0.03798	0.0006934	0.2055	0.2062	-0.4381	-0.03815	0.3673	88230.0	28200.0	0.6907	1.0
b4[1,97]	-0.194	0.0006327	0.1833	0.1833	-0.5546	-0.193	0.1647	84410.0	29110.0	0.6608	1.0
b4[1,98]	0.2002	0.0009984	0.277	0.278	-0.3451	0.199	0.7441	77240.0	30160.0	0.6047	1.0
b4[1,99]	-0.515	0.0008018	0.1923	0.193	-0.8983	-0.5129	-0.1463	57790.0	28110.0	0.4524	1.0
b4[1,100]	0.5496	0.0008894	0.2551	0.2537	0.06243	0.5451	1.061	83240.0	28910.0	0.6516	1.0
b4[1,101]	-0.4288	0.0007318	0.1956	0.1967	-0.812	-0.4277	-0.05351	71650.0	27870.0	0.5609	1.0
b4[1,102]	-4.293	0.002463	0.6061	0.6023	-5.591	-4.254	-3.216	65480.0	28270.0	0.5126	1.0
b4[1,103]	0.3864	0.0008275	0.243	0.2421	-0.08489	0.3859	0.8664	86620.0	30440.0	0.6781	1.0
b4[1,104]	-0.5846	0.0007487	0.2159	0.2135	-1.018	-0.5826	-0.1689	84030.0	28170.0	0.6578	1.0
b4[1,105]	-1.351	0.001468	0.3972	0.3938	-2.171	-1.339	-0.6091	75910.0	31130.0	0.5942	1.0
b4[1,106]	-1.015	0.0009369	0.2576	0.2565	-1.536	-1.008	-0.5284	76930.0	29090.0	0.6023	1.0
b4[1,107]	-2.243	0.00144	0.338	0.3321	-2.958	-2.224	-1.631	56320.0	28600.0	0.4409	1.0
b4[1,108]	-2.12	0.001268	0.2879	0.2855	-2.719	-2.11	-1.585	53290.0	25570.0	0.4172	1.0
b4[1,109]	-0.1791	0.0007981	0.2297	0.2308	-0.6332	-0.1784	0.2653	83370.0	28720.0	0.6526	1.0
b4[1,110]	0.3455	0.0007269	0.216	0.2151	-0.0738	0.3441	0.7719	88660.0	28670.0	0.6941	1.0
b4[1,111]	-0.9392	0.0007479	0.2027	0.201	-1.344	-0.9357	-0.5519	74090.0	28740.0	0.58	1.0
b4[1,112]	-0.2229	0.00112	0.3107	0.3102	-0.8354	-0.2199	0.3804	77290.0	31110.0	0.605	1.0
b4[1,113]	-0.6058	0.0006765	0.1961	0.1969	-0.9911	-0.6045	-0.2257	84330.0	29190.0	0.6602	1.0
b4[1,114]	1.169	0.001446	0.3933	0.3924	0.4329	1.157	1.976	77180.0	27650.0	0.6042	1.0
b4[1,115]	-0.2091	0.001001	0.2906	0.2891	-0.7844	-0.2072	0.3589	84610.0	28270.0	0.6624	1.0
b4[1,116]	0.7067	0.001318	0.3357	0.333	0.06633	0.6988	1.388	66350.0	27450.0	0.5194	1.0
b4[1,117]	0.1013	0.0008228	0.2484	0.2471	-0.3904	0.1038	0.5845	91390.0	27960.0	0.7154	1.0
b4[1,118]	0.2634	0.0007994	0.2311	0.2297	-0.1876	0.263	0.7262	83920.0	27970.0	0.6569	1.0
b4[1,119]	0.1781	0.0008516	0.2463	0.2467	-0.298	0.1769	0.6684	83890.0	28380.0	0.6567	1.0
b4[1,120]	0.00962	0.0009032	0.2599	0.2568	-0.4921	0.00941	0.5252	83100.0	28510.0	0.6506	1.0
b4[1,121]	-0.5075	0.0006622	0.1867	0.1865	-0.8806	-0.5065	-0.1435	79690.0	29360.0	0.6238	1.0
b4[1,122]	0.2794	0.0009769	0.2916	0.2908	-0.2841	0.2756	0.8575	89520.0	29060.0	0.7008	1.0
b4[1,123]	-0.3657	0.001127	0.3145	0.3135	-0.9939	-0.3612	0.2393	78540.0	31110.0	0.6148	1.0
b4[1,124]	0.01251	0.0009733	0.2805	0.276	-0.539	0.01224	0.5662	83760.0	28050.0	0.6557	1.0
b4[1,125]	-0.4318	0.0007314	0.1882	0.1881	-0.8058	-0.4288	-0.06861	66710.0	29160.0	0.5222	1.0
b4[1,126]	0.2421	0.001017	0.2989	0.2924	-0.3396	0.2397	0.8372	86690.0	27240.0	0.6786	1.001
b4[1,127]	-0.2246	0.0009302	0.2564	0.2546	-0.7355	-0.2215	0.2669	76610.0	28030.0	0.5997	1.0
b4[1,128]	0.06283	0.001035	0.2577	0.2551	-0.4337	0.05955	0.5772	62590.0	30840.0	0.49	1.0
b4[1,129]	-0.629	0.0008661	0.2355	0.2334	-1.104	-0.6246	-0.1807	74770.0	27120.0	0.5854	1.0
b4[1,130]	-0.261	0.000722	0.1869	0.1854	-0.6283	-0.2601	0.1033	67350.0	27060.0	0.5273	1.0
b4[1,131]	0.3784	0.0006925	0.1898	0.1893	0.007351	0.3787	0.7493	75520.0	28760.0	0.5912	1.0
b4[1,132]	-0.5763	0.0007808	0.1892	0.1892	-0.955	-0.5738	-0.213	59070.0	28220.0	0.4624	1.0
b4[1,133]	-0.5525	0.0009061	0.2603	0.2588	-1.079	-0.547	-0.0528	84150.0	27440.0	0.6588	1.0
b4[1,134]	-0.9523	0.0007003	0.2007	0.1999	-1.353	-0.9495	-0.5671	82880.0	28600.0	0.6488	1.0
b4[1,135]	1.066	0.001247	0.3405	0.3345	0.4339	1.054	1.77	77280.0	28370.0	0.605	1.0
b4[1,136]	-0.4891	0.0009183	0.2762	0.2737	-1.042	-0.4865	0.03783	91170.0	29730.0	0.7137	1.0
b4[1,137]	-0.02066	0.001042	0.277	0.2751	-0.5698	-0.01939	0.524	70770.0	27140.0	0.5541	1.0
b4[1,138]	-0.7867	0.000908	0.2647	0.2626	-1.324	-0.7808	-0.2822	86550.0	26740.0	0.6775	1.0
b4[1,139]	-0.6481	0.0008071	0.205	0.2041	-1.057	-0.6448	-0.2539	64530.0	27280.0	0.5051	1.0
b4[1,140]	1.003	0.001097	0.3079	0.3061	0.424	0.9944	1.631	81090.0	27950.0	0.6348	1.0
b4[1,141]	0.507	0.0008211	0.2322	0.2303	0.06345	0.503	0.9733	80620.0	28380.0	0.6311	1.0
b4[1,142]	0.6726	0.0008115	0.214	0.2122	0.2621	0.669	1.101	70250.0	28920.0	0.5499	1.0
b4[1,143]	-0.2802	0.0008421	0.2462	0.2429	-0.7672	-0.2786	0.2001	85510.0	28060.0	0.6694	1.0
b4[1,144]	-3.106	0.001681	0.4101	0.4033	-3.966	-3.088	-2.359	62110.0	28930.0	0.4862	1.0
b4[1,145]	0.5605	0.0008745	0.232	0.2322	0.1132	0.5601	1.019	70430.0	29830.0	0.5514	1.0
b4[1,146]	0.5435	0.0008114	0.2206	0.2167	0.1169	0.5414	0.9869	74610.0	30060.0	0.5841	1.0
b4[1,147]	1.347	0.001332	0.3088	0.3055	0.7744	1.335	1.987	54890.0	28520.0	0.4297	1.0
b4[1,148]	0.3199	0.000866	0.2237	0.2211	-0.1188	0.3176	0.767	67010.0	26080.0	0.5246	1.0
b4[1,149]	0.4473	0.0009991	0.2903	0.2888	-0.1121	0.443	1.028	85810.0	27980.0	0.6718	1.0
b4[1,150]	-0.7237	0.001498	0.2344	0.2342	-1.188	-0.7241	-0.2656	24660.0	26550.0	0.1931	1.0
b4[1,151]	-0.09865	0.0007531	0.199	0.1977	-0.4905	-0.09892	0.2906	69850.0	26210.0	0.5468	1.0
b4[1,152]	0.78	0.0007367	0.2082	0.2061	0.381	0.7769	1.2	80550.0	28300.0	0.6306	1.0
b4[1,153]	0.08955	0.0009	0.1809	0.1793	-0.2647	0.08844	0.4484	40430.0	28120.0	0.3165	1.0
b4[1,154]	0.3292	0.0006666	0.1941	0.1943	-0.04454	0.3269	0.7141	85020.0	29890.0	0.6656	1.0
b4[1,155]	1.405	0.0009671	0.2419	0.2422	0.9557	1.398	1.901	63110.0	31900.0	0.4941	1.0
b4[2,1]	0.7502	0.001512	0.4043	0.4018	-0.01157	0.7397	1.572	73210.0	26620.0	0.5731	1.0
b4[2,2]	0.2435	0.0007794	0.2042	0.2034	-0.1512	0.241	0.6472	68840.0	27500.0	0.5389	1.0
b4[2,3]	-0.1878	0.0009253	0.2818	0.283	-0.7456	-0.1865	0.3613	93190.0	27490.0	0.7295	1.0
b4[2,4]	0.2102	0.0008375	0.2443	0.2437	-0.2655	0.2086	0.693	85780.0	30480.0	0.6716	1.0
b4[2,5]	-2.212	0.001095	0.2937	0.2914	-2.82	-2.201	-1.666	74450.0	27560.0	0.5828	1.0
b4[2,6]	0.4581	0.0008627	0.2253	0.2261	0.02825	0.4551	0.9108	68640.0	28550.0	0.5373	1.0
b4[2,7]	0.4697	0.001209	0.352	0.3463	-0.2101	0.4641	1.179	85820.0	28300.0	0.6718	1.0
b4[2,8]	-0.1166	0.0009352	0.2576	0.2546	-0.6281	-0.115	0.3885	76150.0	27420.0	0.5962	1.0
b4[2,9]	0.08096	0.0007879	0.2317	0.2333	-0.3708	0.07942	0.5375	86720.0	27910.0	0.6789	1.0
b4[2,10]	0.5059	0.0006939	0.2022	0.2017	0.1132	0.5043	0.9108	85200.0	29290.0	0.667	1.0
b4[2,11]	0.451	0.0008943	0.2613	0.2596	-0.05223	0.4475	0.9781	86410.0	29770.0	0.6765	1.0
b4[2,12]	-0.64	0.001	0.2877	0.2854	-1.219	-0.6341	-0.09569	83940.0	27610.0	0.6571	1.0
b4[2,13]	-0.03775	0.0007516	0.2153	0.215	-0.4604	-0.03554	0.3855	82400.0	29770.0	0.6451	1.0
b4[2,14]	-3.239	0.001532	0.4191	0.4151	-4.118	-3.218	-2.478	80130.0	29900.0	0.6273	1.0
b4[2,15]	1.038	0.001	0.2873	0.2844	0.5005	1.029	1.625	85200.0	28240.0	0.667	1.0
b4[2,16]	-0.5338	0.0007703	0.2223	0.2221	-0.9793	-0.5308	-0.111	84340.0	29640.0	0.6602	1.0
b4[2,17]	0.1804	0.000977	0.2348	0.235	-0.2774	0.179	0.6417	57990.0	26880.0	0.454	1.0
b4[2,18]	0.1017	0.0008458	0.2402	0.2396	-0.3718	0.1005	0.5741	80850.0	30790.0	0.6329	1.0
b4[2,19]	-0.277	0.0006418	0.1906	0.1897	-0.655	-0.276	0.09117	88570.0	30040.0	0.6933	1.0
b4[2,20]	-0.0526	0.001198	0.3577	0.3542	-0.7668	-0.05198	0.6418	89560.0	30050.0	0.7011	1.0
b4[2,21]	0.02783	0.0007602	0.2047	0.2038	-0.3726	0.02769	0.4289	72610.0	26970.0	0.5684	1.0
b4[2,22]	0.1358	0.0009083	0.2148	0.214	-0.2806	0.1339	0.564	56020.0	26560.0	0.4386	1.0
b4[2,23]	0.9605	0.001369	0.383	0.3803	0.2407	0.95	1.74	81110.0	27900.0	0.6349	1.0
b4[2,24]	0.7641	0.0009628	0.2612	0.2583	0.2692	0.7569	1.296	75590.0	26240.0	0.5917	1.0
b4[2,25]	-1.162	0.00175	0.4687	0.4645	-2.12	-1.149	-0.2745	73340.0	27430.0	0.5742	1.0
b4[2,26]	0.02623	0.001124	0.3321	0.3285	-0.6311	0.02571	0.6787	87760.0	28880.0	0.687	1.0
b4[2,27]	0.9084	0.001084	0.2955	0.2953	0.3497	0.9008	1.506	76110.0	29430.0	0.5958	1.0
b4[2,28]	-0.7541	0.0007801	0.1967	0.1967	-1.149	-0.7508	-0.3763	63980.0	28200.0	0.5008	1.0
b4[2,29]	0.0005256	0.000927	0.2579	0.2575	-0.505	0.001867	0.5053	77620.0	29490.0	0.6077	1.0
b4[2,30]	0.4021	0.0009214	0.2687	0.2692	-0.1121	0.3982	0.939	85840.0	26460.0	0.672	1.0
b4[2,31]	-0.192	0.001084	0.318	0.315	-0.8198	-0.1911	0.4283	86470.0	27820.0	0.6769	1.0
b4[2,32]	-0.1075	0.0006878	0.1843	0.1843	-0.4684	-0.1065	0.2527	72090.0	28910.0	0.5644	1.0
b4[2,33]	-0.431	0.0007293	0.2129	0.2119	-0.8557	-0.428	-0.01719	85610.0	28510.0	0.6702	1.0
b4[2,34]	-3.416	0.001734	0.4589	0.454	-4.392	-3.389	-2.588	75310.0	27760.0	0.5896	1.0
b4[2,35]	0.5933	0.001043	0.2924	0.2905	0.03562	0.5864	1.184	79760.0	27590.0	0.6244	1.0
b4[2,36]	-0.05263	0.001304	0.3762	0.3756	-0.7914	-0.05174	0.6841	83460.0	29170.0	0.6533	1.0
b4[2,37]	0.466	0.0006471	0.1856	0.1843	0.1042	0.4649	0.8356	82570.0	29990.0	0.6464	1.0
b4[2,38]	1.099	0.001467	0.4065	0.4051	0.3408	1.087	1.939	79330.0	28230.0	0.621	1.0
b4[2,39]	1.069	0.001514	0.4214	0.4192	0.2834	1.055	1.938	80530.0	28210.0	0.6304	1.0
b4[2,40]	-0.4516	0.0008777	0.1867	0.1878	-0.8229	-0.4517	-0.09023	45390.0	28300.0	0.3553	1.0
b4[2,41]	1.577	0.001313	0.3358	0.333	0.9513	1.567	2.266	67140.0	29990.0	0.5256	1.0
b4[2,42]	0.5962	0.0007472	0.2188	0.2186	0.1726	0.5944	1.027	86030.0	28690.0	0.6735	1.0
b4[2,43]	-0.5455	0.0008012	0.235	0.2336	-1.019	-0.5421	-0.0944	86920.0	29130.0	0.6805	1.0
b4[2,44]	-2.103	0.0009848	0.2787	0.2786	-2.675	-2.093	-1.583	82700.0	29180.0	0.6474	1.0
b4[2,45]	-0.4668	0.0008556	0.2406	0.2392	-0.9491	-0.4631	-0.003559	79550.0	28300.0	0.6227	1.0
b4[2,46]	0.7335	0.0006939	0.2005	0.199	0.3457	0.7311	1.137	83870.0	29200.0	0.6566	1.0
b4[2,47]	1.247	0.001366	0.3765	0.3759	0.5488	1.234	2.023	77960.0	30330.0	0.6103	1.0
b4[2,48]	-0.03483	0.00109	0.3088	0.306	-0.6449	-0.03426	0.5701	80600.0	30690.0	0.631	1.0
b4[2,49]	0.3721	0.0006655	0.1861	0.1847	0.009914	0.3709	0.7417	78450.0	29910.0	0.6142	1.0
b4[2,50]	0.4762	0.0006526	0.1856	0.1839	0.1186	0.4766	0.8475	81220.0	29030.0	0.6358	1.0
b4[2,51]	-3.68	0.001953	0.5016	0.4981	-4.737	-3.649	-2.79	71490.0	27140.0	0.5596	1.0
b4[2,52]	1.419	0.0007835	0.2041	0.2035	1.029	1.415	1.831	68310.0	28470.0	0.5348	1.0
b4[2,53]	-0.03964	0.0009492	0.2771	0.2754	-0.5862	-0.03995	0.4997	85340.0	27600.0	0.6681	1.0
b4[2,54]	-0.6271	0.001087	0.3163	0.3122	-1.269	-0.6207	-0.02478	86070.0	28180.0	0.6738	1.0
b4[2,55]	0.3043	0.0008062	0.2331	0.2307	-0.1454	0.3006	0.7717	84480.0	27950.0	0.6614	1.0
b4[2,56]	-2.451	0.001171	0.315	0.3124	-3.102	-2.439	-1.861	74690.0	29200.0	0.5847	1.0
b4[2,57]	-0.3782	0.0008243	0.2443	0.2415	-0.8665	-0.376	0.09337	88330.0	29210.0	0.6915	1.0
b4[2,58]	1.56	0.001315	0.3694	0.3667	0.8773	1.548	2.328	81990.0	28100.0	0.6419	1.0
b4[2,59]	0.7717	0.001033	0.2817	0.2799	0.2364	0.7663	1.338	75600.0	31900.0	0.5919	1.0
b4[2,60]	0.9726	0.001269	0.3601	0.357	0.2977	0.9627	1.707	83130.0	27770.0	0.6508	1.0
b4[2,61]	-2.945	0.001624	0.3977	0.3921	-3.78	-2.92	-2.223	63150.0	27560.0	0.4943	1.0
b4[2,62]	1.529	0.00125	0.3406	0.3375	0.8874	1.519	2.23	76150.0	29010.0	0.5962	1.0
b4[2,63]	0.3347	0.0006387	0.1857	0.1848	-0.028	0.3333	0.7022	84730.0	29180.0	0.6633	1.0
b4[2,64]	-4.242	0.002374	0.598	0.5843	-5.519	-4.208	-3.178	68590.0	28180.0	0.537	1.0
b4[2,65]	0.8474	0.0007092	0.1974	0.1992	0.4658	0.8447	1.239	77870.0	29350.0	0.6096	1.001
b4[2,66]	0.944	0.001514	0.4038	0.402	0.1807	0.9343	1.771	72640.0	29350.0	0.5687	0.9999
b4[2,67]	0.6888	0.0007688	0.2149	0.2149	0.2756	0.6857	1.122	79140.0	26720.0	0.6195	1.0
b4[2,68]	-0.8194	0.0006814	0.1959	0.1958	-1.209	-0.8156	-0.4417	82830.0	29240.0	0.6484	1.0
b4[2,69]	0.02298	0.0009265	0.2731	0.2722	-0.5158	0.02292	0.5557	87600.0	29250.0	0.6858	1.0
b4[2,70]	0.351	0.0006921	0.2009	0.2005	-0.03844	0.3495	0.7503	84480.0	29320.0	0.6614	1.0
b4[2,71]	0.1961	0.0009365	0.2185	0.2177	-0.2299	0.1965	0.6288	54530.0	27800.0	0.4269	1.0
b4[2,72]	0.2495	0.0006205	0.1804	0.1799	-0.09938	0.2487	0.606	83850.0	28700.0	0.6565	1.0
b4[2,73]	0.586	0.0006802	0.1873	0.1879	0.2256	0.5838	0.9561	76480.0	29650.0	0.5987	1.0
b4[2,74]	1.639	0.001126	0.29	0.2865	1.11	1.627	2.244	68730.0	30590.0	0.5381	1.0
b4[2,75]	0.5679	0.0006892	0.193	0.191	0.1957	0.5657	0.9515	78710.0	29840.0	0.6162	1.0
b4[2,76]	-2.7	0.001525	0.3521	0.3477	-3.434	-2.682	-2.056	55750.0	26490.0	0.4364	1.0
b4[2,77]	0.2963	0.0006819	0.1893	0.1892	-0.06825	0.2955	0.6679	77260.0	28840.0	0.6048	1.0
b4[2,78]	-0.4206	0.0006797	0.2001	0.2007	-0.8123	-0.4188	-0.03123	87220.0	28680.0	0.6828	1.0
b4[2,79]	1.903	0.0009765	0.2614	0.2594	1.411	1.893	2.439	74580.0	28530.0	0.5838	1.0
b4[2,80]	0.07182	0.00097	0.2837	0.2824	-0.4824	0.07116	0.6328	85860.0	28980.0	0.6721	1.0
b4[2,81]	-0.3096	0.0007096	0.2036	0.2032	-0.7128	-0.309	0.08929	82780.0	27850.0	0.648	1.0
b4[2,82]	0.7846	0.0007953	0.2207	0.2201	0.3633	0.7801	1.23	78330.0	30380.0	0.6132	1.0
b4[2,83]	0.01715	0.001079	0.3118	0.3099	-0.5932	0.01751	0.63	83700.0	29440.0	0.6552	1.0
b4[2,84]	0.5171	0.0009281	0.2705	0.2684	0.001281	0.5124	1.062	85880.0	28790.0	0.6723	1.0
b4[2,85]	0.7822	0.001062	0.2826	0.2821	0.244	0.7761	1.35	71670.0	28050.0	0.5611	1.0
b4[2,86]	0.06313	0.001083	0.3153	0.3135	-0.5568	0.06354	0.6757	84960.0	29000.0	0.6651	1.0
b4[2,87]	0.2354	0.001025	0.2965	0.2954	-0.3377	0.2334	0.8262	84250.0	28070.0	0.6595	1.0
b4[2,88]	0.6163	0.0007633	0.2215	0.2188	0.1892	0.6136	1.061	85260.0	29930.0	0.6675	1.0
b4[2,89]	0.2571	0.0008979	0.2413	0.2391	-0.2127	0.2559	0.7366	72350.0	27220.0	0.5664	1.0
b4[2,90]	0.1712	0.0007178	0.2028	0.2012	-0.2261	0.1686	0.5726	80510.0	28020.0	0.6303	1.0
b4[2,91]	0.7187	0.001159	0.2958	0.2931	0.1586	0.7101	1.32	66750.0	29840.0	0.5225	1.0
b4[2,92]	-1.95	0.001075	0.2686	0.2666	-2.505	-1.941	-1.451	64120.0	27380.0	0.502	1.0
b4[2,93]	0.7634	0.001181	0.3305	0.3264	0.1408	0.7566	1.432	80550.0	28110.0	0.6306	1.0
b4[2,94]	0.3136	0.0008149	0.2286	0.2273	-0.1292	0.3119	0.7717	79350.0	28250.0	0.6212	1.0
b4[2,95]	0.2744	0.001139	0.3229	0.3203	-0.3506	0.2709	0.9131	80670.0	29060.0	0.6315	1.0
b4[2,96]	-0.217	0.0007064	0.2178	0.2182	-0.6477	-0.2154	0.2028	95510.0	27730.0	0.7477	1.0
b4[2,97]	-0.4335	0.0006272	0.1844	0.186	-0.7962	-0.4314	-0.07748	86650.0	29590.0	0.6783	1.0
b4[2,98]	0.1826	0.001125	0.3298	0.327	-0.4618	0.1814	0.8301	86610.0	28660.0	0.678	1.0
b4[2,99]	-2.187	0.0009957	0.285	0.2824	-2.779	-2.177	-1.654	84900.0	29150.0	0.6646	1.0
b4[2,100]	-0.1519	0.0007715	0.2027	0.2012	-0.55	-0.1516	0.2474	69090.0	29090.0	0.5409	1.0
b4[2,101]	0.4595	0.0008796	0.2611	0.2589	-0.04378	0.454	0.9849	88710.0	28900.0	0.6945	1.0
b4[2,102]	-4.012	0.0023	0.5635	0.5528	-5.221	-3.975	-3.002	64390.0	27160.0	0.504	1.0
b4[2,103]	0.3845	0.000716	0.1902	0.1901	0.01452	0.3829	0.76	70910.0	27580.0	0.5551	1.0
b4[2,104]	0.4741	0.0006932	0.1924	0.1895	0.09976	0.4721	0.8559	77530.0	26170.0	0.6069	1.0
b4[2,105]	0.07231	0.001168	0.3138	0.3118	-0.5435	0.07287	0.6928	72300.0	28530.0	0.566	1.0
b4[2,106]	-0.3271	0.0007479	0.2034	0.2041	-0.7306	-0.3263	0.06602	74270.0	28510.0	0.5814	1.0
b4[2,107]	-1.708	0.001099	0.279	0.2744	-2.289	-1.696	-1.197	67540.0	27820.0	0.5287	1.0
b4[2,108]	-3.535	0.001795	0.467	0.4682	-4.511	-3.511	-2.691	71730.0	28440.0	0.5615	1.0
b4[2,109]	-0.258	0.0008741	0.2317	0.2302	-0.71	-0.2597	0.1977	70550.0	28220.0	0.5523	1.0
b4[2,110]	0.2258	0.0006854	0.2028	0.2023	-0.1684	0.225	0.626	87820.0	28740.0	0.6875	1.0
b4[2,111]	0.02444	0.0009197	0.2622	0.2598	-0.4848	0.02246	0.5471	81780.0	29590.0	0.6402	1.0
b4[2,112]	-0.1539	0.0009449	0.2748	0.2736	-0.6965	-0.1546	0.3846	84810.0	28000.0	0.664	1.0
b4[2,113]	-0.2887	0.0006807	0.2008	0.2016	-0.6833	-0.2871	0.09798	87430.0	27970.0	0.6845	1.0
b4[2,114]	0.1131	0.001028	0.2846	0.2834	-0.446	0.1129	0.6659	76740.0	29920.0	0.6007	1.0
b4[2,115]	0.6421	0.0008225	0.2072	0.2057	0.2437	0.6394	1.059	64080.0	24660.0	0.5016	1.0
b4[2,116]	1.01	0.001546	0.4374	0.4375	0.1829	1.002	1.895	81840.0	29630.0	0.6407	1.0
b4[2,117]	0.0224	0.0007608	0.2117	0.2136	-0.3942	0.02263	0.4338	77470.0	28480.0	0.6065	1.0
b4[2,118]	0.6069	0.0009235	0.2635	0.2615	0.1073	0.5999	1.139	83270.0	28280.0	0.6518	1.0
b4[2,119]	0.05394	0.0007367	0.2026	0.2017	-0.343	0.05244	0.454	75870.0	27530.0	0.5939	1.0
b4[2,120]	0.9091	0.0009889	0.2784	0.2776	0.3848	0.9014	1.483	79990.0	26740.0	0.6262	1.0
b4[2,121]	-0.5389	0.0006414	0.1887	0.1881	-0.9119	-0.5373	-0.1737	87280.0	28640.0	0.6832	1.0
b4[2,122]	0.05819	0.0008724	0.2589	0.2589	-0.4455	0.05822	0.5687	88280.0	27890.0	0.6911	1.0
b4[2,123]	-0.383	0.0008449	0.2171	0.2177	-0.819	-0.3796	0.03119	67020.0	27940.0	0.5247	1.0
b4[2,124]	-0.1958	0.001132	0.3299	0.3232	-0.8508	-0.1939	0.4441	85420.0	28430.0	0.6687	1.0
b4[2,125]	-0.07485	0.0008188	0.2365	0.2374	-0.5402	-0.07565	0.3842	83780.0	28120.0	0.6559	1.0
b4[2,126]	0.5722	0.0009633	0.2901	0.2919	0.0157	0.5679	1.153	91630.0	29450.0	0.7173	1.0
b4[2,127]	0.3583	0.001103	0.317	0.3148	-0.2547	0.3557	0.9918	83260.0	28100.0	0.6518	1.0
b4[2,128]	0.8297	0.001339	0.3159	0.313	0.2351	0.8205	1.475	56250.0	31450.0	0.4403	1.0
b4[2,129]	0.2943	0.001067	0.3019	0.2971	-0.2831	0.2871	0.9052	81020.0	28330.0	0.6343	1.0
b4[2,130]	-0.1238	0.0009016	0.264	0.2635	-0.647	-0.1216	0.3901	86030.0	26630.0	0.6735	1.0
b4[2,131]	-0.6502	0.0006848	0.1899	0.192	-1.025	-0.6485	-0.2847	77410.0	29050.0	0.606	1.0
b4[2,132]	-1.909	0.0009162	0.2613	0.2611	-2.44	-1.902	-1.413	83450.0	28340.0	0.6533	1.0
b4[2,133]	-0.4353	0.0009588	0.2898	0.2866	-1.017	-0.4314	0.1227	90740.0	29120.0	0.7104	1.0
b4[2,134]	-0.4168	0.0006723	0.1859	0.1843	-0.7837	-0.4171	-0.05262	75160.0	28570.0	0.5884	1.0
b4[2,135]	0.6724	0.001224	0.3524	0.3498	0.0004484	0.6635	1.384	84100.0	28710.0	0.6583	1.0
b4[2,136]	0.2095	0.0008752	0.2542	0.2523	-0.2832	0.2073	0.7162	84660.0	26670.0	0.6628	1.0
b4[2,137]	0.251	0.001439	0.4001	0.397	-0.5219	0.2486	1.048	77890.0	28450.0	0.6097	1.0
b4[2,138]	-0.05252	0.0008746	0.261	0.2587	-0.5668	-0.05259	0.46	89380.0	28490.0	0.6997	1.0
b4[2,139]	0.7693	0.001062	0.2919	0.2906	0.2219	0.7617	1.363	77240.0	29000.0	0.6046	1.0
b4[2,140]	-0.3078	0.001021	0.2686	0.2663	-0.8461	-0.3035	0.2039	69820.0	29260.0	0.5466	1.0
b4[2,141]	0.2597	0.001084	0.2802	0.2811	-0.2807	0.2557	0.8229	67370.0	29920.0	0.5274	1.0
b4[2,142]	0.6526	0.0009416	0.2725	0.2707	0.133	0.6471	1.204	85280.0	27470.0	0.6676	1.001
b4[2,143]	-0.1007	0.0009081	0.2695	0.2704	-0.6308	-0.09852	0.4266	88200.0	28890.0	0.6905	1.0
b4[2,144]	0.007763	0.0009284	0.196	0.196	-0.3733	0.006894	0.3954	44610.0	29140.0	0.3493	1.0
b4[2,145]	0.4724	0.0007506	0.2219	0.2213	0.04369	0.4699	0.9136	87960.0	28320.0	0.6886	1.0
b4[2,146]	0.6358	0.000778	0.22	0.2172	0.2126	0.6324	1.079	80660.0	28330.0	0.6315	1.0
b4[2,147]	1.811	0.001698	0.4162	0.4105	1.046	1.794	2.676	62780.0	28200.0	0.4915	1.0
b4[2,148]	0.7668	0.001145	0.3186	0.3178	0.1633	0.7596	1.408	79310.0	29780.0	0.6209	1.0
b4[2,149]	0.1271	0.0008458	0.2415	0.2405	-0.3494	0.1275	0.5994	81800.0	28340.0	0.6404	1.0
b4[2,150]	0.8266	0.001779	0.3756	0.3713	0.1183	0.8166	1.594	45140.0	26360.0	0.3533	1.0
b4[2,151]	-0.7303	0.0009677	0.2772	0.2777	-1.288	-0.7246	-0.2055	83980.0	28380.0	0.6574	1.0
b4[2,152]	0.2891	0.0007467	0.2205	0.2228	-0.1393	0.2874	0.7261	87960.0	28040.0	0.6886	1.0
b4[2,153]	-3.205	0.0018	0.4256	0.4173	-4.112	-3.183	-2.436	59820.0	25930.0	0.4683	1.0
b4[2,154]	-0.451	0.0006765	0.1901	0.1899	-0.8262	-0.4486	-0.08367	79560.0	28660.0	0.6229	1.0
b4[2,155]	-2.364	0.00117	0.3156	0.3103	-3.02	-2.35	-1.781	76230.0	28710.0	0.5968	1.0
a1[1,1]	0.1487	0.000385	0.06342	0.05959	0.05747	0.1382	0.3024	20160.0	18580.0	0.1578	1.0
a1[1,2]	0.486	0.0006628	0.1229	0.1236	0.2402	0.4876	0.7229	34820.0	25310.0	0.2726	1.0
a1[1,3]	0.275	0.0003898	0.08188	0.08355	0.1239	0.2728	0.4413	42730.0	26580.0	0.3345	1.0
a1[1,4]	0.1674	0.0007311	0.1261	0.1183	0.01624	0.1371	0.4759	19500.0	18780.0	0.1526	1.0
a1[1,5]	0.1448	0.0004406	0.05072	0.0484	0.06715	0.1379	0.2612	11570.0	21330.0	0.09054	1.0
a1[1,6]	0.2271	0.0004484	0.08797	0.08817	0.08359	0.2187	0.4217	38030.0	24790.0	0.2977	1.0
a1[1,7]	0.1805	0.0002268	0.05209	0.05116	0.0964	0.1748	0.2977	51930.0	34180.0	0.4065	1.0
a1[1,8]	0.1475	0.0009433	0.05988	0.05985	0.06059	0.1375	0.285	3797.0	14340.0	0.02972	1.001
a1[1,9]	0.2149	0.001415	0.1095	0.1181	0.05308	0.2034	0.455	5166.0	10850.0	0.04044	1.001
a1[1,10]	0.3755	0.000817	0.1298	0.1306	0.1122	0.3788	0.6236	24810.0	12700.0	0.1942	1.0
a1[1,11]	0.1698	0.0002982	0.06051	0.05793	0.07688	0.1615	0.31	41080.0	30490.0	0.3216	1.0
a1[1,12]	0.1292	0.0002405	0.04564	0.04394	0.05938	0.1228	0.2351	33370.0	28740.0	0.2612	1.0
a1[1,13]	0.1001	0.0004559	0.07947	0.05504	0.01961	0.07516	0.3183	23500.0	28500.0	0.184	1.0
a1[1,14]	0.09512	0.0005926	0.1029	0.05972	0.004032	0.05815	0.3863	23870.0	28940.0	0.1869	1.0
a1[1,15]	0.1203	0.000618	0.05595	0.05187	0.04436	0.1084	0.2562	7133.0	20390.0	0.05584	1.0
a1[1,16]	0.1447	0.0005475	0.1029	0.08724	0.027	0.1154	0.405	30810.0	27740.0	0.2412	1.0
a1[1,17]	0.2396	0.000313	0.0632	0.06395	0.1257	0.236	0.3709	39660.0	30220.0	0.3104	1.0
a1[1,18]	0.09471	0.0003742	0.06459	0.04723	0.02509	0.07617	0.2681	25200.0	27640.0	0.1973	1.0
a1[1,19]	0.08551	0.0003874	0.05713	0.04017	0.02408	0.0689	0.2411	20700.0	27960.0	0.162	1.0
a1[1,20]	0.1245	0.0003296	0.04033	0.03882	0.06179	0.1192	0.2165	13440.0	22380.0	0.1053	1.0
a1[1,21]	0.344	0.0007496	0.1075	0.1084	0.1345	0.3451	0.5542	20250.0	16790.0	0.1585	1.0
a1[1,22]	0.118	0.0006759	0.1051	0.08352	0.003503	0.08969	0.3989	16750.0	17130.0	0.1311	1.0
a1[1,23]	0.2818	0.0004236	0.07284	0.07397	0.1477	0.2788	0.4315	28460.0	26070.0	0.2228	1.0
a1[1,24]	0.3125	0.0004702	0.09116	0.09285	0.1413	0.3107	0.4952	35700.0	20700.0	0.2795	1.0
a1[1,25]	0.1202	0.000526	0.0427	0.04135	0.05583	0.1143	0.2197	6177.0	17110.0	0.04835	1.0
a1[1,26]	0.117	0.0002575	0.04347	0.03882	0.05522	0.1092	0.2233	25630.0	27140.0	0.2007	1.0
a1[1,27]	0.1038	0.0001741	0.03559	0.0328	0.05137	0.09817	0.1893	41730.0	30580.0	0.3267	1.0
a1[1,28]	0.06784	0.0005361	0.06927	0.03774	0.007186	0.0424	0.2638	13370.0	28580.0	0.1047	1.0
a1[1,29]	0.2459	0.0005711	0.1097	0.1145	0.06224	0.2385	0.4803	31630.0	19250.0	0.2477	1.0
a1[1,30]	0.1913	0.0008671	0.1098	0.1134	0.03146	0.1768	0.4401	12260.0	13790.0	0.09597	1.0
a1[1,31]	0.1615	0.0002402	0.04559	0.04446	0.08643	0.1568	0.2635	33370.0	30490.0	0.2613	1.0
a1[1,32]	0.07341	0.000598	0.07428	0.04882	0.002632	0.05088	0.2787	11110.0	18020.0	0.08696	1.001
a1[1,33]	0.06471	0.0005564	0.07969	0.03784	0.002138	0.0351	0.2958	15490.0	25610.0	0.1213	1.0
a1[1,34]	0.0831	0.0006215	0.09693	0.04684	0.004518	0.04806	0.3681	17630.0	27800.0	0.138	1.0
a1[1,35]	0.4048	0.0006044	0.1174	0.1182	0.1787	0.4029	0.6408	36770.0	21200.0	0.2879	1.0
a1[1,36]	0.3002	0.0004996	0.07489	0.07524	0.1609	0.2974	0.4532	22800.0	27290.0	0.1785	1.0
a1[1,37]	0.1992	0.0009951	0.1545	0.1512	0.02124	0.1593	0.5701	17540.0	20570.0	0.1373	1.0
a1[1,38]	0.2311	0.0003752	0.06185	0.06036	0.129	0.2249	0.3704	29730.0	27080.0	0.2327	1.0
a1[1,39]	0.1783	0.0002072	0.04426	0.04327	0.1034	0.1744	0.276	42060.0	30380.0	0.3293	1.0
a1[1,40]	0.08268	0.0005761	0.09086	0.05476	0.002735	0.05135	0.3369	18060.0	24720.0	0.1414	1.0
a1[1,41]	0.0842	0.0005631	0.09619	0.05363	0.002696	0.04946	0.3578	20350.0	26140.0	0.1593	1.0
a1[1,42]	0.166	0.0006268	0.09365	0.09038	0.0397	0.1486	0.3911	22710.0	24470.0	0.1778	1.0
a1[1,43]	0.1118	0.0002504	0.05017	0.04418	0.04362	0.1016	0.2375	40270.0	30580.0	0.3152	1.0
a1[1,44]	0.04582	0.0005015	0.06181	0.02478	0.001634	0.0235	0.2255	11630.0	26240.0	0.09102	1.0
a1[1,45]	0.1471	0.0002829	0.05907	0.05772	0.05781	0.1385	0.283	40280.0	29840.0	0.3153	1.0
a1[1,46]	0.1067	0.0004864	0.0887	0.06151	0.0145	0.07905	0.3498	31090.0	29940.0	0.2434	1.0
a1[1,47]	0.2642	0.0003867	0.07996	0.08003	0.125	0.2593	0.4334	39950.0	26740.0	0.3128	1.0
a1[1,48]	0.2177	0.0003924	0.07872	0.07761	0.08862	0.2102	0.3926	36230.0	21320.0	0.2836	1.0
a1[1,49]	0.06464	0.0005826	0.07407	0.03254	0.007105	0.0383	0.2779	13810.0	25640.0	0.1081	1.0
a1[1,50]	0.05003	0.0003647	0.04793	0.02718	0.006437	0.03505	0.1824	13990.0	25140.0	0.1095	1.0
a1[1,51]	0.1103	0.0007012	0.1106	0.08188	0.003999	0.07331	0.4052	17060.0	23710.0	0.1336	1.0
a1[1,52]	0.08049	0.0005528	0.08054	0.04934	0.005416	0.05388	0.3055	14990.0	22580.0	0.1174	1.0
a1[1,53]	0.243	0.0003428	0.07831	0.07731	0.1135	0.2355	0.4158	49060.0	29690.0	0.384	1.0
a1[1,54]	0.3005	0.000918	0.08564	0.0871	0.1484	0.2957	0.481	8823.0	21480.0	0.06907	1.0
a1[1,55]	0.1279	0.0008524	0.1363	0.06764	0.01417	0.07238	0.5215	18510.0	28150.0	0.1449	1.0
a1[1,56]	0.04402	0.0005194	0.0609	0.0239	0.001329	0.0215	0.2243	11090.0	24360.0	0.08684	1.0
a1[1,57]	0.1379	0.0003625	0.06831	0.06604	0.04126	0.1261	0.2992	31240.0	25220.0	0.2445	1.0
a1[1,58]	0.1213	0.0003224	0.06094	0.05289	0.04218	0.108	0.273	32430.0	28380.0	0.2539	1.0
a1[1,59]	0.4168	0.0006238	0.1137	0.1167	0.187	0.4213	0.6277	33780.0	19490.0	0.2644	1.0
a1[1,60]	0.3672	0.0005915	0.1086	0.1103	0.1532	0.3678	0.5777	33570.0	19310.0	0.2628	1.0
a1[1,61]	0.2086	0.0003984	0.0714	0.07061	0.09412	0.2003	0.3703	27890.0	24600.0	0.2183	1.0
a1[1,62]	0.1591	0.0002532	0.05756	0.05756	0.06828	0.1524	0.288	46940.0	29650.0	0.3674	1.0
a1[1,63]	0.1587	0.0005982	0.1015	0.09061	0.03608	0.1331	0.413	24530.0	27530.0	0.192	1.0
a1[1,64]	0.07322	0.0005664	0.07246	0.03766	0.01093	0.0486	0.2815	15710.0	25230.0	0.1229	1.0
a1[1,65]	0.04752	0.0004311	0.05905	0.02341	0.00434	0.02735	0.2171	13970.0	25470.0	0.1094	1.001
a1[1,66]	0.2035	0.0009523	0.07719	0.08131	0.07323	0.199	0.3648	6092.0	11420.0	0.04769	1.0
a1[1,67]	0.1079	0.0006006	0.09253	0.06484	0.01557	0.07622	0.3579	20130.0	30400.0	0.1576	1.0
a1[1,68]	0.04095	0.0004607	0.05873	0.02081	0.00178	0.02037	0.2104	13910.0	23150.0	0.1089	1.0
a1[1,69]	0.1626	0.000357	0.0615	0.0593	0.07036	0.1532	0.3047	27990.0	30780.0	0.2191	1.0
a1[1,70]	0.1166	0.0003283	0.06469	0.05771	0.03302	0.1023	0.2767	32150.0	26270.0	0.2517	1.0
a1[1,71]	0.1346	0.0002696	0.04582	0.04217	0.06593	0.1276	0.2438	31470.0	27220.0	0.2464	1.0
a1[1,72]	0.04161	0.0004932	0.05889	0.02208	0.00128	0.02048	0.2097	9904.0	23750.0	0.07754	1.001
a1[1,73]	0.03712	0.0004843	0.05712	0.01846	0.000965	0.01647	0.2021	9431.0	24000.0	0.07383	1.001
a1[1,74]	0.3527	0.0006255	0.1225	0.1268	0.122	0.3506	0.5976	35370.0	17510.0	0.2769	1.0
a1[1,75]	0.0585	0.0006155	0.0722	0.03824	0.001143	0.03281	0.264	9559.0	18690.0	0.07483	1.0
a1[1,76]	0.06058	0.0004906	0.06872	0.03791	0.002515	0.03783	0.2556	14280.0	25460.0	0.1118	1.0
a1[1,77]	0.05236	0.0005544	0.06712	0.02999	0.001693	0.02782	0.2468	10330.0	23610.0	0.08085	1.0
a1[1,78]	0.08519	0.0007046	0.09882	0.03875	0.01192	0.04857	0.3891	20600.0	27250.0	0.1612	1.0
a1[1,79]	0.0613	0.0005072	0.07429	0.03393	0.003117	0.03439	0.2767	17000.0	25480.0	0.1331	1.0
a1[1,80]	0.1461	0.001411	0.1046	0.1088	0.01336	0.1296	0.3891	4017.0	7851.0	0.03144	1.001
a1[1,81]	0.08387	0.0001978	0.03379	0.02978	0.03732	0.07732	0.1674	31310.0	31970.0	0.2451	1.0
a1[1,82]	0.0815	0.0005372	0.08129	0.05301	0.005913	0.05513	0.3056	12300.0	14460.0	0.09631	1.0
a1[1,83]	0.0974	0.0001892	0.03917	0.03354	0.04396	0.08975	0.1939	47020.0	31480.0	0.3681	1.0
a1[1,84]	0.1237	0.0002598	0.0424	0.04031	0.05864	0.118	0.2229	24390.0	26540.0	0.191	1.0
a1[1,85]	0.1605	0.0002464	0.04396	0.04243	0.08861	0.1556	0.2591	32670.0	31230.0	0.2557	1.0
a1[1,86]	0.1219	0.0001335	0.03107	0.02947	0.07137	0.1182	0.1927	56190.0	32250.0	0.4399	1.0
a1[1,87]	0.08723	0.0001958	0.037	0.03065	0.03882	0.07935	0.181	33490.0	31440.0	0.2621	1.0
a1[1,88]	0.2188	0.001103	0.1647	0.1655	0.01568	0.1812	0.6054	14420.0	10910.0	0.1128	1.0
a1[1,89]	0.176	0.0003546	0.05274	0.05372	0.08621	0.172	0.2895	21360.0	32870.0	0.1672	1.0
a1[1,90]	0.07562	0.0002933	0.04888	0.03403	0.0228	0.06193	0.2089	25060.0	27900.0	0.1962	1.0
a1[1,91]	0.4062	0.0003594	0.08243	0.08286	0.2485	0.4046	0.5717	52310.0	30530.0	0.4095	1.0
a1[1,92]	0.1804	0.0007831	0.1234	0.1062	0.02312	0.1525	0.4953	17550.0	11010.0	0.1374	1.0
a1[1,93]	0.1294	0.0002716	0.05448	0.04779	0.05531	0.1186	0.2632	44570.0	30820.0	0.3489	1.0
a1[1,94]	0.1375	0.000869	0.0939	0.08898	0.02259	0.1165	0.3679	7652.0	13240.0	0.0599	1.0
a1[1,95]	0.1915	0.0004313	0.06324	0.06342	0.08675	0.1856	0.3309	21900.0	28680.0	0.1714	1.0
a1[1,96]	0.08708	0.0004009	0.06516	0.03935	0.02419	0.06785	0.2678	33020.0	26770.0	0.2585	1.0
a1[1,97]	0.05604	0.0003619	0.05736	0.02914	0.008009	0.03674	0.2182	21970.0	28190.0	0.172	1.0
a1[1,98]	0.1393	0.0003264	0.05441	0.04919	0.06199	0.1294	0.2716	23350.0	24010.0	0.1828	1.0
a1[1,99]	0.08473	0.0007084	0.1032	0.03966	0.009607	0.04508	0.4001	15650.0	27720.0	0.1225	1.0
a1[1,100]	0.165	0.0003699	0.06715	0.05917	0.07241	0.1523	0.3319	31310.0	29080.0	0.2451	1.0
a1[1,101]	0.07418	0.0002883	0.05176	0.03878	0.01604	0.05994	0.2102	32970.0	29240.0	0.2581	1.0
a1[1,102]	0.07798	0.0005434	0.08669	0.04748	0.0037	0.0464	0.3237	20190.0	26850.0	0.1581	1.0
a1[1,103]	0.1345	0.0003604	0.06191	0.0581	0.04612	0.1238	0.283	25800.0	23720.0	0.202	1.0
a1[1,104]	0.1149	0.0003668	0.06096	0.04951	0.03835	0.1016	0.2695	23630.0	24030.0	0.185	1.0
a1[1,105]	0.1768	0.000289	0.05621	0.05546	0.08567	0.1705	0.3033	40560.0	30190.0	0.3175	1.0
a1[1,106]	0.09548	0.0006281	0.09894	0.06771	0.002736	0.06337	0.3693	17020.0	21800.0	0.1332	1.0
a1[1,107]	0.1167	0.0005559	0.1006	0.07548	0.006547	0.08825	0.3849	21180.0	14870.0	0.1658	1.0
a1[1,108]	0.06777	0.0005354	0.08135	0.04028	0.002444	0.03851	0.3048	17250.0	26290.0	0.1351	1.0
a1[1,109]	0.08826	0.0002274	0.04371	0.03622	0.03296	0.07842	0.1982	38330.0	31090.0	0.3001	1.0
a1[1,110]	0.07786	0.0003114	0.04828	0.03337	0.02567	0.06476	0.2088	27670.0	28040.0	0.2166	1.0
a1[1,111]	0.06985	0.0004557	0.06955	0.04093	0.005328	0.04787	0.2619	19820.0	27720.0	0.1552	1.0
a1[1,112]	0.1924	0.0002564	0.05745	0.05597	0.0997	0.1854	0.3225	50680.0	33150.0	0.3968	1.0
a1[1,113]	0.1392	0.0006552	0.09381	0.08997	0.0202	0.1199	0.3663	13820.0	19070.0	0.1082	1.0
a1[1,114]	0.1219	0.000179	0.03554	0.03333	0.06667	0.1172	0.2038	40260.0	31790.0	0.3151	1.0
a1[1,115]	0.1466	0.0007101	0.1209	0.07052	0.03348	0.1045	0.5	25280.0	31330.0	0.1979	1.0
a1[1,116]	0.1325	0.0002522	0.04151	0.03984	0.06681	0.1273	0.2266	23710.0	24770.0	0.1856	1.0
a1[1,117]	0.08014	0.0002571	0.04787	0.03623	0.02534	0.06778	0.2044	32630.0	30760.0	0.2554	1.0
a1[1,118]	0.1028	0.0003562	0.05663	0.0462	0.03454	0.0888	0.2501	24980.0	29140.0	0.1955	1.0
a1[1,119]	0.08266	0.0005408	0.09224	0.05123	0.003267	0.0497	0.3445	22720.0	26330.0	0.1778	1.0
a1[1,120]	0.2382	0.0002752	0.06499	0.06533	0.1258	0.2335	0.3777	54320.0	32630.0	0.4252	1.0
a1[1,121]	0.1445	0.000863	0.1331	0.09988	0.01271	0.09756	0.4914	15130.0	23050.0	0.1185	1.0
a1[1,122]	0.3321	0.0003607	0.0749	0.07487	0.1929	0.329	0.4867	44200.0	31390.0	0.346	1.0
a1[1,123]	0.1804	0.0003782	0.07032	0.07197	0.0657	0.174	0.334	31150.0	23450.0	0.2439	1.0
a1[1,124]	0.251	0.0003098	0.07342	0.07515	0.1239	0.2465	0.4073	53700.0	28490.0	0.4204	1.0
a1[1,125]	0.4423	0.0003857	0.08743	0.08687	0.2824	0.438	0.6261	52930.0	32740.0	0.4144	1.0
a1[1,126]	0.2882	0.0007727	0.13	0.1344	0.06399	0.2809	0.5631	24730.0	13880.0	0.1936	1.0
a1[1,127]	0.1337	0.0002791	0.05574	0.04954	0.056	0.1233	0.27	40810.0	31650.0	0.3195	1.0
a1[1,128]	0.1459	0.000166	0.03775	0.0364	0.08367	0.1418	0.2309	54230.0	33030.0	0.4245	1.0
a1[1,129]	0.1361	0.0004513	0.0605	0.0572	0.05103	0.125	0.2808	13740.0	22520.0	0.1076	1.0
a1[1,130]	0.09141	0.001168	0.07581	0.08259	0.006924	0.07913	0.2723	2826.0	7450.0	0.02212	1.001
a1[1,131]	0.05691	0.0005958	0.07303	0.03483	0.001039	0.03052	0.268	9087.0	16680.0	0.07113	1.0
a1[1,132]	0.1108	0.000798	0.1101	0.07499	0.002375	0.07563	0.4149	10700.0	11200.0	0.08374	1.001
a1[1,133]	0.1449	0.0006488	0.06097	0.06133	0.05141	0.138	0.2822	7567.0	13390.0	0.05924	1.0
a1[1,134]	0.03918	0.000443	0.05431	0.01933	0.002238	0.01982	0.1963	13040.0	24690.0	0.1021	1.0
a1[1,135]	0.1859	0.001272	0.08146	0.08677	0.04562	0.1865	0.349	3930.0	6268.0	0.03076	1.001
a1[1,136]	0.127	0.0001654	0.03789	0.03716	0.06468	0.1232	0.2114	49840.0	31870.0	0.3902	1.0
a1[1,137]	0.1669	0.0004776	0.05152	0.04892	0.0872	0.1593	0.2867	11040.0	24620.0	0.08645	1.0
a1[1,138]	0.1211	0.0003965	0.06713	0.05776	0.03725	0.1054	0.2914	19820.0	23880.0	0.1552	1.0
a1[1,139]	0.06768	0.0004478	0.04465	0.03445	0.01736	0.05545	0.1836	7690.0	19950.0	0.0602	1.001
a1[1,140]	0.1488	0.0003911	0.06267	0.06026	0.05785	0.1383	0.297	25220.0	29580.0	0.1974	1.0
a1[1,141]	0.2644	0.0006428	0.1124	0.1143	0.0793	0.2543	0.5114	26030.0	19600.0	0.2038	1.0
a1[1,142]	0.1263	0.0005089	0.06759	0.05744	0.04123	0.1105	0.2981	13080.0	21500.0	0.1024	1.0
a1[1,143]	0.1603	0.0004679	0.06521	0.06013	0.06547	0.1494	0.3163	20670.0	25180.0	0.1618	1.0
a1[1,144]	0.117	0.0004869	0.08983	0.075	0.01379	0.09348	0.3474	24670.0	19720.0	0.1931	1.0
a1[1,145]	0.146	0.0002686	0.05698	0.05147	0.06493	0.136	0.2835	46230.0	32010.0	0.3619	1.0
a1[1,146]	0.3165	0.0008797	0.1467	0.1564	0.07229	0.3071	0.6243	23460.0	14060.0	0.1836	1.0
a1[1,147]	0.1178	0.0006897	0.1112	0.07631	0.009106	0.08008	0.422	15150.0	24370.0	0.1186	1.0
a1[1,148]	0.1476	0.0002738	0.05789	0.05494	0.06043	0.1391	0.2842	43140.0	29050.0	0.3377	1.0
a1[1,149]	0.09845	0.0003252	0.0451	0.03648	0.0402	0.0889	0.2111	20950.0	22510.0	0.164	1.0
a1[1,150]	0.1593	0.001814	0.1024	0.1274	0.02453	0.1528	0.3737	2828.0	7272.0	0.02214	1.001
a1[1,151]	0.1363	0.0002388	0.0534	0.05056	0.0579	0.1274	0.2618	48790.0	29710.0	0.382	1.0
a1[1,152]	0.1303	0.000437	0.08488	0.07016	0.03225	0.1072	0.3515	32180.0	27200.0	0.2519	1.0
a1[1,153]	0.08862	0.00092	0.1099	0.0553	0.001296	0.04399	0.4011	9139.0	19520.0	0.07155	1.001
a1[1,154]	0.07702	0.0006625	0.09126	0.03733	0.008467	0.04212	0.3511	14180.0	28410.0	0.111	1.0
a1[1,155]	0.04866	0.0005049	0.0619	0.02689	0.002021	0.02634	0.2287	10940.0	25850.0	0.08564	1.0
a1[2,1]	0.1619	0.0001828	0.04279	0.0415	0.09119	0.1576	0.2575	55040.0	31770.0	0.4309	1.0
a1[2,2]	0.5236	0.0005621	0.121	0.1212	0.2807	0.5243	0.7574	46770.0	24930.0	0.3662	1.0
a1[2,3]	0.265	0.0003518	0.07783	0.07788	0.1325	0.2586	0.4342	46730.0	29560.0	0.3658	1.0
a1[2,4]	0.2004	0.0006033	0.1175	0.1221	0.03735	0.1817	0.4663	30290.0	23790.0	0.2371	1.0
a1[2,5]	0.1141	0.0015	0.08735	0.1026	0.006631	0.1061	0.3112	2683.0	6643.0	0.021	1.001
a1[2,6]	0.2182	0.0003839	0.08306	0.08312	0.08628	0.2088	0.4038	41890.0	28390.0	0.3279	1.0
a1[2,7]	0.2037	0.0002964	0.06679	0.0649	0.09864	0.1951	0.3568	51370.0	32790.0	0.4022	1.0
a1[2,8]	0.2725	0.0007118	0.06991	0.0722	0.1416	0.2713	0.4112	9690.0	23250.0	0.07586	1.0
a1[2,9]	0.2973	0.0004333	0.0903	0.09209	0.1265	0.296	0.4786	41880.0	24680.0	0.3279	1.0
a1[2,10]	0.3814	0.001085	0.1607	0.1687	0.07073	0.3861	0.6866	21130.0	11140.0	0.1654	1.0
a1[2,11]	0.1343	0.0007283	0.0703	0.06252	0.04439	0.118	0.3077	7795.0	20020.0	0.06102	1.0
a1[2,12]	0.1626	0.0002716	0.05298	0.05225	0.07861	0.1563	0.2821	38760.0	29640.0	0.3034	1.0
a1[2,13]	0.1209	0.0006852	0.09482	0.06976	0.0224	0.09027	0.3727	17520.0	28770.0	0.1371	1.0
a1[2,14]	0.09926	0.0006006	0.1067	0.0627	0.004369	0.06092	0.4013	25380.0	29540.0	0.1987	1.0
a1[2,15]	0.1857	0.0003477	0.06088	0.06208	0.08613	0.1796	0.3182	30680.0	29530.0	0.2402	1.0
a1[2,16]	0.1644	0.0005964	0.1026	0.09176	0.03942	0.138	0.4208	25900.0	27320.0	0.2028	1.0
a1[2,17]	0.2335	0.00124	0.1053	0.1095	0.04832	0.2336	0.4463	6626.0	6546.0	0.05187	1.001
a1[2,18]	0.1249	0.0009098	0.09838	0.06588	0.02685	0.09274	0.3986	14570.0	18580.0	0.1141	1.0
a1[2,19]	0.08047	0.0003764	0.06428	0.04385	0.01551	0.06076	0.2585	24610.0	25970.0	0.1927	1.0
a1[2,20]	0.1553	0.0001612	0.03653	0.03538	0.09349	0.152	0.2348	52630.0	34020.0	0.412	1.0
a1[2,21]	0.2845	0.0008969	0.1069	0.1094	0.09685	0.2784	0.5093	13260.0	15970.0	0.1038	1.0
a1[2,22]	0.1227	0.0006785	0.1104	0.08631	0.004742	0.09141	0.4197	18140.0	18450.0	0.142	1.0
a1[2,23]	0.3355	0.0003083	0.07195	0.07255	0.1978	0.3345	0.4798	55290.0	31410.0	0.4328	1.0
a1[2,24]	0.2863	0.001411	0.1287	0.1314	0.04508	0.2874	0.5404	7847.0	5256.0	0.06143	1.0
a1[2,25]	0.2103	0.0005376	0.05859	0.05672	0.115	0.2035	0.3442	12180.0	22670.0	0.09539	1.0
a1[2,26]	0.145	0.000205	0.04233	0.04094	0.07725	0.1399	0.2408	45020.0	30690.0	0.3524	1.0
a1[2,27]	0.1211	0.0001686	0.03721	0.03403	0.06459	0.1156	0.209	51580.0	31350.0	0.4038	1.0
a1[2,28]	0.06861	0.000532	0.07467	0.03674	0.006962	0.04105	0.2829	16440.0	28840.0	0.1287	1.0
a1[2,29]	0.2483	0.0006047	0.116	0.1171	0.06968	0.2336	0.5112	30360.0	20030.0	0.2377	1.0
a1[2,30]	0.2451	0.000528	0.1022	0.105	0.07303	0.2375	0.4673	31560.0	18140.0	0.2471	1.0
a1[2,31]	0.1905	0.0002093	0.04896	0.047	0.1094	0.1855	0.3006	57930.0	30260.0	0.4535	1.0
a1[2,32]	0.07435	0.0005988	0.07699	0.05198	0.002126	0.05085	0.2842	10940.0	15120.0	0.08562	1.001
a1[2,33]	0.07102	0.0006024	0.08451	0.04345	0.002335	0.04027	0.3156	15100.0	24660.0	0.1182	1.0
a1[2,34]	0.09072	0.0007437	0.1091	0.04871	0.00523	0.04944	0.4188	17670.0	27090.0	0.1384	1.0
a1[2,35]	0.4291	0.0006764	0.132	0.136	0.1786	0.4281	0.691	36590.0	20350.0	0.2864	1.0
a1[2,36]	0.259	0.0002859	0.05856	0.0575	0.1562	0.2549	0.3851	42290.0	31230.0	0.3311	1.0
a1[2,37]	0.2028	0.001023	0.1595	0.1662	0.01504	0.1657	0.5736	18780.0	20750.0	0.147	1.0
a1[2,38]	0.1989	0.0003138	0.04622	0.04598	0.1179	0.1959	0.2976	21230.0	31270.0	0.1662	1.0
a1[2,39]	0.2094	0.0002133	0.05152	0.05066	0.1212	0.2052	0.322	60560.0	32030.0	0.4741	1.0
a1[2,40]	0.0902	0.0006282	0.09632	0.06177	0.003049	0.05702	0.3548	17600.0	25290.0	0.1377	1.0
a1[2,41]	0.09181	0.0006089	0.1015	0.0597	0.002964	0.05486	0.3751	19420.0	25490.0	0.1521	1.0
a1[2,42]	0.1534	0.0003453	0.07302	0.07151	0.04842	0.1414	0.3224	35560.0	25050.0	0.2783	1.0
a1[2,43]	0.1189	0.0002079	0.04447	0.04083	0.05429	0.1117	0.226	42660.0	31920.0	0.334	1.0
a1[2,44]	0.04841	0.0005227	0.06603	0.02506	0.001961	0.02413	0.2402	11730.0	24490.0	0.09181	1.0
a1[2,45]	0.1159	0.000746	0.06993	0.06693	0.02601	0.1009	0.2827	6999.0	14670.0	0.05479	1.0
a1[2,46]	0.113	0.0005114	0.09512	0.06636	0.01392	0.08328	0.3743	32350.0	31050.0	0.2533	1.0
a1[2,47]	0.3013	0.000302	0.07117	0.07075	0.1675	0.2997	0.4466	54520.0	30420.0	0.4268	1.0
a1[2,48]	0.2223	0.0002417	0.05652	0.05611	0.1215	0.2193	0.3424	53080.0	31860.0	0.4155	1.0
a1[2,49]	0.06246	0.00047	0.06799	0.03344	0.006712	0.03899	0.2525	17510.0	28000.0	0.1371	1.0
a1[2,50]	0.05242	0.0004207	0.05835	0.03025	0.003908	0.03243	0.2157	16670.0	24280.0	0.1305	1.0
a1[2,51]	0.1253	0.0007536	0.1159	0.0912	0.006515	0.0886	0.425	16930.0	21910.0	0.1325	1.0
a1[2,52]	0.08387	0.0006131	0.09062	0.05321	0.004273	0.05225	0.3387	16240.0	21080.0	0.1271	1.0
a1[2,53]	0.2591	0.0004006	0.09148	0.09197	0.1017	0.2521	0.4571	47820.0	23640.0	0.3744	1.0
a1[2,54]	0.2269	0.0003802	0.05962	0.05819	0.1261	0.2216	0.358	24150.0	29410.0	0.189	1.0
a1[2,55]	0.1587	0.001295	0.1625	0.08565	0.01814	0.09033	0.6092	12740.0	28210.0	0.09977	1.0
a1[2,56]	0.04783	0.0005445	0.06401	0.02614	0.001782	0.02463	0.2339	10360.0	24110.0	0.08114	1.0
a1[2,57]	0.1413	0.0003335	0.06669	0.06428	0.04501	0.1306	0.2983	33990.0	25920.0	0.2661	1.0
a1[2,58]	0.1604	0.0003787	0.06642	0.06434	0.06016	0.1511	0.3147	30660.0	25630.0	0.24	1.0
a1[2,59]	0.4406	0.0008829	0.1423	0.1438	0.1443	0.4469	0.7044	27130.0	10020.0	0.2124	1.0
a1[2,60]	0.3511	0.0004659	0.09521	0.0964	0.1706	0.3497	0.5414	40610.0	24360.0	0.3179	1.0
a1[2,61]	0.1729	0.001591	0.1098	0.1188	0.01633	0.1632	0.4137	3898.0	7722.0	0.03051	1.001
a1[2,62]	0.1766	0.0002733	0.06029	0.0587	0.08231	0.1687	0.3148	46520.0	29440.0	0.3642	1.0
a1[2,63]	0.1356	0.0006622	0.1051	0.08543	0.01942	0.1048	0.4095	18540.0	22160.0	0.1451	1.0
a1[2,64]	0.06758	0.0004517	0.06835	0.03471	0.009724	0.04518	0.2644	23170.0	27850.0	0.1814	1.0
a1[2,65]	0.05252	0.0005214	0.06833	0.02559	0.004186	0.02786	0.2543	14350.0	24160.0	0.1124	1.0
a1[2,66]	0.2745	0.0002987	0.06488	0.06561	0.1564	0.2716	0.4086	47070.0	31630.0	0.3685	1.0
a1[2,67]	0.1109	0.0005319	0.0889	0.06315	0.02084	0.08289	0.3523	20960.0	27780.0	0.1641	1.0
a1[2,68]	0.04555	0.000481	0.05877	0.02423	0.002476	0.02527	0.2107	12160.0	22630.0	0.09517	1.0
a1[2,69]	0.1969	0.0002698	0.06087	0.05998	0.09757	0.1901	0.3332	49480.0	31350.0	0.3873	1.0
a1[2,70]	0.1677	0.000759	0.08755	0.09337	0.04018	0.1559	0.3613	12630.0	22030.0	0.09889	1.0
a1[2,71]	0.1159	0.0002038	0.03778	0.036	0.05718	0.1109	0.2033	31340.0	28440.0	0.2453	1.0
a1[2,72]	0.04606	0.0005516	0.06559	0.02486	0.001336	0.02216	0.239	10330.0	23820.0	0.08084	1.0
a1[2,73]	0.04101	0.0005253	0.06047	0.02117	0.001069	0.01884	0.2176	9216.0	22750.0	0.07215	1.001
a1[2,74]	0.349	0.0007523	0.1326	0.135	0.09724	0.3466	0.6153	28650.0	14750.0	0.2243	1.0
a1[2,75]	0.06272	0.000642	0.07601	0.03935	0.001549	0.03553	0.2801	9801.0	18600.0	0.07673	1.0
a1[2,76]	0.06113	0.0005139	0.07341	0.03677	0.002575	0.03462	0.2688	14640.0	24650.0	0.1146	1.0
a1[2,77]	0.05672	0.000615	0.07528	0.03276	0.001617	0.02879	0.2768	10810.0	23850.0	0.08461	1.0
a1[2,78]	0.09104	0.0006499	0.09366	0.0418	0.01702	0.05809	0.3727	16720.0	28350.0	0.1309	1.0
a1[2,79]	0.0685	0.0005579	0.08036	0.03919	0.00333	0.03931	0.3017	17220.0	25830.0	0.1348	1.0
a1[2,80]	0.2196	0.0004543	0.09125	0.08987	0.07959	0.207	0.4279	35070.0	26700.0	0.2745	1.0
a1[2,81]	0.06585	0.0003521	0.03769	0.03156	0.01988	0.05689	0.1613	9022.0	20280.0	0.07063	1.0
a1[2,82]	0.1096	0.0005596	0.08403	0.05913	0.02146	0.08436	0.3377	18760.0	28170.0	0.1469	1.0
a1[2,83]	0.09996	0.0001637	0.03558	0.03143	0.04933	0.0937	0.1868	51100.0	30790.0	0.4	1.0
a1[2,84]	0.1638	0.0002435	0.04802	0.04698	0.0842	0.1593	0.2716	39190.0	31330.0	0.3068	1.0
a1[2,85]	0.1119	0.0006917	0.04922	0.04638	0.04412	0.1024	0.229	4629.0	16530.0	0.03623	1.0
a1[2,86]	0.1177	0.0001872	0.03192	0.0308	0.06517	0.1144	0.1896	27320.0	29440.0	0.2139	1.0
a1[2,87]	0.112	0.0002231	0.04234	0.03774	0.05252	0.104	0.2163	38610.0	30860.0	0.3023	1.0
a1[2,88]	0.2182	0.001101	0.1668	0.1665	0.01027	0.1797	0.6086	14890.0	9916.0	0.1166	1.0
a1[2,89]	0.123	0.001686	0.09003	0.1056	0.01534	0.1088	0.3195	2443.0	8513.0	0.01913	1.001
a1[2,90]	0.1083	0.0003928	0.05802	0.04661	0.03805	0.09401	0.258	22230.0	28330.0	0.174	1.0
a1[2,91]	0.4213	0.0006878	0.1151	0.1112	0.186	0.4226	0.6464	29230.0	11820.0	0.2288	1.0
a1[2,92]	0.1942	0.0008043	0.1279	0.1147	0.01723	0.1683	0.5112	17500.0	9104.0	0.137	1.0
a1[2,93]	0.1309	0.000262	0.05427	0.04762	0.05619	0.121	0.2638	44830.0	31370.0	0.3509	1.0
a1[2,94]	0.1757	0.0003691	0.07438	0.07337	0.06507	0.1645	0.3487	36850.0	29640.0	0.2885	1.0
a1[2,95]	0.161	0.000329	0.0568	0.05415	0.07303	0.1535	0.2926	28270.0	29880.0	0.2213	1.0
a1[2,96]	0.09833	0.0003761	0.05981	0.04357	0.0315	0.08205	0.2581	27050.0	27330.0	0.2118	1.0
a1[2,97]	0.07489	0.000445	0.06081	0.03775	0.01599	0.0556	0.2446	16020.0	29000.0	0.1254	1.0
a1[2,98]	0.1706	0.0002357	0.05102	0.04837	0.09048	0.1639	0.2888	49060.0	33320.0	0.384	1.0
a1[2,99]	0.08394	0.0006821	0.1043	0.04243	0.005958	0.044	0.3966	20410.0	26370.0	0.1598	1.0
a1[2,100]	0.1689	0.0008868	0.1072	0.1079	0.03003	0.1489	0.423	8945.0	11620.0	0.07002	1.0
a1[2,101]	0.08377	0.0002994	0.05042	0.0401	0.02469	0.07075	0.2164	27980.0	30330.0	0.219	1.0
a1[2,102]	0.0852	0.0005758	0.09104	0.05247	0.004736	0.05186	0.3425	18760.0	26860.0	0.1469	1.0
a1[2,103]	0.12	0.0008372	0.08481	0.08248	0.008642	0.1063	0.3224	6229.0	7275.0	0.04876	1.0
a1[2,104]	0.1037	0.0008088	0.08319	0.07419	0.005633	0.08723	0.3147	5647.0	7281.0	0.04421	1.0
a1[2,105]	0.1636	0.0001997	0.04562	0.04478	0.08821	0.1592	0.2645	50930.0	32150.0	0.3987	1.0
a1[2,106]	0.1039	0.0006877	0.1039	0.07481	0.00317	0.07082	0.3897	16020.0	23950.0	0.1254	1.0
a1[2,107]	0.1284	0.000597	0.1018	0.0805	0.006983	0.1027	0.3943	18850.0	11570.0	0.1476	1.0
a1[2,108]	0.07525	0.0005958	0.08773	0.04579	0.002793	0.04357	0.3237	17050.0	26640.0	0.1335	1.0
a1[2,109]	0.116	0.0003292	0.05127	0.04693	0.04514	0.1064	0.2409	24310.0	29800.0	0.1903	1.0
a1[2,110]	0.07819	0.0002752	0.04745	0.03329	0.02609	0.06557	0.206	34110.0	28730.0	0.267	1.0
a1[2,111]	0.07545	0.0005012	0.0785	0.0452	0.005023	0.04895	0.2922	22040.0	26160.0	0.1725	1.0
a1[2,112]	0.1753	0.0004297	0.06219	0.05901	0.08166	0.166	0.3215	18970.0	24750.0	0.1485	1.0
a1[2,113]	0.1795	0.0004598	0.08939	0.08727	0.05129	0.1653	0.3887	32450.0	24970.0	0.254	1.0
a1[2,114]	0.1416	0.0001748	0.04058	0.03996	0.07575	0.1373	0.2331	54370.0	33000.0	0.4256	1.0
a1[2,115]	0.1455	0.0007806	0.1329	0.07762	0.02327	0.09739	0.5279	25410.0	26460.0	0.1989	1.0
a1[2,116]	0.1559	0.0001574	0.03726	0.03618	0.09392	0.1521	0.2391	58510.0	33940.0	0.4581	1.0
a1[2,117]	0.1105	0.0004119	0.05736	0.0482	0.03827	0.09719	0.2573	20100.0	28570.0	0.1574	1.0
a1[2,118]	0.09239	0.0003472	0.06032	0.04691	0.02363	0.0761	0.2514	23540.0	27150.0	0.1843	1.0
a1[2,119]	0.08984	0.0005776	0.09677	0.05687	0.003725	0.05631	0.3635	23150.0	26050.0	0.1812	1.0
a1[2,120]	0.2207	0.0008247	0.08228	0.08407	0.07877	0.216	0.3962	9013.0	12410.0	0.07056	1.0
a1[2,121]	0.1691	0.001156	0.1539	0.1273	0.01259	0.1171	0.553	13630.0	22130.0	0.1067	1.0
a1[2,122]	0.3169	0.0005657	0.08231	0.08181	0.1619	0.3148	0.4847	20320.0	19610.0	0.1591	1.0
a1[2,123]	0.1639	0.0004592	0.07798	0.07711	0.05077	0.1518	0.3433	23980.0	24120.0	0.1877	1.0
a1[2,124]	0.2552	0.0003255	0.07648	0.07708	0.1265	0.2488	0.4215	52090.0	31500.0	0.4078	1.0
a1[2,125]	0.4328	0.0006213	0.1074	0.1074	0.2242	0.4314	0.6481	29110.0	19440.0	0.2279	1.0
a1[2,126]	0.2797	0.0005782	0.1119	0.1124	0.0946	0.2685	0.5276	31260.0	18320.0	0.2447	1.0
a1[2,127]	0.166	0.0003232	0.06218	0.05828	0.07383	0.1559	0.3139	37620.0	30900.0	0.2945	1.0
a1[2,128]	0.151	0.0002056	0.04408	0.04289	0.07785	0.1465	0.2483	42160.0	27340.0	0.3301	1.0
a1[2,129]	0.1705	0.0002437	0.05369	0.05215	0.08583	0.1642	0.2934	48500.0	34090.0	0.3797	1.0
a1[2,130]	0.1306	0.0003554	0.04269	0.04142	0.06341	0.1255	0.2278	13510.0	25860.0	0.1058	1.0
a1[2,131]	0.06118	0.0006357	0.07708	0.03798	0.001198	0.03337	0.2855	9183.0	17320.0	0.07189	1.001
a1[2,132]	0.1117	0.0007982	0.1142	0.07538	0.00331	0.0738	0.4292	11730.0	11990.0	0.09181	1.001
a1[2,133]	0.1965	0.0002566	0.05511	0.05455	0.105	0.1911	0.3187	46350.0	33100.0	0.3628	1.0
a1[2,134]	0.0448	0.0004857	0.05577	0.02315	0.003246	0.02554	0.2076	10860.0	23500.0	0.08505	1.0
a1[2,135]	0.2519	0.000253	0.05733	0.05728	0.1475	0.2491	0.3723	50610.0	33970.0	0.3962	1.0
a1[2,136]	0.1501	0.0002908	0.05851	0.05622	0.06276	0.1409	0.2857	38020.0	28320.0	0.2976	1.0
a1[2,137]	0.2388	0.0003852	0.05947	0.06012	0.1343	0.2352	0.3644	24200.0	29300.0	0.1895	1.0
a1[2,138]	0.1489	0.0002818	0.05704	0.05268	0.06536	0.1398	0.2841	40590.0	29800.0	0.3178	1.0
a1[2,139]	0.1069	0.0002682	0.0472	0.04105	0.04371	0.09716	0.2243	31560.0	29910.0	0.2471	1.0
a1[2,140]	0.129	0.0002849	0.05601	0.05152	0.05005	0.1186	0.2636	35460.0	29930.0	0.2776	1.0
a1[2,141]	0.3067	0.0005262	0.1038	0.1083	0.1164	0.3047	0.5139	35920.0	19720.0	0.2812	1.0
a1[2,142]	0.159	0.0002535	0.05573	0.05368	0.07382	0.1512	0.2873	47710.0	32270.0	0.3735	1.0
a1[2,143]	0.1388	0.000255	0.05403	0.05146	0.05691	0.1313	0.2638	40020.0	26340.0	0.3133	1.0
a1[2,144]	0.1446	0.0004435	0.08586	0.07902	0.03475	0.1264	0.354	31200.0	26000.0	0.2443	1.0
a1[2,145]	0.1645	0.0002535	0.05781	0.0554	0.07591	0.1561	0.2983	51710.0	32130.0	0.4048	1.0
a1[2,146]	0.3564	0.0008041	0.1425	0.1487	0.09574	0.3528	0.6432	28110.0	14340.0	0.2201	1.0
a1[2,147]	0.1467	0.0005835	0.1124	0.09168	0.02006	0.1158	0.4385	29420.0	28660.0	0.2303	1.0
a1[2,148]	0.1533	0.0002135	0.04951	0.04674	0.07612	0.1469	0.268	53360.0	30050.0	0.4177	1.0
a1[2,149]	0.06764	0.0003857	0.03875	0.03144	0.02135	0.05818	0.1659	8609.0	22410.0	0.0674	1.0
a1[2,150]	0.2293	0.000416	0.05795	0.05792	0.1273	0.2259	0.3524	19050.0	31670.0	0.1491	1.0
a1[2,151]	0.1589	0.0002594	0.05722	0.0552	0.07169	0.1507	0.2913	48860.0	32000.0	0.3825	1.0
a1[2,152]	0.1412	0.0005164	0.09646	0.07528	0.03312	0.1136	0.3955	32610.0	29610.0	0.2553	1.0
a1[2,153]	0.08844	0.000869	0.1092	0.05485	0.001593	0.04534	0.4033	9685.0	19400.0	0.07582	1.001
a1[2,154]	0.09227	0.0009236	0.109	0.04513	0.008758	0.04746	0.4146	12810.0	27510.0	0.1003	1.0
a1[2,155]	0.05042	0.0005002	0.06547	0.02727	0.002205	0.02622	0.2461	12070.0	23880.0	0.09452	1.0
a2[1,1]	0.06946	0.0001097	0.02096	0.01895	0.03796	0.06618	0.1192	37250.0	30530.0	0.2916	1.0
a2[1,2]	0.4124	0.0003599	0.08668	0.08431	0.2509	0.4085	0.593	58190.0	31200.0	0.4556	1.0
a2[1,3]	0.07243	0.0001599	0.03132	0.02562	0.03158	0.06561	0.1515	42550.0	31690.0	0.3331	1.0
a2[1,4]	0.0901	0.0005866	0.08644	0.05376	0.0112	0.059	0.329	16030.0	27340.0	0.1255	1.0
a2[1,5]	0.1253	0.0002972	0.03457	0.03343	0.06891	0.1215	0.2038	13050.0	29580.0	0.1022	1.0
a2[1,6]	0.1964	0.0004948	0.09464	0.08557	0.06954	0.1769	0.4298	35970.0	31870.0	0.2816	1.0
a2[1,7]	0.1592	0.0002155	0.04658	0.04718	0.08001	0.1555	0.2596	45430.0	32420.0	0.3556	1.0
a2[1,8]	0.5035	0.0004147	0.1008	0.1019	0.3101	0.502	0.7036	59620.0	32570.0	0.4667	1.0
a2[1,9]	0.07075	0.0001984	0.0394	0.02957	0.02488	0.06076	0.1734	42160.0	32540.0	0.3301	1.0
a2[1,10]	0.0695	0.0003029	0.05248	0.03049	0.02031	0.0536	0.2104	34040.0	31570.0	0.2665	1.0
a2[1,11]	0.09457	0.0002789	0.05281	0.04171	0.03215	0.08083	0.2326	39440.0	31620.0	0.3088	1.0
a2[1,12]	0.1478	0.0002276	0.04552	0.04291	0.07781	0.1414	0.2535	42610.0	32050.0	0.3336	1.0
a2[1,13]	0.1214	0.0008001	0.1324	0.0753	0.007334	0.06825	0.4908	21400.0	28390.0	0.1675	1.0
a2[1,14]	0.03259	0.0003544	0.05844	0.01503	0.00045	0.01308	0.1988	24680.0	29550.0	0.1932	1.0
a2[1,15]	0.1213	0.0004654	0.08196	0.06006	0.03288	0.09646	0.3424	33250.0	31180.0	0.2603	1.0
a2[1,16]	0.1365	0.001319	0.1677	0.05946	0.01201	0.06128	0.6298	20500.0	26710.0	0.1605	1.0
a2[1,17]	0.2342	0.0003395	0.07034	0.06993	0.1167	0.2274	0.3883	42170.0	31480.0	0.3301	1.0
a2[1,18]	0.1612	0.0004599	0.08989	0.07893	0.04628	0.1404	0.3871	33450.0	26400.0	0.2618	1.0
a2[1,19]	0.0358	0.00024	0.03764	0.01622	0.006399	0.0248	0.1364	32480.0	26750.0	0.2542	1.0
a2[1,20]	0.1544	0.0002258	0.05152	0.04895	0.07445	0.1476	0.2736	53480.0	31970.0	0.4186	1.0
a2[1,21]	0.1305	0.000318	0.06404	0.05648	0.04659	0.117	0.2889	38230.0	30400.0	0.2993	1.0
a2[1,22]	0.5977	0.001425	0.1603	0.152	0.2325	0.6114	0.8697	18490.0	7667.0	0.1448	1.0
a2[1,23]	0.2951	0.0004791	0.09164	0.09418	0.1332	0.2903	0.4875	35670.0	26120.0	0.2793	1.0
a2[1,24]	0.1144	0.0001487	0.03406	0.03199	0.06144	0.1097	0.1934	54330.0	32700.0	0.4253	1.0
a2[1,25]	0.4075	0.0002884	0.07248	0.07161	0.2649	0.4073	0.5504	63260.0	31070.0	0.4953	1.0
a2[1,26]	0.08999	0.000172	0.03053	0.02733	0.04607	0.08468	0.164	32050.0	29360.0	0.2509	1.0
a2[1,27]	0.1761	0.0003567	0.07553	0.07087	0.06819	0.1626	0.3557	42270.0	32270.0	0.3309	1.0
a2[1,28]	0.08352	0.0002123	0.03932	0.03621	0.02979	0.07597	0.1796	30540.0	28610.0	0.2391	1.0
a2[1,29]	0.138	0.0004339	0.08874	0.07276	0.03473	0.1137	0.3671	39050.0	31070.0	0.3057	1.0
a2[1,30]	0.08396	0.0003507	0.06025	0.03869	0.02362	0.06575	0.2508	32980.0	29480.0	0.2582	1.0
a2[1,31]	0.08003	0.0001484	0.02738	0.02402	0.04119	0.0754	0.1467	35610.0	29280.0	0.2788	1.0
a2[1,32]	0.07982	0.000855	0.1168	0.02813	0.004625	0.0294	0.4417	16280.0	26580.0	0.1274	1.0
a2[1,33]	0.07942	0.0005489	0.09243	0.04199	0.006587	0.0431	0.3446	25100.0	32170.0	0.1965	1.0
a2[1,34]	0.0456	0.0004029	0.07013	0.02221	0.0006882	0.01889	0.2532	26610.0	28450.0	0.2083	1.0
a2[1,35]	0.1107	0.0004447	0.07831	0.05729	0.02746	0.08612	0.3216	30170.0	29610.0	0.2362	1.0
a2[1,36]	0.1819	0.0003148	0.06817	0.06634	0.07651	0.173	0.3388	44930.0	31880.0	0.3517	1.0
a2[1,37]	0.04338	0.0002603	0.04188	0.01981	0.008856	0.03057	0.1577	25640.0	27900.0	0.2007	1.0
a2[1,38]	0.1927	0.000177	0.0455	0.04595	0.1097	0.1907	0.2867	66650.0	33320.0	0.5217	1.0
a2[1,39]	0.1584	0.0001785	0.04274	0.04212	0.08754	0.1542	0.2535	58330.0	34930.0	0.4567	1.0
a2[1,40]	0.04696	0.0005704	0.08652	0.01802	0.0007232	0.01629	0.3244	20360.0	27410.0	0.1594	1.0
a2[1,41]	0.3584	0.0005095	0.1066	0.1059	0.1495	0.3575	0.5691	42540.0	19440.0	0.333	1.0
a2[1,42]	0.03498	0.0003202	0.04576	0.01663	0.003089	0.01909	0.1656	15900.0	26010.0	0.1244	1.0
a2[1,43]	0.09347	0.000268	0.047	0.03757	0.03561	0.08243	0.2147	34580.0	29340.0	0.2707	1.0
a2[1,44]	0.02258	0.0002776	0.04237	0.01047	0.0004428	0.01005	0.1302	23340.0	26260.0	0.1827	1.0
a2[1,45]	0.1146	0.0001704	0.03821	0.03638	0.05563	0.1094	0.2036	50560.0	32580.0	0.3958	1.0
a2[1,46]	0.04584	0.0001916	0.03267	0.01963	0.01358	0.03691	0.1331	36420.0	27960.0	0.2851	1.0
a2[1,47]	0.1636	0.0002279	0.04992	0.04986	0.0821	0.1583	0.2757	46680.0	30490.0	0.3654	1.0
a2[1,48]	0.3776	0.0004638	0.09939	0.1009	0.1948	0.3736	0.5815	44890.0	31920.0	0.3514	1.0
a2[1,49]	0.05507	0.0005111	0.07338	0.02742	0.002288	0.02863	0.275	16010.0	23650.0	0.1254	1.0
a2[1,50]	0.07619	0.001191	0.1365	0.02507	0.004848	0.03026	0.5822	16760.0	14560.0	0.1312	1.0
a2[1,51]	0.04492	0.0004198	0.07229	0.02255	0.0005028	0.0189	0.2579	29720.0	30900.0	0.2326	1.0
a2[1,52]	0.05391	0.0008468	0.1082	0.0157	0.0005279	0.01401	0.4253	14630.0	23200.0	0.1145	1.0
a2[1,53]	0.1585	0.0002377	0.05487	0.05199	0.07511	0.1505	0.2873	53600.0	34210.0	0.4196	1.0
a2[1,54]	0.1464	0.0002312	0.04868	0.04451	0.07342	0.1387	0.2631	46670.0	31950.0	0.3654	1.0
a2[1,55]	0.102	0.0006257	0.1035	0.06736	0.006735	0.06564	0.3879	20640.0	25640.0	0.1616	1.0
a2[1,56]	0.02926	0.000337	0.05398	0.01361	0.0003808	0.01186	0.1763	23050.0	28320.0	0.1804	1.0
a2[1,57]	0.1025	0.0004792	0.07498	0.05142	0.02551	0.07891	0.3063	28740.0	28430.0	0.225	1.0
a2[1,58]	0.126	0.0003468	0.06454	0.05473	0.04471	0.111	0.2892	35010.0	30720.0	0.2741	1.0
a2[1,59]	0.1496	0.0003577	0.0715	0.06438	0.05371	0.1347	0.3251	38970.0	30410.0	0.3051	1.0
a2[1,60]	0.1935	0.000261	0.05966	0.05716	0.09845	0.1859	0.3296	53610.0	34570.0	0.4197	1.0
a2[1,61]	0.12	0.0002983	0.05016	0.0433	0.0523	0.1102	0.2433	24590.0	30510.0	0.1925	1.0
a2[1,62]	0.05196	0.0001761	0.02926	0.02039	0.01948	0.04425	0.1298	28820.0	28040.0	0.2256	1.0
a2[1,63]	0.07077	0.0004363	0.07021	0.03322	0.0134	0.04716	0.2766	25020.0	30710.0	0.1959	1.0
a2[1,64]	0.04642	0.000455	0.07736	0.02055	0.0005131	0.01713	0.284	28540.0	28630.0	0.2234	1.0
a2[1,65]	0.03466	0.0004426	0.06464	0.01459	0.0007075	0.01446	0.2205	18140.0	24940.0	0.142	1.0
a2[1,66]	0.08691	0.0006557	0.06129	0.04321	0.02331	0.06683	0.2509	7252.0	21790.0	0.05677	1.001
a2[1,67]	0.05879	0.0004686	0.0748	0.02651	0.006666	0.0318	0.2833	26930.0	27540.0	0.2108	1.0
a2[1,68]	0.03859	0.0002747	0.0419	0.02008	0.003675	0.0256	0.1524	20850.0	24370.0	0.1632	1.0
a2[1,69]	0.1017	9.792e-05	0.02233	0.02124	0.06427	0.09936	0.1521	52560.0	35320.0	0.4115	1.0
a2[1,70]	0.04943	0.000191	0.03353	0.02043	0.01592	0.0403	0.1391	39720.0	29400.0	0.3109	1.0
a2[1,71]	0.3098	0.0003975	0.07774	0.079	0.1621	0.3088	0.4665	38460.0	33020.0	0.3011	1.0
a2[1,72]	0.04113	0.0004245	0.06109	0.02211	0.0008382	0.02084	0.2168	13800.0	23600.0	0.108	1.0
a2[1,73]	0.02543	0.0003617	0.05273	0.009426	0.0001651	0.007325	0.1724	15890.0	26440.0	0.1244	1.0
a2[1,74]	0.1328	0.0007486	0.1269	0.06966	0.02174	0.08587	0.5017	27810.0	32100.0	0.2177	1.0
a2[1,75]	0.07723	0.001052	0.1367	0.02304	0.0005738	0.01774	0.5226	12860.0	24800.0	0.1007	1.0
a2[1,76]	0.03883	0.0003886	0.06558	0.01852	0.0003768	0.01523	0.2349	23210.0	31110.0	0.1817	1.0
a2[1,77]	0.02581	0.0002877	0.04578	0.01239	0.0004155	0.01144	0.1465	20640.0	26820.0	0.1616	1.0
a2[1,78]	0.03762	0.0003464	0.05389	0.01846	0.001707	0.01764	0.1905	18000.0	27890.0	0.1409	1.0
a2[1,79]	0.03444	0.0004066	0.06172	0.01509	0.0003412	0.01262	0.2152	18610.0	28250.0	0.1457	1.0
a2[1,80]	0.06323	0.0005923	0.07076	0.02749	0.01047	0.03595	0.2771	10650.0	22400.0	0.08337	1.0
a2[1,81]	0.06725	0.0001446	0.02996	0.02425	0.02878	0.06078	0.1424	47780.0	31540.0	0.374	1.0
a2[1,82]	0.03693	0.0003853	0.0575	0.01664	0.001602	0.01573	0.203	16400.0	26940.0	0.1284	1.0
a2[1,83]	0.06448	0.000271	0.03532	0.02435	0.02504	0.05533	0.1583	16360.0	26170.0	0.128	1.0
a2[1,84]	0.0876	0.0003397	0.06078	0.04103	0.02461	0.0692	0.255	34150.0	30550.0	0.2674	1.0
a2[1,85]	0.1667	0.0002998	0.0583	0.05538	0.07804	0.1585	0.3031	39450.0	29050.0	0.3088	1.0
a2[1,86]	0.1765	0.000174	0.03892	0.03721	0.1093	0.1733	0.2625	50960.0	34120.0	0.3989	1.0
a2[1,87]	0.1025	0.0001697	0.03759	0.03355	0.04901	0.09585	0.1936	51810.0	31790.0	0.4056	1.0
a2[1,88]	0.05266	0.000368	0.05927	0.02488	0.007346	0.03172	0.2249	27920.0	29290.0	0.2185	1.0
a2[1,89]	0.2066	0.0003052	0.06543	0.06507	0.09368	0.2019	0.3479	44320.0	32000.0	0.347	1.0
a2[1,90]	0.05889	0.0004113	0.0666	0.0263	0.009928	0.03596	0.251	31370.0	27890.0	0.2456	1.0
a2[1,91]	0.1078	0.0003763	0.06963	0.05133	0.03071	0.08814	0.2922	32550.0	28230.0	0.2548	1.0
a2[1,92]	0.02725	0.000348	0.05076	0.01213	0.0004013	0.01079	0.1709	24350.0	25030.0	0.1906	1.0
a2[1,93]	0.06534	0.0003908	0.0515	0.0298	0.01721	0.04888	0.2078	15850.0	26210.0	0.1241	1.0
a2[1,94]	0.1093	0.0003398	0.06884	0.0567	0.02805	0.09096	0.2856	34540.0	27780.0	0.2704	1.0
a2[1,95]	0.2115	0.0002773	0.06164	0.06038	0.1087	0.2054	0.3476	49640.0	31490.0	0.3886	1.0
a2[1,96]	0.06271	0.0004545	0.06246	0.02576	0.01621	0.04398	0.2335	30610.0	20190.0	0.2397	1.0
a2[1,97]	0.02184	0.0002794	0.04004	0.01047	0.000397	0.00997	0.1257	19190.0	25680.0	0.1502	1.0
a2[1,98]	0.2305	0.0006427	0.0991	0.104	0.06698	0.2235	0.4412	22850.0	21300.0	0.1789	1.0
a2[1,99]	0.03402	0.0002743	0.04473	0.01572	0.003106	0.01966	0.1609	23430.0	24340.0	0.1834	1.0
a2[1,100]	0.0979	0.0002519	0.04511	0.03806	0.0393	0.08838	0.2108	30690.0	30600.0	0.2403	1.0
a2[1,101]	0.04085	0.0002482	0.03619	0.01821	0.009497	0.02937	0.1425	20870.0	24610.0	0.1634	1.0
a2[1,102]	0.04771	0.0004207	0.07426	0.02426	0.0006032	0.02051	0.2724	30950.0	29210.0	0.2423	1.0
a2[1,103]	0.1019	0.0002923	0.05541	0.0441	0.03549	0.08796	0.2473	34110.0	32020.0	0.267	1.0
a2[1,104]	0.07768	0.0004147	0.06972	0.03569	0.01797	0.05488	0.2752	28700.0	31260.0	0.2247	1.0
a2[1,105]	0.3177	0.0003158	0.07179	0.07411	0.1827	0.3172	0.4597	51570.0	32850.0	0.4037	1.0
a2[1,106]	0.5826	0.000589	0.1265	0.1257	0.3238	0.5854	0.8198	49240.0	24890.0	0.3855	1.0
a2[1,107]	0.2235	0.0009733	0.151	0.1446	0.01813	0.1936	0.5866	13450.0	5989.0	0.1053	1.0
a2[1,108]	0.02775	0.0003116	0.04913	0.01289	0.0005139	0.01214	0.1644	27370.0	29400.0	0.2143	1.0
a2[1,109]	0.081	0.0002013	0.03857	0.03122	0.0325	0.07224	0.1794	38080.0	34100.0	0.2981	1.0
a2[1,110]	0.07829	0.0003408	0.05873	0.03518	0.02244	0.06067	0.2396	32700.0	29690.0	0.256	1.0
a2[1,111]	0.3819	0.001198	0.18	0.1924	0.0583	0.3763	0.7423	18550.0	9076.0	0.1452	1.0
a2[1,112]	0.2637	0.0004576	0.09095	0.09437	0.1076	0.2571	0.4554	37340.0	28650.0	0.2923	1.0
a2[1,113]	0.04597	0.0003653	0.05762	0.0195	0.007059	0.02664	0.2158	30100.0	26900.0	0.2356	1.0
a2[1,114]	0.1849	0.0002248	0.04712	0.04601	0.105	0.1806	0.2891	44440.0	33690.0	0.3479	1.0
a2[1,115]	0.1212	0.0002476	0.04879	0.04402	0.05223	0.1123	0.2405	37210.0	31990.0	0.2913	1.0
a2[1,116]	0.2236	0.0005137	0.08544	0.08707	0.09049	0.2134	0.4145	24940.0	26450.0	0.1952	1.0
a2[1,117]	0.1079	0.0004527	0.07159	0.04624	0.03503	0.0864	0.3062	27790.0	29750.0	0.2175	1.0
a2[1,118]	0.1105	0.0002863	0.06106	0.05033	0.03535	0.09591	0.2662	42280.0	28450.0	0.331	1.0
a2[1,119]	0.4985	0.0007983	0.1379	0.1357	0.2104	0.5011	0.7587	31870.0	16730.0	0.2495	1.0
a2[1,120]	0.1276	0.0002729	0.05277	0.04765	0.05295	0.1181	0.2547	35490.0	31600.0	0.2778	1.0
a2[1,121]	0.02455	0.0003074	0.04631	0.01091	0.0003358	0.009674	0.153	18640.0	27320.0	0.1459	1.0
a2[1,122]	0.1703	0.0002006	0.04649	0.04646	0.09093	0.1665	0.2707	51650.0	33850.0	0.4044	1.0
a2[1,123]	0.2554	0.0004083	0.0874	0.08794	0.09917	0.2518	0.4387	42910.0	25950.0	0.3359	1.0
a2[1,124]	0.137	0.0002383	0.04992	0.04541	0.06432	0.1284	0.2583	46320.0	32460.0	0.3626	1.0
a2[1,125]	0.06549	0.0003791	0.0565	0.02824	0.01709	0.04885	0.2264	33160.0	22210.0	0.2596	1.0
a2[1,126]	0.1748	0.000262	0.05797	0.05608	0.08393	0.1674	0.3066	47650.0	32300.0	0.373	1.0
a2[1,127]	0.3816	0.0006213	0.1167	0.1185	0.1652	0.3777	0.6215	35110.0	23140.0	0.2749	1.0
a2[1,128]	0.2686	0.0009705	0.1556	0.1654	0.05968	0.2388	0.6164	24200.0	28770.0	0.1895	1.0
a2[1,129]	0.05226	0.0001802	0.02373	0.01869	0.0225	0.04677	0.1135	18880.0	24740.0	0.1478	1.0
a2[1,130]	0.04307	0.0004682	0.0506	0.02	0.00512	0.02331	0.1894	7087.0	21030.0	0.05548	1.0
a2[1,131]	0.03413	0.0003322	0.05099	0.01924	0.000468	0.01741	0.1761	15450.0	24840.0	0.1209	1.0
a2[1,132]	0.04192	0.0005469	0.07678	0.01611	0.0009598	0.01606	0.2869	18400.0	24920.0	0.1441	1.0
a2[1,133]	0.1014	0.0002416	0.04987	0.04346	0.03679	0.08991	0.2255	43440.0	30980.0	0.34	1.0
a2[1,134]	0.03835	0.000481	0.06845	0.01689	0.0005073	0.0151	0.2392	14660.0	25810.0	0.1148	1.0
a2[1,135]	0.1222	0.0003312	0.05899	0.0477	0.04877	0.108	0.2722	32560.0	29160.0	0.2549	1.0
a2[1,136]	0.1126	0.0002659	0.05284	0.04388	0.04519	0.1005	0.2476	42900.0	29040.0	0.3359	1.0
a2[1,137]	0.09806	0.0002712	0.03949	0.03589	0.04306	0.09081	0.1936	20250.0	27850.0	0.1585	1.0
a2[1,138]	0.169	0.0004693	0.09726	0.08765	0.04531	0.1466	0.411	37190.0	27040.0	0.2911	1.0
a2[1,139]	0.09441	0.0006286	0.09402	0.0534	0.01229	0.05943	0.3572	16980.0	28830.0	0.133	1.0
a2[1,140]	0.1049	0.0001888	0.03999	0.03605	0.0482	0.09785	0.2022	45060.0	33580.0	0.3528	1.0
a2[1,141]	0.1877	0.0005798	0.1098	0.104	0.04127	0.1669	0.4551	30620.0	24930.0	0.2397	1.0
a2[1,142]	0.207	0.00099	0.1538	0.1634	0.02275	0.1726	0.5574	20450.0	23030.0	0.1601	1.0
a2[1,143]	0.3577	0.0005648	0.1133	0.1131	0.1559	0.3509	0.5995	38710.0	24690.0	0.303	1.0
a2[1,144]	0.05808	0.0005497	0.08621	0.0264	0.00317	0.02769	0.3184	29110.0	26860.0	0.2279	1.0
a2[1,145]	0.2274	0.001137	0.1617	0.1497	0.03378	0.1877	0.6306	17910.0	21770.0	0.1402	1.0
a2[1,146]	0.1052	0.0004547	0.07776	0.05544	0.024	0.08083	0.3133	30370.0	31990.0	0.2377	1.0
a2[1,147]	0.3157	0.0009246	0.1408	0.1541	0.07172	0.3126	0.5934	21680.0	16490.0	0.1697	1.0
a2[1,148]	0.08766	0.0003763	0.05502	0.03915	0.02799	0.07207	0.2362	19190.0	27700.0	0.1502	1.0
a2[1,149]	0.152	0.0004542	0.07024	0.06015	0.06092	0.1359	0.331	26910.0	25120.0	0.2107	1.0
a2[1,150]	0.3205	0.002726	0.2068	0.2415	0.01258	0.3217	0.7148	5147.0	5600.0	0.04029	1.001
a2[1,151]	0.06122	0.0002905	0.04326	0.02675	0.01819	0.04839	0.1775	23850.0	26670.0	0.1867	1.0
a2[1,152]	0.06792	0.0003417	0.05881	0.03266	0.01451	0.04832	0.2359	32640.0	30720.0	0.2555	1.0
a2[1,153]	0.02212	0.0002682	0.04347	0.009253	0.0004121	0.008597	0.1383	24520.0	26830.0	0.192	1.0
a2[1,154]	0.03582	0.0002049	0.03305	0.01572	0.008532	0.02682	0.1183	30960.0	28730.0	0.2424	1.0
a2[1,155]	0.05	0.0003681	0.05937	0.02454	0.0045	0.0305	0.2209	25710.0	26880.0	0.2013	1.0
a2[2,1]	0.1584	0.0002255	0.0484	0.04734	0.08078	0.1527	0.2693	46850.0	32660.0	0.3668	1.0
a2[2,2]	0.461	0.000609	0.1305	0.1314	0.1969	0.4637	0.7091	47220.0	22670.0	0.3697	1.0
a2[2,3]	0.1115	0.0001627	0.0381	0.03566	0.05433	0.1057	0.2017	56210.0	33200.0	0.44	1.0
a2[2,4]	0.1745	0.0003993	0.083	0.07518	0.05838	0.1594	0.375	40110.0	29490.0	0.314	1.0
a2[2,5]	0.08294	0.001366	0.0896	0.05921	0.002849	0.04609	0.3076	3133.0	12930.0	0.02452	1.002
a2[2,6]	0.1755	0.0006165	0.1061	0.1005	0.0393	0.1532	0.4326	25120.0	26310.0	0.1967	1.0
a2[2,7]	0.2254	0.000209	0.053	0.05296	0.1314	0.2221	0.3388	64400.0	34350.0	0.5042	1.0
a2[2,8]	0.5725	0.0003488	0.09288	0.09307	0.3919	0.5722	0.7548	71070.0	31080.0	0.5564	1.0
a2[2,9]	0.1045	0.0002689	0.05518	0.0498	0.03314	0.09225	0.2393	41110.0	32500.0	0.3218	1.0
a2[2,10]	0.0762	0.000391	0.06688	0.03833	0.01533	0.05398	0.2637	29460.0	31490.0	0.2306	1.0
a2[2,11]	0.1013	0.0002307	0.04824	0.04072	0.03958	0.09036	0.223	49290.0	31750.0	0.3858	1.0
a2[2,12]	0.1004	0.0002152	0.03238	0.02935	0.05241	0.09512	0.1778	23450.0	27530.0	0.1836	1.0
a2[2,13]	0.1754	0.0008054	0.1373	0.1214	0.02423	0.1338	0.5134	23680.0	27280.0	0.1854	1.0
a2[2,14]	0.04045	0.0004308	0.068	0.01865	0.0005921	0.01608	0.2432	23230.0	28260.0	0.1819	1.0
a2[2,15]	0.1223	0.0002846	0.06201	0.0536	0.04239	0.1084	0.2764	47180.0	31700.0	0.3693	1.0
a2[2,16]	0.1503	0.0008208	0.1279	0.08395	0.02655	0.1037	0.4959	23580.0	31280.0	0.1846	1.0
a2[2,17]	0.2251	0.0009174	0.1058	0.1127	0.04636	0.2213	0.4419	11390.0	10790.0	0.0892	1.001
a2[2,18]	0.2244	0.0004461	0.09433	0.09552	0.06915	0.216	0.4316	39420.0	23950.0	0.3086	1.0
a2[2,19]	0.04062	0.0002624	0.04152	0.01807	0.008584	0.02818	0.1509	32490.0	26920.0	0.2544	1.0
a2[2,20]	0.1779	0.0002374	0.05438	0.05343	0.09042	0.1717	0.3003	52550.0	33500.0	0.4114	1.0
a2[2,21]	0.1056	0.0004952	0.07417	0.0626	0.0215	0.08535	0.2957	17330.0	26740.0	0.1357	1.0
a2[2,22]	0.6708	0.001553	0.1515	0.1359	0.3122	0.6897	0.9026	18140.0	7803.0	0.142	1.0
a2[2,23]	0.2636	0.000333	0.0763	0.07814	0.1309	0.2586	0.4233	50530.0	30160.0	0.3956	1.0
a2[2,24]	0.08007	0.000456	0.04552	0.03373	0.02856	0.06767	0.2006	8918.0	25360.0	0.06981	1.0
a2[2,25]	0.408	0.0002989	0.06894	0.06854	0.2687	0.4103	0.5391	53640.0	32690.0	0.4199	1.0
a2[2,26]	0.1635	0.0001801	0.04357	0.04344	0.08977	0.1598	0.2585	59300.0	32210.0	0.4642	1.0
a2[2,27]	0.2086	0.0003293	0.07914	0.07703	0.08369	0.1989	0.39	54900.0	29730.0	0.4298	1.0
a2[2,28]	0.07319	0.0006694	0.07742	0.05407	0.003164	0.04744	0.2817	6727.0	14590.0	0.05266	1.001
a2[2,29]	0.1996	0.0006608	0.1226	0.1101	0.04922	0.1691	0.5079	32510.0	30520.0	0.2545	1.0
a2[2,30]	0.1163	0.0002634	0.05412	0.0436	0.04796	0.1039	0.2556	47550.0	31880.0	0.3723	1.0
a2[2,31]	0.1255	0.0001314	0.03137	0.03031	0.07234	0.1228	0.1951	57570.0	32750.0	0.4507	1.0
a2[2,32]	0.08996	0.0009721	0.1312	0.03323	0.003593	0.03159	0.4953	15830.0	27500.0	0.1239	1.0
a2[2,33]	0.1278	0.0005767	0.1011	0.07577	0.02341	0.09534	0.3952	28670.0	31470.0	0.2244	1.0
a2[2,34]	0.05933	0.0004244	0.0751	0.03546	0.001165	0.03287	0.2763	28380.0	30260.0	0.2222	1.0
a2[2,35]	0.1511	0.000295	0.06387	0.05735	0.06299	0.1388	0.3071	48660.0	32510.0	0.3809	1.0
a2[2,36]	0.2451	0.0003119	0.07531	0.07459	0.122	0.2372	0.4136	58580.0	33760.0	0.4586	1.0
a2[2,37]	0.04112	0.0003811	0.05558	0.02001	0.003033	0.02194	0.2006	17920.0	24930.0	0.1403	1.0
a2[2,38]	0.1911	0.00026	0.04727	0.04616	0.1115	0.1867	0.2959	32470.0	30810.0	0.2542	1.0
a2[2,39]	0.2261	0.0003268	0.07373	0.0725	0.1092	0.2173	0.3921	51120.0	33180.0	0.4002	1.0
a2[2,40]	0.05938	0.0007325	0.1061	0.01974	0.001052	0.01796	0.4113	18440.0	25060.0	0.1443	1.0
a2[2,41]	0.3821	0.0004864	0.1092	0.1096	0.1671	0.383	0.5963	49890.0	20450.0	0.3905	1.0
a2[2,42]	0.06547	0.0002168	0.03887	0.02602	0.02344	0.05545	0.1679	36980.0	31150.0	0.2895	1.0
a2[2,43]	0.07504	0.0001698	0.03528	0.02876	0.03026	0.06719	0.1642	44740.0	32750.0	0.3503	1.0
a2[2,44]	0.02806	0.0003311	0.04968	0.01298	0.0005693	0.01201	0.1629	22610.0	26340.0	0.177	1.0
a2[2,45]	0.1125	0.0003967	0.05956	0.05195	0.03764	0.09851	0.2614	17420.0	26030.0	0.1364	1.0
a2[2,46]	0.04492	0.0002692	0.04248	0.02112	0.008738	0.03171	0.1598	28160.0	27010.0	0.2205	1.0
a2[2,47]	0.1819	0.0002521	0.0555	0.05581	0.08676	0.1774	0.3015	46920.0	29070.0	0.3673	1.0
a2[2,48]	0.4674	0.0004729	0.1143	0.1132	0.2379	0.4679	0.6884	59270.0	26040.0	0.464	1.0
a2[2,49]	0.05644	0.0005669	0.08151	0.03061	0.001184	0.02573	0.2999	14540.0	22920.0	0.1138	1.001
a2[2,50]	0.07027	0.001108	0.1302	0.02475	0.002001	0.02326	0.5237	15910.0	15580.0	0.1245	1.0
a2[2,51]	0.05228	0.0004827	0.08239	0.02523	0.0006802	0.021	0.3009	25310.0	27390.0	0.1981	1.0
a2[2,52]	0.05101	0.0008323	0.1084	0.01286	0.0005726	0.01123	0.4183	15080.0	23280.0	0.118	1.0
a2[2,53]	0.1491	0.0005377	0.07909	0.06354	0.05271	0.1293	0.3528	20240.0	27080.0	0.1584	1.0
a2[2,54]	0.1201	0.0001849	0.03477	0.03257	0.06512	0.1156	0.2001	34790.0	33230.0	0.2723	1.0
a2[2,55]	0.1582	0.0005394	0.09606	0.09371	0.03323	0.1394	0.387	27020.0	26460.0	0.2115	1.0
a2[2,56]	0.03517	0.0003955	0.06217	0.0153	0.000483	0.01306	0.2146	20640.0	26540.0	0.1616	1.0
a2[2,57]	0.0925	0.000216	0.04672	0.03894	0.03373	0.08175	0.2107	47750.0	32410.0	0.3738	1.0
a2[2,58]	0.1785	0.0002326	0.05789	0.05672	0.08531	0.1722	0.3087	59650.0	30490.0	0.4669	1.0
a2[2,59]	0.1678	0.0003551	0.07569	0.0759	0.05645	0.1566	0.3403	41380.0	30460.0	0.324	1.0
a2[2,60]	0.1919	0.0003188	0.06516	0.0616	0.09074	0.1832	0.3445	42060.0	30880.0	0.3293	1.0
a2[2,61]	0.09966	0.001038	0.09529	0.08196	0.004542	0.07165	0.3443	5236.0	13570.0	0.04099	1.001
a2[2,62]	0.1092	0.0001832	0.04089	0.03596	0.05189	0.1015	0.2102	54480.0	31160.0	0.4265	1.0
a2[2,63]	0.06285	0.0005715	0.08252	0.03482	0.002812	0.03215	0.3028	13420.0	22940.0	0.105	1.0
a2[2,64]	0.05643	0.0004927	0.08454	0.02929	0.00079	0.02516	0.3099	29730.0	29300.0	0.2327	1.0
a2[2,65]	0.03572	0.0004604	0.06744	0.01427	0.0006883	0.01277	0.2289	17610.0	22950.0	0.1378	1.0
a2[2,66]	0.2051	0.0002539	0.05811	0.05915	0.1057	0.2002	0.329	51790.0	35310.0	0.4054	1.0
a2[2,67]	0.09405	0.0004532	0.07936	0.04534	0.02125	0.06793	0.3198	29800.0	30830.0	0.2333	1.0
a2[2,68]	0.03953	0.0003773	0.05559	0.02061	0.00137	0.01895	0.1975	15510.0	23660.0	0.1214	1.0
a2[2,69]	0.1065	0.0002528	0.03579	0.03282	0.05353	0.101	0.1923	19720.0	29420.0	0.1544	1.0
a2[2,70]	0.0526	0.0002069	0.03657	0.02269	0.016	0.04228	0.1497	37050.0	29100.0	0.29	1.0
a2[2,71]	0.2286	0.001984	0.1569	0.1769	0.03111	0.2013	0.576	5133.0	13320.0	0.04018	1.001
a2[2,72]	0.04826	0.0004923	0.06872	0.0311	0.0006216	0.02517	0.2429	12040.0	21610.0	0.09426	1.0
a2[2,73]	0.03078	0.0004314	0.06193	0.01265	0.0002622	0.01017	0.1985	15590.0	26940.0	0.1221	1.0
a2[2,74]	0.171	0.0008153	0.1424	0.1067	0.02493	0.1223	0.5438	28790.0	31230.0	0.2254	1.0
a2[2,75]	0.1055	0.001326	0.1634	0.03742	0.001387	0.03147	0.6158	13100.0	25420.0	0.1026	1.0
a2[2,76]	0.04454	0.0004525	0.07446	0.02027	0.0005268	0.01682	0.2709	19970.0	26240.0	0.1563	1.0
a2[2,77]	0.03041	0.0003339	0.05341	0.014	0.0004477	0.01186	0.1777	18960.0	26880.0	0.1484	1.0
a2[2,78]	0.06217	0.0003232	0.05393	0.02913	0.01427	0.04542	0.2118	29710.0	30230.0	0.2326	1.0
a2[2,79]	0.04207	0.0004939	0.07269	0.01768	0.0004392	0.0142	0.2614	16450.0	26100.0	0.1288	1.0
a2[2,80]	0.1028	0.000192	0.03657	0.0335	0.04988	0.09646	0.1915	37550.0	33740.0	0.2939	1.0
a2[2,81]	0.06791	0.0003627	0.05361	0.03305	0.01607	0.05028	0.217	18000.0	28220.0	0.1409	1.0
a2[2,82]	0.06207	0.0003561	0.05727	0.0286	0.01401	0.04373	0.2248	26840.0	28980.0	0.2101	1.0
a2[2,83]	0.1276	0.0001449	0.03454	0.03427	0.06972	0.1246	0.2033	56900.0	33680.0	0.4454	0.9999
a2[2,84]	0.1056	0.000242	0.05116	0.04237	0.04086	0.0939	0.2356	48040.0	31830.0	0.3761	1.0
a2[2,85]	0.1222	0.0002607	0.04507	0.04185	0.05617	0.1145	0.2294	29270.0	30560.0	0.2292	1.0
a2[2,86]	0.1609	0.0002602	0.04541	0.04502	0.08312	0.1574	0.2592	28840.0	27440.0	0.2258	1.0
a2[2,87]	0.1296	0.0001769	0.04223	0.04097	0.06373	0.1242	0.2252	56870.0	33040.0	0.4452	1.0
a2[2,88]	0.08348	0.0003282	0.05897	0.03985	0.02273	0.06548	0.2457	34760.0	32310.0	0.2721	1.0
a2[2,89]	0.1377	0.0007328	0.07923	0.06786	0.04164	0.1175	0.3367	10550.0	25550.0	0.0826	1.0
a2[2,90]	0.0937	0.0005136	0.08332	0.04414	0.02012	0.06461	0.3367	29720.0	30080.0	0.2326	1.0
a2[2,91]	0.2235	0.0006096	0.102	0.1049	0.06916	0.2104	0.4525	26170.0	25180.0	0.2049	1.0
a2[2,92]	0.03265	0.0003759	0.05618	0.01487	0.0006283	0.01381	0.1938	23150.0	25590.0	0.1812	1.0
a2[2,93]	0.1378	0.0002399	0.05258	0.04939	0.06065	0.1294	0.2619	47460.0	31850.0	0.3715	1.0
a2[2,94]	0.1532	0.0004886	0.09425	0.088	0.03521	0.1311	0.3823	32140.0	27620.0	0.2516	1.0
a2[2,95]	0.2035	0.0003424	0.06745	0.06757	0.09224	0.1971	0.3533	36730.0	28850.0	0.2876	1.0
a2[2,96]	0.07891	0.00028	0.04913	0.03363	0.02611	0.06546	0.2127	40830.0	27050.0	0.3197	1.0
a2[2,97]	0.02443	0.0003054	0.04529	0.01027	0.0004333	0.009258	0.1489	17820.0	23750.0	0.1395	1.0
a2[2,98]	0.1789	0.0002896	0.06285	0.06019	0.08124	0.1705	0.3241	43540.0	30820.0	0.3409	1.0
a2[2,99]	0.03672	0.0003409	0.0553	0.01766	0.001504	0.01739	0.1973	21780.0	26920.0	0.1705	1.0
a2[2,100]	0.1321	0.0007557	0.111	0.09285	0.01618	0.09703	0.4153	15840.0	19760.0	0.124	1.0
a2[2,101]	0.08544	0.0001824	0.03687	0.03022	0.03766	0.07755	0.1789	47790.0	30410.0	0.3741	1.0
a2[2,102]	0.05596	0.0004905	0.0845	0.02818	0.0007945	0.02403	0.31	27050.0	27840.0	0.2117	1.0
a2[2,103]	0.09171	0.0007656	0.09506	0.06305	0.005742	0.05762	0.3508	8624.0	16850.0	0.06751	1.001
a2[2,104]	0.08474	0.0006709	0.1015	0.04326	0.007339	0.04485	0.3895	18360.0	26100.0	0.1438	1.0
a2[2,105]	0.3278	0.0003606	0.07731	0.07697	0.1714	0.33	0.4759	47110.0	25110.0	0.3688	1.0
a2[2,106]	0.6325	0.0007045	0.1479	0.1429	0.298	0.6473	0.8775	53140.0	21570.0	0.416	1.0
a2[2,107]	0.2577	0.0009898	0.1514	0.1514	0.0301	0.2394	0.611	14880.0	6898.0	0.1165	1.0
a2[2,108]	0.03553	0.0003593	0.05798	0.01748	0.0007058	0.01624	0.1999	26980.0	28210.0	0.2112	1.0
a2[2,109]	0.147	0.0008229	0.1154	0.07771	0.03131	0.1062	0.46	23370.0	26750.0	0.1829	1.0
a2[2,110]	0.1196	0.0005749	0.09285	0.06806	0.02324	0.0889	0.3652	27470.0	31070.0	0.215	1.0
a2[2,111]	0.519	0.0005923	0.1225	0.1242	0.2845	0.5177	0.7612	42640.0	30480.0	0.3338	1.0
a2[2,112]	0.2636	0.0004178	0.09207	0.09128	0.1091	0.2558	0.4661	44230.0	25090.0	0.3462	1.0
a2[2,113]	0.06236	0.0003663	0.06011	0.02771	0.01418	0.0431	0.2324	33530.0	28450.0	0.2625	1.0
a2[2,114]	0.22	0.0001858	0.04736	0.04607	0.1323	0.218	0.3187	64910.0	31010.0	0.5081	1.0
a2[2,115]	0.1169	0.000885	0.09829	0.08532	0.01343	0.08726	0.3636	7922.0	16610.0	0.06202	1.001
a2[2,116]	0.321	0.000324	0.08145	0.08294	0.1761	0.3163	0.4908	62860.0	33540.0	0.4921	1.0
a2[2,117]	0.1441	0.001151	0.15	0.06733	0.02173	0.08222	0.586	20680.0	24410.0	0.1619	1.0
a2[2,118]	0.1889	0.0004578	0.09381	0.09405	0.05493	0.1734	0.4052	37550.0	28660.0	0.2939	1.0
a2[2,119]	0.4374	0.001449	0.1886	0.2109	0.09074	0.4446	0.7836	16680.0	13390.0	0.1306	1.0
a2[2,120]	0.2292	0.000885	0.1358	0.1421	0.04877	0.2033	0.5376	22620.0	25500.0	0.1771	1.0
a2[2,121]	0.03103	0.0003725	0.05574	0.01319	0.0004003	0.01107	0.1902	17100.0	25670.0	0.1339	1.0
a2[2,122]	0.1529	0.0005671	0.07569	0.07231	0.0493	0.1385	0.3355	15050.0	22350.0	0.1178	1.0
a2[2,123]	0.2008	0.0009447	0.1171	0.1126	0.0488	0.1761	0.4832	13310.0	25270.0	0.1042	1.0
a2[2,124]	0.1409	0.000191	0.04329	0.04058	0.0734	0.1348	0.2409	51550.0	33240.0	0.4035	1.0
a2[2,125]	0.1079	0.0003367	0.05562	0.0434	0.04087	0.09409	0.2537	28580.0	29040.0	0.2237	1.0
a2[2,126]	0.2932	0.0004867	0.09837	0.1027	0.1129	0.2908	0.491	39510.0	24200.0	0.3093	1.0
a2[2,127]	0.3594	0.0002867	0.06334	0.06196	0.2451	0.3561	0.4949	49000.0	34120.0	0.3836	1.0
a2[2,128]	0.2552	0.0006229	0.1244	0.128	0.07337	0.2371	0.5374	36000.0	28820.0	0.2818	1.0
a2[2,129]	0.149	0.0002196	0.04675	0.04559	0.07497	0.143	0.2559	45840.0	32290.0	0.3589	1.0
a2[2,130]	0.1047	0.0001877	0.03725	0.0349	0.04982	0.0986	0.1931	39400.0	33860.0	0.3085	1.0
a2[2,131]	0.0406	0.0004073	0.05971	0.02397	0.0004636	0.019	0.2071	13090.0	22760.0	0.1025	1.0
a2[2,132]	0.0434	0.0005557	0.07933	0.01697	0.0009281	0.01558	0.2892	17800.0	26240.0	0.1394	1.0
a2[2,133]	0.1341	0.0002162	0.0494	0.04386	0.06251	0.1257	0.2531	56010.0	31030.0	0.4385	1.0
a2[2,134]	0.04461	0.0005472	0.07635	0.01935	0.000474	0.01533	0.2694	13430.0	23380.0	0.1051	1.0
a2[2,135]	0.1651	0.0002153	0.05074	0.04879	0.08549	0.1586	0.281	56860.0	35970.0	0.4451	1.0
a2[2,136]	0.1067	0.0002238	0.04669	0.03951	0.04489	0.09715	0.2245	45270.0	30280.0	0.3544	1.0
a2[2,137]	0.1611	0.0001545	0.03773	0.03741	0.09498	0.1587	0.2419	59700.0	33610.0	0.4673	1.0
a2[2,138]	0.2173	0.0004719	0.1039	0.1019	0.0673	0.201	0.461	43340.0	27280.0	0.3393	1.0
a2[2,139]	0.1595	0.0004501	0.08377	0.07337	0.05166	0.1412	0.3658	33400.0	30760.0	0.2615	1.0
a2[2,140]	0.1622	0.0006844	0.108	0.09334	0.03772	0.1319	0.4348	21860.0	25740.0	0.1711	1.0
a2[2,141]	0.2026	0.0004598	0.09681	0.09033	0.06482	0.1856	0.4369	38420.0	25830.0	0.3008	1.0
a2[2,142]	0.2239	0.0005943	0.1079	0.105	0.07152	0.2058	0.4805	27660.0	26930.0	0.2165	1.0
a2[2,143]	0.3466	0.0004099	0.09755	0.09659	0.1732	0.3409	0.5572	55200.0	27600.0	0.4321	1.0
a2[2,144]	0.08272	0.0006527	0.09833	0.03671	0.01271	0.04777	0.3795	27400.0	26150.0	0.2145	1.0
a2[2,145]	0.1984	0.0006251	0.1259	0.1191	0.03491	0.1735	0.5067	31620.0	22640.0	0.2475	1.0
a2[2,146]	0.09634	0.0003778	0.07168	0.04846	0.02287	0.07415	0.2917	38550.0	31310.0	0.3018	1.0
a2[2,147]	0.2995	0.0004773	0.09215	0.09525	0.1246	0.2991	0.4809	35950.0	23340.0	0.2814	1.0
a2[2,148]	0.1783	0.0002542	0.05928	0.0579	0.083	0.1714	0.3116	51700.0	33760.0	0.4047	1.0
a2[2,149]	0.09993	0.0002017	0.04108	0.03686	0.04253	0.09239	0.1999	41430.0	31330.0	0.3243	1.0
a2[2,150]	0.2795	0.0007008	0.07286	0.07285	0.1433	0.2783	0.429	10480.0	14790.0	0.08203	1.0
a2[2,151]	0.1437	0.0002884	0.05902	0.05694	0.05654	0.1345	0.282	40910.0	31310.0	0.3203	1.0
a2[2,152]	0.0864	0.0003463	0.06436	0.04158	0.02241	0.06652	0.2625	36830.0	31300.0	0.2883	1.0
a2[2,153]	0.03186	0.000318	0.05095	0.01664	0.0006606	0.01571	0.1728	24910.0	27870.0	0.195	1.0
a2[2,154]	0.03686	0.0003385	0.04943	0.01702	0.004299	0.02149	0.1699	20430.0	24640.0	0.1599	1.0
a2[2,155]	0.05193	0.0004418	0.07134	0.02685	0.002188	0.02595	0.2612	21750.0	27470.0	0.1703	1.0
b1_mu[1]	10.75	0.01418	1.089	1.078	8.714	10.71	13.02	5867.0	13470.0	0.04593	1.001
b1_mu[2]	10.72	0.01408	1.082	1.07	8.725	10.68	12.98	5861.0	13240.0	0.04588	1.0
b2_mu[1]	12.64	0.01189	1.202	1.193	10.42	12.6	15.14	10220.0	19020.0	0.08002	1.0
b2_mu[2]	11.9	0.0162	1.225	1.221	9.675	11.84	14.48	5819.0	12630.0	0.04555	1.001
b3_mu[1]	6.321	0.005947	0.6009	0.5964	5.212	6.3	7.569	10220.0	19020.0	0.08002	1.0
b3_mu[2]	5.948	0.0081	0.6123	0.6104	4.838	5.92	7.24	5819.0	12630.0	0.04555	1.001
b4_mu[1]	1.446	0.001771	0.1091	0.1088	1.233	1.445	1.661	3785.0	7668.0	0.02963	1.001
b4_mu[2]	1.169	0.001794	0.1093	0.1089	0.9548	1.168	1.385	3709.0	8014.0	0.02903	1.001
a1_mu[1]	0.4867	0.0001265	0.007598	0.007551	0.4718	0.4866	0.5017	3628.0	7975.0	0.0284	1.001
a1_mu[2]	0.4944	0.0001315	0.007653	0.007637	0.4793	0.4944	0.5094	3397.0	6811.0	0.02659	1.001
a2_mu[1]	0.1191	0.0002159	0.01659	0.01661	0.08841	0.1183	0.1533	5942.0	12520.0	0.04652	1.001
a2_mu[2]	0.1297	0.0002483	0.01796	0.01789	0.09652	0.129	0.167	5281.0	10720.0	0.04134	1.001
