	Mean	MCSE	StdDev	MAD	2.5%	50%	97.5%	ESS_bulk	ESS_tail	ESS_bulk/s	R_hat
lp__	-50920.0	0.3878	36.3	36.49	-50990.0	-50920.0	-50850.0	8746.0	17440.0	0.02648	1.001
alpha1_mu[1]	-0.6271	0.002669	0.1295	0.1307	-0.8816	-0.6264	-0.3759	2355.0	5624.0	0.007131	1.002
alpha1_mu[2]	-0.4785	0.002529	0.123	0.1232	-0.7206	-0.4783	-0.2391	2374.0	5214.0	0.007189	1.002
beta_mu[1,1]	-0.207	0.0009629	0.1131	0.1116	-0.4425	-0.2021	-0.0001605	13910.0	21540.0	0.04213	1.0
beta_mu[1,2]	-0.3609	0.001138	0.1346	0.1343	-0.643	-0.3541	-0.1152	14040.0	19760.0	0.04251	1.0
beta_mu[2,1]	0.6517	0.0006479	0.06275	0.0625	0.5241	0.6536	0.7695	9414.0	18330.0	0.0285	1.0
beta_mu[2,2]	0.663	0.0005458	0.05497	0.05469	0.5515	0.6645	0.7673	10170.0	18280.0	0.0308	1.001
beta_mu[3,1]	1.635	0.0006704	0.04795	0.04775	1.539	1.635	1.728	5190.0	11270.0	0.01572	1.001
beta_mu[3,2]	1.695	0.0007094	0.05023	0.04981	1.595	1.695	1.793	5070.0	11630.0	0.01535	1.002
beta_mu[4,1]	-0.898	0.0009364	0.09383	0.09347	-1.087	-0.8963	-0.7202	9998.0	18330.0	0.03027	1.0
beta_mu[4,2]	-0.6508	0.001056	0.1027	0.1022	-0.8585	-0.6482	-0.4562	9440.0	15930.0	0.02858	1.0
alpha1_c_pr[1]	-0.06967	0.002556	0.1811	0.1782	-0.4234	-0.0703	0.2898	5067.0	15530.0	0.01534	1.001
alpha1_c_pr[2]	-0.6622	0.002476	0.2729	0.2569	-1.207	-0.663	-0.1195	12050.0	14960.0	0.03649	1.0
alpha1_c_pr[3]	0.6222	0.002235	0.1765	0.1748	0.2868	0.6184	0.9796	6215.0	14900.0	0.01882	1.001
alpha1_c_pr[4]	-0.6758	0.01343	0.3755	0.4025	-1.389	-0.6766	0.03465	792.1	3942.0	0.002398	1.003
alpha1_c_pr[5]	0.2702	0.01061	0.3136	0.3192	-0.2984	0.2555	0.913	870.5	4204.0	0.002636	1.003
alpha1_c_pr[6]	0.4219	0.00282	0.1912	0.1875	0.06566	0.4164	0.8195	4606.0	12730.0	0.01395	1.0
alpha1_c_pr[7]	-0.7209	0.01582	0.4305	0.4602	-1.566	-0.7125	0.05908	743.7	4077.0	0.002252	1.003
alpha1_c_pr[8]	0.7261	0.006423	0.2609	0.2547	0.2457	0.7153	1.27	1640.0	6376.0	0.004965	1.001
alpha1_c_pr[9]	0.2413	0.00295	0.1748	0.1707	-0.09544	0.2387	0.5949	3496.0	10490.0	0.01058	1.001
alpha1_c_pr[10]	-0.663	0.00716	0.27	0.2665	-1.166	-0.6734	-0.1087	1412.0	5207.0	0.004275	1.001
alpha1_c_pr[11]	1.347	0.003812	0.2993	0.2913	0.8146	1.329	1.997	6262.0	15020.0	0.01896	1.0
alpha1_c_pr[12]	-2.025	0.006615	0.5127	0.4827	-3.019	-2.033	-0.9898	5660.0	14870.0	0.01714	1.0
alpha1_c_pr[13]	-0.7833	0.00331	0.2308	0.215	-1.284	-0.7686	-0.372	5052.0	9581.0	0.0153	1.0
alpha1_c_pr[14]	0.3404	0.00581	0.2065	0.2033	-0.06354	0.3395	0.7499	1250.0	4364.0	0.003784	1.002
alpha1_c_pr[15]	-0.4033	0.0024	0.1963	0.1907	-0.802	-0.4016	-0.02274	6721.0	13550.0	0.02035	1.001
alpha1_c_pr[16]	0.1802	0.00669	0.2407	0.2356	-0.278	0.177	0.67	1278.0	4978.0	0.003868	1.002
alpha1_c_pr[17]	0.1115	0.00613	0.3061	0.3003	-0.4963	0.1141	0.7051	2478.0	9103.0	0.007502	1.001
alpha1_c_pr[18]	-0.1792	0.006856	0.2349	0.2351	-0.6373	-0.1802	0.286	1167.0	4776.0	0.003532	1.002
alpha1_c_pr[19]	0.5267	0.004966	0.2463	0.2372	0.02573	0.5299	1.005	2470.0	5286.0	0.00748	1.001
alpha1_c_pr[20]	0.5546	0.01011	0.302	0.3102	0.01983	0.538	1.186	890.9	4202.0	0.002698	1.002
alpha1_c_pr[21]	0.3765	0.003469	0.1876	0.1842	0.006355	0.3758	0.7483	2906.0	6864.0	0.008799	1.001
alpha1_c_pr[22]	0.6417	0.003027	0.3549	0.3199	-0.062	0.6382	1.366	13530.0	9753.0	0.04097	1.0
alpha1_c_pr[23]	0.6905	0.0156	0.4334	0.4609	-0.04515	0.663	1.595	774.9	4583.0	0.002346	1.003
alpha1_c_pr[24]	-0.5028	0.007596	0.3634	0.3626	-1.222	-0.496	0.1927	2235.0	9405.0	0.006767	1.001
alpha1_c_pr[25]	-1.326	0.01238	0.5852	0.5588	-2.588	-1.304	-0.2539	2063.0	6427.0	0.006246	1.001
alpha1_c_pr[26]	0.5506	0.003095	0.2045	0.2006	0.1673	0.545	0.9686	4362.0	10270.0	0.01321	1.001
alpha1_c_pr[27]	2.102	0.006538	0.4006	0.3819	1.406	2.067	2.986	3522.0	8441.0	0.01066	1.001
alpha1_c_pr[28]	-0.2518	0.002867	0.1992	0.1941	-0.6482	-0.2507	0.1387	4829.0	12180.0	0.01462	1.001
alpha1_c_pr[29]	0.07395	0.007513	0.2482	0.2459	-0.4077	0.07366	0.5668	1079.0	4388.0	0.003267	1.003
alpha1_c_pr[30]	0.5736	0.002361	0.176	0.1739	0.2375	0.5701	0.9289	5552.0	13140.0	0.01681	1.001
alpha1_c_pr[31]	-0.01254	0.01643	0.4333	0.4713	-0.8187	-0.01613	0.8097	706.0	4051.0	0.002138	1.003
alpha1_c_pr[32]	0.2953	0.002696	0.1748	0.1732	-0.03621	0.2914	0.6465	4210.0	11470.0	0.01275	1.001
alpha1_c_pr[33]	0.6662	0.006837	0.3743	0.3532	-0.05547	0.6606	1.426	2907.0	9535.0	0.008801	1.001
alpha1_c_pr[34]	0.6168	0.002262	0.2074	0.2036	0.2287	0.6103	1.044	8395.0	16920.0	0.02542	1.0
alpha1_c_pr[35]	-0.5726	0.002712	0.3745	0.3404	-1.361	-0.5618	0.1473	19640.0	22400.0	0.05946	1.0
alpha1_c_pr[36]	-0.2643	0.005363	0.236	0.2299	-0.7242	-0.2675	0.2121	1911.0	7612.0	0.005787	1.001
alpha1_c_pr[37]	0.6138	0.002493	0.2168	0.2117	0.2003	0.6071	1.055	7626.0	16190.0	0.02309	1.0
alpha1_c_pr[38]	0.5254	0.004615	0.2173	0.2123	0.1123	0.5194	0.9704	2198.0	7471.0	0.006654	1.002
alpha1_c_pr[39]	-1.599	0.002882	0.358	0.3441	-2.301	-1.6	-0.8875	15530.0	24400.0	0.04703	1.0
alpha1_c_pr[40]	0.7141	0.007566	0.3203	0.3105	0.09882	0.7078	1.37	1756.0	6295.0	0.005318	1.001
alpha1_c_pr[41]	1.039	0.002634	0.2648	0.2538	0.5393	1.03	1.592	9760.0	13630.0	0.02955	1.001
alpha1_c_pr[42]	0.3033	0.004012	0.2103	0.2063	-0.08932	0.2952	0.7436	2735.0	8771.0	0.008279	1.001
alpha1_c_pr[43]	-0.4962	0.002919	0.1609	0.1588	-0.8194	-0.4935	-0.1896	3068.0	7900.0	0.009289	1.001
alpha1_c_pr[44]	-1.843	0.03768	1.408	1.405	-3.786	-2.394	0.6495	1818.0	6815.0	0.005505	1.003
alpha1_c_pr[45]	-1.596	0.004704	0.3047	0.3012	-2.232	-1.582	-1.035	4142.0	10580.0	0.01254	1.001
alpha1_c_pr[46]	-1.223	0.011	0.3346	0.3403	-1.922	-1.21	-0.6238	921.5	4425.0	0.00279	1.003
alpha1_c_pr[47]	-1.449	0.002695	0.2444	0.2426	-1.944	-1.445	-0.9853	8295.0	17360.0	0.02511	1.0
alpha1_c_pr[48]	0.2971	0.002222	0.2071	0.2038	-0.09902	0.2929	0.7112	8733.0	19140.0	0.02644	1.001
alpha1_c_pr[49]	-0.2469	0.005035	0.2228	0.2169	-0.7103	-0.2368	0.1667	1949.0	6706.0	0.0059	1.001
alpha1_c_pr[50]	-2.899	0.003323	0.4781	0.4758	-3.883	-2.883	-2.014	20880.0	26990.0	0.06322	1.0
alpha1_c_pr[51]	-1.034	0.002763	0.3031	0.3018	-1.651	-1.025	-0.4723	12110.0	22700.0	0.03667	1.0
alpha1_c_pr[52]	1.541	0.007819	0.3575	0.3455	0.9313	1.509	2.33	2063.0	8288.0	0.006247	1.001
alpha1_c_pr[53]	1.641	0.01318	0.4481	0.4463	0.8148	1.629	2.561	1129.0	4530.0	0.003418	1.002
alpha1_c_pr[54]	-0.1589	0.003518	0.2154	0.2116	-0.584	-0.1595	0.2644	3708.0	11190.0	0.01123	1.001
alpha1_c_pr[55]	1.036	0.002349	0.2587	0.2562	0.5479	1.029	1.563	12130.0	22190.0	0.03673	1.0
alpha1_c_pr[56]	0.2535	0.002226	0.221	0.2155	-0.155	0.2445	0.713	9885.0	19700.0	0.02993	1.0
alpha1_c_pr[57]	0.9902	0.01321	0.433	0.4349	0.2249	0.9627	1.905	1062.0	5211.0	0.003216	1.002
alpha1_c_pr[58]	-2.214	0.00421	0.6577	0.6347	-3.447	-2.243	-0.8501	24790.0	24610.0	0.07506	1.0
alpha1_c_pr[59]	0.908	0.005245	0.2697	0.2618	0.4048	0.8971	1.475	2598.0	9403.0	0.007866	1.001
alpha1_c_pr[60]	0.007927	0.004157	0.2127	0.2068	-0.4268	0.01327	0.4174	2636.0	7145.0	0.00798	1.001
alpha1_c_pr[61]	-0.1446	0.004081	0.2057	0.1993	-0.5653	-0.1386	0.2485	2551.0	7305.0	0.007723	1.001
alpha1_c_pr[62]	-0.2191	0.003748	0.2239	0.2158	-0.673	-0.2159	0.2164	3554.0	8973.0	0.01076	1.001
alpha1_c_pr[63]	0.8629	0.004296	0.2177	0.2096	0.4754	0.8504	1.332	2583.0	6575.0	0.007821	1.001
alpha1_c_pr[64]	-1.439	0.00374	0.2436	0.2386	-1.941	-1.429	-0.9839	4317.0	10280.0	0.01307	1.001
alpha1_c_pr[65]	-1.58	0.005477	0.6155	0.59	-2.839	-1.574	-0.3927	12650.0	20650.0	0.03831	1.0
alpha1_c_pr[66]	-0.8947	0.0111	0.3749	0.3876	-1.688	-0.8662	-0.2482	1142.0	5843.0	0.003457	1.002
alpha1_c_pr[67]	-2.056	0.005799	0.4708	0.4401	-2.943	-2.073	-1.042	6801.0	10930.0	0.02059	1.0
alpha1_c_pr[68]	-2.4	0.003681	0.5236	0.5177	-3.453	-2.391	-1.393	20420.0	23140.0	0.06183	1.0
alpha1_c_pr[69]	-1.989	0.003703	0.3092	0.3039	-2.606	-1.986	-1.387	6984.0	17080.0	0.02115	1.0
alpha1_c_pr[70]	-0.1258	0.01012	0.3049	0.3137	-0.7332	-0.119	0.4451	902.8	4755.0	0.002733	1.003
alpha1_c_pr[71]	-0.6693	0.01771	0.5399	0.5689	-1.731	-0.664	0.3303	936.7	4700.0	0.002836	1.003
alpha1_c_pr[72]	-1.385	0.003423	0.3967	0.3584	-2.324	-1.337	-0.734	14500.0	13620.0	0.04391	1.0
alpha1_c_pr[73]	-0.5354	0.004205	0.2137	0.2088	-0.9866	-0.5232	-0.1451	2650.0	6778.0	0.008023	1.001
alpha1_c_pr[74]	-0.7932	0.002429	0.3249	0.3179	-1.455	-0.7815	-0.1891	17890.0	23540.0	0.05416	1.0
alpha1_c_pr[75]	-1.262	0.002616	0.2389	0.235	-1.754	-1.255	-0.8093	8445.0	17280.0	0.02557	1.0
alpha1_c_pr[76]	-0.1238	0.004152	0.1982	0.1923	-0.5164	-0.1251	0.2701	2261.0	7498.0	0.006846	1.001
alpha1_c_pr[77]	1.048	0.003507	0.2565	0.2472	0.5845	1.034	1.596	5373.0	14840.0	0.01627	1.001
alpha1_c_pr[78]	1.717	0.002556	0.2772	0.2694	1.216	1.701	2.31	11740.0	21130.0	0.03556	1.0
alpha1_c_pr[79]	1.223	0.003969	0.245	0.2397	0.772	1.212	1.733	3753.0	12660.0	0.01136	1.001
alpha1_c_pr[80]	0.8061	0.003412	0.2709	0.2624	0.3041	0.7942	1.379	6283.0	17460.0	0.01902	1.001
alpha1_c_pr[81]	-0.4096	0.00442	0.2051	0.2002	-0.8257	-0.4049	-0.02086	2160.0	6684.0	0.006541	1.001
alpha1_c_pr[82]	-0.6459	0.002665	0.1896	0.1868	-1.03	-0.6433	-0.283	5070.0	14270.0	0.01535	1.001
alpha1_c_pr[83]	1.244	0.004765	0.3284	0.3126	0.6475	1.224	1.942	4480.0	10610.0	0.01356	1.001
alpha1_c_pr[84]	0.02772	0.01012	0.3143	0.3235	-0.5599	0.0184	0.6591	957.2	4317.0	0.002898	1.002
alpha1_c_pr[85]	0.3387	0.008074	0.2673	0.2639	-0.184	0.3385	0.8642	1084.0	4630.0	0.003283	1.002
alpha1_c_pr[86]	0.3397	0.002356	0.2272	0.2242	-0.1065	0.3379	0.7885	9376.0	19600.0	0.02839	1.001
alpha1_c_pr[87]	-1.123	0.01275	0.4567	0.4693	-2.05	-1.111	-0.2728	1284.0	6392.0	0.003887	1.002
alpha1_c_pr[88]	-2.835	0.003368	0.5126	0.4985	-3.844	-2.836	-1.822	23250.0	28960.0	0.07039	1.0
alpha1_c_pr[89]	0.5028	0.002356	0.2316	0.2222	0.06096	0.4981	0.9762	9531.0	13370.0	0.02886	1.001
alpha1_c_pr[90]	-0.5372	0.002282	0.2229	0.223	-0.9769	-0.5367	-0.1004	9624.0	17270.0	0.02914	1.0
alpha1_c_pr[91]	-0.2931	0.005578	0.749	0.7843	-1.726	-0.2783	1.13	18130.0	28600.0	0.05488	1.0
alpha1_c_pr[92]	0.1228	0.003896	0.2795	0.269	-0.4323	0.1219	0.6771	5158.0	14370.0	0.01562	1.001
alpha1_c_pr[93]	2.02	0.00319	0.3758	0.3552	1.38	1.987	2.86	13150.0	21700.0	0.0398	1.0
alpha1_c_pr[94]	1.238	0.01096	0.6475	0.5707	-0.2308	1.29	2.425	3854.0	6499.0	0.01167	1.0
alpha1_c_pr[95]	0.632	0.002619	0.2713	0.2566	0.1051	0.6293	1.179	10760.0	11400.0	0.03258	1.0
alpha1_c_pr[96]	-0.1591	0.005209	0.2026	0.1998	-0.5564	-0.1583	0.2393	1502.0	5535.0	0.004549	1.002
alpha1_c_pr[97]	0.7126	0.01603	0.4211	0.4615	-0.02609	0.6976	1.549	701.3	3790.0	0.002123	1.003
alpha1_c_pr[98]	0.6629	0.004449	0.3053	0.2919	0.1037	0.6486	1.31	4660.0	13730.0	0.01411	1.001
alpha1_c_pr[99]	1.892	0.005489	0.4206	0.4028	1.158	1.859	2.808	5507.0	12830.0	0.01668	1.001
alpha1_c_pr[100]	0.4647	0.004751	0.2731	0.2632	-0.0309	0.4498	1.049	3256.0	10720.0	0.009858	1.001
alpha1_c_pr[101]	0.5304	0.002615	0.2342	0.2303	0.08101	0.5254	0.9997	8007.0	18350.0	0.02424	1.001
alpha1_c_pr[102]	-0.1483	0.008993	0.3222	0.3005	-0.8622	-0.1164	0.4027	1265.0	5685.0	0.003829	1.002
alpha1_c_pr[103]	1.64	0.006999	0.3395	0.3275	1.009	1.625	2.35	2256.0	5565.0	0.00683	1.001
alpha1_c_pr[104]	0.368	0.004496	0.1973	0.1947	-0.01205	0.3653	0.7643	1906.0	6833.0	0.005772	1.001
alpha1_c_pr[105]	1.849	0.003358	0.4372	0.4134	1.119	1.805	2.838	16510.0	24260.0	0.04998	1.0
alpha1_c_pr[106]	0.3783	0.002829	0.1914	0.1866	0.01538	0.3742	0.766	4603.0	12740.0	0.01394	1.001
alpha1_c_pr[107]	-0.03928	0.01036	0.2949	0.3034	-0.561	-0.05541	0.5657	812.5	3936.0	0.00246	1.002
alpha1_c_pr[108]	0.2146	0.002774	0.1866	0.1808	-0.1417	0.2101	0.5953	4563.0	9338.0	0.01381	1.001
alpha1_c_pr[109]	-0.07334	0.008716	0.2736	0.2765	-0.5875	-0.08141	0.4736	979.4	4326.0	0.002965	1.003
alpha1_c_pr[110]	0.1243	0.006935	0.2308	0.2321	-0.3418	0.1322	0.5602	1108.0	4442.0	0.003355	1.002
alpha1_c_pr[111]	-1.629	0.01021	0.4867	0.4877	-2.654	-1.595	-0.7655	2323.0	7830.0	0.007033	1.001
alpha1_c_pr[112]	0.2047	0.005096	0.2377	0.2296	-0.24	0.1963	0.6998	2135.0	7546.0	0.006463	1.001
alpha1_c_pr[113]	-0.01509	0.006144	0.3139	0.2998	-0.66	-0.007665	0.5909	2603.0	6428.0	0.00788	1.001
alpha1_c_pr[114]	-0.4218	0.006007	0.2147	0.2113	-0.835	-0.4257	0.01127	1266.0	5714.0	0.003833	1.002
alpha1_c_pr[115]	1.148	0.006619	0.2644	0.2611	0.6478	1.143	1.683	1565.0	5972.0	0.00474	1.002
alpha1_c_pr[116]	0.02316	0.002169	0.175	0.1726	-0.3193	0.0229	0.3677	6545.0	14790.0	0.01982	1.001
alpha1_c_pr[117]	0.3213	0.002153	0.2008	0.1932	-0.07221	0.3189	0.7226	8670.0	14920.0	0.02625	1.0
alpha1_c_pr[118]	0.5984	0.002309	0.2296	0.2229	0.1624	0.5922	1.07	9729.0	17040.0	0.02946	1.0
alpha1_c_pr[119]	1.126	0.002374	0.2243	0.2196	0.7125	1.118	1.596	8857.0	20340.0	0.02682	1.001
alpha1_c_pr[120]	0.02582	0.008306	0.3476	0.329	-0.7408	0.05585	0.6299	1804.0	4927.0	0.005463	1.001
alpha1_c_pr[121]	0.1535	0.006474	0.3363	0.3191	-0.4889	0.1435	0.8475	2638.0	7276.0	0.007986	1.001
alpha1_c_pr[122]	0.09742	0.002321	0.1708	0.1695	-0.2296	0.09572	0.4399	5386.0	13780.0	0.01631	1.001
alpha1_c_pr[123]	-1.305	0.01236	0.3678	0.3771	-2.035	-1.302	-0.6045	876.8	4598.0	0.002655	1.002
alpha1_c_pr[124]	0.572	0.003784	0.2084	0.2019	0.1816	0.565	1.003	3028.0	8664.0	0.009167	1.001
alpha1_c_pr[125]	0.4904	0.00218	0.1828	0.1815	0.1406	0.4872	0.8603	7024.0	16000.0	0.02127	1.001
alpha1_c_pr[126]	0.6538	0.005234	0.2058	0.2025	0.2572	0.6499	1.067	1527.0	5825.0	0.004625	1.002
alpha1_c_pr[127]	0.532	0.008091	0.2814	0.2772	0.006508	0.5221	1.112	1197.0	5268.0	0.003626	1.002
alpha1_c_pr[128]	1.074	0.002579	0.3233	0.304	0.4855	1.055	1.769	16110.0	20500.0	0.04876	1.0
alpha1_c_pr[129]	1.017	0.006732	0.2586	0.2564	0.5139	1.015	1.533	1456.0	5120.0	0.004408	1.002
alpha1_c_pr[130]	-1.536	0.0125	0.4963	0.4919	-2.447	-1.563	-0.5068	1589.0	6035.0	0.004811	1.002
alpha1_c_pr[131]	-0.5076	0.00269	0.3681	0.3389	-1.324	-0.4845	0.1554	19070.0	21300.0	0.05774	1.0
alpha1_c_pr[132]	0.2178	0.002388	0.2947	0.2764	-0.3573	0.213	0.8127	15380.0	16620.0	0.04658	1.0
alpha1_c_pr[133]	-0.7815	0.004232	0.2865	0.2753	-1.367	-0.7753	-0.2407	4474.0	14190.0	0.01354	1.0
alpha1_c_pr[134]	0.4719	0.007553	0.2508	0.2491	-0.002664	0.4636	0.9778	1090.0	4923.0	0.0033	1.002
alpha1_c_pr[135]	0.3039	0.00324	0.2537	0.2425	-0.216	0.3092	0.7878	6268.0	10520.0	0.01898	1.0
alpha1_c_pr[136]	-1.319	0.00388	0.2545	0.2484	-1.829	-1.317	-0.8228	4318.0	10170.0	0.01307	1.001
alpha1_c_pr[137]	0.2794	0.004014	0.2214	0.2161	-0.1672	0.2826	0.7075	3053.0	6581.0	0.009243	1.001
alpha1_c_pr[138]	0.1665	0.01128	0.3253	0.331	-0.4892	0.1784	0.7757	833.5	3937.0	0.002524	1.003
alpha1_c_pr[139]	0.47	0.003775	0.2284	0.2223	0.02408	0.4681	0.9281	3627.0	9576.0	0.01098	1.001
alpha1_c_pr[140]	-0.6522	0.003113	0.2013	0.1992	-1.059	-0.6489	-0.2657	4106.0	11810.0	0.01243	1.0
alpha1_c_pr[141]	0.5451	0.005914	0.3158	0.2938	-0.05034	0.5365	1.18	2795.0	10760.0	0.008462	1.001
alpha1_d_pr[1]	-0.1648	0.00236	0.4177	0.4139	-0.9915	-0.1667	0.6622	31390.0	29790.0	0.09503	1.0
alpha1_d_pr[2]	0.04332	0.005659	0.6514	0.6425	-1.244	0.04672	1.329	13230.0	25080.0	0.04004	1.0
alpha1_d_pr[3]	-0.08782	0.005176	0.4154	0.412	-0.8989	-0.09077	0.7398	6352.0	21060.0	0.01923	1.0
alpha1_d_pr[4]	-1.698	0.006037	0.5325	0.5262	-2.719	-1.705	-0.6277	7744.0	23360.0	0.02345	1.0
alpha1_d_pr[5]	1.342	0.003075	0.4806	0.4753	0.4226	1.331	2.306	25130.0	27480.0	0.07608	1.0
alpha1_d_pr[6]	0.2784	0.003703	0.4442	0.4404	-0.582	0.2728	1.175	14430.0	25340.0	0.0437	1.0
alpha1_d_pr[7]	2.018	0.006134	0.5593	0.5522	0.9631	2.002	3.154	8290.0	21280.0	0.0251	1.0
alpha1_d_pr[8]	0.7804	0.006161	0.5348	0.5271	-0.2569	0.776	1.845	7551.0	25260.0	0.02286	1.0
alpha1_d_pr[9]	0.2682	0.002507	0.3839	0.3791	-0.4741	0.2636	1.032	23580.0	28240.0	0.07139	1.0
alpha1_d_pr[10]	0.8841	0.005375	0.5135	0.509	-0.1318	0.8847	1.89	9211.0	22110.0	0.02789	1.0
alpha1_d_pr[11]	0.4127	0.01106	0.6821	0.6776	-0.8893	0.3999	1.791	3732.0	16480.0	0.0113	1.001
alpha1_d_pr[12]	0.7298	0.01645	0.9264	0.9045	-1.18	0.7485	2.481	3078.0	12710.0	0.009321	1.0
alpha1_d_pr[13]	0.302	0.00623	0.5344	0.5199	-0.6774	0.2782	1.419	7188.0	20260.0	0.02176	1.0
alpha1_d_pr[14]	-0.6926	0.003194	0.3877	0.381	-1.474	-0.6881	0.05596	14800.0	27550.0	0.04482	1.0
alpha1_d_pr[15]	-0.1116	0.003691	0.4519	0.4422	-0.9999	-0.108	0.7729	14830.0	25990.0	0.04489	1.0
alpha1_d_pr[16]	0.827	0.002526	0.4535	0.4508	-0.04088	0.8168	1.744	32440.0	30420.0	0.09822	1.0
alpha1_d_pr[17]	-0.7194	0.003196	0.612	0.6012	-1.929	-0.7176	0.4818	36790.0	29700.0	0.1114	1.0
alpha1_d_pr[18]	-0.8264	0.002395	0.4334	0.43	-1.69	-0.8249	0.01322	32870.0	29600.0	0.09952	1.0
alpha1_d_pr[19]	-0.5646	0.004388	0.5383	0.525	-1.596	-0.577	0.5255	15130.0	26840.0	0.0458	1.0
alpha1_d_pr[20]	1.286	0.004981	0.4872	0.4856	0.3583	1.275	2.265	9564.0	25590.0	0.02896	1.0
alpha1_d_pr[21]	-0.3571	0.003382	0.4151	0.4101	-1.164	-0.3597	0.4674	15230.0	26840.0	0.04612	1.0
alpha1_d_pr[22]	-0.1929	0.006004	0.8068	0.7864	-1.734	-0.2138	1.444	18550.0	25290.0	0.05618	1.0
alpha1_d_pr[23]	2.004	0.006111	0.5885	0.5824	0.9001	1.983	3.208	9210.0	23700.0	0.02788	1.0
alpha1_d_pr[24]	-0.9334	0.005121	0.7044	0.6603	-2.182	-0.9815	0.6042	20030.0	20340.0	0.06064	1.0
alpha1_d_pr[25]	1.477	0.01171	0.8943	0.8579	-0.4382	1.522	3.11	5902.0	18300.0	0.01787	1.0
alpha1_d_pr[26]	0.3031	0.004673	0.4734	0.4697	-0.6188	0.3006	1.243	10310.0	25960.0	0.03123	1.0
alpha1_d_pr[27]	0.7545	0.01678	0.8254	0.8152	-0.882	0.7589	2.354	2392.0	11630.0	0.007241	1.001
alpha1_d_pr[28]	0.2799	0.002493	0.4425	0.4366	-0.5797	0.275	1.163	31610.0	29610.0	0.0957	1.0
alpha1_d_pr[29]	-0.9136	0.002319	0.4341	0.4274	-1.794	-0.9045	-0.07901	35350.0	27340.0	0.107	1.0
alpha1_d_pr[30]	0.1297	0.005104	0.4122	0.4118	-0.6731	0.1286	0.949	6550.0	22690.0	0.01983	1.0
alpha1_d_pr[31]	2.103	0.002857	0.5158	0.5083	1.139	2.085	3.161	33150.0	27510.0	0.1004	1.0
alpha1_d_pr[32]	-0.2155	0.002741	0.3955	0.3931	-0.9988	-0.2144	0.5593	20830.0	28830.0	0.06308	1.0
alpha1_d_pr[33]	-0.8114	0.005886	0.7198	0.7075	-2.221	-0.8148	0.6197	15040.0	27240.0	0.04554	1.0
alpha1_d_pr[34]	-0.03983	0.005087	0.4939	0.486	-0.9958	-0.04328	0.9508	9455.0	25150.0	0.02863	1.0
alpha1_d_pr[35]	-0.0976	0.004827	0.7094	0.6913	-1.532	-0.08394	1.28	21660.0	27420.0	0.06559	1.0
alpha1_d_pr[36]	0.6645	0.002852	0.4761	0.4685	-0.2571	0.6571	1.621	27570.0	28380.0	0.08347	1.0
alpha1_d_pr[37]	0.1972	0.005563	0.5102	0.5006	-0.803	0.1964	1.206	8433.0	23050.0	0.02553	1.0
alpha1_d_pr[38]	-0.523	0.004304	0.4721	0.4632	-1.469	-0.5158	0.3901	12080.0	26540.0	0.03657	1.0
alpha1_d_pr[39]	0.1239	0.01271	0.7578	0.7575	-1.333	0.115	1.63	3549.0	14330.0	0.01075	1.001
alpha1_d_pr[40]	0.9401	0.006445	0.622	0.6058	-0.2953	0.9391	2.165	9408.0	22150.0	0.02848	1.001
alpha1_d_pr[41]	-0.1266	0.00871	0.6323	0.6212	-1.33	-0.147	1.161	5247.0	18600.0	0.01589	1.001
alpha1_d_pr[42]	-0.421	0.002848	0.459	0.4543	-1.342	-0.4143	0.463	26340.0	25950.0	0.07975	1.0
alpha1_d_pr[43]	-0.2504	0.004069	0.3576	0.355	-0.9465	-0.2529	0.4545	7701.0	20890.0	0.02332	1.0
alpha1_d_pr[44]	0.6928	0.02448	1.131	1.192	-1.493	0.7127	2.813	2184.0	9365.0	0.006613	1.001
alpha1_d_pr[45]	-0.5076	0.01305	0.6746	0.6658	-1.826	-0.5115	0.839	2638.0	12830.0	0.007989	1.001
alpha1_d_pr[46]	-1.348	0.009926	0.5709	0.5671	-2.481	-1.345	-0.2369	3279.0	14080.0	0.009929	1.001
alpha1_d_pr[47]	-0.06446	0.01168	0.5979	0.6004	-1.242	-0.0589	1.086	2616.0	13010.0	0.00792	1.001
alpha1_d_pr[48]	-0.03272	0.002973	0.4667	0.4606	-0.9521	-0.029	0.873	24730.0	28060.0	0.07486	1.0
alpha1_d_pr[49]	-0.5818	0.002595	0.4597	0.4468	-1.508	-0.5741	0.3063	31840.0	28080.0	0.09639	1.0
alpha1_d_pr[50]	0.02935	0.02268	0.967	0.9824	-1.856	0.02126	1.908	1803.0	8092.0	0.005458	1.001
alpha1_d_pr[51]	-0.2012	0.008542	0.6471	0.6391	-1.481	-0.2008	1.063	5681.0	19300.0	0.0172	1.001
alpha1_d_pr[52]	0.9634	0.01262	0.7516	0.7399	-0.4602	0.9483	2.474	3512.0	15310.0	0.01063	1.001
alpha1_d_pr[53]	-1.635	0.01335	0.7483	0.7325	-3.111	-1.639	-0.1552	3107.0	17290.0	0.009406	1.001
alpha1_d_pr[54]	0.3737	0.002654	0.4751	0.4662	-0.5589	0.3717	1.312	32050.0	30910.0	0.09704	1.0
alpha1_d_pr[55]	-0.08886	0.008571	0.6064	0.6011	-1.286	-0.08784	1.098	4940.0	20070.0	0.01496	1.001
alpha1_d_pr[56]	-0.0883	0.002838	0.5133	0.501	-1.1	-0.09058	0.925	33870.0	29650.0	0.1026	1.0
alpha1_d_pr[57]	1.674	0.008271	0.7003	0.6893	0.328	1.662	3.085	7132.0	22890.0	0.0216	1.001
alpha1_d_pr[58]	0.1196	0.01759	0.9896	0.9892	-1.843	0.1304	2.016	3145.0	12170.0	0.009522	1.001
alpha1_d_pr[59]	0.6063	0.007508	0.5872	0.5804	-0.5494	0.6036	1.755	6062.0	21540.0	0.01836	1.0
alpha1_d_pr[60]	-0.4411	0.002444	0.4556	0.448	-1.35	-0.4382	0.4523	34820.0	30040.0	0.1054	1.0
alpha1_d_pr[61]	-0.4296	0.002296	0.4472	0.4421	-1.318	-0.4239	0.4425	38100.0	29590.0	0.1154	1.0
alpha1_d_pr[62]	0.4136	0.002633	0.4922	0.4834	-0.5653	0.4143	1.378	35010.0	29390.0	0.106	1.0
alpha1_d_pr[63]	0.4813	0.007382	0.4864	0.4845	-0.4359	0.4658	1.467	4322.0	17680.0	0.01309	1.001
alpha1_d_pr[64]	-0.3417	0.01154	0.5843	0.5868	-1.51	-0.3325	0.7765	2538.0	11730.0	0.007684	1.001
alpha1_d_pr[65]	0.5331	0.01241	0.9313	0.9376	-1.26	0.5279	2.371	5591.0	14870.0	0.01693	1.0
alpha1_d_pr[66]	1.385	0.007167	0.6688	0.6657	0.04936	1.397	2.673	8645.0	22200.0	0.02617	1.0
alpha1_d_pr[67]	0.6386	0.01662	0.888	0.8924	-1.107	0.6433	2.366	2850.0	11420.0	0.00863	1.001
alpha1_d_pr[68]	0.1331	0.01889	0.9563	0.9664	-1.692	0.1188	2.065	2555.0	11350.0	0.007736	1.001
alpha1_d_pr[69]	-0.2974	0.01572	0.7103	0.7228	-1.664	-0.3058	1.099	2030.0	8423.0	0.006146	1.001
alpha1_d_pr[70]	1.275	0.002569	0.4708	0.4649	0.3634	1.273	2.21	33770.0	29990.0	0.1023	1.0
alpha1_d_pr[71]	-2.23	0.005781	0.7121	0.6921	-3.599	-2.242	-0.7801	15090.0	26900.0	0.04568	1.0
alpha1_d_pr[72]	0.2659	0.01178	0.8328	0.8092	-1.2	0.2058	2.065	4995.0	22040.0	0.01512	1.0
alpha1_d_pr[73]	-0.4863	0.004765	0.4766	0.4754	-1.426	-0.49	0.451	9934.0	25570.0	0.03008	1.0
alpha1_d_pr[74]	-0.04717	0.006717	0.694	0.6915	-1.434	-0.03866	1.283	10610.0	21830.0	0.03211	1.0
alpha1_d_pr[75]	-0.1353	0.0101	0.5808	0.5816	-1.301	-0.1292	0.9791	3290.0	14540.0	0.00996	1.001
alpha1_d_pr[76]	0.4753	0.002236	0.4177	0.4101	-0.3155	0.4667	1.327	35220.0	28980.0	0.1066	1.0
alpha1_d_pr[77]	0.3552	0.008927	0.5965	0.5857	-0.7932	0.348	1.549	4458.0	18700.0	0.0135	1.0
alpha1_d_pr[78]	0.04153	0.01376	0.6666	0.6638	-1.275	0.04944	1.329	2318.0	11000.0	0.007019	1.001
alpha1_d_pr[79]	0.432	0.01002	0.5641	0.5583	-0.6565	0.4269	1.563	3139.0	14270.0	0.009504	1.001
alpha1_d_pr[80]	-0.3164	0.006683	0.6082	0.5961	-1.527	-0.31	0.8687	8326.0	20450.0	0.02521	1.0
alpha1_d_pr[81]	-0.4896	0.003512	0.44	0.435	-1.351	-0.4928	0.3897	15720.0	27600.0	0.04759	1.0
alpha1_d_pr[82]	0.2161	0.005084	0.4399	0.4373	-0.6674	0.222	1.06	7419.0	25480.0	0.02246	1.0
alpha1_d_pr[83]	0.534	0.0107	0.6955	0.6795	-0.8438	0.5338	1.9	4177.0	15140.0	0.01265	1.001
alpha1_d_pr[84]	-1.266	0.002726	0.514	0.5029	-2.273	-1.268	-0.235	35700.0	29150.0	0.1081	1.0
alpha1_d_pr[85]	-0.9934	0.003129	0.4695	0.4635	-1.937	-0.988	-0.08839	22450.0	27850.0	0.06797	1.0
alpha1_d_pr[86]	0.08781	0.00331	0.5265	0.5219	-0.9468	0.08632	1.139	25450.0	28350.0	0.07705	1.0
alpha1_d_pr[87]	-1.601	0.009255	0.7118	0.7083	-2.985	-1.606	-0.1929	5895.0	19580.0	0.01785	1.0
alpha1_d_pr[88]	-0.07001	0.02265	0.9673	0.9803	-1.984	-0.06179	1.792	1810.0	8817.0	0.005479	1.001
alpha1_d_pr[89]	-0.07309	0.004492	0.5516	0.54	-1.107	-0.09183	1.064	15210.0	24730.0	0.04604	1.0
alpha1_d_pr[90]	-0.08819	0.004609	0.5241	0.5299	-1.094	-0.09189	0.9544	12930.0	29330.0	0.03914	1.0
alpha1_d_pr[91]	0.1262	0.004578	0.8924	0.8965	-1.643	0.1398	1.832	38090.0	32680.0	0.1153	1.0
alpha1_d_pr[92]	0.4347	0.003095	0.5832	0.58	-0.6852	0.4269	1.603	35720.0	29270.0	0.1082	1.0
alpha1_d_pr[93]	-0.2071	0.01609	0.8164	0.7991	-1.818	-0.2106	1.396	2541.0	12240.0	0.007694	1.001
alpha1_d_pr[94]	-1.295	0.01158	1.18	1.2	-3.623	-1.277	0.9686	10350.0	19270.0	0.03135	1.0
alpha1_d_pr[95]	-0.1823	0.005262	0.6257	0.6195	-1.399	-0.1862	1.071	14180.0	26910.0	0.04293	1.0
alpha1_d_pr[96]	-0.5945	0.00228	0.3968	0.3903	-1.382	-0.5891	0.1762	30610.0	28600.0	0.09267	1.0
alpha1_d_pr[97]	2.043	0.006203	0.5232	0.5201	1.069	2.029	3.113	7059.0	22020.0	0.02137	1.0
alpha1_d_pr[98]	-0.4666	0.005417	0.6477	0.633	-1.766	-0.458	0.7949	14490.0	25780.0	0.04387	1.0
alpha1_d_pr[99]	-0.5806	0.01554	0.8405	0.8298	-2.195	-0.5883	1.118	2906.0	12800.0	0.008799	1.001
alpha1_d_pr[100]	-0.5235	0.003829	0.5777	0.5683	-1.683	-0.519	0.5913	22860.0	27850.0	0.06922	1.0
alpha1_d_pr[101]	-0.2042	0.004527	0.5363	0.5255	-1.238	-0.209	0.8644	14150.0	24090.0	0.04283	1.0
alpha1_d_pr[102]	-1.097	0.003347	0.6041	0.5818	-2.341	-1.073	0.04954	33230.0	27430.0	0.1006	1.0
alpha1_d_pr[103]	-0.842	0.01352	0.7168	0.7053	-2.226	-0.8496	0.5888	2776.0	13020.0	0.008405	1.001
alpha1_d_pr[104]	0.5262	0.003488	0.4093	0.4035	-0.2699	0.5218	1.344	13860.0	26140.0	0.04198	1.0
alpha1_d_pr[105]	0.2585	0.01484	0.8554	0.8435	-1.437	0.2622	1.934	3294.0	14090.0	0.009972	1.0
alpha1_d_pr[106]	0.2502	0.003314	0.437	0.4302	-0.5921	0.2441	1.122	17400.0	28370.0	0.05269	1.0
alpha1_d_pr[107]	1.322	0.00248	0.4269	0.4202	0.5287	1.307	2.204	30460.0	28470.0	0.09221	1.0
alpha1_d_pr[108]	0.2566	0.00237	0.4256	0.4201	-0.5726	0.2536	1.096	32880.0	29430.0	0.09954	1.0
alpha1_d_pr[109]	-1.082	0.002428	0.4552	0.4484	-1.984	-1.081	-0.1943	35270.0	29560.0	0.1068	1.0
alpha1_d_pr[110]	-0.8356	0.002282	0.4169	0.4116	-1.639	-0.8409	-0.001629	33590.0	27100.0	0.1017	1.0
alpha1_d_pr[111]	1.283	0.01374	0.9038	0.9116	-0.4819	1.275	3.042	4287.0	17290.0	0.01298	1.0
alpha1_d_pr[112]	0.6143	0.002784	0.5056	0.4957	-0.3603	0.6049	1.64	33230.0	28760.0	0.1006	1.0
alpha1_d_pr[113]	-0.6969	0.003815	0.6534	0.6356	-1.933	-0.7134	0.6443	30220.0	25450.0	0.09151	1.0
alpha1_d_pr[114]	-0.7008	0.003757	0.4049	0.3999	-1.506	-0.6973	0.08709	11730.0	25440.0	0.03552	1.0
alpha1_d_pr[115]	-0.7978	0.009553	0.5189	0.519	-1.828	-0.7939	0.1963	2921.0	12540.0	0.008845	1.001
alpha1_d_pr[116]	-0.008461	0.002125	0.4048	0.3981	-0.796	-0.006878	0.7981	36460.0	29740.0	0.1104	1.0
alpha1_d_pr[117]	-0.02865	0.003344	0.4776	0.4723	-0.9591	-0.02927	0.9162	20620.0	29610.0	0.06243	1.0
alpha1_d_pr[118]	-0.1053	0.004959	0.5438	0.5345	-1.152	-0.1153	0.9923	11970.0	23630.0	0.03623	1.0
alpha1_d_pr[119]	-0.01582	0.009299	0.5461	0.5393	-1.085	-0.01896	1.059	3420.0	14040.0	0.01036	1.001
alpha1_d_pr[120]	-0.9907	0.004294	0.6984	0.689	-2.361	-0.9943	0.3944	26480.0	29480.0	0.08016	1.0
alpha1_d_pr[121]	-0.7539	0.003377	0.6469	0.64	-2.048	-0.7461	0.503	36810.0	30530.0	0.1115	1.0
alpha1_d_pr[122]	-0.1149	0.002105	0.3961	0.3896	-0.8847	-0.1186	0.6763	35500.0	29410.0	0.1075	1.0
alpha1_d_pr[123]	1.565	0.01005	0.583	0.5868	0.4608	1.554	2.726	3357.0	14370.0	0.01016	1.001
alpha1_d_pr[124]	0.4067	0.00484	0.4687	0.4643	-0.4855	0.3985	1.355	9383.0	23060.0	0.02841	1.0
alpha1_d_pr[125]	-0.04693	0.004157	0.4316	0.4274	-0.8726	-0.05414	0.8253	10990.0	26090.0	0.03329	1.0
alpha1_d_pr[126]	-0.6138	0.005445	0.4147	0.4126	-1.434	-0.6113	0.1919	5787.0	20630.0	0.01752	1.0
alpha1_d_pr[127]	1.011	0.004589	0.5156	0.5104	0.01618	1.002	2.044	12700.0	28910.0	0.03844	1.0
alpha1_d_pr[128]	0.006805	0.008683	0.7039	0.6789	-1.394	0.01072	1.385	6533.0	22080.0	0.01978	1.0
alpha1_d_pr[129]	-0.8164	0.008285	0.5161	0.5119	-1.83	-0.8168	0.2046	3851.0	15350.0	0.01166	1.001
alpha1_d_pr[130]	-1.499	0.013	0.8536	0.8501	-3.083	-1.521	0.2684	4315.0	15050.0	0.01307	1.001
alpha1_d_pr[131]	-0.03489	0.00454	0.7196	0.7024	-1.428	-0.04715	1.419	25440.0	28680.0	0.07703	1.0
alpha1_d_pr[132]	0.01274	0.003808	0.6657	0.6433	-1.308	0.0126	1.326	30590.0	27290.0	0.0926	1.0
alpha1_d_pr[133]	0.5024	0.006117	0.6034	0.5928	-0.6625	0.4905	1.715	9766.0	23730.0	0.02957	1.0
alpha1_d_pr[134]	0.9307	0.004176	0.4438	0.4417	0.09166	0.9207	1.826	11260.0	23780.0	0.03409	1.0
alpha1_d_pr[135]	0.3109	0.003498	0.5711	0.5604	-0.7602	0.2943	1.475	26550.0	27110.0	0.0804	1.0
alpha1_d_pr[136]	-0.366	0.01112	0.582	0.5782	-1.517	-0.368	0.7757	2724.0	11240.0	0.008247	1.001
alpha1_d_pr[137]	-0.441	0.002914	0.4985	0.4909	-1.39	-0.4525	0.5734	29660.0	27340.0	0.0898	1.0
alpha1_d_pr[138]	-1.401	0.002721	0.4907	0.4885	-2.387	-1.394	-0.4624	32720.0	28620.0	0.09908	1.0
alpha1_d_pr[139]	-0.4149	0.004157	0.5122	0.5046	-1.426	-0.4139	0.5935	15250.0	26110.0	0.04618	1.0
alpha1_d_pr[140]	0.2885	0.005051	0.4585	0.4557	-0.6119	0.2896	1.185	8236.0	24790.0	0.02494	1.0
alpha1_d_pr[141]	-0.6598	0.005348	0.6514	0.6223	-1.914	-0.6677	0.6383	15890.0	20460.0	0.04811	1.0
beta_c_pr[1,1]	1.672	0.00293	0.383	0.3572	0.8289	1.701	2.342	17530.0	19700.0	0.05307	1.0
beta_c_pr[1,2]	-0.2439	0.00417	0.793	0.7859	-1.925	-0.1911	1.159	37020.0	29630.0	0.1121	1.0
beta_c_pr[1,3]	1.705	0.002225	0.264	0.2581	1.182	1.707	2.216	14170.0	22690.0	0.0429	1.0
beta_c_pr[1,4]	-1.143	0.003543	0.7371	0.734	-2.672	-1.113	0.2193	44180.0	28560.0	0.1338	1.0
beta_c_pr[1,5]	0.04539	0.003636	0.6136	0.5676	-1.402	0.1287	1.006	34580.0	22470.0	0.1047	1.0
beta_c_pr[1,6]	-1.036	0.003356	0.6794	0.6766	-2.501	-0.9874	0.1433	44360.0	26430.0	0.1343	1.0
beta_c_pr[1,7]	-0.1247	0.004042	0.8626	0.8703	-1.978	-0.0656	1.385	49060.0	26470.0	0.1485	1.0
beta_c_pr[1,8]	-0.07019	0.004184	0.6034	0.5569	-1.465	-0.001695	0.9309	21080.0	21500.0	0.06383	1.0
beta_c_pr[1,9]	1.545	0.002606	0.4105	0.3795	0.6256	1.581	2.248	26790.0	22750.0	0.08112	1.0
beta_c_pr[1,10]	-0.5246	0.003557	0.7127	0.7055	-2.089	-0.4648	0.6823	43710.0	26170.0	0.1324	1.0
beta_c_pr[1,11]	-0.6814	0.003335	0.5969	0.5732	-2.029	-0.615	0.3037	37960.0	23230.0	0.1149	1.0
beta_c_pr[1,12]	-0.5508	0.00398	0.8224	0.8269	-2.252	-0.5223	0.9626	43900.0	29400.0	0.1329	1.0
beta_c_pr[1,13]	-0.3909	0.003867	0.8126	0.8113	-2.11	-0.3454	1.063	46470.0	28540.0	0.1407	0.9999
beta_c_pr[1,14]	-0.2084	0.003724	0.7041	0.6898	-1.775	-0.1307	0.9471	41490.0	24620.0	0.1256	1.0
beta_c_pr[1,15]	0.7227	0.004436	0.7186	0.6578	-0.9828	0.8274	1.84	30960.0	21990.0	0.09373	1.0
beta_c_pr[1,16]	1.056	0.00314	0.4252	0.3821	0.08628	1.102	1.76	20540.0	19410.0	0.0622	1.0
beta_c_pr[1,17]	-1.17	0.003113	0.6727	0.6713	-2.606	-1.124	0.02189	49820.0	28050.0	0.1508	1.0
beta_c_pr[1,18]	-0.2758	0.00376	0.8093	0.8168	-2.0	-0.2181	1.135	50120.0	28820.0	0.1518	1.0
beta_c_pr[1,19]	0.1372	0.003773	0.7182	0.6923	-1.517	0.2233	1.287	43570.0	24610.0	0.1319	1.0
beta_c_pr[1,20]	1.628	0.00247	0.3249	0.3115	0.9611	1.636	2.243	17070.0	25240.0	0.05169	1.0
beta_c_pr[1,21]	1.465	0.002095	0.2982	0.2869	0.8435	1.476	2.021	20380.0	23900.0	0.0617	1.0
beta_c_pr[1,22]	-0.9034	0.003406	0.6592	0.6508	-2.346	-0.8448	0.2303	40440.0	26710.0	0.1224	1.0
beta_c_pr[1,23]	-0.9604	0.003402	0.7119	0.7109	-2.459	-0.9175	0.2945	46290.0	28210.0	0.1401	1.0
beta_c_pr[1,24]	-0.32	0.003961	0.7646	0.7621	-1.972	-0.2621	1.002	38130.0	29020.0	0.1154	1.0
beta_c_pr[1,25]	-0.8726	0.003807	0.7582	0.759	-2.446	-0.8407	0.5123	40780.0	28610.0	0.1235	1.0
beta_c_pr[1,26]	1.283	0.002452	0.3518	0.331	0.5295	1.301	1.929	20840.0	22870.0	0.06309	1.0
beta_c_pr[1,27]	-0.6576	0.003454	0.6788	0.6587	-2.162	-0.588	0.4959	44220.0	24080.0	0.1339	1.0
beta_c_pr[1,28]	-0.8097	0.003399	0.6818	0.6712	-2.288	-0.7513	0.3632	43540.0	27320.0	0.1318	1.0
beta_c_pr[1,29]	0.7677	0.002984	0.501	0.4555	-0.3971	0.8298	1.571	33990.0	21240.0	0.1029	1.0
beta_c_pr[1,30]	1.692	0.003228	0.367	0.3477	0.9036	1.712	2.356	13390.0	17980.0	0.04055	1.0
beta_c_pr[1,31]	0.1669	0.003712	0.6444	0.594	-1.343	0.2563	1.204	35700.0	23640.0	0.1081	1.0
beta_c_pr[1,32]	1.694	0.002006	0.266	0.2591	1.155	1.697	2.208	17640.0	25730.0	0.05341	1.0
beta_c_pr[1,33]	-1.093	0.003267	0.649	0.6412	-2.491	-1.041	0.0247	42990.0	27550.0	0.1302	1.0
beta_c_pr[1,34]	1.187	0.00366	0.3491	0.3354	0.4463	1.206	1.821	9233.0	17980.0	0.02795	1.0
beta_c_pr[1,35]	-0.8305	0.003742	0.7523	0.7478	-2.407	-0.7932	0.5323	41630.0	27980.0	0.126	1.0
beta_c_pr[1,36]	0.276	0.004067	0.6804	0.6424	-1.283	0.3598	1.379	30710.0	24310.0	0.09297	1.0
beta_c_pr[1,37]	0.5859	0.002742	0.4308	0.3916	-0.4206	0.6366	1.285	29370.0	20330.0	0.08893	1.0
beta_c_pr[1,38]	0.4023	0.00376	0.5421	0.494	-0.8696	0.4723	1.263	22710.0	21330.0	0.06875	1.0
beta_c_pr[1,39]	-0.307	0.003927	0.8254	0.8351	-2.051	-0.2531	1.142	46210.0	28230.0	0.1399	1.0
beta_c_pr[1,40]	-0.4669	0.003941	0.6358	0.6094	-1.891	-0.401	0.589	26570.0	25910.0	0.08046	1.0
beta_c_pr[1,41]	-0.5324	0.003363	0.6138	0.5897	-1.919	-0.4602	0.4735	38760.0	24950.0	0.1173	1.0
beta_c_pr[1,42]	0.4671	0.00417	0.7438	0.704	-1.244	0.5668	1.655	36740.0	25470.0	0.1112	1.0
beta_c_pr[1,43]	-0.6554	0.003627	0.7941	0.7951	-2.33	-0.6135	0.7654	50770.0	27810.0	0.1537	1.0
beta_c_pr[1,44]	-0.2209	0.006374	0.8698	0.8435	-1.951	-0.2123	1.501	18630.0	19390.0	0.05641	1.0
beta_c_pr[1,45]	-0.3095	0.003796	0.8194	0.8235	-2.036	-0.2587	1.146	48170.0	30010.0	0.1458	1.0
beta_c_pr[1,46]	0.715	0.005545	1.119	1.188	-1.54	0.7513	2.703	40470.0	32410.0	0.1225	1.0
beta_c_pr[1,47]	0.797	0.005132	0.9919	1.014	-1.365	0.9051	2.417	39720.0	30060.0	0.1203	1.0
beta_c_pr[1,48]	1.316	0.002579	0.3584	0.334	0.524	1.344	1.936	20560.0	20230.0	0.06224	1.0
beta_c_pr[1,49]	0.05579	0.004078	0.7471	0.7276	-1.599	0.1348	1.289	37080.0	24700.0	0.1123	1.0
beta_c_pr[1,50]	-0.3343	0.004003	0.8885	0.8862	-2.139	-0.317	1.359	49540.0	29610.0	0.15	1.0
beta_c_pr[1,51]	0.6466	0.003765	0.6428	0.5816	-0.8724	0.7359	1.667	34270.0	22390.0	0.1038	1.0
beta_c_pr[1,52]	-0.6798	0.003478	0.696	0.6944	-2.195	-0.6183	0.5126	44020.0	26170.0	0.1333	1.0
beta_c_pr[1,53]	-1.049	0.003319	0.7042	0.7024	-2.568	-1.004	0.1901	48470.0	28380.0	0.1467	1.0
beta_c_pr[1,54]	-0.02065	0.003546	0.6141	0.5784	-1.439	0.05857	0.9626	34980.0	24080.0	0.1059	1.0
beta_c_pr[1,55]	-0.4197	0.003242	0.6055	0.5819	-1.789	-0.351	0.5578	41380.0	25060.0	0.1253	1.0
beta_c_pr[1,56]	-0.4974	0.003531	0.684	0.6684	-2.005	-0.4292	0.6504	42190.0	26830.0	0.1277	1.0
beta_c_pr[1,57]	-0.7438	0.003536	0.613	0.5965	-2.108	-0.6912	0.3056	31260.0	25580.0	0.09463	1.0
beta_c_pr[1,58]	-0.04569	0.004123	0.9344	0.936	-1.919	-0.02597	1.735	51780.0	30450.0	0.1568	1.0
beta_c_pr[1,59]	0.2414	0.00329	0.5025	0.4568	-0.9222	0.3017	1.041	27530.0	20610.0	0.08336	1.0
beta_c_pr[1,60]	0.5282	0.003496	0.5673	0.5225	-0.7853	0.5985	1.449	29700.0	23130.0	0.08993	1.0
beta_c_pr[1,61]	-0.9715	0.003338	0.6823	0.6785	-2.443	-0.9218	0.2203	44960.0	26670.0	0.1361	1.0
beta_c_pr[1,62]	-0.479	0.003636	0.7537	0.75	-2.095	-0.4247	0.8401	46030.0	27730.0	0.1394	1.0
beta_c_pr[1,63]	0.9272	0.002129	0.3434	0.3246	0.1814	0.9539	1.53	27290.0	24210.0	0.08264	1.0
beta_c_pr[1,64]	-0.5287	0.003722	0.8419	0.843	-2.253	-0.499	1.035	52130.0	30350.0	0.1578	1.0
beta_c_pr[1,65]	-0.09822	0.004365	0.9248	0.9313	-1.969	-0.07537	1.64	45100.0	31990.0	0.1365	1.0
beta_c_pr[1,66]	-0.06131	0.004034	0.7634	0.7539	-1.743	0.01498	1.207	39410.0	27260.0	0.1193	1.0
beta_c_pr[1,67]	-0.1969	0.004295	0.8533	0.8579	-1.984	-0.1503	1.336	40640.0	30360.0	0.123	1.0
beta_c_pr[1,68]	-0.3644	0.003962	0.8691	0.8777	-2.141	-0.3328	1.249	48820.0	30540.0	0.1478	1.0
beta_c_pr[1,69]	-0.4174	0.003718	0.834	0.8354	-2.147	-0.3816	1.109	51660.0	30400.0	0.1564	1.0
beta_c_pr[1,70]	-1.276	0.003325	0.6925	0.6945	-2.739	-1.24	-0.03715	46630.0	26890.0	0.1412	1.0
beta_c_pr[1,71]	0.013	0.003575	0.6994	0.6676	-1.528	0.07372	1.222	40640.0	28300.0	0.123	1.0
beta_c_pr[1,72]	-0.715	0.003484	0.7475	0.7436	-2.322	-0.6603	0.6007	49290.0	27490.0	0.1492	1.0
beta_c_pr[1,73]	0.7054	0.004162	0.5705	0.5108	-0.6372	0.7755	1.622	18850.0	21200.0	0.05707	1.0
beta_c_pr[1,74]	0.04195	0.003975	0.7556	0.7391	-1.615	0.1192	1.318	39540.0	25740.0	0.1197	1.0
beta_c_pr[1,75]	-0.4547	0.003607	0.7693	0.7643	-2.097	-0.4034	0.9067	48670.0	26670.0	0.1474	1.0
beta_c_pr[1,76]	-0.2523	0.003611	0.7331	0.7235	-1.871	-0.182	0.967	45710.0	27350.0	0.1384	1.0
beta_c_pr[1,77]	0.686	0.003559	0.5603	0.5035	-0.65	0.7595	1.576	29240.0	20950.0	0.08852	1.0
beta_c_pr[1,78]	1.608	0.002524	0.3327	0.3263	0.9691	1.6	2.283	17570.0	22460.0	0.05321	1.0
beta_c_pr[1,79]	1.381	0.002108	0.2514	0.2472	0.8692	1.386	1.862	14320.0	21380.0	0.04337	1.0
beta_c_pr[1,80]	-0.77	0.003165	0.6091	0.5914	-2.139	-0.7057	0.2421	42200.0	25580.0	0.1278	1.0
beta_c_pr[1,81]	0.5289	0.003601	0.582	0.527	-0.8435	0.6056	1.449	30650.0	21220.0	0.09281	1.0
beta_c_pr[1,82]	-0.6533	0.003584	0.7728	0.7742	-2.294	-0.6092	0.7194	49430.0	28170.0	0.1497	1.0
beta_c_pr[1,83]	0.7985	0.002263	0.3166	0.3032	0.1091	0.8203	1.356	20590.0	21840.0	0.06233	1.0
beta_c_pr[1,84]	-0.9257	0.003578	0.7346	0.7332	-2.472	-0.8898	0.4077	43130.0	29070.0	0.1306	1.0
beta_c_pr[1,85]	-0.1163	0.003347	0.6247	0.6007	-1.526	-0.04359	0.8934	40790.0	25980.0	0.1235	1.0
beta_c_pr[1,86]	-0.8285	0.003678	0.6899	0.6901	-2.316	-0.7741	0.3695	37430.0	27590.0	0.1133	1.0
beta_c_pr[1,87]	-0.5294	0.003567	0.765	0.7621	-2.154	-0.4881	0.8392	48040.0	29170.0	0.1455	1.0
beta_c_pr[1,88]	0.1947	0.004522	0.9653	0.98	-1.792	0.2329	1.964	46340.0	30220.0	0.1403	1.0
beta_c_pr[1,89]	1.23	0.002267	0.3502	0.3282	0.4701	1.253	1.847	24720.0	22920.0	0.07486	1.0
beta_c_pr[1,90]	0.07481	0.004326	0.839	0.8401	-1.735	0.1462	1.514	40620.0	28100.0	0.123	1.0
beta_c_pr[1,91]	-0.5093	0.004296	0.7749	0.7663	-2.128	-0.4815	0.9217	32940.0	28560.0	0.09973	1.0
beta_c_pr[1,92]	-0.95	0.003314	0.6809	0.6773	-2.412	-0.9006	0.2362	45050.0	28010.0	0.1364	1.0
beta_c_pr[1,93]	-0.9672	0.003303	0.6765	0.675	-2.433	-0.9149	0.2005	45870.0	27460.0	0.1389	1.0
beta_c_pr[1,94]	-1.123	0.003347	0.6607	0.655	-2.547	-1.071	0.03361	42020.0	25750.0	0.1272	1.0
beta_c_pr[1,95]	-1.091	0.003372	0.6697	0.6617	-2.555	-1.031	0.05378	42950.0	25960.0	0.1301	1.0
beta_c_pr[1,96]	0.479	0.003713	0.6239	0.5794	-0.9432	0.556	1.487	33570.0	21900.0	0.1016	1.0
beta_c_pr[1,97]	-0.2335	0.00365	0.6814	0.6536	-1.777	-0.1549	0.8796	40890.0	25210.0	0.1238	1.0
beta_c_pr[1,98]	-0.2412	0.003339	0.5703	0.5353	-1.552	-0.1737	0.6729	32490.0	23430.0	0.09838	1.0
beta_c_pr[1,99]	-0.6762	0.003117	0.6339	0.6161	-2.082	-0.6142	0.3829	47050.0	26220.0	0.1425	1.0
beta_c_pr[1,100]	0.4633	0.002944	0.4965	0.4566	-0.6862	0.52	1.274	33250.0	22260.0	0.1007	1.0
beta_c_pr[1,101]	-0.5418	0.003353	0.6232	0.6055	-1.927	-0.4804	0.4997	38420.0	26480.0	0.1163	1.0
beta_c_pr[1,102]	-0.7918	0.003455	0.7222	0.7172	-2.341	-0.7425	0.4791	47590.0	26390.0	0.1441	1.0
beta_c_pr[1,103]	1.239	0.001877	0.2591	0.2509	0.7232	1.241	1.747	19170.0	24860.0	0.05803	1.0
beta_c_pr[1,104]	1.079	0.002678	0.3748	0.3472	0.2501	1.112	1.718	21080.0	21390.0	0.06382	1.0
beta_c_pr[1,105]	-1.06	0.003073	0.5973	0.5819	-2.385	-1.004	-0.05187	42640.0	25170.0	0.1291	1.0
beta_c_pr[1,106]	0.5915	0.003455	0.492	0.4442	-0.5504	0.6481	1.399	22170.0	20410.0	0.06714	1.0
beta_c_pr[1,107]	0.9946	0.002952	0.4458	0.4049	-0.02993	1.041	1.729	26110.0	21350.0	0.07904	1.0
beta_c_pr[1,108]	-0.4423	0.003547	0.6803	0.6613	-1.94	-0.3736	0.6924	40870.0	26580.0	0.1238	1.0
beta_c_pr[1,109]	-0.6528	0.003368	0.687	0.6831	-2.147	-0.5911	0.5122	46120.0	26990.0	0.1396	1.0
beta_c_pr[1,110]	1.22	0.002958	0.417	0.3868	0.2897	1.26	1.93	21570.0	20970.0	0.06529	1.0
beta_c_pr[1,111]	-0.499	0.003955	0.8269	0.8364	-2.22	-0.456	1.001	45380.0	28100.0	0.1374	1.0
beta_c_pr[1,112]	0.6738	0.003644	0.5765	0.522	-0.6781	0.7499	1.59	29940.0	20710.0	0.09064	1.0
beta_c_pr[1,113]	-0.5468	0.003263	0.6235	0.6005	-1.949	-0.4817	0.4972	41330.0	25960.0	0.1251	1.0
beta_c_pr[1,114]	0.8408	0.004107	0.6691	0.5918	-0.7816	0.9511	1.849	33270.0	21350.0	0.1007	1.0
beta_c_pr[1,115]	1.375	0.003267	0.3406	0.3305	0.6755	1.386	2.013	10910.0	19250.0	0.03303	1.0
beta_c_pr[1,116]	-0.6202	0.003449	0.7	0.6949	-2.14	-0.561	0.5799	45060.0	27420.0	0.1364	1.0
beta_c_pr[1,117]	-0.5228	0.003811	0.6994	0.6854	-2.036	-0.4577	0.6695	36130.0	26750.0	0.1094	1.0
beta_c_pr[1,118]	-0.5813	0.003662	0.7377	0.7335	-2.187	-0.5183	0.6864	45250.0	25500.0	0.137	1.0
beta_c_pr[1,119]	0.01153	0.004369	0.5678	0.5195	-1.328	0.08461	0.9204	17440.0	20630.0	0.05279	1.0
beta_c_pr[1,120]	-0.9757	0.003386	0.7072	0.7032	-2.484	-0.9321	0.283	46020.0	28410.0	0.1393	1.0
beta_c_pr[1,121]	-0.5787	0.003415	0.6773	0.66	-2.074	-0.5135	0.5593	43840.0	27350.0	0.1327	1.0
beta_c_pr[1,122]	0.3223	0.003918	0.7113	0.6716	-1.336	0.4226	1.448	40790.0	23820.0	0.1235	1.0
beta_c_pr[1,123]	-0.6459	0.00365	0.7663	0.7642	-2.295	-0.5999	0.7178	46940.0	27600.0	0.1421	1.0
beta_c_pr[1,124]	0.91	0.002087	0.3323	0.3156	0.1925	0.9307	1.503	26460.0	24240.0	0.08011	1.0
beta_c_pr[1,125]	1.33	0.002206	0.3076	0.2962	0.6817	1.344	1.894	19560.0	25820.0	0.05923	1.0
beta_c_pr[1,126]	1.251	0.003373	0.3429	0.3274	0.5307	1.265	1.882	10410.0	18320.0	0.03152	1.0
beta_c_pr[1,127]	-0.04026	0.003202	0.5748	0.5347	-1.376	0.03415	0.8783	38490.0	22590.0	0.1165	1.0
beta_c_pr[1,128]	-0.79	0.003229	0.6108	0.59	-2.163	-0.7258	0.2204	40820.0	25560.0	0.1236	1.0
beta_c_pr[1,129]	1.573	0.00185	0.2363	0.2316	1.105	1.574	2.037	16320.0	23650.0	0.04942	1.0
beta_c_pr[1,130]	-0.8873	0.003778	0.7811	0.7781	-2.496	-0.8564	0.5542	43580.0	28780.0	0.1319	1.0
beta_c_pr[1,131]	-1.077	0.003264	0.7029	0.6984	-2.561	-1.034	0.1792	48850.0	26810.0	0.1479	1.0
beta_c_pr[1,132]	-0.8234	0.003342	0.6655	0.6553	-2.279	-0.7685	0.3224	43410.0	26610.0	0.1314	1.0
beta_c_pr[1,133]	-0.902	0.003444	0.7187	0.7165	-2.432	-0.8554	0.3744	46500.0	27350.0	0.1408	1.0
beta_c_pr[1,134]	0.8407	0.002728	0.422	0.3861	-0.1197	0.8847	1.536	28030.0	20480.0	0.08488	1.0
beta_c_pr[1,135]	0.3833	0.004036	0.6126	0.5598	-1.047	0.4643	1.367	24500.0	22450.0	0.07419	1.0
beta_c_pr[1,136]	-0.3908	0.003801	0.8066	0.8095	-2.095	-0.3446	1.054	46540.0	30190.0	0.1409	1.0
beta_c_pr[1,137]	0.6658	0.003145	0.5221	0.466	-0.5712	0.7326	1.502	33220.0	22090.0	0.1006	1.0
beta_c_pr[1,138]	0.412	0.003901	0.7184	0.6765	-1.253	0.5128	1.549	39810.0	26000.0	0.1205	1.0
beta_c_pr[1,139]	-0.5547	0.003347	0.6535	0.6365	-2.005	-0.4911	0.5464	42490.0	26230.0	0.1287	1.0
beta_c_pr[1,140]	-0.8256	0.003495	0.7464	0.7431	-2.402	-0.7784	0.5097	47810.0	28710.0	0.1448	1.0
beta_c_pr[1,141]	-0.6382	0.003487	0.6794	0.6734	-2.115	-0.5805	0.5232	41100.0	26480.0	0.1244	1.0
beta_c_pr[2,1]	0.4155	0.003852	0.5354	0.519	-0.7438	0.4588	1.351	19860.0	25990.0	0.06013	1.0
beta_c_pr[2,2]	-0.4345	0.007047	0.696	0.6901	-1.891	-0.3969	0.8374	9428.0	16110.0	0.02855	1.001
beta_c_pr[2,3]	0.08163	0.002818	0.4747	0.4564	-0.9578	0.1139	0.9149	29850.0	26580.0	0.09037	1.0
beta_c_pr[2,4]	-0.4298	0.004787	0.6836	0.6491	-1.801	-0.4184	0.9126	20960.0	15140.0	0.06347	1.0
beta_c_pr[2,5]	-0.1642	0.005027	0.5175	0.5022	-1.284	-0.1238	0.7388	10610.0	22650.0	0.03211	1.0
beta_c_pr[2,6]	0.06079	0.005506	0.4907	0.4763	-0.9477	0.07618	0.9905	7747.0	13330.0	0.02346	1.0
beta_c_pr[2,7]	1.299	0.008135	0.9802	0.9596	-0.6489	1.307	3.201	14410.0	11140.0	0.04363	1.001
beta_c_pr[2,8]	0.4575	0.01041	0.4706	0.4781	-0.4967	0.4713	1.33	2059.0	8349.0	0.006234	1.002
beta_c_pr[2,9]	0.469	0.003415	0.5729	0.5561	-0.7813	0.5136	1.464	30040.0	25040.0	0.09096	1.0
beta_c_pr[2,10]	-0.5607	0.002797	0.534	0.5178	-1.717	-0.523	0.3859	38020.0	27980.0	0.1151	1.0
beta_c_pr[2,11]	-0.2344	0.00289	0.3873	0.3747	-1.077	-0.2074	0.4511	18940.0	20760.0	0.05733	1.0
beta_c_pr[2,12]	-0.8836	0.00453	0.8457	0.8397	-2.581	-0.8717	0.7495	34990.0	28190.0	0.1059	1.0
beta_c_pr[2,13]	-0.1665	0.003416	0.6522	0.6374	-1.571	-0.1243	1.001	37910.0	28000.0	0.1148	1.0
beta_c_pr[2,14]	1.269	0.00258	0.3683	0.3564	0.5084	1.281	1.959	20060.0	25400.0	0.06075	1.0
beta_c_pr[2,15]	0.3125	0.003598	0.5889	0.5652	-0.9817	0.3576	1.339	27630.0	24760.0	0.08366	1.0
beta_c_pr[2,16]	0.7095	0.00384	0.4466	0.4257	-0.247	0.7336	1.525	13290.0	23290.0	0.04024	1.0
beta_c_pr[2,17]	-0.6138	0.006295	0.5377	0.5281	-1.773	-0.5691	0.3261	7298.0	19690.0	0.02209	1.001
beta_c_pr[2,18]	0.6663	0.004285	0.549	0.5283	-0.5215	0.7088	1.636	16820.0	23450.0	0.05094	1.001
beta_c_pr[2,19]	1.017	0.00646	0.4927	0.476	-0.03421	1.045	1.905	5936.0	14120.0	0.01797	1.001
beta_c_pr[2,20]	0.9432	0.002818	0.4307	0.4097	0.03306	0.9619	1.738	23630.0	26620.0	0.07155	1.0
beta_c_pr[2,21]	0.6129	0.004053	0.4095	0.3943	-0.2711	0.6398	1.345	10670.0	18350.0	0.03231	1.0
beta_c_pr[2,22]	-0.4923	0.004508	0.4997	0.4882	-1.565	-0.4546	0.3777	12540.0	23420.0	0.03796	1.0
beta_c_pr[2,23]	0.9336	0.004635	0.4916	0.4812	-0.1222	0.9655	1.811	11070.0	23770.0	0.0335	1.0
beta_c_pr[2,24]	-1.564	0.004709	0.6906	0.6783	-2.989	-1.539	-0.2649	21130.0	24420.0	0.06398	1.0
beta_c_pr[2,25]	-0.7287	0.003256	0.6344	0.6156	-2.053	-0.7007	0.4454	38640.0	29150.0	0.117	1.0
beta_c_pr[2,26]	0.4589	0.008149	0.5312	0.519	-0.6602	0.4838	1.427	4179.0	12830.0	0.01265	1.001
beta_c_pr[2,27]	1.064	0.002312	0.3272	0.3222	0.4311	1.061	1.72	20200.0	22730.0	0.06117	1.0
beta_c_pr[2,28]	-0.6167	0.004512	0.4982	0.4827	-1.684	-0.585	0.2632	12350.0	24840.0	0.03739	1.0
beta_c_pr[2,29]	-0.4101	0.003507	0.5952	0.5795	-1.7	-0.3647	0.6392	29320.0	27890.0	0.08876	1.0
beta_c_pr[2,30]	1.501	0.00698	0.5241	0.5077	0.3849	1.531	2.453	5659.0	16790.0	0.01713	1.0
beta_c_pr[2,31]	0.5528	0.003217	0.4001	0.3868	-0.2878	0.5714	1.288	15120.0	20320.0	0.04579	1.0
beta_c_pr[2,32]	-0.7656	0.005315	0.6095	0.5976	-2.048	-0.7354	0.3528	12660.0	18140.0	0.03833	1.0
beta_c_pr[2,33]	-1.755	0.003099	0.6134	0.6097	-3.049	-1.718	-0.6471	40120.0	30090.0	0.1215	1.0
beta_c_pr[2,34]	0.5485	0.002995	0.3696	0.3533	-0.2272	0.5629	1.239	15080.0	24150.0	0.04565	1.0
beta_c_pr[2,35]	-0.9788	0.003543	0.6149	0.6083	-2.277	-0.949	0.1407	30600.0	27940.0	0.09264	1.0
beta_c_pr[2,36]	0.03845	0.003046	0.5338	0.5204	-1.12	0.07855	0.976	31910.0	26100.0	0.09662	1.0
beta_c_pr[2,37]	0.1576	0.003486	0.4304	0.4133	-0.7807	0.1888	0.9147	15140.0	23030.0	0.04585	1.0
beta_c_pr[2,38]	0.5483	0.00482	0.4025	0.3911	-0.267	0.5567	1.319	6924.0	16000.0	0.02097	1.0
beta_c_pr[2,39]	-0.1798	0.003585	0.6776	0.6614	-1.639	-0.1322	1.022	37530.0	26840.0	0.1136	1.0
beta_c_pr[2,40]	-0.1082	0.01259	0.5789	0.5882	-1.273	-0.09541	0.9679	2143.0	9805.0	0.006488	1.002
beta_c_pr[2,41]	-0.516	0.009335	0.5625	0.5566	-1.68	-0.4936	0.5216	3576.0	9322.0	0.01083	1.002
beta_c_pr[2,42]	1.658	0.003556	0.4516	0.4393	0.7273	1.674	2.502	15960.0	21940.0	0.04832	1.0
beta_c_pr[2,43]	1.456	0.003594	0.432	0.4118	0.5292	1.481	2.244	15490.0	17280.0	0.04691	1.0
beta_c_pr[2,44]	-1.01	0.02276	1.146	1.271	-3.05	-1.073	1.206	2648.0	15930.0	0.008017	1.002
beta_c_pr[2,45]	1.467	0.002671	0.4051	0.3916	0.6446	1.473	2.244	22900.0	24360.0	0.06933	1.0
beta_c_pr[2,46]	1.449	0.004982	0.781	0.7362	-0.2722	1.513	2.826	25800.0	24120.0	0.07811	1.0
beta_c_pr[2,47]	1.392	0.004326	0.601	0.564	0.1602	1.401	2.568	19090.0	16030.0	0.0578	1.0
beta_c_pr[2,48]	1.014	0.005987	0.4501	0.4334	0.05026	1.04	1.83	5586.0	16550.0	0.01691	1.001
beta_c_pr[2,49]	0.9359	0.004111	0.4418	0.428	-0.01081	0.9587	1.733	11410.0	22290.0	0.03456	1.001
beta_c_pr[2,50]	-0.5858	0.004207	0.9169	0.9164	-2.395	-0.5794	1.198	47620.0	29730.0	0.1442	1.0
beta_c_pr[2,51]	-1.027	0.004701	0.7245	0.7146	-2.537	-0.9978	0.3098	23760.0	28970.0	0.07194	1.0
beta_c_pr[2,52]	0.6284	0.002773	0.4609	0.4404	-0.3234	0.6442	1.496	27980.0	24730.0	0.08472	1.0
beta_c_pr[2,53]	0.9951	0.004973	0.4178	0.4047	0.1493	1.005	1.797	7221.0	16540.0	0.02186	1.001
beta_c_pr[2,54]	-0.3227	0.002929	0.4955	0.482	-1.398	-0.2849	0.5403	29780.0	26170.0	0.09016	1.0
beta_c_pr[2,55]	0.4688	0.004278	0.3514	0.3412	-0.2469	0.4755	1.141	6733.0	17270.0	0.02039	1.001
beta_c_pr[2,56]	-0.64	0.003813	0.6155	0.5988	-1.936	-0.607	0.4804	25520.0	23380.0	0.07727	1.0
beta_c_pr[2,57]	-0.8083	0.003885	0.443	0.4328	-1.754	-0.7834	-0.009082	13030.0	23690.0	0.03944	1.0
beta_c_pr[2,58]	-0.4671	0.004478	0.9165	0.9212	-2.281	-0.4592	1.308	41930.0	31790.0	0.127	1.0
beta_c_pr[2,59]	-0.9727	0.003315	0.5887	0.5743	-2.249	-0.9354	0.07448	31940.0	27870.0	0.0967	1.0
beta_c_pr[2,60]	0.5133	0.002454	0.3975	0.382	-0.3304	0.5335	1.24	25760.0	23350.0	0.07799	1.0
beta_c_pr[2,61]	-1.325	0.00435	0.5972	0.585	-2.587	-1.295	-0.2431	18520.0	24590.0	0.05608	1.0
beta_c_pr[2,62]	-0.8631	0.003691	0.6735	0.6512	-2.279	-0.8271	0.3602	33670.0	26780.0	0.1019	1.0
beta_c_pr[2,63]	0.06606	0.002831	0.4606	0.4461	-0.9374	0.09965	0.8739	27030.0	28070.0	0.08185	1.0
beta_c_pr[2,64]	1.294	0.003987	0.6062	0.565	0.03465	1.31	2.476	23600.0	20010.0	0.07144	1.0
beta_c_pr[2,65]	-0.9194	0.004112	0.7563	0.7464	-2.457	-0.9015	0.5158	34190.0	30050.0	0.1035	1.0
beta_c_pr[2,66]	-0.6612	0.005386	0.6673	0.6567	-2.067	-0.6225	0.5387	15270.0	25120.0	0.04623	1.0
beta_c_pr[2,67]	-0.28	0.007627	1.109	1.043	-2.276	-0.3487	2.175	23190.0	18590.0	0.07022	1.0
beta_c_pr[2,68]	-0.4477	0.004166	0.8514	0.8549	-2.16	-0.4309	1.176	41980.0	30220.0	0.1271	1.0
beta_c_pr[2,69]	0.6176	0.00346	0.5857	0.5636	-0.6461	0.6501	1.666	29390.0	26050.0	0.08898	1.0
beta_c_pr[2,70]	-0.09905	0.004859	0.5182	0.5035	-1.207	-0.07186	0.8371	11110.0	18710.0	0.03364	1.0
beta_c_pr[2,71]	-0.9854	0.003578	0.6194	0.6013	-2.259	-0.961	0.1749	29410.0	25410.0	0.08905	1.0
beta_c_pr[2,72]	-0.9684	0.004936	0.7422	0.7368	-2.48	-0.9509	0.436	22680.0	28140.0	0.06868	1.0
beta_c_pr[2,73]	-0.4892	0.005566	0.6044	0.5868	-1.808	-0.4441	0.564	11380.0	20630.0	0.03447	1.001
beta_c_pr[2,74]	0.2148	0.004257	0.488	0.4773	-0.8414	0.2497	1.07	13720.0	22760.0	0.04154	1.0
beta_c_pr[2,75]	-1.29	0.005982	0.7965	0.7756	-2.859	-1.288	0.2738	17970.0	19990.0	0.05441	1.0
beta_c_pr[2,76]	0.5385	0.0052	0.4625	0.4473	-0.4497	0.5635	1.386	7865.0	17700.0	0.02381	1.0
beta_c_pr[2,77]	0.8344	0.003874	0.4564	0.4378	-0.1308	0.8621	1.653	14480.0	18510.0	0.04384	1.0
beta_c_pr[2,78]	0.8096	0.0032	0.4906	0.4732	-0.1502	0.8075	1.795	23700.0	25310.0	0.07177	1.0
beta_c_pr[2,79]	-0.5371	0.00471	0.4766	0.4622	-1.562	-0.5044	0.3039	10460.0	20570.0	0.03167	1.0
beta_c_pr[2,80]	-0.607	0.003597	0.4401	0.4238	-1.557	-0.579	0.1862	14440.0	23210.0	0.04371	1.0
beta_c_pr[2,81]	0.2394	0.00644	0.5519	0.5347	-0.9382	0.2719	1.242	7126.0	15860.0	0.02157	1.001
beta_c_pr[2,82]	1.329	0.003997	0.4512	0.4335	0.357	1.358	2.141	13150.0	21660.0	0.0398	1.0
beta_c_pr[2,83]	-0.4845	0.003233	0.458	0.4476	-1.474	-0.4513	0.321	19850.0	27850.0	0.06011	1.0
beta_c_pr[2,84]	0.1591	0.003576	0.599	0.5587	-1.108	0.1837	1.291	28210.0	20380.0	0.0854	1.0
beta_c_pr[2,85]	0.4558	0.00459	0.4593	0.4397	-0.4931	0.4657	1.339	9739.0	13780.0	0.02949	1.001
beta_c_pr[2,86]	-0.5546	0.00345	0.5424	0.5309	-1.721	-0.5171	0.3957	25450.0	26890.0	0.07706	1.0
beta_c_pr[2,87]	-0.7324	0.003487	0.6919	0.6785	-2.183	-0.7049	0.5403	40240.0	27730.0	0.1218	1.0
beta_c_pr[2,88]	-0.3016	0.004656	0.9038	0.8925	-2.122	-0.29	1.453	37810.0	29880.0	0.1145	1.0
beta_c_pr[2,89]	0.5049	0.003617	0.4566	0.434	-0.4608	0.5235	1.358	15360.0	19130.0	0.04651	1.0
beta_c_pr[2,90]	1.754	0.003442	0.4323	0.4133	0.8371	1.773	2.554	16170.0	18440.0	0.04897	1.0
beta_c_pr[2,91]	-1.931	0.003956	0.7157	0.6944	-3.357	-1.936	-0.499	33030.0	26270.0	0.09999	1.0
beta_c_pr[2,92]	-0.2247	0.003008	0.4308	0.4173	-1.14	-0.2011	0.5576	20440.0	26000.0	0.06187	1.0
beta_c_pr[2,93]	1.034	0.00595	0.4061	0.3968	0.2538	1.026	1.861	4703.0	14080.0	0.01424	1.001
beta_c_pr[2,94]	-0.264	0.007847	0.4916	0.4771	-1.333	-0.2242	0.5923	4009.0	12520.0	0.01214	1.001
beta_c_pr[2,95]	0.2306	0.002453	0.3946	0.3806	-0.6221	0.2556	0.938	26760.0	25270.0	0.08102	1.0
beta_c_pr[2,96]	-0.1538	0.005464	0.582	0.5638	-1.379	-0.1322	0.9256	11040.0	15560.0	0.03341	1.0
beta_c_pr[2,97]	1.053	0.007014	0.463	0.4562	0.09584	1.072	1.91	4327.0	13900.0	0.0131	1.001
beta_c_pr[2,98]	-1.095	0.003036	0.5722	0.5586	-2.334	-1.057	-0.0812	37760.0	27520.0	0.1143	1.0
beta_c_pr[2,99]	0.2348	0.002306	0.3967	0.3878	-0.6001	0.2517	0.96	30260.0	25550.0	0.09161	1.0
beta_c_pr[2,100]	0.6648	0.003094	0.3689	0.3538	-0.1016	0.6771	1.355	14100.0	23690.0	0.04269	1.0
beta_c_pr[2,101]	0.04919	0.002977	0.4118	0.3896	-0.8474	0.0797	0.7701	21530.0	18110.0	0.06519	1.0
beta_c_pr[2,102]	-1.239	0.004984	0.6773	0.6663	-2.656	-1.202	0.002128	18150.0	24600.0	0.05495	1.0
beta_c_pr[2,103]	-0.4405	0.00529	0.5014	0.4864	-1.504	-0.4132	0.4632	9045.0	20690.0	0.02739	1.0
beta_c_pr[2,104]	0.189	0.002704	0.4173	0.4023	-0.7068	0.2144	0.9412	24260.0	26680.0	0.07345	1.0
beta_c_pr[2,105]	-0.6213	0.006185	0.4744	0.4639	-1.596	-0.6033	0.272	5808.0	15190.0	0.01759	1.001
beta_c_pr[2,106]	-0.7656	0.00398	0.6055	0.5946	-2.049	-0.7245	0.3111	23180.0	26460.0	0.07018	1.0
beta_c_pr[2,107]	-0.153	0.003465	0.5372	0.5186	-1.338	-0.1088	0.7729	24580.0	27050.0	0.07441	1.0
beta_c_pr[2,108]	0.1915	0.005129	0.4993	0.4883	-0.8783	0.2256	1.074	9439.0	20890.0	0.02858	1.001
beta_c_pr[2,109]	-0.2125	0.004889	0.5157	0.4987	-1.293	-0.1836	0.7238	10840.0	18580.0	0.03282	1.0
beta_c_pr[2,110]	0.4367	0.003425	0.5071	0.4771	-0.6579	0.4695	1.358	21240.0	22900.0	0.06432	1.0
beta_c_pr[2,111]	-0.3737	0.0054	0.6577	0.6536	-1.765	-0.3367	0.8181	15270.0	23730.0	0.04623	1.0
beta_c_pr[2,112]	-0.4101	0.003311	0.6011	0.5899	-1.702	-0.3703	0.6514	34370.0	27840.0	0.1041	1.0
beta_c_pr[2,113]	-0.9659	0.005231	0.5298	0.5183	-2.124	-0.9277	-0.03939	10290.0	21300.0	0.03114	1.001
beta_c_pr[2,114]	0.6014	0.003804	0.5165	0.4883	-0.5283	0.643	1.506	18750.0	23730.0	0.05677	1.0
beta_c_pr[2,115]	0.2688	0.003198	0.531	0.5131	-0.8457	0.293	1.254	27750.0	27540.0	0.084	1.0
beta_c_pr[2,116]	1.112	0.009042	0.4261	0.4288	0.2802	1.111	1.939	2243.0	9171.0	0.006791	1.001
beta_c_pr[2,117]	0.2301	0.004026	0.4986	0.4815	-0.8622	0.2694	1.102	16050.0	21510.0	0.04859	1.0
beta_c_pr[2,118]	1.11	0.003355	0.4462	0.4305	0.1904	1.124	1.958	17250.0	21030.0	0.05222	1.0
beta_c_pr[2,119]	0.5685	0.002875	0.3478	0.3395	-0.161	0.5846	1.209	15110.0	21130.0	0.04575	1.0
beta_c_pr[2,120]	0.2179	0.002511	0.4013	0.3862	-0.6417	0.2443	0.9337	27030.0	22640.0	0.08183	1.0
beta_c_pr[2,121]	-0.8167	0.004521	0.5542	0.5432	-2.011	-0.7759	0.1544	15770.0	23480.0	0.04774	1.0
beta_c_pr[2,122]	0.481	0.006599	0.5802	0.5649	-0.7692	0.522	1.514	7582.0	18300.0	0.02296	1.001
beta_c_pr[2,123]	-0.8859	0.003188	0.6464	0.6378	-2.264	-0.8423	0.2598	43830.0	27170.0	0.1327	1.0
beta_c_pr[2,124]	-0.574	0.003176	0.5134	0.4982	-1.698	-0.5321	0.3083	26950.0	25090.0	0.0816	1.0
beta_c_pr[2,125]	0.3902	0.002672	0.4198	0.4018	-0.5182	0.4165	1.146	25220.0	24220.0	0.07635	1.0
beta_c_pr[2,126]	0.61	0.003989	0.4104	0.3975	-0.2376	0.6196	1.382	10380.0	17540.0	0.03142	1.0
beta_c_pr[2,127]	0.2704	0.003195	0.4154	0.3989	-0.6034	0.2887	1.036	16110.0	18680.0	0.04877	1.0
beta_c_pr[2,128]	-0.5336	0.00421	0.4643	0.4491	-1.529	-0.5059	0.296	11760.0	18700.0	0.0356	1.0
beta_c_pr[2,129]	-0.2077	0.004417	0.4563	0.4449	-1.158	-0.1869	0.6373	10530.0	17410.0	0.03188	1.0
beta_c_pr[2,130]	-1.55	0.004083	0.7865	0.7774	-3.102	-1.544	-0.02587	37300.0	31630.0	0.1129	1.0
beta_c_pr[2,131]	-2.107	0.003275	0.6584	0.6503	-3.456	-2.085	-0.8783	40970.0	29430.0	0.124	1.0
beta_c_pr[2,132]	-1.04	0.004131	0.5604	0.5442	-2.24	-1.003	-0.04398	17990.0	26120.0	0.05446	1.0
beta_c_pr[2,133]	-2.367	0.003624	0.7187	0.7143	-3.805	-2.352	-1.003	39170.0	29540.0	0.1186	1.0
beta_c_pr[2,134]	0.5445	0.002838	0.447	0.4261	-0.4347	0.5795	1.324	25460.0	25030.0	0.07708	1.0
beta_c_pr[2,135]	-0.2829	0.005675	0.6038	0.5893	-1.596	-0.2381	0.7742	11110.0	20990.0	0.03365	1.0
beta_c_pr[2,136]	0.8554	0.005324	0.45	0.4369	-0.07671	0.8705	1.696	7027.0	16960.0	0.02127	1.0
beta_c_pr[2,137]	0.5741	0.005365	0.4655	0.4473	-0.4488	0.6121	1.379	7827.0	16260.0	0.0237	1.001
beta_c_pr[2,138]	0.9004	0.003549	0.529	0.5079	-0.2392	0.9337	1.844	21590.0	25800.0	0.06537	1.0
beta_c_pr[2,139]	-0.8053	0.007396	0.6708	0.6458	-2.161	-0.7951	0.5041	8140.0	12950.0	0.02464	1.001
beta_c_pr[2,140]	1.274	0.002531	0.3492	0.3381	0.5638	1.283	1.943	18970.0	22360.0	0.05744	1.0
beta_c_pr[2,141]	-0.5795	0.003793	0.5621	0.5481	-1.788	-0.5416	0.4073	21600.0	27090.0	0.0654	1.0
beta_c_pr[3,1]	0.5797	0.001968	0.2774	0.2738	0.02132	0.5837	1.111	20050.0	24100.0	0.0607	1.0
beta_c_pr[3,2]	0.1484	0.02577	0.6718	0.743	-1.185	0.1808	1.312	709.7	4061.0	0.002149	1.002
beta_c_pr[3,3]	1.006	0.005345	0.3547	0.3501	0.3266	0.9982	1.726	4398.0	13930.0	0.01332	1.001
beta_c_pr[3,4]	-0.1048	0.01541	0.4558	0.4714	-1.033	-0.0851	0.7135	882.3	4945.0	0.002671	1.003
beta_c_pr[3,5]	-0.4857	0.001964	0.3179	0.3139	-1.143	-0.4756	0.1102	26320.0	28090.0	0.07969	1.0
beta_c_pr[3,6]	0.2759	0.002327	0.2841	0.2789	-0.2908	0.278	0.8268	15040.0	23660.0	0.04553	1.0
beta_c_pr[3,7]	2.823	0.01192	0.4709	0.4501	1.813	2.85	3.691	1622.0	4260.0	0.00491	1.001
beta_c_pr[3,8]	0.04363	0.01362	0.4293	0.4391	-0.8026	0.04645	0.8655	1005.0	4726.0	0.003042	1.002
beta_c_pr[3,9]	1.032	0.004107	0.3126	0.3065	0.4381	1.025	1.668	5843.0	16670.0	0.01769	1.001
beta_c_pr[3,10]	0.2051	0.007266	0.3236	0.3167	-0.4484	0.2122	0.8234	1984.0	9052.0	0.006006	1.001
beta_c_pr[3,11]	-0.1476	0.004696	0.368	0.3618	-0.8746	-0.1485	0.5781	6211.0	17910.0	0.01881	1.0
beta_c_pr[3,12]	-0.000982	0.01181	0.5786	0.5504	-1.288	0.0601	0.9869	2578.0	6556.0	0.007804	1.001
beta_c_pr[3,13]	0.3376	0.02937	0.7667	0.8528	-1.158	0.3604	1.683	705.1	3961.0	0.002135	1.003
beta_c_pr[3,14]	0.7118	0.00788	0.3432	0.3382	0.05221	0.7049	1.4	1896.0	7493.0	0.005741	1.001
beta_c_pr[3,15]	0.3421	0.004674	0.2825	0.2766	-0.2291	0.3483	0.8811	3691.0	9875.0	0.01118	1.0
beta_c_pr[3,16]	0.9733	0.002048	0.3014	0.2993	0.3909	0.9703	1.571	21700.0	26510.0	0.06571	1.0
beta_c_pr[3,17]	-1.072	0.007004	0.3853	0.3779	-1.853	-1.067	-0.3353	3009.0	8342.0	0.009112	1.002
beta_c_pr[3,18]	1.306	0.008118	0.3357	0.3307	0.6271	1.314	1.944	1721.0	6068.0	0.00521	1.001
beta_c_pr[3,19]	0.1572	0.002821	0.2896	0.2861	-0.4175	0.1606	0.7181	10640.0	22820.0	0.03221	1.0
beta_c_pr[3,20]	1.239	0.002851	0.3539	0.3431	0.5817	1.226	1.981	15930.0	17930.0	0.04822	1.0
beta_c_pr[3,21]	0.8223	0.002432	0.3038	0.3012	0.2357	0.821	1.425	15830.0	24320.0	0.04793	1.0
beta_c_pr[3,22]	-1.248	0.004987	0.4021	0.397	-2.078	-1.233	-0.5059	6570.0	16520.0	0.01989	1.0
beta_c_pr[3,23]	-0.2407	0.01227	0.4086	0.4113	-1.075	-0.2257	0.5166	1119.0	5329.0	0.003387	1.001
beta_c_pr[3,24]	-0.8967	0.00953	0.4111	0.4062	-1.758	-0.8798	-0.1391	1848.0	7746.0	0.005597	1.002
beta_c_pr[3,25]	-1.749	0.004046	0.608	0.5809	-2.966	-1.742	-0.5757	23300.0	20870.0	0.07054	1.0
beta_c_pr[3,26]	1.033	0.01227	0.4383	0.4352	0.2125	1.02	1.927	1273.0	4916.0	0.003855	1.001
beta_c_pr[3,27]	-0.293	0.002854	0.3986	0.3943	-1.061	-0.2986	0.5074	19720.0	25620.0	0.0597	1.0
beta_c_pr[3,28]	-0.0656	0.006204	0.311	0.304	-0.6987	-0.05828	0.5294	2500.0	9296.0	0.00757	1.001
beta_c_pr[3,29]	-0.0407	0.01124	0.3847	0.3812	-0.8188	-0.03185	0.6883	1171.0	5859.0	0.003545	1.002
beta_c_pr[3,30]	0.5867	0.002076	0.297	0.2946	0.005286	0.5855	1.17	20570.0	25840.0	0.06228	1.0
beta_c_pr[3,31]	-0.5701	0.002043	0.3126	0.3082	-1.203	-0.5616	0.0164	23720.0	25250.0	0.07183	1.0
beta_c_pr[3,32]	0.4169	0.002709	0.2725	0.2676	-0.1232	0.4173	0.9488	10260.0	21450.0	0.03108	1.0
beta_c_pr[3,33]	-1.44	0.01296	0.4518	0.4508	-2.338	-1.439	-0.5569	1215.0	5005.0	0.003678	1.003
beta_c_pr[3,34]	0.5012	0.00506	0.3277	0.3205	-0.1298	0.4976	1.167	4194.0	13100.0	0.0127	1.001
beta_c_pr[3,35]	-1.559	0.003396	0.4455	0.4369	-2.489	-1.537	-0.7339	16770.0	21870.0	0.05076	1.0
beta_c_pr[3,36]	-0.2439	0.003373	0.2878	0.2842	-0.8212	-0.242	0.3123	7253.0	14910.0	0.02196	1.0
beta_c_pr[3,37]	0.6768	0.01186	0.4093	0.4086	-0.1083	0.6755	1.497	1195.0	4830.0	0.003619	1.001
beta_c_pr[3,38]	0.279	0.005752	0.3234	0.3202	-0.3645	0.2766	0.9164	3181.0	12520.0	0.00963	1.0
beta_c_pr[3,39]	-0.5716	0.01065	0.571	0.5605	-1.793	-0.5349	0.4483	2877.0	11820.0	0.008709	1.001
beta_c_pr[3,40]	-0.3591	0.01007	0.3923	0.3803	-1.12	-0.3651	0.4313	1511.0	6433.0	0.004575	1.002
beta_c_pr[3,41]	-0.54	0.01244	0.4327	0.4278	-1.392	-0.5433	0.304	1212.0	4969.0	0.003669	1.001
beta_c_pr[3,42]	0.4805	0.00227	0.276	0.269	-0.07317	0.4814	1.017	14910.0	22660.0	0.04515	1.0
beta_c_pr[3,43]	1.135	0.004591	0.2828	0.2773	0.5656	1.138	1.681	3838.0	9665.0	0.01162	1.0
beta_c_pr[3,44]	-1.142	0.02531	1.122	1.329	-3.078	-1.169	0.9602	2143.0	10920.0	0.006488	1.002
beta_c_pr[3,45]	0.01239	0.004045	0.365	0.3493	-0.708	0.01342	0.7398	8102.0	10640.0	0.02453	1.001
beta_c_pr[3,46]	3.515	0.01053	0.5313	0.5259	2.502	3.507	4.588	2516.0	7212.0	0.007618	1.001
beta_c_pr[3,47]	1.826	0.01664	0.4997	0.5228	0.9019	1.816	2.812	912.2	4593.0	0.002762	1.002
beta_c_pr[3,48]	1.862	0.002915	0.3923	0.3902	1.13	1.85	2.664	18150.0	26080.0	0.05495	1.0
beta_c_pr[3,49]	0.6444	0.01802	0.5004	0.5315	-0.3286	0.6626	1.565	793.2	4121.0	0.002402	1.003
beta_c_pr[3,50]	-0.3481	0.004022	0.808	0.7972	-1.971	-0.3308	1.197	40670.0	31240.0	0.1231	1.0
beta_c_pr[3,51]	-1.15	0.006417	0.4816	0.4757	-2.138	-1.136	-0.2398	5535.0	13070.0	0.01676	1.0
beta_c_pr[3,52]	-1.069	0.00858	0.3831	0.3733	-1.822	-1.07	-0.3074	1993.0	6113.0	0.006034	1.001
beta_c_pr[3,53]	-0.5399	0.003161	0.3812	0.3771	-1.306	-0.5344	0.194	14600.0	24900.0	0.04421	1.0
beta_c_pr[3,54]	0.08022	0.002759	0.2748	0.2697	-0.4785	0.0877	0.6006	10070.0	21160.0	0.03048	1.001
beta_c_pr[3,55]	0.7196	0.009648	0.4386	0.4313	-0.09243	0.7001	1.625	2067.0	8710.0	0.006259	1.001
beta_c_pr[3,56]	0.9795	0.006574	0.3399	0.3276	0.3265	0.9725	1.669	2657.0	9842.0	0.008044	1.001
beta_c_pr[3,57]	-1.389	0.006579	0.3973	0.3902	-2.199	-1.381	-0.6373	3591.0	9725.0	0.01087	1.001
beta_c_pr[3,58]	-0.9705	0.005396	0.8514	0.853	-2.653	-0.966	0.7017	25210.0	28760.0	0.07632	1.0
beta_c_pr[3,59]	-0.5004	0.006526	0.3428	0.3336	-1.176	-0.5014	0.1687	2754.0	8995.0	0.008339	1.001
beta_c_pr[3,60]	0.3759	0.005071	0.2984	0.2943	-0.2367	0.3825	0.9429	3500.0	8865.0	0.0106	1.0
beta_c_pr[3,61]	0.3745	0.001846	0.2641	0.2594	-0.1592	0.3797	0.8782	20810.0	24240.0	0.063	1.0
beta_c_pr[3,62]	0.0247	0.01965	0.5436	0.5743	-1.05	0.03808	1.018	781.5	4517.0	0.002366	1.003
beta_c_pr[3,63]	1.003	0.005519	0.3834	0.3806	0.2652	0.9996	1.765	4807.0	10290.0	0.01455	1.0
beta_c_pr[3,64]	2.441	0.02527	0.6968	0.7532	1.169	2.442	3.795	778.2	3878.0	0.002356	1.003
beta_c_pr[3,65]	-1.806	0.004488	0.7061	0.6909	-3.196	-1.8	-0.4294	24890.0	23610.0	0.07535	1.0
beta_c_pr[3,66]	-0.1561	0.009567	0.4492	0.4375	-1.133	-0.1203	0.6305	2246.0	8909.0	0.006802	1.001
beta_c_pr[3,67]	-0.1575	0.003711	0.6074	0.5784	-1.383	-0.152	1.041	26890.0	17120.0	0.08141	1.0
beta_c_pr[3,68]	-0.4252	0.006559	0.6441	0.6307	-1.745	-0.4053	0.8019	9801.0	18920.0	0.02967	1.0
beta_c_pr[3,69]	1.041	0.007483	0.3211	0.3155	0.3977	1.044	1.668	1843.0	7170.0	0.005581	1.001
beta_c_pr[3,70]	-0.4656	0.006454	0.3492	0.3392	-1.21	-0.4475	0.1689	2920.0	9620.0	0.008841	1.001
beta_c_pr[3,71]	-0.718	0.01382	0.4661	0.4697	-1.624	-0.7245	0.1938	1141.0	4748.0	0.003455	1.002
beta_c_pr[3,72]	-0.4816	0.007951	0.4613	0.4423	-1.47	-0.4494	0.345	3422.0	9081.0	0.01036	1.001
beta_c_pr[3,73]	0.3511	0.01029	0.3487	0.3502	-0.3441	0.355	1.017	1154.0	5114.0	0.003493	1.001
beta_c_pr[3,74]	-1.409	0.005353	0.4625	0.4513	-2.365	-1.393	-0.546	7315.0	15430.0	0.02215	1.0
beta_c_pr[3,75]	1.148	0.02179	0.5783	0.6369	0.07312	1.157	2.225	730.1	3928.0	0.00221	1.003
beta_c_pr[3,76]	0.7587	0.005559	0.2882	0.2821	0.175	0.7637	1.318	2706.0	7334.0	0.008192	1.001
beta_c_pr[3,77]	-0.6476	0.009521	0.37	0.3619	-1.371	-0.6499	0.08529	1508.0	5603.0	0.004566	1.002
beta_c_pr[3,78]	0.1295	0.006442	0.4239	0.4082	-0.6487	0.1091	1.025	4412.0	11680.0	0.01336	1.001
beta_c_pr[3,79]	0.7755	0.01587	0.5367	0.5422	-0.2525	0.7676	1.863	1147.0	4926.0	0.003472	1.002
beta_c_pr[3,80]	-0.7958	0.003029	0.3194	0.315	-1.442	-0.7895	-0.1825	11010.0	17130.0	0.03333	1.0
beta_c_pr[3,81]	0.04987	0.004173	0.2707	0.2666	-0.5081	0.05784	0.5685	4274.0	12010.0	0.01294	1.0
beta_c_pr[3,82]	0.7559	0.002585	0.2695	0.2634	0.2115	0.7609	1.277	11150.0	20320.0	0.03375	1.0
beta_c_pr[3,83]	-0.9892	0.006178	0.3577	0.3497	-1.705	-0.9839	-0.2947	3334.0	9548.0	0.01009	1.001
beta_c_pr[3,84]	0.7638	0.01654	0.4739	0.4976	-0.1757	0.7764	1.642	833.8	4742.0	0.002525	1.003
beta_c_pr[3,85]	-0.4215	0.002612	0.3039	0.2999	-1.042	-0.4128	0.1532	13640.0	21370.0	0.0413	1.0
beta_c_pr[3,86]	-0.1133	0.01086	0.3921	0.3877	-0.9012	-0.1073	0.6351	1299.0	5487.0	0.003932	1.002
beta_c_pr[3,87]	-0.6318	0.008132	0.5165	0.5054	-1.748	-0.5959	0.283	4213.0	11250.0	0.01275	1.0
beta_c_pr[3,88]	-1.062	0.004524	0.7943	0.7834	-2.64	-1.057	0.4904	30840.0	28900.0	0.09338	1.0
beta_c_pr[3,89]	0.1406	0.005873	0.309	0.3033	-0.4828	0.1424	0.7382	2786.0	10290.0	0.008436	1.0
beta_c_pr[3,90]	0.8112	0.003799	0.2791	0.275	0.2507	0.8155	1.348	5491.0	14010.0	0.01662	1.0
beta_c_pr[3,91]	-1.48	0.005386	0.6544	0.664	-2.719	-1.5	-0.185	14910.0	28770.0	0.04514	1.0
beta_c_pr[3,92]	-1.306	0.01122	0.4427	0.4422	-2.208	-1.296	-0.4791	1553.0	5586.0	0.004701	1.002
beta_c_pr[3,93]	-0.7236	0.005354	0.3658	0.3582	-1.436	-0.7256	0.01592	4706.0	11100.0	0.01425	1.0
beta_c_pr[3,94]	-1.876	0.01563	0.5934	0.6076	-3.067	-1.859	-0.7809	1464.0	7249.0	0.004432	1.001
beta_c_pr[3,95]	-0.6896	0.002078	0.3006	0.2954	-1.308	-0.6794	-0.1221	21030.0	25110.0	0.06367	1.0
beta_c_pr[3,96]	0.4257	0.0118	0.3804	0.3811	-0.3338	0.4292	1.16	1042.0	5399.0	0.003154	1.002
beta_c_pr[3,97]	0.4576	0.01606	0.4759	0.4931	-0.4881	0.4722	1.335	893.9	4515.0	0.002707	1.002
beta_c_pr[3,98]	-1.105	0.01096	0.4135	0.4142	-1.929	-1.102	-0.3015	1421.0	6005.0	0.004301	1.001
beta_c_pr[3,99]	-0.2851	0.007186	0.4425	0.4234	-1.115	-0.2988	0.637	3851.0	9968.0	0.01166	1.0
beta_c_pr[3,100]	-0.4786	0.006894	0.3311	0.3254	-1.157	-0.4704	0.1515	2304.0	9117.0	0.006975	1.001
beta_c_pr[3,101]	-0.08039	0.006255	0.3234	0.3155	-0.7368	-0.07562	0.5436	2677.0	8516.0	0.008106	1.001
beta_c_pr[3,102]	-0.6613	0.01799	0.5603	0.5746	-1.809	-0.6424	0.3514	977.3	5054.0	0.002959	1.002
beta_c_pr[3,103]	-0.2415	0.01409	0.5017	0.4815	-1.141	-0.2773	0.8477	1265.0	5446.0	0.00383	1.001
beta_c_pr[3,104]	0.7857	0.002359	0.2989	0.2944	0.1897	0.7867	1.364	16050.0	23360.0	0.04858	1.0
beta_c_pr[3,105]	-1.69	0.002508	0.3477	0.3443	-2.403	-1.68	-1.039	19110.0	25790.0	0.05786	1.0
beta_c_pr[3,106]	0.394	0.005355	0.3008	0.2971	-0.2101	0.3976	0.981	3171.0	11500.0	0.009601	1.0
beta_c_pr[3,107]	-0.07618	0.01064	0.357	0.3536	-0.7983	-0.06739	0.6004	1130.0	5361.0	0.003423	1.001
beta_c_pr[3,108]	0.4463	0.003023	0.2777	0.2722	-0.1099	0.4498	0.986	8537.0	20460.0	0.02585	1.0
beta_c_pr[3,109]	-1.018	0.01175	0.4391	0.4327	-1.924	-1.005	-0.1921	1385.0	5383.0	0.004195	1.002
beta_c_pr[3,110]	0.3408	0.001799	0.2609	0.2561	-0.1775	0.3444	0.8446	21200.0	26060.0	0.06418	1.0
beta_c_pr[3,111]	-0.635	0.006091	0.5744	0.5535	-1.842	-0.6052	0.4149	9726.0	11770.0	0.02945	1.0
beta_c_pr[3,112]	0.329	0.006763	0.336	0.3243	-0.3484	0.3314	0.9916	2469.0	9658.0	0.007475	1.001
beta_c_pr[3,113]	-0.7358	0.009381	0.4055	0.3977	-1.588	-0.7151	0.005312	1864.0	7380.0	0.005644	1.001
beta_c_pr[3,114]	1.046	0.003545	0.2762	0.2752	0.5049	1.046	1.59	6094.0	17530.0	0.01845	1.0
beta_c_pr[3,115]	1.775	0.002963	0.4819	0.4779	0.8785	1.763	2.765	26780.0	26630.0	0.08108	1.0
beta_c_pr[3,116]	0.1875	0.006883	0.3095	0.3046	-0.4311	0.1934	0.7846	2019.0	7667.0	0.006113	1.002
beta_c_pr[3,117]	-0.2234	0.008206	0.3286	0.3235	-0.8799	-0.2225	0.4121	1603.0	7007.0	0.004855	1.001
beta_c_pr[3,118]	-0.4871	0.003991	0.317	0.3116	-1.131	-0.4792	0.1147	6318.0	14620.0	0.01913	1.001
beta_c_pr[3,119]	-0.005945	0.002181	0.3332	0.3323	-0.6673	-0.003968	0.6423	23320.0	24970.0	0.0706	1.0
beta_c_pr[3,120]	-0.8531	0.003337	0.384	0.38	-1.65	-0.8391	-0.1422	13400.0	22450.0	0.04059	1.0
beta_c_pr[3,121]	-0.6288	0.003746	0.3459	0.338	-1.349	-0.6156	0.01265	8451.0	21830.0	0.02559	1.001
beta_c_pr[3,122]	0.3221	0.005288	0.2927	0.2855	-0.275	0.3292	0.8799	3077.0	10430.0	0.009315	1.001
beta_c_pr[3,123]	1.382	0.009209	0.3329	0.3258	0.6995	1.395	2.008	1325.0	4551.0	0.004013	1.001
beta_c_pr[3,124]	0.4575	0.001999	0.2954	0.2917	-0.1274	0.4605	1.037	21900.0	26620.0	0.0663	1.0
beta_c_pr[3,125]	0.4702	0.004155	0.2978	0.2953	-0.1153	0.4697	1.051	5179.0	16010.0	0.01568	1.0
beta_c_pr[3,126]	0.4681	0.003694	0.3088	0.305	-0.1365	0.4667	1.079	7070.0	17490.0	0.02141	1.0
beta_c_pr[3,127]	0.6049	0.008239	0.3453	0.341	-0.1066	0.616	1.253	1768.0	6218.0	0.005354	1.001
beta_c_pr[3,128]	-1.479	0.0132	0.4684	0.4697	-2.421	-1.476	-0.5838	1261.0	4632.0	0.003817	1.003
beta_c_pr[3,129]	0.9001	0.00248	0.3825	0.3753	0.182	0.8907	1.682	24290.0	25880.0	0.07353	1.0
beta_c_pr[3,130]	0.1083	0.007318	0.3927	0.382	-0.7171	0.1269	0.8346	2929.0	8697.0	0.008868	1.001
beta_c_pr[3,131]	-0.8295	0.005316	0.3873	0.3821	-1.632	-0.8146	-0.103	5272.0	14640.0	0.01596	1.0
beta_c_pr[3,132]	-1.144	0.007834	0.4086	0.4021	-1.988	-1.134	-0.3772	2715.0	8472.0	0.008222	1.0
beta_c_pr[3,133]	-0.8886	0.0114	0.4614	0.4524	-1.879	-0.8618	-0.06327	1618.0	7088.0	0.004898	1.002
beta_c_pr[3,134]	0.4817	0.001927	0.2908	0.2884	-0.09837	0.4855	1.043	22970.0	25090.0	0.06954	1.0
beta_c_pr[3,135]	0.3258	0.002011	0.2849	0.2811	-0.2447	0.3293	0.8771	20090.0	26220.0	0.06083	1.0
beta_c_pr[3,136]	-0.4026	0.002419	0.3623	0.3501	-1.171	-0.3842	0.2585	23590.0	22180.0	0.07143	1.0
beta_c_pr[3,137]	0.1896	0.003692	0.278	0.2754	-0.3621	0.1929	0.7303	5703.0	14870.0	0.01727	1.0
beta_c_pr[3,138]	0.4413	0.006198	0.3284	0.3155	-0.1794	0.4299	1.125	2826.0	9055.0	0.008556	1.0
beta_c_pr[3,139]	-0.1393	0.004119	0.293	0.2875	-0.7318	-0.1329	0.4216	5127.0	13130.0	0.01552	1.0
beta_c_pr[3,140]	0.6814	0.01452	0.4262	0.445	-0.162	0.6905	1.474	877.9	4204.0	0.002658	1.002
beta_c_pr[3,141]	-1.081	0.0136	0.4573	0.4557	-2.01	-1.073	-0.2183	1128.0	4705.0	0.003416	1.002
beta_c_pr[4,1]	0.8844	0.002755	0.3309	0.3037	0.1485	0.9104	1.461	12870.0	18440.0	0.03897	1.0
beta_c_pr[4,2]	1.252	0.01525	0.4159	0.4494	0.4647	1.258	2.031	782.3	5089.0	0.002369	1.008
beta_c_pr[4,3]	-0.4257	0.003434	0.5744	0.5398	-1.762	-0.354	0.4998	31570.0	24590.0	0.09558	1.0
beta_c_pr[4,4]	1.468	0.02324	0.6028	0.641	0.2913	1.49	2.576	700.5	3956.0	0.002121	1.009
beta_c_pr[4,5]	0.2592	0.004034	0.3775	0.3395	-0.6251	0.3081	0.8685	10370.0	11850.0	0.03139	1.001
beta_c_pr[4,6]	0.1831	0.003326	0.4444	0.4054	-0.8593	0.2436	0.8756	18610.0	20400.0	0.05636	1.001
beta_c_pr[4,7]	1.806	0.01993	0.7463	0.7325	0.1669	1.857	3.076	1290.0	6142.0	0.003906	1.005
beta_c_pr[4,8]	-1.325	0.006406	0.6799	0.672	-2.744	-1.297	-0.06946	10540.0	10680.0	0.03192	1.001
beta_c_pr[4,9]	1.138	0.004934	0.3197	0.3104	0.4681	1.149	1.736	4024.0	11810.0	0.01218	1.001
beta_c_pr[4,10]	-1.21	0.003133	0.5843	0.5717	-2.506	-1.153	-0.2352	38620.0	26040.0	0.1169	1.0
beta_c_pr[4,11]	-0.7999	0.003482	0.5798	0.5543	-2.108	-0.7388	0.1515	29850.0	26400.0	0.09038	1.0
beta_c_pr[4,12]	-1.325	0.003456	0.5663	0.5525	-2.578	-1.272	-0.3564	26940.0	24200.0	0.08158	1.0
beta_c_pr[4,13]	1.156	0.01942	0.5071	0.5393	0.1135	1.197	2.018	710.9	4193.0	0.002152	1.009
beta_c_pr[4,14]	-0.1797	0.004056	0.6115	0.5761	-1.608	-0.1018	0.802	23900.0	26100.0	0.07236	1.0
beta_c_pr[4,15]	1.059	0.004605	0.3032	0.2852	0.4223	1.072	1.616	4189.0	11980.0	0.01268	1.001
beta_c_pr[4,16]	-0.06669	0.003654	0.5529	0.5132	-1.37	0.0113	0.7977	24770.0	23360.0	0.07501	1.0
beta_c_pr[4,17]	-0.4966	0.006478	0.5622	0.5247	-1.756	-0.4408	0.463	6316.0	8231.0	0.01912	1.001
beta_c_pr[4,18]	1.406	0.00285	0.2779	0.2652	0.8329	1.415	1.929	9141.0	18450.0	0.02768	1.0
beta_c_pr[4,19]	0.7196	0.003419	0.3785	0.3396	-0.1618	0.7646	1.338	15680.0	12880.0	0.04749	1.001
beta_c_pr[4,20]	-0.2739	0.003729	0.6136	0.5848	-1.679	-0.1934	0.7076	29210.0	25790.0	0.08845	1.0
beta_c_pr[4,21]	-0.4857	0.006256	0.6423	0.6158	-1.898	-0.4307	0.631	8866.0	10110.0	0.02684	1.0
beta_c_pr[4,22]	-0.06456	0.003296	0.4513	0.4138	-1.099	-0.01079	0.6676	19110.0	18820.0	0.05785	1.0
beta_c_pr[4,23]	0.4792	0.005841	0.4846	0.4453	-0.5999	0.5151	1.327	5872.0	9670.0	0.01778	1.001
beta_c_pr[4,24]	1.208	0.001776	0.2041	0.1991	0.7934	1.211	1.597	13220.0	22580.0	0.04003	1.0
beta_c_pr[4,25]	-1.92	0.00413	0.6105	0.6089	-3.214	-1.883	-0.8247	20880.0	20760.0	0.06321	1.0
beta_c_pr[4,26]	0.1683	0.004424	0.499	0.4526	-0.9843	0.2271	0.9931	10900.0	14370.0	0.03301	1.0
beta_c_pr[4,27]	-1.547	0.003228	0.6282	0.6176	-2.907	-1.499	-0.4565	40410.0	26810.0	0.1224	1.0
beta_c_pr[4,28]	-1.726	0.005645	0.6302	0.6264	-3.059	-1.694	-0.5932	11650.0	18000.0	0.03526	1.001
beta_c_pr[4,29]	0.8116	0.006955	0.3291	0.3148	0.1046	0.8329	1.394	2170.0	9244.0	0.006571	1.003
beta_c_pr[4,30]	0.273	0.005007	0.5992	0.5547	-1.093	0.3352	1.29	11580.0	10290.0	0.03505	1.0
beta_c_pr[4,31]	-0.2428	0.004201	0.5327	0.4997	-1.476	-0.1748	0.6051	15940.0	23260.0	0.04825	1.001
beta_c_pr[4,32]	0.4447	0.005107	0.3884	0.3528	-0.4636	0.4908	1.065	6099.0	13020.0	0.01847	1.002
beta_c_pr[4,33]	0.6346	0.01399	0.4241	0.4063	-0.3378	0.6948	1.292	914.1	4610.0	0.002768	1.007
beta_c_pr[4,34]	-0.9485	0.005172	0.6485	0.6474	-2.363	-0.8957	0.1636	14430.0	18160.0	0.04369	1.0
beta_c_pr[4,35]	-1.622	0.003269	0.6015	0.5886	-2.943	-1.576	-0.5808	35870.0	26340.0	0.1086	1.0
beta_c_pr[4,36]	0.3891	0.01293	0.4492	0.4356	-0.6271	0.4385	1.118	1197.0	6119.0	0.003624	1.005
beta_c_pr[4,37]	-0.1885	0.007172	0.5796	0.5469	-1.485	-0.1282	0.794	5562.0	10570.0	0.01684	1.001
beta_c_pr[4,38]	-0.4173	0.003362	0.5592	0.5299	-1.703	-0.3518	0.4798	29890.0	23600.0	0.09048	1.0
beta_c_pr[4,39]	-0.4472	0.00519	0.4859	0.4505	-1.582	-0.3876	0.3327	8117.0	20140.0	0.02458	1.001
beta_c_pr[4,40]	-1.466	0.01185	0.7024	0.7021	-2.922	-1.441	-0.165	3408.0	7960.0	0.01032	1.002
beta_c_pr[4,41]	0.2912	0.01042	0.4548	0.4333	-0.6872	0.3135	1.103	1836.0	6157.0	0.005559	1.003
beta_c_pr[4,42]	0.6875	0.008958	0.4926	0.4517	-0.4485	0.7413	1.508	2789.0	9754.0	0.008444	1.003
beta_c_pr[4,43]	0.603	0.01114	0.4388	0.3991	-0.4456	0.6689	1.276	1589.0	6467.0	0.00481	1.004
beta_c_pr[4,44]	0.08252	0.01054	0.4014	0.3796	-0.8361	0.1328	0.7169	1383.0	6267.0	0.004186	1.005
beta_c_pr[4,45]	-0.8894	0.006765	0.6174	0.6007	-2.243	-0.8415	0.1915	7558.0	10160.0	0.02288	1.001
beta_c_pr[4,46]	1.691	0.01124	0.5709	0.5122	0.4355	1.732	2.722	2544.0	12300.0	0.007701	1.002
beta_c_pr[4,47]	1.06	0.008751	0.4492	0.4142	0.0682	1.1	1.824	2373.0	9712.0	0.007185	1.003
beta_c_pr[4,48]	-0.5185	0.008956	0.7212	0.7052	-2.039	-0.4752	0.7846	5927.0	8638.0	0.01795	1.0
beta_c_pr[4,49]	0.5097	0.00774	0.4672	0.4353	-0.5216	0.5422	1.334	3279.0	7470.0	0.009929	1.002
beta_c_pr[4,50]	-2.586	0.003135	0.5874	0.5814	-3.831	-2.553	-1.52	35570.0	26910.0	0.1077	1.0
beta_c_pr[4,51]	-0.5417	0.01153	0.521	0.503	-1.664	-0.5029	0.3682	1974.0	6312.0	0.005978	1.003
beta_c_pr[4,52]	0.7758	0.009098	0.3688	0.3305	-0.1021	0.8304	1.347	1718.0	5360.0	0.005202	1.004
beta_c_pr[4,53]	-0.4982	0.003354	0.5688	0.5345	-1.823	-0.4266	0.4092	32850.0	23840.0	0.09946	1.0
beta_c_pr[4,54]	0.1286	0.004898	0.4203	0.387	-0.8398	0.1753	0.8169	6597.0	13410.0	0.01997	1.001
beta_c_pr[4,55]	-0.7925	0.003491	0.6128	0.5967	-2.164	-0.7249	0.2081	33560.0	26370.0	0.1016	1.0
beta_c_pr[4,56]	1.047	0.01336	0.4031	0.393	0.1482	1.094	1.71	921.9	4518.0	0.002791	1.007
beta_c_pr[4,57]	-1.322	0.004015	0.617	0.606	-2.664	-1.27	-0.264	23070.0	26580.0	0.06984	1.0
beta_c_pr[4,58]	-0.4502	0.002906	0.4431	0.4121	-1.488	-0.3945	0.2576	26980.0	19900.0	0.08169	1.0
beta_c_pr[4,59]	0.996	0.003239	0.2548	0.2461	0.463	1.003	1.477	5968.0	13370.0	0.01807	1.001
beta_c_pr[4,60]	-0.4681	0.003609	0.5734	0.5439	-1.778	-0.3982	0.455	25710.0	23690.0	0.07785	1.0
beta_c_pr[4,61]	0.2693	0.005404	0.3348	0.3036	-0.5069	0.3109	0.812	4093.0	8836.0	0.01239	1.002
beta_c_pr[4,62]	1.037	0.01467	0.4137	0.4205	0.1424	1.079	1.725	817.3	5032.0	0.002474	1.008
beta_c_pr[4,63]	0.3045	0.00745	0.4581	0.4262	-0.7295	0.3484	1.086	3466.0	9157.0	0.01049	1.001
beta_c_pr[4,64]	1.623	0.01513	0.5031	0.4919	0.6532	1.623	2.615	1090.0	7217.0	0.003301	1.006
beta_c_pr[4,65]	-0.2227	0.005479	0.411	0.3806	-1.161	-0.1803	0.4602	5143.0	10750.0	0.01557	1.001
beta_c_pr[4,66]	0.1909	0.009619	0.3938	0.3724	-0.7133	0.2346	0.8309	1636.0	7502.0	0.004953	1.005
beta_c_pr[4,67]	-0.2092	0.005694	0.3962	0.373	-1.099	-0.1734	0.4688	4538.0	10020.0	0.01374	1.001
beta_c_pr[4,68]	-1.245	0.01167	0.6073	0.5957	-2.529	-1.216	-0.1404	2592.0	6248.0	0.007848	1.002
beta_c_pr[4,69]	-0.07807	0.00245	0.3716	0.3422	-0.9322	-0.03507	0.5314	26550.0	20890.0	0.08039	1.0
beta_c_pr[4,70]	-0.0502	0.006895	0.451	0.4222	-1.088	0.00482	0.6753	3991.0	14820.0	0.01208	1.001
beta_c_pr[4,71]	-1.483	0.0052	0.6204	0.6083	-2.824	-1.44	-0.3745	12550.0	13530.0	0.038	1.0
beta_c_pr[4,72]	-2.72	0.005187	0.5976	0.5909	-3.964	-2.699	-1.613	12670.0	18180.0	0.03836	1.001
beta_c_pr[4,73]	0.2852	0.004379	0.3806	0.3446	-0.5973	0.3353	0.892	8781.0	12050.0	0.02659	1.001
beta_c_pr[4,74]	-0.1058	0.008738	0.4745	0.4486	-1.17	-0.06583	0.7117	2760.0	7140.0	0.008357	1.002
beta_c_pr[4,75]	1.648	0.0203	0.53	0.5694	0.6729	1.656	2.677	709.3	3845.0	0.002148	1.009
beta_c_pr[4,76]	0.6239	0.01719	0.5063	0.5073	-0.4663	0.6649	1.488	884.1	4686.0	0.002677	1.007
beta_c_pr[4,77]	0.6777	0.006008	0.4113	0.3679	-0.2894	0.7325	1.33	5541.0	10160.0	0.01678	1.002
beta_c_pr[4,78]	-0.1799	0.006259	0.5552	0.5203	-1.463	-0.1174	0.7392	6917.0	12650.0	0.02094	1.001
beta_c_pr[4,79]	-0.9267	0.006493	0.6207	0.6039	-2.277	-0.8697	0.1462	8457.0	13420.0	0.02561	1.001
beta_c_pr[4,80]	-0.7637	0.003503	0.5813	0.5596	-2.081	-0.6983	0.191	28350.0	26290.0	0.08583	1.0
beta_c_pr[4,81]	0.4083	0.002699	0.4135	0.3747	-0.5621	0.4604	1.069	26060.0	22220.0	0.07891	1.0
beta_c_pr[4,82]	0.7167	0.003835	0.4092	0.3666	-0.234	0.7653	1.381	11010.0	19880.0	0.03335	1.0
beta_c_pr[4,83]	-0.5201	0.0035	0.5562	0.5227	-1.806	-0.4536	0.3711	27730.0	23720.0	0.08395	1.0
beta_c_pr[4,84]	1.117	0.01696	0.4845	0.4874	0.07085	1.169	1.917	829.4	4885.0	0.002511	1.008
beta_c_pr[4,85]	-0.1133	0.01018	0.5604	0.5299	-1.41	-0.04363	0.7787	2772.0	11370.0	0.008391	1.002
beta_c_pr[4,86]	0.6461	0.002421	0.3009	0.2798	-0.01239	0.6688	1.175	14460.0	18590.0	0.04378	1.0
beta_c_pr[4,87]	-1.068	0.004579	0.5678	0.5473	-2.33	-1.019	-0.09328	13900.0	16190.0	0.04209	1.0
beta_c_pr[4,88]	-1.24	0.005417	0.5767	0.5565	-2.508	-1.187	-0.2489	10450.0	15250.0	0.03162	1.0
beta_c_pr[4,89]	-0.1774	0.005806	0.5639	0.5312	-1.478	-0.09983	0.7018	9361.0	21510.0	0.02834	1.001
beta_c_pr[4,90]	0.4148	0.004003	0.5136	0.4701	-0.7705	0.484	1.239	20150.0	17840.0	0.06101	1.0
beta_c_pr[4,91]	-0.1294	0.002813	0.4002	0.3646	-1.058	-0.07949	0.5118	22750.0	19380.0	0.06888	1.0
beta_c_pr[4,92]	-1.427	0.00542	0.6407	0.6363	-2.793	-1.381	-0.3014	12640.0	17230.0	0.03828	1.001
beta_c_pr[4,93]	-0.3213	0.004162	0.5307	0.4981	-1.54	-0.2527	0.5331	15980.0	23710.0	0.04839	1.0
beta_c_pr[4,94]	-0.5088	0.00644	0.5676	0.542	-1.806	-0.4422	0.4114	7019.0	20740.0	0.02125	1.001
beta_c_pr[4,95]	-0.4665	0.003462	0.5703	0.5402	-1.773	-0.3976	0.4626	28130.0	25360.0	0.08518	1.0
beta_c_pr[4,96]	0.5846	0.01279	0.4297	0.4118	-0.3876	0.6355	1.287	1124.0	6451.0	0.003404	1.006
beta_c_pr[4,97]	-0.03216	0.01179	0.6463	0.6129	-1.438	0.006279	1.126	2741.0	5830.0	0.008299	1.002
beta_c_pr[4,98]	0.651	0.0187	0.5031	0.533	-0.3799	0.6797	1.509	740.5	4254.0	0.002242	1.009
beta_c_pr[4,99]	0.06424	0.01458	0.5259	0.516	-1.068	0.09578	0.986	1270.0	5544.0	0.003844	1.005
beta_c_pr[4,100]	-0.8593	0.005117	0.624	0.6087	-2.233	-0.8016	0.2118	13570.0	18250.0	0.04108	1.0
beta_c_pr[4,101]	-0.4396	0.01263	0.5688	0.5555	-1.712	-0.3839	0.499	1914.0	7280.0	0.005794	1.004
beta_c_pr[4,102]	0.7214	0.02206	0.5541	0.619	-0.371	0.7534	1.673	669.9	4457.0	0.002028	1.009
beta_c_pr[4,103]	-0.1793	0.008263	0.4872	0.4616	-1.301	-0.118	0.6014	3403.0	14980.0	0.0103	1.001
beta_c_pr[4,104]	-0.9151	0.005851	0.6418	0.6325	-2.322	-0.8623	0.18	10960.0	15890.0	0.03319	1.0
beta_c_pr[4,105]	-0.4418	0.005954	0.5209	0.4897	-1.644	-0.3782	0.3832	7315.0	21220.0	0.02215	1.001
beta_c_pr[4,106]	0.9733	0.003705	0.2715	0.2603	0.4008	0.9874	1.472	5185.0	15340.0	0.0157	1.001
beta_c_pr[4,107]	0.5256	0.005077	0.389	0.357	-0.3486	0.5618	1.185	5308.0	11060.0	0.01607	1.001
beta_c_pr[4,108]	0.7715	0.009886	0.4004	0.3869	-0.07748	0.7904	1.498	1594.0	6535.0	0.004826	1.003
beta_c_pr[4,109]	0.2411	0.003034	0.3772	0.3425	-0.6371	0.286	0.8503	16920.0	19230.0	0.05123	1.001
beta_c_pr[4,110]	0.6375	0.006486	0.4222	0.3803	-0.3555	0.695	1.301	4665.0	10570.0	0.01412	1.001
beta_c_pr[4,111]	-1.389	0.003237	0.5907	0.5806	-2.679	-1.338	-0.3866	35540.0	26290.0	0.1076	1.0
beta_c_pr[4,112]	1.199	0.004182	0.2567	0.2523	0.6672	1.207	1.675	3784.0	14030.0	0.01146	1.001
beta_c_pr[4,113]	-0.7764	0.006897	0.5883	0.5598	-2.092	-0.7206	0.2322	6481.0	10310.0	0.01962	1.001
beta_c_pr[4,114]	0.7321	0.01109	0.4485	0.4283	-0.2616	0.7595	1.525	1583.0	6213.0	0.004793	1.004
beta_c_pr[4,115]	0.7422	0.003107	0.3179	0.2975	0.05316	0.7664	1.303	9679.0	18710.0	0.02931	1.0
beta_c_pr[4,116]	-1.156	0.003473	0.6646	0.67	-2.573	-1.102	-0.01288	37470.0	28130.0	0.1134	1.0
beta_c_pr[4,117]	0.7253	0.005274	0.3707	0.3352	-0.1431	0.7718	1.318	5393.0	9780.0	0.01633	1.001
beta_c_pr[4,118]	0.6372	0.002999	0.4033	0.3639	-0.2835	0.6768	1.31	18270.0	19910.0	0.05532	1.001
beta_c_pr[4,119]	-0.8936	0.003399	0.6164	0.6048	-2.24	-0.8332	0.1425	35840.0	26580.0	0.1085	1.0
beta_c_pr[4,120]	-0.5687	0.003416	0.5536	0.523	-1.823	-0.5066	0.3276	26500.0	25880.0	0.08024	1.0
beta_c_pr[4,121]	0.4858	0.01507	0.4532	0.4365	-0.549	0.5455	1.2	910.1	4739.0	0.002756	1.008
beta_c_pr[4,122]	1.202	0.002727	0.3135	0.2902	0.5266	1.217	1.777	11670.0	13910.0	0.03534	1.0
beta_c_pr[4,123]	1.186	0.002598	0.1967	0.1938	0.796	1.187	1.568	5740.0	17420.0	0.01738	1.001
beta_c_pr[4,124]	0.1671	0.003888	0.4244	0.3888	-0.8009	0.2103	0.8798	10540.0	14530.0	0.03192	1.001
beta_c_pr[4,125]	-0.4908	0.005102	0.6018	0.5748	-1.868	-0.4203	0.4766	13700.0	24710.0	0.04149	1.001
beta_c_pr[4,126]	-0.5769	0.003733	0.6248	0.6102	-1.974	-0.505	0.4341	29710.0	26030.0	0.08994	1.0
beta_c_pr[4,127]	-0.4156	0.007087	0.5536	0.5299	-1.684	-0.3498	0.4715	5818.0	20070.0	0.01762	1.001
beta_c_pr[4,128]	-0.1506	0.003294	0.4814	0.4453	-1.264	-0.09012	0.6288	21260.0	22050.0	0.06436	1.0
beta_c_pr[4,129]	-1.108	0.003939	0.6304	0.6231	-2.482	-1.05	-0.04957	25490.0	28860.0	0.07719	1.0
beta_c_pr[4,130]	-0.03859	0.008683	0.3748	0.3453	-0.9233	0.01196	0.5532	1907.0	7413.0	0.005774	1.004
beta_c_pr[4,131]	-0.1953	0.006721	0.4035	0.3752	-1.133	-0.1424	0.449	3555.0	13990.0	0.01076	1.002
beta_c_pr[4,132]	0.2029	0.003479	0.3703	0.3409	-0.6344	0.2379	0.83	9948.0	13770.0	0.03012	1.001
beta_c_pr[4,133]	-3.076	0.003266	0.575	0.5698	-4.28	-3.053	-2.02	31490.0	27160.0	0.09534	1.0
beta_c_pr[4,134]	-0.09557	0.01171	0.6019	0.5792	-1.418	-0.04497	0.9461	2441.0	6849.0	0.007391	1.003
beta_c_pr[4,135]	0.8822	0.003488	0.3162	0.2856	0.1576	0.9155	1.408	9733.0	10310.0	0.02947	1.001
beta_c_pr[4,136]	0.1662	0.004769	0.3899	0.3629	-0.7174	0.2049	0.824	5867.0	12160.0	0.01776	1.001
beta_c_pr[4,137]	0.4038	0.007915	0.4437	0.4082	-0.6442	0.4651	1.101	3423.0	9713.0	0.01036	1.002
beta_c_pr[4,138]	1.159	0.007936	0.3625	0.3515	0.3959	1.171	1.832	2046.0	8179.0	0.006194	1.003
beta_c_pr[4,139]	0.6291	0.01487	0.4523	0.4439	-0.3845	0.6842	1.359	920.5	5509.0	0.002787	1.007
beta_c_pr[4,140]	-0.3554	0.005394	0.5816	0.5444	-1.693	-0.2892	0.6088	10230.0	14780.0	0.03098	1.0
beta_c_pr[4,141]	1.04	0.01499	0.4206	0.4324	0.1627	1.072	1.768	807.2	4483.0	0.002444	1.008
beta_d_pr[1,1]	0.5878	0.005978	0.8962	0.8914	-1.191	0.5913	2.328	22500.0	26590.0	0.06813	1.0
beta_d_pr[1,2]	-0.37	0.004747	1.013	1.019	-2.349	-0.3718	1.61	45770.0	28990.0	0.1386	1.0
beta_d_pr[1,3]	0.2746	0.005561	0.7693	0.7535	-1.252	0.2787	1.777	19180.0	25520.0	0.05807	1.0
beta_d_pr[1,4]	0.2462	0.005004	1.001	1.004	-1.714	0.2491	2.205	40230.0	29170.0	0.1218	1.0
beta_d_pr[1,5]	0.2734	0.004356	0.9458	0.9349	-1.603	0.2752	2.123	47290.0	28820.0	0.1432	1.0
beta_d_pr[1,6]	0.2233	0.004681	0.9758	0.9711	-1.705	0.2222	2.122	43610.0	28730.0	0.132	1.0
beta_d_pr[1,7]	-0.03074	0.004289	0.9915	0.9932	-1.995	-0.02454	1.888	53580.0	29010.0	0.1622	1.0
beta_d_pr[1,8]	-0.6319	0.005016	0.9889	0.9921	-2.507	-0.6509	1.349	39210.0	30030.0	0.1187	1.0
beta_d_pr[1,9]	0.1482	0.005627	0.8912	0.8879	-1.601	0.1476	1.895	25130.0	26990.0	0.07609	1.0
beta_d_pr[1,10]	-0.1219	0.004276	0.9763	0.9694	-2.04	-0.1209	1.809	52190.0	30980.0	0.158	1.0
beta_d_pr[1,11]	-0.01031	0.00445	0.9435	0.9379	-1.865	-0.008022	1.857	45110.0	28470.0	0.1366	1.0
beta_d_pr[1,12]	-0.02938	0.004302	0.9927	0.999	-1.972	-0.0318	1.885	53330.0	28950.0	0.1615	1.0
beta_d_pr[1,13]	0.07874	0.004173	0.9722	0.9678	-1.842	0.07497	1.998	53900.0	31350.0	0.1632	1.0
beta_d_pr[1,14]	-0.1957	0.004131	0.9577	0.955	-2.072	-0.1996	1.701	53900.0	29180.0	0.1632	1.0
beta_d_pr[1,15]	-0.1171	0.004455	0.9606	0.9559	-1.988	-0.1166	1.782	46680.0	28610.0	0.1413	1.0
beta_d_pr[1,16]	0.5136	0.005067	0.9063	0.9062	-1.285	0.5256	2.265	32070.0	28480.0	0.09711	1.0
beta_d_pr[1,17]	0.001093	0.004866	0.9772	0.9706	-1.922	0.003423	1.901	40460.0	30350.0	0.1225	1.0
beta_d_pr[1,18]	0.1389	0.004283	0.9785	0.9856	-1.786	0.1417	2.036	52300.0	29700.0	0.1583	1.0
beta_d_pr[1,19]	0.09568	0.004101	0.9636	0.9647	-1.79	0.09648	1.973	55310.0	30490.0	0.1674	1.0
beta_d_pr[1,20]	-0.4686	0.005533	0.838	0.8292	-2.094	-0.4771	1.216	23020.0	30080.0	0.06969	1.0
beta_d_pr[1,21]	0.04807	0.005042	0.8165	0.8042	-1.55	0.04203	1.66	26220.0	26490.0	0.07938	1.0
beta_d_pr[1,22]	-0.2401	0.004447	0.9649	0.9628	-2.117	-0.2495	1.689	47260.0	30380.0	0.1431	1.0
beta_d_pr[1,23]	-0.1381	0.004675	0.9899	0.9933	-2.057	-0.1434	1.819	45010.0	27960.0	0.1363	1.0
beta_d_pr[1,24]	0.3352	0.004647	1.001	1.001	-1.636	0.3423	2.274	46450.0	31030.0	0.1406	1.0
beta_d_pr[1,25]	-0.1286	0.004599	0.9894	0.9875	-2.065	-0.1344	1.815	46440.0	28550.0	0.1406	1.0
beta_d_pr[1,26]	-0.363	0.005067	0.8853	0.8766	-2.086	-0.3748	1.414	30560.0	28540.0	0.09254	1.0
beta_d_pr[1,27]	0.06832	0.004198	0.9627	0.9606	-1.828	0.0699	1.951	52720.0	29420.0	0.1596	1.0
beta_d_pr[1,28]	-0.1094	0.004369	0.9801	0.974	-2.019	-0.1093	1.809	50600.0	29160.0	0.1532	1.0
beta_d_pr[1,29]	-0.1159	0.004212	0.9147	0.9102	-1.916	-0.1181	1.681	47320.0	29710.0	0.1433	1.0
beta_d_pr[1,30]	0.664	0.006131	0.8935	0.8848	-1.101	0.6645	2.423	21280.0	27280.0	0.06443	1.0
beta_d_pr[1,31]	-0.0877	0.004158	0.9605	0.9601	-1.963	-0.09361	1.798	53490.0	30470.0	0.1619	1.0
beta_d_pr[1,32]	-0.2005	0.005275	0.7765	0.7624	-1.731	-0.2034	1.315	21590.0	27280.0	0.06537	1.0
beta_d_pr[1,33]	-0.03845	0.004776	0.965	0.9693	-1.928	-0.03857	1.854	40960.0	28990.0	0.124	1.0
beta_d_pr[1,34]	-1.157	0.005317	0.8536	0.835	-2.79	-1.169	0.5721	25890.0	25180.0	0.07838	1.0
beta_d_pr[1,35]	0.08649	0.004427	0.9703	0.9643	-1.815	0.09173	1.993	48130.0	29990.0	0.1457	1.0
beta_d_pr[1,36]	-0.4394	0.004504	0.9607	0.9531	-2.302	-0.45	1.478	45690.0	29980.0	0.1383	1.0
beta_d_pr[1,37]	-0.05082	0.004243	0.884	0.8724	-1.78	-0.05488	1.709	43570.0	30580.0	0.1319	1.0
beta_d_pr[1,38]	0.6371	0.004577	0.9474	0.9389	-1.288	0.6577	2.451	43400.0	29330.0	0.1314	1.0
beta_d_pr[1,39]	0.1328	0.004254	0.9852	0.9841	-1.798	0.13	2.069	53670.0	28920.0	0.1625	1.0
beta_d_pr[1,40]	0.6429	0.004973	0.9769	0.9684	-1.329	0.6681	2.502	38940.0	30600.0	0.1179	1.0
beta_d_pr[1,41]	0.1311	0.004328	0.9532	0.9441	-1.748	0.1347	1.989	48630.0	29890.0	0.1472	1.0
beta_d_pr[1,42]	-0.3222	0.004577	0.9905	0.9887	-2.24	-0.3287	1.641	46930.0	29660.0	0.1421	1.0
beta_d_pr[1,43]	0.08271	0.004262	0.9822	0.982	-1.848	0.08789	1.996	53230.0	29710.0	0.1612	1.0
beta_d_pr[1,44]	0.07593	0.004487	0.9859	0.9869	-1.854	0.08073	2.002	48470.0	29890.0	0.1467	1.0
beta_d_pr[1,45]	-0.02783	0.004292	0.9929	0.9935	-1.972	-0.02428	1.927	53610.0	29550.0	0.1623	1.0
beta_d_pr[1,46]	-0.05763	0.004608	1.023	1.025	-2.049	-0.05605	1.949	49360.0	30410.0	0.1494	1.0
beta_d_pr[1,47]	-0.07529	0.004476	0.9972	0.9971	-2.033	-0.07321	1.884	49640.0	29180.0	0.1503	1.0
beta_d_pr[1,48]	0.3732	0.004978	0.8748	0.8603	-1.361	0.3775	2.083	30930.0	29500.0	0.09366	1.0
beta_d_pr[1,49]	-0.3465	0.004436	0.9899	0.9957	-2.285	-0.3479	1.587	49990.0	30750.0	0.1514	1.0
beta_d_pr[1,50]	0.003506	0.004244	0.9991	0.9951	-1.968	0.006489	1.952	55500.0	29600.0	0.168	1.0
beta_d_pr[1,51]	-0.1173	0.004309	0.9437	0.9339	-1.956	-0.1195	1.748	48090.0	29340.0	0.1456	1.0
beta_d_pr[1,52]	-0.06212	0.004637	0.9727	0.9763	-1.962	-0.0624	1.848	44230.0	29470.0	0.1339	1.0
beta_d_pr[1,53]	-0.1041	0.004844	0.9749	0.9683	-2.012	-0.1097	1.807	40690.0	28200.0	0.1232	1.0
beta_d_pr[1,54]	0.1684	0.004188	0.9401	0.9364	-1.698	0.1772	1.998	50300.0	29660.0	0.1523	1.0
beta_d_pr[1,55]	0.02218	0.004068	0.9305	0.9217	-1.829	0.02298	1.851	52490.0	29570.0	0.1589	1.0
beta_d_pr[1,56]	0.1065	0.004416	0.9749	0.9756	-1.811	0.1103	2.002	49020.0	31100.0	0.1484	1.0
beta_d_pr[1,57]	-0.4762	0.004882	0.9806	0.9817	-2.376	-0.4897	1.474	40610.0	29470.0	0.123	1.0
beta_d_pr[1,58]	-0.07008	0.004332	0.9982	1.007	-2.014	-0.07708	1.886	53180.0	30450.0	0.161	1.0
beta_d_pr[1,59]	0.3448	0.004096	0.9086	0.8989	-1.488	0.3605	2.096	49380.0	30810.0	0.1495	1.0
beta_d_pr[1,60]	-0.4151	0.004465	0.9398	0.9376	-2.228	-0.4247	1.454	44390.0	30440.0	0.1344	1.0
beta_d_pr[1,61]	0.1501	0.004702	0.9753	0.9733	-1.774	0.1516	2.068	43160.0	29340.0	0.1307	1.0
beta_d_pr[1,62]	0.156	0.004253	0.9793	0.9727	-1.773	0.1582	2.077	53080.0	30430.0	0.1607	1.0
beta_d_pr[1,63]	0.07005	0.004313	0.8405	0.8282	-1.587	0.06774	1.728	38100.0	28860.0	0.1154	1.0
beta_d_pr[1,64]	0.1357	0.00439	0.9934	0.9889	-1.815	0.1401	2.092	51310.0	29150.0	0.1553	1.0
beta_d_pr[1,65]	0.04991	0.004271	0.9904	0.9974	-1.884	0.05425	1.989	53860.0	30740.0	0.1631	1.0
beta_d_pr[1,66]	0.1195	0.004154	0.9846	0.9861	-1.813	0.122	2.047	56300.0	29840.0	0.1705	1.0
beta_d_pr[1,67]	-0.1951	0.004343	1.002	1.001	-2.154	-0.1934	1.765	53360.0	28430.0	0.1616	1.0
beta_d_pr[1,68]	0.01526	0.004173	0.9939	0.9938	-1.934	0.01589	1.962	56780.0	29330.0	0.1719	1.0
beta_d_pr[1,69]	-0.005188	0.004196	0.9897	0.9897	-1.945	-0.003722	1.925	55480.0	29520.0	0.168	1.0
beta_d_pr[1,70]	0.1162	0.005008	0.9842	0.9915	-1.813	0.1236	2.024	38850.0	29480.0	0.1176	1.0
beta_d_pr[1,71]	-0.006836	0.004124	0.9656	0.9667	-1.896	-0.008438	1.896	54860.0	29670.0	0.1661	1.0
beta_d_pr[1,72]	0.04386	0.004389	0.9874	0.9897	-1.901	0.0441	1.966	50830.0	29200.0	0.1539	1.0
beta_d_pr[1,73]	-0.7555	0.005318	0.9633	0.9533	-2.59	-0.7794	1.2	32940.0	29550.0	0.09972	1.0
beta_d_pr[1,74]	-0.1782	0.004301	0.9684	0.9534	-2.078	-0.1812	1.736	50770.0	30160.0	0.1537	1.0
beta_d_pr[1,75]	0.1184	0.004392	0.9965	0.9981	-1.821	0.1162	2.065	51560.0	30730.0	0.1561	1.0
beta_d_pr[1,76]	0.101	0.004182	0.9613	0.9552	-1.818	0.1062	1.976	53030.0	28310.0	0.1606	1.0
beta_d_pr[1,77]	0.3285	0.004389	0.9314	0.925	-1.541	0.3382	2.131	45160.0	29570.0	0.1367	1.0
beta_d_pr[1,78]	-0.3626	0.00552	0.8078	0.8007	-1.939	-0.3648	1.219	21440.0	28550.0	0.06491	1.0
beta_d_pr[1,79]	0.3681	0.00487	0.7313	0.7163	-1.099	0.3743	1.802	22500.0	27210.0	0.06813	1.0
beta_d_pr[1,80]	-0.1213	0.004458	0.9545	0.9504	-1.986	-0.1263	1.758	46010.0	29280.0	0.1393	1.0
beta_d_pr[1,81]	-0.2856	0.004315	0.9354	0.9263	-2.121	-0.2828	1.56	47110.0	28940.0	0.1426	1.0
beta_d_pr[1,82]	0.02371	0.004337	0.9837	0.9825	-1.909	0.0201	1.958	51650.0	30840.0	0.1564	1.0
beta_d_pr[1,83]	0.3526	0.004323	0.8232	0.8048	-1.286	0.3578	1.952	36530.0	27870.0	0.1106	1.0
beta_d_pr[1,84]	0.2331	0.004722	0.9945	0.9902	-1.734	0.2356	2.16	44460.0	29620.0	0.1346	1.0
beta_d_pr[1,85]	0.064	0.00405	0.9546	0.9501	-1.826	0.06894	1.918	55670.0	30390.0	0.1686	1.0
beta_d_pr[1,86]	0.3477	0.004837	0.9923	0.9888	-1.624	0.361	2.265	42360.0	29000.0	0.1282	1.0
beta_d_pr[1,87]	-0.04609	0.004311	0.9741	0.968	-1.965	-0.03976	1.855	51160.0	31460.0	0.1549	1.0
beta_d_pr[1,88]	0.01324	0.004217	0.9958	0.9916	-1.943	0.008617	1.981	55680.0	30330.0	0.1686	1.0
beta_d_pr[1,89]	0.0142	0.00469	0.8436	0.836	-1.672	0.01305	1.66	32400.0	28530.0	0.09809	1.0
beta_d_pr[1,90]	-0.2218	0.00448	0.9984	1.001	-2.167	-0.2218	1.736	49780.0	30800.0	0.1507	1.0
beta_d_pr[1,91]	0.2779	0.00465	0.9939	0.9875	-1.7	0.2919	2.199	45900.0	28320.0	0.139	1.0
beta_d_pr[1,92]	-0.07735	0.004554	0.972	0.9747	-1.966	-0.08491	1.842	45800.0	31110.0	0.1387	1.0
beta_d_pr[1,93]	0.02133	0.004764	0.976	0.9715	-1.904	0.01711	1.934	42190.0	29620.0	0.1278	1.0
beta_d_pr[1,94]	-0.1202	0.004807	0.9742	0.9746	-2.034	-0.1191	1.789	41150.0	28820.0	0.1246	1.0
beta_d_pr[1,95]	0.1942	0.005011	0.9807	0.9791	-1.744	0.2012	2.096	38760.0	28990.0	0.1174	1.0
beta_d_pr[1,96]	-0.1136	0.004336	0.9493	0.9479	-1.969	-0.1188	1.741	48150.0	31230.0	0.1458	1.0
beta_d_pr[1,97]	-0.004154	0.004036	0.9619	0.9553	-1.886	-0.00498	1.897	56970.0	30190.0	0.1725	1.0
beta_d_pr[1,98]	0.4081	0.004331	0.9463	0.9386	-1.477	0.423	2.226	48180.0	28170.0	0.1459	1.0
beta_d_pr[1,99]	-0.08199	0.004293	0.9602	0.9629	-1.954	-0.08467	1.8	50060.0	28970.0	0.1516	1.0
beta_d_pr[1,100]	-0.0764	0.004066	0.9113	0.9015	-1.871	-0.07031	1.714	50230.0	30510.0	0.1521	1.0
beta_d_pr[1,101]	-0.3526	0.00458	0.9682	0.9623	-2.225	-0.3646	1.572	44860.0	29310.0	0.1358	1.0
beta_d_pr[1,102]	0.02383	0.004318	0.971	0.9669	-1.878	0.0228	1.917	50720.0	29180.0	0.1536	1.0
beta_d_pr[1,103]	-0.2284	0.004687	0.7488	0.7279	-1.719	-0.2242	1.251	25510.0	28140.0	0.07724	1.0
beta_d_pr[1,104]	0.3497	0.004885	0.8585	0.8448	-1.35	0.3499	2.023	30970.0	29050.0	0.09377	1.0
beta_d_pr[1,105]	-0.1183	0.004695	0.9512	0.9537	-1.972	-0.1152	1.749	41180.0	30560.0	0.1247	1.0
beta_d_pr[1,106]	-0.6392	0.004617	0.937	0.9329	-2.425	-0.6577	1.251	41560.0	28790.0	0.1258	1.0
beta_d_pr[1,107]	0.2295	0.00477	0.9017	0.8982	-1.522	0.2268	2.012	35840.0	30180.0	0.1085	1.001
beta_d_pr[1,108]	-0.331	0.004679	0.9767	0.9754	-2.236	-0.3352	1.604	43780.0	29920.0	0.1325	1.0
beta_d_pr[1,109]	-0.0245	0.004108	0.959	0.9566	-1.901	-0.02288	1.852	54590.0	29110.0	0.1653	1.0
beta_d_pr[1,110]	-0.5529	0.005169	0.9007	0.8926	-2.298	-0.5558	1.221	30350.0	29430.0	0.09188	1.0
beta_d_pr[1,111]	0.01796	0.004295	0.984	0.9812	-1.909	0.01694	1.962	52530.0	29000.0	0.1591	1.0
beta_d_pr[1,112]	-0.4515	0.004552	0.9487	0.9479	-2.289	-0.4641	1.454	43570.0	30180.0	0.1319	1.0
beta_d_pr[1,113]	-0.1873	0.004369	0.9673	0.9585	-2.085	-0.1945	1.715	49370.0	28740.0	0.1495	1.0
beta_d_pr[1,114]	-0.0551	0.004558	0.9519	0.9443	-1.932	-0.05324	1.799	43850.0	30230.0	0.1328	1.0
beta_d_pr[1,115]	0.9956	0.005489	0.8274	0.8051	-0.6886	1.008	2.589	22910.0	25570.0	0.06936	1.0
beta_d_pr[1,116]	-0.0762	0.004175	0.9719	0.9721	-1.972	-0.07454	1.84	54320.0	29940.0	0.1645	1.0
beta_d_pr[1,117]	-0.4096	0.00451	0.9817	0.9881	-2.286	-0.4175	1.522	47560.0	29620.0	0.144	1.0
beta_d_pr[1,118]	0.1435	0.004445	0.9788	0.9821	-1.797	0.1501	2.057	48600.0	28890.0	0.1472	1.0
beta_d_pr[1,119]	0.9397	0.005306	0.9673	0.9538	-1.035	0.9712	2.77	33650.0	26190.0	0.1019	1.0
beta_d_pr[1,120]	0.2791	0.004811	0.987	0.9862	-1.666	0.2857	2.2	42220.0	30830.0	0.1278	1.0
beta_d_pr[1,121]	-0.03112	0.004283	0.9641	0.9612	-1.934	-0.03019	1.872	50890.0	30670.0	0.1541	1.0
beta_d_pr[1,122]	-0.08063	0.004305	0.9551	0.9579	-1.957	-0.08219	1.803	49330.0	29790.0	0.1494	1.0
beta_d_pr[1,123]	-0.1102	0.004253	0.9745	0.9724	-2.025	-0.1143	1.796	52620.0	29730.0	0.1593	1.0
beta_d_pr[1,124]	-0.1698	0.004419	0.8418	0.8218	-1.817	-0.1753	1.502	36470.0	27380.0	0.1104	1.0
beta_d_pr[1,125]	0.2618	0.005098	0.8244	0.8075	-1.394	0.2707	1.863	26340.0	28320.0	0.07975	1.0
beta_d_pr[1,126]	1.055	0.00556	0.8371	0.8259	-0.6505	1.074	2.651	22860.0	25090.0	0.06921	1.0
beta_d_pr[1,127]	-0.1588	0.004026	0.9338	0.9238	-1.984	-0.1602	1.688	53930.0	29570.0	0.1633	1.0
beta_d_pr[1,128]	0.09529	0.004378	0.9556	0.9536	-1.792	0.1024	1.977	47730.0	28770.0	0.1445	1.0
beta_d_pr[1,129]	-0.04621	0.005253	0.7196	0.6965	-1.477	-0.04539	1.361	18700.0	27220.0	0.05662	1.0
beta_d_pr[1,130]	0.1043	0.004475	0.9881	0.9823	-1.833	0.1041	2.047	48810.0	30310.0	0.1478	1.0
beta_d_pr[1,131]	-0.04301	0.004823	0.9786	0.9818	-1.948	-0.04517	1.873	41340.0	28940.0	0.1252	1.0
beta_d_pr[1,132]	-0.1866	0.004618	0.972	0.9672	-2.076	-0.1918	1.738	44400.0	29230.0	0.1344	1.0
beta_d_pr[1,133]	-0.1625	0.00444	0.9784	0.9696	-2.07	-0.1631	1.763	48670.0	29820.0	0.1473	1.0
beta_d_pr[1,134]	0.146	0.004685	0.8963	0.8895	-1.627	0.1503	1.899	36700.0	29910.0	0.1111	1.0
beta_d_pr[1,135]	-0.5874	0.004905	0.9713	0.9671	-2.451	-0.6048	1.357	39480.0	30460.0	0.1195	1.0
beta_d_pr[1,136]	0.03261	0.004232	0.9849	0.9811	-1.897	0.03356	1.97	53830.0	28610.0	0.163	1.0
beta_d_pr[1,137]	0.04285	0.004321	0.923	0.9132	-1.774	0.04812	1.841	45720.0	29460.0	0.1384	1.0
beta_d_pr[1,138]	-0.04231	0.004246	0.9742	0.9782	-1.972	-0.03881	1.848	52120.0	29580.0	0.1578	1.0
beta_d_pr[1,139]	0.1013	0.004268	0.9707	0.981	-1.805	0.1067	1.984	51770.0	29260.0	0.1567	1.0
beta_d_pr[1,140]	-0.02247	0.004433	0.9851	0.9866	-1.938	-0.01951	1.903	49450.0	29800.0	0.1497	1.0
beta_d_pr[1,141]	-0.3331	0.004657	0.9795	0.9802	-2.246	-0.3361	1.605	44370.0	31360.0	0.1343	1.0
beta_d_pr[2,1]	-0.4461	0.004498	0.8175	0.8122	-2.045	-0.4454	1.156	33050.0	31000.0	0.1001	1.0
beta_d_pr[2,2]	-0.9721	0.004854	0.9226	0.9123	-2.72	-0.9927	0.891	36620.0	28600.0	0.1109	1.0
beta_d_pr[2,3]	-0.132	0.003841	0.7593	0.7502	-1.628	-0.1325	1.362	39300.0	30840.0	0.119	1.0
beta_d_pr[2,4]	0.4454	0.005609	0.9802	0.9738	-1.483	0.4514	2.376	30770.0	27530.0	0.09317	1.0
beta_d_pr[2,5]	-0.7114	0.0039	0.7874	0.7728	-2.255	-0.711	0.8503	40950.0	28570.0	0.124	1.0
beta_d_pr[2,6]	0.7865	0.00409	0.7588	0.7464	-0.7432	0.7964	2.256	34600.0	28090.0	0.1047	1.0
beta_d_pr[2,7]	-0.3164	0.01141	1.135	1.153	-2.631	-0.272	1.801	10200.0	13480.0	0.03089	1.0
beta_d_pr[2,8]	-1.58	0.004121	0.6261	0.6149	-2.827	-1.576	-0.3701	23190.0	27550.0	0.07022	1.0
beta_d_pr[2,9]	-0.2182	0.004776	0.8472	0.8421	-1.884	-0.2171	1.451	31720.0	30470.0	0.09602	1.0
beta_d_pr[2,10]	0.1255	0.004951	0.827	0.815	-1.503	0.1224	1.757	27980.0	27540.0	0.08471	1.0
beta_d_pr[2,11]	-0.3291	0.003463	0.6731	0.6585	-1.677	-0.3243	0.988	38230.0	30040.0	0.1157	1.0
beta_d_pr[2,12]	-0.0232	0.006373	0.9599	0.9528	-1.91	-0.02484	1.883	22810.0	25520.0	0.06905	1.0
beta_d_pr[2,13]	-0.01707	0.004264	0.9183	0.9101	-1.817	-0.01928	1.776	46430.0	31110.0	0.1406	1.0
beta_d_pr[2,14]	0.1989	0.009184	0.6956	0.6992	-1.149	0.1948	1.568	5839.0	19190.0	0.01768	1.001
beta_d_pr[2,15]	0.1182	0.004271	0.8344	0.8312	-1.541	0.1228	1.74	38230.0	31320.0	0.1157	1.0
beta_d_pr[2,16]	0.4773	0.005694	0.7402	0.7358	-0.9757	0.4769	1.93	17090.0	29630.0	0.05173	1.0
beta_d_pr[2,17]	-0.8623	0.005415	0.8045	0.7913	-2.441	-0.8615	0.7361	22180.0	25340.0	0.06714	1.0
beta_d_pr[2,18]	-0.4962	0.00582	0.8318	0.8271	-2.122	-0.5018	1.145	20520.0	28840.0	0.06212	1.0
beta_d_pr[2,19]	-0.9413	0.00724	0.7858	0.79	-2.475	-0.9484	0.6076	11850.0	23450.0	0.03589	1.001
beta_d_pr[2,20]	0.09051	0.006814	0.7486	0.7381	-1.377	0.09314	1.577	12090.0	24670.0	0.03659	1.0
beta_d_pr[2,21]	-0.5475	0.005051	0.6972	0.6886	-1.922	-0.5497	0.8366	18960.0	29030.0	0.05739	1.0
beta_d_pr[2,22]	-0.5506	0.00439	0.7825	0.7755	-2.094	-0.5438	0.9837	31960.0	28940.0	0.09677	1.0
beta_d_pr[2,23]	-0.5681	0.006833	0.7721	0.7669	-2.062	-0.575	0.972	12900.0	29410.0	0.03906	1.0
beta_d_pr[2,24]	0.6256	0.01051	0.9626	0.9668	-1.314	0.6472	2.467	8403.0	21220.0	0.02544	1.0
beta_d_pr[2,25]	-0.08502	0.005549	0.8905	0.8832	-1.822	-0.09341	1.693	26050.0	29190.0	0.07887	1.0
beta_d_pr[2,26]	-1.224	0.004672	0.7567	0.7526	-2.686	-1.234	0.2852	26160.0	29070.0	0.07921	1.0
beta_d_pr[2,27]	0.2006	0.007126	0.6528	0.6552	-1.064	0.1939	1.488	8465.0	21290.0	0.02563	1.001
beta_d_pr[2,28]	0.6114	0.004963	0.7931	0.7886	-0.9471	0.6083	2.172	25610.0	29570.0	0.07754	1.0
beta_d_pr[2,29]	0.2744	0.004489	0.8498	0.8339	-1.396	0.2765	1.941	35990.0	28220.0	0.109	1.0
beta_d_pr[2,30]	-0.9547	0.01047	0.8127	0.8134	-2.542	-0.9605	0.6602	6051.0	16700.0	0.01832	1.001
beta_d_pr[2,31]	0.3563	0.004875	0.7005	0.6902	-1.03	0.3608	1.721	20740.0	28650.0	0.06279	1.0
beta_d_pr[2,32]	0.6377	0.006368	0.8784	0.8689	-1.134	0.6478	2.335	19150.0	26060.0	0.05798	1.0
beta_d_pr[2,33]	-0.09813	0.01212	0.95	0.9514	-1.983	-0.08853	1.737	6224.0	17390.0	0.01884	1.001
beta_d_pr[2,34]	0.3308	0.004597	0.6578	0.6531	-0.9656	0.328	1.628	20440.0	26890.0	0.0619	1.0
beta_d_pr[2,35]	0.263	0.007274	0.8829	0.8834	-1.475	0.2647	1.991	14850.0	25130.0	0.04497	1.0
beta_d_pr[2,36]	0.1593	0.004038	0.8126	0.8033	-1.458	0.1653	1.741	40670.0	29480.0	0.1231	1.0
beta_d_pr[2,37]	-0.4402	0.003721	0.7052	0.687	-1.826	-0.4437	0.9749	36150.0	30020.0	0.1095	1.0
beta_d_pr[2,38]	0.6975	0.00451	0.6725	0.6627	-0.6304	0.7045	2.016	22350.0	28880.0	0.06767	1.0
beta_d_pr[2,39]	-0.164	0.004016	0.8946	0.8882	-1.915	-0.1663	1.59	49740.0	29920.0	0.1506	1.0
beta_d_pr[2,40]	1.91	0.003659	0.7124	0.6999	0.4926	1.917	3.298	38360.0	29200.0	0.1162	1.0
beta_d_pr[2,41]	-1.364	0.004431	0.7794	0.7573	-2.879	-1.368	0.2058	31300.0	29550.0	0.09476	1.0
beta_d_pr[2,42]	0.3679	0.01134	0.8109	0.8182	-1.208	0.3665	1.955	5147.0	16640.0	0.01558	1.001
beta_d_pr[2,43]	-0.4376	0.009817	0.8045	0.8025	-2.006	-0.4391	1.13	6757.0	18250.0	0.02046	1.001
beta_d_pr[2,44]	-0.01682	0.00845	0.9825	0.9923	-1.913	-0.01872	1.895	13610.0	24170.0	0.04122	1.0
beta_d_pr[2,45]	0.1619	0.01023	0.7808	0.7879	-1.349	0.1584	1.706	5923.0	20290.0	0.01793	1.001
beta_d_pr[2,46]	-0.2158	0.01017	1.018	1.031	-2.162	-0.2317	1.815	10200.0	19220.0	0.03089	1.0
beta_d_pr[2,47]	0.2777	0.00969	0.9848	0.9981	-1.627	0.2787	2.216	10460.0	16300.0	0.03167	1.0
beta_d_pr[2,48]	-0.8659	0.007523	0.7246	0.7166	-2.259	-0.8725	0.5796	9302.0	23510.0	0.02816	1.001
beta_d_pr[2,49]	-0.4865	0.006673	0.7415	0.7355	-1.933	-0.4916	0.9769	12290.0	27410.0	0.03722	1.0
beta_d_pr[2,50]	0.1001	0.005298	0.9896	0.9814	-1.846	0.09332	2.048	35350.0	27020.0	0.107	1.0
beta_d_pr[2,51]	-0.4954	0.007213	0.9258	0.9288	-2.282	-0.4999	1.327	16540.0	26620.0	0.05009	1.0
beta_d_pr[2,52]	-0.0003209	0.005627	0.7969	0.797	-1.556	-0.004223	1.568	20120.0	30630.0	0.06091	1.0
beta_d_pr[2,53]	-0.6996	0.007358	0.7248	0.722	-2.142	-0.6912	0.7136	9721.0	24430.0	0.02943	1.001
beta_d_pr[2,54]	-0.1121	0.004179	0.7773	0.7647	-1.623	-0.1202	1.438	34920.0	27990.0	0.1057	1.0
beta_d_pr[2,55]	0.6195	0.004135	0.6119	0.6012	-0.5774	0.6182	1.83	21980.0	27030.0	0.06654	1.0
beta_d_pr[2,56]	0.3426	0.005931	0.8981	0.8917	-1.461	0.3566	2.065	23310.0	27750.0	0.07057	1.0
beta_d_pr[2,57]	0.471	0.005892	0.7518	0.7422	-1.0	0.469	1.958	16290.0	25690.0	0.04934	1.0
beta_d_pr[2,58]	-0.06107	0.004692	0.9805	0.9828	-1.985	-0.0594	1.861	43890.0	29970.0	0.1329	1.0
beta_d_pr[2,59]	0.187	0.007001	0.8792	0.8772	-1.571	0.2013	1.888	15850.0	25730.0	0.04799	1.0
beta_d_pr[2,60]	0.1384	0.00447	0.7023	0.6913	-1.253	0.1437	1.493	24640.0	29500.0	0.07461	1.0
beta_d_pr[2,61]	0.5046	0.009073	0.9046	0.8984	-1.291	0.5241	2.235	9991.0	24070.0	0.03025	1.0
beta_d_pr[2,62]	0.3199	0.006701	0.9262	0.9222	-1.54	0.3325	2.103	19310.0	24850.0	0.05846	1.0
beta_d_pr[2,63]	-0.2032	0.003734	0.7433	0.7263	-1.661	-0.1993	1.264	39730.0	30420.0	0.1203	1.0
beta_d_pr[2,64]	-0.1237	0.01006	1.028	1.025	-2.057	-0.1595	1.945	10670.0	15900.0	0.03232	1.0
beta_d_pr[2,65]	0.2605	0.006965	0.9396	0.9321	-1.595	0.258	2.097	18350.0	27100.0	0.05556	1.0
beta_d_pr[2,66]	0.6747	0.005449	0.898	0.8882	-1.097	0.6761	2.424	27330.0	28920.0	0.08275	1.0
beta_d_pr[2,67]	-0.4987	0.005376	1.047	1.04	-2.599	-0.4867	1.518	38290.0	26410.0	0.1159	1.0
beta_d_pr[2,68]	0.08496	0.004474	0.9604	0.9645	-1.791	0.0859	1.956	46410.0	29350.0	0.1405	1.0
beta_d_pr[2,69]	0.3106	0.005139	0.8644	0.8657	-1.394	0.3102	2.015	28380.0	29850.0	0.08594	1.0
beta_d_pr[2,70]	0.6681	0.003961	0.793	0.7767	-0.9195	0.6697	2.229	40120.0	30600.0	0.1215	1.0
beta_d_pr[2,71]	0.3471	0.00729	0.9061	0.9011	-1.467	0.3591	2.097	15650.0	23890.0	0.04737	1.0
beta_d_pr[2,72]	0.5434	0.006985	0.9458	0.9403	-1.305	0.5438	2.391	18350.0	28820.0	0.05557	1.0
beta_d_pr[2,73]	-0.7139	0.00488	0.8293	0.8127	-2.331	-0.7228	0.9405	29070.0	29740.0	0.08803	1.0
beta_d_pr[2,74]	-0.5919	0.003886	0.779	0.7667	-2.127	-0.5958	0.9347	40240.0	29950.0	0.1218	0.9999
beta_d_pr[2,75]	0.6957	0.008928	1.015	1.014	-1.302	0.7071	2.676	13000.0	25990.0	0.03937	1.0
beta_d_pr[2,76]	0.7473	0.004635	0.7432	0.7301	-0.7205	0.747	2.216	25770.0	27780.0	0.07802	1.0
beta_d_pr[2,77]	-0.5128	0.006415	0.773	0.7732	-2.02	-0.5187	1.012	14620.0	25740.0	0.04428	1.0
beta_d_pr[2,78]	0.2059	0.006113	0.7272	0.722	-1.222	0.2091	1.622	14230.0	28080.0	0.04309	1.001
beta_d_pr[2,79]	-0.599	0.00464	0.7622	0.7526	-2.116	-0.5963	0.8967	27100.0	29250.0	0.08205	1.0
beta_d_pr[2,80]	0.4412	0.00502	0.7276	0.7151	-1.014	0.4448	1.853	21210.0	28820.0	0.06422	1.0
beta_d_pr[2,81]	0.8854	0.004089	0.7809	0.7668	-0.6639	0.8999	2.398	36590.0	30790.0	0.1108	1.0
beta_d_pr[2,82]	-0.4638	0.009322	0.7843	0.784	-2.003	-0.4651	1.083	7190.0	19170.0	0.02177	1.001
beta_d_pr[2,83]	-0.3686	0.00424	0.7467	0.7276	-1.843	-0.3667	1.086	31020.0	30160.0	0.09393	1.0
beta_d_pr[2,84]	0.2082	0.00469	0.9216	0.9208	-1.619	0.2182	2.002	38630.0	29090.0	0.117	1.0
beta_d_pr[2,85]	0.6073	0.004564	0.7523	0.7378	-0.9278	0.6284	2.018	27280.0	29590.0	0.0826	1.0
beta_d_pr[2,86]	-0.3178	0.004707	0.824	0.8152	-1.957	-0.316	1.292	30850.0	30430.0	0.09339	1.0
beta_d_pr[2,87]	0.1156	0.005514	0.9113	0.9078	-1.674	0.1154	1.895	27600.0	29970.0	0.08355	1.0
beta_d_pr[2,88]	0.01247	0.004353	0.9731	0.9812	-1.882	0.008805	1.933	50100.0	30280.0	0.1517	1.0
beta_d_pr[2,89]	0.3775	0.004609	0.7637	0.7518	-1.158	0.3912	1.837	27470.0	29230.0	0.08317	1.0
beta_d_pr[2,90]	-0.3641	0.01216	0.8118	0.8258	-1.939	-0.3693	1.214	4485.0	15030.0	0.01358	1.001
beta_d_pr[2,91]	0.07582	0.01312	0.9838	0.9851	-1.854	0.07701	2.014	5714.0	17460.0	0.0173	1.001
beta_d_pr[2,92]	0.344	0.003749	0.7222	0.709	-1.099	0.3486	1.75	37360.0	29820.0	0.1131	1.0
beta_d_pr[2,93]	0.8463	0.007032	0.6983	0.6997	-0.4918	0.8406	2.24	9864.0	22620.0	0.02986	1.0
beta_d_pr[2,94]	-1.148	0.00426	0.758	0.7475	-2.65	-1.147	0.3488	31840.0	28580.0	0.0964	1.0
beta_d_pr[2,95]	-0.02802	0.003602	0.6818	0.6692	-1.4	-0.02413	1.301	35960.0	30810.0	0.1089	1.0
beta_d_pr[2,96]	0.7182	0.004116	0.8417	0.8308	-0.9887	0.736	2.332	42160.0	29910.0	0.1276	1.0
beta_d_pr[2,97]	-1.012	0.007696	0.7299	0.7149	-2.415	-1.021	0.4534	8946.0	24190.0	0.02709	1.0
beta_d_pr[2,98]	0.001933	0.007465	0.8786	0.8622	-1.719	0.0001206	1.732	13880.0	23510.0	0.04203	1.0
beta_d_pr[2,99]	-0.04794	0.003573	0.7026	0.692	-1.417	-0.05123	1.339	38770.0	29350.0	0.1174	1.0
beta_d_pr[2,100]	0.3606	0.005332	0.6665	0.6588	-0.945	0.3621	1.667	15720.0	28290.0	0.0476	1.0
beta_d_pr[2,101]	-0.2814	0.003869	0.7167	0.7007	-1.74	-0.2605	1.087	34620.0	27380.0	0.1048	1.0
beta_d_pr[2,102]	-0.5984	0.00902	0.9459	0.9387	-2.426	-0.617	1.311	11050.0	24290.0	0.03346	1.0
beta_d_pr[2,103]	-0.7216	0.004264	0.7717	0.7536	-2.256	-0.7185	0.7904	33000.0	29470.0	0.09991	1.0
beta_d_pr[2,104]	0.1868	0.00352	0.7006	0.6887	-1.182	0.1875	1.568	39700.0	29580.0	0.1202	1.0
beta_d_pr[2,105]	0.8872	0.00506	0.7398	0.72	-0.6001	0.8993	2.322	21650.0	25240.0	0.06555	1.0
beta_d_pr[2,106]	0.4025	0.006184	0.8733	0.8669	-1.335	0.4048	2.099	20150.0	25000.0	0.06102	1.0
beta_d_pr[2,107]	-0.2298	0.004137	0.8053	0.796	-1.813	-0.2292	1.342	37940.0	30430.0	0.1149	1.0
beta_d_pr[2,108]	-0.7123	0.004035	0.7736	0.7627	-2.227	-0.713	0.8375	36940.0	30250.0	0.1118	1.0
beta_d_pr[2,109]	0.6221	0.00415	0.7881	0.7667	-0.9659	0.6325	2.148	36260.0	29930.0	0.1098	1.0
beta_d_pr[2,110]	0.328	0.004476	0.7959	0.7863	-1.264	0.3379	1.857	31910.0	30050.0	0.09661	1.0
beta_d_pr[2,111]	0.679	0.005143	0.9096	0.8966	-1.126	0.6811	2.451	31350.0	31180.0	0.09491	1.0
beta_d_pr[2,112]	-0.006931	0.004475	0.8546	0.8478	-1.685	-0.004472	1.661	36520.0	30810.0	0.1106	1.0
beta_d_pr[2,113]	-0.7361	0.006533	0.8201	0.802	-2.358	-0.7337	0.8763	15740.0	25310.0	0.04766	1.0
beta_d_pr[2,114]	0.3688	0.005161	0.7832	0.7716	-1.164	0.36	1.916	23020.0	29480.0	0.0697	1.0
beta_d_pr[2,115]	0.06757	0.004548	0.8095	0.8018	-1.528	0.07155	1.655	32090.0	30440.0	0.09716	1.0
beta_d_pr[2,116]	1.361	0.007554	0.6326	0.629	0.1361	1.359	2.62	7028.0	20100.0	0.02128	1.001
beta_d_pr[2,117]	-0.4683	0.004135	0.7845	0.7718	-2.019	-0.4652	1.056	36040.0	30800.0	0.1091	1.0
beta_d_pr[2,118]	0.3554	0.007767	0.7802	0.781	-1.174	0.3541	1.883	10100.0	22640.0	0.03058	1.0
beta_d_pr[2,119]	-0.3661	0.004397	0.6332	0.6216	-1.616	-0.3651	0.8655	20630.0	28630.0	0.06246	1.0
beta_d_pr[2,120]	-0.1244	0.003815	0.7086	0.6964	-1.534	-0.1188	1.262	34620.0	28880.0	0.1048	1.0
beta_d_pr[2,121]	-0.566	0.006255	0.8553	0.8477	-2.277	-0.5546	1.086	18790.0	26090.0	0.0569	1.0
beta_d_pr[2,122]	-0.9132	0.004858	0.8311	0.8313	-2.53	-0.9181	0.7458	29290.0	29970.0	0.08867	1.0
beta_d_pr[2,123]	0.03517	0.00637	0.9111	0.9057	-1.757	0.03196	1.831	20540.0	27950.0	0.06218	1.0
beta_d_pr[2,124]	-0.1752	0.004916	0.8012	0.7932	-1.75	-0.1713	1.406	26670.0	25980.0	0.08074	1.0
beta_d_pr[2,125]	0.06905	0.0043	0.7279	0.7141	-1.396	0.07886	1.475	28680.0	29630.0	0.08682	1.0
beta_d_pr[2,126]	0.5226	0.0048	0.7067	0.6962	-0.881	0.526	1.9	21520.0	29740.0	0.06515	1.0
beta_d_pr[2,127]	0.3311	0.003741	0.7007	0.6957	-1.081	0.3462	1.673	35210.0	30040.0	0.1066	1.0
beta_d_pr[2,128]	0.5712	0.004853	0.7506	0.7284	-0.9237	0.5755	2.04	24200.0	27430.0	0.07326	1.0
beta_d_pr[2,129]	0.6177	0.003699	0.7398	0.7321	-0.8523	0.6242	2.05	40270.0	29060.0	0.1219	1.0
beta_d_pr[2,130]	0.1963	0.01021	0.9891	0.999	-1.746	0.2102	2.113	9431.0	20920.0	0.02855	1.0
beta_d_pr[2,131]	0.01243	0.01415	1.001	1.006	-1.937	0.01254	1.973	5064.0	16000.0	0.01533	1.001
beta_d_pr[2,132]	-0.4977	0.007131	0.8573	0.8443	-2.175	-0.505	1.216	14490.0	25770.0	0.04388	1.0
beta_d_pr[2,133]	-0.2043	0.01565	1.046	1.056	-2.255	-0.2004	1.829	4537.0	16240.0	0.01374	1.001
beta_d_pr[2,134]	-0.1303	0.004709	0.7344	0.7238	-1.541	-0.1398	1.342	24280.0	28930.0	0.07351	1.0
beta_d_pr[2,135]	-0.7579	0.004282	0.8503	0.8423	-2.412	-0.7572	0.9325	39530.0	29470.0	0.1197	1.0
beta_d_pr[2,136]	0.7323	0.006251	0.7468	0.7482	-0.7285	0.735	2.195	14320.0	28490.0	0.04337	1.0
beta_d_pr[2,137]	-0.7595	0.005193	0.7551	0.7474	-2.247	-0.7515	0.7051	21140.0	29220.0	0.06399	1.0
beta_d_pr[2,138]	0.3038	0.006493	0.8309	0.8294	-1.341	0.3089	1.927	16430.0	27650.0	0.04975	1.0
beta_d_pr[2,139]	1.026	0.006649	0.9258	0.9268	-0.8547	1.047	2.777	19790.0	24870.0	0.05991	1.0
beta_d_pr[2,140]	0.1622	0.008272	0.6836	0.6841	-1.149	0.1528	1.521	6841.0	18900.0	0.02071	1.0
beta_d_pr[2,141]	0.4654	0.005386	0.8483	0.8369	-1.21	0.4628	2.128	24930.0	26680.0	0.07548	1.0
beta_d_pr[3,1]	0.0623	0.006711	0.4798	0.4792	-0.868	0.0616	1.007	5120.0	21450.0	0.0155	1.0
beta_d_pr[3,2]	-2.289	0.003319	0.5373	0.5276	-3.381	-2.279	-1.262	26250.0	29620.0	0.07947	1.0
beta_d_pr[3,3]	0.4505	0.01168	0.6035	0.6132	-0.7132	0.4466	1.646	2689.0	11130.0	0.008142	1.001
beta_d_pr[3,4]	1.347	0.002629	0.4887	0.4855	0.4153	1.335	2.329	34970.0	27120.0	0.1059	1.0
beta_d_pr[3,5]	-0.05002	0.005348	0.5323	0.5272	-1.086	-0.05399	1.004	9909.0	25600.0	0.03	1.0
beta_d_pr[3,6]	-0.1449	0.003489	0.4754	0.4713	-1.074	-0.1456	0.7912	18530.0	29190.0	0.05611	1.0
beta_d_pr[3,7]	-0.9878	0.0323	0.9521	1.023	-2.705	-1.022	0.8841	887.4	4970.0	0.002687	1.002
beta_d_pr[3,8]	-1.216	0.002481	0.4922	0.4902	-2.212	-1.207	-0.2743	40070.0	28710.0	0.1213	1.0
beta_d_pr[3,9]	0.3406	0.01204	0.5608	0.5657	-0.7334	0.3323	1.448	2174.0	10000.0	0.006583	1.001
beta_d_pr[3,10]	-0.6356	0.00277	0.4597	0.4581	-1.548	-0.6312	0.2526	27900.0	29570.0	0.08448	1.0
beta_d_pr[3,11]	-0.3915	0.002818	0.5679	0.5607	-1.507	-0.393	0.7321	40610.0	29730.0	0.1229	1.0
beta_d_pr[3,12]	1.016	0.004891	0.7858	0.7697	-0.5347	1.016	2.57	25830.0	26470.0	0.0782	1.0
beta_d_pr[3,13]	2.585	0.005367	0.6116	0.6017	1.39	2.582	3.786	13060.0	19790.0	0.03953	1.0
beta_d_pr[3,14]	-0.6739	0.008332	0.5228	0.5229	-1.715	-0.6664	0.3274	3962.0	14380.0	0.012	1.001
beta_d_pr[3,15]	-0.3872	0.004072	0.4484	0.4439	-1.281	-0.3829	0.49	12230.0	24520.0	0.03704	1.0
beta_d_pr[3,16]	0.004352	0.01127	0.5572	0.5591	-1.065	0.001583	1.106	2443.0	11320.0	0.007398	1.001
beta_d_pr[3,17]	0.5704	0.01217	0.6184	0.6099	-0.6577	0.5797	1.764	2592.0	10710.0	0.007849	1.001
beta_d_pr[3,18]	0.7105	0.01525	0.5716	0.5895	-0.4107	0.7173	1.801	1422.0	5994.0	0.004307	1.001
beta_d_pr[3,19]	-0.2134	0.002492	0.4761	0.469	-1.158	-0.2106	0.7112	36630.0	29280.0	0.1109	1.0
beta_d_pr[3,20]	0.1983	0.01454	0.6563	0.6537	-1.02	0.1757	1.546	2039.0	8843.0	0.006173	1.001
beta_d_pr[3,21]	0.1585	0.009553	0.5374	0.5347	-0.891	0.1581	1.228	3173.0	13230.0	0.009607	1.0
beta_d_pr[3,22]	-0.4032	0.01425	0.6788	0.6807	-1.763	-0.3881	0.893	2277.0	11110.0	0.006896	1.001
beta_d_pr[3,23]	-1.07	0.003552	0.509	0.5024	-2.079	-1.069	-0.08124	20590.0	27640.0	0.06234	1.0
beta_d_pr[3,24]	0.8051	0.0103	0.5995	0.5911	-0.3536	0.7961	2.018	3366.0	14680.0	0.01019	1.0
beta_d_pr[3,25]	0.2112	0.01975	0.9092	0.9104	-1.535	0.1993	2.021	2128.0	8770.0	0.006443	1.001
beta_d_pr[3,26]	-1.072	0.01163	0.6062	0.6077	-2.291	-1.059	0.09431	2707.0	11010.0	0.008195	1.001
beta_d_pr[3,27]	-0.2076	0.003761	0.6228	0.6229	-1.412	-0.2118	1.029	27410.0	29260.0	0.083	1.0
beta_d_pr[3,28]	0.5307	0.002234	0.4641	0.4586	-0.3692	0.5291	1.458	43370.0	28970.0	0.1313	1.0
beta_d_pr[3,29]	0.9962	0.002378	0.4707	0.4626	0.09367	0.9906	1.941	39570.0	28460.0	0.1198	1.0
beta_d_pr[3,30]	0.1163	0.006868	0.5072	0.5039	-0.8692	0.1139	1.118	5467.0	20270.0	0.01655	1.0
beta_d_pr[3,31]	0.00888	0.006873	0.5336	0.5314	-1.018	-0.0005785	1.088	6015.0	17300.0	0.01821	1.0
beta_d_pr[3,32]	-0.2005	0.004731	0.459	0.4554	-1.099	-0.1993	0.7061	9391.0	26430.0	0.02843	1.0
beta_d_pr[3,33]	1.1	0.01651	0.6629	0.6722	-0.1987	1.105	2.385	1627.0	7011.0	0.004926	1.001
beta_d_pr[3,34]	0.442	0.006004	0.5211	0.5156	-0.5692	0.4348	1.488	7543.0	22830.0	0.02284	1.0
beta_d_pr[3,35]	-0.1998	0.01804	0.7775	0.7759	-1.689	-0.2118	1.342	1869.0	8564.0	0.005658	1.001
beta_d_pr[3,36]	-0.2561	0.003285	0.4698	0.4621	-1.165	-0.262	0.6843	20900.0	29940.0	0.06327	1.0
beta_d_pr[3,37]	-1.034	0.007823	0.5401	0.5339	-2.115	-1.028	0.01362	4774.0	18360.0	0.01446	1.0
beta_d_pr[3,38]	-0.4939	0.003601	0.4944	0.4905	-1.476	-0.4908	0.4673	18870.0	29600.0	0.05713	1.0
beta_d_pr[3,39]	0.9422	0.006665	0.7433	0.741	-0.4777	0.9234	2.433	12620.0	22200.0	0.03822	1.0
beta_d_pr[3,40]	0.8626	0.004447	0.5421	0.5334	-0.1876	0.8553	1.954	14940.0	24230.0	0.04522	1.0
beta_d_pr[3,41]	-1.104	0.006634	0.5463	0.5366	-2.194	-1.099	-0.02791	6781.0	19960.0	0.02053	1.0
beta_d_pr[3,42]	-0.1366	0.005724	0.4707	0.4705	-1.064	-0.1321	0.7759	6815.0	20400.0	0.02063	1.0
beta_d_pr[3,43]	-0.3567	0.0132	0.5295	0.5427	-1.394	-0.3549	0.6725	1624.0	8820.0	0.004916	1.001
beta_d_pr[3,44]	0.4302	0.01434	0.9234	0.9258	-1.359	0.4292	2.245	4156.0	14620.0	0.01258	1.0
beta_d_pr[3,45]	0.307	0.002976	0.5714	0.5599	-0.8308	0.3141	1.42	36990.0	29630.0	0.112	1.0
beta_d_pr[3,46]	0.9097	0.03992	1.146	1.244	-1.257	0.9249	3.053	853.8	4535.0	0.002585	1.002
beta_d_pr[3,47]	1.482	0.02103	0.7092	0.7345	0.1194	1.483	2.852	1152.0	4792.0	0.003488	1.002
beta_d_pr[3,48]	0.1436	0.02131	0.7727	0.7983	-1.367	0.1496	1.628	1328.0	6955.0	0.004021	1.002
beta_d_pr[3,49]	-1.595	0.007654	0.5087	0.504	-2.617	-1.586	-0.6158	4422.0	15010.0	0.01339	1.0
beta_d_pr[3,50]	-0.1208	0.004421	0.9118	0.9011	-1.897	-0.12	1.687	42810.0	28920.0	0.1296	1.0
beta_d_pr[3,51]	-0.5537	0.01357	0.7463	0.7321	-2.007	-0.5573	0.9241	3018.0	12770.0	0.009137	1.001
beta_d_pr[3,52]	-0.7375	0.01232	0.6016	0.5995	-1.905	-0.7447	0.4449	2392.0	9552.0	0.007242	1.001
beta_d_pr[3,53]	0.2278	0.006691	0.6126	0.6046	-0.9858	0.2299	1.427	8400.0	21020.0	0.02543	1.0
beta_d_pr[3,54]	0.2009	0.00224	0.4511	0.4476	-0.6684	0.1977	1.092	40650.0	30090.0	0.1231	1.0
beta_d_pr[3,55]	-0.8201	0.008376	0.6277	0.6216	-2.098	-0.8085	0.3747	5665.0	18050.0	0.01715	1.0
beta_d_pr[3,56]	0.5739	0.01164	0.569	0.5662	-0.5066	0.5659	1.715	2386.0	9496.0	0.007223	1.001
beta_d_pr[3,57]	0.5689	0.01608	0.6837	0.6823	-0.7614	0.5639	1.917	1818.0	8817.0	0.005504	1.001
beta_d_pr[3,58]	-0.318	0.01117	0.9323	0.9324	-2.114	-0.326	1.53	7009.0	19550.0	0.02122	1.0
beta_d_pr[3,59]	0.5549	0.005622	0.5294	0.523	-0.4764	0.5513	1.602	8846.0	22920.0	0.02678	1.0
beta_d_pr[3,60]	-0.4197	0.004531	0.4724	0.4708	-1.361	-0.4173	0.4984	10940.0	26260.0	0.03313	1.0
beta_d_pr[3,61]	0.07924	0.004413	0.4467	0.4452	-0.7989	0.08044	0.9596	10280.0	26140.0	0.03111	1.0
beta_d_pr[3,62]	1.733	0.002701	0.5138	0.5071	0.7509	1.72	2.77	36580.0	29200.0	0.1108	1.0
beta_d_pr[3,63]	-0.4244	0.01155	0.6381	0.637	-1.646	-0.4369	0.8524	3059.0	13110.0	0.009262	1.001
beta_d_pr[3,64]	2.25	0.02834	0.8838	0.9306	0.5682	2.258	3.951	990.3	4513.0	0.002998	1.002
beta_d_pr[3,65]	0.05067	0.02112	0.9828	0.9941	-1.848	0.04197	1.996	2177.0	9459.0	0.00659	1.001
beta_d_pr[3,66]	0.8441	0.003559	0.6253	0.6191	-0.365	0.8325	2.092	31010.0	30780.0	0.09389	1.0
beta_d_pr[3,67]	-0.1526	0.004388	0.8572	0.839	-1.771	-0.1743	1.602	38440.0	27130.0	0.1164	1.0
beta_d_pr[3,68]	0.5506	0.005529	0.8166	0.8065	-1.026	0.539	2.177	21990.0	28640.0	0.06659	1.0
beta_d_pr[3,69]	-0.6404	0.01188	0.518	0.5254	-1.658	-0.6365	0.3601	1911.0	8992.0	0.005785	1.001
beta_d_pr[3,70]	0.5469	0.005085	0.5388	0.5343	-0.4785	0.5366	1.645	11160.0	26310.0	0.0338	1.0
beta_d_pr[3,71]	1.194	0.008212	0.5783	0.5686	0.04473	1.201	2.335	4982.0	15660.0	0.01508	1.0
beta_d_pr[3,72]	0.6743	0.005307	0.667	0.6487	-0.5941	0.6567	2.037	15980.0	21170.0	0.0484	1.0
beta_d_pr[3,73]	-0.9213	0.004125	0.4393	0.4388	-1.792	-0.916	-0.06165	11400.0	25450.0	0.03452	1.0
beta_d_pr[3,74]	-0.4596	0.01649	0.7717	0.7703	-1.963	-0.4592	1.055	2195.0	9878.0	0.006646	1.001
beta_d_pr[3,75]	1.951	0.01383	0.5739	0.5786	0.8439	1.953	3.075	1732.0	6216.0	0.005244	1.001
beta_d_pr[3,76]	-0.4575	0.008968	0.4796	0.4827	-1.388	-0.4611	0.4928	2878.0	13180.0	0.008715	1.001
beta_d_pr[3,77]	0.8145	0.0071	0.5316	0.5256	-0.215	0.8077	1.873	5552.0	18700.0	0.01681	1.001
beta_d_pr[3,78]	0.5412	0.003225	0.623	0.6126	-0.6449	0.5307	1.804	37980.0	27470.0	0.115	1.0
beta_d_pr[3,79]	-1.37	0.008844	0.6496	0.6458	-2.683	-1.36	-0.1186	5415.0	17460.0	0.0164	1.001
beta_d_pr[3,80]	-0.2135	0.009232	0.5467	0.542	-1.266	-0.2206	0.8778	3508.0	12360.0	0.01062	1.001
beta_d_pr[3,81]	-0.3331	0.002152	0.423	0.4179	-1.179	-0.3285	0.4796	38750.0	30180.0	0.1173	1.0
beta_d_pr[3,82]	0.1588	0.008851	0.4788	0.4834	-0.7725	0.1581	1.091	2924.0	12880.0	0.008854	1.001
beta_d_pr[3,83]	0.5232	0.01142	0.5918	0.588	-0.6401	0.5226	1.685	2690.0	11960.0	0.008143	1.001
beta_d_pr[3,84]	1.454	0.009084	0.5221	0.5266	0.4378	1.454	2.481	3305.0	9944.0	0.01001	1.001
beta_d_pr[3,85]	-0.179	0.004886	0.5063	0.4981	-1.173	-0.1803	0.8189	10670.0	26060.0	0.03229	1.0
beta_d_pr[3,86]	0.96	0.002659	0.5046	0.4962	-0.01468	0.9524	1.967	36320.0	29250.0	0.11	1.0
beta_d_pr[3,87]	-0.7352	0.0082	0.73	0.7216	-2.24	-0.7136	0.6302	8134.0	18300.0	0.02463	1.0
beta_d_pr[3,88]	-0.2992	0.01169	0.9372	0.9319	-2.115	-0.304	1.551	6447.0	21990.0	0.01952	1.0
beta_d_pr[3,89]	-0.496	0.002311	0.4676	0.4669	-1.423	-0.4909	0.4099	41120.0	28450.0	0.1245	1.0
beta_d_pr[3,90]	-0.2803	0.009377	0.4883	0.4953	-1.236	-0.2811	0.6625	2725.0	13230.0	0.008249	1.001
beta_d_pr[3,91]	-0.3278	0.01702	0.8193	0.8151	-1.918	-0.3387	1.296	2319.0	8941.0	0.007022	1.001
beta_d_pr[3,92]	0.9912	0.01534	0.6597	0.6633	-0.27	0.9804	2.295	1853.0	9247.0	0.005612	1.001
beta_d_pr[3,93]	-0.4487	0.008534	0.5893	0.5821	-1.614	-0.452	0.705	4764.0	16850.0	0.01442	1.001
beta_d_pr[3,94]	-1.393	0.02181	0.8463	0.8629	-3.04	-1.395	0.2367	1514.0	8278.0	0.004584	1.001
beta_d_pr[3,95]	-0.0436	0.007909	0.5203	0.5163	-1.065	-0.04337	0.9719	4345.0	17060.0	0.01315	1.001
beta_d_pr[3,96]	1.035	0.005176	0.4656	0.4634	0.1325	1.029	1.964	8117.0	19030.0	0.02457	1.0
beta_d_pr[3,97]	-1.412	0.005357	0.5223	0.5165	-2.447	-1.411	-0.38	9506.0	20260.0	0.02878	1.0
beta_d_pr[3,98]	-0.9596	0.01293	0.5966	0.5971	-2.129	-0.962	0.2106	2137.0	9898.0	0.00647	1.001
beta_d_pr[3,99]	-0.6289	0.004028	0.6548	0.6506	-1.959	-0.6148	0.6061	26030.0	28790.0	0.07882	1.0
beta_d_pr[3,100]	0.5718	0.005491	0.5039	0.493	-0.4125	0.57	1.571	8447.0	20360.0	0.02557	1.0
beta_d_pr[3,101]	-0.5404	0.002313	0.4781	0.4772	-1.486	-0.5371	0.3845	42850.0	29340.0	0.1297	1.0
beta_d_pr[3,102]	-1.605	0.007915	0.6254	0.6167	-2.88	-1.595	-0.4106	6294.0	22210.0	0.01906	1.0
beta_d_pr[3,103]	-1.233	0.003436	0.6249	0.6174	-2.498	-1.219	-0.03627	32990.0	29320.0	0.09989	1.0
beta_d_pr[3,104]	-0.1246	0.008978	0.5287	0.5313	-1.133	-0.1311	0.9192	3473.0	15570.0	0.01051	1.0
beta_d_pr[3,105]	0.0343	0.01975	0.7085	0.7261	-1.33	0.03599	1.411	1299.0	6902.0	0.003932	1.001
beta_d_pr[3,106]	-0.4741	0.004874	0.4738	0.4714	-1.409	-0.4743	0.4565	9449.0	23610.0	0.02861	1.0
beta_d_pr[3,107]	-0.9315	0.002283	0.4488	0.4449	-1.822	-0.9265	-0.07031	38860.0	30250.0	0.1177	1.0
beta_d_pr[3,108]	-0.2322	0.005268	0.4642	0.4653	-1.139	-0.2305	0.6732	7778.0	22940.0	0.02355	1.0
beta_d_pr[3,109]	1.007	0.01173	0.6172	0.616	-0.1834	0.9996	2.249	2784.0	11180.0	0.008428	1.001
beta_d_pr[3,110]	0.006489	0.003935	0.4364	0.4309	-0.8528	0.006588	0.8578	12340.0	28070.0	0.03736	1.0
beta_d_pr[3,111]	0.4925	0.008039	0.8481	0.8378	-1.135	0.4838	2.183	11350.0	21800.0	0.03435	1.0
beta_d_pr[3,112]	0.5656	0.004194	0.5047	0.5015	-0.3941	0.5528	1.584	14540.0	27440.0	0.04403	1.0
beta_d_pr[3,113]	-0.8137	0.008837	0.5836	0.5746	-2.005	-0.8009	0.292	4387.0	15830.0	0.01328	1.001
beta_d_pr[3,114]	-0.2548	0.01195	0.5172	0.5294	-1.269	-0.2497	0.7375	1881.0	8310.0	0.005696	1.001
beta_d_pr[3,115]	-0.0345	0.02077	0.829	0.8401	-1.672	-0.02656	1.553	1601.0	7562.0	0.004848	1.001
beta_d_pr[3,116]	0.5984	0.002768	0.4482	0.4456	-0.2698	0.596	1.493	26080.0	29270.0	0.07896	1.0
beta_d_pr[3,117]	-0.7293	0.003133	0.455	0.4461	-1.633	-0.7303	0.1684	21140.0	27530.0	0.06399	1.0
beta_d_pr[3,118]	0.3151	0.005729	0.5153	0.508	-0.7001	0.3133	1.33	8107.0	22490.0	0.02454	1.0
beta_d_pr[3,119]	-0.1235	0.002515	0.5371	0.5295	-1.18	-0.1201	0.9275	45710.0	31070.0	0.1384	1.0
beta_d_pr[3,120]	-0.236	0.01001	0.629	0.6246	-1.49	-0.2262	0.9903	3930.0	15200.0	0.0119	1.001
beta_d_pr[3,121]	0.2837	0.007173	0.5471	0.5416	-0.7993	0.2843	1.36	5826.0	19630.0	0.01764	1.001
beta_d_pr[3,122]	0.4494	0.003986	0.4531	0.4506	-0.4294	0.4478	1.348	13080.0	24430.0	0.0396	1.0
beta_d_pr[3,123]	-0.7862	0.01592	0.5571	0.5793	-1.853	-0.7928	0.3016	1244.0	6068.0	0.003766	1.001
beta_d_pr[3,124]	-0.05915	0.005471	0.502	0.4965	-1.038	-0.06047	0.9424	8394.0	25980.0	0.02541	1.0
beta_d_pr[3,125]	-0.3301	0.005503	0.4894	0.4835	-1.293	-0.3298	0.6308	7931.0	23480.0	0.02401	1.0
beta_d_pr[3,126]	-0.2874	0.005577	0.506	0.5013	-1.289	-0.2824	0.7014	8209.0	22140.0	0.02486	1.0
beta_d_pr[3,127]	-0.6927	0.007086	0.5107	0.5125	-1.678	-0.6986	0.3141	5211.0	19370.0	0.01578	1.0
beta_d_pr[3,128]	1.141	0.01693	0.6793	0.6838	-0.1821	1.139	2.481	1615.0	7308.0	0.00489	1.001
beta_d_pr[3,129]	-0.1156	0.01019	0.6388	0.6393	-1.413	-0.1058	1.101	3942.0	15920.0	0.01194	1.001
beta_d_pr[3,130]	0.6223	0.002872	0.5504	0.5446	-0.4417	0.6148	1.724	36750.0	30240.0	0.1113	1.0
beta_d_pr[3,131]	-0.4512	0.01001	0.6091	0.6005	-1.665	-0.4501	0.7364	3702.0	16170.0	0.01121	1.0
beta_d_pr[3,132]	-0.6782	0.01324	0.6404	0.642	-1.954	-0.6702	0.5647	2348.0	10750.0	0.007108	1.001
beta_d_pr[3,133]	0.9797	0.01053	0.6536	0.6456	-0.2636	0.9594	2.3	3858.0	16980.0	0.01168	1.0
beta_d_pr[3,134]	-0.04443	0.005562	0.4975	0.4953	-1.008	-0.04538	0.9406	8012.0	23980.0	0.02426	1.0
beta_d_pr[3,135]	0.09128	0.00398	0.4781	0.4737	-0.8379	0.08825	1.03	14440.0	24590.0	0.04373	1.0
beta_d_pr[3,136]	-0.1011	0.004782	0.5838	0.5779	-1.28	-0.09491	1.024	15130.0	27700.0	0.04581	1.0
beta_d_pr[3,137]	-0.2821	0.00264	0.4483	0.4471	-1.17	-0.2818	0.5941	29100.0	29490.0	0.08809	1.0
beta_d_pr[3,138]	-0.5329	0.005149	0.5089	0.5014	-1.575	-0.5218	0.426	9984.0	19320.0	0.03023	1.0
beta_d_pr[3,139]	-0.3238	0.002516	0.4654	0.4587	-1.25	-0.3211	0.583	34470.0	27850.0	0.1044	1.0
beta_d_pr[3,140]	-1.288	0.007981	0.4849	0.485	-2.25	-1.286	-0.3416	3686.0	11920.0	0.01116	1.001
beta_d_pr[3,141]	1.183	0.01244	0.6091	0.608	0.005703	1.174	2.384	2405.0	10570.0	0.007281	1.001
beta_d_pr[4,1]	-0.1399	0.01018	0.5707	0.5653	-1.201	-0.1586	1.031	3069.0	13040.0	0.009292	1.002
beta_d_pr[4,2]	-1.343	0.01524	0.5164	0.5284	-2.325	-1.353	-0.3279	1189.0	6591.0	0.003599	1.005
beta_d_pr[4,3]	0.0756	0.00525	0.7875	0.7615	-1.454	0.06332	1.659	23260.0	24680.0	0.07044	1.0
beta_d_pr[4,4]	2.003	0.01693	0.6488	0.6504	0.7495	2.007	3.282	1482.0	6494.0	0.004488	1.004
beta_d_pr[4,5]	0.3176	0.00422	0.5885	0.5571	-0.7778	0.2897	1.565	18910.0	24640.0	0.05726	1.0
beta_d_pr[4,6]	0.2507	0.003863	0.6433	0.6098	-1.005	0.2459	1.551	27760.0	26930.0	0.08404	1.0
beta_d_pr[4,7]	-1.689	0.02175	0.9151	0.8748	-3.293	-1.754	0.3678	1642.0	8669.0	0.004972	1.003
beta_d_pr[4,8]	-0.6034	0.0149	0.9393	0.9358	-2.372	-0.6348	1.306	4009.0	12450.0	0.01214	1.001
beta_d_pr[4,9]	-0.4224	0.01334	0.5573	0.5662	-1.472	-0.4288	0.6788	1786.0	9738.0	0.005408	1.003
beta_d_pr[4,10]	-0.01361	0.01402	0.8548	0.8288	-1.697	-0.01843	1.708	3751.0	14390.0	0.01136	1.002
beta_d_pr[4,11]	0.06813	0.008498	0.8118	0.79	-1.524	0.0592	1.696	9310.0	23020.0	0.02819	1.001
beta_d_pr[4,12]	-0.2304	0.0154	0.8673	0.8423	-1.941	-0.2383	1.498	3213.0	12860.0	0.009728	1.002
beta_d_pr[4,13]	1.689	0.01364	0.5546	0.5556	0.5968	1.698	2.767	1670.0	6325.0	0.005058	1.004
beta_d_pr[4,14]	-0.1743	0.004305	0.8021	0.7727	-1.731	-0.185	1.451	35310.0	23750.0	0.1069	1.0
beta_d_pr[4,15]	-0.3817	0.0124	0.5256	0.5329	-1.383	-0.3861	0.6552	1814.0	12560.0	0.005492	1.004
beta_d_pr[4,16]	0.04232	0.004007	0.7541	0.7194	-1.427	0.02959	1.568	35900.0	28540.0	0.1087	1.0
beta_d_pr[4,17]	-0.5779	0.005623	0.7767	0.734	-2.055	-0.6058	1.046	19500.0	26540.0	0.05903	1.001
beta_d_pr[4,18]	-0.1814	0.01656	0.5631	0.5867	-1.249	-0.1843	0.9114	1196.0	7077.0	0.00362	1.006
beta_d_pr[4,19]	0.2211	0.008328	0.6251	0.6081	-0.9401	0.2027	1.519	5478.0	15530.0	0.01659	1.001
beta_d_pr[4,20]	0.0945	0.004202	0.8021	0.7832	-1.471	0.08518	1.712	36670.0	29610.0	0.111	1.0
beta_d_pr[4,21]	-0.4861	0.005547	0.8366	0.8202	-2.042	-0.5234	1.271	23130.0	25550.0	0.07003	1.0
beta_d_pr[4,22]	-0.1795	0.003738	0.6707	0.6355	-1.462	-0.2018	1.225	32850.0	25080.0	0.09945	1.0
beta_d_pr[4,23]	-0.4576	0.005735	0.7032	0.6742	-1.723	-0.498	1.046	13850.0	23820.0	0.04194	1.0
beta_d_pr[4,24]	0.03293	0.01437	0.4494	0.477	-0.8248	0.03515	0.8858	1015.0	7206.0	0.003073	1.005
beta_d_pr[4,25]	0.318	0.02141	0.9586	0.9538	-1.598	0.3273	2.173	2027.0	9416.0	0.006139	1.003
beta_d_pr[4,26]	-0.3393	0.003957	0.7031	0.6685	-1.659	-0.3632	1.13	32040.0	26250.0	0.09701	1.0
beta_d_pr[4,27]	0.02985	0.01755	0.9213	0.9034	-1.783	0.03131	1.862	2827.0	14010.0	0.008561	1.002
beta_d_pr[4,28]	0.5162	0.02014	0.9442	0.9337	-1.401	0.5358	2.314	2246.0	10270.0	0.0068	1.003
beta_d_pr[4,29]	-0.62	0.00989	0.5018	0.5019	-1.593	-0.6242	0.3579	2589.0	16640.0	0.007839	1.003
beta_d_pr[4,30]	-0.3567	0.004897	0.8074	0.7837	-1.847	-0.3947	1.337	26940.0	26690.0	0.08158	1.0
beta_d_pr[4,31]	0.295	0.004279	0.7463	0.7066	-1.215	0.2923	1.779	31230.0	26150.0	0.09455	1.0
beta_d_pr[4,32]	0.4386	0.005202	0.5923	0.563	-0.6901	0.4201	1.675	12380.0	23880.0	0.03749	1.001
beta_d_pr[4,33]	1.21	0.0079	0.5281	0.5151	0.2279	1.193	2.324	4282.0	11250.0	0.01296	1.002
beta_d_pr[4,34]	-0.3939	0.01027	0.8678	0.8411	-2.066	-0.411	1.381	7205.0	20400.0	0.02181	1.001
beta_d_pr[4,35]	0.151	0.0183	0.9153	0.9008	-1.667	0.1578	1.938	2548.0	11900.0	0.007713	1.002
beta_d_pr[4,36]	1.132	0.004814	0.5745	0.5608	0.05481	1.112	2.329	13780.0	25830.0	0.04172	1.0
beta_d_pr[4,37]	-0.5935	0.004252	0.7685	0.7308	-2.033	-0.627	1.018	33530.0	25660.0	0.1015	1.0
beta_d_pr[4,38]	-0.1446	0.0051	0.7756	0.7391	-1.66	-0.1533	1.429	24180.0	27100.0	0.07321	1.0
beta_d_pr[4,39]	0.4246	0.004995	0.7078	0.672	-0.973	0.4152	1.842	20530.0	27480.0	0.06215	1.0
beta_d_pr[4,40]	1.061	0.0167	0.9364	0.9105	-0.8875	1.098	2.798	3217.0	14130.0	0.009739	1.002
beta_d_pr[4,41]	-0.8836	0.004216	0.6169	0.584	-2.043	-0.9038	0.4167	21200.0	25660.0	0.0642	1.0
beta_d_pr[4,42]	-0.7347	0.007209	0.6733	0.6615	-2.055	-0.7304	0.5896	8428.0	23900.0	0.02552	1.001
beta_d_pr[4,43]	0.971	0.006811	0.6336	0.6258	-0.2056	0.9476	2.277	8221.0	14110.0	0.02489	1.001
beta_d_pr[4,44]	0.7944	0.003726	0.5511	0.5228	-0.2225	0.7695	1.954	21560.0	24640.0	0.06527	1.0
beta_d_pr[4,45]	-0.5682	0.009788	0.8601	0.8428	-2.19	-0.5938	1.2	7919.0	16580.0	0.02398	1.001
beta_d_pr[4,46]	0.9364	0.01928	0.8141	0.8264	-0.611	0.9302	2.554	1825.0	8875.0	0.005526	1.004
beta_d_pr[4,47]	0.7159	0.01206	0.6659	0.6576	-0.6271	0.7272	1.967	2977.0	18000.0	0.009013	1.002
beta_d_pr[4,48]	-0.7528	0.006563	0.9036	0.8898	-2.422	-0.7968	1.141	20090.0	22150.0	0.06084	1.0
beta_d_pr[4,49]	-0.6584	0.005906	0.673	0.6388	-1.897	-0.6853	0.7673	12600.0	22850.0	0.03816	1.0
beta_d_pr[4,50]	0.0003818	0.02999	1.046	1.067	-2.03	-0.004186	2.033	1251.0	7200.0	0.003788	1.005
beta_d_pr[4,51]	-0.9886	0.006232	0.7104	0.6708	-2.404	-0.9975	0.4385	13340.0	20840.0	0.04039	1.001
beta_d_pr[4,52]	0.7792	0.009496	0.566	0.555	-0.2757	0.7633	1.961	3370.0	9759.0	0.0102	1.003
beta_d_pr[4,53]	-0.04824	0.005744	0.7926	0.7592	-1.622	-0.05151	1.535	19490.0	22240.0	0.05901	1.0
beta_d_pr[4,54]	-0.4167	0.003568	0.6175	0.5844	-1.635	-0.4176	0.8419	30600.0	26880.0	0.09265	1.0
beta_d_pr[4,55]	0.0708	0.008589	0.8361	0.8171	-1.582	0.06974	1.72	9574.0	24260.0	0.02899	1.001
beta_d_pr[4,56]	1.158	0.01223	0.5341	0.5355	0.121	1.16	2.212	1936.0	8266.0	0.005862	1.004
beta_d_pr[4,57]	0.3172	0.01494	0.8799	0.8623	-1.433	0.3263	2.052	3514.0	14330.0	0.01064	1.002
beta_d_pr[4,58]	0.1443	0.004965	0.6928	0.6554	-1.21	0.1272	1.547	19870.0	24020.0	0.06015	1.0
beta_d_pr[4,59]	-0.2602	0.01246	0.4686	0.4787	-1.165	-0.2612	0.6567	1451.0	9864.0	0.004393	1.004
beta_d_pr[4,60]	-0.1747	0.00554	0.7898	0.7599	-1.716	-0.1877	1.434	20700.0	28890.0	0.06268	1.0
beta_d_pr[4,61]	0.4629	0.00395	0.5222	0.5021	-0.5023	0.4384	1.562	17160.0	24200.0	0.05196	1.0
beta_d_pr[4,62]	1.289	0.01219	0.5082	0.5098	0.3021	1.291	2.289	1757.0	6455.0	0.005319	1.003
beta_d_pr[4,63]	-0.6554	0.004321	0.628	0.6031	-1.886	-0.6572	0.6007	20620.0	27730.0	0.06242	1.0
beta_d_pr[4,64]	1.317	0.01897	0.72	0.7211	-0.07659	1.315	2.734	1470.0	8314.0	0.004452	1.004
beta_d_pr[4,65]	-0.483	0.003705	0.6299	0.5891	-1.746	-0.4829	0.772	30620.0	25200.0	0.0927	1.0
beta_d_pr[4,66]	0.8321	0.003406	0.5589	0.5406	-0.2186	0.8137	1.997	26510.0	26150.0	0.08026	1.0
beta_d_pr[4,67]	-0.4946	0.003677	0.6185	0.5788	-1.716	-0.4997	0.7702	29770.0	24000.0	0.09013	1.0
beta_d_pr[4,68]	-1.021	0.01356	0.8523	0.8156	-2.641	-1.047	0.7512	4012.0	11960.0	0.01215	1.002
beta_d_pr[4,69]	0.06577	0.003352	0.5978	0.5659	-1.089	0.0542	1.294	32920.0	25550.0	0.09967	1.0
beta_d_pr[4,70]	0.6007	0.003623	0.6455	0.6109	-0.6708	0.5925	1.914	32460.0	26080.0	0.09827	1.0
beta_d_pr[4,71]	-0.443	0.01772	0.9059	0.8901	-2.198	-0.4577	1.385	2649.0	11760.0	0.008019	1.003
beta_d_pr[4,72]	0.4095	0.03125	1.065	1.088	-1.711	0.4276	2.438	1191.0	6121.0	0.003605	1.006
beta_d_pr[4,73]	0.3619	0.00428	0.6104	0.5807	-0.7494	0.3301	1.662	19690.0	23750.0	0.05961	1.0
beta_d_pr[4,74]	-0.7804	0.003634	0.6567	0.6159	-2.064	-0.7877	0.5627	33800.0	26560.0	0.1023	1.0
beta_d_pr[4,75]	1.778	0.01924	0.6423	0.6542	0.5579	1.773	3.065	1131.0	6135.0	0.003424	1.006
beta_d_pr[4,76]	-1.488	0.007574	0.5683	0.5567	-2.655	-1.476	-0.4148	5471.0	18040.0	0.01657	1.001
beta_d_pr[4,77]	0.4977	0.008119	0.6472	0.6324	-0.7049	0.4753	1.849	6032.0	14210.0	0.01826	1.001
beta_d_pr[4,78]	-0.5444	0.004058	0.745	0.7097	-1.989	-0.5545	0.9782	34530.0	24740.0	0.1046	1.0
beta_d_pr[4,79]	-0.5491	0.01028	0.8576	0.8261	-2.199	-0.5698	1.218	7133.0	18070.0	0.0216	1.001
beta_d_pr[4,80]	-0.1912	0.008489	0.8108	0.7829	-1.789	-0.201	1.447	9233.0	22520.0	0.02796	1.001
beta_d_pr[4,81]	0.03816	0.004688	0.6326	0.603	-1.199	0.0301	1.319	17790.0	26460.0	0.05386	1.0
beta_d_pr[4,82]	-0.281	0.00819	0.6307	0.614	-1.515	-0.2839	0.9572	5792.0	22040.0	0.01754	1.001
beta_d_pr[4,83]	-0.05983	0.006422	0.7782	0.7449	-1.55	-0.07861	1.535	15110.0	24560.0	0.04576	1.0
beta_d_pr[4,84]	1.463	0.01369	0.5864	0.5868	0.3185	1.468	2.612	1853.0	7054.0	0.005611	1.004
beta_d_pr[4,85]	0.8842	0.003992	0.7114	0.673	-0.5387	0.8838	2.274	32650.0	24130.0	0.09886	1.0
beta_d_pr[4,86]	-0.119	0.007736	0.5141	0.5029	-1.079	-0.1334	0.9477	4338.0	16390.0	0.01314	1.001
beta_d_pr[4,87]	-0.3997	0.01179	0.8251	0.7894	-2.011	-0.4145	1.28	4920.0	17130.0	0.0149	1.001
beta_d_pr[4,88]	-0.4672	0.01371	0.8518	0.8219	-2.116	-0.4796	1.27	3938.0	15640.0	0.01192	1.002
beta_d_pr[4,89]	0.4593	0.004168	0.757	0.7279	-1.029	0.4537	1.969	33400.0	28290.0	0.1011	1.0
beta_d_pr[4,90]	0.2355	0.005265	0.7554	0.7415	-1.197	0.2115	1.777	19930.0	27770.0	0.06033	1.0
beta_d_pr[4,91]	0.03061	0.003458	0.6086	0.5709	-1.129	0.01293	1.299	32520.0	23030.0	0.09847	1.0
beta_d_pr[4,92]	0.5016	0.0157	0.9095	0.8824	-1.335	0.5135	2.264	3371.0	14770.0	0.01021	1.002
beta_d_pr[4,93]	-0.2498	0.004512	0.7519	0.7177	-1.723	-0.2643	1.26	28740.0	26640.0	0.08702	1.0
beta_d_pr[4,94]	0.5436	0.005879	0.7902	0.7558	-1.034	0.5429	2.098	18490.0	25480.0	0.05598	1.0
beta_d_pr[4,95]	-0.09353	0.005791	0.7803	0.7525	-1.614	-0.1046	1.502	18630.0	25870.0	0.05642	1.0
beta_d_pr[4,96]	1.099	0.007033	0.5616	0.5469	0.04607	1.086	2.256	6220.0	16910.0	0.01883	1.001
beta_d_pr[4,97]	-1.012	0.004812	0.8145	0.7686	-2.485	-1.058	0.7552	29760.0	24810.0	0.09011	1.0
beta_d_pr[4,98]	-1.616	0.008328	0.5048	0.4933	-2.652	-1.604	-0.6543	3641.0	11490.0	0.01103	1.002
beta_d_pr[4,99]	-1.291	0.003563	0.6325	0.6041	-2.534	-1.294	-0.01527	32050.0	25690.0	0.09703	1.0
beta_d_pr[4,100]	-0.4011	0.009649	0.8489	0.8215	-2.041	-0.4172	1.316	7887.0	18390.0	0.02388	1.001
beta_d_pr[4,101]	1.111	0.005133	0.7235	0.6893	-0.316	1.105	2.554	20560.0	26260.0	0.06226	1.0
beta_d_pr[4,102]	-1.951	0.009119	0.4882	0.4828	-2.938	-1.946	-1.016	2864.0	8138.0	0.008672	1.002
beta_d_pr[4,103]	0.7342	0.003825	0.6857	0.6581	-0.5808	0.7163	2.137	32870.0	27760.0	0.09951	1.0
beta_d_pr[4,104]	-0.4957	0.01047	0.8622	0.8344	-2.167	-0.5132	1.261	6913.0	17120.0	0.02093	1.001
beta_d_pr[4,105]	0.4685	0.005175	0.7326	0.6993	-0.9722	0.4638	1.945	20750.0	26080.0	0.06281	1.0
beta_d_pr[4,106]	-0.3137	0.01144	0.4754	0.486	-1.223	-0.3163	0.612	1760.0	11690.0	0.005329	1.003
beta_d_pr[4,107]	-0.461	0.006256	0.5802	0.5591	-1.586	-0.4672	0.7022	8318.0	24220.0	0.02518	1.001
beta_d_pr[4,108]	-0.863	0.009095	0.5596	0.5496	-1.928	-0.8722	0.2601	3771.0	20640.0	0.01142	1.001
beta_d_pr[4,109]	0.2103	0.003767	0.5832	0.5593	-0.8908	0.1955	1.409	23890.0	26730.0	0.07233	1.0
beta_d_pr[4,110]	0.5183	0.007195	0.64	0.6195	-0.6669	0.4963	1.855	7410.0	16560.0	0.02244	1.001
beta_d_pr[4,111]	0.162	0.01597	0.884	0.8541	-1.608	0.1729	1.872	3136.0	13990.0	0.009494	1.002
beta_d_pr[4,112]	-0.3532	0.01413	0.4811	0.5028	-1.27	-0.3583	0.5755	1203.0	7354.0	0.003642	1.006
beta_d_pr[4,113]	-0.5841	0.008638	0.8137	0.7771	-2.122	-0.6119	1.108	9031.0	18950.0	0.02734	1.0
beta_d_pr[4,114]	-0.9578	0.00903	0.6076	0.5923	-2.132	-0.9639	0.2588	4584.0	20550.0	0.01388	1.001
beta_d_pr[4,115]	-0.2407	0.008741	0.535	0.5313	-1.267	-0.2478	0.8345	3689.0	15150.0	0.01117	1.002
beta_d_pr[4,116]	0.06818	0.01272	0.9085	0.9003	-1.741	0.0736	1.825	5180.0	17680.0	0.01568	1.001
beta_d_pr[4,117]	0.4635	0.008375	0.5845	0.5678	-0.6171	0.4432	1.691	4646.0	12750.0	0.01407	1.001
beta_d_pr[4,118]	-0.1243	0.007342	0.6354	0.6184	-1.316	-0.1427	1.195	7215.0	21460.0	0.02185	1.001
beta_d_pr[4,119]	-0.02704	0.0104	0.8412	0.8171	-1.679	-0.03622	1.651	6697.0	19430.0	0.02028	1.001
beta_d_pr[4,120]	-0.1593	0.006726	0.7887	0.7476	-1.691	-0.1702	1.47	14280.0	22240.0	0.04324	1.0
beta_d_pr[4,121]	1.259	0.00574	0.5643	0.5482	0.2195	1.236	2.448	8901.0	15050.0	0.02695	1.002
beta_d_pr[4,122]	-0.159	0.01451	0.5837	0.5895	-1.252	-0.1703	1.021	1634.0	8680.0	0.004948	1.004
beta_d_pr[4,123]	-0.1982	0.01405	0.4309	0.4539	-1.015	-0.2007	0.6295	969.6	5554.0	0.002936	1.007
beta_d_pr[4,124]	-0.2791	0.003709	0.6318	0.5979	-1.456	-0.3056	1.046	29790.0	23570.0	0.09019	1.0
beta_d_pr[4,125]	0.3945	0.005737	0.7996	0.7665	-1.203	0.3937	1.956	19790.0	26910.0	0.05991	1.0
beta_d_pr[4,126]	0.1932	0.006905	0.8169	0.7844	-1.434	0.196	1.826	14210.0	25990.0	0.04304	1.0
beta_d_pr[4,127]	0.5974	0.005365	0.7532	0.7228	-0.877	0.5829	2.109	20140.0	24410.0	0.06099	1.0
beta_d_pr[4,128]	-0.1841	0.003896	0.7018	0.6647	-1.562	-0.1949	1.244	33090.0	26850.0	0.1002	1.0
beta_d_pr[4,129]	0.2749	0.01245	0.8752	0.8457	-1.476	0.2821	1.998	4977.0	16870.0	0.01507	1.001
beta_d_pr[4,130]	0.76	0.003145	0.5586	0.5356	-0.2432	0.7289	1.945	33420.0	24790.0	0.1012	1.0
beta_d_pr[4,131]	0.6216	0.003454	0.6133	0.5813	-0.5212	0.5933	1.92	33020.0	25940.0	0.09999	1.0
beta_d_pr[4,132]	-0.2663	0.003832	0.5721	0.544	-1.343	-0.2835	0.9271	22140.0	24720.0	0.06702	1.0
beta_d_pr[4,133]	-0.0122	0.03589	1.114	1.165	-2.157	-0.01377	2.122	996.6	5941.0	0.003017	1.006
beta_d_pr[4,134]	-0.9534	0.004361	0.7535	0.7044	-2.39	-0.9821	0.6446	31150.0	22820.0	0.09431	1.0
beta_d_pr[4,135]	0.2853	0.01079	0.5583	0.5542	-0.757	0.2738	1.432	2601.0	8922.0	0.007874	1.003
beta_d_pr[4,136]	-0.4527	0.003539	0.597	0.5639	-1.639	-0.4538	0.7378	28540.0	26910.0	0.08641	1.0
beta_d_pr[4,137]	0.6849	0.005483	0.6562	0.648	-0.5288	0.6546	2.048	13950.0	22650.0	0.04223	1.001
beta_d_pr[4,138]	-0.7192	0.01367	0.572	0.5845	-1.812	-0.7275	0.3989	1790.0	11530.0	0.005419	1.003
beta_d_pr[4,139]	1.284	0.008015	0.5489	0.537	0.2455	1.267	2.423	4512.0	13070.0	0.01366	1.001
beta_d_pr[4,140]	-0.4604	0.00462	0.7905	0.7604	-1.982	-0.4885	1.178	31690.0	26090.0	0.09596	1.0
beta_d_pr[4,141]	-1.311	0.01243	0.5035	0.5091	-2.298	-1.309	-0.3398	1664.0	6576.0	0.005038	1.003
sigma_alpha1_c[1]	1.345	0.003833	0.1329	0.1321	1.077	1.349	1.596	1216.0	3522.0	0.003683	1.003
sigma_alpha1_c[2]	1.259	0.003348	0.1235	0.122	1.008	1.263	1.496	1366.0	3981.0	0.004137	1.002
sigma_alpha1_d[1]	0.4095	0.01044	0.2438	0.3033	0.01915	0.4016	0.8443	582.0	2964.0	0.001762	1.004
sigma_alpha1_d[2]	0.4124	0.009794	0.2293	0.2841	0.02224	0.4209	0.8025	581.9	2746.0	0.001762	1.004
sigma_beta_c[1,1]	0.7606	0.0008557	0.09195	0.08989	0.5893	0.7572	0.9492	11470.0	18780.0	0.03474	1.0
sigma_beta_c[1,2]	0.8804	0.001049	0.1057	0.1039	0.6828	0.8771	1.098	10110.0	17370.0	0.0306	1.0
sigma_beta_c[2,1]	0.5183	0.001492	0.07619	0.07443	0.3644	0.5192	0.6658	2651.0	6072.0	0.008025	1.001
sigma_beta_c[2,2]	0.4306	0.001247	0.06558	0.06443	0.2977	0.4315	0.5576	2812.0	5492.0	0.008515	1.002
sigma_beta_c[3,1]	0.4438	0.002504	0.07069	0.07132	0.294	0.4523	0.5638	838.3	3161.0	0.002538	1.002
sigma_beta_c[3,2]	0.4667	0.002669	0.07375	0.07595	0.3137	0.4745	0.5934	794.4	3054.0	0.002405	1.003
sigma_beta_c[4,1]	0.7683	0.004099	0.1207	0.122	0.5196	0.778	0.9845	908.2	4565.0	0.00275	1.007
sigma_beta_c[4,2]	0.8965	0.004849	0.1366	0.1383	0.6119	0.909	1.134	851.5	3210.0	0.002578	1.007
sigma_beta_d[1,1]	0.1569	0.001855	0.1132	0.1197	0.00586	0.1374	0.4118	3841.0	8778.0	0.01163	1.0
sigma_beta_d[1,2]	0.185	0.002171	0.1313	0.1403	0.006834	0.1632	0.4791	3660.0	8778.0	0.01108	1.001
sigma_beta_d[2,1]	0.2032	0.003389	0.1155	0.138	0.01118	0.204	0.4161	1218.0	5179.0	0.003687	1.004
sigma_beta_d[2,2]	0.157	0.002696	0.09471	0.1141	0.007478	0.1535	0.3388	1296.0	5642.0	0.003925	1.003
sigma_beta_d[3,1]	0.2117	0.004959	0.1166	0.1442	0.0126	0.2152	0.4098	597.0	3068.0	0.001808	1.003
sigma_beta_d[3,2]	0.2298	0.005229	0.1231	0.1508	0.01389	0.2367	0.4335	602.5	2677.0	0.001824	1.004
sigma_beta_d[4,1]	0.3546	0.008683	0.1984	0.2457	0.01945	0.3628	0.6934	572.3	3248.0	0.001733	1.011
sigma_beta_d[4,2]	0.4047	0.01013	0.2302	0.2878	0.01912	0.4112	0.7976	569.4	3285.0	0.001724	1.011
alpha1[1,1]	0.3445	0.0003019	0.0589	0.05918	0.2369	0.3418	0.4667	38460.0	32070.0	0.1165	1.0
alpha1[1,2]	0.3476	0.0002265	0.05427	0.05397	0.2496	0.3446	0.461	59160.0	31640.0	0.1791	1.0
alpha1[2,1]	0.1776	0.0001625	0.04098	0.04012	0.1088	0.1737	0.2692	69080.0	29380.0	0.2092	1.0
alpha1[2,2]	0.2226	0.0005069	0.08459	0.0797	0.09332	0.2101	0.4228	28630.0	27590.0	0.08669	1.0
alpha1[3,1]	0.5664	0.0002362	0.05597	0.05561	0.4577	0.5658	0.6773	56480.0	30950.0	0.171	1.0
alpha1[3,2]	0.5711	0.0002753	0.05911	0.05943	0.459	0.5696	0.6905	46700.0	32110.0	0.1414	1.0
alpha1[4,1]	0.305	0.0003249	0.06971	0.06866	0.1695	0.304	0.4439	45810.0	30550.0	0.1387	1.0
alpha1[4,2]	0.1152	0.0001376	0.03081	0.02849	0.06719	0.1112	0.1866	53940.0	34590.0	0.1633	1.0
alpha1[5,1]	0.309	0.0002472	0.0537	0.05299	0.2134	0.3058	0.4228	48130.0	33310.0	0.1457	1.0
alpha1[5,2]	0.6055	0.0003315	0.07525	0.07505	0.4568	0.6063	0.7517	51460.0	32940.0	0.1558	1.0
alpha1[6,1]	0.4604	0.0002167	0.05687	0.05629	0.3544	0.4584	0.577	70420.0	31510.0	0.2132	1.0
alpha1[6,2]	0.5453	0.0003233	0.0701	0.07034	0.4112	0.5442	0.686	47410.0	28540.0	0.1435	1.0
alpha1[7,1]	0.0828	0.0001399	0.03071	0.0293	0.03477	0.07871	0.1535	50020.0	33410.0	0.1515	1.0
alpha1[7,2]	0.3664	0.0002883	0.0607	0.06102	0.2576	0.3631	0.494	45120.0	34700.0	0.1366	1.0
alpha1[8,1]	0.512	0.0002822	0.07035	0.0709	0.3807	0.5099	0.655	63100.0	29890.0	0.1911	1.0
alpha1[8,2]	0.6839	0.0003092	0.07235	0.0724	0.5353	0.6865	0.8195	54200.0	30660.0	0.1641	1.0
alpha1[9,1]	0.4012	0.0002059	0.05254	0.05183	0.3047	0.3988	0.5101	66630.0	30780.0	0.2017	1.0
alpha1[9,2]	0.4871	0.0002621	0.05798	0.05746	0.3769	0.4861	0.6039	49600.0	30560.0	0.1502	1.0
alpha1[10,1]	0.1319	0.0001467	0.03294	0.03041	0.08069	0.1271	0.2087	58730.0	31690.0	0.1778	1.0
alpha1[10,2]	0.2813	0.0003106	0.06702	0.06645	0.1631	0.2765	0.4256	47350.0	31930.0	0.1434	1.0
alpha1[11,1]	0.737	0.0002544	0.06644	0.06742	0.6029	0.7384	0.8617	66730.0	28230.0	0.202	1.0
alpha1[11,2]	0.7987	0.0003194	0.07151	0.07153	0.6435	0.8046	0.9211	47970.0	29150.0	0.1452	1.0
alpha1[12,1]	0.03391	0.0004689	0.04837	0.01453	0.005113	0.02209	0.1499	18350.0	12100.0	0.05555	1.0
alpha1[12,2]	0.06559	0.0001871	0.03364	0.03176	0.01768	0.05997	0.1445	31640.0	29160.0	0.09579	1.0
alpha1[13,1]	0.1441	0.0002534	0.04601	0.04495	0.06153	0.1414	0.2424	31250.0	22670.0	0.0946	1.0
alpha1[13,2]	0.2061	0.0001513	0.03741	0.0361	0.1432	0.2026	0.2891	67760.0	28770.0	0.2052	1.0
alpha1[14,1]	0.5331	0.0002584	0.05866	0.05887	0.419	0.5329	0.6489	51630.0	31680.0	0.1563	1.0
alpha1[14,2]	0.4192	0.0002009	0.05113	0.05147	0.3231	0.4178	0.5228	65410.0	32520.0	0.1981	1.0
alpha1[15,1]	0.2452	0.0001686	0.04029	0.03963	0.1723	0.2429	0.3306	58010.0	30950.0	0.1756	1.0
alpha1[15,2]	0.2642	0.000333	0.06141	0.0595	0.1578	0.2591	0.3988	33950.0	29870.0	0.1028	1.0
alpha1[16,1]	0.329	0.0002723	0.05895	0.0584	0.2248	0.325	0.4555	47880.0	33240.0	0.145	1.0
alpha1[16,2]	0.5257	0.0003063	0.06709	0.06753	0.4022	0.5233	0.6633	49210.0	31310.0	0.149	1.0
alpha1[17,1]	0.4596	0.0004238	0.09683	0.09662	0.2758	0.4572	0.656	52590.0	31270.0	0.1592	1.0
alpha1[17,2]	0.3513	0.0004619	0.09261	0.09189	0.1895	0.3443	0.5496	40740.0	31690.0	0.1233	1.0
alpha1[18,1]	0.3737	0.0002895	0.06522	0.06517	0.2503	0.3722	0.5056	50740.0	33260.0	0.1536	1.0
alpha1[18,2]	0.26	0.000178	0.04518	0.04439	0.1792	0.2573	0.3567	65990.0	33330.0	0.1998	1.0
alpha1[19,1]	0.5823	0.0002471	0.06395	0.06427	0.4621	0.5809	0.7112	67970.0	30080.0	0.2058	1.0
alpha1[19,2]	0.4912	0.0004393	0.09077	0.09168	0.3266	0.4862	0.6799	44340.0	28860.0	0.1342	1.0
alpha1[20,1]	0.4025	0.0002396	0.05361	0.05323	0.3056	0.3995	0.5159	51650.0	32670.0	0.1564	1.0
alpha1[20,2]	0.6823	0.0004055	0.07063	0.07243	0.5376	0.6847	0.8116	29950.0	29950.0	0.09069	1.0
alpha1[21,1]	0.511	0.0002255	0.05641	0.05651	0.4043	0.5095	0.6249	63440.0	31750.0	0.1921	1.0
alpha1[21,2]	0.4655	0.0002926	0.06366	0.06342	0.3494	0.4624	0.5982	48820.0	30290.0	0.1478	1.0
alpha1[22,1]	0.5822	0.0003482	0.07895	0.07815	0.4328	0.5798	0.7431	53100.0	28840.0	0.1608	1.0
alpha1[22,2]	0.5608	0.0009498	0.1499	0.1576	0.2664	0.5627	0.8394	24590.0	25740.0	0.07445	1.0
alpha1[23,1]	0.3757	0.0003057	0.06273	0.05852	0.2691	0.3696	0.5178	44440.0	30140.0	0.1345	1.0
alpha1[23,2]	0.7712	0.0003859	0.07415	0.07575	0.6156	0.7757	0.9009	36220.0	31990.0	0.1097	1.0
alpha1[24,1]	0.2961	0.0005743	0.09963	0.09836	0.09293	0.2986	0.487	30300.0	16870.0	0.09175	1.0
alpha1[24,2]	0.186	0.0003233	0.06474	0.05376	0.09643	0.1743	0.3512	52460.0	28690.0	0.1588	1.0
alpha1[25,1]	0.05214	0.0001912	0.03425	0.02517	0.011	0.04433	0.1411	28500.0	21870.0	0.0863	1.0
alpha1[25,2]	0.2001	0.0006318	0.1053	0.1076	0.02263	0.1914	0.4297	23100.0	13270.0	0.06993	1.0
alpha1[26,1]	0.5017	0.0002675	0.06273	0.06262	0.3855	0.4995	0.6313	55930.0	32970.0	0.1693	1.0
alpha1[26,2]	0.5879	0.0003295	0.07223	0.07327	0.4455	0.5886	0.7276	47990.0	31200.0	0.1453	1.0
alpha1[27,1]	0.865	0.0002478	0.05666	0.05678	0.7442	0.8691	0.9641	46870.0	22020.0	0.1419	1.0
alpha1[27,2]	0.9212	0.0001472	0.03513	0.03436	0.8412	0.9255	0.977	53100.0	25990.0	0.1608	1.0
alpha1[28,1]	0.2549	0.0002413	0.05338	0.05328	0.1588	0.2519	0.3672	49030.0	31490.0	0.1484	1.0
alpha1[28,2]	0.3372	0.0002436	0.05755	0.05733	0.235	0.3341	0.4599	57890.0	31950.0	0.1753	1.0
alpha1[29,1]	0.4656	0.0002896	0.06652	0.06634	0.3441	0.4624	0.6045	54080.0	30820.0	0.1637	1.0
alpha1[29,2]	0.3194	0.0002389	0.05556	0.05503	0.2211	0.3157	0.437	55960.0	33260.0	0.1694	0.9999
alpha1[30,1]	0.5275	0.0002343	0.05691	0.05701	0.4199	0.5263	0.6421	59720.0	30120.0	0.1808	1.0
alpha1[30,2]	0.578	0.0002485	0.05799	0.05813	0.4656	0.5778	0.6933	54620.0	32190.0	0.1654	1.0
alpha1[31,1]	0.1832	0.0002322	0.04697	0.04643	0.09918	0.1806	0.2829	40890.0	34300.0	0.1238	1.0
alpha1[31,2]	0.5957	0.0003484	0.07376	0.07394	0.4521	0.5961	0.7394	44930.0	34510.0	0.136	1.0
alpha1[32,1]	0.4685	0.0002527	0.05899	0.05837	0.3592	0.4662	0.5903	55950.0	30540.0	0.1694	1.0
alpha1[32,2]	0.454	0.0002388	0.05588	0.05536	0.351	0.4515	0.5691	56080.0	31190.0	0.1698	1.0
alpha1[33,1]	0.6459	0.0005242	0.1116	0.1097	0.414	0.6515	0.8477	49150.0	27330.0	0.1488	1.0
alpha1[33,2]	0.5093	0.0005241	0.1163	0.116	0.2872	0.5068	0.7431	49610.0	29020.0	0.1502	1.0
alpha1[34,1]	0.559	0.000274	0.06814	0.06857	0.4309	0.5571	0.6966	63400.0	29290.0	0.192	1.0
alpha1[34,2]	0.5735	0.0003606	0.07281	0.073	0.4371	0.571	0.7221	41600.0	27190.0	0.126	1.0
alpha1[35,1]	0.2175	0.0005892	0.09998	0.087	0.06936	0.2	0.4662	29920.0	25730.0	0.09058	1.0
alpha1[35,2]	0.2312	0.0003638	0.07813	0.07567	0.08796	0.2276	0.3973	43750.0	21890.0	0.1325	1.0
alpha1[36,1]	0.2232	0.0002379	0.05159	0.04917	0.1366	0.2185	0.3389	49350.0	31190.0	0.1494	1.0
alpha1[36,2]	0.3707	0.0002805	0.06705	0.06613	0.2522	0.3663	0.5148	60400.0	31270.0	0.1829	1.0
alpha1[37,1]	0.534	0.0003086	0.07178	0.07203	0.398	0.5329	0.6787	54800.0	29140.0	0.1659	1.0
alpha1[37,2]	0.5965	0.0003452	0.07578	0.07598	0.4452	0.5972	0.742	48110.0	29960.0	0.1457	1.0
alpha1[38,1]	0.5773	0.0003026	0.07107	0.07215	0.4421	0.5761	0.7198	55530.0	30610.0	0.1681	1.0
alpha1[38,2]	0.4952	0.0002599	0.06474	0.06496	0.3728	0.4938	0.6258	62690.0	31850.0	0.1898	1.0
alpha1[39,1]	0.05988	0.0001867	0.03342	0.02507	0.01782	0.05238	0.1466	37930.0	27640.0	0.1148	1.0
alpha1[39,2]	0.08265	0.0001743	0.0365	0.03104	0.03248	0.07539	0.1734	51720.0	32180.0	0.1566	1.0
alpha1[40,1]	0.4907	0.000523	0.1021	0.1036	0.3062	0.4852	0.7045	39560.0	28450.0	0.1198	1.0
alpha1[40,2]	0.6937	0.0003137	0.07671	0.07813	0.5417	0.6943	0.8401	59270.0	31000.0	0.1794	1.0
alpha1[41,1]	0.6994	0.0002419	0.06365	0.06362	0.5707	0.701	0.8193	68200.0	28780.0	0.2065	1.0
alpha1[41,2]	0.6854	0.0004556	0.09018	0.09207	0.5033	0.6881	0.8533	38290.0	26550.0	0.1159	1.0
alpha1[42,1]	0.4924	0.0003594	0.07559	0.07584	0.3547	0.4887	0.6479	45830.0	27080.0	0.1388	1.0
alpha1[42,2]	0.4353	0.0002443	0.06087	0.06068	0.3247	0.4323	0.5627	64700.0	29970.0	0.1959	1.0
alpha1[43,1]	0.2317	0.0001195	0.03009	0.02982	0.1759	0.2306	0.2936	63950.0	32110.0	0.1936	1.0
alpha1[43,2]	0.2292	0.0001736	0.03881	0.03743	0.1623	0.226	0.3141	52330.0	31270.0	0.1584	1.0
alpha1[44,1]	0.08685	0.002742	0.1281	0.02236	0.001934	0.01833	0.4499	1900.0	10310.0	0.005752	1.002
alpha1[44,2]	0.1961	0.006413	0.2386	0.02999	0.004731	0.02729	0.6869	1896.0	12140.0	0.005742	1.002
alpha1[45,1]	0.07266	0.000111	0.02697	0.02621	0.0278	0.07019	0.1328	54150.0	25560.0	0.164	1.0
alpha1[45,2]	0.06318	0.000113	0.02241	0.02177	0.02619	0.06086	0.1128	37720.0	30640.0	0.1142	1.0
alpha1[46,1]	0.1515	0.0001472	0.0339	0.03249	0.08853	0.1503	0.2232	52360.0	31050.0	0.1585	1.0
alpha1[46,2]	0.07069	0.0001039	0.02399	0.0226	0.03319	0.06759	0.1262	55780.0	32370.0	0.1689	1.0
alpha1[47,1]	0.07146	8.101e-05	0.01967	0.01879	0.04012	0.069	0.1159	65670.0	31660.0	0.1988	1.0
alpha1[47,2]	0.08871	0.0001268	0.02894	0.02786	0.04284	0.08514	0.1548	53090.0	32090.0	0.1607	1.0
alpha1[48,1]	0.4508	0.0003708	0.07457	0.07564	0.3137	0.4483	0.6034	41670.0	30230.0	0.1262	1.0
alpha1[48,2]	0.4737	0.0003257	0.06955	0.06943	0.3386	0.4732	0.6108	45610.0	31620.0	0.1381	1.0
alpha1[49,1]	0.3293	0.0002239	0.05583	0.05611	0.2218	0.3288	0.4399	61980.0	29270.0	0.1877	1.0
alpha1[49,2]	0.2646	0.0002757	0.05672	0.05544	0.1576	0.2628	0.3815	42040.0	28690.0	0.1273	1.0
alpha1[50,1]	0.01188	4.554e-05	0.008549	0.006388	0.002148	0.00973	0.03386	34300.0	28620.0	0.1038	1.0
alpha1[50,2]	0.01779	6.254e-05	0.01203	0.009611	0.003426	0.01497	0.04837	36520.0	31320.0	0.1106	1.0
alpha1[51,1]	0.1304	0.0002479	0.05041	0.0488	0.05425	0.123	0.2461	42380.0	33730.0	0.1283	1.0
alpha1[51,2]	0.1372	0.0002201	0.04825	0.04751	0.0575	0.132	0.2436	46120.0	30200.0	0.1396	1.0
alpha1[52,1]	0.7437	0.0002868	0.0636	0.06377	0.6202	0.7434	0.8692	49490.0	27520.0	0.1499	1.0
alpha1[52,2]	0.8614	0.0002966	0.06141	0.05958	0.7201	0.8694	0.9564	40570.0	27810.0	0.1228	1.0
alpha1[53,1]	0.9028	0.0001919	0.04325	0.04192	0.8041	0.9085	0.9699	48050.0	29140.0	0.1455	1.0
alpha1[53,2]	0.7123	0.0003796	0.08581	0.08665	0.5444	0.7122	0.8814	51040.0	25320.0	0.1545	1.0
alpha1[54,1]	0.2724	0.0002794	0.05965	0.05796	0.1691	0.2677	0.4024	46910.0	32970.0	0.142	1.0
alpha1[54,2]	0.3739	0.0002765	0.06655	0.06687	0.2518	0.3708	0.5129	58070.0	31860.0	0.1758	1.0
alpha1[55,1]	0.6935	0.0003401	0.07617	0.07701	0.5368	0.6969	0.8334	49640.0	30980.0	0.1503	1.0
alpha1[55,2]	0.69	0.000322	0.0773	0.07786	0.5293	0.6939	0.8301	57510.0	30630.0	0.1741	1.0
alpha1[56,1]	0.4417	0.0003686	0.07894	0.07681	0.3042	0.4355	0.6132	49830.0	26790.0	0.1509	1.0
alpha1[56,2]	0.4542	0.0003699	0.07742	0.0776	0.3161	0.4495	0.6175	46060.0	29010.0	0.1395	1.0
alpha1[57,1]	0.508	0.0004493	0.09467	0.09297	0.3389	0.502	0.7094	46280.0	29250.0	0.1401	1.0
alpha1[57,2]	0.8078	0.0003688	0.07754	0.07544	0.6322	0.8171	0.932	43680.0	29630.0	0.1322	1.0
alpha1[58,1]	0.03358	0.0002583	0.03857	0.01613	0.004629	0.02168	0.1366	25910.0	26110.0	0.07845	1.0
alpha1[58,2]	0.05326	0.0003758	0.05602	0.03018	0.004922	0.03537	0.2075	22930.0	27810.0	0.06942	1.0
alpha1[59,1]	0.5893	0.0003452	0.0818	0.08185	0.4359	0.5868	0.7572	58390.0	28870.0	0.1768	1.0
alpha1[59,2]	0.7164	0.0003048	0.0714	0.07262	0.5699	0.7188	0.8484	53800.0	28880.0	0.1629	1.0
alpha1[60,1]	0.3957	0.0002326	0.05969	0.0598	0.2842	0.3939	0.5172	66700.0	32740.0	0.2019	1.0
alpha1[60,2]	0.3452	0.0003469	0.06839	0.06751	0.2211	0.3418	0.4888	39340.0	31950.0	0.1191	1.0
alpha1[61,1]	0.3461	0.0002136	0.05499	0.05455	0.2452	0.3439	0.461	68140.0	29980.0	0.2063	1.0
alpha1[61,2]	0.3036	0.0002797	0.06155	0.06073	0.1935	0.3	0.4359	49060.0	31970.0	0.1485	1.0
alpha1[62,1]	0.2548	0.0003373	0.06637	0.0629	0.1438	0.2481	0.4037	40710.0	29280.0	0.1233	1.0
alpha1[62,2]	0.3596	0.0002176	0.05834	0.05796	0.2546	0.3565	0.4815	74340.0	31600.0	0.2251	1.0
alpha1[63,1]	0.5886	0.0002112	0.05296	0.05305	0.4841	0.5887	0.6927	62980.0	31440.0	0.1907	1.0
alpha1[63,2]	0.6947	0.0003526	0.06639	0.06762	0.5633	0.6951	0.8217	35150.0	27890.0	0.1064	1.0
alpha1[64,1]	0.08024	7.938e-05	0.02015	0.01927	0.04836	0.07756	0.127	73430.0	31870.0	0.2223	1.0
alpha1[64,2]	0.08062	0.0001085	0.02592	0.02511	0.03875	0.07768	0.1393	57460.0	32200.0	0.174	1.0
alpha1[65,1]	0.06644	0.0004568	0.06371	0.03789	0.006357	0.04465	0.2463	17370.0	25310.0	0.0526	1.0
alpha1[65,2]	0.1095	0.0004314	0.07269	0.05355	0.02014	0.09149	0.3021	25880.0	23680.0	0.07835	1.0
alpha1[66,1]	0.089	0.0003057	0.04709	0.0372	0.03068	0.0774	0.2109	25710.0	28810.0	0.07784	1.0
alpha1[66,2]	0.2623	0.0002126	0.04806	0.04698	0.177	0.2594	0.3641	52000.0	34660.0	0.1574	1.0
alpha1[67,1]	0.02638	8.54e-05	0.01521	0.01086	0.008264	0.02314	0.06391	32270.0	27680.0	0.09769	1.0
alpha1[67,2]	0.06755	0.0003619	0.05368	0.03343	0.0128	0.05189	0.2175	23220.0	25700.0	0.07032	1.0
alpha1[68,1]	0.02527	0.0001387	0.02277	0.01528	0.002951	0.01826	0.08714	25190.0	28990.0	0.07628	1.0
alpha1[68,2]	0.03362	0.0001256	0.02245	0.01533	0.00878	0.02822	0.09305	35940.0	27950.0	0.1088	1.0
alpha1[69,1]	0.04081	8.968e-05	0.0178	0.01628	0.01569	0.03752	0.08317	39140.0	33000.0	0.1185	1.0
alpha1[69,2]	0.04248	6.881e-05	0.01573	0.01364	0.01998	0.0398	0.08097	62330.0	32100.0	0.1887	1.0
alpha1[70,1]	0.2132	0.0002812	0.05575	0.0525	0.123	0.2067	0.3404	42120.0	31980.0	0.1275	1.0
alpha1[70,2]	0.4749	0.0002553	0.06033	0.05952	0.3619	0.4725	0.5993	56690.0	33440.0	0.1716	1.0
alpha1[71,1]	0.363	0.0005949	0.1179	0.1212	0.1263	0.3671	0.5835	40170.0	27160.0	0.1216	1.0
alpha1[71,2]	0.1	0.0002229	0.04506	0.04211	0.03551	0.09265	0.2089	42480.0	35090.0	0.1286	1.0
alpha1[72,1]	0.07931	0.0002861	0.04681	0.04628	0.01165	0.07282	0.1881	22640.0	20710.0	0.06855	1.0
alpha1[72,2]	0.1086	0.0001557	0.03398	0.03287	0.04908	0.1059	0.1826	45580.0	29170.0	0.138	1.0
alpha1[73,1]	0.2404	0.0001483	0.03828	0.03816	0.1705	0.2388	0.3211	66460.0	30220.0	0.2012	1.0
alpha1[73,2]	0.2066	0.0002791	0.05399	0.05247	0.1184	0.2006	0.3294	39620.0	29580.0	0.1199	1.0
alpha1[74,1]	0.1624	0.0002507	0.05811	0.05733	0.06991	0.1557	0.2923	55180.0	33520.0	0.1671	1.0
alpha1[74,2]	0.1903	0.0003845	0.07531	0.07345	0.06885	0.1817	0.3609	37480.0	28580.0	0.1135	1.0
alpha1[75,1]	0.09318	0.0001088	0.02608	0.02461	0.0515	0.09009	0.1538	62300.0	32070.0	0.1886	1.0
alpha1[75,2]	0.1069	0.000136	0.03267	0.03248	0.05217	0.1039	0.178	55950.0	30730.0	0.1694	1.0
alpha1[76,1]	0.2725	0.0002125	0.05031	0.04966	0.1811	0.27	0.378	55470.0	32140.0	0.1679	1.0
alpha1[76,2]	0.3937	0.0002473	0.05851	0.05734	0.291	0.3894	0.5195	61090.0	29320.0	0.185	1.0
alpha1[77,1]	0.6581	0.0002906	0.07049	0.07011	0.5216	0.6577	0.7979	59220.0	30640.0	0.1793	1.0
alpha1[77,2]	0.7304	0.0003285	0.07223	0.07315	0.5826	0.7326	0.8634	47310.0	28150.0	0.1433	1.0
alpha1[78,1]	0.8428	0.0002137	0.04909	0.04929	0.7393	0.8454	0.9299	50590.0	27580.0	0.1532	1.0
alpha1[78,2]	0.8476	0.00022	0.04652	0.04674	0.7486	0.8505	0.9294	42840.0	29440.0	0.1297	1.0
alpha1[79,1]	0.7031	0.0002692	0.06063	0.06157	0.5797	0.7042	0.817	50020.0	32330.0	0.1514	1.0
alpha1[79,2]	0.7781	0.0002407	0.05765	0.05773	0.6588	0.7805	0.8839	55990.0	28200.0	0.1695	1.0
alpha1[80,1]	0.6442	0.0004629	0.09349	0.09394	0.4538	0.6468	0.8204	40270.0	27630.0	0.1219	1.0
alpha1[80,2]	0.603	0.0003216	0.07924	0.07971	0.4503	0.6018	0.7612	61820.0	28950.0	0.1872	1.0
alpha1[81,1]	0.2743	0.0001883	0.04759	0.04793	0.1862	0.272	0.3726	64380.0	31470.0	0.1949	1.0
alpha1[81,2]	0.2324	0.0002299	0.04927	0.04843	0.1498	0.2281	0.3406	48350.0	30730.0	0.1464	1.0
alpha1[82,1]	0.1699	0.0001581	0.03656	0.03479	0.1086	0.1664	0.2518	56710.0	31410.0	0.1717	1.0
alpha1[82,2]	0.2305	0.0001856	0.0433	0.0427	0.15	0.2289	0.3201	53960.0	30520.0	0.1634	1.0
alpha1[83,1]	0.6946	0.0004585	0.09429	0.09608	0.5058	0.6959	0.8743	41550.0	26560.0	0.1258	1.0
alpha1[83,2]	0.7873	0.0002727	0.06682	0.06782	0.6481	0.7903	0.9085	57490.0	27420.0	0.1741	1.0
alpha1[84,1]	0.4866	0.0004472	0.08968	0.08966	0.3111	0.4866	0.6621	40260.0	31770.0	0.1219	1.0
alpha1[84,2]	0.2763	0.0002326	0.05356	0.0517	0.1873	0.271	0.3966	57480.0	31860.0	0.174	1.0
alpha1[85,1]	0.5629	0.0003051	0.07238	0.07233	0.4218	0.5628	0.7049	56410.0	31660.0	0.1708	1.0
alpha1[85,2]	0.389	0.0002997	0.06406	0.06364	0.2687	0.3869	0.5199	45840.0	34460.0	0.1388	0.9999
alpha1[86,1]	0.4532	0.0004336	0.08543	0.08477	0.2871	0.4523	0.6219	38810.0	28790.0	0.1175	1.0
alpha1[86,2]	0.4997	0.0002998	0.07512	0.07576	0.3572	0.4979	0.651	63760.0	28440.0	0.1931	1.0
alpha1[87,1]	0.1925	0.000336	0.07188	0.07232	0.07605	0.1845	0.3523	45650.0	35120.0	0.1382	1.0
alpha1[87,2]	0.07685	0.0002537	0.04209	0.03288	0.02449	0.06731	0.1862	31980.0	27560.0	0.09682	1.0
alpha1[88,1]	0.01374	7.468e-05	0.01198	0.006668	0.002722	0.01074	0.04323	31260.0	28010.0	0.09464	1.0
alpha1[88,2]	0.02001	0.0001084	0.01797	0.01056	0.003347	0.01481	0.06728	29610.0	30320.0	0.08964	1.0
alpha1[89,1]	0.5241	0.0002515	0.06621	0.06657	0.3959	0.5237	0.655	69580.0	30550.0	0.2107	1.0
alpha1[89,2]	0.5338	0.0004937	0.09378	0.0949	0.3624	0.53	0.7255	37070.0	28450.0	0.1122	1.0
alpha1[90,1]	0.2127	0.0001784	0.04716	0.04719	0.1296	0.2097	0.3128	70550.0	31200.0	0.2136	1.0
alpha1[90,2]	0.2351	0.0003194	0.06261	0.06222	0.1348	0.2277	0.375	39670.0	32980.0	0.1201	1.0
alpha1[91,1]	0.2915	0.00143	0.1925	0.1896	0.04328	0.2483	0.7474	17910.0	27850.0	0.05422	1.0
alpha1[91,2]	0.3421	0.001369	0.1938	0.2317	0.0562	0.3249	0.7368	19800.0	27480.0	0.05995	1.0
alpha1[92,1]	0.3513	0.0004635	0.09217	0.0922	0.1839	0.3466	0.5446	39010.0	28750.0	0.1181	1.0
alpha1[92,2]	0.4674	0.0003931	0.08946	0.09024	0.3049	0.4628	0.6523	53150.0	30000.0	0.1609	1.0
alpha1[93,1]	0.8953	0.0002012	0.0458	0.04632	0.7953	0.8998	0.9709	46950.0	24830.0	0.1421	1.0
alpha1[93,2]	0.8759	0.0002243	0.05139	0.05254	0.7662	0.8793	0.964	47470.0	24840.0	0.1437	1.0
alpha1[94,1]	0.8254	0.0003464	0.06839	0.06981	0.6826	0.8288	0.9467	37490.0	25880.0	0.1135	1.0
alpha1[94,2]	0.612	0.001827	0.2257	0.2456	0.1404	0.6512	0.9388	16570.0	18950.0	0.05017	1.0
alpha1[95,1]	0.578	0.000292	0.07485	0.07483	0.4353	0.5764	0.7282	67070.0	29230.0	0.2031	1.0
alpha1[95,2]	0.562	0.0005786	0.1083	0.1108	0.3469	0.5636	0.7682	34710.0	28140.0	0.1051	1.0
alpha1[96,1]	0.357	0.0002345	0.05491	0.05428	0.2573	0.3546	0.4728	56630.0	30820.0	0.1715	1.0
alpha1[96,2]	0.2843	0.0001998	0.04727	0.04685	0.2014	0.2812	0.3861	58600.0	31990.0	0.1774	1.0
alpha1[97,1]	0.3787	0.0002693	0.05617	0.05588	0.273	0.3773	0.4925	43660.0	32480.0	0.1322	1.0
alpha1[97,2]	0.7815	0.00026	0.05756	0.05809	0.6633	0.7838	0.8871	48610.0	31760.0	0.1472	1.0
alpha1[98,1]	0.6132	0.0004628	0.1043	0.1072	0.4105	0.6132	0.8142	50730.0	28770.0	0.1536	1.0
alpha1[98,2]	0.5433	0.0003931	0.09472	0.09478	0.3635	0.5417	0.7355	59040.0	29390.0	0.1788	1.0
alpha1[99,1]	0.8915	0.0002555	0.05401	0.05142	0.7655	0.8996	0.9725	41260.0	26430.0	0.1249	1.0
alpha1[99,2]	0.835	0.0003147	0.07063	0.07211	0.6827	0.8395	0.9566	44170.0	24080.0	0.1337	1.0
alpha1[100,1]	0.5558	0.0004769	0.09772	0.1006	0.3755	0.5523	0.755	43290.0	28030.0	0.1311	1.0
alpha1[100,2]	0.4757	0.0003403	0.08201	0.08271	0.326	0.4719	0.6456	60340.0	30300.0	0.1827	1.0
alpha1[101,1]	0.5465	0.0003936	0.08882	0.08961	0.3696	0.548	0.7169	50920.0	30110.0	0.1542	1.0
alpha1[101,2]	0.5299	0.0002987	0.07381	0.07384	0.3896	0.5283	0.6782	61750.0	30350.0	0.187	1.0
alpha1[102,1]	0.4105	0.0002628	0.06337	0.06256	0.2958	0.407	0.5455	59580.0	31340.0	0.1804	1.0
alpha1[102,2]	0.253	0.0004559	0.08387	0.08168	0.1058	0.247	0.435	33070.0	26700.0	0.1001	1.0
alpha1[103,1]	0.8732	0.0001916	0.04537	0.0453	0.7739	0.877	0.9501	52740.0	28850.0	0.1597	1.0
alpha1[103,2]	0.7753	0.0003001	0.06968	0.07041	0.6346	0.7767	0.9082	52230.0	25800.0	0.1581	1.0
alpha1[104,1]	0.4171	0.0002377	0.05661	0.0561	0.3135	0.4146	0.5349	58130.0	30710.0	0.176	1.0
alpha1[104,2]	0.5541	0.0002554	0.05969	0.06005	0.4395	0.5535	0.6735	55070.0	31780.0	0.1667	1.0
alpha1[105,1]	0.8438	0.0003319	0.07496	0.07715	0.6803	0.8501	0.9666	45280.0	23480.0	0.1371	1.0
alpha1[105,2]	0.8701	0.0002673	0.06184	0.06207	0.7326	0.8775	0.9683	48780.0	26310.0	0.1477	1.0
alpha1[106,1]	0.4486	0.0002646	0.06142	0.06156	0.3336	0.4473	0.5739	54990.0	32220.0	0.1665	1.0
alpha1[106,2]	0.5287	0.0002941	0.06624	0.06608	0.4041	0.5271	0.664	51600.0	30650.0	0.1562	1.0
alpha1[107,1]	0.2273	0.0001593	0.03513	0.03433	0.1654	0.2247	0.3029	49790.0	35370.0	0.1508	1.0
alpha1[107,2]	0.5073	0.0003508	0.07118	0.07102	0.3763	0.5043	0.6548	41980.0	31940.0	0.1271	1.0
alpha1[108,1]	0.3934	0.0001979	0.0523	0.05192	0.297	0.3915	0.5016	72070.0	30190.0	0.2182	1.0
alpha1[108,2]	0.4773	0.0003212	0.06895	0.06901	0.3442	0.4763	0.6151	46190.0	30300.0	0.1399	1.0
alpha1[109,1]	0.4334	0.0003629	0.07518	0.07508	0.2928	0.4311	0.5861	43030.0	32170.0	0.1303	1.0
alpha1[109,2]	0.2655	0.0001952	0.04705	0.04553	0.1848	0.2614	0.3681	60790.0	34900.0	0.1841	1.0
alpha1[110,1]	0.4746	0.0002209	0.05439	0.0546	0.371	0.4735	0.5828	60990.0	31830.0	0.1847	1.0
alpha1[110,2]	0.3412	0.0002782	0.06071	0.05925	0.2378	0.3359	0.4752	50750.0	29800.0	0.1537	1.0
alpha1[111,1]	0.04226	0.0002539	0.03651	0.02329	0.006599	0.03078	0.1436	21600.0	26430.0	0.0654	1.0
alpha1[111,2]	0.1211	0.0001915	0.04244	0.03959	0.05582	0.115	0.2195	50870.0	31930.0	0.154	1.0
alpha1[112,1]	0.3567	0.0003057	0.06596	0.06495	0.2391	0.3525	0.4974	47880.0	31600.0	0.145	1.0
alpha1[112,2]	0.5113	0.0003765	0.07902	0.07952	0.3656	0.5082	0.6744	45510.0	28450.0	0.1378	1.0
alpha1[113,1]	0.4145	0.0003217	0.07707	0.07568	0.2775	0.4098	0.5788	60790.0	29250.0	0.1841	1.0
alpha1[113,2]	0.3207	0.0007078	0.1097	0.1036	0.1501	0.305	0.5772	26800.0	24340.0	0.08116	1.0
alpha1[114,1]	0.2889	0.0002362	0.05319	0.05274	0.1945	0.2859	0.4019	51370.0	33340.0	0.1555	1.0
alpha1[114,2]	0.2129	0.0001464	0.03513	0.03401	0.1498	0.2109	0.2878	58830.0	33000.0	0.1781	1.0
alpha1[115,1]	0.7801	0.0002672	0.05393	0.05413	0.6672	0.7827	0.8774	39830.0	28640.0	0.1206	1.0
alpha1[115,2]	0.6588	0.0002866	0.06237	0.06307	0.5368	0.6586	0.78	47260.0	32280.0	0.1431	1.0
alpha1[116,1]	0.3582	0.0002083	0.05199	0.05154	0.2603	0.3565	0.4654	63160.0	31820.0	0.1912	1.0
alpha1[116,2]	0.3906	0.000272	0.06042	0.06026	0.2801	0.388	0.5169	49860.0	29270.0	0.151	1.0
alpha1[117,1]	0.458	0.0002168	0.05787	0.05757	0.35	0.456	0.5769	73510.0	27860.0	0.2226	1.0
alpha1[117,2]	0.4819	0.0004053	0.08103	0.08158	0.3271	0.481	0.6442	39970.0	31720.0	0.121	1.0
alpha1[118,1]	0.5593	0.0003024	0.07145	0.07148	0.4197	0.5591	0.6998	55920.0	32520.0	0.1693	1.0
alpha1[118,2]	0.5604	0.0004015	0.08636	0.08803	0.3977	0.5586	0.7332	46710.0	29060.0	0.1414	1.0
alpha1[119,1]	0.7142	0.0002462	0.06142	0.06123	0.5924	0.7155	0.832	61730.0	27800.0	0.1869	1.0
alpha1[119,2]	0.7215	0.0002551	0.061	0.06174	0.5988	0.7231	0.8376	56530.0	27580.0	0.1711	1.0
alpha1[120,1]	0.4576	0.0002968	0.06983	0.06877	0.3256	0.4555	0.6009	55750.0	33490.0	0.1688	1.0
alpha1[120,2]	0.3083	0.0007665	0.116	0.117	0.1202	0.2961	0.5669	23330.0	27570.0	0.07065	1.0
alpha1[121,1]	0.4766	0.0005477	0.1076	0.1073	0.2966	0.4661	0.7132	42920.0	26710.0	0.1299	1.0
alpha1[121,2]	0.3607	0.0005054	0.1018	0.102	0.1882	0.3519	0.5822	42610.0	28580.0	0.129	1.0
alpha1[122,1]	0.3922	0.0002138	0.05261	0.05209	0.2961	0.3899	0.5031	62810.0	29070.0	0.1902	1.0
alpha1[122,2]	0.4026	0.0002615	0.05855	0.05745	0.2976	0.3993	0.5281	52240.0	27910.0	0.1582	1.0
alpha1[123,1]	0.04627	7.294e-05	0.0165	0.01555	0.0209	0.04391	0.08487	51360.0	33920.0	0.1555	1.0
alpha1[123,2]	0.1853	0.0001835	0.04252	0.03986	0.1156	0.1805	0.2822	56250.0	34610.0	0.1703	1.0
alpha1[124,1]	0.4981	0.0002467	0.06048	0.06057	0.3836	0.4972	0.6197	60700.0	31430.0	0.1838	1.0
alpha1[124,2]	0.6045	0.000328	0.07111	0.07161	0.4655	0.6044	0.7436	47000.0	29930.0	0.1423	1.0
alpha1[125,1]	0.5172	0.0002404	0.05749	0.05769	0.4063	0.5163	0.6325	57530.0	31690.0	0.1742	1.0
alpha1[125,2]	0.5333	0.000305	0.06642	0.06673	0.4104	0.5306	0.6707	48850.0	29130.0	0.1479	1.0
alpha1[126,1]	0.6284	0.0002417	0.05837	0.05827	0.512	0.6291	0.7411	58190.0	32400.0	0.1762	1.0
alpha1[126,2]	0.5268	0.0002132	0.05325	0.05339	0.4257	0.5259	0.6338	62940.0	32120.0	0.1906	1.0
alpha1[127,1]	0.423	0.0002748	0.06779	0.06778	0.2998	0.4193	0.5655	62700.0	31740.0	0.1898	1.0
alpha1[127,2]	0.6506	0.0003177	0.0749	0.07508	0.4968	0.653	0.7899	55590.0	30790.0	0.1683	1.0
alpha1[128,1]	0.6906	0.0005493	0.1055	0.1044	0.4672	0.6961	0.8791	36190.0	24610.0	0.1096	1.0
alpha1[128,2]	0.7069	0.0003373	0.07934	0.07995	0.551	0.7076	0.8614	54610.0	25250.0	0.1654	1.0
alpha1[129,1]	0.7503	0.0002462	0.05451	0.05515	0.6394	0.752	0.8525	48200.0	31570.0	0.1459	1.0
alpha1[129,2]	0.6185	0.000302	0.0679	0.06788	0.4869	0.6176	0.7535	50940.0	30740.0	0.1542	1.0
alpha1[130,1]	0.1286	0.0005177	0.08084	0.07253	0.0237	0.1104	0.3278	22780.0	26200.0	0.06897	1.0
alpha1[130,2]	0.04621	9.154e-05	0.01952	0.01651	0.01949	0.04258	0.09428	49830.0	33660.0	0.1509	1.0
alpha1[131,1]	0.227	0.0005004	0.09187	0.09072	0.06546	0.2219	0.4252	31930.0	24280.0	0.09666	1.0
alpha1[131,2]	0.2516	0.0004327	0.08819	0.08417	0.1007	0.2432	0.4467	40420.0	24460.0	0.1224	1.0
alpha1[132,1]	0.4198	0.0003453	0.08062	0.08024	0.2763	0.4152	0.5905	56990.0	31300.0	0.1725	1.0
alpha1[132,2]	0.455	0.0006863	0.1213	0.1222	0.2256	0.4524	0.6999	31200.0	27490.0	0.09447	1.0
alpha1[133,1]	0.1355	0.0002369	0.04892	0.04547	0.0552	0.1301	0.2474	42170.0	27550.0	0.1277	1.0
alpha1[133,2]	0.2242	0.0002765	0.06208	0.06006	0.1197	0.2186	0.3616	50100.0	33270.0	0.1517	1.0
alpha1[134,1]	0.4108	0.000273	0.05783	0.05724	0.2977	0.4109	0.5244	44890.0	32940.0	0.1359	1.0
alpha1[134,2]	0.6263	0.0002716	0.06362	0.06417	0.4992	0.6273	0.7478	54790.0	31580.0	0.1659	1.0
alpha1[135,1]	0.4203	0.0004858	0.09708	0.09836	0.2302	0.4207	0.607	40000.0	26820.0	0.1211	1.0
alpha1[135,2]	0.5117	0.0002918	0.07448	0.0756	0.3725	0.5095	0.6631	66520.0	31680.0	0.2014	1.0
alpha1[136,1]	0.09593	0.000144	0.03195	0.02927	0.04825	0.0911	0.1724	54640.0	31740.0	0.1654	1.0
alpha1[136,2]	0.09099	0.0001105	0.02551	0.02456	0.04759	0.08881	0.1472	53200.0	31460.0	0.1611	1.0
alpha1[137,1]	0.4864	0.0002345	0.06199	0.06146	0.3679	0.4849	0.6121	71740.0	30400.0	0.2172	1.0
alpha1[137,2]	0.4268	0.000406	0.08269	0.08233	0.2838	0.4203	0.6051	44470.0	28620.0	0.1346	1.0
alpha1[138,1]	0.5468	0.0003499	0.06844	0.06822	0.4212	0.544	0.6883	39010.0	30620.0	0.1181	1.0
alpha1[138,2]	0.3025	0.0003071	0.06774	0.06629	0.1858	0.2973	0.4513	50280.0	34510.0	0.1522	1.0
alpha1[139,1]	0.548	0.0002904	0.07316	0.07397	0.4086	0.5466	0.6948	64260.0	29720.0	0.1946	1.0
alpha1[139,2]	0.4888	0.0003577	0.07896	0.07872	0.3409	0.4862	0.6503	49560.0	29050.0	0.1501	1.0
alpha1[140,1]	0.1649	0.0001604	0.03774	0.03701	0.1009	0.1613	0.2476	57880.0	31960.0	0.1753	1.0
alpha1[140,2]	0.2347	0.0001922	0.04614	0.04552	0.1497	0.2325	0.332	58010.0	31320.0	0.1757	1.0
alpha1[141,1]	0.5957	0.0006699	0.1111	0.1063	0.3666	0.6003	0.797	35270.0	19860.0	0.1068	1.0
alpha1[141,2]	0.4875	0.0003606	0.08758	0.08692	0.3208	0.4856	0.6661	60200.0	28280.0	0.1823	1.0
beta1m[1,1]	2.781	0.004012	0.8066	0.8046	1.314	2.746	4.473	38390.0	23450.0	0.1162	1.0
beta1m[1,2]	3.661	0.005108	1.092	1.074	1.682	3.609	5.963	42630.0	23040.0	0.1291	1.0
beta1m[2,1]	0.8964	0.003371	0.6173	0.4802	0.1705	0.7503	2.501	34860.0	29970.0	0.1056	1.0
beta1m[2,2]	0.6391	0.001778	0.4056	0.364	0.1121	0.5543	1.647	47400.0	29390.0	0.1435	1.0
beta1m[3,1]	2.932	0.002438	0.5668	0.5641	1.893	2.909	4.097	52380.0	27580.0	0.1586	1.0
beta1m[3,2]	3.428	0.002919	0.7083	0.6975	2.136	3.392	4.918	57570.0	29800.0	0.1743	1.0
beta1m[4,1]	0.3755	0.000902	0.209	0.1866	0.09165	0.3347	0.8893	53600.0	28430.0	0.1623	1.0
beta1m[4,2]	0.3418	0.001389	0.2643	0.188	0.05468	0.2726	1.028	41310.0	28170.0	0.1251	1.0
beta1m[5,1]	0.8949	0.001873	0.3954	0.3943	0.2587	0.8554	1.779	39240.0	24930.0	0.1188	1.0
beta1m[5,2]	0.8834	0.0019	0.4226	0.4297	0.1972	0.8409	1.812	41600.0	22110.0	0.126	1.0
beta1m[6,1]	0.4012	0.0008401	0.2005	0.1904	0.1063	0.3684	0.8762	52800.0	27690.0	0.1599	1.0
beta1m[6,2]	0.3551	0.001055	0.2248	0.1958	0.06717	0.3069	0.9216	42240.0	27790.0	0.1279	1.0
beta1m[7,1]	0.9317	0.003043	0.6497	0.5153	0.1633	0.775	2.568	46760.0	28530.0	0.1416	1.0
beta1m[7,2]	0.8116	0.00252	0.5889	0.4946	0.1095	0.6605	2.322	51870.0	26740.0	0.1571	1.0
beta1m[8,1]	0.9803	0.002777	0.4757	0.4482	0.2575	0.9081	2.1	26860.0	23470.0	0.08132	1.0
beta1m[8,2]	0.6406	0.001203	0.2779	0.28	0.1736	0.6186	1.252	45790.0	22920.0	0.1387	1.0
beta1m[9,1]	2.745	0.004171	0.8584	0.8505	1.221	2.695	4.573	39390.0	23920.0	0.1193	1.0
beta1m[9,2]	3.028	0.004496	0.989	0.9839	1.247	2.974	5.118	44360.0	23660.0	0.1343	1.0
beta1m[10,1]	0.6494	0.001638	0.3563	0.3322	0.1531	0.5851	1.495	43940.0	27680.0	0.133	1.0
beta1m[10,2]	0.5148	0.001357	0.3091	0.2846	0.09788	0.4548	1.263	47330.0	26630.0	0.1433	1.0
beta1m[11,1]	0.5368	0.001044	0.2355	0.2329	0.1585	0.5115	1.067	44690.0	24400.0	0.1353	1.0
beta1m[11,2]	0.4374	0.0009743	0.2208	0.217	0.1048	0.4061	0.9467	43990.0	25090.0	0.1332	1.0
beta1m[12,1]	0.6599	0.002259	0.4531	0.3515	0.1302	0.5506	1.805	39650.0	29660.0	0.1201	1.0
beta1m[12,2]	0.5529	0.002056	0.4243	0.3164	0.08355	0.4426	1.652	43280.0	29690.0	0.131	1.0
beta1m[13,1]	0.7138	0.001931	0.4334	0.3807	0.1492	0.6202	1.796	47970.0	29370.0	0.1452	0.9999
beta1m[13,2]	0.6578	0.002374	0.5083	0.3802	0.09495	0.5231	1.997	44440.0	28400.0	0.1345	0.9999
beta1m[14,1]	0.8314	0.001888	0.428	0.4172	0.1927	0.7686	1.821	44400.0	23820.0	0.1344	1.0
beta1m[14,2]	0.6683	0.0017	0.3878	0.3693	0.1268	0.6009	1.594	44550.0	25270.0	0.1349	1.0
beta1m[15,1]	1.679	0.004435	0.8458	0.8295	0.3702	1.571	3.606	31850.0	22790.0	0.09643	1.0
beta1m[15,2]	1.553	0.004273	0.8556	0.8518	0.2777	1.428	3.515	33700.0	23100.0	0.102	1.0
beta1m[16,1]	1.774	0.002998	0.5686	0.5687	0.7499	1.745	2.97	33680.0	23100.0	0.102	1.0
beta1m[16,2]	2.119	0.003431	0.7036	0.6944	0.829	2.087	3.587	39040.0	20320.0	0.1182	1.0
beta1m[17,1]	0.3791	0.0008621	0.1968	0.184	0.09727	0.3443	0.8498	49650.0	28490.0	0.1503	1.0
beta1m[17,2]	0.298	0.0008509	0.1863	0.1599	0.05949	0.2594	0.7636	48760.0	29250.0	0.1476	1.0
beta1m[18,1]	0.769	0.001917	0.456	0.4163	0.1622	0.6771	1.898	52460.0	28880.0	0.1588	1.0
beta1m[18,2]	0.7331	0.002446	0.5421	0.435	0.1054	0.5961	2.138	47090.0	29610.0	0.1426	1.0
beta1m[19,1]	1.026	0.002256	0.522	0.5153	0.2347	0.9533	2.213	45610.0	25460.0	0.1381	1.0
beta1m[19,2]	0.9765	0.00246	0.568	0.5521	0.1711	0.8824	2.329	44190.0	25250.0	0.1338	1.0
beta1m[20,1]	3.186	0.004178	0.8302	0.807	1.747	3.12	4.996	38170.0	29200.0	0.1156	1.0
beta1m[20,2]	2.807	0.003624	0.7268	0.7171	1.517	2.767	4.353	39310.0	29670.0	0.119	1.0
beta1m[21,1]	2.562	0.002863	0.6238	0.6104	1.433	2.529	3.89	45290.0	25890.0	0.1371	1.0
beta1m[21,2]	2.67	0.002572	0.611	0.6032	1.549	2.64	3.937	54360.0	27650.0	0.1646	1.0
beta1m[22,1]	0.4858	0.001137	0.2469	0.2348	0.124	0.4465	1.062	42590.0	27240.0	0.1289	1.0
beta1m[22,2]	0.3509	0.0009036	0.1992	0.1825	0.07665	0.3147	0.8315	45330.0	29060.0	0.1373	1.0
beta1m[23,1]	0.4694	0.001288	0.2744	0.237	0.108	0.4141	1.155	44480.0	28680.0	0.1347	1.0
beta1m[23,2]	0.3486	0.0009143	0.2131	0.1888	0.06819	0.3032	0.8807	50730.0	27700.0	0.1536	1.0
beta1m[24,1]	0.695	0.001692	0.3717	0.3507	0.1634	0.6326	1.573	45850.0	28070.0	0.1388	1.0
beta1m[24,2]	0.7262	0.002718	0.5202	0.4271	0.1064	0.5967	2.077	36640.0	29540.0	0.1109	1.0
beta1m[25,1]	0.5124	0.001772	0.3323	0.2634	0.109	0.4377	1.333	37600.0	29510.0	0.1138	1.0
beta1m[25,2]	0.3892	0.001356	0.269	0.2145	0.06928	0.3252	1.065	43240.0	29060.0	0.1309	1.0
beta1m[26,1]	2.438	0.004009	0.7483	0.724	1.168	2.365	4.093	32990.0	24070.0	0.09988	1.0
beta1m[26,2]	2.108	0.002344	0.5405	0.5338	1.098	2.093	3.229	51290.0	24400.0	0.1553	1.0
beta1m[27,1]	0.5544	0.001197	0.2779	0.2659	0.1425	0.5128	1.206	47250.0	26890.0	0.1431	1.0
beta1m[27,2]	0.4736	0.001233	0.2794	0.2567	0.09136	0.4211	1.148	45050.0	25340.0	0.1364	1.0
beta1m[28,1]	0.5138	0.001247	0.2716	0.2518	0.1281	0.4674	1.159	44580.0	28240.0	0.135	1.0
beta1m[28,2]	0.3968	0.0009992	0.2304	0.2144	0.07977	0.3536	0.9539	48980.0	29420.0	0.1483	1.0
beta1m[29,1]	1.612	0.002597	0.5719	0.5666	0.5939	1.579	2.834	43770.0	22290.0	0.1325	1.0
beta1m[29,2]	1.49	0.002846	0.6127	0.6109	0.45	1.44	2.816	41100.0	22220.0	0.1244	1.0
beta1m[30,1]	2.803	0.005035	0.8805	0.8503	1.273	2.734	4.737	28840.0	24320.0	0.08733	1.0
beta1m[30,2]	3.721	0.004425	0.9257	0.9215	2.05	3.678	5.661	43040.0	29580.0	0.1303	1.0
beta1m[31,1]	1.071	0.00254	0.5271	0.5012	0.2746	1.001	2.285	38070.0	24710.0	0.1153	1.0
beta1m[31,2]	0.9146	0.00194	0.4415	0.4509	0.2032	0.8719	1.886	44040.0	24150.0	0.1333	1.0
beta1m[32,1]	3.136	0.002291	0.5661	0.5617	2.093	3.11	4.308	60060.0	30030.0	0.1818	1.0
beta1m[32,2]	3.119	0.003341	0.7307	0.7189	1.793	3.079	4.665	46670.0	30180.0	0.1413	1.0
beta1m[33,1]	0.401	0.0008998	0.1976	0.1875	0.1075	0.3715	0.8626	44210.0	26440.0	0.1339	1.0
beta1m[33,2]	0.3116	0.0008295	0.1835	0.1628	0.06549	0.2748	0.7649	45790.0	28190.0	0.1386	1.0
beta1m[34,1]	2.539	0.003463	0.6117	0.6079	1.454	2.499	3.832	30200.0	26290.0	0.09143	1.0
beta1m[34,2]	1.673	0.002829	0.4983	0.4969	0.7843	1.646	2.72	30080.0	27240.0	0.09107	1.0
beta1m[35,1]	0.5015	0.001558	0.3037	0.2536	0.114	0.4371	1.251	40450.0	27090.0	0.1225	1.0
beta1m[35,2]	0.4263	0.001496	0.2981	0.2389	0.07138	0.3558	1.185	42380.0	27870.0	0.1283	1.0
beta1m[36,1]	1.254	0.003255	0.6238	0.609	0.2992	1.169	2.674	32870.0	23880.0	0.09951	1.0
beta1m[36,2]	0.9545	0.00246	0.5101	0.4956	0.2002	0.879	2.149	38180.0	25650.0	0.1156	1.0
beta1m[37,1]	1.366	0.002189	0.4469	0.4448	0.5577	1.344	2.311	38480.0	22190.0	0.1165	1.0
beta1m[37,2]	1.245	0.001964	0.421	0.4242	0.4712	1.231	2.124	42410.0	22400.0	0.1284	1.0
beta1m[38,1]	1.069	0.001876	0.3904	0.3957	0.3834	1.047	1.889	39680.0	23800.0	0.1201	1.0
beta1m[38,2]	1.285	0.002968	0.5774	0.5844	0.3264	1.232	2.548	33360.0	22290.0	0.101	1.0
beta1m[39,1]	0.7618	0.002202	0.4771	0.4163	0.1524	0.6569	1.949	47600.0	29950.0	0.1441	1.0
beta1m[39,2]	0.7139	0.00249	0.5247	0.4242	0.101	0.5772	2.075	43810.0	28340.0	0.1326	1.0
beta1m[40,1]	0.5619	0.001108	0.2419	0.2377	0.1734	0.5366	1.109	43500.0	27940.0	0.1317	1.0
beta1m[40,2]	0.6293	0.001942	0.3544	0.3401	0.1199	0.5704	1.47	30830.0	25490.0	0.09334	1.0
beta1m[41,1]	0.589	0.001158	0.2636	0.26	0.1709	0.5582	1.181	45670.0	25900.0	0.1383	1.0
beta1m[41,2]	0.5186	0.001209	0.2696	0.2617	0.118	0.4803	1.152	43270.0	25800.0	0.131	1.0
beta1m[42,1]	1.462	0.004095	0.8058	0.7662	0.3059	1.332	3.385	34590.0	25970.0	0.1047	1.0
beta1m[42,2]	1.186	0.002927	0.6663	0.6611	0.2145	1.088	2.725	43250.0	25620.0	0.1309	1.0
beta1m[43,1]	0.5811	0.001557	0.3545	0.3051	0.1224	0.5051	1.458	51460.0	28610.0	0.1558	1.0
beta1m[43,2]	0.5118	0.001755	0.3785	0.2949	0.07782	0.4151	1.506	47280.0	28490.0	0.1432	1.0
beta1m[44,1]	0.8603	0.005843	0.6802	0.4327	0.1644	0.6812	2.648	16270.0	19900.0	0.04925	1.0
beta1m[44,2]	0.7957	0.005901	0.7263	0.4298	0.1084	0.5972	2.758	21090.0	20170.0	0.06384	1.0
beta1m[45,1]	0.7838	0.002339	0.4948	0.4244	0.154	0.6725	2.029	46040.0	29790.0	0.1394	1.0
beta1m[45,2]	0.6828	0.002411	0.5096	0.396	0.1013	0.5518	2.005	48030.0	29830.0	0.1454	1.0
beta1m[46,1]	2.055	0.01023	1.796	1.253	0.2351	1.483	6.927	36280.0	32610.0	0.1098	1.0
beta1m[46,2]	2.159	0.0139	2.437	1.255	0.1645	1.336	8.884	37380.0	32030.0	0.1132	1.0
beta1m[47,1]	2.014	0.007463	1.45	1.269	0.2742	1.665	5.642	36690.0	29850.0	0.1111	1.0
beta1m[47,2]	1.987	0.007943	1.608	1.319	0.1936	1.536	6.152	38740.0	30840.0	0.1173	1.0
beta1m[48,1]	2.198	0.003277	0.6581	0.6465	1.034	2.161	3.601	37600.0	25510.0	0.1139	1.0
beta1m[48,2]	2.526	0.002836	0.6678	0.6622	1.266	2.505	3.896	53190.0	24010.0	0.161	1.0
beta1m[49,1]	1.078	0.003119	0.6217	0.5674	0.2231	0.9617	2.595	35720.0	25120.0	0.1082	1.0
beta1m[49,2]	0.8218	0.002082	0.4776	0.458	0.1515	0.7401	1.951	45490.0	26730.0	0.1377	1.0
beta1m[50,1]	0.7974	0.002992	0.5985	0.4259	0.141	0.6434	2.36	47330.0	29710.0	0.1433	1.0
beta1m[50,2]	0.7157	0.003287	0.6419	0.4048	0.09319	0.5311	2.411	49410.0	29940.0	0.1496	1.0
beta1m[51,1]	1.546	0.003592	0.7228	0.7023	0.4021	1.464	3.195	35730.0	23920.0	0.1082	1.0
beta1m[51,2]	1.399	0.003367	0.692	0.6806	0.3102	1.323	2.956	37480.0	24620.0	0.1135	1.0
beta1m[52,1]	0.5628	0.001285	0.2943	0.2808	0.1364	0.5152	1.259	47250.0	25650.0	0.143	1.0
beta1m[52,2]	0.455	0.001227	0.2777	0.2491	0.08659	0.3994	1.141	45950.0	26980.0	0.1391	1.0
beta1m[53,1]	0.4327	0.001124	0.2437	0.219	0.1012	0.3857	1.023	45630.0	27950.0	0.1381	1.0
beta1m[53,2]	0.3249	0.0008376	0.1988	0.1781	0.06265	0.282	0.8211	52540.0	27710.0	0.1591	1.0
beta1m[54,1]	0.8637	0.001775	0.3765	0.3767	0.2507	0.8241	1.697	40150.0	24650.0	0.1216	1.0
beta1m[54,2]	0.8217	0.001951	0.4139	0.4118	0.1835	0.7687	1.758	38510.0	23620.0	0.1166	1.0
beta1m[55,1]	0.653	0.001229	0.2834	0.2869	0.191	0.6249	1.277	46110.0	25580.0	0.1396	1.0
beta1m[55,2]	0.5575	0.001254	0.2836	0.2772	0.1299	0.5179	1.21	45650.0	26650.0	0.1382	1.0
beta1m[56,1]	0.6173	0.001246	0.2963	0.2932	0.1591	0.5791	1.293	49060.0	27170.0	0.1485	1.0
beta1m[56,2]	0.5583	0.001584	0.3476	0.3058	0.1057	0.4864	1.417	43530.0	28200.0	0.1318	1.0
beta1m[57,1]	0.5679	0.001461	0.2825	0.2638	0.151	0.5228	1.235	34580.0	26130.0	0.1047	1.0
beta1m[57,2]	0.3715	0.0007903	0.1827	0.1772	0.09494	0.3458	0.7963	47670.0	27420.0	0.1443	1.0
beta1m[58,1]	1.049	0.004432	0.8831	0.5683	0.1723	0.8095	3.335	47780.0	29920.0	0.1447	1.0
beta1m[58,2]	0.9334	0.004389	0.8889	0.5299	0.1136	0.6785	3.274	51280.0	30820.0	0.1553	1.0
beta1m[59,1]	0.9904	0.001622	0.3478	0.35	0.3694	0.9668	1.717	42060.0	22680.0	0.1273	1.0
beta1m[59,2]	1.029	0.002016	0.4246	0.4231	0.304	0.9942	1.947	38670.0	21280.0	0.1171	1.0
beta1m[60,1]	1.445	0.002841	0.5834	0.5852	0.4609	1.397	2.713	37380.0	23260.0	0.1132	1.0
beta1m[60,2]	1.157	0.002691	0.5391	0.5269	0.3024	1.091	2.376	35850.0	24280.0	0.1085	1.0
beta1m[61,1]	0.4282	0.0009143	0.2165	0.2074	0.1102	0.3943	0.9359	51170.0	28300.0	0.1549	1.0
beta1m[61,2]	0.3692	0.001067	0.2325	0.2024	0.0698	0.3183	0.9496	45030.0	29460.0	0.1363	1.0
beta1m[62,1]	0.6395	0.001486	0.3481	0.3249	0.1489	0.5773	1.47	50670.0	27950.0	0.1534	1.0
beta1m[62,2]	0.5977	0.001941	0.4171	0.3406	0.09548	0.4962	1.679	44700.0	28760.0	0.1353	1.0
beta1m[63,1]	1.706	0.002069	0.4572	0.4496	0.8738	1.682	2.671	46400.0	26980.0	0.1405	1.0
beta1m[63,2]	1.69	0.002134	0.4804	0.4752	0.819	1.664	2.698	47900.0	26110.0	0.145	1.0
beta1m[64,1]	0.645	0.00189	0.4202	0.345	0.129	0.5477	1.72	53850.0	29650.0	0.163	1.0
beta1m[64,2]	0.6088	0.002713	0.5333	0.3456	0.08185	0.4625	2.014	46540.0	29450.0	0.1409	1.0
beta1m[65,1]	0.9646	0.003796	0.7507	0.5286	0.1644	0.7639	2.932	44040.0	32060.0	0.1333	1.0
beta1m[65,2]	0.917	0.004543	0.8725	0.523	0.1096	0.6626	3.252	43000.0	31830.0	0.1302	1.0
beta1m[66,1]	0.8962	0.002333	0.5006	0.4683	0.1973	0.8085	2.091	41410.0	27560.0	0.1254	1.0
beta1m[66,2]	0.8478	0.002511	0.5445	0.4967	0.134	0.7329	2.19	40700.0	26340.0	0.1232	1.0
beta1m[67,1]	0.9172	0.003408	0.6651	0.5014	0.1615	0.7483	2.649	38190.0	29220.0	0.1156	1.0
beta1m[67,2]	0.7265	0.002484	0.5265	0.4313	0.1086	0.5941	2.061	44260.0	30550.0	0.134	1.0
beta1m[68,1]	0.7691	0.002749	0.5585	0.4131	0.1435	0.6299	2.2	46090.0	29230.0	0.1395	1.0
beta1m[68,2]	0.6855	0.002948	0.5861	0.3943	0.09198	0.524	2.209	47130.0	30430.0	0.1427	1.0
beta1m[69,1]	0.727	0.002243	0.4856	0.3881	0.142	0.6094	1.978	50190.0	30510.0	0.152	1.0
beta1m[69,2]	0.634	0.002357	0.4987	0.3642	0.0917	0.498	1.95	50620.0	29980.0	0.1533	1.0
beta1m[70,1]	0.3451	0.0008267	0.1863	0.1687	0.08747	0.31	0.7982	49250.0	28320.0	0.1491	1.0
beta1m[70,2]	0.2824	0.0008478	0.1843	0.1554	0.05252	0.2405	0.7508	46140.0	27550.0	0.1397	1.0
beta1m[71,1]	0.9406	0.002214	0.471	0.4339	0.2448	0.8697	2.064	43760.0	28380.0	0.1325	1.0
beta1m[71,2]	0.8641	0.002687	0.5544	0.4644	0.1593	0.7422	2.263	41850.0	28180.0	0.1267	1.0
beta1m[72,1]	0.5513	0.001491	0.325	0.2833	0.1249	0.486	1.35	47500.0	28690.0	0.1438	1.0
beta1m[72,2]	0.463	0.00134	0.3053	0.2614	0.07938	0.3933	1.237	48840.0	28750.0	0.1479	1.0
beta1m[73,1]	1.783	0.004903	0.7698	0.7633	0.515	1.698	3.493	23000.0	21120.0	0.06964	1.0
beta1m[73,2]	1.239	0.002605	0.5154	0.5209	0.3482	1.2	2.343	35990.0	23710.0	0.109	1.0
beta1m[74,1]	1.03	0.002822	0.5886	0.5394	0.2212	0.9231	2.455	39000.0	26520.0	0.1181	1.0
beta1m[74,2]	0.8562	0.002426	0.534	0.4803	0.1524	0.7507	2.176	43430.0	27370.0	0.1315	1.0
beta1m[75,1]	0.6595	0.001502	0.3657	0.3401	0.1449	0.5921	1.538	53970.0	26720.0	0.1634	1.0
beta1m[75,2]	0.6163	0.002253	0.4673	0.3469	0.09525	0.4981	1.832	42710.0	26960.0	0.1293	1.0
beta1m[76,1]	0.7644	0.001737	0.4044	0.3902	0.1787	0.6982	1.716	49080.0	28460.0	0.1486	1.0
beta1m[76,2]	0.7028	0.001951	0.4397	0.4008	0.1183	0.6129	1.77	46180.0	27770.0	0.1398	1.0
beta1m[77,1]	1.417	0.002695	0.5482	0.5449	0.4603	1.385	2.603	37370.0	22480.0	0.1131	1.0
beta1m[77,2]	1.555	0.003463	0.7085	0.7056	0.388	1.487	3.131	36550.0	21980.0	0.1107	1.0
beta1m[78,1]	3.088	0.005368	0.8715	0.7935	1.737	2.971	5.131	28020.0	27320.0	0.08483	1.0
beta1m[78,2]	2.825	0.00453	0.7834	0.7229	1.568	2.731	4.614	31630.0	29340.0	0.09577	1.0
beta1m[79,1]	2.254	0.001999	0.4352	0.4284	1.447	2.234	3.171	46390.0	30710.0	0.1405	1.0
beta1m[79,2]	2.61	0.002167	0.5	0.4948	1.696	2.586	3.651	52160.0	30630.0	0.1579	1.0
beta1m[80,1]	0.5141	0.0009931	0.2308	0.229	0.1471	0.4868	1.035	48230.0	27010.0	0.146	1.0
beta1m[80,2]	0.3976	0.0009046	0.2077	0.1996	0.09182	0.3657	0.8877	46790.0	26950.0	0.1417	1.0
beta1m[81,1]	1.409	0.002767	0.5496	0.556	0.4406	1.377	2.574	36050.0	22140.0	0.1092	1.0
beta1m[81,2]	1.205	0.003065	0.5914	0.5712	0.2922	1.128	2.559	33210.0	23880.0	0.1006	1.0
beta1m[82,1]	0.5859	0.001614	0.3531	0.3054	0.1239	0.5103	1.47	46430.0	28420.0	0.1406	1.0
beta1m[82,2]	0.4953	0.001526	0.3428	0.2849	0.08037	0.4149	1.376	49420.0	29210.0	0.1496	1.0
beta1m[83,1]	1.468	0.001892	0.3824	0.3765	0.7805	1.445	2.275	39150.0	27890.0	0.1185	1.0
beta1m[83,2]	1.581	0.00168	0.3934	0.3884	0.859	1.565	2.402	52580.0	26930.0	0.1592	1.0
beta1m[84,1]	0.443	0.001047	0.2394	0.2197	0.1083	0.4002	1.019	51360.0	29560.0	0.1555	1.0
beta1m[84,2]	0.4101	0.001624	0.3065	0.2285	0.06866	0.3325	1.201	39660.0	27990.0	0.1201	1.0
beta1m[85,1]	0.819	0.001519	0.3553	0.3572	0.2347	0.7828	1.595	47730.0	25510.0	0.1445	1.0
beta1m[85,2]	0.7466	0.001775	0.402	0.3827	0.1616	0.6834	1.689	44260.0	27000.0	0.134	1.0
beta1m[86,1]	0.4602	0.001027	0.2296	0.2194	0.121	0.4237	1.0	46790.0	27710.0	0.1417	1.0
beta1m[86,2]	0.4413	0.001371	0.2799	0.2505	0.07723	0.3813	1.138	38160.0	27860.0	0.1155	1.0
beta1m[87,1]	0.6496	0.001751	0.3852	0.3348	0.142	0.5713	1.606	48420.0	29110.0	0.1466	1.0
beta1m[87,2]	0.5442	0.001819	0.3813	0.3041	0.09131	0.4533	1.534	46530.0	28850.0	0.1409	1.0
beta1m[88,1]	1.243	0.004896	0.9854	0.704	0.1888	0.9752	3.812	44700.0	30530.0	0.1353	1.0
beta1m[88,2]	1.204	0.005695	1.133	0.718	0.1311	0.8676	4.204	45150.0	30520.0	0.1367	1.0
beta1m[89,1]	2.159	0.00242	0.544	0.5379	1.148	2.139	3.284	48000.0	24750.0	0.1453	1.0
beta1m[89,2]	2.201	0.002985	0.6734	0.6678	0.9963	2.16	3.635	47280.0	24200.0	0.1432	1.0
beta1m[90,1]	1.118	0.00367	0.7419	0.6232	0.2016	0.9467	3.016	37900.0	28020.0	0.1148	1.0
beta1m[90,2]	0.9086	0.002803	0.6195	0.5443	0.1345	0.7685	2.453	43730.0	27430.0	0.1324	1.0
beta1m[91,1]	0.6246	0.002215	0.3948	0.3099	0.142	0.534	1.644	32110.0	28560.0	0.09722	1.0
beta1m[91,2]	0.6004	0.002245	0.431	0.3376	0.09772	0.4934	1.723	33710.0	28790.0	0.1021	1.0
beta1m[92,1]	0.4598	0.001162	0.2472	0.2276	0.1148	0.4163	1.053	44220.0	29440.0	0.1339	1.0
beta1m[92,2]	0.3524	0.0009069	0.2065	0.1903	0.07133	0.3125	0.8577	48680.0	28730.0	0.1474	1.0
beta1m[93,1]	0.4416	0.0009877	0.2257	0.2155	0.1128	0.4058	0.9749	47680.0	28110.0	0.1444	1.0
beta1m[93,2]	0.3585	0.0009786	0.2188	0.1939	0.06898	0.3137	0.8977	45950.0	26800.0	0.1391	1.0
beta1m[94,1]	0.4002	0.0009011	0.2021	0.1924	0.1035	0.3683	0.8812	45990.0	28070.0	0.1392	1.0
beta1m[94,2]	0.2997	0.0008699	0.1817	0.1559	0.06313	0.2621	0.7487	42660.0	27480.0	0.1292	1.0
beta1m[95,1]	0.3859	0.0008252	0.1909	0.1842	0.1026	0.3571	0.8332	49290.0	26720.0	0.1493	1.0
beta1m[95,2]	0.3334	0.0009599	0.2035	0.1841	0.06419	0.2925	0.8321	41540.0	27410.0	0.1258	1.0
beta1m[96,1]	1.33	0.002666	0.5568	0.5636	0.3889	1.284	2.53	38330.0	22590.0	0.1161	1.0
beta1m[96,2]	1.221	0.00317	0.6524	0.6133	0.2703	1.118	2.767	36010.0	23130.0	0.109	1.0
beta1m[97,1]	0.7838	0.001801	0.402	0.3849	0.1872	0.7227	1.725	43440.0	25330.0	0.1315	1.0
beta1m[97,2]	0.6688	0.001512	0.3592	0.3572	0.1349	0.6189	1.498	47160.0	26480.0	0.1428	1.0
beta1m[98,1]	0.6896	0.001262	0.2803	0.2774	0.2243	0.6633	1.31	44510.0	26090.0	0.1348	1.0
beta1m[98,2]	0.6986	0.001512	0.3318	0.3322	0.1672	0.6627	1.443	41210.0	23470.0	0.1248	1.0
beta1m[99,1]	0.5544	0.001145	0.2639	0.254	0.1488	0.5178	1.168	48530.0	25510.0	0.1469	1.0
beta1m[99,2]	0.4389	0.0009646	0.2347	0.2249	0.09666	0.4006	0.9899	51880.0	26780.0	0.1571	1.0
beta1m[100,1]	1.265	0.002034	0.4476	0.4458	0.4788	1.232	2.221	43750.0	22160.0	0.1325	1.0
beta1m[100,2]	1.146	0.00222	0.4779	0.471	0.3461	1.102	2.207	40390.0	23310.0	0.1223	1.0
beta1m[101,1]	0.6448	0.001446	0.305	0.2997	0.1733	0.604	1.345	39360.0	25140.0	0.1192	1.0
beta1m[101,2]	0.4622	0.001036	0.2393	0.229	0.1092	0.4257	1.024	46930.0	27340.0	0.1421	1.0
beta1m[102,1]	0.5141	0.001228	0.2844	0.2598	0.1213	0.4608	1.207	50590.0	27850.0	0.1532	1.0
beta1m[102,2]	0.4268	0.001249	0.2773	0.2361	0.07608	0.3648	1.129	47550.0	28020.0	0.144	1.0
beta1m[103,1]	2.234	0.002253	0.467	0.4452	1.429	2.195	3.257	43240.0	30940.0	0.1309	0.9999
beta1m[103,2]	2.058	0.001888	0.431	0.4254	1.277	2.034	2.964	51220.0	30850.0	0.1551	1.0
beta1m[104,1]	1.835	0.002555	0.52	0.5154	0.8912	1.811	2.925	38910.0	23260.0	0.1178	1.0
beta1m[104,2]	2.065	0.002878	0.6261	0.6192	0.9081	2.04	3.368	44300.0	23620.0	0.1341	1.0
beta1m[105,1]	0.4091	0.0007667	0.1811	0.1786	0.1211	0.3881	0.8136	49860.0	26360.0	0.151	1.0
beta1m[105,2]	0.3066	0.0006795	0.1604	0.1529	0.07354	0.2809	0.6856	49700.0	26770.0	0.1505	1.0
beta1m[106,1]	1.552	0.003095	0.5764	0.5648	0.555	1.505	2.802	31420.0	21920.0	0.09512	1.0
beta1m[106,2]	1.126	0.001964	0.4264	0.4255	0.376	1.099	2.038	41930.0	22060.0	0.127	1.0
beta1m[107,1]	1.792	0.003133	0.6145	0.612	0.709	1.746	3.107	35500.0	23040.0	0.1075	1.0
beta1m[107,2]	1.902	0.003034	0.6535	0.644	0.7342	1.865	3.292	42160.0	22140.0	0.1277	1.0
beta1m[108,1]	0.7147	0.001843	0.3853	0.3564	0.1703	0.6486	1.632	39800.0	26390.0	0.1205	1.0
beta1m[108,2]	0.5146	0.00111	0.2745	0.27	0.11	0.473	1.15	52940.0	26680.0	0.1603	1.0
beta1m[109,1]	0.5686	0.001253	0.2895	0.2771	0.1435	0.5242	1.251	49180.0	28200.0	0.1489	1.0
beta1m[109,2]	0.4683	0.001258	0.2814	0.2561	0.09095	0.4118	1.157	46740.0	27610.0	0.1415	1.0
beta1m[110,1]	2.399	0.003375	0.702	0.6911	1.119	2.368	3.876	40920.0	22060.0	0.1239	1.0
beta1m[110,2]	1.988	0.003556	0.7271	0.7217	0.7478	1.927	3.566	38220.0	22810.0	0.1157	1.0
beta1m[111,1]	0.681	0.002223	0.4577	0.3669	0.1337	0.5749	1.849	42050.0	28030.0	0.1273	1.0
beta1m[111,2]	0.5833	0.001962	0.4275	0.3425	0.08545	0.4758	1.706	46810.0	30770.0	0.1417	1.0
beta1m[112,1]	1.64	0.003596	0.6952	0.6873	0.4793	1.577	3.192	32850.0	21630.0	0.09947	1.0
beta1m[112,2]	1.298	0.002686	0.5708	0.5745	0.3441	1.246	2.548	38600.0	22450.0	0.1169	1.0
beta1m[113,1]	0.6209	0.001264	0.2863	0.2826	0.1718	0.5864	1.271	45100.0	25940.0	0.1366	1.0
beta1m[113,2]	0.4807	0.001142	0.2563	0.2427	0.1088	0.4377	1.081	44720.0	27530.0	0.1354	1.0
beta1m[114,1]	1.777	0.004036	0.8064	0.8197	0.4317	1.709	3.542	35020.0	20740.0	0.106	1.0
beta1m[114,2]	1.708	0.004291	0.8655	0.8851	0.3317	1.619	3.605	34980.0	22460.0	0.1059	1.0
beta1m[115,1]	2.047	0.002879	0.5176	0.5117	1.122	2.019	3.145	31920.0	28470.0	0.09663	1.0
beta1m[115,2]	2.999	0.004492	0.8103	0.7929	1.6	2.933	4.75	32310.0	30100.0	0.09782	1.0
beta1m[116,1]	0.5923	0.001394	0.3111	0.295	0.1453	0.5397	1.332	45800.0	27570.0	0.1387	0.9999
beta1m[116,2]	0.4792	0.001295	0.2931	0.2643	0.09123	0.4194	1.198	47390.0	27350.0	0.1435	1.0
beta1m[117,1]	0.6856	0.001832	0.3781	0.3486	0.1569	0.618	1.597	37880.0	26540.0	0.1147	1.0
beta1m[117,2]	0.4767	0.001142	0.27	0.2544	0.09812	0.4276	1.122	49710.0	28400.0	0.1505	1.0
beta1m[118,1]	0.5898	0.00132	0.3165	0.298	0.1379	0.5356	1.34	50710.0	26520.0	0.1535	1.0
beta1m[118,2]	0.5362	0.001635	0.3577	0.3067	0.08894	0.4538	1.432	44400.0	26130.0	0.1344	1.0
beta1m[119,1]	0.7562	0.001447	0.2906	0.2938	0.2558	0.735	1.381	36470.0	23790.0	0.1104	1.0
beta1m[119,2]	0.9771	0.00258	0.4526	0.4579	0.2266	0.9342	1.971	27380.0	20560.0	0.0829	1.0
beta1m[120,1]	0.4197	0.0009379	0.2183	0.2048	0.107	0.3816	0.9371	51000.0	28690.0	0.1544	1.0
beta1m[120,2]	0.3874	0.001304	0.2649	0.2158	0.06647	0.3249	1.066	40470.0	28850.0	0.1225	1.0
beta1m[121,1]	0.5978	0.001266	0.2955	0.2868	0.1534	0.5565	1.283	48860.0	27810.0	0.1479	1.0
beta1m[121,2]	0.4974	0.001322	0.2969	0.2679	0.0974	0.4391	1.221	45800.0	28380.0	0.1387	1.0
beta1m[122,1]	1.225	0.002853	0.6276	0.6158	0.2764	1.14	2.672	41000.0	24730.0	0.1241	1.0
beta1m[122,2]	1.091	0.002553	0.599	0.6009	0.1989	1.009	2.457	45090.0	24330.0	0.1365	1.0
beta1m[123,1]	0.606	0.001714	0.3716	0.3189	0.1273	0.526	1.544	44840.0	27430.0	0.1358	1.0
beta1m[123,2]	0.4777	0.001398	0.3167	0.2697	0.0823	0.4065	1.281	48610.0	28630.0	0.1472	1.0
beta1m[124,1]	1.749	0.002046	0.4525	0.448	0.9342	1.723	2.703	46770.0	27210.0	0.1416	1.0
beta1m[124,2]	1.587	0.001887	0.4448	0.4457	0.7779	1.565	2.525	52170.0	25550.0	0.158	1.0
beta1m[125,1]	2.221	0.002151	0.504	0.5014	1.289	2.202	3.258	53250.0	28180.0	0.1612	1.0
beta1m[125,2]	2.5	0.002932	0.6742	0.6652	1.303	2.457	3.928	50100.0	26570.0	0.1517	1.0
beta1m[126,1]	1.841	0.002398	0.4523	0.4539	1.003	1.824	2.767	34880.0	27560.0	0.1056	1.0
beta1m[126,2]	2.733	0.004194	0.76	0.747	1.4	2.681	4.37	31780.0	27160.0	0.09622	1.0
beta1m[127,1]	0.8959	0.001697	0.3743	0.3764	0.2731	0.8616	1.725	43120.0	23680.0	0.1306	1.0
beta1m[127,2]	0.7366	0.001436	0.3383	0.3428	0.1906	0.703	1.488	47100.0	23960.0	0.1426	1.0
beta1m[128,1]	0.4865	0.000942	0.2177	0.2156	0.1402	0.4598	0.9787	47400.0	26810.0	0.1435	1.0
beta1m[128,2]	0.4101	0.0009582	0.215	0.2072	0.09144	0.3779	0.9138	43350.0	26100.0	0.1312	1.0
beta1m[129,1]	2.776	0.001924	0.4501	0.4435	1.957	2.755	3.727	54120.0	32320.0	0.1638	1.0
beta1m[129,2]	2.859	0.002378	0.5567	0.5543	1.837	2.836	4.018	53550.0	33380.0	0.1621	1.0
beta1m[130,1]	0.4848	0.001545	0.3078	0.2482	0.106	0.4157	1.267	41270.0	29670.0	0.125	1.0
beta1m[130,2]	0.4174	0.001528	0.3154	0.2347	0.06588	0.3355	1.242	43420.0	30080.0	0.1315	1.0
beta1m[131,1]	0.4173	0.001072	0.233	0.2065	0.1006	0.3719	0.9872	45600.0	28430.0	0.1381	1.0
beta1m[131,2]	0.3241	0.0009553	0.2088	0.1744	0.06211	0.2781	0.8517	48580.0	28700.0	0.1471	1.0
beta1m[132,1]	0.5123	0.001198	0.2646	0.2481	0.1292	0.4688	1.14	45030.0	27440.0	0.1363	1.0
beta1m[132,2]	0.3823	0.0009725	0.2192	0.202	0.08049	0.3416	0.9158	47550.0	28050.0	0.144	1.0
beta1m[133,1]	0.4929	0.001305	0.2832	0.2525	0.1122	0.4368	1.202	44910.0	27820.0	0.136	1.0
beta1m[133,2]	0.368	0.001022	0.2317	0.2017	0.07147	0.3186	0.9449	49390.0	28410.0	0.1495	1.0
beta1m[134,1]	1.605	0.002525	0.519	0.5172	0.6831	1.575	2.71	38070.0	22880.0	0.1153	1.0
beta1m[134,2]	1.625	0.002556	0.5443	0.5478	0.6291	1.598	2.748	41570.0	22330.0	0.1259	1.0
beta1m[135,1]	1.374	0.003703	0.6454	0.6212	0.3591	1.293	2.855	28000.0	23110.0	0.08478	1.0
beta1m[135,2]	0.979	0.002014	0.4433	0.4453	0.2498	0.9371	1.95	42120.0	24000.0	0.1275	1.0
beta1m[136,1]	0.7228	0.002166	0.4502	0.3861	0.1506	0.6226	1.858	45020.0	30210.0	0.1363	1.0
beta1m[136,2]	0.6422	0.002237	0.4731	0.3752	0.09775	0.5207	1.897	45660.0	30380.0	0.1382	1.0
beta1m[137,1]	1.453	0.002359	0.5212	0.5229	0.5131	1.425	2.538	44090.0	23110.0	0.1335	1.0
beta1m[137,2]	1.421	0.002911	0.6188	0.6093	0.4003	1.363	2.794	39150.0	23660.0	0.1185	1.0
beta1m[138,1]	1.3	0.002959	0.6525	0.6488	0.2935	1.218	2.783	42260.0	26540.0	0.1279	1.0
beta1m[138,2]	1.209	0.00323	0.7046	0.6722	0.21	1.095	2.871	40610.0	26740.0	0.123	1.0
beta1m[139,1]	0.5857	0.001133	0.2676	0.267	0.1623	0.5549	1.188	50040.0	27620.0	0.1515	1.0
beta1m[139,2]	0.5226	0.001458	0.3129	0.2762	0.1028	0.4603	1.297	42710.0	26440.0	0.1293	1.0
beta1m[140,1]	0.514	0.001443	0.305	0.2662	0.1145	0.4519	1.285	45230.0	27800.0	0.1369	1.0
beta1m[140,2]	0.4152	0.001274	0.2801	0.2324	0.07072	0.3503	1.133	47940.0	28660.0	0.1452	1.0
beta1m[141,1]	0.6135	0.001536	0.3293	0.309	0.1483	0.5564	1.4	41620.0	26460.0	0.126	1.0
beta1m[141,2]	0.4348	0.001028	0.2427	0.2262	0.09363	0.3919	1.015	51610.0	27020.0	0.1563	1.0
beta1t[1,1]	2.755	0.004235	0.771	0.7755	1.387	2.712	4.371	32720.0	29900.0	0.09905	1.0
beta1t[1,2]	2.252	0.003082	0.6013	0.599	1.195	2.209	3.541	37290.0	29030.0	0.1129	1.0
beta1t[2,1]	2.043	0.004323	0.8253	0.8175	0.7356	1.948	3.898	34840.0	27640.0	0.1055	1.0
beta1t[2,2]	1.417	0.001773	0.4117	0.4052	0.7025	1.385	2.317	52640.0	29690.0	0.1594	1.0
beta1t[3,1]	2.136	0.002575	0.5367	0.5367	1.145	2.115	3.253	42520.0	28770.0	0.1287	1.0
beta1t[3,2]	2.031	0.002467	0.4871	0.4853	1.157	2.004	3.059	37830.0	27230.0	0.1145	1.0
beta1t[4,1]	1.441	0.001684	0.4117	0.4145	0.7024	1.417	2.305	58130.0	29670.0	0.176	1.0
beta1t[4,2]	1.868	0.004996	0.796	0.6594	0.7877	1.725	3.796	29860.0	25790.0	0.09041	1.0
beta1t[5,1]	2.127	0.002867	0.5665	0.5678	1.089	2.102	3.302	38010.0	27660.0	0.1151	1.0
beta1t[5,2]	1.656	0.002067	0.4144	0.4109	0.9224	1.629	2.541	39410.0	30100.0	0.1193	1.0
beta1t[6,1]	1.727	0.001889	0.4013	0.4027	0.9857	1.712	2.548	44660.0	29480.0	0.1352	1.0
beta1t[6,2]	2.347	0.003401	0.5741	0.5748	1.324	2.311	3.552	28170.0	26540.0	0.08528	1.0
beta1t[7,1]	5.382	0.04625	4.174	2.529	1.202	4.001	16.9	12100.0	12450.0	0.03663	1.0
beta1t[7,2]	3.525	0.008979	1.248	1.246	1.47	3.396	6.28	21020.0	22480.0	0.06366	1.0
beta1t[8,1]	3.492	0.003296	0.6468	0.6419	2.279	3.474	4.804	38280.0	31360.0	0.1159	1.0
beta1t[8,2]	1.869	0.001455	0.3217	0.3184	1.269	1.859	2.54	48710.0	32210.0	0.1475	1.0
beta1t[9,1]	2.724	0.004368	0.8299	0.834	1.266	2.672	4.474	34960.0	25860.0	0.1058	1.0
beta1t[9,2]	2.404	0.003324	0.6743	0.6644	1.235	2.355	3.862	39500.0	27710.0	0.1196	1.0
beta1t[10,1]	1.451	0.001975	0.4482	0.4426	0.6731	1.42	2.424	48770.0	28780.0	0.1477	1.0
beta1t[10,2]	1.595	0.001861	0.4042	0.3982	0.8804	1.566	2.46	46120.0	30060.0	0.1396	1.0
beta1t[11,1]	1.854	0.001612	0.3685	0.3675	1.172	1.84	2.613	51200.0	30660.0	0.155	1.0
beta1t[11,2]	1.692	0.001708	0.3401	0.3365	1.065	1.68	2.394	39020.0	28620.0	0.1181	1.0
beta1t[12,1]	1.348	0.003877	0.6951	0.5845	0.4178	1.21	3.061	31640.0	27430.0	0.0958	1.0
beta1t[12,2]	1.405	0.003212	0.576	0.5124	0.5623	1.311	2.802	33040.0	29700.0	0.1	1.0
beta1t[13,1]	1.855	0.00243	0.573	0.5789	0.8478	1.823	3.068	52060.0	28950.0	0.1576	1.0
beta1t[13,2]	1.913	0.003506	0.6855	0.6388	0.8499	1.82	3.515	37310.0	28480.0	0.113	1.0
beta1t[14,1]	3.714	0.003424	0.7115	0.7059	2.37	3.692	5.168	42990.0	31180.0	0.1302	1.0
beta1t[14,2]	3.596	0.003494	0.6568	0.6465	2.358	3.576	4.934	34860.0	28290.0	0.1056	1.0
beta1t[15,1]	2.327	0.003567	0.698	0.7022	1.078	2.289	3.795	37600.0	26780.0	0.1139	1.0
beta1t[15,2]	2.382	0.003827	0.6955	0.6866	1.18	2.328	3.887	32110.0	27950.0	0.09723	1.0
beta1t[16,1]	2.615	0.003057	0.6041	0.6008	1.49	2.592	3.859	38280.0	27200.0	0.1159	1.0
beta1t[16,2]	2.96	0.003527	0.6509	0.6483	1.773	2.932	4.329	33320.0	25770.0	0.1009	1.0
beta1t[17,1]	1.721	0.002249	0.4455	0.4478	0.8823	1.709	2.628	38730.0	26630.0	0.1173	1.0
beta1t[17,2]	1.325	0.001811	0.3566	0.3508	0.7121	1.295	2.098	38400.0	29970.0	0.1163	1.0
beta1t[18,1]	3.195	0.004736	0.9079	0.892	1.592	3.137	5.14	36200.0	28130.0	0.1096	1.0
beta1t[18,2]	2.503	0.003328	0.6796	0.6738	1.323	2.455	3.963	40220.0	28350.0	0.1218	1.0
beta1t[19,1]	4.188	0.005152	1.007	0.995	2.425	4.123	6.346	38020.0	31500.0	0.1151	1.0
beta1t[19,2]	2.696	0.00313	0.6308	0.619	1.57	2.659	4.046	40350.0	30590.0	0.1222	1.0
beta1t[20,1]	3.212	0.003326	0.6992	0.7022	1.889	3.197	4.626	43520.0	29470.0	0.1318	1.0
beta1t[20,2]	3.087	0.004203	0.7017	0.6837	1.856	3.037	4.588	27690.0	28600.0	0.08385	1.0
beta1t[21,1]	3.073	0.003318	0.6517	0.6508	1.845	3.056	4.404	37990.0	28510.0	0.115	1.0
beta1t[21,2]	2.385	0.002288	0.4792	0.4799	1.498	2.365	3.378	43090.0	30190.0	0.1305	1.0
beta1t[22,1]	1.716	0.002175	0.4322	0.4348	0.9155	1.7	2.605	38960.0	28590.0	0.118	1.0
beta1t[22,2]	1.468	0.001904	0.3677	0.3628	0.8139	1.446	2.261	36820.0	29040.0	0.1115	1.0
beta1t[23,1]	3.727	0.006255	0.9952	1.014	1.881	3.704	5.744	25290.0	27500.0	0.07656	1.0
beta1t[23,2]	2.755	0.003179	0.6188	0.6139	1.656	2.717	4.064	37830.0	28030.0	0.1145	1.0
beta1t[24,1]	0.7722	0.001497	0.2914	0.2779	0.3147	0.7361	1.436	39630.0	30150.0	0.12	1.0
beta1t[24,2]	1.136	0.002019	0.3973	0.3874	0.4982	1.089	2.039	37960.0	27900.0	0.1149	1.0
beta1t[25,1]	1.418	0.00277	0.5435	0.5115	0.5711	1.348	2.659	39710.0	28060.0	0.1202	1.0
beta1t[25,2]	1.443	0.002228	0.4352	0.4054	0.7341	1.399	2.413	42670.0	28560.0	0.1292	1.0
beta1t[26,1]	3.318	0.004777	0.8853	0.8783	1.732	3.272	5.181	33390.0	28160.0	0.1011	1.0
beta1t[26,2]	1.999	0.002185	0.4487	0.4498	1.18	1.977	2.94	41940.0	30730.0	0.127	1.0
beta1t[27,1]	3.308	0.00212	0.5592	0.5436	2.321	3.27	4.511	70230.0	30180.0	0.2126	1.0
beta1t[27,2]	3.278	0.00258	0.5724	0.5531	2.29	3.234	4.534	49590.0	30020.0	0.1501	1.0
beta1t[28,1]	1.265	0.001825	0.3787	0.3717	0.6201	1.232	2.087	41530.0	29040.0	0.1257	1.0
beta1t[28,2]	1.673	0.001533	0.3626	0.3636	1.002	1.657	2.425	54270.0	30630.0	0.1643	1.0
beta1t[29,1]	1.532	0.00246	0.4969	0.4924	0.6824	1.49	2.612	40100.0	29290.0	0.1214	1.0
beta1t[29,2]	1.764	0.00257	0.502	0.5011	0.8853	1.729	2.844	37460.0	28530.0	0.1134	1.0
beta1t[30,1]	5.476	0.007739	1.408	1.349	2.968	5.388	8.506	32250.0	27960.0	0.09765	1.0
beta1t[30,2]	3.347	0.004478	0.815	0.8011	1.899	3.298	5.089	32850.0	28550.0	0.09947	1.0
beta1t[31,1]	2.45	0.002226	0.5091	0.5065	1.509	2.432	3.497	51120.0	30830.0	0.1548	1.0
beta1t[31,2]	2.693	0.002991	0.5468	0.543	1.673	2.673	3.817	32930.0	27250.0	0.09971	1.0
beta1t[32,1]	1.164	0.001725	0.3623	0.3614	0.5395	1.134	1.949	42740.0	30610.0	0.1294	1.0
beta1t[32,2]	1.608	0.002583	0.4917	0.4863	0.7715	1.569	2.693	35940.0	28750.0	0.1088	1.0
beta1t[33,1]	0.8062	0.001366	0.2714	0.27	0.347	0.783	1.403	37920.0	30510.0	0.1148	1.0
beta1t[33,2]	0.9135	0.001408	0.2899	0.2831	0.4308	0.8843	1.56	42150.0	29600.0	0.1276	1.0
beta1t[34,1]	2.454	0.002379	0.4861	0.4823	1.546	2.441	3.456	41010.0	28040.0	0.1242	1.0
beta1t[34,2]	2.666	0.002352	0.4924	0.4847	1.756	2.647	3.691	42680.0	27360.0	0.1292	1.0
beta1t[35,1]	1.141	0.002201	0.4172	0.3925	0.4803	1.09	2.097	35250.0	29100.0	0.1067	1.0
beta1t[35,2]	1.366	0.001854	0.3951	0.3887	0.6884	1.333	2.236	44270.0	30120.0	0.134	1.0
beta1t[36,1]	1.974	0.002458	0.5415	0.5439	0.9949	1.947	3.092	46780.0	28020.0	0.1416	1.0
beta1t[36,2]	2.109	0.002956	0.5723	0.5695	1.106	2.068	3.332	36530.0	26390.0	0.1106	1.0
beta1t[37,1]	2.367	0.003044	0.5628	0.5661	1.31	2.352	3.518	33710.0	26220.0	0.102	1.0
beta1t[37,2]	1.981	0.001951	0.3975	0.3909	1.233	1.968	2.797	41200.0	28600.0	0.1247	1.0
beta1t[38,1]	2.272	0.002024	0.4548	0.4524	1.425	2.259	3.2	49930.0	31990.0	0.1512	1.0
beta1t[38,2]	2.838	0.002764	0.5506	0.549	1.826	2.815	3.989	39140.0	29260.0	0.1185	1.0
beta1t[39,1]	1.949	0.003599	0.7548	0.7257	0.7558	1.856	3.685	40670.0	26030.0	0.1231	1.0
beta1t[39,2]	1.832	0.002649	0.5751	0.5678	0.8569	1.781	3.088	44550.0	28270.0	0.1349	1.0
beta1t[40,1]	1.244	0.001506	0.3033	0.3008	0.7084	1.223	1.893	39980.0	32130.0	0.1211	1.0
beta1t[40,2]	2.593	0.002785	0.5351	0.53	1.608	2.572	3.71	36280.0	30820.0	0.1098	1.0
beta1t[41,1]	2.032	0.00312	0.5635	0.5681	1.014	2.009	3.207	32250.0	28910.0	0.09764	1.0
beta1t[41,2]	1.265	0.001372	0.2913	0.291	0.7388	1.251	1.879	44680.0	32290.0	0.1353	1.0
beta1t[42,1]	4.46	0.005322	1.053	1.046	2.585	4.399	6.681	39230.0	31710.0	0.1188	1.0
beta1t[42,2]	4.443	0.005286	0.9906	0.9877	2.645	4.392	6.521	34600.0	28270.0	0.1047	1.0
beta1t[43,1]	4.696	0.004101	0.8815	0.8664	3.067	4.667	6.507	45960.0	32970.0	0.1392	1.0
beta1t[43,2]	3.567	0.00441	0.8553	0.84	2.042	3.513	5.391	36440.0	28040.0	0.1103	1.0
beta1t[44,1]	1.394	0.01673	1.021	0.7575	0.3082	1.092	4.057	2636.0	12090.0	0.00798	1.002
beta1t[44,2]	1.404	0.01361	0.7793	0.6607	0.4535	1.202	3.347	2684.0	14430.0	0.008126	1.002
beta1t[45,1]	4.165	0.003772	0.806	0.7911	2.662	4.14	5.816	45810.0	32070.0	0.1387	1.0
beta1t[45,2]	3.941	0.004607	0.8786	0.8648	2.413	3.878	5.853	35720.0	29570.0	0.1081	1.0
beta1t[46,1]	4.702	0.008989	1.593	1.62	1.779	4.657	7.956	30430.0	23280.0	0.09213	1.0
beta1t[46,2]	3.962	0.01149	1.808	1.51	1.51	3.623	8.433	26260.0	27970.0	0.07951	1.0
beta1t[47,1]	3.923	0.004288	0.8483	0.8389	2.298	3.911	5.621	39070.0	31060.0	0.1183	1.0
beta1t[47,2]	4.086	0.01127	1.565	1.43	1.797	3.816	7.851	20460.0	23840.0	0.06196	1.0
beta1t[48,1]	4.102	0.005396	0.9486	0.9227	2.272	4.086	6.029	30560.0	24350.0	0.09252	1.0
beta1t[48,2]	2.703	0.002408	0.5268	0.5211	1.726	2.684	3.791	46980.0	30210.0	0.1422	1.0
beta1t[49,1]	3.639	0.00505	0.8842	0.8842	2.01	3.603	5.472	30450.0	26780.0	0.09218	1.0
beta1t[49,2]	2.784	0.002744	0.5655	0.5627	1.735	2.765	3.956	41820.0	28230.0	0.1266	1.0
beta1t[50,1]	1.565	0.004378	0.8707	0.6982	0.465	1.374	3.742	43510.0	30080.0	0.1317	1.0
beta1t[50,2]	1.668	0.003663	0.763	0.6552	0.6123	1.529	3.574	45750.0	30280.0	0.1385	1.0
beta1t[51,1]	1.343	0.003027	0.5763	0.5288	0.4842	1.253	2.704	35850.0	30200.0	0.1086	1.0
beta1t[51,2]	1.191	0.001888	0.399	0.3867	0.5392	1.146	2.094	44080.0	29860.0	0.1335	1.0
beta1t[52,1]	2.76	0.002949	0.5966	0.5973	1.666	2.735	4.0	40530.0	30870.0	0.1227	1.0
beta1t[52,2]	2.664	0.003758	0.7046	0.6752	1.503	2.59	4.238	34530.0	29180.0	0.1045	1.0
beta1t[53,1]	3.91	0.004106	0.9169	0.8383	2.45	3.798	6.032	53880.0	31300.0	0.1631	1.0
beta1t[53,2]	2.753	0.002451	0.5392	0.5329	1.779	2.723	3.894	47690.0	31300.0	0.1444	1.0
beta1t[54,1]	1.724	0.002508	0.4891	0.4929	0.855	1.695	2.756	36910.0	27570.0	0.1118	1.0
beta1t[54,2]	1.697	0.002028	0.3961	0.3988	0.9748	1.681	2.52	37290.0	28500.0	0.1129	1.0
beta1t[55,1]	2.206	0.001674	0.3959	0.3895	1.461	2.193	3.028	55040.0	29950.0	0.1667	1.0
beta1t[55,2]	2.689	0.00215	0.4479	0.4436	1.853	2.674	3.617	42630.0	30190.0	0.1291	1.0
beta1t[56,1]	1.323	0.001773	0.3953	0.3959	0.624	1.296	2.161	48500.0	29060.0	0.1468	1.0
beta1t[56,2]	1.629	0.002778	0.5386	0.5158	0.756	1.566	2.856	36530.0	29000.0	0.1106	1.0
beta1t[57,1]	1.16	0.001293	0.29	0.2861	0.6411	1.141	1.777	48750.0	28080.0	0.1476	1.0
beta1t[57,2]	1.495	0.001346	0.3057	0.305	0.9286	1.483	2.135	50680.0	30930.0	0.1535	1.0
beta1t[58,1]	1.74	0.00521	0.9924	0.7858	0.5076	1.515	4.269	37370.0	31580.0	0.1132	1.0
beta1t[58,2]	1.706	0.003805	0.7604	0.6604	0.6429	1.568	3.537	40600.0	29790.0	0.1229	1.0
beta1t[59,1]	1.15	0.00187	0.3651	0.3613	0.5228	1.119	1.941	37490.0	30040.0	0.1135	1.0
beta1t[59,2]	1.354	0.001994	0.3986	0.3887	0.6693	1.317	2.227	39390.0	29360.0	0.1193	1.0
beta1t[60,1]	2.507	0.002153	0.4872	0.4866	1.583	2.498	3.491	50680.0	31150.0	0.1535	1.0
beta1t[60,2]	2.56	0.002883	0.5522	0.5518	1.559	2.529	3.716	35870.0	29660.0	0.1086	1.0
beta1t[61,1]	0.8867	0.001317	0.2819	0.2796	0.4059	0.8623	1.499	44370.0	29040.0	0.1343	1.0
beta1t[61,2]	1.221	0.001813	0.3653	0.3616	0.5929	1.19	2.012	39830.0	29670.0	0.1206	1.0
beta1t[62,1]	1.194	0.001783	0.4051	0.4014	0.5101	1.157	2.081	49390.0	27690.0	0.1495	1.0
beta1t[62,2]	1.479	0.002565	0.5195	0.4955	0.651	1.417	2.674	40200.0	29250.0	0.1217	1.0
beta1t[63,1]	2.151	0.002816	0.5543	0.5552	1.147	2.122	3.305	38350.0	29040.0	0.1161	1.0
beta1t[63,2]	1.985	0.002229	0.4415	0.4407	1.173	1.967	2.897	38820.0	28450.0	0.1175	1.0
beta1t[64,1]	4.063	0.003906	0.8994	0.8925	2.393	4.029	5.912	52400.0	30850.0	0.1587	1.0
beta1t[64,2]	3.686	0.01126	1.565	1.254	1.608	3.38	7.627	23700.0	20760.0	0.07177	1.0
beta1t[65,1]	1.213	0.003295	0.5624	0.4774	0.439	1.109	2.578	30770.0	29980.0	0.09315	1.0
beta1t[65,2]	1.43	0.002723	0.5182	0.4913	0.6148	1.364	2.613	34190.0	29100.0	0.1035	1.0
beta1t[66,1]	1.245	0.002451	0.469	0.4531	0.5066	1.186	2.317	35990.0	28070.0	0.109	1.0
beta1t[66,2]	1.698	0.002677	0.5232	0.5215	0.7997	1.654	2.826	37300.0	27810.0	0.1129	1.0
beta1t[67,1]	2.476	0.02272	2.755	1.064	0.5362	1.758	9.296	22660.0	16570.0	0.06861	1.0
beta1t[67,2]	1.757	0.006165	0.9361	0.681	0.6276	1.552	4.126	28630.0	22780.0	0.0867	1.0
beta1t[68,1]	1.67	0.004468	0.8615	0.7236	0.5361	1.492	3.822	38730.0	30860.0	0.1173	1.0
beta1t[68,2]	1.743	0.003446	0.7113	0.6483	0.6995	1.633	3.446	42970.0	31270.0	0.1301	1.0
beta1t[69,1]	2.678	0.005042	0.9763	0.9017	1.153	2.544	4.967	37270.0	27790.0	0.1128	1.0
beta1t[69,2]	2.791	0.003151	0.7067	0.7004	1.522	2.752	4.283	48770.0	29570.0	0.1477	1.0
beta1t[70,1]	1.641	0.002077	0.4564	0.4544	0.836	1.611	2.62	46810.0	28370.0	0.1417	1.0
beta1t[70,2]	2.14	0.002816	0.522	0.5261	1.195	2.115	3.227	34150.0	29070.0	0.1034	1.0
beta1t[71,1]	1.101	0.00146	0.3448	0.338	0.5186	1.07	1.854	54390.0	29950.0	0.1647	1.0
beta1t[71,2]	1.397	0.002357	0.4676	0.441	0.6563	1.341	2.479	39520.0	30410.0	0.1197	1.0
beta1t[72,1]	1.112	0.00301	0.5126	0.4392	0.4022	1.018	2.36	30290.0	30700.0	0.0917	1.0
beta1t[72,2]	1.461	0.00238	0.4952	0.478	0.6529	1.406	2.575	42520.0	29530.0	0.1287	1.0
beta1t[73,1]	1.821	0.003401	0.5937	0.5971	0.7764	1.784	3.08	29470.0	27160.0	0.08922	1.0
beta1t[73,2]	1.44	0.002008	0.3971	0.3973	0.7407	1.416	2.288	38470.0	28610.0	0.1165	1.0
beta1t[74,1]	2.519	0.00269	0.6028	0.6102	1.403	2.497	3.761	49120.0	28520.0	0.1487	1.0
beta1t[74,2]	1.999	0.002533	0.5035	0.4939	1.122	1.958	3.08	38360.0	29210.0	0.1161	1.0
beta1t[75,1]	0.8895	0.001726	0.3607	0.341	0.3415	0.839	1.737	43900.0	30170.0	0.1329	1.0
beta1t[75,2]	1.339	0.003508	0.6036	0.5072	0.518	1.228	2.807	31450.0	29000.0	0.09522	1.0
beta1t[76,1]	2.264	0.002653	0.5692	0.57	1.237	2.236	3.45	44990.0	28200.0	0.1362	1.0
beta1t[76,2]	2.861	0.002947	0.5992	0.5926	1.756	2.837	4.114	40690.0	27980.0	0.1232	1.0
beta1t[77,1]	3.438	0.003668	0.7318	0.7226	2.092	3.41	4.968	39710.0	31660.0	0.1202	1.0
beta1t[77,2]	2.675	0.003542	0.6654	0.6529	1.531	2.62	4.12	34690.0	26870.0	0.105	1.0
beta1t[78,1]	2.95	0.004979	0.8218	0.7469	1.64	2.853	4.847	29130.0	26910.0	0.08819	1.0
beta1t[78,2]	2.975	0.004394	0.7483	0.6859	1.784	2.881	4.707	30800.0	28330.0	0.09324	1.0
beta1t[79,1]	1.687	0.001893	0.4079	0.403	0.9325	1.669	2.527	45390.0	29270.0	0.1374	1.0
beta1t[79,2]	1.425	0.0017	0.3428	0.3389	0.8188	1.402	2.164	40070.0	30170.0	0.1213	1.0
beta1t[80,1]	1.299	0.001412	0.3098	0.3101	0.727	1.287	1.94	46980.0	30010.0	0.1422	1.0
beta1t[80,2]	1.63	0.001624	0.3427	0.3431	0.9916	1.619	2.338	43870.0	30260.0	0.1328	1.0
beta1t[81,1]	1.878	0.002583	0.509	0.5129	0.9568	1.854	2.936	38510.0	30310.0	0.1166	1.0
beta1t[81,2]	2.595	0.003729	0.6667	0.673	1.386	2.565	3.984	31570.0	26750.0	0.09558	1.0
beta1t[82,1]	4.453	0.005122	1.004	1.004	2.612	4.414	6.535	38430.0	30210.0	0.1164	1.0
beta1t[82,2]	3.346	0.004467	0.7639	0.7623	1.968	3.306	4.947	29660.0	29570.0	0.0898	1.0
beta1t[83,1]	1.652	0.001979	0.4085	0.4065	0.9164	1.629	2.509	41400.0	29570.0	0.1253	1.0
beta1t[83,2]	1.512	0.001672	0.3414	0.3423	0.887	1.496	2.215	40970.0	30080.0	0.1241	1.0
beta1t[84,1]	2.065	0.002371	0.5107	0.509	1.095	2.052	3.094	45700.0	29180.0	0.1384	1.0
beta1t[84,2]	2.295	0.004547	0.8129	0.7505	1.043	2.179	4.211	31900.0	28350.0	0.09659	1.0
beta1t[85,1]	2.2	0.001921	0.4348	0.4295	1.372	2.189	3.087	50880.0	30980.0	0.1541	1.0
beta1t[85,2]	2.717	0.004287	0.6728	0.6804	1.513	2.679	4.118	24430.0	25840.0	0.07397	1.0
beta1t[86,1]	1.596	0.0025	0.4654	0.4676	0.7594	1.568	2.573	34160.0	29250.0	0.1034	1.0
beta1t[86,2]	1.491	0.00202	0.3974	0.3954	0.7967	1.461	2.343	38110.0	29010.0	0.1154	1.0
beta1t[87,1]	1.355	0.00235	0.5138	0.4901	0.5435	1.289	2.529	46970.0	29920.0	0.1422	1.0
beta1t[87,2]	1.513	0.002584	0.5268	0.4965	0.6781	1.446	2.727	40720.0	30190.0	0.1233	1.0
beta1t[88,1]	1.858	0.0055	1.023	0.8237	0.555	1.636	4.432	35370.0	31400.0	0.1071	1.0
beta1t[88,2]	1.856	0.004293	0.8197	0.7076	0.7045	1.705	3.857	37320.0	29200.0	0.113	1.0
beta1t[89,1]	2.38	0.002255	0.5007	0.495	1.438	2.368	3.399	48580.0	30860.0	0.1471	1.0
beta1t[89,2]	2.675	0.003698	0.6602	0.6526	1.499	2.635	4.069	31120.0	25570.0	0.09423	1.0
beta1t[90,1]	5.454	0.005598	1.101	1.099	3.412	5.407	7.739	38410.0	31380.0	0.1163	1.0
beta1t[90,2]	4.119	0.005123	0.9315	0.9212	2.438	4.066	6.096	32660.0	26410.0	0.0989	1.0
beta1t[91,1]	0.7298	0.002117	0.3364	0.2766	0.2723	0.6671	1.559	27220.0	27670.0	0.08242	1.0
beta1t[91,2]	0.8784	0.001837	0.3158	0.2828	0.396	0.8343	1.629	31590.0	27580.0	0.09564	1.0
beta1t[92,1]	1.628	0.001837	0.3898	0.385	0.9295	1.607	2.465	44410.0	29830.0	0.1345	1.0
beta1t[92,2]	1.902	0.001958	0.4019	0.3997	1.162	1.886	2.739	41390.0	29310.0	0.1253	1.0
beta1t[93,1]	2.849	0.00221	0.5237	0.5089	1.908	2.822	3.965	55970.0	32160.0	0.1695	1.0
beta1t[93,2]	3.618	0.003703	0.7383	0.7072	2.366	3.55	5.257	39720.0	31560.0	0.1203	1.0
beta1t[94,1]	2.174	0.001723	0.4222	0.4161	1.386	2.157	3.046	58850.0	29750.0	0.1782	1.0
beta1t[94,2]	1.475	0.002285	0.3767	0.3564	0.836	1.443	2.314	28160.0	27800.0	0.08527	1.0
beta1t[95,1]	2.237	0.002203	0.4572	0.4562	1.375	2.225	3.165	42620.0	30300.0	0.129	1.0
beta1t[95,2]	2.192	0.002471	0.4544	0.4554	1.36	2.172	3.127	33220.0	28900.0	0.1006	1.0
beta1t[96,1]	1.574	0.001948	0.4303	0.4308	0.8051	1.552	2.472	47330.0	29030.0	0.1433	1.0
beta1t[96,2]	2.139	0.003422	0.6381	0.633	1.059	2.083	3.521	33630.0	26630.0	0.1018	1.0
beta1t[97,1]	4.335	0.006363	1.05	1.054	2.359	4.31	6.455	27020.0	28070.0	0.08181	1.0
beta1t[97,2]	2.682	0.002252	0.5055	0.5015	1.752	2.663	3.74	50060.0	30670.0	0.1516	1.0
beta1t[98,1]	1.126	0.001765	0.3741	0.3687	0.4933	1.094	1.952	43060.0	28160.0	0.1304	1.0
beta1t[98,2]	1.235	0.001553	0.334	0.3308	0.6441	1.212	1.954	44800.0	28750.0	0.1356	1.0
beta1t[99,1]	2.265	0.002526	0.5229	0.5135	1.336	2.234	3.387	42480.0	28070.0	0.1286	1.0
beta1t[99,2]	2.183	0.001923	0.4254	0.4216	1.413	2.161	3.081	47840.0	28980.0	0.1448	1.0
beta1t[100,1]	2.599	0.002355	0.5094	0.5121	1.652	2.581	3.642	46110.0	30520.0	0.1396	1.0
beta1t[100,2]	2.825	0.002478	0.5207	0.5169	1.876	2.799	3.908	43230.0	28020.0	0.1309	1.0
beta1t[101,1]	2.134	0.001611	0.398	0.3952	1.389	2.123	2.949	59490.0	28640.0	0.1801	1.0
beta1t[101,2]	1.949	0.002537	0.4494	0.4485	1.133	1.928	2.895	30790.0	25640.0	0.09323	1.0
beta1t[102,1]	1.215	0.002242	0.4838	0.4698	0.455	1.155	2.322	43910.0	27370.0	0.1329	1.0
beta1t[102,2]	1.057	0.001536	0.3313	0.3226	0.5089	1.023	1.798	45990.0	29650.0	0.1392	1.0
beta1t[103,1]	1.832	0.002311	0.4776	0.4614	0.997	1.797	2.867	42530.0	30260.0	0.1288	1.0
beta1t[103,2]	1.46	0.001847	0.3578	0.355	0.8267	1.437	2.228	37630.0	30850.0	0.1139	1.0
beta1t[104,1]	2.102	0.002293	0.4842	0.4854	1.201	2.088	3.09	43640.0	28730.0	0.1321	1.0
beta1t[104,2]	2.229	0.002226	0.4579	0.4543	1.395	2.206	3.193	41290.0	28460.0	0.125	1.0
beta1t[105,1]	1.17	0.001236	0.2718	0.2699	0.6744	1.157	1.738	47530.0	32720.0	0.1439	1.0
beta1t[105,2]	1.748	0.002066	0.3932	0.3877	1.041	1.729	2.581	35840.0	29400.0	0.1085	1.0
beta1t[106,1]	1.235	0.002099	0.4149	0.4094	0.5393	1.198	2.148	38100.0	27740.0	0.1154	1.0
beta1t[106,2]	1.539	0.002276	0.4442	0.4407	0.7656	1.506	2.495	37610.0	30240.0	0.1139	1.0
beta1t[107,1]	1.941	0.00296	0.5591	0.5596	0.9371	1.908	3.118	35130.0	28850.0	0.1064	1.0
beta1t[107,2]	1.808	0.002609	0.4754	0.476	0.9605	1.782	2.816	32800.0	27870.0	0.0993	1.0
beta1t[108,1]	2.576	0.003662	0.6911	0.6938	1.323	2.544	4.016	35470.0	27930.0	0.1074	1.0
beta1t[108,2]	1.933	0.002205	0.4476	0.4468	1.117	1.911	2.859	40460.0	28370.0	0.1225	1.0
beta1t[109,1]	1.555	0.001915	0.4092	0.4095	0.8194	1.532	2.419	44390.0	30050.0	0.1344	1.0
beta1t[109,2]	2.024	0.00269	0.509	0.5108	1.114	1.993	3.1	34900.0	27090.0	0.1057	1.0
beta1t[110,1]	2.342	0.002968	0.5827	0.5853	1.264	2.326	3.532	38300.0	29060.0	0.116	1.0
beta1t[110,2]	2.585	0.003593	0.682	0.6677	1.381	2.539	4.06	35290.0	26980.0	0.1068	1.0
beta1t[111,1]	1.467	0.003459	0.6098	0.5475	0.5794	1.369	2.935	30710.0	30630.0	0.09298	1.0
beta1t[111,2]	1.916	0.002269	0.536	0.5317	0.9702	1.882	3.064	54200.0	30040.0	0.1641	1.0
beta1t[112,1]	1.627	0.002483	0.5208	0.5174	0.7275	1.586	2.758	42570.0	30200.0	0.1289	1.0
beta1t[112,2]	1.688	0.002582	0.5052	0.4932	0.8378	1.641	2.803	37600.0	29480.0	0.1138	1.0
beta1t[113,1]	1.39	0.001753	0.3736	0.3763	0.7022	1.376	2.159	44160.0	27180.0	0.1337	1.0
beta1t[113,2]	1.156	0.001472	0.3028	0.2973	0.6291	1.133	1.817	41490.0	27950.0	0.1256	1.0
beta1t[114,1]	2.564	0.003952	0.7313	0.7251	1.252	2.526	4.114	33390.0	26870.0	0.1011	1.0
beta1t[114,2]	2.786	0.003395	0.6645	0.6613	1.571	2.758	4.175	37460.0	26980.0	0.1134	1.0
beta1t[115,1]	2.272	0.003062	0.6122	0.5984	1.197	2.227	3.588	39520.0	30520.0	0.1197	1.0
beta1t[115,2]	2.306	0.003821	0.6502	0.6214	1.225	2.242	3.778	28950.0	28120.0	0.08764	1.0
beta1t[116,1]	2.659	0.001909	0.4383	0.4361	1.831	2.648	3.555	52410.0	34060.0	0.1587	1.0
beta1t[116,2]	4.037	0.003113	0.6524	0.6454	2.83	4.013	5.376	43420.0	30350.0	0.1315	1.0
beta1t[117,1]	2.487	0.003205	0.6186	0.6213	1.335	2.47	3.754	36940.0	29640.0	0.1118	1.0
beta1t[117,2]	2.06	0.002792	0.5258	0.5219	1.136	2.025	3.185	34800.0	29670.0	0.1054	1.0
beta1t[118,1]	3.321	0.003979	0.735	0.7363	1.966	3.295	4.83	34090.0	31110.0	0.1032	1.0
beta1t[118,2]	3.484	0.004363	0.8227	0.8076	2.045	3.424	5.256	35020.0	28530.0	0.106	1.0
beta1t[119,1]	2.867	0.002246	0.5355	0.531	1.88	2.844	3.974	56020.0	30080.0	0.1696	1.0
beta1t[119,2]	2.395	0.001997	0.4135	0.4065	1.619	2.385	3.245	42380.0	29090.0	0.1283	1.0
beta1t[120,1]	2.264	0.002	0.4499	0.4518	1.415	2.249	3.182	49590.0	29210.0	0.1501	1.0
beta1t[120,2]	2.15	0.002552	0.4706	0.4639	1.303	2.122	3.147	33250.0	27000.0	0.1007	1.0
beta1t[121,1]	1.454	0.001773	0.3991	0.3969	0.7297	1.432	2.299	48780.0	28730.0	0.1477	1.0
beta1t[121,2]	1.279	0.001881	0.374	0.3674	0.6511	1.246	2.102	39040.0	29810.0	0.1182	1.0
beta1t[122,1]	3.193	0.005927	0.9931	0.9912	1.458	3.125	5.3	28050.0	27960.0	0.08493	1.0
beta1t[122,2]	2.142	0.002581	0.5519	0.5511	1.16	2.11	3.309	44880.0	29140.0	0.1359	1.0
beta1t[123,1]	1.268	0.002177	0.4772	0.4651	0.5101	1.212	2.342	45410.0	27840.0	0.1375	1.0
beta1t[123,2]	1.377	0.001843	0.4187	0.4162	0.6595	1.342	2.281	48850.0	28120.0	0.1479	1.0
beta1t[124,1]	1.526	0.002217	0.4197	0.427	0.7596	1.513	2.388	35500.0	28540.0	0.1075	1.0
beta1t[124,2]	1.51	0.001924	0.3832	0.3856	0.8247	1.487	2.314	38580.0	30160.0	0.1168	1.0
beta1t[125,1]	2.39	0.002303	0.5037	0.5035	1.45	2.377	3.41	46970.0	29990.0	0.1422	1.0
beta1t[125,2]	2.4	0.003029	0.5394	0.5365	1.414	2.375	3.526	31040.0	26410.0	0.09398	1.0
beta1t[126,1]	2.433	0.002017	0.4723	0.4689	1.546	2.418	3.401	53980.0	31430.0	0.1634	1.0
beta1t[126,2]	2.847	0.003449	0.6127	0.6123	1.724	2.82	4.129	30930.0	27140.0	0.09364	1.0
beta1t[127,1]	2.114	0.001859	0.4282	0.4281	1.302	2.101	2.983	52370.0	31170.0	0.1586	1.0
beta1t[127,2]	2.374	0.002931	0.522	0.5241	1.426	2.352	3.456	31480.0	28530.0	0.0953	1.0
beta1t[128,1]	1.317	0.001613	0.3239	0.3252	0.7188	1.306	1.986	39660.0	28750.0	0.1201	1.0
beta1t[128,2]	1.725	0.002058	0.3841	0.3849	1.014	1.712	2.515	34360.0	29390.0	0.104	1.0
beta1t[129,1]	1.552	0.001696	0.3756	0.3717	0.8844	1.529	2.348	48160.0	30830.0	0.1458	1.0
beta1t[129,2]	2.011	0.00229	0.4446	0.4422	1.207	1.987	2.949	36920.0	27250.0	0.1118	1.0
beta1t[130,1]	0.8846	0.002536	0.4313	0.3626	0.3062	0.7995	1.961	29810.0	31690.0	0.09026	1.0
beta1t[130,2]	1.077	0.002242	0.4257	0.3905	0.4353	1.012	2.082	37890.0	30670.0	0.1147	1.0
beta1t[131,1]	0.6635	0.001446	0.2714	0.2493	0.2583	0.6246	1.291	35560.0	29530.0	0.1077	1.0
beta1t[131,2]	0.7969	0.001345	0.2621	0.2492	0.3674	0.7686	1.382	38660.0	30100.0	0.1171	1.0
beta1t[132,1]	1.285	0.002099	0.4009	0.404	0.5818	1.257	2.138	35670.0	28240.0	0.108	1.0
beta1t[132,2]	1.164	0.001474	0.3109	0.3068	0.6143	1.143	1.83	43180.0	29190.0	0.1307	1.0
beta1t[133,1]	0.6125	0.001497	0.2709	0.2476	0.2187	0.5685	1.263	32870.0	30420.0	0.09951	1.0
beta1t[133,2]	0.6917	0.001407	0.2561	0.2406	0.2979	0.6572	1.294	33960.0	31020.0	0.1028	1.0
beta1t[134,1]	2.742	0.004254	0.7052	0.7205	1.423	2.723	4.17	27300.0	26540.0	0.08267	1.0
beta1t[134,2]	2.478	0.002398	0.5061	0.5024	1.531	2.459	3.524	43730.0	27420.0	0.1324	1.0
beta1t[135,1]	2.051	0.003645	0.6526	0.6575	0.9026	2.009	3.426	31200.0	27250.0	0.09446	1.0
beta1t[135,2]	1.569	0.002148	0.4408	0.4373	0.7994	1.539	2.516	41310.0	29970.0	0.1251	1.0
beta1t[136,1]	2.674	0.002825	0.6082	0.6073	1.548	2.656	3.931	45740.0	30410.0	0.1385	1.0
beta1t[136,2]	3.29	0.003502	0.7053	0.709	2.008	3.259	4.757	39760.0	28460.0	0.1204	1.0
beta1t[137,1]	3.151	0.003334	0.6588	0.654	1.893	3.137	4.476	38720.0	30710.0	0.1172	1.0
beta1t[137,2]	2.284	0.003015	0.5516	0.5434	1.305	2.248	3.465	32930.0	28170.0	0.09969	1.0
beta1t[138,1]	3.044	0.004361	0.8497	0.8462	1.528	2.99	4.846	37820.0	29660.0	0.1145	1.0
beta1t[138,2]	3.168	0.004177	0.8241	0.8256	1.706	3.118	4.906	38010.0	27360.0	0.1151	1.0
beta1t[139,1]	1.042	0.001415	0.3098	0.3089	0.4993	1.021	1.702	46640.0	29460.0	0.1412	1.0
beta1t[139,2]	1.711	0.003463	0.6091	0.5742	0.7584	1.629	3.133	30550.0	29400.0	0.0925	1.0
beta1t[140,1]	3.736	0.002887	0.6305	0.6276	2.551	3.722	5.023	47590.0	31900.0	0.1441	1.0
beta1t[140,2]	3.586	0.003232	0.6629	0.6563	2.376	3.553	4.975	41130.0	29090.0	0.1245	1.0
beta1t[141,1]	1.339	0.00189	0.4276	0.4235	0.6078	1.302	2.274	49060.0	28400.0	0.1486	1.0
beta1t[141,2]	1.678	0.002116	0.4367	0.4332	0.8921	1.654	2.598	41630.0	30370.0	0.1261	1.0
beta2[1,1]	6.726	0.004502	1.033	1.023	4.84	6.681	8.88	51650.0	28260.0	0.1564	1.0
beta2[1,2]	7.454	0.004492	1.125	1.107	5.404	7.399	9.837	62430.0	28610.0	0.189	1.0
beta2[2,1]	9.302	0.006102	1.307	1.278	6.971	9.222	12.13	45820.0	33060.0	0.1387	1.0
beta2[2,2]	3.43	0.003939	0.7459	0.7252	2.115	3.378	5.024	35610.0	32270.0	0.1078	1.0
beta2[3,1]	7.553	0.004719	1.261	1.222	5.381	7.457	10.33	75310.0	29350.0	0.228	1.0
beta2[3,2]	10.23	0.01021	2.17	2.052	6.728	9.977	15.17	49050.0	29430.0	0.1485	1.0
beta2[4,1]	3.664	0.002947	0.6612	0.6562	2.476	3.629	5.052	49970.0	32580.0	0.1513	1.0
beta2[4,2]	7.257	0.004326	1.038	1.03	5.344	7.215	9.419	57000.0	34350.0	0.1726	1.0
beta2[5,1]	4.193	0.003174	0.733	0.7307	2.848	4.164	5.716	52350.0	29850.0	0.1585	1.0
beta2[5,2]	4.297	0.002977	0.7613	0.7519	2.947	4.249	5.927	64440.0	30560.0	0.1951	1.0
beta2[6,1]	6.108	0.003722	0.9251	0.9103	4.425	6.056	8.071	61420.0	30800.0	0.186	1.0
beta2[6,2]	6.11	0.004195	0.9996	0.983	4.351	6.043	8.243	58900.0	30770.0	0.1783	1.0
beta2[7,1]	24.51	0.01634	3.638	3.487	18.24	24.2	32.57	50610.0	31310.0	0.1532	1.0
beta2[7,2]	17.94	0.02288	4.856	4.228	10.97	17.08	29.74	56780.0	28380.0	0.1719	1.0
beta2[8,1]	6.978	0.004633	1.138	1.109	4.996	6.887	9.456	62610.0	32730.0	0.1896	1.0
beta2[8,2]	4.196	0.002868	0.7119	0.7048	2.923	4.154	5.717	61290.0	33120.0	0.1856	1.0
beta2[9,1]	7.806	0.004162	1.122	1.106	5.799	7.741	10.18	73950.0	29010.0	0.2239	1.0
beta2[9,2]	10.05	0.008844	1.908	1.821	6.883	9.846	14.37	50320.0	31190.0	0.1524	1.0
beta2[10,1]	6.592	0.003949	0.9756	0.9737	4.815	6.543	8.61	60100.0	30850.0	0.182	1.0
beta2[10,2]	5.23	0.003443	0.835	0.8407	3.693	5.194	6.97	58090.0	31400.0	0.1759	1.0
beta2[11,1]	5.33	0.004562	1.06	1.005	3.539	5.228	7.704	55790.0	30430.0	0.1689	1.0
beta2[11,2]	4.694	0.004147	0.9603	0.9168	3.105	4.594	6.861	56620.0	29750.0	0.1714	1.0
beta2[12,1]	4.355	0.01134	1.661	1.475	1.969	4.077	8.331	20470.0	24930.0	0.06199	1.0
beta2[12,2]	7.085	0.005818	1.186	1.158	4.952	7.025	9.593	42300.0	31660.0	0.1281	1.0
beta2[13,1]	3.452	0.00468	0.8382	0.7996	2.042	3.373	5.314	33570.0	30640.0	0.1016	1.0
beta2[13,2]	12.3	0.01008	2.19	2.141	8.543	12.12	17.11	47660.0	35500.0	0.1443	1.0
beta2[14,1]	8.481	0.006368	1.515	1.46	5.888	8.351	11.81	57220.0	28510.0	0.1732	1.0
beta2[14,2]	6.646	0.00359	0.9913	0.9776	4.865	6.592	8.757	76920.0	28420.0	0.2329	1.0
beta2[15,1]	6.636	0.003504	0.9085	0.9001	4.996	6.586	8.562	67560.0	30460.0	0.2046	1.0
beta2[15,2]	5.943	0.004112	0.9242	0.913	4.265	5.894	7.885	49990.0	31240.0	0.1513	1.0
beta2[16,1]	8.206	0.005127	1.279	1.266	5.962	8.116	10.96	63240.0	31630.0	0.1915	1.0
beta2[16,2]	8.974	0.007433	1.634	1.526	6.281	8.804	12.71	54570.0	30500.0	0.1652	1.0
beta2[17,1]	2.765	0.001997	0.4917	0.4849	1.876	2.739	3.804	59860.0	32590.0	0.1812	1.0
beta2[17,2]	3.76	0.003359	0.7769	0.7746	2.377	3.717	5.401	52270.0	30860.0	0.1583	1.0
beta2[18,1]	8.18	0.004492	1.213	1.184	6.009	8.106	10.78	74390.0	30630.0	0.2252	1.0
beta2[18,2]	12.52	0.00715	1.916	1.848	9.18	12.38	16.69	75970.0	32060.0	0.23	1.0
beta2[19,1]	5.87	0.004092	0.9481	0.9214	4.203	5.808	7.919	54150.0	30490.0	0.164	1.0
beta2[19,2]	5.658	0.003515	0.8941	0.8807	4.056	5.607	7.539	65290.0	29090.0	0.1977	1.0
beta2[20,1]	8.902	0.004749	1.335	1.317	6.523	8.821	11.74	80840.0	28440.0	0.2448	1.0
beta2[20,2]	10.88	0.0154	2.722	2.422	6.848	10.46	17.33	34220.0	30090.0	0.1036	1.0
beta2[21,1]	7.384	0.004683	1.162	1.136	5.377	7.288	9.908	64650.0	30460.0	0.1957	1.0
beta2[21,2]	8.648	0.006742	1.562	1.481	6.041	8.494	12.16	57330.0	30730.0	0.1736	1.0
beta2[22,1]	3.167	0.002079	0.5521	0.5453	2.16	3.14	4.335	68430.0	30070.0	0.2072	1.0
beta2[22,2]	2.737	0.003834	0.6834	0.6565	1.604	2.67	4.26	32620.0	30270.0	0.09877	1.0
beta2[23,1]	5.891	0.003348	0.8622	0.8569	4.31	5.854	7.709	65760.0	32280.0	0.1991	1.0
beta2[23,2]	3.79	0.003255	0.7327	0.6977	2.549	3.723	5.416	51810.0	32930.0	0.1569	1.0
beta2[24,1]	2.861	0.002639	0.5884	0.5744	1.81	2.827	4.129	50090.0	28660.0	0.1516	1.0
beta2[24,2]	4.316	0.003091	0.7624	0.7521	2.902	4.293	5.9	59040.0	28220.0	0.1787	0.9999
beta2[25,1]	2.272	0.004943	0.8226	0.7306	1.047	2.153	4.197	32490.0	25090.0	0.09837	1.0
beta2[25,2]	2.523	0.005442	0.8272	0.6989	1.287	2.419	4.368	33100.0	21500.0	0.1002	1.0
beta2[26,1]	10.86	0.01057	2.306	2.152	7.192	10.59	16.13	51950.0	33990.0	0.1573	1.0
beta2[26,2]	7.087	0.004448	1.182	1.151	5.041	6.995	9.669	73170.0	31280.0	0.2215	1.0
beta2[27,1]	4.794	0.004768	1.072	1.019	3.034	4.676	7.213	53760.0	29740.0	0.1628	1.0
beta2[27,2]	4.588	0.004592	1.052	0.9808	2.914	4.451	7.026	59240.0	29100.0	0.1794	1.0
beta2[28,1]	4.465	0.002661	0.6804	0.6767	3.201	4.436	5.873	64120.0	28220.0	0.1941	1.0
beta2[28,2]	6.075	0.003889	0.9595	0.949	4.339	6.024	8.09	60580.0	32240.0	0.1834	1.0
beta2[29,1]	4.075	0.002731	0.658	0.6525	2.883	4.044	5.445	57150.0	33990.0	0.173	1.0
beta2[29,2]	6.887	0.004108	1.06	1.043	4.974	6.829	9.122	66070.0	32760.0	0.2	1.0
beta2[30,1]	6.67	0.00416	1.037	1.022	4.853	6.596	8.893	63110.0	30060.0	0.1911	1.0
beta2[30,2]	7.608	0.005731	1.338	1.294	5.31	7.495	10.54	55590.0	30650.0	0.1683	1.0
beta2[31,1]	3.979	0.003427	0.7325	0.7234	2.657	3.941	5.523	44850.0	27520.0	0.1358	1.0
beta2[31,2]	4.167	0.002532	0.6645	0.6633	2.978	4.132	5.566	68120.0	28800.0	0.2063	1.0
beta2[32,1]	6.603	0.004128	0.9991	0.9868	4.816	6.542	8.732	58410.0	29660.0	0.1768	1.0
beta2[32,2]	6.442	0.003639	0.9371	0.9277	4.762	6.391	8.44	67380.0	30070.0	0.204	1.0
beta2[33,1]	2.067	0.00158	0.3879	0.387	1.363	2.05	2.873	61700.0	31170.0	0.1868	1.0
beta2[33,2]	3.551	0.002872	0.669	0.6674	2.348	3.512	4.964	53670.0	33060.0	0.1625	1.0
beta2[34,1]	5.951	0.003415	0.9186	0.9072	4.318	5.895	7.918	73560.0	29570.0	0.2227	1.0
beta2[34,2]	7.92	0.007419	1.539	1.433	5.375	7.752	11.43	46770.0	30220.0	0.1416	1.0
beta2[35,1]	2.649	0.002917	0.6444	0.6384	1.504	2.605	4.026	47850.0	27530.0	0.1449	1.0
beta2[35,2]	2.459	0.002369	0.5764	0.5667	1.438	2.423	3.687	58830.0	29490.0	0.1781	1.0
beta2[36,1]	4.912	0.003878	0.8125	0.8073	3.437	4.879	6.608	43280.0	30620.0	0.131	1.0
beta2[36,2]	4.579	0.002382	0.6525	0.6465	3.389	4.55	5.946	75120.0	31320.0	0.2274	1.0
beta2[37,1]	9.053	0.006836	1.656	1.585	6.261	8.896	12.74	62360.0	33090.0	0.1888	1.0
beta2[37,2]	5.997	0.003731	0.9954	0.967	4.235	5.931	8.14	73340.0	31600.0	0.222	1.0
beta2[38,1]	6.639	0.004901	1.15	1.129	4.61	6.563	9.125	54960.0	30520.0	0.1664	1.0
beta2[38,2]	5.615	0.003407	0.8878	0.8757	4.03	5.558	7.511	68770.0	31200.0	0.2082	1.0
beta2[39,1]	3.315	0.005098	1.022	0.9951	1.643	3.207	5.602	38930.0	29870.0	0.1179	1.0
beta2[39,2]	5.328	0.005493	1.317	1.296	3.004	5.238	8.167	55560.0	31810.0	0.1682	1.0
beta2[40,1]	3.613	0.002394	0.5933	0.5926	2.537	3.581	4.846	60990.0	29990.0	0.1847	1.0
beta2[40,2]	5.738	0.005463	1.172	1.089	3.85	5.602	8.435	50310.0	29750.0	0.1523	1.0
beta2[41,1]	5.182	0.003575	0.9338	0.9167	3.566	5.113	7.223	68760.0	31980.0	0.2082	1.0
beta2[41,2]	3.235	0.002268	0.5905	0.5875	2.169	3.205	4.475	67020.0	32860.0	0.2029	1.0
beta2[42,1]	6.714	0.00464	1.042	1.012	4.873	6.648	8.946	51840.0	28970.0	0.157	1.0
beta2[42,2]	6.757	0.003844	1.002	0.9882	4.939	6.696	8.879	67550.0	27660.0	0.2045	1.0
beta2[43,1]	9.579	0.004967	1.316	1.295	7.193	9.507	12.37	70380.0	29720.0	0.2131	1.0
beta2[43,2]	8.86	0.004967	1.31	1.3	6.472	8.799	11.59	69400.0	29650.0	0.2101	1.0
beta2[44,1]	3.146	0.03346	1.878	1.555	0.965	2.657	7.858	2450.0	13530.0	0.007417	1.002
beta2[44,2]	4.068	0.0485	2.492	2.213	1.262	3.386	10.1	2139.0	13430.0	0.006478	1.002
beta2[45,1]	4.872	0.002811	0.7607	0.7515	3.478	4.844	6.429	72170.0	28540.0	0.2185	1.0
beta2[45,2]	6.077	0.008131	1.469	1.372	3.599	5.943	9.362	33860.0	27920.0	0.1025	1.0
beta2[46,1]	22.43	0.02126	4.877	4.556	14.65	21.84	33.69	54310.0	33360.0	0.1644	1.0
beta2[46,2]	40.85	0.06269	13.0	11.11	22.32	38.66	72.54	52730.0	28310.0	0.1596	1.0
beta2[47,1]	8.756	0.004961	1.088	1.09	6.736	8.72	10.98	47900.0	31920.0	0.145	1.0
beta2[47,2]	19.79	0.01693	4.282	4.149	12.73	19.34	29.49	65930.0	31060.0	0.1996	1.0
beta2[48,1]	12.22	0.01218	2.605	2.385	8.16	11.86	18.39	54170.0	28370.0	0.164	1.0
beta2[48,2]	14.57	0.01539	3.331	3.084	9.375	14.12	22.37	51980.0	33060.0	0.1574	1.0
beta2[49,1]	10.07	0.006488	1.565	1.522	7.325	9.958	13.47	58640.0	36000.0	0.1775	1.0
beta2[49,2]	5.147	0.003837	0.8333	0.8268	3.628	5.101	6.893	47430.0	34890.0	0.1436	1.0
beta2[50,1]	4.909	0.01125	2.199	1.913	1.855	4.513	10.27	39990.0	30510.0	0.1211	1.0
beta2[50,2]	4.863	0.01031	2.127	1.873	1.84	4.521	9.962	43930.0	29940.0	0.133	1.0
beta2[51,1]	3.484	0.003934	0.8683	0.8496	1.99	3.416	5.37	47680.0	29490.0	0.1444	1.0
beta2[51,2]	2.775	0.002959	0.7042	0.6863	1.559	2.721	4.307	56550.0	30870.0	0.1712	1.0
beta2[52,1]	3.719	0.002642	0.6743	0.6654	2.537	3.672	5.156	65510.0	29860.0	0.1983	1.0
beta2[52,2]	2.72	0.001799	0.486	0.4776	1.854	2.69	3.755	72360.0	29810.0	0.2191	1.0
beta2[53,1]	3.859	0.003536	0.8125	0.779	2.504	3.775	5.682	56060.0	29540.0	0.1697	1.0
beta2[53,2]	4.506	0.003991	0.9658	0.9325	2.841	4.425	6.634	58450.0	30170.0	0.177	1.0
beta2[54,1]	5.152	0.003584	0.7802	0.7776	3.707	5.122	6.762	46760.0	29720.0	0.1416	1.0
beta2[54,2]	6.015	0.003305	0.8829	0.87	4.425	5.962	7.889	71270.0	29590.0	0.2158	1.0
beta2[55,1]	8.921	0.01133	2.211	1.996	5.556	8.595	14.12	43200.0	30420.0	0.1308	1.0
beta2[55,2]	6.482	0.004805	1.247	1.185	4.394	6.356	9.279	72980.0	31940.0	0.221	1.0
beta2[56,1]	7.237	0.003965	1.086	1.062	5.279	7.179	9.546	75660.0	27980.0	0.2291	1.0
beta2[56,2]	10.38	0.01023	2.06	1.874	7.118	10.13	15.2	47020.0	29450.0	0.1424	1.0
beta2[57,1]	2.391	0.002032	0.4815	0.4785	1.536	2.361	3.411	55960.0	29710.0	0.1694	1.0
beta2[57,2]	3.204	0.002319	0.6387	0.6278	2.096	3.154	4.576	76620.0	27910.0	0.232	1.0
beta2[58,1]	3.852	0.01041	1.806	1.564	1.376	3.51	8.279	30060.0	29550.0	0.09101	1.0
beta2[58,2]	3.423	0.009075	1.603	1.346	1.286	3.112	7.4	33060.0	30380.0	0.1001	1.0
beta2[59,1]	3.624	0.00235	0.5848	0.5764	2.562	3.597	4.853	61250.0	29690.0	0.1855	0.9999
beta2[59,2]	4.953	0.003941	0.9339	0.9059	3.359	4.871	7.013	57810.0	31030.0	0.175	1.0
beta2[60,1]	6.803	0.003823	0.9963	0.9819	5.001	6.748	8.931	68090.0	30290.0	0.2061	1.0
beta2[60,2]	6.003	0.004054	0.9792	0.9714	4.217	5.952	8.062	57630.0	28110.0	0.1745	1.0
beta2[61,1]	6.075	0.003663	0.8856	0.8765	4.452	6.033	7.918	57790.0	29280.0	0.175	1.0
beta2[61,2]	6.753	0.003759	0.9719	0.9645	4.969	6.714	8.786	65890.0	29930.0	0.1995	1.001
beta2[62,1]	3.572	0.00314	0.6608	0.6597	2.371	3.54	4.945	43760.0	33040.0	0.1325	1.0
beta2[62,2]	8.519	0.00572	1.339	1.313	6.154	8.422	11.36	54580.0	33730.0	0.1653	1.0
beta2[63,1]	9.227	0.006947	1.771	1.712	6.264	9.057	13.17	68820.0	31910.0	0.2084	1.0
beta2[63,2]	8.28	0.01047	1.923	1.701	5.394	7.991	12.8	39640.0	28580.0	0.12	1.0
beta2[64,1]	9.854	0.00643	1.365	1.36	7.381	9.787	12.69	45110.0	36380.0	0.1366	1.0
beta2[64,2]	32.94	0.04203	9.419	8.207	19.46	31.38	55.52	59300.0	30990.0	0.1795	1.0
beta2[65,1]	2.341	0.006653	1.002	0.8509	0.9587	2.152	4.791	24150.0	26840.0	0.07312	1.0
beta2[65,2]	2.39	0.004449	0.8634	0.7935	1.057	2.275	4.406	38930.0	28270.0	0.1179	1.0
beta2[66,1]	4.071	0.006285	1.062	1.027	2.304	3.956	6.453	28280.0	29190.0	0.08561	1.0
beta2[66,2]	6.284	0.003789	1.046	1.04	4.366	6.233	8.475	75570.0	28310.0	0.2288	1.0
beta2[67,1]	5.329	0.01195	2.142	1.972	2.187	4.985	10.52	31290.0	27380.0	0.09474	1.0
beta2[67,2]	5.003	0.006713	1.26	1.144	2.938	4.879	7.772	37010.0	29300.0	0.1121	1.0
beta2[68,1]	3.969	0.00919	1.545	1.357	1.736	3.713	7.658	29280.0	29400.0	0.08865	1.0
beta2[68,2]	5.275	0.00781	1.602	1.476	2.711	5.096	8.949	42720.0	30410.0	0.1293	1.0
beta2[69,1]	9.79	0.0066	1.481	1.421	7.15	9.702	12.96	51730.0	31000.0	0.1566	1.0
beta2[69,2]	7.888	0.004322	1.138	1.135	5.772	7.845	10.23	68880.0	31600.0	0.2086	1.0
beta2[70,1]	3.71	0.003324	0.7081	0.7045	2.424	3.676	5.184	44160.0	29230.0	0.1337	1.0
beta2[70,2]	5.006	0.002823	0.7953	0.7963	3.554	4.972	6.669	78420.0	28290.0	0.2374	1.0
beta2[71,1]	2.838	0.001973	0.5095	0.5005	1.919	2.81	3.91	66490.0	31610.0	0.2013	1.0
beta2[71,2]	5.211	0.004485	1.043	1.034	3.326	5.155	7.408	52910.0	31730.0	0.1602	1.0
beta2[72,1]	3.643	0.005727	1.007	0.9423	1.982	3.535	5.901	33100.0	27570.0	0.1002	1.0
beta2[72,2]	5.156	0.003971	0.9857	0.9648	3.41	5.096	7.237	62720.0	30770.0	0.1899	1.0
beta2[73,1]	7.516	0.004058	1.039	1.022	5.636	7.46	9.706	65040.0	31660.0	0.1969	1.0
beta2[73,2]	5.231	0.003135	0.7567	0.7498	3.849	5.194	6.814	58200.0	33050.0	0.1762	1.0
beta2[74,1]	3.012	0.00313	0.725	0.7181	1.737	2.962	4.566	52140.0	28270.0	0.1579	1.0
beta2[74,2]	2.493	0.002472	0.615	0.6082	1.405	2.453	3.809	59580.0	27150.0	0.1804	1.0
beta2[75,1]	5.737	0.003546	0.7909	0.7818	4.267	5.71	7.379	49520.0	30990.0	0.1499	1.0
beta2[75,2]	15.73	0.01213	2.813	2.675	11.09	15.45	22.07	55450.0	36490.0	0.1679	1.0
beta2[76,1]	8.213	0.004411	1.144	1.142	6.135	8.153	10.6	67250.0	31410.0	0.2036	1.0
beta2[76,2]	7.176	0.00398	1.067	1.057	5.269	7.12	9.457	71270.0	28850.0	0.2158	1.0
beta2[77,1]	3.189	0.001937	0.5088	0.5031	2.26	3.163	4.257	68500.0	32540.0	0.2074	1.0
beta2[77,2]	4.901	0.003657	0.8976	0.8562	3.39	4.821	6.914	64780.0	32000.0	0.1961	1.0
beta2[78,1]	4.913	0.003691	0.957	0.9003	3.348	4.809	7.096	76230.0	30200.0	0.2308	1.0
beta2[78,2]	6.861	0.01019	1.887	1.644	4.136	6.542	11.48	41090.0	27070.0	0.1244	1.0
beta2[79,1]	10.38	0.01279	2.575	2.348	6.448	10.01	16.5	46240.0	30610.0	0.14	1.0
beta2[79,2]	5.848	0.004924	1.244	1.186	3.809	5.716	8.658	69930.0	32080.0	0.2117	1.0
beta2[80,1]	3.76	0.003145	0.6758	0.6747	2.554	3.72	5.185	45270.0	29030.0	0.1371	1.0
beta2[80,2]	3.53	0.002119	0.5722	0.5684	2.493	3.503	4.733	71430.0	30970.0	0.2163	1.0
beta2[81,1]	5.713	0.003002	0.7534	0.7385	4.335	5.676	7.294	62820.0	29760.0	0.1902	1.0
beta2[81,2]	5.206	0.003441	0.7805	0.7686	3.776	5.166	6.85	50740.0	30190.0	0.1536	1.0
beta2[82,1]	7.146	0.004466	1.046	1.046	5.227	7.102	9.324	54160.0	28900.0	0.164	1.0
beta2[82,2]	8.318	0.004442	1.165	1.141	6.223	8.248	10.8	69850.0	29830.0	0.2115	1.0
beta2[83,1]	2.903	0.00197	0.5069	0.5001	1.992	2.875	3.978	66190.0	30200.0	0.2004	1.0
beta2[83,2]	3.856	0.002853	0.7281	0.7003	2.594	3.802	5.448	67370.0	28230.0	0.204	1.0
beta2[84,1]	5.368	0.003733	0.8555	0.8534	3.796	5.332	7.145	52300.0	33200.0	0.1584	1.0
beta2[84,2]	11.48	0.007288	1.802	1.771	8.308	11.35	15.36	61620.0	34730.0	0.1866	1.0
beta2[85,1]	4.438	0.002992	0.729	0.7234	3.132	4.402	5.969	58330.0	27390.0	0.1766	1.0
beta2[85,2]	4.29	0.0031	0.7253	0.7253	2.977	4.252	5.802	54110.0	31000.0	0.1638	1.0
beta2[86,1]	3.974	0.003173	0.6824	0.6758	2.76	3.936	5.42	45790.0	32500.0	0.1386	1.0
beta2[86,2]	6.597	0.004205	1.108	1.089	4.638	6.53	8.963	70610.0	32050.0	0.2138	1.0
beta2[87,1]	4.584	0.00348	0.9228	0.9124	2.943	4.526	6.551	69370.0	31310.0	0.21	1.0
beta2[87,2]	3.497	0.006127	1.141	1.096	1.672	3.36	6.103	32860.0	28920.0	0.09949	1.0
beta2[88,1]	3.623	0.008377	1.576	1.374	1.406	3.349	7.441	36030.0	29820.0	0.1091	1.0
beta2[88,2]	3.265	0.007846	1.458	1.238	1.264	2.997	6.912	35290.0	31600.0	0.1068	1.0
beta2[89,1]	6.202	0.003938	0.964	0.9614	4.49	6.141	8.267	60240.0	31720.0	0.1824	1.0
beta2[89,2]	5.236	0.003185	0.8214	0.8165	3.75	5.192	6.972	66110.0	31450.0	0.2002	1.0
beta2[90,1]	8.082	0.004397	1.127	1.123	6.057	8.022	10.47	65780.0	30790.0	0.1992	1.0
beta2[90,2]	7.69	0.005032	1.181	1.169	5.558	7.626	10.19	55060.0	32780.0	0.1667	1.0
beta2[91,1]	2.91	0.006664	1.024	0.9542	1.392	2.746	5.329	23060.0	30190.0	0.06981	1.0
beta2[91,2]	2.553	0.006081	0.9229	0.8007	1.251	2.37	4.804	23770.0	30760.0	0.07197	1.0
beta2[92,1]	2.266	0.002295	0.4881	0.4725	1.409	2.231	3.323	46430.0	30430.0	0.1406	1.0
beta2[92,2]	3.685	0.002625	0.6542	0.6566	2.515	3.652	5.069	61880.0	33780.0	0.1873	1.0
beta2[93,1]	4.119	0.003578	0.8447	0.7976	2.727	4.025	6.024	59520.0	31340.0	0.1802	1.0
beta2[93,2]	3.467	0.002405	0.6398	0.6245	2.355	3.418	4.858	74410.0	29910.0	0.2253	1.0
beta2[94,1]	2.956	0.002309	0.571	0.561	1.95	2.916	4.188	60980.0	31300.0	0.1846	1.0
beta2[94,2]	1.606	0.003903	0.5556	0.4538	0.8228	1.512	2.974	24210.0	21370.0	0.07331	1.0
beta2[95,1]	3.792	0.002458	0.6073	0.6066	2.691	3.761	5.059	60490.0	29850.0	0.1831	1.0
beta2[95,2]	3.882	0.002794	0.658	0.6532	2.702	3.844	5.273	55230.0	29440.0	0.1672	1.0
beta2[96,1]	5.019	0.002933	0.7326	0.7276	3.671	4.985	6.538	62350.0	34830.0	0.1888	0.9999
beta2[96,2]	8.759	0.005198	1.343	1.331	6.382	8.677	11.63	67340.0	33410.0	0.2039	0.9999
beta2[97,1]	8.854	0.005511	1.375	1.346	6.434	8.763	11.82	63630.0	32310.0	0.1926	1.0
beta2[97,2]	4.925	0.003962	0.933	0.8873	3.366	4.835	7.013	59210.0	34090.0	0.1793	1.0
beta2[98,1]	3.841	0.002578	0.6605	0.6546	2.649	3.805	5.226	64590.0	31180.0	0.1956	1.0
beta2[98,2]	2.534	0.001809	0.4644	0.4631	1.687	2.511	3.509	65290.0	31910.0	0.1977	1.0
beta2[99,1]	5.342	0.007465	1.437	1.232	3.256	5.102	8.833	44760.0	26950.0	0.1355	1.0
beta2[99,2]	4.142	0.003411	0.8773	0.8532	2.66	4.056	6.071	67590.0	27300.0	0.2047	1.0
beta2[100,1]	3.648	0.002438	0.6008	0.5968	2.562	3.612	4.901	59620.0	31130.0	0.1805	1.0
beta2[100,2]	5.003	0.003076	0.8076	0.8065	3.529	4.966	6.687	68370.0	30680.0	0.207	1.0
beta2[101,1]	5.652	0.003771	0.9192	0.9052	4.019	5.598	7.605	59410.0	31160.0	0.1799	1.0
beta2[101,2]	4.647	0.00286	0.7533	0.7417	3.278	4.607	6.227	68130.0	30870.0	0.2063	1.0
beta2[102,1]	5.482	0.003658	0.9519	0.9453	3.742	5.435	7.479	66540.0	31250.0	0.2015	1.0
beta2[102,2]	2.731	0.003278	0.6738	0.6533	1.564	2.675	4.193	41960.0	32570.0	0.1271	1.0
beta2[103,1]	6.261	0.00879	1.699	1.489	3.796	5.982	10.42	44460.0	28470.0	0.1346	1.0
beta2[103,2]	3.629	0.002386	0.6218	0.6102	2.524	3.59	4.961	68660.0	28440.0	0.2079	1.0
beta2[104,1]	7.73	0.004555	1.182	1.158	5.59	7.669	10.23	66740.0	30080.0	0.2021	1.0
beta2[104,2]	7.923	0.006188	1.424	1.366	5.513	7.784	11.11	55380.0	30140.0	0.1677	1.0
beta2[105,1]	2.33	0.00164	0.4142	0.4118	1.584	2.306	3.202	63050.0	30590.0	0.1909	1.0
beta2[105,2]	2.418	0.001683	0.4627	0.4545	1.59	2.395	3.405	74460.0	28470.0	0.2255	1.0
beta2[106,1]	6.953	0.004264	1.064	1.051	5.005	6.896	9.187	60320.0	29490.0	0.1826	1.0
beta2[106,2]	5.97	0.003489	0.9238	0.9114	4.311	5.913	7.924	67600.0	30390.0	0.2047	1.0
beta2[107,1]	6.161	0.003274	0.8529	0.8494	4.615	6.122	7.94	68200.0	33320.0	0.2065	1.0
beta2[107,2]	4.229	0.002772	0.656	0.6497	3.03	4.199	5.601	55310.0	31900.0	0.1675	1.0
beta2[108,1]	6.742	0.003916	0.9842	0.9744	4.984	6.686	8.833	62950.0	29200.0	0.1906	1.0
beta2[108,2]	6.5	0.004041	1.007	0.9917	4.706	6.443	8.662	62690.0	31020.0	0.1898	1.0
beta2[109,1]	2.581	0.00216	0.5259	0.5208	1.638	2.553	3.686	57940.0	31610.0	0.1754	1.0
beta2[109,2]	4.273	0.002788	0.762	0.7566	2.883	4.237	5.871	74070.0	30210.0	0.2243	1.0
beta2[110,1]	6.073	0.003539	0.8527	0.8456	4.53	6.029	7.878	57450.0	29220.0	0.174	1.0
beta2[110,2]	6.526	0.003705	0.9472	0.9379	4.819	6.476	8.528	64810.0	29180.0	0.1962	1.0
beta2[111,1]	3.657	0.00948	1.464	1.282	1.59	3.388	7.202	24410.0	28440.0	0.07392	1.0
beta2[111,2]	4.583	0.003783	0.9472	0.9467	2.855	4.538	6.552	61230.0	29030.0	0.1854	1.0
beta2[112,1]	5.343	0.003691	0.8542	0.849	3.775	5.312	7.113	52970.0	31760.0	0.1604	1.0
beta2[112,2]	7.48	0.006345	1.347	1.275	5.241	7.347	10.49	49290.0	30900.0	0.1492	1.0
beta2[113,1]	4.413	0.002675	0.703	0.6975	3.124	4.38	5.884	67860.0	30260.0	0.2055	1.0
beta2[113,2]	3.175	0.003905	0.7027	0.6902	1.947	3.122	4.693	31370.0	27590.0	0.09498	1.0
beta2[114,1]	8.995	0.005362	1.331	1.313	6.616	8.916	11.82	61500.0	27290.0	0.1862	1.0
beta2[114,2]	8.682	0.004524	1.208	1.198	6.505	8.616	11.23	71510.0	28950.0	0.2165	1.0
beta2[115,1]	12.42	0.01966	3.555	3.199	7.172	11.87	20.98	37020.0	29100.0	0.1121	1.0
beta2[115,2]	13.48	0.01744	3.619	3.247	8.08	12.92	22.06	51050.0	31460.0	0.1546	1.0
beta2[116,1]	4.95	0.002922	0.7231	0.7209	3.633	4.917	6.451	60720.0	32990.0	0.1838	1.0
beta2[116,2]	6.993	0.004169	1.06	1.046	5.092	6.934	9.238	65020.0	31820.0	0.1969	1.0
beta2[117,1]	5.499	0.003127	0.8156	0.8139	4.017	5.46	7.208	67390.0	30920.0	0.204	1.0
beta2[117,2]	4.127	0.00263	0.6246	0.6151	2.984	4.096	5.44	55970.0	31660.0	0.1695	1.0
beta2[118,1]	3.851	0.002756	0.6369	0.6265	2.692	3.816	5.19	52310.0	30730.0	0.1584	1.0
beta2[118,2]	4.689	0.00342	0.8075	0.7976	3.234	4.644	6.4	55150.0	30040.0	0.167	1.0
beta2[119,1]	5.355	0.004598	1.036	1.015	3.587	5.267	7.634	51490.0	31000.0	0.1559	1.0
beta2[119,2]	5.35	0.003774	0.9592	0.9402	3.68	5.28	7.419	65360.0	29410.0	0.1979	1.0
beta2[120,1]	3.682	0.002596	0.6752	0.668	2.455	3.651	5.105	66300.0	29740.0	0.2007	1.0
beta2[120,2]	3.46	0.004656	0.8094	0.8017	2.081	3.39	5.211	29620.0	30270.0	0.08968	1.0
beta2[121,1]	3.638	0.003028	0.6596	0.6564	2.437	3.603	5.037	46030.0	29200.0	0.1394	1.0
beta2[121,2]	4.349	0.0037	0.8062	0.7953	2.898	4.303	6.064	46620.0	31270.0	0.1412	1.0
beta2[122,1]	5.457	0.003289	0.8004	0.7938	3.995	5.416	7.138	59010.0	31810.0	0.1787	1.0
beta2[122,2]	7.21	0.00428	1.08	1.055	5.267	7.147	9.508	64860.0	29060.0	0.1964	1.0
beta2[123,1]	11.83	0.00603	1.514	1.475	9.149	11.73	15.04	65320.0	33790.0	0.1978	1.0
beta2[123,2]	9.012	0.004822	1.322	1.314	6.603	8.937	11.79	74000.0	28090.0	0.224	1.0
beta2[124,1]	6.522	0.003916	0.9865	0.9637	4.767	6.455	8.632	64160.0	29210.0	0.1943	1.0
beta2[124,2]	6.842	0.005437	1.233	1.195	4.718	6.738	9.564	52270.0	28460.0	0.1583	1.0
beta2[125,1]	6.984	0.004569	1.123	1.101	5.001	6.908	9.395	60560.0	31660.0	0.1834	1.0
beta2[125,2]	6.422	0.004027	1.022	1.006	4.616	6.354	8.604	66210.0	29800.0	0.2005	1.0
beta2[126,1]	6.927	0.005363	1.192	1.141	4.889	6.821	9.575	51270.0	30210.0	0.1552	1.0
beta2[126,2]	6.491	0.004118	1.065	1.049	4.614	6.418	8.773	68220.0	31730.0	0.2065	1.0
beta2[127,1]	8.061	0.00447	1.193	1.194	5.892	8.004	10.58	70920.0	31740.0	0.2147	1.0
beta2[127,2]	6.307	0.004721	1.137	1.104	4.357	6.214	8.801	59110.0	30400.0	0.179	1.0
beta2[128,1]	2.016	0.001906	0.4151	0.4028	1.296	1.983	2.918	47280.0	31660.0	0.1432	1.0
beta2[128,2]	3.515	0.00252	0.6482	0.6423	2.36	3.477	4.898	65930.0	32080.0	0.1996	1.0
beta2[129,1]	8.263	0.01013	1.959	1.779	5.255	7.983	12.9	42670.0	28980.0	0.1292	1.0
beta2[129,2]	8.425	0.006968	1.665	1.558	5.663	8.25	12.18	63340.0	29010.0	0.1918	1.0
beta2[130,1]	4.801	0.005587	1.042	1.01	3.018	4.722	7.079	35470.0	29340.0	0.1074	1.0
beta2[130,2]	6.793	0.004635	1.18	1.155	4.658	6.733	9.275	64290.0	30770.0	0.1946	1.0
beta2[131,1]	3.913	0.003535	0.751	0.7408	2.561	3.871	5.504	44830.0	31070.0	0.1357	1.0
beta2[131,2]	3.308	0.003212	0.7024	0.6941	2.045	3.268	4.784	46430.0	30110.0	0.1406	1.0
beta2[132,1]	3.547	0.002606	0.658	0.6536	2.347	3.514	4.931	61860.0	28700.0	0.1873	1.0
beta2[132,2]	2.677	0.002624	0.5738	0.5679	1.65	2.645	3.902	47090.0	30990.0	0.1426	1.0
beta2[133,1]	2.781	0.003205	0.666	0.6548	1.614	2.735	4.213	42280.0	28910.0	0.128	1.0
beta2[133,2]	4.526	0.002895	0.8097	0.8009	3.028	4.49	6.201	76430.0	26920.0	0.2314	1.0
beta2[134,1]	6.575	0.004023	0.9989	0.9995	4.771	6.523	8.665	60850.0	30250.0	0.1842	1.0
beta2[134,2]	6.941	0.00518	1.211	1.174	4.849	6.846	9.612	56240.0	29420.0	0.1703	1.0
beta2[135,1]	5.926	0.00376	0.8834	0.8861	4.333	5.88	7.766	55220.0	30620.0	0.1672	1.0
beta2[135,2]	6.64	0.004806	1.119	1.086	4.672	6.562	9.051	54800.0	30970.0	0.1659	1.0
beta2[136,1]	4.406	0.002781	0.7437	0.7394	3.035	4.374	5.949	69630.0	28030.0	0.2108	1.0
beta2[136,2]	4.469	0.004885	1.024	0.9992	2.66	4.396	6.666	43300.0	28870.0	0.1311	1.0
beta2[137,1]	6.043	0.003833	0.9092	0.9121	4.423	5.995	7.979	55410.0	29780.0	0.1678	1.0
beta2[137,2]	5.643	0.003132	0.8243	0.817	4.154	5.6	7.376	69090.0	29890.0	0.2092	1.0
beta2[138,1]	7.25	0.007223	1.391	1.274	5.034	7.086	10.49	43070.0	27850.0	0.1304	1.0
beta2[138,2]	6.017	0.003036	0.8755	0.8586	4.418	5.972	7.86	82850.0	28070.0	0.2508	1.0
beta2[139,1]	5.226	0.003199	0.7881	0.7684	3.809	5.179	6.905	60790.0	29300.0	0.1841	1.0
beta2[139,2]	4.758	0.003297	0.77	0.7607	3.353	4.722	6.364	53650.0	28590.0	0.1624	1.0
beta2[140,1]	9.544	0.005463	1.364	1.361	7.092	9.475	12.41	62320.0	33340.0	0.1887	1.0
beta2[140,2]	5.64	0.003361	0.8532	0.846	4.084	5.601	7.423	64540.0	34890.0	0.1954	1.0
beta2[141,1]	2.405	0.00247	0.4732	0.4615	1.567	2.375	3.401	42790.0	24200.0	0.1296	1.0
beta2[141,2]	4.317	0.002944	0.7412	0.7319	2.964	4.284	5.875	63100.0	32590.0	0.1911	1.0
betac[1,1]	0.9347	0.001744	0.2981	0.3026	0.3856	0.9256	1.54	27740.0	18860.0	0.08398	1.0
betac[1,2]	1.178	0.001399	0.2922	0.2912	0.6167	1.174	1.764	43140.0	29160.0	0.1306	1.0
betac[2,1]	1.908	0.002027	0.4066	0.4016	1.12	1.907	2.728	40140.0	30530.0	0.1215	1.0
betac[2,2]	0.9847	0.0009406	0.1971	0.1981	0.6045	0.9821	1.373	43780.0	32520.0	0.1326	1.0
betac[3,1]	0.3224	0.0008265	0.1645	0.1604	0.07889	0.2969	0.7039	36120.0	26890.0	0.1094	1.0
betac[3,2]	0.413	0.0009393	0.1979	0.2052	0.09089	0.3944	0.8421	39630.0	25070.0	0.12	1.0
betac[4,1]	0.6589	0.0008247	0.1751	0.1766	0.3352	0.653	1.017	44790.0	33190.0	0.1356	1.0
betac[4,2]	5.315	0.01131	2.203	1.541	2.601	4.843	10.75	43440.0	31850.0	0.1315	1.0
betac[5,1]	0.4822	0.0009885	0.1773	0.1796	0.1754	0.4708	0.862	29800.0	22640.0	0.09023	1.0
betac[5,2]	0.7995	0.001005	0.2187	0.2194	0.3791	0.7983	1.239	46450.0	26230.0	0.1406	1.0
betac[6,1]	0.4675	0.000926	0.1771	0.1816	0.1563	0.456	0.8388	33930.0	23510.0	0.1027	1.0
betac[6,2]	0.7528	0.001625	0.2798	0.2862	0.2362	0.7428	1.323	28370.0	21380.0	0.0859	1.0
betac[7,1]	4.036	0.01715	2.073	1.717	0.4595	3.948	8.626	12560.0	10910.0	0.03804	1.0
betac[7,2]	1.509	0.003271	0.5147	0.5162	0.5123	1.504	2.536	24300.0	18890.0	0.07359	1.0
betac[8,1]	0.2157	0.0007159	0.1419	0.1213	0.03972	0.1821	0.5747	38930.0	29390.0	0.1179	1.0
betac[8,2]	0.1354	0.0003126	0.07773	0.07173	0.02861	0.1202	0.3225	58610.0	27650.0	0.1775	1.0
betac[9,1]	1.261	0.002011	0.3632	0.3647	0.5797	1.254	2.005	31730.0	23150.0	0.09606	1.0
betac[9,2]	1.322	0.001458	0.31	0.3116	0.7313	1.315	1.945	44950.0	31660.0	0.1361	1.0
betac[10,1]	0.1751	0.0003756	0.08812	0.08451	0.04468	0.1614	0.3807	48820.0	28070.0	0.1478	1.0
betac[10,2]	0.1941	0.0004612	0.1069	0.1041	0.04006	0.1767	0.4445	47120.0	27670.0	0.1427	1.0
betac[11,1]	0.2379	0.0005931	0.121	0.1164	0.05996	0.2181	0.5234	38180.0	28440.0	0.1156	1.0
betac[11,2]	0.2921	0.000709	0.1489	0.1513	0.0619	0.2729	0.6246	39180.0	25560.0	0.1186	1.0
betac[12,1]	0.1725	0.0003686	0.08594	0.08375	0.04449	0.1601	0.3718	47670.0	26060.0	0.1443	1.0
betac[12,2]	0.1563	0.0003377	0.08303	0.08004	0.03543	0.143	0.3519	54060.0	27060.0	0.1637	1.0
betac[13,1]	0.5782	0.0007622	0.1611	0.1632	0.2798	0.5731	0.9089	43840.0	28610.0	0.1327	1.0
betac[13,2]	3.292	0.003298	0.6968	0.6725	2.076	3.24	4.813	44770.0	33890.0	0.1355	1.0
betac[14,1]	0.4357	0.001179	0.2221	0.224	0.0978	0.4038	0.9411	31690.0	25070.0	0.09596	1.0
betac[14,2]	0.4809	0.00133	0.2552	0.2578	0.09387	0.4463	1.056	34000.0	26530.0	0.103	1.0
betac[15,1]	1.154	0.001457	0.2994	0.3022	0.586	1.147	1.755	41160.0	24960.0	0.1246	1.0
betac[15,2]	1.251	0.001529	0.3031	0.3029	0.6608	1.249	1.853	39130.0	28220.0	0.1185	1.0
betac[16,1]	0.432	0.001082	0.2043	0.2078	0.1091	0.4069	0.8838	32560.0	24850.0	0.09857	1.0
betac[16,2]	0.5689	0.00149	0.2629	0.2734	0.1314	0.5474	1.132	29310.0	24120.0	0.08875	1.0
betac[17,1]	0.3866	0.00103	0.1858	0.1902	0.09301	0.3656	0.799	30000.0	24730.0	0.09083	1.0
betac[17,2]	0.285	0.0005252	0.1278	0.13	0.0753	0.2736	0.5628	51870.0	25610.0	0.157	1.0
betac[18,1]	1.418	0.001953	0.3622	0.3599	0.7247	1.41	2.146	33720.0	22450.0	0.1021	1.0
betac[18,2]	1.877	0.001824	0.3987	0.3942	1.121	1.868	2.689	47380.0	30700.0	0.1434	1.0
betac[19,1]	0.7316	0.001626	0.279	0.284	0.254	0.7119	1.327	27220.0	21180.0	0.08242	1.0
betac[19,2]	1.182	0.001472	0.3091	0.3092	0.5884	1.177	1.799	43720.0	28810.0	0.1324	1.0
betac[20,1]	0.3673	0.001027	0.196	0.1923	0.08436	0.3362	0.8254	34320.0	27430.0	0.1039	1.0
betac[20,2]	0.4917	0.001264	0.2531	0.2621	0.0954	0.4616	1.054	36420.0	25750.0	0.1103	1.0
betac[21,1]	0.3951	0.001282	0.2265	0.221	0.07779	0.3554	0.9296	29490.0	26560.0	0.08928	1.0
betac[21,2]	0.3091	0.0007338	0.158	0.1586	0.06824	0.2885	0.6662	42070.0	27120.0	0.1274	1.0
betac[22,1]	0.4545	0.001015	0.1836	0.1869	0.1398	0.4414	0.8477	30320.0	22340.0	0.09179	1.0
betac[22,2]	0.4925	0.0008779	0.1814	0.1861	0.1636	0.4857	0.8648	39870.0	23550.0	0.1207	1.0
betac[23,1]	0.8053	0.002401	0.3622	0.3782	0.2106	0.7742	1.578	21400.0	21550.0	0.06478	1.0
betac[23,2]	0.7187	0.001221	0.2366	0.241	0.2721	0.7146	1.194	36300.0	24640.0	0.1099	1.0
betac[24,1]	1.091	0.0008284	0.1881	0.1884	0.7289	1.089	1.465	51210.0	29440.0	0.1551	1.0
betac[24,2]	1.687	0.00117	0.2736	0.2732	1.165	1.683	2.237	54350.0	32310.0	0.1646	1.0
betac[25,1]	0.08677	0.0001838	0.04497	0.04135	0.02304	0.07851	0.1959	60380.0	28560.0	0.1828	1.0
betac[25,2]	0.1192	0.0003684	0.07642	0.06731	0.02123	0.102	0.3114	42290.0	30340.0	0.128	1.0
betac[26,1]	0.5941	0.001423	0.2594	0.2664	0.1611	0.5715	1.154	30530.0	23760.0	0.09244	1.0
betac[26,2]	0.581	0.00108	0.2296	0.234	0.175	0.5685	1.063	41990.0	24890.0	0.1271	1.0
betac[27,1]	0.134	0.000329	0.07533	0.06741	0.03103	0.1195	0.3182	50200.0	28410.0	0.152	1.0
betac[27,2]	0.1474	0.0003749	0.0901	0.08162	0.0279	0.1288	0.3688	52090.0	27760.0	0.1577	1.0
betac[28,1]	0.09398	0.000198	0.04866	0.04462	0.025	0.08525	0.2111	60000.0	29860.0	0.1817	1.0
betac[28,2]	0.1573	0.0004638	0.1013	0.09135	0.02601	0.135	0.4093	44300.0	29040.0	0.1341	1.0
betac[29,1]	1.028	0.001206	0.2481	0.2498	0.5446	1.027	1.516	42050.0	25980.0	0.1273	1.0
betac[29,2]	0.9019	0.001191	0.2446	0.2469	0.4355	0.8981	1.392	41200.0	26800.0	0.1247	1.0
betac[30,1]	0.6919	0.002265	0.3824	0.3762	0.1409	0.6305	1.58	26160.0	23650.0	0.07921	1.0
betac[30,2]	0.6492	0.001409	0.2802	0.2901	0.1618	0.6338	1.237	37270.0	25660.0	0.1128	1.0
betac[31,1]	0.3337	0.0007104	0.1476	0.1478	0.09705	0.3177	0.6608	39030.0	24950.0	0.1182	1.0
betac[31,2]	0.5368	0.001415	0.2506	0.2591	0.1238	0.5146	1.075	28630.0	22850.0	0.08669	1.0
betac[32,1]	0.5328	0.000997	0.1895	0.1902	0.1978	0.5215	0.9323	33260.0	22260.0	0.1007	1.0
betac[32,2]	1.01	0.001482	0.2953	0.2963	0.4371	1.007	1.597	39210.0	25950.0	0.1187	1.0
betac[33,1]	0.4605	0.0007898	0.1513	0.1532	0.1926	0.4522	0.7758	34930.0	25520.0	0.1058	1.0
betac[33,2]	1.625	0.001259	0.2639	0.2616	1.117	1.622	2.153	43760.0	33140.0	0.1325	1.0
betac[34,1]	0.2601	0.0007407	0.1474	0.141	0.05331	0.2343	0.6147	35820.0	27210.0	0.1085	1.0
betac[34,2]	0.2133	0.0005613	0.1228	0.1156	0.04267	0.1908	0.5085	45150.0	29800.0	0.1367	1.0
betac[35,1]	0.1186	0.0002621	0.063	0.05812	0.02989	0.1069	0.2707	54190.0	28090.0	0.1641	1.0
betac[35,2]	0.1436	0.0003536	0.08485	0.07865	0.0276	0.1272	0.351	50940.0	26830.0	0.1542	1.0
betac[36,1]	0.3924	0.0006928	0.1409	0.1432	0.1506	0.3821	0.694	38440.0	25690.0	0.1164	1.0
betac[36,2]	1.273	0.001537	0.3196	0.318	0.6504	1.27	1.907	43170.0	29600.0	0.1307	1.0
betac[37,1]	0.5027	0.00144	0.2444	0.2533	0.116	0.4766	1.04	27320.0	25890.0	0.08272	1.0
betac[37,2]	0.382	0.0008626	0.1756	0.1799	0.0971	0.3652	0.7683	38870.0	27750.0	0.1177	1.0
betac[38,1]	0.3465	0.0007759	0.1611	0.1634	0.08987	0.3281	0.7026	38670.0	24780.0	0.1171	1.0
betac[38,2]	0.3808	0.0009367	0.19	0.1919	0.08584	0.3572	0.8096	37770.0	26400.0	0.1143	1.0
betac[39,1]	0.2651	0.0004878	0.109	0.1101	0.08338	0.255	0.5045	43940.0	24330.0	0.133	1.0
betac[39,2]	0.4543	0.0008557	0.1877	0.1935	0.1246	0.4428	0.8479	42690.0	22430.0	0.1293	1.0
betac[40,1]	0.09369	0.0001868	0.04633	0.04324	0.02669	0.08625	0.2037	61300.0	29170.0	0.1856	1.0
betac[40,2]	0.2657	0.0009756	0.1793	0.1712	0.03489	0.2278	0.698	30470.0	27010.0	0.09226	1.0
betac[41,1]	0.7761	0.001531	0.273	0.2793	0.2691	0.7677	1.33	30540.0	21850.0	0.09245	1.0
betac[41,2]	0.5033	0.0007342	0.1689	0.1707	0.192	0.4965	0.8512	50240.0	27070.0	0.1521	1.0
betac[42,1]	1.015	0.001986	0.363	0.3705	0.3466	1.003	1.754	31750.0	20250.0	0.09614	1.0
betac[42,2]	0.8082	0.001811	0.3377	0.3467	0.2326	0.7824	1.523	32830.0	25840.0	0.09941	1.0
betac[43,1]	0.5069	0.001123	0.21	0.2111	0.1704	0.4847	0.9743	32150.0	24230.0	0.09734	1.0
betac[43,2]	1.441	0.001528	0.3149	0.3138	0.8353	1.436	2.075	42210.0	31750.0	0.1278	1.0
betac[44,1]	0.3458	0.0009697	0.1188	0.1214	0.1357	0.3394	0.5934	14140.0	17850.0	0.04281	1.0
betac[44,2]	0.8267	0.003678	0.2148	0.2162	0.385	0.8371	1.222	3495.0	11120.0	0.01058	1.001
betac[45,1]	0.2873	0.000733	0.1552	0.1536	0.06188	0.2624	0.6464	38850.0	26970.0	0.1176	1.0
betac[45,2]	0.2037	0.0004331	0.1077	0.1038	0.0453	0.1867	0.4577	54820.0	24820.0	0.166	1.0
betac[46,1]	1.246	0.002429	0.5028	0.5145	0.3872	1.212	2.327	40350.0	26980.0	0.1222	1.0
betac[46,2]	4.515	0.01384	2.675	1.842	1.207	3.977	11.31	39280.0	22000.0	0.1189	1.0
betac[47,1]	0.7775	0.001099	0.2376	0.2406	0.332	0.7706	1.26	44520.0	24380.0	0.1348	1.0
betac[47,2]	2.128	0.004948	0.8209	0.7974	0.598	2.101	3.835	25390.0	16110.0	0.07687	1.0
betac[48,1]	0.4494	0.001863	0.2975	0.2705	0.07102	0.3807	1.184	25030.0	27970.0	0.07578	1.0
betac[48,2]	0.2704	0.0006357	0.1457	0.1439	0.05755	0.248	0.6096	47930.0	29550.0	0.1451	1.0
betac[49,1]	0.8675	0.002064	0.3443	0.3546	0.2595	0.85	1.583	26000.0	19800.0	0.07872	1.0
betac[49,2]	0.6843	0.0012	0.2376	0.2421	0.2445	0.6772	1.17	38290.0	26820.0	0.1159	1.0
betac[50,1]	0.05754	0.0001344	0.03148	0.02819	0.01438	0.05155	0.1349	52580.0	28200.0	0.1592	1.0
betac[50,2]	0.05343	0.0001323	0.03211	0.02805	0.01136	0.04655	0.1333	59800.0	27960.0	0.1811	1.0
betac[51,1]	0.4136	0.000698	0.1544	0.1592	0.1359	0.407	0.7344	45190.0	23710.0	0.1368	1.0
betac[51,2]	0.2276	0.0004173	0.102	0.1014	0.06669	0.215	0.4578	53250.0	27090.0	0.1612	1.0
betac[52,1]	0.6104	0.001153	0.2096	0.2133	0.2424	0.5972	1.05	31110.0	23620.0	0.09419	1.0
betac[52,2]	1.552	0.001407	0.2894	0.2863	0.9999	1.547	2.136	42160.0	29860.0	0.1277	1.0
betac[53,1]	0.3134	0.0006736	0.147	0.1483	0.08052	0.2966	0.6419	41690.0	25530.0	0.1262	1.0
betac[53,2]	0.3714	0.0008841	0.193	0.1951	0.07885	0.3453	0.809	41560.0	25540.0	0.1258	1.0
betac[54,1]	0.5663	0.001042	0.1916	0.1968	0.2091	0.5622	0.9517	32510.0	22150.0	0.09843	1.0
betac[54,2]	0.5347	0.0009652	0.1978	0.2037	0.1817	0.5246	0.942	39140.0	23650.0	0.1185	1.0
betac[55,1]	0.241	0.0005778	0.1258	0.122	0.05825	0.2208	0.5315	43380.0	27830.0	0.1313	1.0
betac[55,2]	0.303	0.0008095	0.1693	0.1671	0.05624	0.2772	0.6981	39000.0	25990.0	0.1181	1.0
betac[56,1]	0.648	0.0009057	0.1883	0.1924	0.2995	0.6423	1.03	41980.0	26640.0	0.1271	1.0
betac[56,2]	2.353	0.002068	0.4296	0.4245	1.539	2.341	3.229	42990.0	33610.0	0.1302	1.0
betac[57,1]	0.142	0.0003315	0.07485	0.06957	0.03587	0.1283	0.3228	47800.0	28360.0	0.1447	1.0
betac[57,2]	0.2058	0.000547	0.121	0.1156	0.03771	0.1838	0.4961	43420.0	27690.0	0.1315	1.0
betac[58,1]	0.2925	0.0005376	0.1151	0.1165	0.09741	0.2832	0.5406	40540.0	23610.0	0.1227	1.0
betac[58,2]	0.3959	0.0006719	0.1529	0.1565	0.1248	0.3872	0.7142	45620.0	21180.0	0.1381	1.0
betac[59,1]	1.037	0.001187	0.2322	0.2333	0.5891	1.036	1.5	37800.0	24500.0	0.1144	1.0
betac[59,2]	1.229	0.001158	0.2516	0.253	0.7416	1.225	1.731	46860.0	28170.0	0.1419	1.0
betac[60,1]	0.3409	0.000862	0.1687	0.1685	0.08283	0.3188	0.7249	34640.0	25690.0	0.1049	1.0
betac[60,2]	0.3573	0.0008735	0.1759	0.1808	0.08106	0.3378	0.7466	36280.0	25020.0	0.1098	1.0
betac[61,1]	0.4515	0.0007641	0.1438	0.146	0.1903	0.4452	0.751	33060.0	22790.0	0.1001	1.0
betac[61,2]	0.8484	0.0009359	0.1991	0.198	0.4578	0.8465	1.243	45040.0	25990.0	0.1364	1.0
betac[62,1]	0.6075	0.0007196	0.1606	0.1614	0.3061	0.6034	0.9317	48380.0	27270.0	0.1465	1.0
betac[62,2]	2.458	0.002024	0.4161	0.4144	1.679	2.445	3.315	42250.0	33900.0	0.1279	1.0
betac[63,1]	0.7181	0.001372	0.2521	0.2579	0.2584	0.7073	1.236	31840.0	22880.0	0.09642	1.0
betac[63,2]	0.5745	0.001165	0.2242	0.2322	0.1834	0.5617	1.047	34720.0	24970.0	0.1051	1.0
betac[64,1]	0.9618	0.001046	0.2379	0.2389	0.5069	0.9582	1.438	51190.0	30960.0	0.155	1.0
betac[64,2]	4.786	0.01444	2.491	1.679	1.654	4.295	10.77	31270.0	19900.0	0.09468	1.0
betac[65,1]	0.4336	0.0006725	0.1416	0.1434	0.1693	0.4297	0.7249	41630.0	21820.0	0.126	1.0
betac[65,2]	0.3725	0.0006384	0.1406	0.1441	0.1253	0.3642	0.6686	43340.0	23450.0	0.1312	1.0
betac[66,1]	0.3704	0.000579	0.1233	0.1241	0.1515	0.363	0.6312	42310.0	25780.0	0.1281	1.0
betac[66,2]	0.9309	0.001186	0.2435	0.2436	0.4536	0.9296	1.412	42030.0	27730.0	0.1273	1.0
betac[67,1]	0.4396	0.0006962	0.1416	0.1444	0.1765	0.4359	0.7273	39040.0	21910.0	0.1182	1.0
betac[67,2]	0.3722	0.0005951	0.1335	0.1368	0.1348	0.3655	0.6506	45690.0	23590.0	0.1383	0.9999
betac[68,1]	0.2485	0.0005168	0.1193	0.1229	0.05815	0.2364	0.5117	45760.0	25430.0	0.1385	1.0
betac[68,2]	0.1178	0.0002253	0.05994	0.05691	0.03067	0.1082	0.2597	65340.0	28110.0	0.1978	1.0
betac[69,1]	0.3978	0.0006314	0.1333	0.136	0.1596	0.3911	0.677	39970.0	22370.0	0.121	1.0
betac[69,2]	0.5311	0.0007967	0.1743	0.1769	0.2078	0.526	0.8874	45160.0	22910.0	0.1367	1.0
betac[70,1]	0.3383	0.0005955	0.1278	0.1295	0.1198	0.3293	0.6104	41850.0	24980.0	0.1267	1.0
betac[70,2]	0.6981	0.001394	0.2531	0.2583	0.226	0.6928	1.207	31750.0	22060.0	0.09614	1.0
betac[71,1]	0.1699	0.000443	0.09606	0.08961	0.03693	0.1519	0.4026	43500.0	27950.0	0.1317	1.0
betac[71,2]	0.1238	0.0002672	0.06907	0.06461	0.02733	0.111	0.2906	61960.0	28430.0	0.1876	1.0
betac[72,1]	0.0433	9.068e-05	0.02196	0.02006	0.01218	0.03952	0.09613	61710.0	30170.0	0.1868	1.0
betac[72,2]	0.05777	0.000164	0.03782	0.03151	0.01086	0.04877	0.1551	54300.0	28820.0	0.1644	1.0
betac[73,1]	0.4855	0.0009938	0.1831	0.1864	0.1699	0.4722	0.8773	31110.0	22370.0	0.09418	1.0
betac[73,2]	0.8325	0.001053	0.225	0.2262	0.3963	0.8311	1.275	45250.0	26110.0	0.137	1.0
betac[74,1]	0.5414	0.0009539	0.1932	0.1973	0.1858	0.5351	0.9332	38430.0	23070.0	0.1164	1.0
betac[74,2]	0.3702	0.0006338	0.1487	0.1515	0.1165	0.359	0.6885	49300.0	25390.0	0.1493	1.0
betac[75,1]	0.8139	0.0007096	0.1506	0.1507	0.5261	0.8114	1.117	44930.0	32690.0	0.136	1.0
betac[75,2]	5.705	0.01265	2.377	1.596	2.956	5.168	11.75	50290.0	29730.0	0.1523	1.0
betac[76,1]	1.221	0.001391	0.2874	0.2851	0.6604	1.219	1.789	42630.0	29410.0	0.1291	1.0
betac[76,2]	0.5404	0.001011	0.2056	0.2077	0.1872	0.5258	0.9863	39160.0	25680.0	0.1186	1.0
betac[77,1]	0.6438	0.001494	0.2624	0.2653	0.2104	0.6201	1.215	28790.0	23660.0	0.08716	1.0
betac[77,2]	1.282	0.0017	0.3424	0.3424	0.6252	1.277	1.966	40140.0	26470.0	0.1215	1.0
betac[78,1]	0.4875	0.001137	0.2192	0.2254	0.1263	0.4678	0.9644	33150.0	21590.0	0.1004	1.0
betac[78,2]	0.3959	0.0008587	0.1863	0.188	0.099	0.3751	0.8094	41500.0	25530.0	0.1257	1.0
betac[79,1]	0.2762	0.0007157	0.1476	0.1453	0.0599	0.2528	0.6178	37990.0	27200.0	0.115	1.0
betac[79,2]	0.2001	0.0004585	0.1091	0.1049	0.04391	0.1817	0.4579	50440.0	28320.0	0.1527	1.0
betac[80,1]	0.2686	0.0006402	0.1317	0.1329	0.06584	0.2517	0.5639	37710.0	26910.0	0.1142	1.0
betac[80,2]	0.2722	0.0006855	0.1433	0.1423	0.05892	0.2517	0.6004	39680.0	25350.0	0.1201	1.0
betac[81,1]	0.6031	0.0011	0.2183	0.2223	0.2121	0.5936	1.056	36740.0	21350.0	0.1112	1.0
betac[81,2]	0.8415	0.001581	0.2978	0.3072	0.2887	0.834	1.443	34200.0	23010.0	0.1035	1.0
betac[82,1]	0.8659	0.001544	0.2874	0.2923	0.3333	0.8571	1.451	32960.0	20600.0	0.09978	1.0
betac[82,2]	0.9893	0.002067	0.3585	0.367	0.3301	0.9779	1.724	28750.0	21410.0	0.08705	1.0
betac[83,1]	0.3105	0.0007831	0.1491	0.1505	0.07815	0.2924	0.6465	33050.0	26490.0	0.1001	1.0
betac[83,2]	0.3547	0.0008314	0.1701	0.1747	0.08224	0.3368	0.7252	36920.0	24820.0	0.1118	1.0
betac[84,1]	0.6189	0.001026	0.2012	0.204	0.2611	0.6065	1.043	37640.0	27670.0	0.114	1.0
betac[84,2]	2.891	0.003105	0.6257	0.6104	1.749	2.864	4.207	40370.0	32710.0	0.1222	1.0
betac[85,1]	0.2967	0.000632	0.1329	0.1311	0.08791	0.2803	0.599	40750.0	27260.0	0.1234	1.0
betac[85,2]	0.7679	0.002002	0.3192	0.3323	0.1781	0.7625	1.41	24540.0	20000.0	0.0743	1.0
betac[86,1]	0.7572	0.001298	0.2224	0.2267	0.3344	0.7519	1.205	28510.0	21590.0	0.08632	1.0
betac[86,2]	0.9437	0.001004	0.2182	0.2186	0.5246	0.942	1.377	46930.0	29540.0	0.1421	1.0
betac[87,1]	0.2267	0.0005033	0.1106	0.111	0.05703	0.2124	0.4782	42230.0	27050.0	0.1279	1.0
betac[87,2]	0.1837	0.0003697	0.09322	0.09175	0.04414	0.1702	0.3998	56400.0	26500.0	0.1708	1.0
betac[88,1]	0.2028	0.0004251	0.09979	0.09966	0.0492	0.1895	0.4274	47050.0	26790.0	0.1425	1.0
betac[88,2]	0.1522	0.0003082	0.07893	0.0767	0.03606	0.1399	0.3372	56070.0	24980.0	0.1698	1.0
betac[89,1]	0.3374	0.0008266	0.1649	0.1621	0.08937	0.3133	0.7165	36230.0	26680.0	0.1097	1.0
betac[89,2]	0.6105	0.00157	0.2745	0.2862	0.1371	0.5942	1.185	28200.0	22370.0	0.0854	1.0
betac[90,1]	0.6004	0.001724	0.303	0.2983	0.1501	0.5542	1.304	28290.0	24610.0	0.08566	1.0
betac[90,2]	0.9298	0.001885	0.338	0.3479	0.2925	0.9246	1.604	31300.0	23810.0	0.09476	1.0
betac[91,1]	0.3905	0.0007763	0.1398	0.1438	0.1403	0.3839	0.6799	30110.0	20530.0	0.09117	1.0
betac[91,2]	0.5005	0.0009007	0.1685	0.1719	0.188	0.4969	0.8425	33700.0	24200.0	0.102	1.0
betac[92,1]	0.1215	0.0002757	0.06449	0.05918	0.03078	0.11	0.2781	54110.0	30450.0	0.1638	1.0
betac[92,2]	0.2069	0.0006454	0.131	0.1217	0.03476	0.18	0.526	38360.0	28660.0	0.1161	1.0
betac[93,1]	0.3865	0.0008506	0.1721	0.1764	0.1043	0.3706	0.764	35890.0	24540.0	0.1087	1.0
betac[93,2]	0.3916	0.0008904	0.183	0.1867	0.09573	0.3731	0.7962	37320.0	24550.0	0.113	1.0
betac[94,1]	0.2478	0.0005297	0.1182	0.1154	0.06859	0.2316	0.5182	45490.0	28560.0	0.1377	1.0
betac[94,2]	0.4689	0.001246	0.2276	0.2365	0.09923	0.4476	0.9638	30870.0	24800.0	0.09346	1.0
betac[95,1]	0.3311	0.0008613	0.165	0.163	0.08103	0.3077	0.7085	34190.0	26830.0	0.1035	1.0
betac[95,2]	0.3695	0.0008964	0.1803	0.1829	0.08383	0.3488	0.7729	37100.0	26250.0	0.1123	1.0
betac[96,1]	0.4623	0.0007446	0.1557	0.1581	0.1861	0.4531	0.7917	41060.0	26260.0	0.1243	0.9999
betac[96,2]	1.506	0.00181	0.363	0.3616	0.8007	1.505	2.229	40130.0	30500.0	0.1215	1.0
betac[97,1]	0.6881	0.002264	0.3598	0.3773	0.1299	0.6456	1.477	23220.0	22210.0	0.07029	1.0
betac[97,2]	0.3684	0.0007559	0.1685	0.1708	0.09643	0.351	0.7417	46020.0	27060.0	0.1393	1.0
betac[98,1]	1.297	0.001264	0.2611	0.2639	0.7867	1.299	1.808	42790.0	33260.0	0.1296	1.0
betac[98,2]	0.5143	0.0007667	0.167	0.1692	0.2137	0.5065	0.8604	45300.0	28610.0	0.1371	1.0
betac[99,1]	0.7444	0.001264	0.2409	0.2427	0.2822	0.7417	1.224	35240.0	21640.0	0.1067	1.0
betac[99,2]	0.3501	0.0006451	0.1428	0.1442	0.1123	0.3373	0.6595	45020.0	27230.0	0.1363	1.0
betac[100,1]	0.276	0.0007478	0.1488	0.1443	0.06152	0.2515	0.626	36190.0	28530.0	0.1096	1.0
betac[100,2]	0.2297	0.0005804	0.1281	0.1231	0.04763	0.2077	0.5327	44540.0	28380.0	0.1348	1.0
betac[101,1]	0.2097	0.0004511	0.09719	0.09312	0.06459	0.1953	0.4376	44240.0	29250.0	0.134	1.0
betac[101,2]	0.6156	0.001382	0.2467	0.2537	0.1585	0.6106	1.112	30720.0	23430.0	0.093	1.0
betac[102,1]	1.544	0.001214	0.2542	0.2523	1.051	1.543	2.051	43800.0	36080.0	0.1326	1.0
betac[102,2]	0.4722	0.0006057	0.1396	0.1414	0.2168	0.4669	0.76	51230.0	28480.0	0.1551	1.0
betac[103,1]	0.2961	0.0006237	0.1291	0.1291	0.0921	0.2805	0.5861	39700.0	27540.0	0.1202	1.0
betac[103,2]	0.6526	0.001139	0.2328	0.2347	0.2162	0.6477	1.124	39790.0	23550.0	0.1205	1.0
betac[104,1]	0.275	0.0007481	0.1507	0.1476	0.05782	0.2493	0.6294	36910.0	27730.0	0.1117	1.0
betac[104,2]	0.2103	0.0005163	0.121	0.113	0.04235	0.1875	0.5002	49660.0	28220.0	0.1504	1.0
betac[105,1]	0.2664	0.0005893	0.1203	0.1201	0.07794	0.2511	0.538	38350.0	26270.0	0.1161	1.0
betac[105,2]	0.4696	0.00105	0.2001	0.2061	0.1191	0.4582	0.8881	33530.0	23510.0	0.1015	1.0
betac[106,1]	1.04	0.001204	0.2369	0.2365	0.5802	1.038	1.511	38350.0	24180.0	0.1161	1.0
betac[106,2]	1.182	0.0013	0.2665	0.2671	0.6711	1.179	1.716	41660.0	28250.0	0.1261	1.0
betac[107,1]	0.7861	0.001271	0.243	0.2445	0.3217	0.7818	1.275	35260.0	22310.0	0.1068	1.0
betac[107,2]	0.754	0.001323	0.2549	0.2596	0.286	0.7443	1.273	35480.0	23360.0	0.1074	1.0
betac[108,1]	1.107	0.001732	0.3193	0.322	0.4929	1.104	1.744	33300.0	22670.0	0.1008	1.0
betac[108,2]	0.7898	0.001164	0.2395	0.2457	0.3412	0.7846	1.266	41330.0	25860.0	0.1251	1.0
betac[109,1]	0.4905	0.0009174	0.1701	0.1747	0.1869	0.4822	0.8463	32550.0	24580.0	0.09854	1.0
betac[109,2]	0.7584	0.001147	0.2317	0.236	0.3122	0.7556	1.218	39830.0	23500.0	0.1206	1.0
betac[110,1]	0.6171	0.00143	0.2479	0.2513	0.1985	0.5964	1.152	27980.0	22520.0	0.08472	1.0
betac[110,2]	1.251	0.001755	0.3538	0.3533	0.5729	1.246	1.964	40180.0	27090.0	0.1216	1.0
betac[111,1]	0.1411	0.0002883	0.07059	0.06764	0.0371	0.1301	0.3065	53940.0	28790.0	0.1633	1.0
betac[111,2]	0.1793	0.0004475	0.1039	0.0997	0.03396	0.1609	0.4258	45690.0	26110.0	0.1383	1.0
betac[112,1]	1.258	0.001184	0.2492	0.2494	0.7735	1.256	1.751	44090.0	29870.0	0.1335	1.0
betac[112,2]	1.433	0.001456	0.3043	0.3055	0.8488	1.431	2.038	43380.0	29330.0	0.1313	1.0
betac[113,1]	0.3102	0.0007864	0.1528	0.1555	0.07199	0.2924	0.6525	33620.0	25200.0	0.1018	1.0
betac[113,2]	0.2225	0.0004769	0.1112	0.1112	0.05293	0.2074	0.4734	47980.0	27090.0	0.1453	1.0
betac[114,1]	1.121	0.001847	0.3454	0.3511	0.4572	1.117	1.808	34280.0	22680.0	0.1038	1.0
betac[114,2]	0.7443	0.001215	0.2619	0.2664	0.2733	0.732	1.287	44160.0	26420.0	0.1337	1.0
betac[115,1]	0.8545	0.001244	0.2451	0.2475	0.3973	0.8486	1.354	37380.0	24670.0	0.1132	1.0
betac[115,2]	0.9922	0.001304	0.2663	0.2678	0.4848	0.9866	1.533	40710.0	24990.0	0.1233	1.0
betac[116,1]	0.1823	0.000456	0.1026	0.09645	0.04113	0.1629	0.429	48430.0	29780.0	0.1466	1.0
betac[116,2]	0.2246	0.0007381	0.1506	0.13	0.03746	0.1894	0.6069	40470.0	29780.0	0.1225	1.0
betac[117,1]	0.6634	0.001346	0.2364	0.2427	0.2496	0.6485	1.161	29060.0	22670.0	0.08799	1.0
betac[117,2]	1.311	0.001617	0.3239	0.3221	0.6893	1.309	1.95	40000.0	29820.0	0.1211	1.0
betac[118,1]	0.7784	0.001683	0.2929	0.3026	0.2638	0.7617	1.393	28140.0	20750.0	0.0852	1.0
betac[118,2]	0.9595	0.001485	0.2987	0.2995	0.3914	0.9522	1.564	39410.0	24340.0	0.1193	1.0
betac[119,1]	0.2313	0.0005756	0.1232	0.1177	0.0547	0.2101	0.5222	42010.0	29570.0	0.1272	1.0
betac[119,2]	0.2634	0.0007096	0.1499	0.1439	0.0508	0.2369	0.6205	40730.0	27750.0	0.1233	1.0
betac[120,1]	0.3091	0.0007352	0.1474	0.1478	0.07892	0.2907	0.6391	37020.0	26780.0	0.1121	1.0
betac[120,2]	0.3255	0.0007971	0.1589	0.1634	0.07497	0.3076	0.6747	36690.0	26960.0	0.1111	1.0
betac[121,1]	0.4052	0.0007398	0.1472	0.1497	0.1558	0.3929	0.7216	37260.0	27420.0	0.1128	1.0
betac[121,2]	1.45	0.001366	0.2855	0.2806	0.9005	1.446	2.028	43480.0	32180.0	0.1317	1.0
betac[122,1]	1.213	0.002281	0.3747	0.3804	0.5097	1.202	1.971	26110.0	19670.0	0.07904	1.0
betac[122,2]	1.561	0.001448	0.3307	0.3295	0.9305	1.554	2.229	51640.0	31620.0	0.1563	1.0
betac[123,1]	1.163	0.0006809	0.1726	0.1725	0.8306	1.161	1.508	63780.0	29810.0	0.1931	1.0
betac[123,2]	1.497	0.001034	0.2406	0.2393	1.032	1.494	1.981	53810.0	30250.0	0.1629	1.0
betac[124,1]	0.5643	0.001256	0.216	0.2224	0.183	0.5522	1.014	27470.0	20890.0	0.08316	1.0
betac[124,2]	0.5802	0.0009628	0.1984	0.2039	0.2172	0.5748	0.9884	40590.0	25140.0	0.1229	1.0
betac[125,1]	0.2709	0.0007045	0.1394	0.1345	0.06789	0.2485	0.5969	36720.0	27600.0	0.1112	1.0
betac[125,2]	0.4541	0.001273	0.231	0.2373	0.08646	0.4304	0.9634	29960.0	24510.0	0.09072	1.0
betac[126,1]	0.2744	0.0006944	0.144	0.1389	0.06624	0.2506	0.6116	40210.0	28270.0	0.1218	1.0
betac[126,2]	0.3922	0.00116	0.2175	0.2203	0.07188	0.3604	0.8883	32160.0	26120.0	0.09737	1.0
betac[127,1]	0.2619	0.0006256	0.1255	0.1219	0.07209	0.2438	0.5527	37260.0	28360.0	0.1128	1.0
betac[127,2]	0.5137	0.001265	0.2287	0.2383	0.12	0.5	0.9897	30600.0	23360.0	0.09263	1.0
betac[128,1]	0.4261	0.0009409	0.1752	0.1799	0.1287	0.4135	0.8001	32130.0	22510.0	0.09729	1.0
betac[128,2]	0.4634	0.0009903	0.1932	0.1981	0.1304	0.4502	0.8729	35190.0	24580.0	0.1066	1.0
betac[129,1]	0.1728	0.0004115	0.09291	0.08623	0.04221	0.1565	0.3973	49090.0	28370.0	0.1486	1.0
betac[129,2]	0.249	0.0006958	0.1472	0.1421	0.04323	0.2222	0.597	39570.0	27250.0	0.1198	1.0
betac[130,1]	0.3178	0.0005691	0.1119	0.1128	0.1247	0.3098	0.5574	35830.0	24690.0	0.1085	1.0
betac[130,2]	0.7163	0.0006656	0.1583	0.1609	0.4121	0.7143	1.029	55790.0	26270.0	0.1689	1.0
betac[131,1]	0.2976	0.0005475	0.1124	0.1135	0.1074	0.2882	0.5392	38670.0	24940.0	0.1171	1.0
betac[131,2]	0.5935	0.0007769	0.1689	0.1691	0.2639	0.592	0.9277	46490.0	25510.0	0.1408	1.0
betac[132,1]	0.5657	0.00104	0.1879	0.193	0.2211	0.5601	0.9485	31300.0	22240.0	0.09478	1.0
betac[132,2]	0.5952	0.0008816	0.1828	0.184	0.2483	0.5909	0.9632	41510.0	24600.0	0.1257	1.0
betac[133,1]	0.03851	8.93e-05	0.02061	0.01848	0.0102	0.03464	0.08943	55860.0	30110.0	0.1691	1.0
betac[133,2]	0.03318	8.192e-05	0.01974	0.0172	0.007309	0.02907	0.08275	60580.0	29240.0	0.1834	1.0
betac[134,1]	0.6148	0.0018	0.2827	0.2986	0.1428	0.5944	1.211	22970.0	22170.0	0.06955	1.0
betac[134,2]	0.3579	0.0008085	0.169	0.1695	0.09167	0.3378	0.7377	40750.0	28150.0	0.1234	1.0
betac[135,1]	0.7971	0.001503	0.2583	0.2646	0.3287	0.7874	1.331	28280.0	22520.0	0.08562	1.0
betac[135,2]	1.395	0.001281	0.2799	0.278	0.8556	1.391	1.953	47540.0	32290.0	0.1439	1.0
betac[136,1]	0.5869	0.0009461	0.1867	0.1907	0.2373	0.5826	0.9673	37040.0	21380.0	0.1121	1.0
betac[136,2]	0.5403	0.0009025	0.1873	0.1922	0.1994	0.5327	0.9211	40640.0	23910.0	0.123	1.0
betac[137,1]	0.4848	0.001199	0.2095	0.2096	0.151	0.4609	0.9542	28420.0	25260.0	0.08605	1.0
betac[137,2]	1.076	0.001492	0.2997	0.2974	0.5021	1.072	1.679	39950.0	27900.0	0.121	1.0
betac[138,1]	1.429	0.00204	0.3982	0.3989	0.6813	1.42	2.244	37180.0	24210.0	0.1126	1.0
betac[138,2]	1.201	0.001551	0.3266	0.3283	0.5808	1.195	1.864	43750.0	27450.0	0.1325	1.0
betac[139,1]	0.4474	0.0007391	0.1529	0.1555	0.1794	0.4369	0.7686	40290.0	25830.0	0.122	1.0
betac[139,2]	1.682	0.001767	0.3473	0.3405	0.9997	1.682	2.365	38710.0	33180.0	0.1172	1.0
betac[140,1]	0.4182	0.001025	0.2062	0.2111	0.09409	0.3944	0.8755	35840.0	24360.0	0.1085	1.0
betac[140,2]	0.349	0.0007579	0.1673	0.1692	0.0821	0.3308	0.7211	43800.0	25280.0	0.1326	1.0
betac[141,1]	1.574	0.001274	0.2699	0.2666	1.057	1.572	2.116	45080.0	34750.0	0.1365	1.0
betac[141,2]	0.8361	0.001141	0.2351	0.2373	0.3972	0.8304	1.314	41840.0	28990.0	0.1267	1.0
alpha1_sess[1,1]	0.3445	0.0003019	0.0589	0.05918	0.2369	0.3418	0.4667	38460.0	32070.0	0.1165	1.0
alpha1_sess[1,2]	0.3476	0.0002265	0.05427	0.05397	0.2496	0.3446	0.461	59160.0	31640.0	0.1791	1.0
alpha1_sess[2,1]	0.1776	0.0001625	0.04098	0.04012	0.1088	0.1737	0.2692	69080.0	29380.0	0.2092	1.0
alpha1_sess[2,2]	0.2226	0.0005069	0.08459	0.0797	0.09332	0.2101	0.4228	28630.0	27590.0	0.08669	1.0
alpha1_sess[3,1]	0.5664	0.0002362	0.05597	0.05561	0.4577	0.5658	0.6773	56480.0	30950.0	0.171	1.0
alpha1_sess[3,2]	0.5711	0.0002753	0.05911	0.05943	0.459	0.5696	0.6905	46700.0	32110.0	0.1414	1.0
alpha1_sess[4,1]	0.305	0.0003249	0.06971	0.06866	0.1695	0.304	0.4439	45810.0	30550.0	0.1387	1.0
alpha1_sess[4,2]	0.1152	0.0001376	0.03081	0.02849	0.06719	0.1112	0.1866	53940.0	34590.0	0.1633	1.0
alpha1_sess[5,1]	0.309	0.0002472	0.0537	0.05299	0.2134	0.3058	0.4228	48130.0	33310.0	0.1457	1.0
alpha1_sess[5,2]	0.6055	0.0003315	0.07525	0.07505	0.4568	0.6063	0.7517	51460.0	32940.0	0.1558	1.0
alpha1_sess[6,1]	0.4604	0.0002167	0.05687	0.05629	0.3544	0.4584	0.577	70420.0	31510.0	0.2132	1.0
alpha1_sess[6,2]	0.5453	0.0003233	0.0701	0.07034	0.4112	0.5442	0.686	47410.0	28540.0	0.1435	1.0
alpha1_sess[7,1]	0.0828	0.0001399	0.03071	0.0293	0.03477	0.07871	0.1535	50020.0	33410.0	0.1515	1.0
alpha1_sess[7,2]	0.3664	0.0002883	0.0607	0.06102	0.2576	0.3631	0.494	45120.0	34700.0	0.1366	1.0
alpha1_sess[8,1]	0.512	0.0002822	0.07035	0.0709	0.3807	0.5099	0.655	63100.0	29890.0	0.1911	1.0
alpha1_sess[8,2]	0.6839	0.0003092	0.07235	0.0724	0.5353	0.6865	0.8195	54200.0	30660.0	0.1641	1.0
alpha1_sess[9,1]	0.4012	0.0002059	0.05254	0.05183	0.3047	0.3988	0.5101	66630.0	30780.0	0.2017	1.0
alpha1_sess[9,2]	0.4871	0.0002621	0.05798	0.05746	0.3769	0.4861	0.6039	49600.0	30560.0	0.1502	1.0
alpha1_sess[10,1]	0.1319	0.0001467	0.03294	0.03041	0.08069	0.1271	0.2087	58730.0	31690.0	0.1778	1.0
alpha1_sess[10,2]	0.2813	0.0003106	0.06702	0.06645	0.1631	0.2765	0.4256	47350.0	31930.0	0.1434	1.0
alpha1_sess[11,1]	0.737	0.0002544	0.06644	0.06742	0.6029	0.7384	0.8617	66730.0	28230.0	0.202	1.0
alpha1_sess[11,2]	0.7987	0.0003194	0.07151	0.07153	0.6435	0.8046	0.9211	47970.0	29150.0	0.1452	1.0
alpha1_sess[12,1]	0.03391	0.0004689	0.04837	0.01453	0.005113	0.02209	0.1499	18350.0	12100.0	0.05555	1.0
alpha1_sess[12,2]	0.06559	0.0001871	0.03364	0.03176	0.01768	0.05997	0.1445	31640.0	29160.0	0.09579	1.0
alpha1_sess[13,1]	0.1441	0.0002534	0.04601	0.04495	0.06153	0.1414	0.2424	31250.0	22670.0	0.0946	1.0
alpha1_sess[13,2]	0.2061	0.0001513	0.03741	0.0361	0.1432	0.2026	0.2891	67760.0	28770.0	0.2052	1.0
alpha1_sess[14,1]	0.5331	0.0002584	0.05866	0.05887	0.419	0.5329	0.6489	51630.0	31680.0	0.1563	1.0
alpha1_sess[14,2]	0.4192	0.0002009	0.05113	0.05147	0.3231	0.4178	0.5228	65410.0	32520.0	0.1981	1.0
alpha1_sess[15,1]	0.2452	0.0001686	0.04029	0.03963	0.1723	0.2429	0.3306	58010.0	30950.0	0.1756	1.0
alpha1_sess[15,2]	0.2642	0.000333	0.06141	0.0595	0.1578	0.2591	0.3988	33950.0	29870.0	0.1028	1.0
alpha1_sess[16,1]	0.329	0.0002723	0.05895	0.0584	0.2248	0.325	0.4555	47880.0	33240.0	0.145	1.0
alpha1_sess[16,2]	0.5257	0.0003063	0.06709	0.06753	0.4022	0.5233	0.6633	49210.0	31310.0	0.149	1.0
alpha1_sess[17,1]	0.4596	0.0004238	0.09683	0.09662	0.2758	0.4572	0.656	52590.0	31270.0	0.1592	1.0
alpha1_sess[17,2]	0.3513	0.0004619	0.09261	0.09189	0.1895	0.3443	0.5496	40740.0	31690.0	0.1233	1.0
alpha1_sess[18,1]	0.3737	0.0002895	0.06522	0.06517	0.2503	0.3722	0.5056	50740.0	33260.0	0.1536	1.0
alpha1_sess[18,2]	0.26	0.000178	0.04518	0.04439	0.1792	0.2573	0.3567	65990.0	33330.0	0.1998	1.0
alpha1_sess[19,1]	0.5823	0.0002471	0.06395	0.06427	0.4621	0.5809	0.7112	67970.0	30080.0	0.2058	1.0
alpha1_sess[19,2]	0.4912	0.0004393	0.09077	0.09168	0.3266	0.4862	0.6799	44340.0	28860.0	0.1342	1.0
alpha1_sess[20,1]	0.4025	0.0002396	0.05361	0.05323	0.3056	0.3995	0.5159	51650.0	32670.0	0.1564	1.0
alpha1_sess[20,2]	0.6823	0.0004055	0.07063	0.07243	0.5376	0.6847	0.8116	29950.0	29950.0	0.09069	1.0
alpha1_sess[21,1]	0.511	0.0002255	0.05641	0.05651	0.4043	0.5095	0.6249	63440.0	31750.0	0.1921	1.0
alpha1_sess[21,2]	0.4655	0.0002926	0.06366	0.06342	0.3494	0.4624	0.5982	48820.0	30290.0	0.1478	1.0
alpha1_sess[22,1]	0.5822	0.0003482	0.07895	0.07815	0.4328	0.5798	0.7431	53100.0	28840.0	0.1608	1.0
alpha1_sess[22,2]	0.5608	0.0009498	0.1499	0.1576	0.2664	0.5627	0.8394	24590.0	25740.0	0.07445	1.0
alpha1_sess[23,1]	0.3757	0.0003057	0.06273	0.05852	0.2691	0.3696	0.5178	44440.0	30140.0	0.1345	1.0
alpha1_sess[23,2]	0.7712	0.0003859	0.07415	0.07575	0.6156	0.7757	0.9009	36220.0	31990.0	0.1097	1.0
alpha1_sess[24,1]	0.2961	0.0005743	0.09963	0.09836	0.09293	0.2986	0.487	30300.0	16870.0	0.09175	1.0
alpha1_sess[24,2]	0.186	0.0003233	0.06474	0.05376	0.09643	0.1743	0.3512	52460.0	28690.0	0.1588	1.0
alpha1_sess[25,1]	0.05214	0.0001912	0.03425	0.02517	0.011	0.04433	0.1411	28500.0	21870.0	0.0863	1.0
alpha1_sess[25,2]	0.2001	0.0006318	0.1053	0.1076	0.02263	0.1914	0.4297	23100.0	13270.0	0.06993	1.0
alpha1_sess[26,1]	0.5017	0.0002675	0.06273	0.06262	0.3855	0.4995	0.6313	55930.0	32970.0	0.1693	1.0
alpha1_sess[26,2]	0.5879	0.0003295	0.07223	0.07327	0.4455	0.5886	0.7276	47990.0	31200.0	0.1453	1.0
alpha1_sess[27,1]	0.865	0.0002478	0.05666	0.05678	0.7442	0.8691	0.9641	46870.0	22020.0	0.1419	1.0
alpha1_sess[27,2]	0.9212	0.0001472	0.03513	0.03436	0.8412	0.9255	0.977	53100.0	25990.0	0.1608	1.0
alpha1_sess[28,1]	0.2549	0.0002413	0.05338	0.05328	0.1588	0.2519	0.3672	49030.0	31490.0	0.1484	1.0
alpha1_sess[28,2]	0.3372	0.0002436	0.05755	0.05733	0.235	0.3341	0.4599	57890.0	31950.0	0.1753	1.0
alpha1_sess[29,1]	0.4656	0.0002896	0.06652	0.06634	0.3441	0.4624	0.6045	54080.0	30820.0	0.1637	1.0
alpha1_sess[29,2]	0.3194	0.0002389	0.05556	0.05503	0.2211	0.3157	0.437	55960.0	33260.0	0.1694	0.9999
alpha1_sess[30,1]	0.5275	0.0002343	0.05691	0.05701	0.4199	0.5263	0.6421	59720.0	30120.0	0.1808	1.0
alpha1_sess[30,2]	0.578	0.0002485	0.05799	0.05813	0.4656	0.5778	0.6933	54620.0	32190.0	0.1654	1.0
alpha1_sess[31,1]	0.1832	0.0002322	0.04697	0.04643	0.09918	0.1806	0.2829	40890.0	34300.0	0.1238	1.0
alpha1_sess[31,2]	0.5957	0.0003484	0.07376	0.07394	0.4521	0.5961	0.7394	44930.0	34510.0	0.136	1.0
alpha1_sess[32,1]	0.4685	0.0002527	0.05899	0.05837	0.3592	0.4662	0.5903	55950.0	30540.0	0.1694	1.0
alpha1_sess[32,2]	0.454	0.0002388	0.05588	0.05536	0.351	0.4515	0.5691	56080.0	31190.0	0.1698	1.0
alpha1_sess[33,1]	0.6459	0.0005242	0.1116	0.1097	0.414	0.6515	0.8477	49150.0	27330.0	0.1488	1.0
alpha1_sess[33,2]	0.5093	0.0005241	0.1163	0.116	0.2872	0.5068	0.7431	49610.0	29020.0	0.1502	1.0
alpha1_sess[34,1]	0.559	0.000274	0.06814	0.06857	0.4309	0.5571	0.6966	63400.0	29290.0	0.192	1.0
alpha1_sess[34,2]	0.5735	0.0003606	0.07281	0.073	0.4371	0.571	0.7221	41600.0	27190.0	0.126	1.0
alpha1_sess[35,1]	0.2175	0.0005892	0.09998	0.087	0.06936	0.2	0.4662	29920.0	25730.0	0.09058	1.0
alpha1_sess[35,2]	0.2312	0.0003638	0.07813	0.07567	0.08796	0.2276	0.3973	43750.0	21890.0	0.1325	1.0
alpha1_sess[36,1]	0.2232	0.0002379	0.05159	0.04917	0.1366	0.2185	0.3389	49350.0	31190.0	0.1494	1.0
alpha1_sess[36,2]	0.3707	0.0002805	0.06705	0.06613	0.2522	0.3663	0.5148	60400.0	31270.0	0.1829	1.0
alpha1_sess[37,1]	0.534	0.0003086	0.07178	0.07203	0.398	0.5329	0.6787	54800.0	29140.0	0.1659	1.0
alpha1_sess[37,2]	0.5965	0.0003452	0.07578	0.07598	0.4452	0.5972	0.742	48110.0	29960.0	0.1457	1.0
alpha1_sess[38,1]	0.5773	0.0003026	0.07107	0.07215	0.4421	0.5761	0.7198	55530.0	30610.0	0.1681	1.0
alpha1_sess[38,2]	0.4952	0.0002599	0.06474	0.06496	0.3728	0.4938	0.6258	62690.0	31850.0	0.1898	1.0
alpha1_sess[39,1]	0.05988	0.0001867	0.03342	0.02507	0.01782	0.05238	0.1466	37930.0	27640.0	0.1148	1.0
alpha1_sess[39,2]	0.08265	0.0001743	0.0365	0.03104	0.03248	0.07539	0.1734	51720.0	32180.0	0.1566	1.0
alpha1_sess[40,1]	0.4907	0.000523	0.1021	0.1036	0.3062	0.4852	0.7045	39560.0	28450.0	0.1198	1.0
alpha1_sess[40,2]	0.6937	0.0003137	0.07671	0.07813	0.5417	0.6943	0.8401	59270.0	31000.0	0.1794	1.0
alpha1_sess[41,1]	0.6994	0.0002419	0.06365	0.06362	0.5707	0.701	0.8193	68200.0	28780.0	0.2065	1.0
alpha1_sess[41,2]	0.6854	0.0004556	0.09018	0.09207	0.5033	0.6881	0.8533	38290.0	26550.0	0.1159	1.0
alpha1_sess[42,1]	0.4924	0.0003594	0.07559	0.07584	0.3547	0.4887	0.6479	45830.0	27080.0	0.1388	1.0
alpha1_sess[42,2]	0.4353	0.0002443	0.06087	0.06068	0.3247	0.4323	0.5627	64700.0	29970.0	0.1959	1.0
alpha1_sess[43,1]	0.2317	0.0001195	0.03009	0.02982	0.1759	0.2306	0.2936	63950.0	32110.0	0.1936	1.0
alpha1_sess[43,2]	0.2292	0.0001736	0.03881	0.03743	0.1623	0.226	0.3141	52330.0	31270.0	0.1584	1.0
alpha1_sess[44,1]	0.08685	0.002742	0.1281	0.02236	0.001934	0.01833	0.4499	1900.0	10310.0	0.005752	1.002
alpha1_sess[44,2]	0.1961	0.006413	0.2386	0.02999	0.004731	0.02729	0.6869	1896.0	12140.0	0.005742	1.002
alpha1_sess[45,1]	0.07266	0.000111	0.02697	0.02621	0.0278	0.07019	0.1328	54150.0	25560.0	0.164	1.0
alpha1_sess[45,2]	0.06318	0.000113	0.02241	0.02177	0.02619	0.06086	0.1128	37720.0	30640.0	0.1142	1.0
alpha1_sess[46,1]	0.1515	0.0001472	0.0339	0.03249	0.08853	0.1503	0.2232	52360.0	31050.0	0.1585	1.0
alpha1_sess[46,2]	0.07069	0.0001039	0.02399	0.0226	0.03319	0.06759	0.1262	55780.0	32370.0	0.1689	1.0
alpha1_sess[47,1]	0.07146	8.101e-05	0.01967	0.01879	0.04012	0.069	0.1159	65670.0	31660.0	0.1988	1.0
alpha1_sess[47,2]	0.08871	0.0001268	0.02894	0.02786	0.04284	0.08514	0.1548	53090.0	32090.0	0.1607	1.0
alpha1_sess[48,1]	0.4508	0.0003708	0.07457	0.07564	0.3137	0.4483	0.6034	41670.0	30230.0	0.1262	1.0
alpha1_sess[48,2]	0.4737	0.0003257	0.06955	0.06943	0.3386	0.4732	0.6108	45610.0	31620.0	0.1381	1.0
alpha1_sess[49,1]	0.3293	0.0002239	0.05583	0.05611	0.2218	0.3288	0.4399	61980.0	29270.0	0.1877	1.0
alpha1_sess[49,2]	0.2646	0.0002757	0.05672	0.05544	0.1576	0.2628	0.3815	42040.0	28690.0	0.1273	1.0
alpha1_sess[50,1]	0.01188	4.554e-05	0.008549	0.006388	0.002148	0.00973	0.03386	34300.0	28620.0	0.1038	1.0
alpha1_sess[50,2]	0.01779	6.254e-05	0.01203	0.009611	0.003426	0.01497	0.04837	36520.0	31320.0	0.1106	1.0
alpha1_sess[51,1]	0.1304	0.0002479	0.05041	0.0488	0.05425	0.123	0.2461	42380.0	33730.0	0.1283	1.0
alpha1_sess[51,2]	0.1372	0.0002201	0.04825	0.04751	0.0575	0.132	0.2436	46120.0	30200.0	0.1396	1.0
alpha1_sess[52,1]	0.7437	0.0002868	0.0636	0.06377	0.6202	0.7434	0.8692	49490.0	27520.0	0.1499	1.0
alpha1_sess[52,2]	0.8614	0.0002966	0.06141	0.05958	0.7201	0.8694	0.9564	40570.0	27810.0	0.1228	1.0
alpha1_sess[53,1]	0.9028	0.0001919	0.04325	0.04192	0.8041	0.9085	0.9699	48050.0	29140.0	0.1455	1.0
alpha1_sess[53,2]	0.7123	0.0003796	0.08581	0.08665	0.5444	0.7122	0.8814	51040.0	25320.0	0.1545	1.0
alpha1_sess[54,1]	0.2724	0.0002794	0.05965	0.05796	0.1691	0.2677	0.4024	46910.0	32970.0	0.142	1.0
alpha1_sess[54,2]	0.3739	0.0002765	0.06655	0.06687	0.2518	0.3708	0.5129	58070.0	31860.0	0.1758	1.0
alpha1_sess[55,1]	0.6935	0.0003401	0.07617	0.07701	0.5368	0.6969	0.8334	49640.0	30980.0	0.1503	1.0
alpha1_sess[55,2]	0.69	0.000322	0.0773	0.07786	0.5293	0.6939	0.8301	57510.0	30630.0	0.1741	1.0
alpha1_sess[56,1]	0.4417	0.0003686	0.07894	0.07681	0.3042	0.4355	0.6132	49830.0	26790.0	0.1509	1.0
alpha1_sess[56,2]	0.4542	0.0003699	0.07742	0.0776	0.3161	0.4495	0.6175	46060.0	29010.0	0.1395	1.0
alpha1_sess[57,1]	0.508	0.0004493	0.09467	0.09297	0.3389	0.502	0.7094	46280.0	29250.0	0.1401	1.0
alpha1_sess[57,2]	0.8078	0.0003688	0.07754	0.07544	0.6322	0.8171	0.932	43680.0	29630.0	0.1322	1.0
alpha1_sess[58,1]	0.03358	0.0002583	0.03857	0.01613	0.004629	0.02168	0.1366	25910.0	26110.0	0.07845	1.0
alpha1_sess[58,2]	0.05326	0.0003758	0.05602	0.03018	0.004922	0.03537	0.2075	22930.0	27810.0	0.06942	1.0
alpha1_sess[59,1]	0.5893	0.0003452	0.0818	0.08185	0.4359	0.5868	0.7572	58390.0	28870.0	0.1768	1.0
alpha1_sess[59,2]	0.7164	0.0003048	0.0714	0.07262	0.5699	0.7188	0.8484	53800.0	28880.0	0.1629	1.0
alpha1_sess[60,1]	0.3957	0.0002326	0.05969	0.0598	0.2842	0.3939	0.5172	66700.0	32740.0	0.2019	1.0
alpha1_sess[60,2]	0.3452	0.0003469	0.06839	0.06751	0.2211	0.3418	0.4888	39340.0	31950.0	0.1191	1.0
alpha1_sess[61,1]	0.3461	0.0002136	0.05499	0.05455	0.2452	0.3439	0.461	68140.0	29980.0	0.2063	1.0
alpha1_sess[61,2]	0.3036	0.0002797	0.06155	0.06073	0.1935	0.3	0.4359	49060.0	31970.0	0.1485	1.0
alpha1_sess[62,1]	0.2548	0.0003373	0.06637	0.0629	0.1438	0.2481	0.4037	40710.0	29280.0	0.1233	1.0
alpha1_sess[62,2]	0.3596	0.0002176	0.05834	0.05796	0.2546	0.3565	0.4815	74340.0	31600.0	0.2251	1.0
alpha1_sess[63,1]	0.5886	0.0002112	0.05296	0.05305	0.4841	0.5887	0.6927	62980.0	31440.0	0.1907	1.0
alpha1_sess[63,2]	0.6947	0.0003526	0.06639	0.06762	0.5633	0.6951	0.8217	35150.0	27890.0	0.1064	1.0
alpha1_sess[64,1]	0.08024	7.938e-05	0.02015	0.01927	0.04836	0.07756	0.127	73430.0	31870.0	0.2223	1.0
alpha1_sess[64,2]	0.08062	0.0001085	0.02592	0.02511	0.03875	0.07768	0.1393	57460.0	32200.0	0.174	1.0
alpha1_sess[65,1]	0.06644	0.0004568	0.06371	0.03789	0.006357	0.04465	0.2463	17370.0	25310.0	0.0526	1.0
alpha1_sess[65,2]	0.1095	0.0004314	0.07269	0.05355	0.02014	0.09149	0.3021	25880.0	23680.0	0.07835	1.0
alpha1_sess[66,1]	0.089	0.0003057	0.04709	0.0372	0.03068	0.0774	0.2109	25710.0	28810.0	0.07784	1.0
alpha1_sess[66,2]	0.2623	0.0002126	0.04806	0.04698	0.177	0.2594	0.3641	52000.0	34660.0	0.1574	1.0
alpha1_sess[67,1]	0.02638	8.54e-05	0.01521	0.01086	0.008264	0.02314	0.06391	32270.0	27680.0	0.09769	1.0
alpha1_sess[67,2]	0.06755	0.0003619	0.05368	0.03343	0.0128	0.05189	0.2175	23220.0	25700.0	0.07032	1.0
alpha1_sess[68,1]	0.02527	0.0001387	0.02277	0.01528	0.002951	0.01826	0.08714	25190.0	28990.0	0.07628	1.0
alpha1_sess[68,2]	0.03362	0.0001256	0.02245	0.01533	0.00878	0.02822	0.09305	35940.0	27950.0	0.1088	1.0
alpha1_sess[69,1]	0.04081	8.968e-05	0.0178	0.01628	0.01569	0.03752	0.08317	39140.0	33000.0	0.1185	1.0
alpha1_sess[69,2]	0.04248	6.881e-05	0.01573	0.01364	0.01998	0.0398	0.08097	62330.0	32100.0	0.1887	1.0
alpha1_sess[70,1]	0.2132	0.0002812	0.05575	0.0525	0.123	0.2067	0.3404	42120.0	31980.0	0.1275	1.0
alpha1_sess[70,2]	0.4749	0.0002553	0.06033	0.05952	0.3619	0.4725	0.5993	56690.0	33440.0	0.1716	1.0
alpha1_sess[71,1]	0.363	0.0005949	0.1179	0.1212	0.1263	0.3671	0.5835	40170.0	27160.0	0.1216	1.0
alpha1_sess[71,2]	0.1	0.0002229	0.04506	0.04211	0.03551	0.09265	0.2089	42480.0	35090.0	0.1286	1.0
alpha1_sess[72,1]	0.07931	0.0002861	0.04681	0.04628	0.01165	0.07282	0.1881	22640.0	20710.0	0.06855	1.0
alpha1_sess[72,2]	0.1086	0.0001557	0.03398	0.03287	0.04908	0.1059	0.1826	45580.0	29170.0	0.138	1.0
alpha1_sess[73,1]	0.2404	0.0001483	0.03828	0.03816	0.1705	0.2388	0.3211	66460.0	30220.0	0.2012	1.0
alpha1_sess[73,2]	0.2066	0.0002791	0.05399	0.05247	0.1184	0.2006	0.3294	39620.0	29580.0	0.1199	1.0
alpha1_sess[74,1]	0.1624	0.0002507	0.05811	0.05733	0.06991	0.1557	0.2923	55180.0	33520.0	0.1671	1.0
alpha1_sess[74,2]	0.1903	0.0003845	0.07531	0.07345	0.06885	0.1817	0.3609	37480.0	28580.0	0.1135	1.0
alpha1_sess[75,1]	0.09318	0.0001088	0.02608	0.02461	0.0515	0.09009	0.1538	62300.0	32070.0	0.1886	1.0
alpha1_sess[75,2]	0.1069	0.000136	0.03267	0.03248	0.05217	0.1039	0.178	55950.0	30730.0	0.1694	1.0
alpha1_sess[76,1]	0.2725	0.0002125	0.05031	0.04966	0.1811	0.27	0.378	55470.0	32140.0	0.1679	1.0
alpha1_sess[76,2]	0.3937	0.0002473	0.05851	0.05734	0.291	0.3894	0.5195	61090.0	29320.0	0.185	1.0
alpha1_sess[77,1]	0.6581	0.0002906	0.07049	0.07011	0.5216	0.6577	0.7979	59220.0	30640.0	0.1793	1.0
alpha1_sess[77,2]	0.7304	0.0003285	0.07223	0.07315	0.5826	0.7326	0.8634	47310.0	28150.0	0.1433	1.0
alpha1_sess[78,1]	0.8428	0.0002137	0.04909	0.04929	0.7393	0.8454	0.9299	50590.0	27580.0	0.1532	1.0
alpha1_sess[78,2]	0.8476	0.00022	0.04652	0.04674	0.7486	0.8505	0.9294	42840.0	29440.0	0.1297	1.0
alpha1_sess[79,1]	0.7031	0.0002692	0.06063	0.06157	0.5797	0.7042	0.817	50020.0	32330.0	0.1514	1.0
alpha1_sess[79,2]	0.7781	0.0002407	0.05765	0.05773	0.6588	0.7805	0.8839	55990.0	28200.0	0.1695	1.0
alpha1_sess[80,1]	0.6442	0.0004629	0.09349	0.09394	0.4538	0.6468	0.8204	40270.0	27630.0	0.1219	1.0
alpha1_sess[80,2]	0.603	0.0003216	0.07924	0.07971	0.4503	0.6018	0.7612	61820.0	28950.0	0.1872	1.0
alpha1_sess[81,1]	0.2743	0.0001883	0.04759	0.04793	0.1862	0.272	0.3726	64380.0	31470.0	0.1949	1.0
alpha1_sess[81,2]	0.2324	0.0002299	0.04927	0.04843	0.1498	0.2281	0.3406	48350.0	30730.0	0.1464	1.0
alpha1_sess[82,1]	0.1699	0.0001581	0.03656	0.03479	0.1086	0.1664	0.2518	56710.0	31410.0	0.1717	1.0
alpha1_sess[82,2]	0.2305	0.0001856	0.0433	0.0427	0.15	0.2289	0.3201	53960.0	30520.0	0.1634	1.0
alpha1_sess[83,1]	0.6946	0.0004585	0.09429	0.09608	0.5058	0.6959	0.8743	41550.0	26560.0	0.1258	1.0
alpha1_sess[83,2]	0.7873	0.0002727	0.06682	0.06782	0.6481	0.7903	0.9085	57490.0	27420.0	0.1741	1.0
alpha1_sess[84,1]	0.4866	0.0004472	0.08968	0.08966	0.3111	0.4866	0.6621	40260.0	31770.0	0.1219	1.0
alpha1_sess[84,2]	0.2763	0.0002326	0.05356	0.0517	0.1873	0.271	0.3966	57480.0	31860.0	0.174	1.0
alpha1_sess[85,1]	0.5629	0.0003051	0.07238	0.07233	0.4218	0.5628	0.7049	56410.0	31660.0	0.1708	1.0
alpha1_sess[85,2]	0.389	0.0002997	0.06406	0.06364	0.2687	0.3869	0.5199	45840.0	34460.0	0.1388	0.9999
alpha1_sess[86,1]	0.4532	0.0004336	0.08543	0.08477	0.2871	0.4523	0.6219	38810.0	28790.0	0.1175	1.0
alpha1_sess[86,2]	0.4997	0.0002998	0.07512	0.07576	0.3572	0.4979	0.651	63760.0	28440.0	0.1931	1.0
alpha1_sess[87,1]	0.1925	0.000336	0.07188	0.07232	0.07605	0.1845	0.3523	45650.0	35120.0	0.1382	1.0
alpha1_sess[87,2]	0.07685	0.0002537	0.04209	0.03288	0.02449	0.06731	0.1862	31980.0	27560.0	0.09682	1.0
alpha1_sess[88,1]	0.01374	7.468e-05	0.01198	0.006668	0.002722	0.01074	0.04323	31260.0	28010.0	0.09464	1.0
alpha1_sess[88,2]	0.02001	0.0001084	0.01797	0.01056	0.003347	0.01481	0.06728	29610.0	30320.0	0.08964	1.0
alpha1_sess[89,1]	0.5241	0.0002515	0.06621	0.06657	0.3959	0.5237	0.655	69580.0	30550.0	0.2107	1.0
alpha1_sess[89,2]	0.5338	0.0004937	0.09378	0.0949	0.3624	0.53	0.7255	37070.0	28450.0	0.1122	1.0
alpha1_sess[90,1]	0.2127	0.0001784	0.04716	0.04719	0.1296	0.2097	0.3128	70550.0	31200.0	0.2136	1.0
alpha1_sess[90,2]	0.2351	0.0003194	0.06261	0.06222	0.1348	0.2277	0.375	39670.0	32980.0	0.1201	1.0
alpha1_sess[91,1]	0.2915	0.00143	0.1925	0.1896	0.04328	0.2483	0.7474	17910.0	27850.0	0.05422	1.0
alpha1_sess[91,2]	0.3421	0.001369	0.1938	0.2317	0.0562	0.3249	0.7368	19800.0	27480.0	0.05995	1.0
alpha1_sess[92,1]	0.3513	0.0004635	0.09217	0.0922	0.1839	0.3466	0.5446	39010.0	28750.0	0.1181	1.0
alpha1_sess[92,2]	0.4674	0.0003931	0.08946	0.09024	0.3049	0.4628	0.6523	53150.0	30000.0	0.1609	1.0
alpha1_sess[93,1]	0.8953	0.0002012	0.0458	0.04632	0.7953	0.8998	0.9709	46950.0	24830.0	0.1421	1.0
alpha1_sess[93,2]	0.8759	0.0002243	0.05139	0.05254	0.7662	0.8793	0.964	47470.0	24840.0	0.1437	1.0
alpha1_sess[94,1]	0.8254	0.0003464	0.06839	0.06981	0.6826	0.8288	0.9467	37490.0	25880.0	0.1135	1.0
alpha1_sess[94,2]	0.612	0.001827	0.2257	0.2456	0.1404	0.6512	0.9388	16570.0	18950.0	0.05017	1.0
alpha1_sess[95,1]	0.578	0.000292	0.07485	0.07483	0.4353	0.5764	0.7282	67070.0	29230.0	0.2031	1.0
alpha1_sess[95,2]	0.562	0.0005786	0.1083	0.1108	0.3469	0.5636	0.7682	34710.0	28140.0	0.1051	1.0
alpha1_sess[96,1]	0.357	0.0002345	0.05491	0.05428	0.2573	0.3546	0.4728	56630.0	30820.0	0.1715	1.0
alpha1_sess[96,2]	0.2843	0.0001998	0.04727	0.04685	0.2014	0.2812	0.3861	58600.0	31990.0	0.1774	1.0
alpha1_sess[97,1]	0.3787	0.0002693	0.05617	0.05588	0.273	0.3773	0.4925	43660.0	32480.0	0.1322	1.0
alpha1_sess[97,2]	0.7815	0.00026	0.05756	0.05809	0.6633	0.7838	0.8871	48610.0	31760.0	0.1472	1.0
alpha1_sess[98,1]	0.6132	0.0004628	0.1043	0.1072	0.4105	0.6132	0.8142	50730.0	28770.0	0.1536	1.0
alpha1_sess[98,2]	0.5433	0.0003931	0.09472	0.09478	0.3635	0.5417	0.7355	59040.0	29390.0	0.1788	1.0
alpha1_sess[99,1]	0.8915	0.0002555	0.05401	0.05142	0.7655	0.8996	0.9725	41260.0	26430.0	0.1249	1.0
alpha1_sess[99,2]	0.835	0.0003147	0.07063	0.07211	0.6827	0.8395	0.9566	44170.0	24080.0	0.1337	1.0
alpha1_sess[100,1]	0.5558	0.0004769	0.09772	0.1006	0.3755	0.5523	0.755	43290.0	28030.0	0.1311	1.0
alpha1_sess[100,2]	0.4757	0.0003403	0.08201	0.08271	0.326	0.4719	0.6456	60340.0	30300.0	0.1827	1.0
alpha1_sess[101,1]	0.5465	0.0003936	0.08882	0.08961	0.3696	0.548	0.7169	50920.0	30110.0	0.1542	1.0
alpha1_sess[101,2]	0.5299	0.0002987	0.07381	0.07384	0.3896	0.5283	0.6782	61750.0	30350.0	0.187	1.0
alpha1_sess[102,1]	0.4105	0.0002628	0.06337	0.06256	0.2958	0.407	0.5455	59580.0	31340.0	0.1804	1.0
alpha1_sess[102,2]	0.253	0.0004559	0.08387	0.08168	0.1058	0.247	0.435	33070.0	26700.0	0.1001	1.0
alpha1_sess[103,1]	0.8732	0.0001916	0.04537	0.0453	0.7739	0.877	0.9501	52740.0	28850.0	0.1597	1.0
alpha1_sess[103,2]	0.7753	0.0003001	0.06968	0.07041	0.6346	0.7767	0.9082	52230.0	25800.0	0.1581	1.0
alpha1_sess[104,1]	0.4171	0.0002377	0.05661	0.0561	0.3135	0.4146	0.5349	58130.0	30710.0	0.176	1.0
alpha1_sess[104,2]	0.5541	0.0002554	0.05969	0.06005	0.4395	0.5535	0.6735	55070.0	31780.0	0.1667	1.0
alpha1_sess[105,1]	0.8438	0.0003319	0.07496	0.07715	0.6803	0.8501	0.9666	45280.0	23480.0	0.1371	1.0
alpha1_sess[105,2]	0.8701	0.0002673	0.06184	0.06207	0.7326	0.8775	0.9683	48780.0	26310.0	0.1477	1.0
alpha1_sess[106,1]	0.4486	0.0002646	0.06142	0.06156	0.3336	0.4473	0.5739	54990.0	32220.0	0.1665	1.0
alpha1_sess[106,2]	0.5287	0.0002941	0.06624	0.06608	0.4041	0.5271	0.664	51600.0	30650.0	0.1562	1.0
alpha1_sess[107,1]	0.2273	0.0001593	0.03513	0.03433	0.1654	0.2247	0.3029	49790.0	35370.0	0.1508	1.0
alpha1_sess[107,2]	0.5073	0.0003508	0.07118	0.07102	0.3763	0.5043	0.6548	41980.0	31940.0	0.1271	1.0
alpha1_sess[108,1]	0.3934	0.0001979	0.0523	0.05192	0.297	0.3915	0.5016	72070.0	30190.0	0.2182	1.0
alpha1_sess[108,2]	0.4773	0.0003212	0.06895	0.06901	0.3442	0.4763	0.6151	46190.0	30300.0	0.1399	1.0
alpha1_sess[109,1]	0.4334	0.0003629	0.07518	0.07508	0.2928	0.4311	0.5861	43030.0	32170.0	0.1303	1.0
alpha1_sess[109,2]	0.2655	0.0001952	0.04705	0.04553	0.1848	0.2614	0.3681	60790.0	34900.0	0.1841	1.0
alpha1_sess[110,1]	0.4746	0.0002209	0.05439	0.0546	0.371	0.4735	0.5828	60990.0	31830.0	0.1847	1.0
alpha1_sess[110,2]	0.3412	0.0002782	0.06071	0.05925	0.2378	0.3359	0.4752	50750.0	29800.0	0.1537	1.0
alpha1_sess[111,1]	0.04226	0.0002539	0.03651	0.02329	0.006599	0.03078	0.1436	21600.0	26430.0	0.0654	1.0
alpha1_sess[111,2]	0.1211	0.0001915	0.04244	0.03959	0.05582	0.115	0.2195	50870.0	31930.0	0.154	1.0
alpha1_sess[112,1]	0.3567	0.0003057	0.06596	0.06495	0.2391	0.3525	0.4974	47880.0	31600.0	0.145	1.0
alpha1_sess[112,2]	0.5113	0.0003765	0.07902	0.07952	0.3656	0.5082	0.6744	45510.0	28450.0	0.1378	1.0
alpha1_sess[113,1]	0.4145	0.0003217	0.07707	0.07568	0.2775	0.4098	0.5788	60790.0	29250.0	0.1841	1.0
alpha1_sess[113,2]	0.3207	0.0007078	0.1097	0.1036	0.1501	0.305	0.5772	26800.0	24340.0	0.08116	1.0
alpha1_sess[114,1]	0.2889	0.0002362	0.05319	0.05274	0.1945	0.2859	0.4019	51370.0	33340.0	0.1555	1.0
alpha1_sess[114,2]	0.2129	0.0001464	0.03513	0.03401	0.1498	0.2109	0.2878	58830.0	33000.0	0.1781	1.0
alpha1_sess[115,1]	0.7801	0.0002672	0.05393	0.05413	0.6672	0.7827	0.8774	39830.0	28640.0	0.1206	1.0
alpha1_sess[115,2]	0.6588	0.0002866	0.06237	0.06307	0.5368	0.6586	0.78	47260.0	32280.0	0.1431	1.0
alpha1_sess[116,1]	0.3582	0.0002083	0.05199	0.05154	0.2603	0.3565	0.4654	63160.0	31820.0	0.1912	1.0
alpha1_sess[116,2]	0.3906	0.000272	0.06042	0.06026	0.2801	0.388	0.5169	49860.0	29270.0	0.151	1.0
alpha1_sess[117,1]	0.458	0.0002168	0.05787	0.05757	0.35	0.456	0.5769	73510.0	27860.0	0.2226	1.0
alpha1_sess[117,2]	0.4819	0.0004053	0.08103	0.08158	0.3271	0.481	0.6442	39970.0	31720.0	0.121	1.0
alpha1_sess[118,1]	0.5593	0.0003024	0.07145	0.07148	0.4197	0.5591	0.6998	55920.0	32520.0	0.1693	1.0
alpha1_sess[118,2]	0.5604	0.0004015	0.08636	0.08803	0.3977	0.5586	0.7332	46710.0	29060.0	0.1414	1.0
alpha1_sess[119,1]	0.7142	0.0002462	0.06142	0.06123	0.5924	0.7155	0.832	61730.0	27800.0	0.1869	1.0
alpha1_sess[119,2]	0.7215	0.0002551	0.061	0.06174	0.5988	0.7231	0.8376	56530.0	27580.0	0.1711	1.0
alpha1_sess[120,1]	0.4576	0.0002968	0.06983	0.06877	0.3256	0.4555	0.6009	55750.0	33490.0	0.1688	1.0
alpha1_sess[120,2]	0.3083	0.0007665	0.116	0.117	0.1202	0.2961	0.5669	23330.0	27570.0	0.07065	1.0
alpha1_sess[121,1]	0.4766	0.0005477	0.1076	0.1073	0.2966	0.4661	0.7132	42920.0	26710.0	0.1299	1.0
alpha1_sess[121,2]	0.3607	0.0005054	0.1018	0.102	0.1882	0.3519	0.5822	42610.0	28580.0	0.129	1.0
alpha1_sess[122,1]	0.3922	0.0002138	0.05261	0.05209	0.2961	0.3899	0.5031	62810.0	29070.0	0.1902	1.0
alpha1_sess[122,2]	0.4026	0.0002615	0.05855	0.05745	0.2976	0.3993	0.5281	52240.0	27910.0	0.1582	1.0
alpha1_sess[123,1]	0.04627	7.294e-05	0.0165	0.01555	0.0209	0.04391	0.08487	51360.0	33920.0	0.1555	1.0
alpha1_sess[123,2]	0.1853	0.0001835	0.04252	0.03986	0.1156	0.1805	0.2822	56250.0	34610.0	0.1703	1.0
alpha1_sess[124,1]	0.4981	0.0002467	0.06048	0.06057	0.3836	0.4972	0.6197	60700.0	31430.0	0.1838	1.0
alpha1_sess[124,2]	0.6045	0.000328	0.07111	0.07161	0.4655	0.6044	0.7436	47000.0	29930.0	0.1423	1.0
alpha1_sess[125,1]	0.5172	0.0002404	0.05749	0.05769	0.4063	0.5163	0.6325	57530.0	31690.0	0.1742	1.0
alpha1_sess[125,2]	0.5333	0.000305	0.06642	0.06673	0.4104	0.5306	0.6707	48850.0	29130.0	0.1479	1.0
alpha1_sess[126,1]	0.6284	0.0002417	0.05837	0.05827	0.512	0.6291	0.7411	58190.0	32400.0	0.1762	1.0
alpha1_sess[126,2]	0.5268	0.0002132	0.05325	0.05339	0.4257	0.5259	0.6338	62940.0	32120.0	0.1906	1.0
alpha1_sess[127,1]	0.423	0.0002748	0.06779	0.06778	0.2998	0.4193	0.5655	62700.0	31740.0	0.1898	1.0
alpha1_sess[127,2]	0.6506	0.0003177	0.0749	0.07508	0.4968	0.653	0.7899	55590.0	30790.0	0.1683	1.0
alpha1_sess[128,1]	0.6906	0.0005493	0.1055	0.1044	0.4672	0.6961	0.8791	36190.0	24610.0	0.1096	1.0
alpha1_sess[128,2]	0.7069	0.0003373	0.07934	0.07995	0.551	0.7076	0.8614	54610.0	25250.0	0.1654	1.0
alpha1_sess[129,1]	0.7503	0.0002462	0.05451	0.05515	0.6394	0.752	0.8525	48200.0	31570.0	0.1459	1.0
alpha1_sess[129,2]	0.6185	0.000302	0.0679	0.06788	0.4869	0.6176	0.7535	50940.0	30740.0	0.1542	1.0
alpha1_sess[130,1]	0.1286	0.0005177	0.08084	0.07253	0.0237	0.1104	0.3278	22780.0	26200.0	0.06897	1.0
alpha1_sess[130,2]	0.04621	9.154e-05	0.01952	0.01651	0.01949	0.04258	0.09428	49830.0	33660.0	0.1509	1.0
alpha1_sess[131,1]	0.227	0.0005004	0.09187	0.09072	0.06546	0.2219	0.4252	31930.0	24280.0	0.09666	1.0
alpha1_sess[131,2]	0.2516	0.0004327	0.08819	0.08417	0.1007	0.2432	0.4467	40420.0	24460.0	0.1224	1.0
alpha1_sess[132,1]	0.4198	0.0003453	0.08062	0.08024	0.2763	0.4152	0.5905	56990.0	31300.0	0.1725	1.0
alpha1_sess[132,2]	0.455	0.0006863	0.1213	0.1222	0.2256	0.4524	0.6999	31200.0	27490.0	0.09447	1.0
alpha1_sess[133,1]	0.1355	0.0002369	0.04892	0.04547	0.0552	0.1301	0.2474	42170.0	27550.0	0.1277	1.0
alpha1_sess[133,2]	0.2242	0.0002765	0.06208	0.06006	0.1197	0.2186	0.3616	50100.0	33270.0	0.1517	1.0
alpha1_sess[134,1]	0.4108	0.000273	0.05783	0.05724	0.2977	0.4109	0.5244	44890.0	32940.0	0.1359	1.0
alpha1_sess[134,2]	0.6263	0.0002716	0.06362	0.06417	0.4992	0.6273	0.7478	54790.0	31580.0	0.1659	1.0
alpha1_sess[135,1]	0.4203	0.0004858	0.09708	0.09836	0.2302	0.4207	0.607	40000.0	26820.0	0.1211	1.0
alpha1_sess[135,2]	0.5117	0.0002918	0.07448	0.0756	0.3725	0.5095	0.6631	66520.0	31680.0	0.2014	1.0
alpha1_sess[136,1]	0.09593	0.000144	0.03195	0.02927	0.04825	0.0911	0.1724	54640.0	31740.0	0.1654	1.0
alpha1_sess[136,2]	0.09099	0.0001105	0.02551	0.02456	0.04759	0.08881	0.1472	53200.0	31460.0	0.1611	1.0
alpha1_sess[137,1]	0.4864	0.0002345	0.06199	0.06146	0.3679	0.4849	0.6121	71740.0	30400.0	0.2172	1.0
alpha1_sess[137,2]	0.4268	0.000406	0.08269	0.08233	0.2838	0.4203	0.6051	44470.0	28620.0	0.1346	1.0
alpha1_sess[138,1]	0.5468	0.0003499	0.06844	0.06822	0.4212	0.544	0.6883	39010.0	30620.0	0.1181	1.0
alpha1_sess[138,2]	0.3025	0.0003071	0.06774	0.06629	0.1858	0.2973	0.4513	50280.0	34510.0	0.1522	1.0
alpha1_sess[139,1]	0.548	0.0002904	0.07316	0.07397	0.4086	0.5466	0.6948	64260.0	29720.0	0.1946	1.0
alpha1_sess[139,2]	0.4888	0.0003577	0.07896	0.07872	0.3409	0.4862	0.6503	49560.0	29050.0	0.1501	1.0
alpha1_sess[140,1]	0.1649	0.0001604	0.03774	0.03701	0.1009	0.1613	0.2476	57880.0	31960.0	0.1753	1.0
alpha1_sess[140,2]	0.2347	0.0001922	0.04614	0.04552	0.1497	0.2325	0.332	58010.0	31320.0	0.1757	1.0
alpha1_sess[141,1]	0.5957	0.0006699	0.1111	0.1063	0.3666	0.6003	0.797	35270.0	19860.0	0.1068	1.0
alpha1_sess[141,2]	0.4875	0.0003606	0.08758	0.08692	0.3208	0.4856	0.6661	60200.0	28280.0	0.1823	1.0
beta1m_sess[1,1]	2.781	0.004012	0.8066	0.8046	1.314	2.746	4.473	38390.0	23450.0	0.1162	1.0
beta1m_sess[1,2]	3.661	0.005108	1.092	1.074	1.682	3.609	5.963	42630.0	23040.0	0.1291	1.0
beta1m_sess[2,1]	0.8964	0.003371	0.6173	0.4802	0.1705	0.7503	2.501	34860.0	29970.0	0.1056	1.0
beta1m_sess[2,2]	0.6391	0.001778	0.4056	0.364	0.1121	0.5543	1.647	47400.0	29390.0	0.1435	1.0
beta1m_sess[3,1]	2.932	0.002438	0.5668	0.5641	1.893	2.909	4.097	52380.0	27580.0	0.1586	1.0
beta1m_sess[3,2]	3.428	0.002919	0.7083	0.6975	2.136	3.392	4.918	57570.0	29800.0	0.1743	1.0
beta1m_sess[4,1]	0.3755	0.000902	0.209	0.1866	0.09165	0.3347	0.8893	53600.0	28430.0	0.1623	1.0
beta1m_sess[4,2]	0.3418	0.001389	0.2643	0.188	0.05468	0.2726	1.028	41310.0	28170.0	0.1251	1.0
beta1m_sess[5,1]	0.8949	0.001873	0.3954	0.3943	0.2587	0.8554	1.779	39240.0	24930.0	0.1188	1.0
beta1m_sess[5,2]	0.8834	0.0019	0.4226	0.4297	0.1972	0.8409	1.812	41600.0	22110.0	0.126	1.0
beta1m_sess[6,1]	0.4012	0.0008401	0.2005	0.1904	0.1063	0.3684	0.8762	52800.0	27690.0	0.1599	1.0
beta1m_sess[6,2]	0.3551	0.001055	0.2248	0.1958	0.06717	0.3069	0.9216	42240.0	27790.0	0.1279	1.0
beta1m_sess[7,1]	0.9317	0.003043	0.6497	0.5153	0.1633	0.775	2.568	46760.0	28530.0	0.1416	1.0
beta1m_sess[7,2]	0.8116	0.00252	0.5889	0.4946	0.1095	0.6605	2.322	51870.0	26740.0	0.1571	1.0
beta1m_sess[8,1]	0.9803	0.002777	0.4757	0.4482	0.2575	0.9081	2.1	26860.0	23470.0	0.08132	1.0
beta1m_sess[8,2]	0.6406	0.001203	0.2779	0.28	0.1736	0.6186	1.252	45790.0	22920.0	0.1387	1.0
beta1m_sess[9,1]	2.745	0.004171	0.8584	0.8505	1.221	2.695	4.573	39390.0	23920.0	0.1193	1.0
beta1m_sess[9,2]	3.028	0.004496	0.989	0.9839	1.247	2.974	5.118	44360.0	23660.0	0.1343	1.0
beta1m_sess[10,1]	0.6494	0.001638	0.3563	0.3322	0.1531	0.5851	1.495	43940.0	27680.0	0.133	1.0
beta1m_sess[10,2]	0.5148	0.001357	0.3091	0.2846	0.09788	0.4548	1.263	47330.0	26630.0	0.1433	1.0
beta1m_sess[11,1]	0.5368	0.001044	0.2355	0.2329	0.1585	0.5115	1.067	44690.0	24400.0	0.1353	1.0
beta1m_sess[11,2]	0.4374	0.0009743	0.2208	0.217	0.1048	0.4061	0.9467	43990.0	25090.0	0.1332	1.0
beta1m_sess[12,1]	0.6599	0.002259	0.4531	0.3515	0.1302	0.5506	1.805	39650.0	29660.0	0.1201	1.0
beta1m_sess[12,2]	0.5529	0.002056	0.4243	0.3164	0.08355	0.4426	1.652	43280.0	29690.0	0.131	1.0
beta1m_sess[13,1]	0.7138	0.001931	0.4334	0.3807	0.1492	0.6202	1.796	47970.0	29370.0	0.1452	0.9999
beta1m_sess[13,2]	0.6578	0.002374	0.5083	0.3802	0.09495	0.5231	1.997	44440.0	28400.0	0.1345	0.9999
beta1m_sess[14,1]	0.8314	0.001888	0.428	0.4172	0.1927	0.7686	1.821	44400.0	23820.0	0.1344	1.0
beta1m_sess[14,2]	0.6683	0.0017	0.3878	0.3693	0.1268	0.6009	1.594	44550.0	25270.0	0.1349	1.0
beta1m_sess[15,1]	1.679	0.004435	0.8458	0.8295	0.3702	1.571	3.606	31850.0	22790.0	0.09643	1.0
beta1m_sess[15,2]	1.553	0.004273	0.8556	0.8518	0.2777	1.428	3.515	33700.0	23100.0	0.102	1.0
beta1m_sess[16,1]	1.774	0.002998	0.5686	0.5687	0.7499	1.745	2.97	33680.0	23100.0	0.102	1.0
beta1m_sess[16,2]	2.119	0.003431	0.7036	0.6944	0.829	2.087	3.587	39040.0	20320.0	0.1182	1.0
beta1m_sess[17,1]	0.3791	0.0008621	0.1968	0.184	0.09727	0.3443	0.8498	49650.0	28490.0	0.1503	1.0
beta1m_sess[17,2]	0.298	0.0008509	0.1863	0.1599	0.05949	0.2594	0.7636	48760.0	29250.0	0.1476	1.0
beta1m_sess[18,1]	0.769	0.001917	0.456	0.4163	0.1622	0.6771	1.898	52460.0	28880.0	0.1588	1.0
beta1m_sess[18,2]	0.7331	0.002446	0.5421	0.435	0.1054	0.5961	2.138	47090.0	29610.0	0.1426	1.0
beta1m_sess[19,1]	1.026	0.002256	0.522	0.5153	0.2347	0.9533	2.213	45610.0	25460.0	0.1381	1.0
beta1m_sess[19,2]	0.9765	0.00246	0.568	0.5521	0.1711	0.8824	2.329	44190.0	25250.0	0.1338	1.0
beta1m_sess[20,1]	3.186	0.004178	0.8302	0.807	1.747	3.12	4.996	38170.0	29200.0	0.1156	1.0
beta1m_sess[20,2]	2.807	0.003624	0.7268	0.7171	1.517	2.767	4.353	39310.0	29670.0	0.119	1.0
beta1m_sess[21,1]	2.562	0.002863	0.6238	0.6104	1.433	2.529	3.89	45290.0	25890.0	0.1371	1.0
beta1m_sess[21,2]	2.67	0.002572	0.611	0.6032	1.549	2.64	3.937	54360.0	27650.0	0.1646	1.0
beta1m_sess[22,1]	0.4858	0.001137	0.2469	0.2348	0.124	0.4465	1.062	42590.0	27240.0	0.1289	1.0
beta1m_sess[22,2]	0.3509	0.0009036	0.1992	0.1825	0.07665	0.3147	0.8315	45330.0	29060.0	0.1373	1.0
beta1m_sess[23,1]	0.4694	0.001288	0.2744	0.237	0.108	0.4141	1.155	44480.0	28680.0	0.1347	1.0
beta1m_sess[23,2]	0.3486	0.0009143	0.2131	0.1888	0.06819	0.3032	0.8807	50730.0	27700.0	0.1536	1.0
beta1m_sess[24,1]	0.695	0.001692	0.3717	0.3507	0.1634	0.6326	1.573	45850.0	28070.0	0.1388	1.0
beta1m_sess[24,2]	0.7262	0.002718	0.5202	0.4271	0.1064	0.5967	2.077	36640.0	29540.0	0.1109	1.0
beta1m_sess[25,1]	0.5124	0.001772	0.3323	0.2634	0.109	0.4377	1.333	37600.0	29510.0	0.1138	1.0
beta1m_sess[25,2]	0.3892	0.001356	0.269	0.2145	0.06928	0.3252	1.065	43240.0	29060.0	0.1309	1.0
beta1m_sess[26,1]	2.438	0.004009	0.7483	0.724	1.168	2.365	4.093	32990.0	24070.0	0.09988	1.0
beta1m_sess[26,2]	2.108	0.002344	0.5405	0.5338	1.098	2.093	3.229	51290.0	24400.0	0.1553	1.0
beta1m_sess[27,1]	0.5544	0.001197	0.2779	0.2659	0.1425	0.5128	1.206	47250.0	26890.0	0.1431	1.0
beta1m_sess[27,2]	0.4736	0.001233	0.2794	0.2567	0.09136	0.4211	1.148	45050.0	25340.0	0.1364	1.0
beta1m_sess[28,1]	0.5138	0.001247	0.2716	0.2518	0.1281	0.4674	1.159	44580.0	28240.0	0.135	1.0
beta1m_sess[28,2]	0.3968	0.0009992	0.2304	0.2144	0.07977	0.3536	0.9539	48980.0	29420.0	0.1483	1.0
beta1m_sess[29,1]	1.612	0.002597	0.5719	0.5666	0.5939	1.579	2.834	43770.0	22290.0	0.1325	1.0
beta1m_sess[29,2]	1.49	0.002846	0.6127	0.6109	0.45	1.44	2.816	41100.0	22220.0	0.1244	1.0
beta1m_sess[30,1]	2.803	0.005035	0.8805	0.8503	1.273	2.734	4.737	28840.0	24320.0	0.08733	1.0
beta1m_sess[30,2]	3.721	0.004425	0.9257	0.9215	2.05	3.678	5.661	43040.0	29580.0	0.1303	1.0
beta1m_sess[31,1]	1.071	0.00254	0.5271	0.5012	0.2746	1.001	2.285	38070.0	24710.0	0.1153	1.0
beta1m_sess[31,2]	0.9146	0.00194	0.4415	0.4509	0.2032	0.8719	1.886	44040.0	24150.0	0.1333	1.0
beta1m_sess[32,1]	3.136	0.002291	0.5661	0.5617	2.093	3.11	4.308	60060.0	30030.0	0.1818	1.0
beta1m_sess[32,2]	3.119	0.003341	0.7307	0.7189	1.793	3.079	4.665	46670.0	30180.0	0.1413	1.0
beta1m_sess[33,1]	0.401	0.0008998	0.1976	0.1875	0.1075	0.3715	0.8626	44210.0	26440.0	0.1339	1.0
beta1m_sess[33,2]	0.3116	0.0008295	0.1835	0.1628	0.06549	0.2748	0.7649	45790.0	28190.0	0.1386	1.0
beta1m_sess[34,1]	2.539	0.003463	0.6117	0.6079	1.454	2.499	3.832	30200.0	26290.0	0.09143	1.0
beta1m_sess[34,2]	1.673	0.002829	0.4983	0.4969	0.7843	1.646	2.72	30080.0	27240.0	0.09107	1.0
beta1m_sess[35,1]	0.5015	0.001558	0.3037	0.2536	0.114	0.4371	1.251	40450.0	27090.0	0.1225	1.0
beta1m_sess[35,2]	0.4263	0.001496	0.2981	0.2389	0.07138	0.3558	1.185	42380.0	27870.0	0.1283	1.0
beta1m_sess[36,1]	1.254	0.003255	0.6238	0.609	0.2992	1.169	2.674	32870.0	23880.0	0.09951	1.0
beta1m_sess[36,2]	0.9545	0.00246	0.5101	0.4956	0.2002	0.879	2.149	38180.0	25650.0	0.1156	1.0
beta1m_sess[37,1]	1.366	0.002189	0.4469	0.4448	0.5577	1.344	2.311	38480.0	22190.0	0.1165	1.0
beta1m_sess[37,2]	1.245	0.001964	0.421	0.4242	0.4712	1.231	2.124	42410.0	22400.0	0.1284	1.0
beta1m_sess[38,1]	1.069	0.001876	0.3904	0.3957	0.3834	1.047	1.889	39680.0	23800.0	0.1201	1.0
beta1m_sess[38,2]	1.285	0.002968	0.5774	0.5844	0.3264	1.232	2.548	33360.0	22290.0	0.101	1.0
beta1m_sess[39,1]	0.7618	0.002202	0.4771	0.4163	0.1524	0.6569	1.949	47600.0	29950.0	0.1441	1.0
beta1m_sess[39,2]	0.7139	0.00249	0.5247	0.4242	0.101	0.5772	2.075	43810.0	28340.0	0.1326	1.0
beta1m_sess[40,1]	0.5619	0.001108	0.2419	0.2377	0.1734	0.5366	1.109	43500.0	27940.0	0.1317	1.0
beta1m_sess[40,2]	0.6293	0.001942	0.3544	0.3401	0.1199	0.5704	1.47	30830.0	25490.0	0.09334	1.0
beta1m_sess[41,1]	0.589	0.001158	0.2636	0.26	0.1709	0.5582	1.181	45670.0	25900.0	0.1383	1.0
beta1m_sess[41,2]	0.5186	0.001209	0.2696	0.2617	0.118	0.4803	1.152	43270.0	25800.0	0.131	1.0
beta1m_sess[42,1]	1.462	0.004095	0.8058	0.7662	0.3059	1.332	3.385	34590.0	25970.0	0.1047	1.0
beta1m_sess[42,2]	1.186	0.002927	0.6663	0.6611	0.2145	1.088	2.725	43250.0	25620.0	0.1309	1.0
beta1m_sess[43,1]	0.5811	0.001557	0.3545	0.3051	0.1224	0.5051	1.458	51460.0	28610.0	0.1558	1.0
beta1m_sess[43,2]	0.5118	0.001755	0.3785	0.2949	0.07782	0.4151	1.506	47280.0	28490.0	0.1432	1.0
beta1m_sess[44,1]	0.8603	0.005843	0.6802	0.4327	0.1644	0.6812	2.648	16270.0	19900.0	0.04925	1.0
beta1m_sess[44,2]	0.7957	0.005901	0.7263	0.4298	0.1084	0.5972	2.758	21090.0	20170.0	0.06384	1.0
beta1m_sess[45,1]	0.7838	0.002339	0.4948	0.4244	0.154	0.6725	2.029	46040.0	29790.0	0.1394	1.0
beta1m_sess[45,2]	0.6828	0.002411	0.5096	0.396	0.1013	0.5518	2.005	48030.0	29830.0	0.1454	1.0
beta1m_sess[46,1]	2.055	0.01023	1.796	1.253	0.2351	1.483	6.927	36280.0	32610.0	0.1098	1.0
beta1m_sess[46,2]	2.159	0.0139	2.437	1.255	0.1645	1.336	8.884	37380.0	32030.0	0.1132	1.0
beta1m_sess[47,1]	2.014	0.007463	1.45	1.269	0.2742	1.665	5.642	36690.0	29850.0	0.1111	1.0
beta1m_sess[47,2]	1.987	0.007943	1.608	1.319	0.1936	1.536	6.152	38740.0	30840.0	0.1173	1.0
beta1m_sess[48,1]	2.198	0.003277	0.6581	0.6465	1.034	2.161	3.601	37600.0	25510.0	0.1139	1.0
beta1m_sess[48,2]	2.526	0.002836	0.6678	0.6622	1.266	2.505	3.896	53190.0	24010.0	0.161	1.0
beta1m_sess[49,1]	1.078	0.003119	0.6217	0.5674	0.2231	0.9617	2.595	35720.0	25120.0	0.1082	1.0
beta1m_sess[49,2]	0.8218	0.002082	0.4776	0.458	0.1515	0.7401	1.951	45490.0	26730.0	0.1377	1.0
beta1m_sess[50,1]	0.7974	0.002992	0.5985	0.4259	0.141	0.6434	2.36	47330.0	29710.0	0.1433	1.0
beta1m_sess[50,2]	0.7157	0.003287	0.6419	0.4048	0.09319	0.5311	2.411	49410.0	29940.0	0.1496	1.0
beta1m_sess[51,1]	1.546	0.003592	0.7228	0.7023	0.4021	1.464	3.195	35730.0	23920.0	0.1082	1.0
beta1m_sess[51,2]	1.399	0.003367	0.692	0.6806	0.3102	1.323	2.956	37480.0	24620.0	0.1135	1.0
beta1m_sess[52,1]	0.5628	0.001285	0.2943	0.2808	0.1364	0.5152	1.259	47250.0	25650.0	0.143	1.0
beta1m_sess[52,2]	0.455	0.001227	0.2777	0.2491	0.08659	0.3994	1.141	45950.0	26980.0	0.1391	1.0
beta1m_sess[53,1]	0.4327	0.001124	0.2437	0.219	0.1012	0.3857	1.023	45630.0	27950.0	0.1381	1.0
beta1m_sess[53,2]	0.3249	0.0008376	0.1988	0.1781	0.06265	0.282	0.8211	52540.0	27710.0	0.1591	1.0
beta1m_sess[54,1]	0.8637	0.001775	0.3765	0.3767	0.2507	0.8241	1.697	40150.0	24650.0	0.1216	1.0
beta1m_sess[54,2]	0.8217	0.001951	0.4139	0.4118	0.1835	0.7687	1.758	38510.0	23620.0	0.1166	1.0
beta1m_sess[55,1]	0.653	0.001229	0.2834	0.2869	0.191	0.6249	1.277	46110.0	25580.0	0.1396	1.0
beta1m_sess[55,2]	0.5575	0.001254	0.2836	0.2772	0.1299	0.5179	1.21	45650.0	26650.0	0.1382	1.0
beta1m_sess[56,1]	0.6173	0.001246	0.2963	0.2932	0.1591	0.5791	1.293	49060.0	27170.0	0.1485	1.0
beta1m_sess[56,2]	0.5583	0.001584	0.3476	0.3058	0.1057	0.4864	1.417	43530.0	28200.0	0.1318	1.0
beta1m_sess[57,1]	0.5679	0.001461	0.2825	0.2638	0.151	0.5228	1.235	34580.0	26130.0	0.1047	1.0
beta1m_sess[57,2]	0.3715	0.0007903	0.1827	0.1772	0.09494	0.3458	0.7963	47670.0	27420.0	0.1443	1.0
beta1m_sess[58,1]	1.049	0.004432	0.8831	0.5683	0.1723	0.8095	3.335	47780.0	29920.0	0.1447	1.0
beta1m_sess[58,2]	0.9334	0.004389	0.8889	0.5299	0.1136	0.6785	3.274	51280.0	30820.0	0.1553	1.0
beta1m_sess[59,1]	0.9904	0.001622	0.3478	0.35	0.3694	0.9668	1.717	42060.0	22680.0	0.1273	1.0
beta1m_sess[59,2]	1.029	0.002016	0.4246	0.4231	0.304	0.9942	1.947	38670.0	21280.0	0.1171	1.0
beta1m_sess[60,1]	1.445	0.002841	0.5834	0.5852	0.4609	1.397	2.713	37380.0	23260.0	0.1132	1.0
beta1m_sess[60,2]	1.157	0.002691	0.5391	0.5269	0.3024	1.091	2.376	35850.0	24280.0	0.1085	1.0
beta1m_sess[61,1]	0.4282	0.0009143	0.2165	0.2074	0.1102	0.3943	0.9359	51170.0	28300.0	0.1549	1.0
beta1m_sess[61,2]	0.3692	0.001067	0.2325	0.2024	0.0698	0.3183	0.9496	45030.0	29460.0	0.1363	1.0
beta1m_sess[62,1]	0.6395	0.001486	0.3481	0.3249	0.1489	0.5773	1.47	50670.0	27950.0	0.1534	1.0
beta1m_sess[62,2]	0.5977	0.001941	0.4171	0.3406	0.09548	0.4962	1.679	44700.0	28760.0	0.1353	1.0
beta1m_sess[63,1]	1.706	0.002069	0.4572	0.4496	0.8738	1.682	2.671	46400.0	26980.0	0.1405	1.0
beta1m_sess[63,2]	1.69	0.002134	0.4804	0.4752	0.819	1.664	2.698	47900.0	26110.0	0.145	1.0
beta1m_sess[64,1]	0.645	0.00189	0.4202	0.345	0.129	0.5477	1.72	53850.0	29650.0	0.163	1.0
beta1m_sess[64,2]	0.6088	0.002713	0.5333	0.3456	0.08185	0.4625	2.014	46540.0	29450.0	0.1409	1.0
beta1m_sess[65,1]	0.9646	0.003796	0.7507	0.5286	0.1644	0.7639	2.932	44040.0	32060.0	0.1333	1.0
beta1m_sess[65,2]	0.917	0.004543	0.8725	0.523	0.1096	0.6626	3.252	43000.0	31830.0	0.1302	1.0
beta1m_sess[66,1]	0.8962	0.002333	0.5006	0.4683	0.1973	0.8085	2.091	41410.0	27560.0	0.1254	1.0
beta1m_sess[66,2]	0.8478	0.002511	0.5445	0.4967	0.134	0.7329	2.19	40700.0	26340.0	0.1232	1.0
beta1m_sess[67,1]	0.9172	0.003408	0.6651	0.5014	0.1615	0.7483	2.649	38190.0	29220.0	0.1156	1.0
beta1m_sess[67,2]	0.7265	0.002484	0.5265	0.4313	0.1086	0.5941	2.061	44260.0	30550.0	0.134	1.0
beta1m_sess[68,1]	0.7691	0.002749	0.5585	0.4131	0.1435	0.6299	2.2	46090.0	29230.0	0.1395	1.0
beta1m_sess[68,2]	0.6855	0.002948	0.5861	0.3943	0.09198	0.524	2.209	47130.0	30430.0	0.1427	1.0
beta1m_sess[69,1]	0.727	0.002243	0.4856	0.3881	0.142	0.6094	1.978	50190.0	30510.0	0.152	1.0
beta1m_sess[69,2]	0.634	0.002357	0.4987	0.3642	0.0917	0.498	1.95	50620.0	29980.0	0.1533	1.0
beta1m_sess[70,1]	0.3451	0.0008267	0.1863	0.1687	0.08747	0.31	0.7982	49250.0	28320.0	0.1491	1.0
beta1m_sess[70,2]	0.2824	0.0008478	0.1843	0.1554	0.05252	0.2405	0.7508	46140.0	27550.0	0.1397	1.0
beta1m_sess[71,1]	0.9406	0.002214	0.471	0.4339	0.2448	0.8697	2.064	43760.0	28380.0	0.1325	1.0
beta1m_sess[71,2]	0.8641	0.002687	0.5544	0.4644	0.1593	0.7422	2.263	41850.0	28180.0	0.1267	1.0
beta1m_sess[72,1]	0.5513	0.001491	0.325	0.2833	0.1249	0.486	1.35	47500.0	28690.0	0.1438	1.0
beta1m_sess[72,2]	0.463	0.00134	0.3053	0.2614	0.07938	0.3933	1.237	48840.0	28750.0	0.1479	1.0
beta1m_sess[73,1]	1.783	0.004903	0.7698	0.7633	0.515	1.698	3.493	23000.0	21120.0	0.06964	1.0
beta1m_sess[73,2]	1.239	0.002605	0.5154	0.5209	0.3482	1.2	2.343	35990.0	23710.0	0.109	1.0
beta1m_sess[74,1]	1.03	0.002822	0.5886	0.5394	0.2212	0.9231	2.455	39000.0	26520.0	0.1181	1.0
beta1m_sess[74,2]	0.8562	0.002426	0.534	0.4803	0.1524	0.7507	2.176	43430.0	27370.0	0.1315	1.0
beta1m_sess[75,1]	0.6595	0.001502	0.3657	0.3401	0.1449	0.5921	1.538	53970.0	26720.0	0.1634	1.0
beta1m_sess[75,2]	0.6163	0.002253	0.4673	0.3469	0.09525	0.4981	1.832	42710.0	26960.0	0.1293	1.0
beta1m_sess[76,1]	0.7644	0.001737	0.4044	0.3902	0.1787	0.6982	1.716	49080.0	28460.0	0.1486	1.0
beta1m_sess[76,2]	0.7028	0.001951	0.4397	0.4008	0.1183	0.6129	1.77	46180.0	27770.0	0.1398	1.0
beta1m_sess[77,1]	1.417	0.002695	0.5482	0.5449	0.4603	1.385	2.603	37370.0	22480.0	0.1131	1.0
beta1m_sess[77,2]	1.555	0.003463	0.7085	0.7056	0.388	1.487	3.131	36550.0	21980.0	0.1107	1.0
beta1m_sess[78,1]	3.088	0.005368	0.8715	0.7935	1.737	2.971	5.131	28020.0	27320.0	0.08483	1.0
beta1m_sess[78,2]	2.825	0.00453	0.7834	0.7229	1.568	2.731	4.614	31630.0	29340.0	0.09577	1.0
beta1m_sess[79,1]	2.254	0.001999	0.4352	0.4284	1.447	2.234	3.171	46390.0	30710.0	0.1405	1.0
beta1m_sess[79,2]	2.61	0.002167	0.5	0.4948	1.696	2.586	3.651	52160.0	30630.0	0.1579	1.0
beta1m_sess[80,1]	0.5141	0.0009931	0.2308	0.229	0.1471	0.4868	1.035	48230.0	27010.0	0.146	1.0
beta1m_sess[80,2]	0.3976	0.0009046	0.2077	0.1996	0.09182	0.3657	0.8877	46790.0	26950.0	0.1417	1.0
beta1m_sess[81,1]	1.409	0.002767	0.5496	0.556	0.4406	1.377	2.574	36050.0	22140.0	0.1092	1.0
beta1m_sess[81,2]	1.205	0.003065	0.5914	0.5712	0.2922	1.128	2.559	33210.0	23880.0	0.1006	1.0
beta1m_sess[82,1]	0.5859	0.001614	0.3531	0.3054	0.1239	0.5103	1.47	46430.0	28420.0	0.1406	1.0
beta1m_sess[82,2]	0.4953	0.001526	0.3428	0.2849	0.08037	0.4149	1.376	49420.0	29210.0	0.1496	1.0
beta1m_sess[83,1]	1.468	0.001892	0.3824	0.3765	0.7805	1.445	2.275	39150.0	27890.0	0.1185	1.0
beta1m_sess[83,2]	1.581	0.00168	0.3934	0.3884	0.859	1.565	2.402	52580.0	26930.0	0.1592	1.0
beta1m_sess[84,1]	0.443	0.001047	0.2394	0.2197	0.1083	0.4002	1.019	51360.0	29560.0	0.1555	1.0
beta1m_sess[84,2]	0.4101	0.001624	0.3065	0.2285	0.06866	0.3325	1.201	39660.0	27990.0	0.1201	1.0
beta1m_sess[85,1]	0.819	0.001519	0.3553	0.3572	0.2347	0.7828	1.595	47730.0	25510.0	0.1445	1.0
beta1m_sess[85,2]	0.7466	0.001775	0.402	0.3827	0.1616	0.6834	1.689	44260.0	27000.0	0.134	1.0
beta1m_sess[86,1]	0.4602	0.001027	0.2296	0.2194	0.121	0.4237	1.0	46790.0	27710.0	0.1417	1.0
beta1m_sess[86,2]	0.4413	0.001371	0.2799	0.2505	0.07723	0.3813	1.138	38160.0	27860.0	0.1155	1.0
beta1m_sess[87,1]	0.6496	0.001751	0.3852	0.3348	0.142	0.5713	1.606	48420.0	29110.0	0.1466	1.0
beta1m_sess[87,2]	0.5442	0.001819	0.3813	0.3041	0.09131	0.4533	1.534	46530.0	28850.0	0.1409	1.0
beta1m_sess[88,1]	1.243	0.004896	0.9854	0.704	0.1888	0.9752	3.812	44700.0	30530.0	0.1353	1.0
beta1m_sess[88,2]	1.204	0.005695	1.133	0.718	0.1311	0.8676	4.204	45150.0	30520.0	0.1367	1.0
beta1m_sess[89,1]	2.159	0.00242	0.544	0.5379	1.148	2.139	3.284	48000.0	24750.0	0.1453	1.0
beta1m_sess[89,2]	2.201	0.002985	0.6734	0.6678	0.9963	2.16	3.635	47280.0	24200.0	0.1432	1.0
beta1m_sess[90,1]	1.118	0.00367	0.7419	0.6232	0.2016	0.9467	3.016	37900.0	28020.0	0.1148	1.0
beta1m_sess[90,2]	0.9086	0.002803	0.6195	0.5443	0.1345	0.7685	2.453	43730.0	27430.0	0.1324	1.0
beta1m_sess[91,1]	0.6246	0.002215	0.3948	0.3099	0.142	0.534	1.644	32110.0	28560.0	0.09722	1.0
beta1m_sess[91,2]	0.6004	0.002245	0.431	0.3376	0.09772	0.4934	1.723	33710.0	28790.0	0.1021	1.0
beta1m_sess[92,1]	0.4598	0.001162	0.2472	0.2276	0.1148	0.4163	1.053	44220.0	29440.0	0.1339	1.0
beta1m_sess[92,2]	0.3524	0.0009069	0.2065	0.1903	0.07133	0.3125	0.8577	48680.0	28730.0	0.1474	1.0
beta1m_sess[93,1]	0.4416	0.0009877	0.2257	0.2155	0.1128	0.4058	0.9749	47680.0	28110.0	0.1444	1.0
beta1m_sess[93,2]	0.3585	0.0009786	0.2188	0.1939	0.06898	0.3137	0.8977	45950.0	26800.0	0.1391	1.0
beta1m_sess[94,1]	0.4002	0.0009011	0.2021	0.1924	0.1035	0.3683	0.8812	45990.0	28070.0	0.1392	1.0
beta1m_sess[94,2]	0.2997	0.0008699	0.1817	0.1559	0.06313	0.2621	0.7487	42660.0	27480.0	0.1292	1.0
beta1m_sess[95,1]	0.3859	0.0008252	0.1909	0.1842	0.1026	0.3571	0.8332	49290.0	26720.0	0.1493	1.0
beta1m_sess[95,2]	0.3334	0.0009599	0.2035	0.1841	0.06419	0.2925	0.8321	41540.0	27410.0	0.1258	1.0
beta1m_sess[96,1]	1.33	0.002666	0.5568	0.5636	0.3889	1.284	2.53	38330.0	22590.0	0.1161	1.0
beta1m_sess[96,2]	1.221	0.00317	0.6524	0.6133	0.2703	1.118	2.767	36010.0	23130.0	0.109	1.0
beta1m_sess[97,1]	0.7838	0.001801	0.402	0.3849	0.1872	0.7227	1.725	43440.0	25330.0	0.1315	1.0
beta1m_sess[97,2]	0.6688	0.001512	0.3592	0.3572	0.1349	0.6189	1.498	47160.0	26480.0	0.1428	1.0
beta1m_sess[98,1]	0.6896	0.001262	0.2803	0.2774	0.2243	0.6633	1.31	44510.0	26090.0	0.1348	1.0
beta1m_sess[98,2]	0.6986	0.001512	0.3318	0.3322	0.1672	0.6627	1.443	41210.0	23470.0	0.1248	1.0
beta1m_sess[99,1]	0.5544	0.001145	0.2639	0.254	0.1488	0.5178	1.168	48530.0	25510.0	0.1469	1.0
beta1m_sess[99,2]	0.4389	0.0009646	0.2347	0.2249	0.09666	0.4006	0.9899	51880.0	26780.0	0.1571	1.0
beta1m_sess[100,1]	1.265	0.002034	0.4476	0.4458	0.4788	1.232	2.221	43750.0	22160.0	0.1325	1.0
beta1m_sess[100,2]	1.146	0.00222	0.4779	0.471	0.3461	1.102	2.207	40390.0	23310.0	0.1223	1.0
beta1m_sess[101,1]	0.6448	0.001446	0.305	0.2997	0.1733	0.604	1.345	39360.0	25140.0	0.1192	1.0
beta1m_sess[101,2]	0.4622	0.001036	0.2393	0.229	0.1092	0.4257	1.024	46930.0	27340.0	0.1421	1.0
beta1m_sess[102,1]	0.5141	0.001228	0.2844	0.2598	0.1213	0.4608	1.207	50590.0	27850.0	0.1532	1.0
beta1m_sess[102,2]	0.4268	0.001249	0.2773	0.2361	0.07608	0.3648	1.129	47550.0	28020.0	0.144	1.0
beta1m_sess[103,1]	2.234	0.002253	0.467	0.4452	1.429	2.195	3.257	43240.0	30940.0	0.1309	0.9999
beta1m_sess[103,2]	2.058	0.001888	0.431	0.4254	1.277	2.034	2.964	51220.0	30850.0	0.1551	1.0
beta1m_sess[104,1]	1.835	0.002555	0.52	0.5154	0.8912	1.811	2.925	38910.0	23260.0	0.1178	1.0
beta1m_sess[104,2]	2.065	0.002878	0.6261	0.6192	0.9081	2.04	3.368	44300.0	23620.0	0.1341	1.0
beta1m_sess[105,1]	0.4091	0.0007667	0.1811	0.1786	0.1211	0.3881	0.8136	49860.0	26360.0	0.151	1.0
beta1m_sess[105,2]	0.3066	0.0006795	0.1604	0.1529	0.07354	0.2809	0.6856	49700.0	26770.0	0.1505	1.0
beta1m_sess[106,1]	1.552	0.003095	0.5764	0.5648	0.555	1.505	2.802	31420.0	21920.0	0.09512	1.0
beta1m_sess[106,2]	1.126	0.001964	0.4264	0.4255	0.376	1.099	2.038	41930.0	22060.0	0.127	1.0
beta1m_sess[107,1]	1.792	0.003133	0.6145	0.612	0.709	1.746	3.107	35500.0	23040.0	0.1075	1.0
beta1m_sess[107,2]	1.902	0.003034	0.6535	0.644	0.7342	1.865	3.292	42160.0	22140.0	0.1277	1.0
beta1m_sess[108,1]	0.7147	0.001843	0.3853	0.3564	0.1703	0.6486	1.632	39800.0	26390.0	0.1205	1.0
beta1m_sess[108,2]	0.5146	0.00111	0.2745	0.27	0.11	0.473	1.15	52940.0	26680.0	0.1603	1.0
beta1m_sess[109,1]	0.5686	0.001253	0.2895	0.2771	0.1435	0.5242	1.251	49180.0	28200.0	0.1489	1.0
beta1m_sess[109,2]	0.4683	0.001258	0.2814	0.2561	0.09095	0.4118	1.157	46740.0	27610.0	0.1415	1.0
beta1m_sess[110,1]	2.399	0.003375	0.702	0.6911	1.119	2.368	3.876	40920.0	22060.0	0.1239	1.0
beta1m_sess[110,2]	1.988	0.003556	0.7271	0.7217	0.7478	1.927	3.566	38220.0	22810.0	0.1157	1.0
beta1m_sess[111,1]	0.681	0.002223	0.4577	0.3669	0.1337	0.5749	1.849	42050.0	28030.0	0.1273	1.0
beta1m_sess[111,2]	0.5833	0.001962	0.4275	0.3425	0.08545	0.4758	1.706	46810.0	30770.0	0.1417	1.0
beta1m_sess[112,1]	1.64	0.003596	0.6952	0.6873	0.4793	1.577	3.192	32850.0	21630.0	0.09947	1.0
beta1m_sess[112,2]	1.298	0.002686	0.5708	0.5745	0.3441	1.246	2.548	38600.0	22450.0	0.1169	1.0
beta1m_sess[113,1]	0.6209	0.001264	0.2863	0.2826	0.1718	0.5864	1.271	45100.0	25940.0	0.1366	1.0
beta1m_sess[113,2]	0.4807	0.001142	0.2563	0.2427	0.1088	0.4377	1.081	44720.0	27530.0	0.1354	1.0
beta1m_sess[114,1]	1.777	0.004036	0.8064	0.8197	0.4317	1.709	3.542	35020.0	20740.0	0.106	1.0
beta1m_sess[114,2]	1.708	0.004291	0.8655	0.8851	0.3317	1.619	3.605	34980.0	22460.0	0.1059	1.0
beta1m_sess[115,1]	2.047	0.002879	0.5176	0.5117	1.122	2.019	3.145	31920.0	28470.0	0.09663	1.0
beta1m_sess[115,2]	2.999	0.004492	0.8103	0.7929	1.6	2.933	4.75	32310.0	30100.0	0.09782	1.0
beta1m_sess[116,1]	0.5923	0.001394	0.3111	0.295	0.1453	0.5397	1.332	45800.0	27570.0	0.1387	0.9999
beta1m_sess[116,2]	0.4792	0.001295	0.2931	0.2643	0.09123	0.4194	1.198	47390.0	27350.0	0.1435	1.0
beta1m_sess[117,1]	0.6856	0.001832	0.3781	0.3486	0.1569	0.618	1.597	37880.0	26540.0	0.1147	1.0
beta1m_sess[117,2]	0.4767	0.001142	0.27	0.2544	0.09812	0.4276	1.122	49710.0	28400.0	0.1505	1.0
beta1m_sess[118,1]	0.5898	0.00132	0.3165	0.298	0.1379	0.5356	1.34	50710.0	26520.0	0.1535	1.0
beta1m_sess[118,2]	0.5362	0.001635	0.3577	0.3067	0.08894	0.4538	1.432	44400.0	26130.0	0.1344	1.0
beta1m_sess[119,1]	0.7562	0.001447	0.2906	0.2938	0.2558	0.735	1.381	36470.0	23790.0	0.1104	1.0
beta1m_sess[119,2]	0.9771	0.00258	0.4526	0.4579	0.2266	0.9342	1.971	27380.0	20560.0	0.0829	1.0
beta1m_sess[120,1]	0.4197	0.0009379	0.2183	0.2048	0.107	0.3816	0.9371	51000.0	28690.0	0.1544	1.0
beta1m_sess[120,2]	0.3874	0.001304	0.2649	0.2158	0.06647	0.3249	1.066	40470.0	28850.0	0.1225	1.0
beta1m_sess[121,1]	0.5978	0.001266	0.2955	0.2868	0.1534	0.5565	1.283	48860.0	27810.0	0.1479	1.0
beta1m_sess[121,2]	0.4974	0.001322	0.2969	0.2679	0.0974	0.4391	1.221	45800.0	28380.0	0.1387	1.0
beta1m_sess[122,1]	1.225	0.002853	0.6276	0.6158	0.2764	1.14	2.672	41000.0	24730.0	0.1241	1.0
beta1m_sess[122,2]	1.091	0.002553	0.599	0.6009	0.1989	1.009	2.457	45090.0	24330.0	0.1365	1.0
beta1m_sess[123,1]	0.606	0.001714	0.3716	0.3189	0.1273	0.526	1.544	44840.0	27430.0	0.1358	1.0
beta1m_sess[123,2]	0.4777	0.001398	0.3167	0.2697	0.0823	0.4065	1.281	48610.0	28630.0	0.1472	1.0
beta1m_sess[124,1]	1.749	0.002046	0.4525	0.448	0.9342	1.723	2.703	46770.0	27210.0	0.1416	1.0
beta1m_sess[124,2]	1.587	0.001887	0.4448	0.4457	0.7779	1.565	2.525	52170.0	25550.0	0.158	1.0
beta1m_sess[125,1]	2.221	0.002151	0.504	0.5014	1.289	2.202	3.258	53250.0	28180.0	0.1612	1.0
beta1m_sess[125,2]	2.5	0.002932	0.6742	0.6652	1.303	2.457	3.928	50100.0	26570.0	0.1517	1.0
beta1m_sess[126,1]	1.841	0.002398	0.4523	0.4539	1.003	1.824	2.767	34880.0	27560.0	0.1056	1.0
beta1m_sess[126,2]	2.733	0.004194	0.76	0.747	1.4	2.681	4.37	31780.0	27160.0	0.09622	1.0
beta1m_sess[127,1]	0.8959	0.001697	0.3743	0.3764	0.2731	0.8616	1.725	43120.0	23680.0	0.1306	1.0
beta1m_sess[127,2]	0.7366	0.001436	0.3383	0.3428	0.1906	0.703	1.488	47100.0	23960.0	0.1426	1.0
beta1m_sess[128,1]	0.4865	0.000942	0.2177	0.2156	0.1402	0.4598	0.9787	47400.0	26810.0	0.1435	1.0
beta1m_sess[128,2]	0.4101	0.0009582	0.215	0.2072	0.09144	0.3779	0.9138	43350.0	26100.0	0.1312	1.0
beta1m_sess[129,1]	2.776	0.001924	0.4501	0.4435	1.957	2.755	3.727	54120.0	32320.0	0.1638	1.0
beta1m_sess[129,2]	2.859	0.002378	0.5567	0.5543	1.837	2.836	4.018	53550.0	33380.0	0.1621	1.0
beta1m_sess[130,1]	0.4848	0.001545	0.3078	0.2482	0.106	0.4157	1.267	41270.0	29670.0	0.125	1.0
beta1m_sess[130,2]	0.4174	0.001528	0.3154	0.2347	0.06588	0.3355	1.242	43420.0	30080.0	0.1315	1.0
beta1m_sess[131,1]	0.4173	0.001072	0.233	0.2065	0.1006	0.3719	0.9872	45600.0	28430.0	0.1381	1.0
beta1m_sess[131,2]	0.3241	0.0009553	0.2088	0.1744	0.06211	0.2781	0.8517	48580.0	28700.0	0.1471	1.0
beta1m_sess[132,1]	0.5123	0.001198	0.2646	0.2481	0.1292	0.4688	1.14	45030.0	27440.0	0.1363	1.0
beta1m_sess[132,2]	0.3823	0.0009725	0.2192	0.202	0.08049	0.3416	0.9158	47550.0	28050.0	0.144	1.0
beta1m_sess[133,1]	0.4929	0.001305	0.2832	0.2525	0.1122	0.4368	1.202	44910.0	27820.0	0.136	1.0
beta1m_sess[133,2]	0.368	0.001022	0.2317	0.2017	0.07147	0.3186	0.9449	49390.0	28410.0	0.1495	1.0
beta1m_sess[134,1]	1.605	0.002525	0.519	0.5172	0.6831	1.575	2.71	38070.0	22880.0	0.1153	1.0
beta1m_sess[134,2]	1.625	0.002556	0.5443	0.5478	0.6291	1.598	2.748	41570.0	22330.0	0.1259	1.0
beta1m_sess[135,1]	1.374	0.003703	0.6454	0.6212	0.3591	1.293	2.855	28000.0	23110.0	0.08478	1.0
beta1m_sess[135,2]	0.979	0.002014	0.4433	0.4453	0.2498	0.9371	1.95	42120.0	24000.0	0.1275	1.0
beta1m_sess[136,1]	0.7228	0.002166	0.4502	0.3861	0.1506	0.6226	1.858	45020.0	30210.0	0.1363	1.0
beta1m_sess[136,2]	0.6422	0.002237	0.4731	0.3752	0.09775	0.5207	1.897	45660.0	30380.0	0.1382	1.0
beta1m_sess[137,1]	1.453	0.002359	0.5212	0.5229	0.5131	1.425	2.538	44090.0	23110.0	0.1335	1.0
beta1m_sess[137,2]	1.421	0.002911	0.6188	0.6093	0.4003	1.363	2.794	39150.0	23660.0	0.1185	1.0
beta1m_sess[138,1]	1.3	0.002959	0.6525	0.6488	0.2935	1.218	2.783	42260.0	26540.0	0.1279	1.0
beta1m_sess[138,2]	1.209	0.00323	0.7046	0.6722	0.21	1.095	2.871	40610.0	26740.0	0.123	1.0
beta1m_sess[139,1]	0.5857	0.001133	0.2676	0.267	0.1623	0.5549	1.188	50040.0	27620.0	0.1515	1.0
beta1m_sess[139,2]	0.5226	0.001458	0.3129	0.2762	0.1028	0.4603	1.297	42710.0	26440.0	0.1293	1.0
beta1m_sess[140,1]	0.514	0.001443	0.305	0.2662	0.1145	0.4519	1.285	45230.0	27800.0	0.1369	1.0
beta1m_sess[140,2]	0.4152	0.001274	0.2801	0.2324	0.07072	0.3503	1.133	47940.0	28660.0	0.1452	1.0
beta1m_sess[141,1]	0.6135	0.001536	0.3293	0.309	0.1483	0.5564	1.4	41620.0	26460.0	0.126	1.0
beta1m_sess[141,2]	0.4348	0.001028	0.2427	0.2262	0.09363	0.3919	1.015	51610.0	27020.0	0.1563	1.0
beta1t_sess[1,1]	2.755	0.004235	0.771	0.7755	1.387	2.712	4.371	32720.0	29900.0	0.09905	1.0
beta1t_sess[1,2]	2.252	0.003082	0.6013	0.599	1.195	2.209	3.541	37290.0	29030.0	0.1129	1.0
beta1t_sess[2,1]	2.043	0.004323	0.8253	0.8175	0.7356	1.948	3.898	34840.0	27640.0	0.1055	1.0
beta1t_sess[2,2]	1.417	0.001773	0.4117	0.4052	0.7025	1.385	2.317	52640.0	29690.0	0.1594	1.0
beta1t_sess[3,1]	2.136	0.002575	0.5367	0.5367	1.145	2.115	3.253	42520.0	28770.0	0.1287	1.0
beta1t_sess[3,2]	2.031	0.002467	0.4871	0.4853	1.157	2.004	3.059	37830.0	27230.0	0.1145	1.0
beta1t_sess[4,1]	1.441	0.001684	0.4117	0.4145	0.7024	1.417	2.305	58130.0	29670.0	0.176	1.0
beta1t_sess[4,2]	1.868	0.004996	0.796	0.6594	0.7877	1.725	3.796	29860.0	25790.0	0.09041	1.0
beta1t_sess[5,1]	2.127	0.002867	0.5665	0.5678	1.089	2.102	3.302	38010.0	27660.0	0.1151	1.0
beta1t_sess[5,2]	1.656	0.002067	0.4144	0.4109	0.9224	1.629	2.541	39410.0	30100.0	0.1193	1.0
beta1t_sess[6,1]	1.727	0.001889	0.4013	0.4027	0.9857	1.712	2.548	44660.0	29480.0	0.1352	1.0
beta1t_sess[6,2]	2.347	0.003401	0.5741	0.5748	1.324	2.311	3.552	28170.0	26540.0	0.08528	1.0
beta1t_sess[7,1]	5.382	0.04625	4.174	2.529	1.202	4.001	16.9	12100.0	12450.0	0.03663	1.0
beta1t_sess[7,2]	3.525	0.008979	1.248	1.246	1.47	3.396	6.28	21020.0	22480.0	0.06366	1.0
beta1t_sess[8,1]	3.492	0.003296	0.6468	0.6419	2.279	3.474	4.804	38280.0	31360.0	0.1159	1.0
beta1t_sess[8,2]	1.869	0.001455	0.3217	0.3184	1.269	1.859	2.54	48710.0	32210.0	0.1475	1.0
beta1t_sess[9,1]	2.724	0.004368	0.8299	0.834	1.266	2.672	4.474	34960.0	25860.0	0.1058	1.0
beta1t_sess[9,2]	2.404	0.003324	0.6743	0.6644	1.235	2.355	3.862	39500.0	27710.0	0.1196	1.0
beta1t_sess[10,1]	1.451	0.001975	0.4482	0.4426	0.6731	1.42	2.424	48770.0	28780.0	0.1477	1.0
beta1t_sess[10,2]	1.595	0.001861	0.4042	0.3982	0.8804	1.566	2.46	46120.0	30060.0	0.1396	1.0
beta1t_sess[11,1]	1.854	0.001612	0.3685	0.3675	1.172	1.84	2.613	51200.0	30660.0	0.155	1.0
beta1t_sess[11,2]	1.692	0.001708	0.3401	0.3365	1.065	1.68	2.394	39020.0	28620.0	0.1181	1.0
beta1t_sess[12,1]	1.348	0.003877	0.6951	0.5845	0.4178	1.21	3.061	31640.0	27430.0	0.0958	1.0
beta1t_sess[12,2]	1.405	0.003212	0.576	0.5124	0.5623	1.311	2.802	33040.0	29700.0	0.1	1.0
beta1t_sess[13,1]	1.855	0.00243	0.573	0.5789	0.8478	1.823	3.068	52060.0	28950.0	0.1576	1.0
beta1t_sess[13,2]	1.913	0.003506	0.6855	0.6388	0.8499	1.82	3.515	37310.0	28480.0	0.113	1.0
beta1t_sess[14,1]	3.714	0.003424	0.7115	0.7059	2.37	3.692	5.168	42990.0	31180.0	0.1302	1.0
beta1t_sess[14,2]	3.596	0.003494	0.6568	0.6465	2.358	3.576	4.934	34860.0	28290.0	0.1056	1.0
beta1t_sess[15,1]	2.327	0.003567	0.698	0.7022	1.078	2.289	3.795	37600.0	26780.0	0.1139	1.0
beta1t_sess[15,2]	2.382	0.003827	0.6955	0.6866	1.18	2.328	3.887	32110.0	27950.0	0.09723	1.0
beta1t_sess[16,1]	2.615	0.003057	0.6041	0.6008	1.49	2.592	3.859	38280.0	27200.0	0.1159	1.0
beta1t_sess[16,2]	2.96	0.003527	0.6509	0.6483	1.773	2.932	4.329	33320.0	25770.0	0.1009	1.0
beta1t_sess[17,1]	1.721	0.002249	0.4455	0.4478	0.8823	1.709	2.628	38730.0	26630.0	0.1173	1.0
beta1t_sess[17,2]	1.325	0.001811	0.3566	0.3508	0.7121	1.295	2.098	38400.0	29970.0	0.1163	1.0
beta1t_sess[18,1]	3.195	0.004736	0.9079	0.892	1.592	3.137	5.14	36200.0	28130.0	0.1096	1.0
beta1t_sess[18,2]	2.503	0.003328	0.6796	0.6738	1.323	2.455	3.963	40220.0	28350.0	0.1218	1.0
beta1t_sess[19,1]	4.188	0.005152	1.007	0.995	2.425	4.123	6.346	38020.0	31500.0	0.1151	1.0
beta1t_sess[19,2]	2.696	0.00313	0.6308	0.619	1.57	2.659	4.046	40350.0	30590.0	0.1222	1.0
beta1t_sess[20,1]	3.212	0.003326	0.6992	0.7022	1.889	3.197	4.626	43520.0	29470.0	0.1318	1.0
beta1t_sess[20,2]	3.087	0.004203	0.7017	0.6837	1.856	3.037	4.588	27690.0	28600.0	0.08385	1.0
beta1t_sess[21,1]	3.073	0.003318	0.6517	0.6508	1.845	3.056	4.404	37990.0	28510.0	0.115	1.0
beta1t_sess[21,2]	2.385	0.002288	0.4792	0.4799	1.498	2.365	3.378	43090.0	30190.0	0.1305	1.0
beta1t_sess[22,1]	1.716	0.002175	0.4322	0.4348	0.9155	1.7	2.605	38960.0	28590.0	0.118	1.0
beta1t_sess[22,2]	1.468	0.001904	0.3677	0.3628	0.8139	1.446	2.261	36820.0	29040.0	0.1115	1.0
beta1t_sess[23,1]	3.727	0.006255	0.9952	1.014	1.881	3.704	5.744	25290.0	27500.0	0.07656	1.0
beta1t_sess[23,2]	2.755	0.003179	0.6188	0.6139	1.656	2.717	4.064	37830.0	28030.0	0.1145	1.0
beta1t_sess[24,1]	0.7722	0.001497	0.2914	0.2779	0.3147	0.7361	1.436	39630.0	30150.0	0.12	1.0
beta1t_sess[24,2]	1.136	0.002019	0.3973	0.3874	0.4982	1.089	2.039	37960.0	27900.0	0.1149	1.0
beta1t_sess[25,1]	1.418	0.00277	0.5435	0.5115	0.5711	1.348	2.659	39710.0	28060.0	0.1202	1.0
beta1t_sess[25,2]	1.443	0.002228	0.4352	0.4054	0.7341	1.399	2.413	42670.0	28560.0	0.1292	1.0
beta1t_sess[26,1]	3.318	0.004777	0.8853	0.8783	1.732	3.272	5.181	33390.0	28160.0	0.1011	1.0
beta1t_sess[26,2]	1.999	0.002185	0.4487	0.4498	1.18	1.977	2.94	41940.0	30730.0	0.127	1.0
beta1t_sess[27,1]	3.308	0.00212	0.5592	0.5436	2.321	3.27	4.511	70230.0	30180.0	0.2126	1.0
beta1t_sess[27,2]	3.278	0.00258	0.5724	0.5531	2.29	3.234	4.534	49590.0	30020.0	0.1501	1.0
beta1t_sess[28,1]	1.265	0.001825	0.3787	0.3717	0.6201	1.232	2.087	41530.0	29040.0	0.1257	1.0
beta1t_sess[28,2]	1.673	0.001533	0.3626	0.3636	1.002	1.657	2.425	54270.0	30630.0	0.1643	1.0
beta1t_sess[29,1]	1.532	0.00246	0.4969	0.4924	0.6824	1.49	2.612	40100.0	29290.0	0.1214	1.0
beta1t_sess[29,2]	1.764	0.00257	0.502	0.5011	0.8853	1.729	2.844	37460.0	28530.0	0.1134	1.0
beta1t_sess[30,1]	5.476	0.007739	1.408	1.349	2.968	5.388	8.506	32250.0	27960.0	0.09765	1.0
beta1t_sess[30,2]	3.347	0.004478	0.815	0.8011	1.899	3.298	5.089	32850.0	28550.0	0.09947	1.0
beta1t_sess[31,1]	2.45	0.002226	0.5091	0.5065	1.509	2.432	3.497	51120.0	30830.0	0.1548	1.0
beta1t_sess[31,2]	2.693	0.002991	0.5468	0.543	1.673	2.673	3.817	32930.0	27250.0	0.09971	1.0
beta1t_sess[32,1]	1.164	0.001725	0.3623	0.3614	0.5395	1.134	1.949	42740.0	30610.0	0.1294	1.0
beta1t_sess[32,2]	1.608	0.002583	0.4917	0.4863	0.7715	1.569	2.693	35940.0	28750.0	0.1088	1.0
beta1t_sess[33,1]	0.8062	0.001366	0.2714	0.27	0.347	0.783	1.403	37920.0	30510.0	0.1148	1.0
beta1t_sess[33,2]	0.9135	0.001408	0.2899	0.2831	0.4308	0.8843	1.56	42150.0	29600.0	0.1276	1.0
beta1t_sess[34,1]	2.454	0.002379	0.4861	0.4823	1.546	2.441	3.456	41010.0	28040.0	0.1242	1.0
beta1t_sess[34,2]	2.666	0.002352	0.4924	0.4847	1.756	2.647	3.691	42680.0	27360.0	0.1292	1.0
beta1t_sess[35,1]	1.141	0.002201	0.4172	0.3925	0.4803	1.09	2.097	35250.0	29100.0	0.1067	1.0
beta1t_sess[35,2]	1.366	0.001854	0.3951	0.3887	0.6884	1.333	2.236	44270.0	30120.0	0.134	1.0
beta1t_sess[36,1]	1.974	0.002458	0.5415	0.5439	0.9949	1.947	3.092	46780.0	28020.0	0.1416	1.0
beta1t_sess[36,2]	2.109	0.002956	0.5723	0.5695	1.106	2.068	3.332	36530.0	26390.0	0.1106	1.0
beta1t_sess[37,1]	2.367	0.003044	0.5628	0.5661	1.31	2.352	3.518	33710.0	26220.0	0.102	1.0
beta1t_sess[37,2]	1.981	0.001951	0.3975	0.3909	1.233	1.968	2.797	41200.0	28600.0	0.1247	1.0
beta1t_sess[38,1]	2.272	0.002024	0.4548	0.4524	1.425	2.259	3.2	49930.0	31990.0	0.1512	1.0
beta1t_sess[38,2]	2.838	0.002764	0.5506	0.549	1.826	2.815	3.989	39140.0	29260.0	0.1185	1.0
beta1t_sess[39,1]	1.949	0.003599	0.7548	0.7257	0.7558	1.856	3.685	40670.0	26030.0	0.1231	1.0
beta1t_sess[39,2]	1.832	0.002649	0.5751	0.5678	0.8569	1.781	3.088	44550.0	28270.0	0.1349	1.0
beta1t_sess[40,1]	1.244	0.001506	0.3033	0.3008	0.7084	1.223	1.893	39980.0	32130.0	0.1211	1.0
beta1t_sess[40,2]	2.593	0.002785	0.5351	0.53	1.608	2.572	3.71	36280.0	30820.0	0.1098	1.0
beta1t_sess[41,1]	2.032	0.00312	0.5635	0.5681	1.014	2.009	3.207	32250.0	28910.0	0.09764	1.0
beta1t_sess[41,2]	1.265	0.001372	0.2913	0.291	0.7388	1.251	1.879	44680.0	32290.0	0.1353	1.0
beta1t_sess[42,1]	4.46	0.005322	1.053	1.046	2.585	4.399	6.681	39230.0	31710.0	0.1188	1.0
beta1t_sess[42,2]	4.443	0.005286	0.9906	0.9877	2.645	4.392	6.521	34600.0	28270.0	0.1047	1.0
beta1t_sess[43,1]	4.696	0.004101	0.8815	0.8664	3.067	4.667	6.507	45960.0	32970.0	0.1392	1.0
beta1t_sess[43,2]	3.567	0.00441	0.8553	0.84	2.042	3.513	5.391	36440.0	28040.0	0.1103	1.0
beta1t_sess[44,1]	1.394	0.01673	1.021	0.7575	0.3082	1.092	4.057	2636.0	12090.0	0.00798	1.002
beta1t_sess[44,2]	1.404	0.01361	0.7793	0.6607	0.4535	1.202	3.347	2684.0	14430.0	0.008126	1.002
beta1t_sess[45,1]	4.165	0.003772	0.806	0.7911	2.662	4.14	5.816	45810.0	32070.0	0.1387	1.0
beta1t_sess[45,2]	3.941	0.004607	0.8786	0.8648	2.413	3.878	5.853	35720.0	29570.0	0.1081	1.0
beta1t_sess[46,1]	4.702	0.008989	1.593	1.62	1.779	4.657	7.956	30430.0	23280.0	0.09213	1.0
beta1t_sess[46,2]	3.962	0.01149	1.808	1.51	1.51	3.623	8.433	26260.0	27970.0	0.07951	1.0
beta1t_sess[47,1]	3.923	0.004288	0.8483	0.8389	2.298	3.911	5.621	39070.0	31060.0	0.1183	1.0
beta1t_sess[47,2]	4.086	0.01127	1.565	1.43	1.797	3.816	7.851	20460.0	23840.0	0.06196	1.0
beta1t_sess[48,1]	4.102	0.005396	0.9486	0.9227	2.272	4.086	6.029	30560.0	24350.0	0.09252	1.0
beta1t_sess[48,2]	2.703	0.002408	0.5268	0.5211	1.726	2.684	3.791	46980.0	30210.0	0.1422	1.0
beta1t_sess[49,1]	3.639	0.00505	0.8842	0.8842	2.01	3.603	5.472	30450.0	26780.0	0.09218	1.0
beta1t_sess[49,2]	2.784	0.002744	0.5655	0.5627	1.735	2.765	3.956	41820.0	28230.0	0.1266	1.0
beta1t_sess[50,1]	1.565	0.004378	0.8707	0.6982	0.465	1.374	3.742	43510.0	30080.0	0.1317	1.0
beta1t_sess[50,2]	1.668	0.003663	0.763	0.6552	0.6123	1.529	3.574	45750.0	30280.0	0.1385	1.0
beta1t_sess[51,1]	1.343	0.003027	0.5763	0.5288	0.4842	1.253	2.704	35850.0	30200.0	0.1086	1.0
beta1t_sess[51,2]	1.191	0.001888	0.399	0.3867	0.5392	1.146	2.094	44080.0	29860.0	0.1335	1.0
beta1t_sess[52,1]	2.76	0.002949	0.5966	0.5973	1.666	2.735	4.0	40530.0	30870.0	0.1227	1.0
beta1t_sess[52,2]	2.664	0.003758	0.7046	0.6752	1.503	2.59	4.238	34530.0	29180.0	0.1045	1.0
beta1t_sess[53,1]	3.91	0.004106	0.9169	0.8383	2.45	3.798	6.032	53880.0	31300.0	0.1631	1.0
beta1t_sess[53,2]	2.753	0.002451	0.5392	0.5329	1.779	2.723	3.894	47690.0	31300.0	0.1444	1.0
beta1t_sess[54,1]	1.724	0.002508	0.4891	0.4929	0.855	1.695	2.756	36910.0	27570.0	0.1118	1.0
beta1t_sess[54,2]	1.697	0.002028	0.3961	0.3988	0.9748	1.681	2.52	37290.0	28500.0	0.1129	1.0
beta1t_sess[55,1]	2.206	0.001674	0.3959	0.3895	1.461	2.193	3.028	55040.0	29950.0	0.1667	1.0
beta1t_sess[55,2]	2.689	0.00215	0.4479	0.4436	1.853	2.674	3.617	42630.0	30190.0	0.1291	1.0
beta1t_sess[56,1]	1.323	0.001773	0.3953	0.3959	0.624	1.296	2.161	48500.0	29060.0	0.1468	1.0
beta1t_sess[56,2]	1.629	0.002778	0.5386	0.5158	0.756	1.566	2.856	36530.0	29000.0	0.1106	1.0
beta1t_sess[57,1]	1.16	0.001293	0.29	0.2861	0.6411	1.141	1.777	48750.0	28080.0	0.1476	1.0
beta1t_sess[57,2]	1.495	0.001346	0.3057	0.305	0.9286	1.483	2.135	50680.0	30930.0	0.1535	1.0
beta1t_sess[58,1]	1.74	0.00521	0.9924	0.7858	0.5076	1.515	4.269	37370.0	31580.0	0.1132	1.0
beta1t_sess[58,2]	1.706	0.003805	0.7604	0.6604	0.6429	1.568	3.537	40600.0	29790.0	0.1229	1.0
beta1t_sess[59,1]	1.15	0.00187	0.3651	0.3613	0.5228	1.119	1.941	37490.0	30040.0	0.1135	1.0
beta1t_sess[59,2]	1.354	0.001994	0.3986	0.3887	0.6693	1.317	2.227	39390.0	29360.0	0.1193	1.0
beta1t_sess[60,1]	2.507	0.002153	0.4872	0.4866	1.583	2.498	3.491	50680.0	31150.0	0.1535	1.0
beta1t_sess[60,2]	2.56	0.002883	0.5522	0.5518	1.559	2.529	3.716	35870.0	29660.0	0.1086	1.0
beta1t_sess[61,1]	0.8867	0.001317	0.2819	0.2796	0.4059	0.8623	1.499	44370.0	29040.0	0.1343	1.0
beta1t_sess[61,2]	1.221	0.001813	0.3653	0.3616	0.5929	1.19	2.012	39830.0	29670.0	0.1206	1.0
beta1t_sess[62,1]	1.194	0.001783	0.4051	0.4014	0.5101	1.157	2.081	49390.0	27690.0	0.1495	1.0
beta1t_sess[62,2]	1.479	0.002565	0.5195	0.4955	0.651	1.417	2.674	40200.0	29250.0	0.1217	1.0
beta1t_sess[63,1]	2.151	0.002816	0.5543	0.5552	1.147	2.122	3.305	38350.0	29040.0	0.1161	1.0
beta1t_sess[63,2]	1.985	0.002229	0.4415	0.4407	1.173	1.967	2.897	38820.0	28450.0	0.1175	1.0
beta1t_sess[64,1]	4.063	0.003906	0.8994	0.8925	2.393	4.029	5.912	52400.0	30850.0	0.1587	1.0
beta1t_sess[64,2]	3.686	0.01126	1.565	1.254	1.608	3.38	7.627	23700.0	20760.0	0.07177	1.0
beta1t_sess[65,1]	1.213	0.003295	0.5624	0.4774	0.439	1.109	2.578	30770.0	29980.0	0.09315	1.0
beta1t_sess[65,2]	1.43	0.002723	0.5182	0.4913	0.6148	1.364	2.613	34190.0	29100.0	0.1035	1.0
beta1t_sess[66,1]	1.245	0.002451	0.469	0.4531	0.5066	1.186	2.317	35990.0	28070.0	0.109	1.0
beta1t_sess[66,2]	1.698	0.002677	0.5232	0.5215	0.7997	1.654	2.826	37300.0	27810.0	0.1129	1.0
beta1t_sess[67,1]	2.476	0.02272	2.755	1.064	0.5362	1.758	9.296	22660.0	16570.0	0.06861	1.0
beta1t_sess[67,2]	1.757	0.006165	0.9361	0.681	0.6276	1.552	4.126	28630.0	22780.0	0.0867	1.0
beta1t_sess[68,1]	1.67	0.004468	0.8615	0.7236	0.5361	1.492	3.822	38730.0	30860.0	0.1173	1.0
beta1t_sess[68,2]	1.743	0.003446	0.7113	0.6483	0.6995	1.633	3.446	42970.0	31270.0	0.1301	1.0
beta1t_sess[69,1]	2.678	0.005042	0.9763	0.9017	1.153	2.544	4.967	37270.0	27790.0	0.1128	1.0
beta1t_sess[69,2]	2.791	0.003151	0.7067	0.7004	1.522	2.752	4.283	48770.0	29570.0	0.1477	1.0
beta1t_sess[70,1]	1.641	0.002077	0.4564	0.4544	0.836	1.611	2.62	46810.0	28370.0	0.1417	1.0
beta1t_sess[70,2]	2.14	0.002816	0.522	0.5261	1.195	2.115	3.227	34150.0	29070.0	0.1034	1.0
beta1t_sess[71,1]	1.101	0.00146	0.3448	0.338	0.5186	1.07	1.854	54390.0	29950.0	0.1647	1.0
beta1t_sess[71,2]	1.397	0.002357	0.4676	0.441	0.6563	1.341	2.479	39520.0	30410.0	0.1197	1.0
beta1t_sess[72,1]	1.112	0.00301	0.5126	0.4392	0.4022	1.018	2.36	30290.0	30700.0	0.0917	1.0
beta1t_sess[72,2]	1.461	0.00238	0.4952	0.478	0.6529	1.406	2.575	42520.0	29530.0	0.1287	1.0
beta1t_sess[73,1]	1.821	0.003401	0.5937	0.5971	0.7764	1.784	3.08	29470.0	27160.0	0.08922	1.0
beta1t_sess[73,2]	1.44	0.002008	0.3971	0.3973	0.7407	1.416	2.288	38470.0	28610.0	0.1165	1.0
beta1t_sess[74,1]	2.519	0.00269	0.6028	0.6102	1.403	2.497	3.761	49120.0	28520.0	0.1487	1.0
beta1t_sess[74,2]	1.999	0.002533	0.5035	0.4939	1.122	1.958	3.08	38360.0	29210.0	0.1161	1.0
beta1t_sess[75,1]	0.8895	0.001726	0.3607	0.341	0.3415	0.839	1.737	43900.0	30170.0	0.1329	1.0
beta1t_sess[75,2]	1.339	0.003508	0.6036	0.5072	0.518	1.228	2.807	31450.0	29000.0	0.09522	1.0
beta1t_sess[76,1]	2.264	0.002653	0.5692	0.57	1.237	2.236	3.45	44990.0	28200.0	0.1362	1.0
beta1t_sess[76,2]	2.861	0.002947	0.5992	0.5926	1.756	2.837	4.114	40690.0	27980.0	0.1232	1.0
beta1t_sess[77,1]	3.438	0.003668	0.7318	0.7226	2.092	3.41	4.968	39710.0	31660.0	0.1202	1.0
beta1t_sess[77,2]	2.675	0.003542	0.6654	0.6529	1.531	2.62	4.12	34690.0	26870.0	0.105	1.0
beta1t_sess[78,1]	2.95	0.004979	0.8218	0.7469	1.64	2.853	4.847	29130.0	26910.0	0.08819	1.0
beta1t_sess[78,2]	2.975	0.004394	0.7483	0.6859	1.784	2.881	4.707	30800.0	28330.0	0.09324	1.0
beta1t_sess[79,1]	1.687	0.001893	0.4079	0.403	0.9325	1.669	2.527	45390.0	29270.0	0.1374	1.0
beta1t_sess[79,2]	1.425	0.0017	0.3428	0.3389	0.8188	1.402	2.164	40070.0	30170.0	0.1213	1.0
beta1t_sess[80,1]	1.299	0.001412	0.3098	0.3101	0.727	1.287	1.94	46980.0	30010.0	0.1422	1.0
beta1t_sess[80,2]	1.63	0.001624	0.3427	0.3431	0.9916	1.619	2.338	43870.0	30260.0	0.1328	1.0
beta1t_sess[81,1]	1.878	0.002583	0.509	0.5129	0.9568	1.854	2.936	38510.0	30310.0	0.1166	1.0
beta1t_sess[81,2]	2.595	0.003729	0.6667	0.673	1.386	2.565	3.984	31570.0	26750.0	0.09558	1.0
beta1t_sess[82,1]	4.453	0.005122	1.004	1.004	2.612	4.414	6.535	38430.0	30210.0	0.1164	1.0
beta1t_sess[82,2]	3.346	0.004467	0.7639	0.7623	1.968	3.306	4.947	29660.0	29570.0	0.0898	1.0
beta1t_sess[83,1]	1.652	0.001979	0.4085	0.4065	0.9164	1.629	2.509	41400.0	29570.0	0.1253	1.0
beta1t_sess[83,2]	1.512	0.001672	0.3414	0.3423	0.887	1.496	2.215	40970.0	30080.0	0.1241	1.0
beta1t_sess[84,1]	2.065	0.002371	0.5107	0.509	1.095	2.052	3.094	45700.0	29180.0	0.1384	1.0
beta1t_sess[84,2]	2.295	0.004547	0.8129	0.7505	1.043	2.179	4.211	31900.0	28350.0	0.09659	1.0
beta1t_sess[85,1]	2.2	0.001921	0.4348	0.4295	1.372	2.189	3.087	50880.0	30980.0	0.1541	1.0
beta1t_sess[85,2]	2.717	0.004287	0.6728	0.6804	1.513	2.679	4.118	24430.0	25840.0	0.07397	1.0
beta1t_sess[86,1]	1.596	0.0025	0.4654	0.4676	0.7594	1.568	2.573	34160.0	29250.0	0.1034	1.0
beta1t_sess[86,2]	1.491	0.00202	0.3974	0.3954	0.7967	1.461	2.343	38110.0	29010.0	0.1154	1.0
beta1t_sess[87,1]	1.355	0.00235	0.5138	0.4901	0.5435	1.289	2.529	46970.0	29920.0	0.1422	1.0
beta1t_sess[87,2]	1.513	0.002584	0.5268	0.4965	0.6781	1.446	2.727	40720.0	30190.0	0.1233	1.0
beta1t_sess[88,1]	1.858	0.0055	1.023	0.8237	0.555	1.636	4.432	35370.0	31400.0	0.1071	1.0
beta1t_sess[88,2]	1.856	0.004293	0.8197	0.7076	0.7045	1.705	3.857	37320.0	29200.0	0.113	1.0
beta1t_sess[89,1]	2.38	0.002255	0.5007	0.495	1.438	2.368	3.399	48580.0	30860.0	0.1471	1.0
beta1t_sess[89,2]	2.675	0.003698	0.6602	0.6526	1.499	2.635	4.069	31120.0	25570.0	0.09423	1.0
beta1t_sess[90,1]	5.454	0.005598	1.101	1.099	3.412	5.407	7.739	38410.0	31380.0	0.1163	1.0
beta1t_sess[90,2]	4.119	0.005123	0.9315	0.9212	2.438	4.066	6.096	32660.0	26410.0	0.0989	1.0
beta1t_sess[91,1]	0.7298	0.002117	0.3364	0.2766	0.2723	0.6671	1.559	27220.0	27670.0	0.08242	1.0
beta1t_sess[91,2]	0.8784	0.001837	0.3158	0.2828	0.396	0.8343	1.629	31590.0	27580.0	0.09564	1.0
beta1t_sess[92,1]	1.628	0.001837	0.3898	0.385	0.9295	1.607	2.465	44410.0	29830.0	0.1345	1.0
beta1t_sess[92,2]	1.902	0.001958	0.4019	0.3997	1.162	1.886	2.739	41390.0	29310.0	0.1253	1.0
beta1t_sess[93,1]	2.849	0.00221	0.5237	0.5089	1.908	2.822	3.965	55970.0	32160.0	0.1695	1.0
beta1t_sess[93,2]	3.618	0.003703	0.7383	0.7072	2.366	3.55	5.257	39720.0	31560.0	0.1203	1.0
beta1t_sess[94,1]	2.174	0.001723	0.4222	0.4161	1.386	2.157	3.046	58850.0	29750.0	0.1782	1.0
beta1t_sess[94,2]	1.475	0.002285	0.3767	0.3564	0.836	1.443	2.314	28160.0	27800.0	0.08527	1.0
beta1t_sess[95,1]	2.237	0.002203	0.4572	0.4562	1.375	2.225	3.165	42620.0	30300.0	0.129	1.0
beta1t_sess[95,2]	2.192	0.002471	0.4544	0.4554	1.36	2.172	3.127	33220.0	28900.0	0.1006	1.0
beta1t_sess[96,1]	1.574	0.001948	0.4303	0.4308	0.8051	1.552	2.472	47330.0	29030.0	0.1433	1.0
beta1t_sess[96,2]	2.139	0.003422	0.6381	0.633	1.059	2.083	3.521	33630.0	26630.0	0.1018	1.0
beta1t_sess[97,1]	4.335	0.006363	1.05	1.054	2.359	4.31	6.455	27020.0	28070.0	0.08181	1.0
beta1t_sess[97,2]	2.682	0.002252	0.5055	0.5015	1.752	2.663	3.74	50060.0	30670.0	0.1516	1.0
beta1t_sess[98,1]	1.126	0.001765	0.3741	0.3687	0.4933	1.094	1.952	43060.0	28160.0	0.1304	1.0
beta1t_sess[98,2]	1.235	0.001553	0.334	0.3308	0.6441	1.212	1.954	44800.0	28750.0	0.1356	1.0
beta1t_sess[99,1]	2.265	0.002526	0.5229	0.5135	1.336	2.234	3.387	42480.0	28070.0	0.1286	1.0
beta1t_sess[99,2]	2.183	0.001923	0.4254	0.4216	1.413	2.161	3.081	47840.0	28980.0	0.1448	1.0
beta1t_sess[100,1]	2.599	0.002355	0.5094	0.5121	1.652	2.581	3.642	46110.0	30520.0	0.1396	1.0
beta1t_sess[100,2]	2.825	0.002478	0.5207	0.5169	1.876	2.799	3.908	43230.0	28020.0	0.1309	1.0
beta1t_sess[101,1]	2.134	0.001611	0.398	0.3952	1.389	2.123	2.949	59490.0	28640.0	0.1801	1.0
beta1t_sess[101,2]	1.949	0.002537	0.4494	0.4485	1.133	1.928	2.895	30790.0	25640.0	0.09323	1.0
beta1t_sess[102,1]	1.215	0.002242	0.4838	0.4698	0.455	1.155	2.322	43910.0	27370.0	0.1329	1.0
beta1t_sess[102,2]	1.057	0.001536	0.3313	0.3226	0.5089	1.023	1.798	45990.0	29650.0	0.1392	1.0
beta1t_sess[103,1]	1.832	0.002311	0.4776	0.4614	0.997	1.797	2.867	42530.0	30260.0	0.1288	1.0
beta1t_sess[103,2]	1.46	0.001847	0.3578	0.355	0.8267	1.437	2.228	37630.0	30850.0	0.1139	1.0
beta1t_sess[104,1]	2.102	0.002293	0.4842	0.4854	1.201	2.088	3.09	43640.0	28730.0	0.1321	1.0
beta1t_sess[104,2]	2.229	0.002226	0.4579	0.4543	1.395	2.206	3.193	41290.0	28460.0	0.125	1.0
beta1t_sess[105,1]	1.17	0.001236	0.2718	0.2699	0.6744	1.157	1.738	47530.0	32720.0	0.1439	1.0
beta1t_sess[105,2]	1.748	0.002066	0.3932	0.3877	1.041	1.729	2.581	35840.0	29400.0	0.1085	1.0
beta1t_sess[106,1]	1.235	0.002099	0.4149	0.4094	0.5393	1.198	2.148	38100.0	27740.0	0.1154	1.0
beta1t_sess[106,2]	1.539	0.002276	0.4442	0.4407	0.7656	1.506	2.495	37610.0	30240.0	0.1139	1.0
beta1t_sess[107,1]	1.941	0.00296	0.5591	0.5596	0.9371	1.908	3.118	35130.0	28850.0	0.1064	1.0
beta1t_sess[107,2]	1.808	0.002609	0.4754	0.476	0.9605	1.782	2.816	32800.0	27870.0	0.0993	1.0
beta1t_sess[108,1]	2.576	0.003662	0.6911	0.6938	1.323	2.544	4.016	35470.0	27930.0	0.1074	1.0
beta1t_sess[108,2]	1.933	0.002205	0.4476	0.4468	1.117	1.911	2.859	40460.0	28370.0	0.1225	1.0
beta1t_sess[109,1]	1.555	0.001915	0.4092	0.4095	0.8194	1.532	2.419	44390.0	30050.0	0.1344	1.0
beta1t_sess[109,2]	2.024	0.00269	0.509	0.5108	1.114	1.993	3.1	34900.0	27090.0	0.1057	1.0
beta1t_sess[110,1]	2.342	0.002968	0.5827	0.5853	1.264	2.326	3.532	38300.0	29060.0	0.116	1.0
beta1t_sess[110,2]	2.585	0.003593	0.682	0.6677	1.381	2.539	4.06	35290.0	26980.0	0.1068	1.0
beta1t_sess[111,1]	1.467	0.003459	0.6098	0.5475	0.5794	1.369	2.935	30710.0	30630.0	0.09298	1.0
beta1t_sess[111,2]	1.916	0.002269	0.536	0.5317	0.9702	1.882	3.064	54200.0	30040.0	0.1641	1.0
beta1t_sess[112,1]	1.627	0.002483	0.5208	0.5174	0.7275	1.586	2.758	42570.0	30200.0	0.1289	1.0
beta1t_sess[112,2]	1.688	0.002582	0.5052	0.4932	0.8378	1.641	2.803	37600.0	29480.0	0.1138	1.0
beta1t_sess[113,1]	1.39	0.001753	0.3736	0.3763	0.7022	1.376	2.159	44160.0	27180.0	0.1337	1.0
beta1t_sess[113,2]	1.156	0.001472	0.3028	0.2973	0.6291	1.133	1.817	41490.0	27950.0	0.1256	1.0
beta1t_sess[114,1]	2.564	0.003952	0.7313	0.7251	1.252	2.526	4.114	33390.0	26870.0	0.1011	1.0
beta1t_sess[114,2]	2.786	0.003395	0.6645	0.6613	1.571	2.758	4.175	37460.0	26980.0	0.1134	1.0
beta1t_sess[115,1]	2.272	0.003062	0.6122	0.5984	1.197	2.227	3.588	39520.0	30520.0	0.1197	1.0
beta1t_sess[115,2]	2.306	0.003821	0.6502	0.6214	1.225	2.242	3.778	28950.0	28120.0	0.08764	1.0
beta1t_sess[116,1]	2.659	0.001909	0.4383	0.4361	1.831	2.648	3.555	52410.0	34060.0	0.1587	1.0
beta1t_sess[116,2]	4.037	0.003113	0.6524	0.6454	2.83	4.013	5.376	43420.0	30350.0	0.1315	1.0
beta1t_sess[117,1]	2.487	0.003205	0.6186	0.6213	1.335	2.47	3.754	36940.0	29640.0	0.1118	1.0
beta1t_sess[117,2]	2.06	0.002792	0.5258	0.5219	1.136	2.025	3.185	34800.0	29670.0	0.1054	1.0
beta1t_sess[118,1]	3.321	0.003979	0.735	0.7363	1.966	3.295	4.83	34090.0	31110.0	0.1032	1.0
beta1t_sess[118,2]	3.484	0.004363	0.8227	0.8076	2.045	3.424	5.256	35020.0	28530.0	0.106	1.0
beta1t_sess[119,1]	2.867	0.002246	0.5355	0.531	1.88	2.844	3.974	56020.0	30080.0	0.1696	1.0
beta1t_sess[119,2]	2.395	0.001997	0.4135	0.4065	1.619	2.385	3.245	42380.0	29090.0	0.1283	1.0
beta1t_sess[120,1]	2.264	0.002	0.4499	0.4518	1.415	2.249	3.182	49590.0	29210.0	0.1501	1.0
beta1t_sess[120,2]	2.15	0.002552	0.4706	0.4639	1.303	2.122	3.147	33250.0	27000.0	0.1007	1.0
beta1t_sess[121,1]	1.454	0.001773	0.3991	0.3969	0.7297	1.432	2.299	48780.0	28730.0	0.1477	1.0
beta1t_sess[121,2]	1.279	0.001881	0.374	0.3674	0.6511	1.246	2.102	39040.0	29810.0	0.1182	1.0
beta1t_sess[122,1]	3.193	0.005927	0.9931	0.9912	1.458	3.125	5.3	28050.0	27960.0	0.08493	1.0
beta1t_sess[122,2]	2.142	0.002581	0.5519	0.5511	1.16	2.11	3.309	44880.0	29140.0	0.1359	1.0
beta1t_sess[123,1]	1.268	0.002177	0.4772	0.4651	0.5101	1.212	2.342	45410.0	27840.0	0.1375	1.0
beta1t_sess[123,2]	1.377	0.001843	0.4187	0.4162	0.6595	1.342	2.281	48850.0	28120.0	0.1479	1.0
beta1t_sess[124,1]	1.526	0.002217	0.4197	0.427	0.7596	1.513	2.388	35500.0	28540.0	0.1075	1.0
beta1t_sess[124,2]	1.51	0.001924	0.3832	0.3856	0.8247	1.487	2.314	38580.0	30160.0	0.1168	1.0
beta1t_sess[125,1]	2.39	0.002303	0.5037	0.5035	1.45	2.377	3.41	46970.0	29990.0	0.1422	1.0
beta1t_sess[125,2]	2.4	0.003029	0.5394	0.5365	1.414	2.375	3.526	31040.0	26410.0	0.09398	1.0
beta1t_sess[126,1]	2.433	0.002017	0.4723	0.4689	1.546	2.418	3.401	53980.0	31430.0	0.1634	1.0
beta1t_sess[126,2]	2.847	0.003449	0.6127	0.6123	1.724	2.82	4.129	30930.0	27140.0	0.09364	1.0
beta1t_sess[127,1]	2.114	0.001859	0.4282	0.4281	1.302	2.101	2.983	52370.0	31170.0	0.1586	1.0
beta1t_sess[127,2]	2.374	0.002931	0.522	0.5241	1.426	2.352	3.456	31480.0	28530.0	0.0953	1.0
beta1t_sess[128,1]	1.317	0.001613	0.3239	0.3252	0.7188	1.306	1.986	39660.0	28750.0	0.1201	1.0
beta1t_sess[128,2]	1.725	0.002058	0.3841	0.3849	1.014	1.712	2.515	34360.0	29390.0	0.104	1.0
beta1t_sess[129,1]	1.552	0.001696	0.3756	0.3717	0.8844	1.529	2.348	48160.0	30830.0	0.1458	1.0
beta1t_sess[129,2]	2.011	0.00229	0.4446	0.4422	1.207	1.987	2.949	36920.0	27250.0	0.1118	1.0
beta1t_sess[130,1]	0.8846	0.002536	0.4313	0.3626	0.3062	0.7995	1.961	29810.0	31690.0	0.09026	1.0
beta1t_sess[130,2]	1.077	0.002242	0.4257	0.3905	0.4353	1.012	2.082	37890.0	30670.0	0.1147	1.0
beta1t_sess[131,1]	0.6635	0.001446	0.2714	0.2493	0.2583	0.6246	1.291	35560.0	29530.0	0.1077	1.0
beta1t_sess[131,2]	0.7969	0.001345	0.2621	0.2492	0.3674	0.7686	1.382	38660.0	30100.0	0.1171	1.0
beta1t_sess[132,1]	1.285	0.002099	0.4009	0.404	0.5818	1.257	2.138	35670.0	28240.0	0.108	1.0
beta1t_sess[132,2]	1.164	0.001474	0.3109	0.3068	0.6143	1.143	1.83	43180.0	29190.0	0.1307	1.0
beta1t_sess[133,1]	0.6125	0.001497	0.2709	0.2476	0.2187	0.5685	1.263	32870.0	30420.0	0.09951	1.0
beta1t_sess[133,2]	0.6917	0.001407	0.2561	0.2406	0.2979	0.6572	1.294	33960.0	31020.0	0.1028	1.0
beta1t_sess[134,1]	2.742	0.004254	0.7052	0.7205	1.423	2.723	4.17	27300.0	26540.0	0.08267	1.0
beta1t_sess[134,2]	2.478	0.002398	0.5061	0.5024	1.531	2.459	3.524	43730.0	27420.0	0.1324	1.0
beta1t_sess[135,1]	2.051	0.003645	0.6526	0.6575	0.9026	2.009	3.426	31200.0	27250.0	0.09446	1.0
beta1t_sess[135,2]	1.569	0.002148	0.4408	0.4373	0.7994	1.539	2.516	41310.0	29970.0	0.1251	1.0
beta1t_sess[136,1]	2.674	0.002825	0.6082	0.6073	1.548	2.656	3.931	45740.0	30410.0	0.1385	1.0
beta1t_sess[136,2]	3.29	0.003502	0.7053	0.709	2.008	3.259	4.757	39760.0	28460.0	0.1204	1.0
beta1t_sess[137,1]	3.151	0.003334	0.6588	0.654	1.893	3.137	4.476	38720.0	30710.0	0.1172	1.0
beta1t_sess[137,2]	2.284	0.003015	0.5516	0.5434	1.305	2.248	3.465	32930.0	28170.0	0.09969	1.0
beta1t_sess[138,1]	3.044	0.004361	0.8497	0.8462	1.528	2.99	4.846	37820.0	29660.0	0.1145	1.0
beta1t_sess[138,2]	3.168	0.004177	0.8241	0.8256	1.706	3.118	4.906	38010.0	27360.0	0.1151	1.0
beta1t_sess[139,1]	1.042	0.001415	0.3098	0.3089	0.4993	1.021	1.702	46640.0	29460.0	0.1412	1.0
beta1t_sess[139,2]	1.711	0.003463	0.6091	0.5742	0.7584	1.629	3.133	30550.0	29400.0	0.0925	1.0
beta1t_sess[140,1]	3.736	0.002887	0.6305	0.6276	2.551	3.722	5.023	47590.0	31900.0	0.1441	1.0
beta1t_sess[140,2]	3.586	0.003232	0.6629	0.6563	2.376	3.553	4.975	41130.0	29090.0	0.1245	1.0
beta1t_sess[141,1]	1.339	0.00189	0.4276	0.4235	0.6078	1.302	2.274	49060.0	28400.0	0.1486	1.0
beta1t_sess[141,2]	1.678	0.002116	0.4367	0.4332	0.8921	1.654	2.598	41630.0	30370.0	0.1261	1.0
beta2_sess[1,1]	6.726	0.004502	1.033	1.023	4.84	6.681	8.88	51650.0	28260.0	0.1564	1.0
beta2_sess[1,2]	7.454	0.004492	1.125	1.107	5.404	7.399	9.837	62430.0	28610.0	0.189	1.0
beta2_sess[2,1]	9.302	0.006102	1.307	1.278	6.971	9.222	12.13	45820.0	33060.0	0.1387	1.0
beta2_sess[2,2]	3.43	0.003939	0.7459	0.7252	2.115	3.378	5.024	35610.0	32270.0	0.1078	1.0
beta2_sess[3,1]	7.553	0.004719	1.261	1.222	5.381	7.457	10.33	75310.0	29350.0	0.228	1.0
beta2_sess[3,2]	10.23	0.01021	2.17	2.052	6.728	9.977	15.17	49050.0	29430.0	0.1485	1.0
beta2_sess[4,1]	3.664	0.002947	0.6612	0.6562	2.476	3.629	5.052	49970.0	32580.0	0.1513	1.0
beta2_sess[4,2]	7.257	0.004326	1.038	1.03	5.344	7.215	9.419	57000.0	34350.0	0.1726	1.0
beta2_sess[5,1]	4.193	0.003174	0.733	0.7307	2.848	4.164	5.716	52350.0	29850.0	0.1585	1.0
beta2_sess[5,2]	4.297	0.002977	0.7613	0.7519	2.947	4.249	5.927	64440.0	30560.0	0.1951	1.0
beta2_sess[6,1]	6.108	0.003722	0.9251	0.9103	4.425	6.056	8.071	61420.0	30800.0	0.186	1.0
beta2_sess[6,2]	6.11	0.004195	0.9996	0.983	4.351	6.043	8.243	58900.0	30770.0	0.1783	1.0
beta2_sess[7,1]	24.51	0.01634	3.638	3.487	18.24	24.2	32.57	50610.0	31310.0	0.1532	1.0
beta2_sess[7,2]	17.94	0.02288	4.856	4.228	10.97	17.08	29.74	56780.0	28380.0	0.1719	1.0
beta2_sess[8,1]	6.978	0.004633	1.138	1.109	4.996	6.887	9.456	62610.0	32730.0	0.1896	1.0
beta2_sess[8,2]	4.196	0.002868	0.7119	0.7048	2.923	4.154	5.717	61290.0	33120.0	0.1856	1.0
beta2_sess[9,1]	7.806	0.004162	1.122	1.106	5.799	7.741	10.18	73950.0	29010.0	0.2239	1.0
beta2_sess[9,2]	10.05	0.008844	1.908	1.821	6.883	9.846	14.37	50320.0	31190.0	0.1524	1.0
beta2_sess[10,1]	6.592	0.003949	0.9756	0.9737	4.815	6.543	8.61	60100.0	30850.0	0.182	1.0
beta2_sess[10,2]	5.23	0.003443	0.835	0.8407	3.693	5.194	6.97	58090.0	31400.0	0.1759	1.0
beta2_sess[11,1]	5.33	0.004562	1.06	1.005	3.539	5.228	7.704	55790.0	30430.0	0.1689	1.0
beta2_sess[11,2]	4.694	0.004147	0.9603	0.9168	3.105	4.594	6.861	56620.0	29750.0	0.1714	1.0
beta2_sess[12,1]	4.355	0.01134	1.661	1.475	1.969	4.077	8.331	20470.0	24930.0	0.06199	1.0
beta2_sess[12,2]	7.085	0.005818	1.186	1.158	4.952	7.025	9.593	42300.0	31660.0	0.1281	1.0
beta2_sess[13,1]	3.452	0.00468	0.8382	0.7996	2.042	3.373	5.314	33570.0	30640.0	0.1016	1.0
beta2_sess[13,2]	12.3	0.01008	2.19	2.141	8.543	12.12	17.11	47660.0	35500.0	0.1443	1.0
beta2_sess[14,1]	8.481	0.006368	1.515	1.46	5.888	8.351	11.81	57220.0	28510.0	0.1732	1.0
beta2_sess[14,2]	6.646	0.00359	0.9913	0.9776	4.865	6.592	8.757	76920.0	28420.0	0.2329	1.0
beta2_sess[15,1]	6.636	0.003504	0.9085	0.9001	4.996	6.586	8.562	67560.0	30460.0	0.2046	1.0
beta2_sess[15,2]	5.943	0.004112	0.9242	0.913	4.265	5.894	7.885	49990.0	31240.0	0.1513	1.0
beta2_sess[16,1]	8.206	0.005127	1.279	1.266	5.962	8.116	10.96	63240.0	31630.0	0.1915	1.0
beta2_sess[16,2]	8.974	0.007433	1.634	1.526	6.281	8.804	12.71	54570.0	30500.0	0.1652	1.0
beta2_sess[17,1]	2.765	0.001997	0.4917	0.4849	1.876	2.739	3.804	59860.0	32590.0	0.1812	1.0
beta2_sess[17,2]	3.76	0.003359	0.7769	0.7746	2.377	3.717	5.401	52270.0	30860.0	0.1583	1.0
beta2_sess[18,1]	8.18	0.004492	1.213	1.184	6.009	8.106	10.78	74390.0	30630.0	0.2252	1.0
beta2_sess[18,2]	12.52	0.00715	1.916	1.848	9.18	12.38	16.69	75970.0	32060.0	0.23	1.0
beta2_sess[19,1]	5.87	0.004092	0.9481	0.9214	4.203	5.808	7.919	54150.0	30490.0	0.164	1.0
beta2_sess[19,2]	5.658	0.003515	0.8941	0.8807	4.056	5.607	7.539	65290.0	29090.0	0.1977	1.0
beta2_sess[20,1]	8.902	0.004749	1.335	1.317	6.523	8.821	11.74	80840.0	28440.0	0.2448	1.0
beta2_sess[20,2]	10.88	0.0154	2.722	2.422	6.848	10.46	17.33	34220.0	30090.0	0.1036	1.0
beta2_sess[21,1]	7.384	0.004683	1.162	1.136	5.377	7.288	9.908	64650.0	30460.0	0.1957	1.0
beta2_sess[21,2]	8.648	0.006742	1.562	1.481	6.041	8.494	12.16	57330.0	30730.0	0.1736	1.0
beta2_sess[22,1]	3.167	0.002079	0.5521	0.5453	2.16	3.14	4.335	68430.0	30070.0	0.2072	1.0
beta2_sess[22,2]	2.737	0.003834	0.6834	0.6565	1.604	2.67	4.26	32620.0	30270.0	0.09877	1.0
beta2_sess[23,1]	5.891	0.003348	0.8622	0.8569	4.31	5.854	7.709	65760.0	32280.0	0.1991	1.0
beta2_sess[23,2]	3.79	0.003255	0.7327	0.6977	2.549	3.723	5.416	51810.0	32930.0	0.1569	1.0
beta2_sess[24,1]	2.861	0.002639	0.5884	0.5744	1.81	2.827	4.129	50090.0	28660.0	0.1516	1.0
beta2_sess[24,2]	4.316	0.003091	0.7624	0.7521	2.902	4.293	5.9	59040.0	28220.0	0.1787	0.9999
beta2_sess[25,1]	2.272	0.004943	0.8226	0.7306	1.047	2.153	4.197	32490.0	25090.0	0.09837	1.0
beta2_sess[25,2]	2.523	0.005442	0.8272	0.6989	1.287	2.419	4.368	33100.0	21500.0	0.1002	1.0
beta2_sess[26,1]	10.86	0.01057	2.306	2.152	7.192	10.59	16.13	51950.0	33990.0	0.1573	1.0
beta2_sess[26,2]	7.087	0.004448	1.182	1.151	5.041	6.995	9.669	73170.0	31280.0	0.2215	1.0
beta2_sess[27,1]	4.794	0.004768	1.072	1.019	3.034	4.676	7.213	53760.0	29740.0	0.1628	1.0
beta2_sess[27,2]	4.588	0.004592	1.052	0.9808	2.914	4.451	7.026	59240.0	29100.0	0.1794	1.0
beta2_sess[28,1]	4.465	0.002661	0.6804	0.6767	3.201	4.436	5.873	64120.0	28220.0	0.1941	1.0
beta2_sess[28,2]	6.075	0.003889	0.9595	0.949	4.339	6.024	8.09	60580.0	32240.0	0.1834	1.0
beta2_sess[29,1]	4.075	0.002731	0.658	0.6525	2.883	4.044	5.445	57150.0	33990.0	0.173	1.0
beta2_sess[29,2]	6.887	0.004108	1.06	1.043	4.974	6.829	9.122	66070.0	32760.0	0.2	1.0
beta2_sess[30,1]	6.67	0.00416	1.037	1.022	4.853	6.596	8.893	63110.0	30060.0	0.1911	1.0
beta2_sess[30,2]	7.608	0.005731	1.338	1.294	5.31	7.495	10.54	55590.0	30650.0	0.1683	1.0
beta2_sess[31,1]	3.979	0.003427	0.7325	0.7234	2.657	3.941	5.523	44850.0	27520.0	0.1358	1.0
beta2_sess[31,2]	4.167	0.002532	0.6645	0.6633	2.978	4.132	5.566	68120.0	28800.0	0.2063	1.0
beta2_sess[32,1]	6.603	0.004128	0.9991	0.9868	4.816	6.542	8.732	58410.0	29660.0	0.1768	1.0
beta2_sess[32,2]	6.442	0.003639	0.9371	0.9277	4.762	6.391	8.44	67380.0	30070.0	0.204	1.0
beta2_sess[33,1]	2.067	0.00158	0.3879	0.387	1.363	2.05	2.873	61700.0	31170.0	0.1868	1.0
beta2_sess[33,2]	3.551	0.002872	0.669	0.6674	2.348	3.512	4.964	53670.0	33060.0	0.1625	1.0
beta2_sess[34,1]	5.951	0.003415	0.9186	0.9072	4.318	5.895	7.918	73560.0	29570.0	0.2227	1.0
beta2_sess[34,2]	7.92	0.007419	1.539	1.433	5.375	7.752	11.43	46770.0	30220.0	0.1416	1.0
beta2_sess[35,1]	2.649	0.002917	0.6444	0.6384	1.504	2.605	4.026	47850.0	27530.0	0.1449	1.0
beta2_sess[35,2]	2.459	0.002369	0.5764	0.5667	1.438	2.423	3.687	58830.0	29490.0	0.1781	1.0
beta2_sess[36,1]	4.912	0.003878	0.8125	0.8073	3.437	4.879	6.608	43280.0	30620.0	0.131	1.0
beta2_sess[36,2]	4.579	0.002382	0.6525	0.6465	3.389	4.55	5.946	75120.0	31320.0	0.2274	1.0
beta2_sess[37,1]	9.053	0.006836	1.656	1.585	6.261	8.896	12.74	62360.0	33090.0	0.1888	1.0
beta2_sess[37,2]	5.997	0.003731	0.9954	0.967	4.235	5.931	8.14	73340.0	31600.0	0.222	1.0
beta2_sess[38,1]	6.639	0.004901	1.15	1.129	4.61	6.563	9.125	54960.0	30520.0	0.1664	1.0
beta2_sess[38,2]	5.615	0.003407	0.8878	0.8757	4.03	5.558	7.511	68770.0	31200.0	0.2082	1.0
beta2_sess[39,1]	3.315	0.005098	1.022	0.9951	1.643	3.207	5.602	38930.0	29870.0	0.1179	1.0
beta2_sess[39,2]	5.328	0.005493	1.317	1.296	3.004	5.238	8.167	55560.0	31810.0	0.1682	1.0
beta2_sess[40,1]	3.613	0.002394	0.5933	0.5926	2.537	3.581	4.846	60990.0	29990.0	0.1847	1.0
beta2_sess[40,2]	5.738	0.005463	1.172	1.089	3.85	5.602	8.435	50310.0	29750.0	0.1523	1.0
beta2_sess[41,1]	5.182	0.003575	0.9338	0.9167	3.566	5.113	7.223	68760.0	31980.0	0.2082	1.0
beta2_sess[41,2]	3.235	0.002268	0.5905	0.5875	2.169	3.205	4.475	67020.0	32860.0	0.2029	1.0
beta2_sess[42,1]	6.714	0.00464	1.042	1.012	4.873	6.648	8.946	51840.0	28970.0	0.157	1.0
beta2_sess[42,2]	6.757	0.003844	1.002	0.9882	4.939	6.696	8.879	67550.0	27660.0	0.2045	1.0
beta2_sess[43,1]	9.579	0.004967	1.316	1.295	7.193	9.507	12.37	70380.0	29720.0	0.2131	1.0
beta2_sess[43,2]	8.86	0.004967	1.31	1.3	6.472	8.799	11.59	69400.0	29650.0	0.2101	1.0
beta2_sess[44,1]	3.146	0.03346	1.878	1.555	0.965	2.657	7.858	2450.0	13530.0	0.007417	1.002
beta2_sess[44,2]	4.068	0.0485	2.492	2.213	1.262	3.386	10.1	2139.0	13430.0	0.006478	1.002
beta2_sess[45,1]	4.872	0.002811	0.7607	0.7515	3.478	4.844	6.429	72170.0	28540.0	0.2185	1.0
beta2_sess[45,2]	6.077	0.008131	1.469	1.372	3.599	5.943	9.362	33860.0	27920.0	0.1025	1.0
beta2_sess[46,1]	22.43	0.02126	4.877	4.556	14.65	21.84	33.69	54310.0	33360.0	0.1644	1.0
beta2_sess[46,2]	40.85	0.06269	13.0	11.11	22.32	38.66	72.54	52730.0	28310.0	0.1596	1.0
beta2_sess[47,1]	8.756	0.004961	1.088	1.09	6.736	8.72	10.98	47900.0	31920.0	0.145	1.0
beta2_sess[47,2]	19.79	0.01693	4.282	4.149	12.73	19.34	29.49	65930.0	31060.0	0.1996	1.0
beta2_sess[48,1]	12.22	0.01218	2.605	2.385	8.16	11.86	18.39	54170.0	28370.0	0.164	1.0
beta2_sess[48,2]	14.57	0.01539	3.331	3.084	9.375	14.12	22.37	51980.0	33060.0	0.1574	1.0
beta2_sess[49,1]	10.07	0.006488	1.565	1.522	7.325	9.958	13.47	58640.0	36000.0	0.1775	1.0
beta2_sess[49,2]	5.147	0.003837	0.8333	0.8268	3.628	5.101	6.893	47430.0	34890.0	0.1436	1.0
beta2_sess[50,1]	4.909	0.01125	2.199	1.913	1.855	4.513	10.27	39990.0	30510.0	0.1211	1.0
beta2_sess[50,2]	4.863	0.01031	2.127	1.873	1.84	4.521	9.962	43930.0	29940.0	0.133	1.0
beta2_sess[51,1]	3.484	0.003934	0.8683	0.8496	1.99	3.416	5.37	47680.0	29490.0	0.1444	1.0
beta2_sess[51,2]	2.775	0.002959	0.7042	0.6863	1.559	2.721	4.307	56550.0	30870.0	0.1712	1.0
beta2_sess[52,1]	3.719	0.002642	0.6743	0.6654	2.537	3.672	5.156	65510.0	29860.0	0.1983	1.0
beta2_sess[52,2]	2.72	0.001799	0.486	0.4776	1.854	2.69	3.755	72360.0	29810.0	0.2191	1.0
beta2_sess[53,1]	3.859	0.003536	0.8125	0.779	2.504	3.775	5.682	56060.0	29540.0	0.1697	1.0
beta2_sess[53,2]	4.506	0.003991	0.9658	0.9325	2.841	4.425	6.634	58450.0	30170.0	0.177	1.0
beta2_sess[54,1]	5.152	0.003584	0.7802	0.7776	3.707	5.122	6.762	46760.0	29720.0	0.1416	1.0
beta2_sess[54,2]	6.015	0.003305	0.8829	0.87	4.425	5.962	7.889	71270.0	29590.0	0.2158	1.0
beta2_sess[55,1]	8.921	0.01133	2.211	1.996	5.556	8.595	14.12	43200.0	30420.0	0.1308	1.0
beta2_sess[55,2]	6.482	0.004805	1.247	1.185	4.394	6.356	9.279	72980.0	31940.0	0.221	1.0
beta2_sess[56,1]	7.237	0.003965	1.086	1.062	5.279	7.179	9.546	75660.0	27980.0	0.2291	1.0
beta2_sess[56,2]	10.38	0.01023	2.06	1.874	7.118	10.13	15.2	47020.0	29450.0	0.1424	1.0
beta2_sess[57,1]	2.391	0.002032	0.4815	0.4785	1.536	2.361	3.411	55960.0	29710.0	0.1694	1.0
beta2_sess[57,2]	3.204	0.002319	0.6387	0.6278	2.096	3.154	4.576	76620.0	27910.0	0.232	1.0
beta2_sess[58,1]	3.852	0.01041	1.806	1.564	1.376	3.51	8.279	30060.0	29550.0	0.09101	1.0
beta2_sess[58,2]	3.423	0.009075	1.603	1.346	1.286	3.112	7.4	33060.0	30380.0	0.1001	1.0
beta2_sess[59,1]	3.624	0.00235	0.5848	0.5764	2.562	3.597	4.853	61250.0	29690.0	0.1855	0.9999
beta2_sess[59,2]	4.953	0.003941	0.9339	0.9059	3.359	4.871	7.013	57810.0	31030.0	0.175	1.0
beta2_sess[60,1]	6.803	0.003823	0.9963	0.9819	5.001	6.748	8.931	68090.0	30290.0	0.2061	1.0
beta2_sess[60,2]	6.003	0.004054	0.9792	0.9714	4.217	5.952	8.062	57630.0	28110.0	0.1745	1.0
beta2_sess[61,1]	6.075	0.003663	0.8856	0.8765	4.452	6.033	7.918	57790.0	29280.0	0.175	1.0
beta2_sess[61,2]	6.753	0.003759	0.9719	0.9645	4.969	6.714	8.786	65890.0	29930.0	0.1995	1.001
beta2_sess[62,1]	3.572	0.00314	0.6608	0.6597	2.371	3.54	4.945	43760.0	33040.0	0.1325	1.0
beta2_sess[62,2]	8.519	0.00572	1.339	1.313	6.154	8.422	11.36	54580.0	33730.0	0.1653	1.0
beta2_sess[63,1]	9.227	0.006947	1.771	1.712	6.264	9.057	13.17	68820.0	31910.0	0.2084	1.0
beta2_sess[63,2]	8.28	0.01047	1.923	1.701	5.394	7.991	12.8	39640.0	28580.0	0.12	1.0
beta2_sess[64,1]	9.854	0.00643	1.365	1.36	7.381	9.787	12.69	45110.0	36380.0	0.1366	1.0
beta2_sess[64,2]	32.94	0.04203	9.419	8.207	19.46	31.38	55.52	59300.0	30990.0	0.1795	1.0
beta2_sess[65,1]	2.341	0.006653	1.002	0.8509	0.9587	2.152	4.791	24150.0	26840.0	0.07312	1.0
beta2_sess[65,2]	2.39	0.004449	0.8634	0.7935	1.057	2.275	4.406	38930.0	28270.0	0.1179	1.0
beta2_sess[66,1]	4.071	0.006285	1.062	1.027	2.304	3.956	6.453	28280.0	29190.0	0.08561	1.0
beta2_sess[66,2]	6.284	0.003789	1.046	1.04	4.366	6.233	8.475	75570.0	28310.0	0.2288	1.0
beta2_sess[67,1]	5.329	0.01195	2.142	1.972	2.187	4.985	10.52	31290.0	27380.0	0.09474	1.0
beta2_sess[67,2]	5.003	0.006713	1.26	1.144	2.938	4.879	7.772	37010.0	29300.0	0.1121	1.0
beta2_sess[68,1]	3.969	0.00919	1.545	1.357	1.736	3.713	7.658	29280.0	29400.0	0.08865	1.0
beta2_sess[68,2]	5.275	0.00781	1.602	1.476	2.711	5.096	8.949	42720.0	30410.0	0.1293	1.0
beta2_sess[69,1]	9.79	0.0066	1.481	1.421	7.15	9.702	12.96	51730.0	31000.0	0.1566	1.0
beta2_sess[69,2]	7.888	0.004322	1.138	1.135	5.772	7.845	10.23	68880.0	31600.0	0.2086	1.0
beta2_sess[70,1]	3.71	0.003324	0.7081	0.7045	2.424	3.676	5.184	44160.0	29230.0	0.1337	1.0
beta2_sess[70,2]	5.006	0.002823	0.7953	0.7963	3.554	4.972	6.669	78420.0	28290.0	0.2374	1.0
beta2_sess[71,1]	2.838	0.001973	0.5095	0.5005	1.919	2.81	3.91	66490.0	31610.0	0.2013	1.0
beta2_sess[71,2]	5.211	0.004485	1.043	1.034	3.326	5.155	7.408	52910.0	31730.0	0.1602	1.0
beta2_sess[72,1]	3.643	0.005727	1.007	0.9423	1.982	3.535	5.901	33100.0	27570.0	0.1002	1.0
beta2_sess[72,2]	5.156	0.003971	0.9857	0.9648	3.41	5.096	7.237	62720.0	30770.0	0.1899	1.0
beta2_sess[73,1]	7.516	0.004058	1.039	1.022	5.636	7.46	9.706	65040.0	31660.0	0.1969	1.0
beta2_sess[73,2]	5.231	0.003135	0.7567	0.7498	3.849	5.194	6.814	58200.0	33050.0	0.1762	1.0
beta2_sess[74,1]	3.012	0.00313	0.725	0.7181	1.737	2.962	4.566	52140.0	28270.0	0.1579	1.0
beta2_sess[74,2]	2.493	0.002472	0.615	0.6082	1.405	2.453	3.809	59580.0	27150.0	0.1804	1.0
beta2_sess[75,1]	5.737	0.003546	0.7909	0.7818	4.267	5.71	7.379	49520.0	30990.0	0.1499	1.0
beta2_sess[75,2]	15.73	0.01213	2.813	2.675	11.09	15.45	22.07	55450.0	36490.0	0.1679	1.0
beta2_sess[76,1]	8.213	0.004411	1.144	1.142	6.135	8.153	10.6	67250.0	31410.0	0.2036	1.0
beta2_sess[76,2]	7.176	0.00398	1.067	1.057	5.269	7.12	9.457	71270.0	28850.0	0.2158	1.0
beta2_sess[77,1]	3.189	0.001937	0.5088	0.5031	2.26	3.163	4.257	68500.0	32540.0	0.2074	1.0
beta2_sess[77,2]	4.901	0.003657	0.8976	0.8562	3.39	4.821	6.914	64780.0	32000.0	0.1961	1.0
beta2_sess[78,1]	4.913	0.003691	0.957	0.9003	3.348	4.809	7.096	76230.0	30200.0	0.2308	1.0
beta2_sess[78,2]	6.861	0.01019	1.887	1.644	4.136	6.542	11.48	41090.0	27070.0	0.1244	1.0
beta2_sess[79,1]	10.38	0.01279	2.575	2.348	6.448	10.01	16.5	46240.0	30610.0	0.14	1.0
beta2_sess[79,2]	5.848	0.004924	1.244	1.186	3.809	5.716	8.658	69930.0	32080.0	0.2117	1.0
beta2_sess[80,1]	3.76	0.003145	0.6758	0.6747	2.554	3.72	5.185	45270.0	29030.0	0.1371	1.0
beta2_sess[80,2]	3.53	0.002119	0.5722	0.5684	2.493	3.503	4.733	71430.0	30970.0	0.2163	1.0
beta2_sess[81,1]	5.713	0.003002	0.7534	0.7385	4.335	5.676	7.294	62820.0	29760.0	0.1902	1.0
beta2_sess[81,2]	5.206	0.003441	0.7805	0.7686	3.776	5.166	6.85	50740.0	30190.0	0.1536	1.0
beta2_sess[82,1]	7.146	0.004466	1.046	1.046	5.227	7.102	9.324	54160.0	28900.0	0.164	1.0
beta2_sess[82,2]	8.318	0.004442	1.165	1.141	6.223	8.248	10.8	69850.0	29830.0	0.2115	1.0
beta2_sess[83,1]	2.903	0.00197	0.5069	0.5001	1.992	2.875	3.978	66190.0	30200.0	0.2004	1.0
beta2_sess[83,2]	3.856	0.002853	0.7281	0.7003	2.594	3.802	5.448	67370.0	28230.0	0.204	1.0
beta2_sess[84,1]	5.368	0.003733	0.8555	0.8534	3.796	5.332	7.145	52300.0	33200.0	0.1584	1.0
beta2_sess[84,2]	11.48	0.007288	1.802	1.771	8.308	11.35	15.36	61620.0	34730.0	0.1866	1.0
beta2_sess[85,1]	4.438	0.002992	0.729	0.7234	3.132	4.402	5.969	58330.0	27390.0	0.1766	1.0
beta2_sess[85,2]	4.29	0.0031	0.7253	0.7253	2.977	4.252	5.802	54110.0	31000.0	0.1638	1.0
beta2_sess[86,1]	3.974	0.003173	0.6824	0.6758	2.76	3.936	5.42	45790.0	32500.0	0.1386	1.0
beta2_sess[86,2]	6.597	0.004205	1.108	1.089	4.638	6.53	8.963	70610.0	32050.0	0.2138	1.0
beta2_sess[87,1]	4.584	0.00348	0.9228	0.9124	2.943	4.526	6.551	69370.0	31310.0	0.21	1.0
beta2_sess[87,2]	3.497	0.006127	1.141	1.096	1.672	3.36	6.103	32860.0	28920.0	0.09949	1.0
beta2_sess[88,1]	3.623	0.008377	1.576	1.374	1.406	3.349	7.441	36030.0	29820.0	0.1091	1.0
beta2_sess[88,2]	3.265	0.007846	1.458	1.238	1.264	2.997	6.912	35290.0	31600.0	0.1068	1.0
beta2_sess[89,1]	6.202	0.003938	0.964	0.9614	4.49	6.141	8.267	60240.0	31720.0	0.1824	1.0
beta2_sess[89,2]	5.236	0.003185	0.8214	0.8165	3.75	5.192	6.972	66110.0	31450.0	0.2002	1.0
beta2_sess[90,1]	8.082	0.004397	1.127	1.123	6.057	8.022	10.47	65780.0	30790.0	0.1992	1.0
beta2_sess[90,2]	7.69	0.005032	1.181	1.169	5.558	7.626	10.19	55060.0	32780.0	0.1667	1.0
beta2_sess[91,1]	2.91	0.006664	1.024	0.9542	1.392	2.746	5.329	23060.0	30190.0	0.06981	1.0
beta2_sess[91,2]	2.553	0.006081	0.9229	0.8007	1.251	2.37	4.804	23770.0	30760.0	0.07197	1.0
beta2_sess[92,1]	2.266	0.002295	0.4881	0.4725	1.409	2.231	3.323	46430.0	30430.0	0.1406	1.0
beta2_sess[92,2]	3.685	0.002625	0.6542	0.6566	2.515	3.652	5.069	61880.0	33780.0	0.1873	1.0
beta2_sess[93,1]	4.119	0.003578	0.8447	0.7976	2.727	4.025	6.024	59520.0	31340.0	0.1802	1.0
beta2_sess[93,2]	3.467	0.002405	0.6398	0.6245	2.355	3.418	4.858	74410.0	29910.0	0.2253	1.0
beta2_sess[94,1]	2.956	0.002309	0.571	0.561	1.95	2.916	4.188	60980.0	31300.0	0.1846	1.0
beta2_sess[94,2]	1.606	0.003903	0.5556	0.4538	0.8228	1.512	2.974	24210.0	21370.0	0.07331	1.0
beta2_sess[95,1]	3.792	0.002458	0.6073	0.6066	2.691	3.761	5.059	60490.0	29850.0	0.1831	1.0
beta2_sess[95,2]	3.882	0.002794	0.658	0.6532	2.702	3.844	5.273	55230.0	29440.0	0.1672	1.0
beta2_sess[96,1]	5.019	0.002933	0.7326	0.7276	3.671	4.985	6.538	62350.0	34830.0	0.1888	0.9999
beta2_sess[96,2]	8.759	0.005198	1.343	1.331	6.382	8.677	11.63	67340.0	33410.0	0.2039	0.9999
beta2_sess[97,1]	8.854	0.005511	1.375	1.346	6.434	8.763	11.82	63630.0	32310.0	0.1926	1.0
beta2_sess[97,2]	4.925	0.003962	0.933	0.8873	3.366	4.835	7.013	59210.0	34090.0	0.1793	1.0
beta2_sess[98,1]	3.841	0.002578	0.6605	0.6546	2.649	3.805	5.226	64590.0	31180.0	0.1956	1.0
beta2_sess[98,2]	2.534	0.001809	0.4644	0.4631	1.687	2.511	3.509	65290.0	31910.0	0.1977	1.0
beta2_sess[99,1]	5.342	0.007465	1.437	1.232	3.256	5.102	8.833	44760.0	26950.0	0.1355	1.0
beta2_sess[99,2]	4.142	0.003411	0.8773	0.8532	2.66	4.056	6.071	67590.0	27300.0	0.2047	1.0
beta2_sess[100,1]	3.648	0.002438	0.6008	0.5968	2.562	3.612	4.901	59620.0	31130.0	0.1805	1.0
beta2_sess[100,2]	5.003	0.003076	0.8076	0.8065	3.529	4.966	6.687	68370.0	30680.0	0.207	1.0
beta2_sess[101,1]	5.652	0.003771	0.9192	0.9052	4.019	5.598	7.605	59410.0	31160.0	0.1799	1.0
beta2_sess[101,2]	4.647	0.00286	0.7533	0.7417	3.278	4.607	6.227	68130.0	30870.0	0.2063	1.0
beta2_sess[102,1]	5.482	0.003658	0.9519	0.9453	3.742	5.435	7.479	66540.0	31250.0	0.2015	1.0
beta2_sess[102,2]	2.731	0.003278	0.6738	0.6533	1.564	2.675	4.193	41960.0	32570.0	0.1271	1.0
beta2_sess[103,1]	6.261	0.00879	1.699	1.489	3.796	5.982	10.42	44460.0	28470.0	0.1346	1.0
beta2_sess[103,2]	3.629	0.002386	0.6218	0.6102	2.524	3.59	4.961	68660.0	28440.0	0.2079	1.0
beta2_sess[104,1]	7.73	0.004555	1.182	1.158	5.59	7.669	10.23	66740.0	30080.0	0.2021	1.0
beta2_sess[104,2]	7.923	0.006188	1.424	1.366	5.513	7.784	11.11	55380.0	30140.0	0.1677	1.0
beta2_sess[105,1]	2.33	0.00164	0.4142	0.4118	1.584	2.306	3.202	63050.0	30590.0	0.1909	1.0
beta2_sess[105,2]	2.418	0.001683	0.4627	0.4545	1.59	2.395	3.405	74460.0	28470.0	0.2255	1.0
beta2_sess[106,1]	6.953	0.004264	1.064	1.051	5.005	6.896	9.187	60320.0	29490.0	0.1826	1.0
beta2_sess[106,2]	5.97	0.003489	0.9238	0.9114	4.311	5.913	7.924	67600.0	30390.0	0.2047	1.0
beta2_sess[107,1]	6.161	0.003274	0.8529	0.8494	4.615	6.122	7.94	68200.0	33320.0	0.2065	1.0
beta2_sess[107,2]	4.229	0.002772	0.656	0.6497	3.03	4.199	5.601	55310.0	31900.0	0.1675	1.0
beta2_sess[108,1]	6.742	0.003916	0.9842	0.9744	4.984	6.686	8.833	62950.0	29200.0	0.1906	1.0
beta2_sess[108,2]	6.5	0.004041	1.007	0.9917	4.706	6.443	8.662	62690.0	31020.0	0.1898	1.0
beta2_sess[109,1]	2.581	0.00216	0.5259	0.5208	1.638	2.553	3.686	57940.0	31610.0	0.1754	1.0
beta2_sess[109,2]	4.273	0.002788	0.762	0.7566	2.883	4.237	5.871	74070.0	30210.0	0.2243	1.0
beta2_sess[110,1]	6.073	0.003539	0.8527	0.8456	4.53	6.029	7.878	57450.0	29220.0	0.174	1.0
beta2_sess[110,2]	6.526	0.003705	0.9472	0.9379	4.819	6.476	8.528	64810.0	29180.0	0.1962	1.0
beta2_sess[111,1]	3.657	0.00948	1.464	1.282	1.59	3.388	7.202	24410.0	28440.0	0.07392	1.0
beta2_sess[111,2]	4.583	0.003783	0.9472	0.9467	2.855	4.538	6.552	61230.0	29030.0	0.1854	1.0
beta2_sess[112,1]	5.343	0.003691	0.8542	0.849	3.775	5.312	7.113	52970.0	31760.0	0.1604	1.0
beta2_sess[112,2]	7.48	0.006345	1.347	1.275	5.241	7.347	10.49	49290.0	30900.0	0.1492	1.0
beta2_sess[113,1]	4.413	0.002675	0.703	0.6975	3.124	4.38	5.884	67860.0	30260.0	0.2055	1.0
beta2_sess[113,2]	3.175	0.003905	0.7027	0.6902	1.947	3.122	4.693	31370.0	27590.0	0.09498	1.0
beta2_sess[114,1]	8.995	0.005362	1.331	1.313	6.616	8.916	11.82	61500.0	27290.0	0.1862	1.0
beta2_sess[114,2]	8.682	0.004524	1.208	1.198	6.505	8.616	11.23	71510.0	28950.0	0.2165	1.0
beta2_sess[115,1]	12.42	0.01966	3.555	3.199	7.172	11.87	20.98	37020.0	29100.0	0.1121	1.0
beta2_sess[115,2]	13.48	0.01744	3.619	3.247	8.08	12.92	22.06	51050.0	31460.0	0.1546	1.0
beta2_sess[116,1]	4.95	0.002922	0.7231	0.7209	3.633	4.917	6.451	60720.0	32990.0	0.1838	1.0
beta2_sess[116,2]	6.993	0.004169	1.06	1.046	5.092	6.934	9.238	65020.0	31820.0	0.1969	1.0
beta2_sess[117,1]	5.499	0.003127	0.8156	0.8139	4.017	5.46	7.208	67390.0	30920.0	0.204	1.0
beta2_sess[117,2]	4.127	0.00263	0.6246	0.6151	2.984	4.096	5.44	55970.0	31660.0	0.1695	1.0
beta2_sess[118,1]	3.851	0.002756	0.6369	0.6265	2.692	3.816	5.19	52310.0	30730.0	0.1584	1.0
beta2_sess[118,2]	4.689	0.00342	0.8075	0.7976	3.234	4.644	6.4	55150.0	30040.0	0.167	1.0
beta2_sess[119,1]	5.355	0.004598	1.036	1.015	3.587	5.267	7.634	51490.0	31000.0	0.1559	1.0
beta2_sess[119,2]	5.35	0.003774	0.9592	0.9402	3.68	5.28	7.419	65360.0	29410.0	0.1979	1.0
beta2_sess[120,1]	3.682	0.002596	0.6752	0.668	2.455	3.651	5.105	66300.0	29740.0	0.2007	1.0
beta2_sess[120,2]	3.46	0.004656	0.8094	0.8017	2.081	3.39	5.211	29620.0	30270.0	0.08968	1.0
beta2_sess[121,1]	3.638	0.003028	0.6596	0.6564	2.437	3.603	5.037	46030.0	29200.0	0.1394	1.0
beta2_sess[121,2]	4.349	0.0037	0.8062	0.7953	2.898	4.303	6.064	46620.0	31270.0	0.1412	1.0
beta2_sess[122,1]	5.457	0.003289	0.8004	0.7938	3.995	5.416	7.138	59010.0	31810.0	0.1787	1.0
beta2_sess[122,2]	7.21	0.00428	1.08	1.055	5.267	7.147	9.508	64860.0	29060.0	0.1964	1.0
beta2_sess[123,1]	11.83	0.00603	1.514	1.475	9.149	11.73	15.04	65320.0	33790.0	0.1978	1.0
beta2_sess[123,2]	9.012	0.004822	1.322	1.314	6.603	8.937	11.79	74000.0	28090.0	0.224	1.0
beta2_sess[124,1]	6.522	0.003916	0.9865	0.9637	4.767	6.455	8.632	64160.0	29210.0	0.1943	1.0
beta2_sess[124,2]	6.842	0.005437	1.233	1.195	4.718	6.738	9.564	52270.0	28460.0	0.1583	1.0
beta2_sess[125,1]	6.984	0.004569	1.123	1.101	5.001	6.908	9.395	60560.0	31660.0	0.1834	1.0
beta2_sess[125,2]	6.422	0.004027	1.022	1.006	4.616	6.354	8.604	66210.0	29800.0	0.2005	1.0
beta2_sess[126,1]	6.927	0.005363	1.192	1.141	4.889	6.821	9.575	51270.0	30210.0	0.1552	1.0
beta2_sess[126,2]	6.491	0.004118	1.065	1.049	4.614	6.418	8.773	68220.0	31730.0	0.2065	1.0
beta2_sess[127,1]	8.061	0.00447	1.193	1.194	5.892	8.004	10.58	70920.0	31740.0	0.2147	1.0
beta2_sess[127,2]	6.307	0.004721	1.137	1.104	4.357	6.214	8.801	59110.0	30400.0	0.179	1.0
beta2_sess[128,1]	2.016	0.001906	0.4151	0.4028	1.296	1.983	2.918	47280.0	31660.0	0.1432	1.0
beta2_sess[128,2]	3.515	0.00252	0.6482	0.6423	2.36	3.477	4.898	65930.0	32080.0	0.1996	1.0
beta2_sess[129,1]	8.263	0.01013	1.959	1.779	5.255	7.983	12.9	42670.0	28980.0	0.1292	1.0
beta2_sess[129,2]	8.425	0.006968	1.665	1.558	5.663	8.25	12.18	63340.0	29010.0	0.1918	1.0
beta2_sess[130,1]	4.801	0.005587	1.042	1.01	3.018	4.722	7.079	35470.0	29340.0	0.1074	1.0
beta2_sess[130,2]	6.793	0.004635	1.18	1.155	4.658	6.733	9.275	64290.0	30770.0	0.1946	1.0
beta2_sess[131,1]	3.913	0.003535	0.751	0.7408	2.561	3.871	5.504	44830.0	31070.0	0.1357	1.0
beta2_sess[131,2]	3.308	0.003212	0.7024	0.6941	2.045	3.268	4.784	46430.0	30110.0	0.1406	1.0
beta2_sess[132,1]	3.547	0.002606	0.658	0.6536	2.347	3.514	4.931	61860.0	28700.0	0.1873	1.0
beta2_sess[132,2]	2.677	0.002624	0.5738	0.5679	1.65	2.645	3.902	47090.0	30990.0	0.1426	1.0
beta2_sess[133,1]	2.781	0.003205	0.666	0.6548	1.614	2.735	4.213	42280.0	28910.0	0.128	1.0
beta2_sess[133,2]	4.526	0.002895	0.8097	0.8009	3.028	4.49	6.201	76430.0	26920.0	0.2314	1.0
beta2_sess[134,1]	6.575	0.004023	0.9989	0.9995	4.771	6.523	8.665	60850.0	30250.0	0.1842	1.0
beta2_sess[134,2]	6.941	0.00518	1.211	1.174	4.849	6.846	9.612	56240.0	29420.0	0.1703	1.0
beta2_sess[135,1]	5.926	0.00376	0.8834	0.8861	4.333	5.88	7.766	55220.0	30620.0	0.1672	1.0
beta2_sess[135,2]	6.64	0.004806	1.119	1.086	4.672	6.562	9.051	54800.0	30970.0	0.1659	1.0
beta2_sess[136,1]	4.406	0.002781	0.7437	0.7394	3.035	4.374	5.949	69630.0	28030.0	0.2108	1.0
beta2_sess[136,2]	4.469	0.004885	1.024	0.9992	2.66	4.396	6.666	43300.0	28870.0	0.1311	1.0
beta2_sess[137,1]	6.043	0.003833	0.9092	0.9121	4.423	5.995	7.979	55410.0	29780.0	0.1678	1.0
beta2_sess[137,2]	5.643	0.003132	0.8243	0.817	4.154	5.6	7.376	69090.0	29890.0	0.2092	1.0
beta2_sess[138,1]	7.25	0.007223	1.391	1.274	5.034	7.086	10.49	43070.0	27850.0	0.1304	1.0
beta2_sess[138,2]	6.017	0.003036	0.8755	0.8586	4.418	5.972	7.86	82850.0	28070.0	0.2508	1.0
beta2_sess[139,1]	5.226	0.003199	0.7881	0.7684	3.809	5.179	6.905	60790.0	29300.0	0.1841	1.0
beta2_sess[139,2]	4.758	0.003297	0.77	0.7607	3.353	4.722	6.364	53650.0	28590.0	0.1624	1.0
beta2_sess[140,1]	9.544	0.005463	1.364	1.361	7.092	9.475	12.41	62320.0	33340.0	0.1887	1.0
beta2_sess[140,2]	5.64	0.003361	0.8532	0.846	4.084	5.601	7.423	64540.0	34890.0	0.1954	1.0
beta2_sess[141,1]	2.405	0.00247	0.4732	0.4615	1.567	2.375	3.401	42790.0	24200.0	0.1296	1.0
beta2_sess[141,2]	4.317	0.002944	0.7412	0.7319	2.964	4.284	5.875	63100.0	32590.0	0.1911	1.0
betac_sess[1,1]	0.9347	0.001744	0.2981	0.3026	0.3856	0.9256	1.54	27740.0	18860.0	0.08398	1.0
betac_sess[1,2]	1.178	0.001399	0.2922	0.2912	0.6167	1.174	1.764	43140.0	29160.0	0.1306	1.0
betac_sess[2,1]	1.908	0.002027	0.4066	0.4016	1.12	1.907	2.728	40140.0	30530.0	0.1215	1.0
betac_sess[2,2]	0.9847	0.0009406	0.1971	0.1981	0.6045	0.9821	1.373	43780.0	32520.0	0.1326	1.0
betac_sess[3,1]	0.3224	0.0008265	0.1645	0.1604	0.07889	0.2969	0.7039	36120.0	26890.0	0.1094	1.0
betac_sess[3,2]	0.413	0.0009393	0.1979	0.2052	0.09089	0.3944	0.8421	39630.0	25070.0	0.12	1.0
betac_sess[4,1]	0.6589	0.0008247	0.1751	0.1766	0.3352	0.653	1.017	44790.0	33190.0	0.1356	1.0
betac_sess[4,2]	5.315	0.01131	2.203	1.541	2.601	4.843	10.75	43440.0	31850.0	0.1315	1.0
betac_sess[5,1]	0.4822	0.0009885	0.1773	0.1796	0.1754	0.4708	0.862	29800.0	22640.0	0.09023	1.0
betac_sess[5,2]	0.7995	0.001005	0.2187	0.2194	0.3791	0.7983	1.239	46450.0	26230.0	0.1406	1.0
betac_sess[6,1]	0.4675	0.000926	0.1771	0.1816	0.1563	0.456	0.8388	33930.0	23510.0	0.1027	1.0
betac_sess[6,2]	0.7528	0.001625	0.2798	0.2862	0.2362	0.7428	1.323	28370.0	21380.0	0.0859	1.0
betac_sess[7,1]	4.036	0.01715	2.073	1.717	0.4595	3.948	8.626	12560.0	10910.0	0.03804	1.0
betac_sess[7,2]	1.509	0.003271	0.5147	0.5162	0.5123	1.504	2.536	24300.0	18890.0	0.07359	1.0
betac_sess[8,1]	0.2157	0.0007159	0.1419	0.1213	0.03972	0.1821	0.5747	38930.0	29390.0	0.1179	1.0
betac_sess[8,2]	0.1354	0.0003126	0.07773	0.07173	0.02861	0.1202	0.3225	58610.0	27650.0	0.1775	1.0
betac_sess[9,1]	1.261	0.002011	0.3632	0.3647	0.5797	1.254	2.005	31730.0	23150.0	0.09606	1.0
betac_sess[9,2]	1.322	0.001458	0.31	0.3116	0.7313	1.315	1.945	44950.0	31660.0	0.1361	1.0
betac_sess[10,1]	0.1751	0.0003756	0.08812	0.08451	0.04468	0.1614	0.3807	48820.0	28070.0	0.1478	1.0
betac_sess[10,2]	0.1941	0.0004612	0.1069	0.1041	0.04006	0.1767	0.4445	47120.0	27670.0	0.1427	1.0
betac_sess[11,1]	0.2379	0.0005931	0.121	0.1164	0.05996	0.2181	0.5234	38180.0	28440.0	0.1156	1.0
betac_sess[11,2]	0.2921	0.000709	0.1489	0.1513	0.0619	0.2729	0.6246	39180.0	25560.0	0.1186	1.0
betac_sess[12,1]	0.1725	0.0003686	0.08594	0.08375	0.04449	0.1601	0.3718	47670.0	26060.0	0.1443	1.0
betac_sess[12,2]	0.1563	0.0003377	0.08303	0.08004	0.03543	0.143	0.3519	54060.0	27060.0	0.1637	1.0
betac_sess[13,1]	0.5782	0.0007622	0.1611	0.1632	0.2798	0.5731	0.9089	43840.0	28610.0	0.1327	1.0
betac_sess[13,2]	3.292	0.003298	0.6968	0.6725	2.076	3.24	4.813	44770.0	33890.0	0.1355	1.0
betac_sess[14,1]	0.4357	0.001179	0.2221	0.224	0.0978	0.4038	0.9411	31690.0	25070.0	0.09596	1.0
betac_sess[14,2]	0.4809	0.00133	0.2552	0.2578	0.09387	0.4463	1.056	34000.0	26530.0	0.103	1.0
betac_sess[15,1]	1.154	0.001457	0.2994	0.3022	0.586	1.147	1.755	41160.0	24960.0	0.1246	1.0
betac_sess[15,2]	1.251	0.001529	0.3031	0.3029	0.6608	1.249	1.853	39130.0	28220.0	0.1185	1.0
betac_sess[16,1]	0.432	0.001082	0.2043	0.2078	0.1091	0.4069	0.8838	32560.0	24850.0	0.09857	1.0
betac_sess[16,2]	0.5689	0.00149	0.2629	0.2734	0.1314	0.5474	1.132	29310.0	24120.0	0.08875	1.0
betac_sess[17,1]	0.3866	0.00103	0.1858	0.1902	0.09301	0.3656	0.799	30000.0	24730.0	0.09083	1.0
betac_sess[17,2]	0.285	0.0005252	0.1278	0.13	0.0753	0.2736	0.5628	51870.0	25610.0	0.157	1.0
betac_sess[18,1]	1.418	0.001953	0.3622	0.3599	0.7247	1.41	2.146	33720.0	22450.0	0.1021	1.0
betac_sess[18,2]	1.877	0.001824	0.3987	0.3942	1.121	1.868	2.689	47380.0	30700.0	0.1434	1.0
betac_sess[19,1]	0.7316	0.001626	0.279	0.284	0.254	0.7119	1.327	27220.0	21180.0	0.08242	1.0
betac_sess[19,2]	1.182	0.001472	0.3091	0.3092	0.5884	1.177	1.799	43720.0	28810.0	0.1324	1.0
betac_sess[20,1]	0.3673	0.001027	0.196	0.1923	0.08436	0.3362	0.8254	34320.0	27430.0	0.1039	1.0
betac_sess[20,2]	0.4917	0.001264	0.2531	0.2621	0.0954	0.4616	1.054	36420.0	25750.0	0.1103	1.0
betac_sess[21,1]	0.3951	0.001282	0.2265	0.221	0.07779	0.3554	0.9296	29490.0	26560.0	0.08928	1.0
betac_sess[21,2]	0.3091	0.0007338	0.158	0.1586	0.06824	0.2885	0.6662	42070.0	27120.0	0.1274	1.0
betac_sess[22,1]	0.4545	0.001015	0.1836	0.1869	0.1398	0.4414	0.8477	30320.0	22340.0	0.09179	1.0
betac_sess[22,2]	0.4925	0.0008779	0.1814	0.1861	0.1636	0.4857	0.8648	39870.0	23550.0	0.1207	1.0
betac_sess[23,1]	0.8053	0.002401	0.3622	0.3782	0.2106	0.7742	1.578	21400.0	21550.0	0.06478	1.0
betac_sess[23,2]	0.7187	0.001221	0.2366	0.241	0.2721	0.7146	1.194	36300.0	24640.0	0.1099	1.0
betac_sess[24,1]	1.091	0.0008284	0.1881	0.1884	0.7289	1.089	1.465	51210.0	29440.0	0.1551	1.0
betac_sess[24,2]	1.687	0.00117	0.2736	0.2732	1.165	1.683	2.237	54350.0	32310.0	0.1646	1.0
betac_sess[25,1]	0.08677	0.0001838	0.04497	0.04135	0.02304	0.07851	0.1959	60380.0	28560.0	0.1828	1.0
betac_sess[25,2]	0.1192	0.0003684	0.07642	0.06731	0.02123	0.102	0.3114	42290.0	30340.0	0.128	1.0
betac_sess[26,1]	0.5941	0.001423	0.2594	0.2664	0.1611	0.5715	1.154	30530.0	23760.0	0.09244	1.0
betac_sess[26,2]	0.581	0.00108	0.2296	0.234	0.175	0.5685	1.063	41990.0	24890.0	0.1271	1.0
betac_sess[27,1]	0.134	0.000329	0.07533	0.06741	0.03103	0.1195	0.3182	50200.0	28410.0	0.152	1.0
betac_sess[27,2]	0.1474	0.0003749	0.0901	0.08162	0.0279	0.1288	0.3688	52090.0	27760.0	0.1577	1.0
betac_sess[28,1]	0.09398	0.000198	0.04866	0.04462	0.025	0.08525	0.2111	60000.0	29860.0	0.1817	1.0
betac_sess[28,2]	0.1573	0.0004638	0.1013	0.09135	0.02601	0.135	0.4093	44300.0	29040.0	0.1341	1.0
betac_sess[29,1]	1.028	0.001206	0.2481	0.2498	0.5446	1.027	1.516	42050.0	25980.0	0.1273	1.0
betac_sess[29,2]	0.9019	0.001191	0.2446	0.2469	0.4355	0.8981	1.392	41200.0	26800.0	0.1247	1.0
betac_sess[30,1]	0.6919	0.002265	0.3824	0.3762	0.1409	0.6305	1.58	26160.0	23650.0	0.07921	1.0
betac_sess[30,2]	0.6492	0.001409	0.2802	0.2901	0.1618	0.6338	1.237	37270.0	25660.0	0.1128	1.0
betac_sess[31,1]	0.3337	0.0007104	0.1476	0.1478	0.09705	0.3177	0.6608	39030.0	24950.0	0.1182	1.0
betac_sess[31,2]	0.5368	0.001415	0.2506	0.2591	0.1238	0.5146	1.075	28630.0	22850.0	0.08669	1.0
betac_sess[32,1]	0.5328	0.000997	0.1895	0.1902	0.1978	0.5215	0.9323	33260.0	22260.0	0.1007	1.0
betac_sess[32,2]	1.01	0.001482	0.2953	0.2963	0.4371	1.007	1.597	39210.0	25950.0	0.1187	1.0
betac_sess[33,1]	0.4605	0.0007898	0.1513	0.1532	0.1926	0.4522	0.7758	34930.0	25520.0	0.1058	1.0
betac_sess[33,2]	1.625	0.001259	0.2639	0.2616	1.117	1.622	2.153	43760.0	33140.0	0.1325	1.0
betac_sess[34,1]	0.2601	0.0007407	0.1474	0.141	0.05331	0.2343	0.6147	35820.0	27210.0	0.1085	1.0
betac_sess[34,2]	0.2133	0.0005613	0.1228	0.1156	0.04267	0.1908	0.5085	45150.0	29800.0	0.1367	1.0
betac_sess[35,1]	0.1186	0.0002621	0.063	0.05812	0.02989	0.1069	0.2707	54190.0	28090.0	0.1641	1.0
betac_sess[35,2]	0.1436	0.0003536	0.08485	0.07865	0.0276	0.1272	0.351	50940.0	26830.0	0.1542	1.0
betac_sess[36,1]	0.3924	0.0006928	0.1409	0.1432	0.1506	0.3821	0.694	38440.0	25690.0	0.1164	1.0
betac_sess[36,2]	1.273	0.001537	0.3196	0.318	0.6504	1.27	1.907	43170.0	29600.0	0.1307	1.0
betac_sess[37,1]	0.5027	0.00144	0.2444	0.2533	0.116	0.4766	1.04	27320.0	25890.0	0.08272	1.0
betac_sess[37,2]	0.382	0.0008626	0.1756	0.1799	0.0971	0.3652	0.7683	38870.0	27750.0	0.1177	1.0
betac_sess[38,1]	0.3465	0.0007759	0.1611	0.1634	0.08987	0.3281	0.7026	38670.0	24780.0	0.1171	1.0
betac_sess[38,2]	0.3808	0.0009367	0.19	0.1919	0.08584	0.3572	0.8096	37770.0	26400.0	0.1143	1.0
betac_sess[39,1]	0.2651	0.0004878	0.109	0.1101	0.08338	0.255	0.5045	43940.0	24330.0	0.133	1.0
betac_sess[39,2]	0.4543	0.0008557	0.1877	0.1935	0.1246	0.4428	0.8479	42690.0	22430.0	0.1293	1.0
betac_sess[40,1]	0.09369	0.0001868	0.04633	0.04324	0.02669	0.08625	0.2037	61300.0	29170.0	0.1856	1.0
betac_sess[40,2]	0.2657	0.0009756	0.1793	0.1712	0.03489	0.2278	0.698	30470.0	27010.0	0.09226	1.0
betac_sess[41,1]	0.7761	0.001531	0.273	0.2793	0.2691	0.7677	1.33	30540.0	21850.0	0.09245	1.0
betac_sess[41,2]	0.5033	0.0007342	0.1689	0.1707	0.192	0.4965	0.8512	50240.0	27070.0	0.1521	1.0
betac_sess[42,1]	1.015	0.001986	0.363	0.3705	0.3466	1.003	1.754	31750.0	20250.0	0.09614	1.0
betac_sess[42,2]	0.8082	0.001811	0.3377	0.3467	0.2326	0.7824	1.523	32830.0	25840.0	0.09941	1.0
betac_sess[43,1]	0.5069	0.001123	0.21	0.2111	0.1704	0.4847	0.9743	32150.0	24230.0	0.09734	1.0
betac_sess[43,2]	1.441	0.001528	0.3149	0.3138	0.8353	1.436	2.075	42210.0	31750.0	0.1278	1.0
betac_sess[44,1]	0.3458	0.0009697	0.1188	0.1214	0.1357	0.3394	0.5934	14140.0	17850.0	0.04281	1.0
betac_sess[44,2]	0.8267	0.003678	0.2148	0.2162	0.385	0.8371	1.222	3495.0	11120.0	0.01058	1.001
betac_sess[45,1]	0.2873	0.000733	0.1552	0.1536	0.06188	0.2624	0.6464	38850.0	26970.0	0.1176	1.0
betac_sess[45,2]	0.2037	0.0004331	0.1077	0.1038	0.0453	0.1867	0.4577	54820.0	24820.0	0.166	1.0
betac_sess[46,1]	1.246	0.002429	0.5028	0.5145	0.3872	1.212	2.327	40350.0	26980.0	0.1222	1.0
betac_sess[46,2]	4.515	0.01384	2.675	1.842	1.207	3.977	11.31	39280.0	22000.0	0.1189	1.0
betac_sess[47,1]	0.7775	0.001099	0.2376	0.2406	0.332	0.7706	1.26	44520.0	24380.0	0.1348	1.0
betac_sess[47,2]	2.128	0.004948	0.8209	0.7974	0.598	2.101	3.835	25390.0	16110.0	0.07687	1.0
betac_sess[48,1]	0.4494	0.001863	0.2975	0.2705	0.07102	0.3807	1.184	25030.0	27970.0	0.07578	1.0
betac_sess[48,2]	0.2704	0.0006357	0.1457	0.1439	0.05755	0.248	0.6096	47930.0	29550.0	0.1451	1.0
betac_sess[49,1]	0.8675	0.002064	0.3443	0.3546	0.2595	0.85	1.583	26000.0	19800.0	0.07872	1.0
betac_sess[49,2]	0.6843	0.0012	0.2376	0.2421	0.2445	0.6772	1.17	38290.0	26820.0	0.1159	1.0
betac_sess[50,1]	0.05754	0.0001344	0.03148	0.02819	0.01438	0.05155	0.1349	52580.0	28200.0	0.1592	1.0
betac_sess[50,2]	0.05343	0.0001323	0.03211	0.02805	0.01136	0.04655	0.1333	59800.0	27960.0	0.1811	1.0
betac_sess[51,1]	0.4136	0.000698	0.1544	0.1592	0.1359	0.407	0.7344	45190.0	23710.0	0.1368	1.0
betac_sess[51,2]	0.2276	0.0004173	0.102	0.1014	0.06669	0.215	0.4578	53250.0	27090.0	0.1612	1.0
betac_sess[52,1]	0.6104	0.001153	0.2096	0.2133	0.2424	0.5972	1.05	31110.0	23620.0	0.09419	1.0
betac_sess[52,2]	1.552	0.001407	0.2894	0.2863	0.9999	1.547	2.136	42160.0	29860.0	0.1277	1.0
betac_sess[53,1]	0.3134	0.0006736	0.147	0.1483	0.08052	0.2966	0.6419	41690.0	25530.0	0.1262	1.0
betac_sess[53,2]	0.3714	0.0008841	0.193	0.1951	0.07885	0.3453	0.809	41560.0	25540.0	0.1258	1.0
betac_sess[54,1]	0.5663	0.001042	0.1916	0.1968	0.2091	0.5622	0.9517	32510.0	22150.0	0.09843	1.0
betac_sess[54,2]	0.5347	0.0009652	0.1978	0.2037	0.1817	0.5246	0.942	39140.0	23650.0	0.1185	1.0
betac_sess[55,1]	0.241	0.0005778	0.1258	0.122	0.05825	0.2208	0.5315	43380.0	27830.0	0.1313	1.0
betac_sess[55,2]	0.303	0.0008095	0.1693	0.1671	0.05624	0.2772	0.6981	39000.0	25990.0	0.1181	1.0
betac_sess[56,1]	0.648	0.0009057	0.1883	0.1924	0.2995	0.6423	1.03	41980.0	26640.0	0.1271	1.0
betac_sess[56,2]	2.353	0.002068	0.4296	0.4245	1.539	2.341	3.229	42990.0	33610.0	0.1302	1.0
betac_sess[57,1]	0.142	0.0003315	0.07485	0.06957	0.03587	0.1283	0.3228	47800.0	28360.0	0.1447	1.0
betac_sess[57,2]	0.2058	0.000547	0.121	0.1156	0.03771	0.1838	0.4961	43420.0	27690.0	0.1315	1.0
betac_sess[58,1]	0.2925	0.0005376	0.1151	0.1165	0.09741	0.2832	0.5406	40540.0	23610.0	0.1227	1.0
betac_sess[58,2]	0.3959	0.0006719	0.1529	0.1565	0.1248	0.3872	0.7142	45620.0	21180.0	0.1381	1.0
betac_sess[59,1]	1.037	0.001187	0.2322	0.2333	0.5891	1.036	1.5	37800.0	24500.0	0.1144	1.0
betac_sess[59,2]	1.229	0.001158	0.2516	0.253	0.7416	1.225	1.731	46860.0	28170.0	0.1419	1.0
betac_sess[60,1]	0.3409	0.000862	0.1687	0.1685	0.08283	0.3188	0.7249	34640.0	25690.0	0.1049	1.0
betac_sess[60,2]	0.3573	0.0008735	0.1759	0.1808	0.08106	0.3378	0.7466	36280.0	25020.0	0.1098	1.0
betac_sess[61,1]	0.4515	0.0007641	0.1438	0.146	0.1903	0.4452	0.751	33060.0	22790.0	0.1001	1.0
betac_sess[61,2]	0.8484	0.0009359	0.1991	0.198	0.4578	0.8465	1.243	45040.0	25990.0	0.1364	1.0
betac_sess[62,1]	0.6075	0.0007196	0.1606	0.1614	0.3061	0.6034	0.9317	48380.0	27270.0	0.1465	1.0
betac_sess[62,2]	2.458	0.002024	0.4161	0.4144	1.679	2.445	3.315	42250.0	33900.0	0.1279	1.0
betac_sess[63,1]	0.7181	0.001372	0.2521	0.2579	0.2584	0.7073	1.236	31840.0	22880.0	0.09642	1.0
betac_sess[63,2]	0.5745	0.001165	0.2242	0.2322	0.1834	0.5617	1.047	34720.0	24970.0	0.1051	1.0
betac_sess[64,1]	0.9618	0.001046	0.2379	0.2389	0.5069	0.9582	1.438	51190.0	30960.0	0.155	1.0
betac_sess[64,2]	4.786	0.01444	2.491	1.679	1.654	4.295	10.77	31270.0	19900.0	0.09468	1.0
betac_sess[65,1]	0.4336	0.0006725	0.1416	0.1434	0.1693	0.4297	0.7249	41630.0	21820.0	0.126	1.0
betac_sess[65,2]	0.3725	0.0006384	0.1406	0.1441	0.1253	0.3642	0.6686	43340.0	23450.0	0.1312	1.0
betac_sess[66,1]	0.3704	0.000579	0.1233	0.1241	0.1515	0.363	0.6312	42310.0	25780.0	0.1281	1.0
betac_sess[66,2]	0.9309	0.001186	0.2435	0.2436	0.4536	0.9296	1.412	42030.0	27730.0	0.1273	1.0
betac_sess[67,1]	0.4396	0.0006962	0.1416	0.1444	0.1765	0.4359	0.7273	39040.0	21910.0	0.1182	1.0
betac_sess[67,2]	0.3722	0.0005951	0.1335	0.1368	0.1348	0.3655	0.6506	45690.0	23590.0	0.1383	0.9999
betac_sess[68,1]	0.2485	0.0005168	0.1193	0.1229	0.05815	0.2364	0.5117	45760.0	25430.0	0.1385	1.0
betac_sess[68,2]	0.1178	0.0002253	0.05994	0.05691	0.03067	0.1082	0.2597	65340.0	28110.0	0.1978	1.0
betac_sess[69,1]	0.3978	0.0006314	0.1333	0.136	0.1596	0.3911	0.677	39970.0	22370.0	0.121	1.0
betac_sess[69,2]	0.5311	0.0007967	0.1743	0.1769	0.2078	0.526	0.8874	45160.0	22910.0	0.1367	1.0
betac_sess[70,1]	0.3383	0.0005955	0.1278	0.1295	0.1198	0.3293	0.6104	41850.0	24980.0	0.1267	1.0
betac_sess[70,2]	0.6981	0.001394	0.2531	0.2583	0.226	0.6928	1.207	31750.0	22060.0	0.09614	1.0
betac_sess[71,1]	0.1699	0.000443	0.09606	0.08961	0.03693	0.1519	0.4026	43500.0	27950.0	0.1317	1.0
betac_sess[71,2]	0.1238	0.0002672	0.06907	0.06461	0.02733	0.111	0.2906	61960.0	28430.0	0.1876	1.0
betac_sess[72,1]	0.0433	9.068e-05	0.02196	0.02006	0.01218	0.03952	0.09613	61710.0	30170.0	0.1868	1.0
betac_sess[72,2]	0.05777	0.000164	0.03782	0.03151	0.01086	0.04877	0.1551	54300.0	28820.0	0.1644	1.0
betac_sess[73,1]	0.4855	0.0009938	0.1831	0.1864	0.1699	0.4722	0.8773	31110.0	22370.0	0.09418	1.0
betac_sess[73,2]	0.8325	0.001053	0.225	0.2262	0.3963	0.8311	1.275	45250.0	26110.0	0.137	1.0
betac_sess[74,1]	0.5414	0.0009539	0.1932	0.1973	0.1858	0.5351	0.9332	38430.0	23070.0	0.1164	1.0
betac_sess[74,2]	0.3702	0.0006338	0.1487	0.1515	0.1165	0.359	0.6885	49300.0	25390.0	0.1493	1.0
betac_sess[75,1]	0.8139	0.0007096	0.1506	0.1507	0.5261	0.8114	1.117	44930.0	32690.0	0.136	1.0
betac_sess[75,2]	5.705	0.01265	2.377	1.596	2.956	5.168	11.75	50290.0	29730.0	0.1523	1.0
betac_sess[76,1]	1.221	0.001391	0.2874	0.2851	0.6604	1.219	1.789	42630.0	29410.0	0.1291	1.0
betac_sess[76,2]	0.5404	0.001011	0.2056	0.2077	0.1872	0.5258	0.9863	39160.0	25680.0	0.1186	1.0
betac_sess[77,1]	0.6438	0.001494	0.2624	0.2653	0.2104	0.6201	1.215	28790.0	23660.0	0.08716	1.0
betac_sess[77,2]	1.282	0.0017	0.3424	0.3424	0.6252	1.277	1.966	40140.0	26470.0	0.1215	1.0
betac_sess[78,1]	0.4875	0.001137	0.2192	0.2254	0.1263	0.4678	0.9644	33150.0	21590.0	0.1004	1.0
betac_sess[78,2]	0.3959	0.0008587	0.1863	0.188	0.099	0.3751	0.8094	41500.0	25530.0	0.1257	1.0
betac_sess[79,1]	0.2762	0.0007157	0.1476	0.1453	0.0599	0.2528	0.6178	37990.0	27200.0	0.115	1.0
betac_sess[79,2]	0.2001	0.0004585	0.1091	0.1049	0.04391	0.1817	0.4579	50440.0	28320.0	0.1527	1.0
betac_sess[80,1]	0.2686	0.0006402	0.1317	0.1329	0.06584	0.2517	0.5639	37710.0	26910.0	0.1142	1.0
betac_sess[80,2]	0.2722	0.0006855	0.1433	0.1423	0.05892	0.2517	0.6004	39680.0	25350.0	0.1201	1.0
betac_sess[81,1]	0.6031	0.0011	0.2183	0.2223	0.2121	0.5936	1.056	36740.0	21350.0	0.1112	1.0
betac_sess[81,2]	0.8415	0.001581	0.2978	0.3072	0.2887	0.834	1.443	34200.0	23010.0	0.1035	1.0
betac_sess[82,1]	0.8659	0.001544	0.2874	0.2923	0.3333	0.8571	1.451	32960.0	20600.0	0.09978	1.0
betac_sess[82,2]	0.9893	0.002067	0.3585	0.367	0.3301	0.9779	1.724	28750.0	21410.0	0.08705	1.0
betac_sess[83,1]	0.3105	0.0007831	0.1491	0.1505	0.07815	0.2924	0.6465	33050.0	26490.0	0.1001	1.0
betac_sess[83,2]	0.3547	0.0008314	0.1701	0.1747	0.08224	0.3368	0.7252	36920.0	24820.0	0.1118	1.0
betac_sess[84,1]	0.6189	0.001026	0.2012	0.204	0.2611	0.6065	1.043	37640.0	27670.0	0.114	1.0
betac_sess[84,2]	2.891	0.003105	0.6257	0.6104	1.749	2.864	4.207	40370.0	32710.0	0.1222	1.0
betac_sess[85,1]	0.2967	0.000632	0.1329	0.1311	0.08791	0.2803	0.599	40750.0	27260.0	0.1234	1.0
betac_sess[85,2]	0.7679	0.002002	0.3192	0.3323	0.1781	0.7625	1.41	24540.0	20000.0	0.0743	1.0
betac_sess[86,1]	0.7572	0.001298	0.2224	0.2267	0.3344	0.7519	1.205	28510.0	21590.0	0.08632	1.0
betac_sess[86,2]	0.9437	0.001004	0.2182	0.2186	0.5246	0.942	1.377	46930.0	29540.0	0.1421	1.0
betac_sess[87,1]	0.2267	0.0005033	0.1106	0.111	0.05703	0.2124	0.4782	42230.0	27050.0	0.1279	1.0
betac_sess[87,2]	0.1837	0.0003697	0.09322	0.09175	0.04414	0.1702	0.3998	56400.0	26500.0	0.1708	1.0
betac_sess[88,1]	0.2028	0.0004251	0.09979	0.09966	0.0492	0.1895	0.4274	47050.0	26790.0	0.1425	1.0
betac_sess[88,2]	0.1522	0.0003082	0.07893	0.0767	0.03606	0.1399	0.3372	56070.0	24980.0	0.1698	1.0
betac_sess[89,1]	0.3374	0.0008266	0.1649	0.1621	0.08937	0.3133	0.7165	36230.0	26680.0	0.1097	1.0
betac_sess[89,2]	0.6105	0.00157	0.2745	0.2862	0.1371	0.5942	1.185	28200.0	22370.0	0.0854	1.0
betac_sess[90,1]	0.6004	0.001724	0.303	0.2983	0.1501	0.5542	1.304	28290.0	24610.0	0.08566	1.0
betac_sess[90,2]	0.9298	0.001885	0.338	0.3479	0.2925	0.9246	1.604	31300.0	23810.0	0.09476	1.0
betac_sess[91,1]	0.3905	0.0007763	0.1398	0.1438	0.1403	0.3839	0.6799	30110.0	20530.0	0.09117	1.0
betac_sess[91,2]	0.5005	0.0009007	0.1685	0.1719	0.188	0.4969	0.8425	33700.0	24200.0	0.102	1.0
betac_sess[92,1]	0.1215	0.0002757	0.06449	0.05918	0.03078	0.11	0.2781	54110.0	30450.0	0.1638	1.0
betac_sess[92,2]	0.2069	0.0006454	0.131	0.1217	0.03476	0.18	0.526	38360.0	28660.0	0.1161	1.0
betac_sess[93,1]	0.3865	0.0008506	0.1721	0.1764	0.1043	0.3706	0.764	35890.0	24540.0	0.1087	1.0
betac_sess[93,2]	0.3916	0.0008904	0.183	0.1867	0.09573	0.3731	0.7962	37320.0	24550.0	0.113	1.0
betac_sess[94,1]	0.2478	0.0005297	0.1182	0.1154	0.06859	0.2316	0.5182	45490.0	28560.0	0.1377	1.0
betac_sess[94,2]	0.4689	0.001246	0.2276	0.2365	0.09923	0.4476	0.9638	30870.0	24800.0	0.09346	1.0
betac_sess[95,1]	0.3311	0.0008613	0.165	0.163	0.08103	0.3077	0.7085	34190.0	26830.0	0.1035	1.0
betac_sess[95,2]	0.3695	0.0008964	0.1803	0.1829	0.08383	0.3488	0.7729	37100.0	26250.0	0.1123	1.0
betac_sess[96,1]	0.4623	0.0007446	0.1557	0.1581	0.1861	0.4531	0.7917	41060.0	26260.0	0.1243	0.9999
betac_sess[96,2]	1.506	0.00181	0.363	0.3616	0.8007	1.505	2.229	40130.0	30500.0	0.1215	1.0
betac_sess[97,1]	0.6881	0.002264	0.3598	0.3773	0.1299	0.6456	1.477	23220.0	22210.0	0.07029	1.0
betac_sess[97,2]	0.3684	0.0007559	0.1685	0.1708	0.09643	0.351	0.7417	46020.0	27060.0	0.1393	1.0
betac_sess[98,1]	1.297	0.001264	0.2611	0.2639	0.7867	1.299	1.808	42790.0	33260.0	0.1296	1.0
betac_sess[98,2]	0.5143	0.0007667	0.167	0.1692	0.2137	0.5065	0.8604	45300.0	28610.0	0.1371	1.0
betac_sess[99,1]	0.7444	0.001264	0.2409	0.2427	0.2822	0.7417	1.224	35240.0	21640.0	0.1067	1.0
betac_sess[99,2]	0.3501	0.0006451	0.1428	0.1442	0.1123	0.3373	0.6595	45020.0	27230.0	0.1363	1.0
betac_sess[100,1]	0.276	0.0007478	0.1488	0.1443	0.06152	0.2515	0.626	36190.0	28530.0	0.1096	1.0
betac_sess[100,2]	0.2297	0.0005804	0.1281	0.1231	0.04763	0.2077	0.5327	44540.0	28380.0	0.1348	1.0
betac_sess[101,1]	0.2097	0.0004511	0.09719	0.09312	0.06459	0.1953	0.4376	44240.0	29250.0	0.134	1.0
betac_sess[101,2]	0.6156	0.001382	0.2467	0.2537	0.1585	0.6106	1.112	30720.0	23430.0	0.093	1.0
betac_sess[102,1]	1.544	0.001214	0.2542	0.2523	1.051	1.543	2.051	43800.0	36080.0	0.1326	1.0
betac_sess[102,2]	0.4722	0.0006057	0.1396	0.1414	0.2168	0.4669	0.76	51230.0	28480.0	0.1551	1.0
betac_sess[103,1]	0.2961	0.0006237	0.1291	0.1291	0.0921	0.2805	0.5861	39700.0	27540.0	0.1202	1.0
betac_sess[103,2]	0.6526	0.001139	0.2328	0.2347	0.2162	0.6477	1.124	39790.0	23550.0	0.1205	1.0
betac_sess[104,1]	0.275	0.0007481	0.1507	0.1476	0.05782	0.2493	0.6294	36910.0	27730.0	0.1117	1.0
betac_sess[104,2]	0.2103	0.0005163	0.121	0.113	0.04235	0.1875	0.5002	49660.0	28220.0	0.1504	1.0
betac_sess[105,1]	0.2664	0.0005893	0.1203	0.1201	0.07794	0.2511	0.538	38350.0	26270.0	0.1161	1.0
betac_sess[105,2]	0.4696	0.00105	0.2001	0.2061	0.1191	0.4582	0.8881	33530.0	23510.0	0.1015	1.0
betac_sess[106,1]	1.04	0.001204	0.2369	0.2365	0.5802	1.038	1.511	38350.0	24180.0	0.1161	1.0
betac_sess[106,2]	1.182	0.0013	0.2665	0.2671	0.6711	1.179	1.716	41660.0	28250.0	0.1261	1.0
betac_sess[107,1]	0.7861	0.001271	0.243	0.2445	0.3217	0.7818	1.275	35260.0	22310.0	0.1068	1.0
betac_sess[107,2]	0.754	0.001323	0.2549	0.2596	0.286	0.7443	1.273	35480.0	23360.0	0.1074	1.0
betac_sess[108,1]	1.107	0.001732	0.3193	0.322	0.4929	1.104	1.744	33300.0	22670.0	0.1008	1.0
betac_sess[108,2]	0.7898	0.001164	0.2395	0.2457	0.3412	0.7846	1.266	41330.0	25860.0	0.1251	1.0
betac_sess[109,1]	0.4905	0.0009174	0.1701	0.1747	0.1869	0.4822	0.8463	32550.0	24580.0	0.09854	1.0
betac_sess[109,2]	0.7584	0.001147	0.2317	0.236	0.3122	0.7556	1.218	39830.0	23500.0	0.1206	1.0
betac_sess[110,1]	0.6171	0.00143	0.2479	0.2513	0.1985	0.5964	1.152	27980.0	22520.0	0.08472	1.0
betac_sess[110,2]	1.251	0.001755	0.3538	0.3533	0.5729	1.246	1.964	40180.0	27090.0	0.1216	1.0
betac_sess[111,1]	0.1411	0.0002883	0.07059	0.06764	0.0371	0.1301	0.3065	53940.0	28790.0	0.1633	1.0
betac_sess[111,2]	0.1793	0.0004475	0.1039	0.0997	0.03396	0.1609	0.4258	45690.0	26110.0	0.1383	1.0
betac_sess[112,1]	1.258	0.001184	0.2492	0.2494	0.7735	1.256	1.751	44090.0	29870.0	0.1335	1.0
betac_sess[112,2]	1.433	0.001456	0.3043	0.3055	0.8488	1.431	2.038	43380.0	29330.0	0.1313	1.0
betac_sess[113,1]	0.3102	0.0007864	0.1528	0.1555	0.07199	0.2924	0.6525	33620.0	25200.0	0.1018	1.0
betac_sess[113,2]	0.2225	0.0004769	0.1112	0.1112	0.05293	0.2074	0.4734	47980.0	27090.0	0.1453	1.0
betac_sess[114,1]	1.121	0.001847	0.3454	0.3511	0.4572	1.117	1.808	34280.0	22680.0	0.1038	1.0
betac_sess[114,2]	0.7443	0.001215	0.2619	0.2664	0.2733	0.732	1.287	44160.0	26420.0	0.1337	1.0
betac_sess[115,1]	0.8545	0.001244	0.2451	0.2475	0.3973	0.8486	1.354	37380.0	24670.0	0.1132	1.0
betac_sess[115,2]	0.9922	0.001304	0.2663	0.2678	0.4848	0.9866	1.533	40710.0	24990.0	0.1233	1.0
betac_sess[116,1]	0.1823	0.000456	0.1026	0.09645	0.04113	0.1629	0.429	48430.0	29780.0	0.1466	1.0
betac_sess[116,2]	0.2246	0.0007381	0.1506	0.13	0.03746	0.1894	0.6069	40470.0	29780.0	0.1225	1.0
betac_sess[117,1]	0.6634	0.001346	0.2364	0.2427	0.2496	0.6485	1.161	29060.0	22670.0	0.08799	1.0
betac_sess[117,2]	1.311	0.001617	0.3239	0.3221	0.6893	1.309	1.95	40000.0	29820.0	0.1211	1.0
betac_sess[118,1]	0.7784	0.001683	0.2929	0.3026	0.2638	0.7617	1.393	28140.0	20750.0	0.0852	1.0
betac_sess[118,2]	0.9595	0.001485	0.2987	0.2995	0.3914	0.9522	1.564	39410.0	24340.0	0.1193	1.0
betac_sess[119,1]	0.2313	0.0005756	0.1232	0.1177	0.0547	0.2101	0.5222	42010.0	29570.0	0.1272	1.0
betac_sess[119,2]	0.2634	0.0007096	0.1499	0.1439	0.0508	0.2369	0.6205	40730.0	27750.0	0.1233	1.0
betac_sess[120,1]	0.3091	0.0007352	0.1474	0.1478	0.07892	0.2907	0.6391	37020.0	26780.0	0.1121	1.0
betac_sess[120,2]	0.3255	0.0007971	0.1589	0.1634	0.07497	0.3076	0.6747	36690.0	26960.0	0.1111	1.0
betac_sess[121,1]	0.4052	0.0007398	0.1472	0.1497	0.1558	0.3929	0.7216	37260.0	27420.0	0.1128	1.0
betac_sess[121,2]	1.45	0.001366	0.2855	0.2806	0.9005	1.446	2.028	43480.0	32180.0	0.1317	1.0
betac_sess[122,1]	1.213	0.002281	0.3747	0.3804	0.5097	1.202	1.971	26110.0	19670.0	0.07904	1.0
betac_sess[122,2]	1.561	0.001448	0.3307	0.3295	0.9305	1.554	2.229	51640.0	31620.0	0.1563	1.0
betac_sess[123,1]	1.163	0.0006809	0.1726	0.1725	0.8306	1.161	1.508	63780.0	29810.0	0.1931	1.0
betac_sess[123,2]	1.497	0.001034	0.2406	0.2393	1.032	1.494	1.981	53810.0	30250.0	0.1629	1.0
betac_sess[124,1]	0.5643	0.001256	0.216	0.2224	0.183	0.5522	1.014	27470.0	20890.0	0.08316	1.0
betac_sess[124,2]	0.5802	0.0009628	0.1984	0.2039	0.2172	0.5748	0.9884	40590.0	25140.0	0.1229	1.0
betac_sess[125,1]	0.2709	0.0007045	0.1394	0.1345	0.06789	0.2485	0.5969	36720.0	27600.0	0.1112	1.0
betac_sess[125,2]	0.4541	0.001273	0.231	0.2373	0.08646	0.4304	0.9634	29960.0	24510.0	0.09072	1.0
betac_sess[126,1]	0.2744	0.0006944	0.144	0.1389	0.06624	0.2506	0.6116	40210.0	28270.0	0.1218	1.0
betac_sess[126,2]	0.3922	0.00116	0.2175	0.2203	0.07188	0.3604	0.8883	32160.0	26120.0	0.09737	1.0
betac_sess[127,1]	0.2619	0.0006256	0.1255	0.1219	0.07209	0.2438	0.5527	37260.0	28360.0	0.1128	1.0
betac_sess[127,2]	0.5137	0.001265	0.2287	0.2383	0.12	0.5	0.9897	30600.0	23360.0	0.09263	1.0
betac_sess[128,1]	0.4261	0.0009409	0.1752	0.1799	0.1287	0.4135	0.8001	32130.0	22510.0	0.09729	1.0
betac_sess[128,2]	0.4634	0.0009903	0.1932	0.1981	0.1304	0.4502	0.8729	35190.0	24580.0	0.1066	1.0
betac_sess[129,1]	0.1728	0.0004115	0.09291	0.08623	0.04221	0.1565	0.3973	49090.0	28370.0	0.1486	1.0
betac_sess[129,2]	0.249	0.0006958	0.1472	0.1421	0.04323	0.2222	0.597	39570.0	27250.0	0.1198	1.0
betac_sess[130,1]	0.3178	0.0005691	0.1119	0.1128	0.1247	0.3098	0.5574	35830.0	24690.0	0.1085	1.0
betac_sess[130,2]	0.7163	0.0006656	0.1583	0.1609	0.4121	0.7143	1.029	55790.0	26270.0	0.1689	1.0
betac_sess[131,1]	0.2976	0.0005475	0.1124	0.1135	0.1074	0.2882	0.5392	38670.0	24940.0	0.1171	1.0
betac_sess[131,2]	0.5935	0.0007769	0.1689	0.1691	0.2639	0.592	0.9277	46490.0	25510.0	0.1408	1.0
betac_sess[132,1]	0.5657	0.00104	0.1879	0.193	0.2211	0.5601	0.9485	31300.0	22240.0	0.09478	1.0
betac_sess[132,2]	0.5952	0.0008816	0.1828	0.184	0.2483	0.5909	0.9632	41510.0	24600.0	0.1257	1.0
betac_sess[133,1]	0.03851	8.93e-05	0.02061	0.01848	0.0102	0.03464	0.08943	55860.0	30110.0	0.1691	1.0
betac_sess[133,2]	0.03318	8.192e-05	0.01974	0.0172	0.007309	0.02907	0.08275	60580.0	29240.0	0.1834	1.0
betac_sess[134,1]	0.6148	0.0018	0.2827	0.2986	0.1428	0.5944	1.211	22970.0	22170.0	0.06955	1.0
betac_sess[134,2]	0.3579	0.0008085	0.169	0.1695	0.09167	0.3378	0.7377	40750.0	28150.0	0.1234	1.0
betac_sess[135,1]	0.7971	0.001503	0.2583	0.2646	0.3287	0.7874	1.331	28280.0	22520.0	0.08562	1.0
betac_sess[135,2]	1.395	0.001281	0.2799	0.278	0.8556	1.391	1.953	47540.0	32290.0	0.1439	1.0
betac_sess[136,1]	0.5869	0.0009461	0.1867	0.1907	0.2373	0.5826	0.9673	37040.0	21380.0	0.1121	1.0
betac_sess[136,2]	0.5403	0.0009025	0.1873	0.1922	0.1994	0.5327	0.9211	40640.0	23910.0	0.123	1.0
betac_sess[137,1]	0.4848	0.001199	0.2095	0.2096	0.151	0.4609	0.9542	28420.0	25260.0	0.08605	1.0
betac_sess[137,2]	1.076	0.001492	0.2997	0.2974	0.5021	1.072	1.679	39950.0	27900.0	0.121	1.0
betac_sess[138,1]	1.429	0.00204	0.3982	0.3989	0.6813	1.42	2.244	37180.0	24210.0	0.1126	1.0
betac_sess[138,2]	1.201	0.001551	0.3266	0.3283	0.5808	1.195	1.864	43750.0	27450.0	0.1325	1.0
betac_sess[139,1]	0.4474	0.0007391	0.1529	0.1555	0.1794	0.4369	0.7686	40290.0	25830.0	0.122	1.0
betac_sess[139,2]	1.682	0.001767	0.3473	0.3405	0.9997	1.682	2.365	38710.0	33180.0	0.1172	1.0
betac_sess[140,1]	0.4182	0.001025	0.2062	0.2111	0.09409	0.3944	0.8755	35840.0	24360.0	0.1085	1.0
betac_sess[140,2]	0.349	0.0007579	0.1673	0.1692	0.0821	0.3308	0.7211	43800.0	25280.0	0.1326	1.0
betac_sess[141,1]	1.574	0.001274	0.2699	0.2666	1.057	1.572	2.116	45080.0	34750.0	0.1365	1.0
betac_sess[141,2]	0.8361	0.001141	0.2351	0.2373	0.3972	0.8304	1.314	41840.0	28990.0	0.1267	1.0
alpha1_common[1]	0.3462	0.0003833	0.04624	0.04593	0.261	0.3442	0.4429	14740.0	25110.0	0.04461	1.0
alpha1_common[2]	0.2011	0.0003338	0.05314	0.04813	0.1137	0.1952	0.3244	28570.0	16060.0	0.08649	1.0
alpha1_common[3]	0.5628	0.0003174	0.0477	0.04697	0.4698	0.5626	0.6574	22620.0	21970.0	0.06849	1.0
alpha1_common[4]	0.2034	0.00265	0.07464	0.07752	0.09382	0.1915	0.3693	784.7	4700.0	0.002376	1.003
alpha1_common[5]	0.4511	0.003226	0.09282	0.09876	0.2908	0.4456	0.6418	837.0	5134.0	0.002534	1.003
alpha1_common[6]	0.4987	0.000673	0.05419	0.05354	0.3982	0.4966	0.6111	6579.0	13560.0	0.01992	1.0
alpha1_common[7]	0.1973	0.003105	0.08243	0.08639	0.07464	0.1835	0.3775	720.9	3929.0	0.002183	1.004
alpha1_common[8]	0.5938	0.00181	0.07351	0.0745	0.4527	0.5936	0.7392	1641.0	6784.0	0.004969	1.001
alpha1_common[9]	0.441	0.0006752	0.04774	0.04715	0.3515	0.4396	0.5397	4969.0	17120.0	0.01504	1.001
alpha1_common[10]	0.2008	0.001466	0.0536	0.05027	0.1203	0.1924	0.3262	1333.0	5530.0	0.004035	1.002
alpha1_common[11]	0.7616	0.00068	0.06252	0.06292	0.6346	0.7635	0.8785	8312.0	18780.0	0.02517	1.0
alpha1_common[12]	0.04828	0.0004029	0.03794	0.02218	0.01154	0.03918	0.1383	5419.0	13610.0	0.01641	1.001
alpha1_common[13]	0.1758	0.0004522	0.0377	0.0358	0.1025	0.1748	0.2538	6716.0	11610.0	0.02033	1.0
alpha1_common[14]	0.4728	0.001724	0.05933	0.05971	0.3581	0.4724	0.5895	1172.0	4613.0	0.00355	1.002
alpha1_common[15]	0.2568	0.0002741	0.04272	0.04082	0.1778	0.2548	0.3478	22670.0	16480.0	0.06863	1.0
alpha1_common[16]	0.4224	0.001982	0.06908	0.06882	0.2952	0.4197	0.5652	1205.0	5841.0	0.003649	1.002
alpha1_common[17]	0.4028	0.001713	0.08856	0.0892	0.2386	0.4002	0.583	2632.0	10490.0	0.007968	1.001
alpha1_common[18]	0.3165	0.001764	0.06016	0.06103	0.2113	0.3123	0.4447	1149.0	6395.0	0.003478	1.002
alpha1_common[19]	0.5321	0.00144	0.07244	0.07037	0.3808	0.535	0.6685	2601.0	5876.0	0.007875	1.001
alpha1_common[20]	0.54	0.003054	0.08871	0.09537	0.381	0.5374	0.7158	857.4	4859.0	0.002596	1.002
alpha1_common[21]	0.4842	0.0009108	0.05286	0.0525	0.3802	0.4847	0.5874	3351.0	7643.0	0.01015	1.001
alpha1_common[22]	0.5666	0.0007577	0.1036	0.09724	0.3518	0.5685	0.7678	20190.0	8370.0	0.06113	1.0
alpha1_common[23]	0.5788	0.004561	0.1237	0.142	0.3577	0.5789	0.8092	764.4	4856.0	0.002314	1.003
alpha1_common[24]	0.2401	0.00169	0.08047	0.08039	0.1082	0.2311	0.4187	2326.0	9503.0	0.007042	1.001
alpha1_common[25]	0.1117	0.001648	0.07074	0.05915	0.01908	0.09516	0.293	2008.0	6220.0	0.00608	1.002
alpha1_common[26]	0.5397	0.000724	0.05817	0.05807	0.4293	0.5387	0.6575	6466.0	14170.0	0.01958	1.0
alpha1_common[27]	0.8894	0.0007743	0.04577	0.04403	0.7852	0.8945	0.9636	3725.0	7886.0	0.01128	1.001
alpha1_common[28]	0.2956	0.0005789	0.04761	0.04701	0.2083	0.2934	0.3951	6618.0	17960.0	0.02004	1.001
alpha1_common[29]	0.3902	0.002154	0.07004	0.07168	0.2623	0.3879	0.5353	1040.0	4753.0	0.003148	1.002
alpha1_common[30]	0.5473	0.0003427	0.04771	0.04732	0.4545	0.5468	0.6416	19410.0	26810.0	0.05877	1.0
alpha1_common[31]	0.3699	0.004678	0.1205	0.1376	0.1729	0.3597	0.609	691.6	4302.0	0.002094	1.003
alpha1_common[32]	0.4582	0.0005622	0.04813	0.04764	0.3686	0.4568	0.5571	7263.0	18730.0	0.02199	1.0
alpha1_common[33]	0.5737	0.001983	0.1085	0.108	0.3561	0.5765	0.7794	2977.0	9768.0	0.009013	1.001
alpha1_common[34]	0.5607	0.0003298	0.05828	0.05776	0.4503	0.5593	0.6786	31170.0	28120.0	0.09437	1.0
alpha1_common[35]	0.225	0.0004744	0.079	0.07268	0.09216	0.2171	0.4058	28130.0	21860.0	0.08516	1.0
alpha1_common[36]	0.2933	0.001335	0.05816	0.05678	0.1932	0.2884	0.4196	1872.0	7930.0	0.005667	1.001
alpha1_common[37]	0.5597	0.0004678	0.06198	0.06156	0.4389	0.5594	0.6807	17620.0	26180.0	0.05335	1.0
alpha1_common[38]	0.5318	0.00132	0.06291	0.06248	0.4097	0.5309	0.6586	2249.0	8082.0	0.006809	1.001
alpha1_common[39]	0.07279	0.0002033	0.03119	0.02583	0.02955	0.06673	0.151	24310.0	28730.0	0.07362	1.0
alpha1_common[40]	0.589	0.002205	0.09216	0.09241	0.4021	0.5912	0.7635	1752.0	6265.0	0.005305	1.001
alpha1_common[41]	0.685	0.0004981	0.0667	0.06474	0.5462	0.6873	0.8106	19720.0	13500.0	0.0597	1.0
alpha1_common[42]	0.4609	0.001078	0.06066	0.05968	0.3507	0.4578	0.5883	3140.0	10600.0	0.009506	1.001
alpha1_common[43]	0.2336	0.000435	0.02995	0.02935	0.1774	0.2327	0.2953	4563.0	11530.0	0.01382	1.0
alpha1_common[44]	0.1364	0.004586	0.1771	0.02658	0.003861	0.02368	0.5695	1724.0	6787.0	0.005218	1.003
alpha1_common[45]	0.07123	0.0003336	0.02363	0.02251	0.03264	0.06863	0.1252	5397.0	10600.0	0.01634	1.0
alpha1_common[46]	0.1114	0.001295	0.03919	0.03904	0.0502	0.1057	0.1988	903.7	4980.0	0.002736	1.002
alpha1_common[47]	0.08315	0.000143	0.02124	0.02001	0.04845	0.08067	0.1314	23500.0	25990.0	0.07115	1.0
alpha1_common[48]	0.4589	0.0003164	0.05971	0.05966	0.3459	0.4578	0.5798	36020.0	30130.0	0.1091	1.0
alpha1_common[49]	0.2977	0.001178	0.05366	0.05351	0.1934	0.2972	0.4043	2050.0	8423.0	0.006208	1.001
alpha1_common[50]	0.01568	7.407e-05	0.009809	0.007859	0.003624	0.01342	0.04073	17860.0	25010.0	0.05406	1.0
alpha1_common[51]	0.1366	0.0002996	0.04327	0.04249	0.06584	0.1318	0.2329	21750.0	24550.0	0.06585	1.0
alpha1_common[52]	0.8006	0.001418	0.06526	0.06733	0.6665	0.8038	0.9175	2108.0	10020.0	0.006382	1.001
alpha1_common[53]	0.8148	0.002539	0.08204	0.07834	0.6241	0.8286	0.9374	1089.0	4212.0	0.003297	1.002
alpha1_common[54]	0.3214	0.0008343	0.05514	0.05409	0.2222	0.3183	0.4386	4307.0	16270.0	0.01304	1.001
alpha1_common[55]	0.6843	0.0003797	0.06562	0.06581	0.5487	0.6871	0.805	30550.0	26930.0	0.09249	1.0
alpha1_common[56]	0.4452	0.0003501	0.06436	0.06309	0.3299	0.4412	0.5821	35010.0	25300.0	0.106	1.0
alpha1_common[57]	0.6645	0.003487	0.1124	0.1215	0.4411	0.6697	0.8637	1055.0	5381.0	0.003193	1.002
alpha1_common[58]	0.04368	0.0003368	0.044	0.02235	0.006225	0.03022	0.1636	19850.0	22590.0	0.06009	1.0
alpha1_common[59]	0.6478	0.001348	0.07181	0.07182	0.5041	0.6489	0.7843	2818.0	10480.0	0.008533	1.001
alpha1_common[60]	0.3697	0.001049	0.05751	0.05679	0.2577	0.3695	0.4842	2973.0	7608.0	0.009	1.001
alpha1_common[61]	0.3253	0.0009464	0.05185	0.05123	0.2258	0.3246	0.4306	2959.0	8864.0	0.00896	1.001
alpha1_common[62]	0.3051	0.0008798	0.05563	0.05468	0.2015	0.303	0.4198	3872.0	9420.0	0.01172	1.001
alpha1_common[63]	0.6359	0.001062	0.05666	0.05582	0.5294	0.6344	0.7527	2856.0	8747.0	0.008646	1.001
alpha1_common[64]	0.08409	0.000261	0.02092	0.02011	0.04851	0.08205	0.1311	5960.0	14980.0	0.01805	1.0
alpha1_common[65]	0.08652	0.0005469	0.06405	0.04676	0.01355	0.0688	0.2577	10260.0	20740.0	0.03108	1.001
alpha1_common[66]	0.1621	0.001816	0.06012	0.06459	0.06449	0.1569	0.2886	1090.0	6058.0	0.003299	1.003
alpha1_common[67]	0.04515	0.0004277	0.03115	0.0189	0.01289	0.03711	0.1311	6663.0	9520.0	0.02017	1.0
alpha1_common[68]	0.03052	0.0001529	0.02164	0.01585	0.006416	0.02508	0.08691	18330.0	24470.0	0.05549	1.0
alpha1_common[69]	0.04424	0.0001538	0.01583	0.0139	0.02141	0.04138	0.08311	11950.0	16480.0	0.03619	1.0
alpha1_common[70]	0.3334	0.002772	0.08084	0.08724	0.1895	0.3303	0.4953	861.4	4898.0	0.002608	1.003
alpha1_common[71]	0.2152	0.003532	0.1095	0.1106	0.06134	0.1944	0.4657	953.1	4888.0	0.002886	1.003
alpha1_common[72]	0.09475	0.0002758	0.03828	0.03754	0.0278	0.09233	0.1773	17810.0	13700.0	0.05392	1.0
alpha1_common[73]	0.2262	0.0007633	0.04242	0.04228	0.1454	0.2254	0.311	3009.0	8640.0	0.009109	1.001
alpha1_common[74]	0.1779	0.0003057	0.05741	0.05616	0.08275	0.172	0.3051	35560.0	28470.0	0.1077	1.0
alpha1_common[75]	0.1034	0.0001682	0.02534	0.02433	0.06063	0.1011	0.16	22630.0	26520.0	0.0685	1.0
alpha1_common[76]	0.3309	0.001039	0.05044	0.04864	0.2385	0.3284	0.4377	2319.0	8735.0	0.007022	1.001
alpha1_common[77]	0.6878	0.0007404	0.06328	0.06337	0.5629	0.6876	0.8116	7287.0	20570.0	0.02206	1.001
alpha1_common[78]	0.8376	0.0002879	0.04293	0.04277	0.7462	0.84	0.9142	22470.0	27580.0	0.06803	1.0
alpha1_common[79]	0.7339	0.0007952	0.05437	0.0538	0.6223	0.7354	0.8362	4667.0	15370.0	0.01413	1.0
alpha1_common[80]	0.6178	0.0008092	0.07514	0.07494	0.4699	0.6174	0.7666	8494.0	19880.0	0.02572	1.001
alpha1_common[81]	0.2555	0.0009029	0.04455	0.04428	0.1743	0.2538	0.3479	2380.0	8673.0	0.007205	1.001
alpha1_common[82]	0.2015	0.0003709	0.03398	0.03281	0.1417	0.1992	0.2749	8443.0	19520.0	0.02556	1.0
alpha1_common[83]	0.7356	0.001076	0.07446	0.0733	0.5792	0.7385	0.8716	4922.0	10230.0	0.0149	1.0
alpha1_common[84]	0.3779	0.002902	0.08948	0.09442	0.2272	0.3705	0.5659	941.1	4972.0	0.00285	1.002
alpha1_common[85]	0.4726	0.002446	0.07917	0.08081	0.3207	0.472	0.6269	1046.0	5191.0	0.003168	1.002
alpha1_common[86]	0.4726	0.0003421	0.06642	0.06601	0.3432	0.472	0.6044	37780.0	26300.0	0.1144	1.0
alpha1_common[87]	0.1311	0.001725	0.06436	0.06069	0.04137	0.1185	0.2842	1313.0	7097.0	0.003977	1.001
alpha1_common[88]	0.01771	0.0001021	0.01383	0.008664	0.003949	0.01413	0.05285	19170.0	26440.0	0.05804	1.0
alpha1_common[89]	0.5244	0.0004023	0.06755	0.06576	0.394	0.5236	0.6604	27980.0	16120.0	0.08473	1.0
alpha1_common[90]	0.2261	0.0002479	0.04572	0.04542	0.147	0.2226	0.3244	34210.0	29100.0	0.1036	1.0
alpha1_common[91]	0.3142	0.001367	0.182	0.1994	0.05699	0.286	0.7132	17420.0	26800.0	0.05274	1.0
alpha1_common[92]	0.4056	0.001018	0.08072	0.0796	0.2533	0.4029	0.571	6210.0	15830.0	0.0188	1.0
alpha1_common[93]	0.88	0.0003459	0.04518	0.04444	0.7825	0.8832	0.958	18070.0	19540.0	0.05472	1.0
alpha1_common[94]	0.7182	0.003	0.1585	0.1295	0.3023	0.7549	0.9304	3768.0	6164.0	0.01141	1.0
alpha1_common[95]	0.5648	0.0005837	0.07915	0.07629	0.4038	0.5657	0.7184	19370.0	11400.0	0.05866	1.0
alpha1_common[96]	0.3211	0.001307	0.05092	0.0508	0.229	0.3188	0.4277	1491.0	6953.0	0.004515	1.001
alpha1_common[97]	0.5859	0.004698	0.1203	0.1405	0.3658	0.5902	0.7984	685.4	4416.0	0.002075	1.003
alpha1_common[98]	0.5736	0.001195	0.08837	0.08866	0.4053	0.5723	0.7509	5456.0	18780.0	0.01652	1.0
alpha1_common[99]	0.8592	0.0008485	0.05956	0.05819	0.7259	0.8655	0.9563	5313.0	12180.0	0.01609	1.0
alpha1_common[100]	0.5121	0.001345	0.08125	0.08048	0.3649	0.5072	0.6824	3596.0	13340.0	0.01089	1.001
alpha1_common[101]	0.5332	0.0005198	0.06866	0.06879	0.3989	0.5326	0.669	17510.0	24900.0	0.05302	1.0
alpha1_common[102]	0.3283	0.0023	0.08232	0.08287	0.1627	0.3311	0.4841	1281.0	5900.0	0.003877	1.001
alpha1_common[103]	0.8207	0.001336	0.05967	0.05713	0.6853	0.8272	0.9197	2131.0	5308.0	0.006453	1.001
alpha1_common[104]	0.4814	0.001284	0.05607	0.05617	0.3749	0.4804	0.5949	1889.0	8397.0	0.005718	1.001
alpha1_common[105]	0.8515	0.0004332	0.06292	0.06442	0.7172	0.8564	0.9581	21850.0	24270.0	0.06614	1.0
alpha1_common[106]	0.4848	0.0006064	0.05422	0.05326	0.3824	0.4831	0.5956	8035.0	20250.0	0.02433	1.0
alpha1_common[107]	0.3575	0.002975	0.08209	0.08623	0.2281	0.3477	0.5355	770.2	4527.0	0.002332	1.003
alpha1_common[108]	0.4326	0.0006167	0.05171	0.05083	0.3378	0.4304	0.5404	7423.0	12190.0	0.02248	1.0
alpha1_common[109]	0.3474	0.002399	0.07457	0.07661	0.2207	0.341	0.5057	955.2	5510.0	0.002892	1.002
alpha1_common[110]	0.4053	0.001997	0.06518	0.06736	0.2782	0.4065	0.5304	1069.0	4714.0	0.003237	1.002
alpha1_common[111]	0.0749	0.0008103	0.04116	0.03859	0.01893	0.06725	0.1736	2169.0	7108.0	0.006567	1.001
alpha1_common[112]	0.43	0.001453	0.06848	0.0668	0.3067	0.426	0.5777	2196.0	8533.0	0.006648	1.001
alpha1_common[113]	0.3655	0.001592	0.08737	0.08654	0.2019	0.3632	0.5448	2850.0	6784.0	0.00863	1.001
alpha1_common[114]	0.2528	0.001334	0.04741	0.04579	0.1733	0.2476	0.3582	1237.0	6230.0	0.003745	1.002
alpha1_common[115]	0.7143	0.001688	0.06343	0.06345	0.5788	0.7184	0.826	1432.0	5169.0	0.004336	1.002
alpha1_common[116]	0.3735	0.0002113	0.04564	0.04506	0.2873	0.372	0.4674	47270.0	29780.0	0.1431	1.0
alpha1_common[117]	0.4666	0.0002877	0.05729	0.05543	0.3553	0.4659	0.5819	39780.0	18050.0	0.1204	1.0
alpha1_common[118]	0.5547	0.0003666	0.06625	0.06557	0.4241	0.5547	0.6863	32650.0	23360.0	0.09885	1.0
alpha1_common[119]	0.7098	0.0003175	0.05217	0.05132	0.6047	0.711	0.8095	27630.0	24640.0	0.08364	1.0
alpha1_common[120]	0.379	0.002241	0.09604	0.09687	0.1839	0.3833	0.557	1873.0	5427.0	0.005669	1.001
alpha1_common[121]	0.4159	0.001825	0.09841	0.09625	0.2408	0.4096	0.628	2771.0	7785.0	0.008391	1.001
alpha1_common[122]	0.396	0.0003054	0.04499	0.04408	0.3124	0.3944	0.4897	21400.0	22480.0	0.06479	1.0
alpha1_common[123]	0.1028	0.001478	0.0423	0.03893	0.04354	0.09448	0.203	809.5	4057.0	0.002451	1.003
alpha1_common[124]	0.5465	0.0009962	0.05903	0.05827	0.435	0.545	0.6662	3526.0	11810.0	0.01067	1.0
alpha1_common[125]	0.5207	0.0002769	0.05098	0.05059	0.4226	0.5199	0.6234	33590.0	26030.0	0.1017	1.0
alpha1_common[126]	0.5724	0.001515	0.0575	0.0572	0.4562	0.5737	0.6829	1434.0	5618.0	0.004341	1.002
alpha1_common[127]	0.5332	0.002435	0.08258	0.08494	0.3777	0.5319	0.6963	1151.0	5619.0	0.003486	1.002
alpha1_common[128]	0.6924	0.0004541	0.08085	0.07909	0.5282	0.694	0.8463	31720.0	23920.0	0.09605	1.0
alpha1_common[129]	0.6794	0.001825	0.06659	0.06512	0.5364	0.6847	0.7961	1358.0	4501.0	0.004112	1.002
alpha1_common[130]	0.08472	0.001304	0.05386	0.03769	0.02484	0.06901	0.2318	1708.0	5512.0	0.005171	1.002
alpha1_common[131]	0.2393	0.0004513	0.07863	0.0768	0.09426	0.2355	0.4047	29410.0	22010.0	0.08905	1.0
alpha1_common[132]	0.435	0.0004945	0.08659	0.08314	0.2717	0.4318	0.6157	31350.0	18830.0	0.09493	1.0
alpha1_common[133]	0.1783	0.0007562	0.05064	0.04806	0.09201	0.1735	0.2906	4430.0	15080.0	0.01341	1.001
alpha1_common[134]	0.5145	0.002271	0.07324	0.07504	0.3738	0.5135	0.6587	1036.0	6108.0	0.003136	1.002
alpha1_common[135]	0.4616	0.0007884	0.07442	0.0729	0.3101	0.4627	0.6042	9336.0	10420.0	0.02827	1.0
alpha1_common[136]	0.09726	0.0003462	0.02643	0.02376	0.05557	0.09377	0.1589	6379.0	11810.0	0.01931	1.0
alpha1_common[137]	0.4536	0.00111	0.06436	0.06346	0.3252	0.4544	0.5796	3354.0	6572.0	0.01016	1.001
alpha1_common[138]	0.4201	0.003329	0.09457	0.1015	0.2418	0.422	0.6001	820.0	4467.0	0.002483	1.003
alpha1_common[139]	0.5141	0.001061	0.06682	0.06582	0.3823	0.5139	0.6465	3937.0	8908.0	0.01192	1.001
alpha1_common[140]	0.2006	0.0004785	0.03651	0.03574	0.1364	0.1982	0.2791	5973.0	13660.0	0.01808	1.0
alpha1_common[141]	0.5375	0.001728	0.09316	0.09135	0.3559	0.5372	0.7203	2876.0	12260.0	0.008708	1.001
beta1m_common[1]	3.076	0.005426	0.8387	0.8359	1.504	3.063	4.794	23130.0	19450.0	0.07004	1.0
beta1m_common[2]	0.7501	0.002512	0.4732	0.4067	0.1503	0.6489	1.937	36000.0	29240.0	0.109	1.0
beta1m_common[3]	3.078	0.003194	0.5488	0.5433	2.038	3.063	4.196	28740.0	23180.0	0.08703	1.0
beta1m_common[4]	0.3531	0.001103	0.2195	0.1795	0.07883	0.3044	0.903	43240.0	28020.0	0.1309	1.0
beta1m_common[5]	0.8727	0.001815	0.378	0.3857	0.2396	0.8405	1.689	38080.0	22020.0	0.1153	1.0
beta1m_common[6]	0.3731	0.0008981	0.1977	0.1842	0.09354	0.3391	0.8471	45190.0	27150.0	0.1368	1.0
beta1m_common[7]	0.8545	0.002593	0.5785	0.4897	0.1443	0.716	2.322	47720.0	25440.0	0.1445	1.0
beta1m_common[8]	0.7923	0.002352	0.3489	0.3368	0.2247	0.7562	1.588	23100.0	22280.0	0.06993	1.0
beta1m_common[9]	2.796	0.00424	0.8217	0.8211	1.265	2.767	4.47	35940.0	22370.0	0.1088	1.0
beta1m_common[10]	0.5732	0.001407	0.3112	0.2937	0.1332	0.5172	1.308	44360.0	25720.0	0.1343	1.0
beta1m_common[11]	0.481	0.0009336	0.2117	0.2113	0.1384	0.4583	0.9492	44210.0	23820.0	0.1339	1.0
beta1m_common[12]	0.5961	0.00203	0.4133	0.3214	0.1136	0.4948	1.642	40960.0	29750.0	0.124	1.0
beta1m_common[13]	0.6726	0.001995	0.4382	0.3685	0.1269	0.5701	1.775	46060.0	28100.0	0.1395	0.9999
beta1m_common[14]	0.7374	0.001698	0.3826	0.3782	0.1694	0.6809	1.628	43020.0	24330.0	0.1303	1.0
beta1m_common[15]	1.578	0.00417	0.7888	0.7966	0.3372	1.488	3.334	31260.0	21820.0	0.09465	1.0
beta1m_common[16]	1.882	0.003538	0.569	0.5679	0.821	1.871	3.05	24860.0	19020.0	0.07528	1.0
beta1m_common[17]	0.3342	0.0007912	0.1784	0.1645	0.08541	0.3029	0.7724	48580.0	28490.0	0.1471	1.0
beta1m_common[18]	0.7358	0.001999	0.464	0.4073	0.1409	0.6328	1.89	50180.0	29520.0	0.1519	1.0
beta1m_common[19]	0.9815	0.002212	0.5069	0.5079	0.2139	0.9098	2.128	44200.0	24500.0	0.1338	1.0
beta1m_common[20]	2.93	0.004274	0.6897	0.6744	1.688	2.892	4.398	25820.0	26590.0	0.07817	1.0
beta1m_common[21]	2.552	0.002711	0.5434	0.5349	1.532	2.537	3.673	38750.0	22860.0	0.1173	1.0
beta1m_common[22]	0.4119	0.0009755	0.2083	0.1981	0.1069	0.3802	0.9005	41260.0	25830.0	0.1249	1.0
beta1m_common[23]	0.4029	0.001032	0.2277	0.2047	0.09503	0.3586	0.9562	45950.0	27260.0	0.1391	1.0
beta1m_common[24]	0.6935	0.002093	0.4089	0.3717	0.143	0.6124	1.703	38170.0	28840.0	0.1156	1.0
beta1m_common[25]	0.4443	0.001492	0.283	0.2305	0.09544	0.3814	1.146	38210.0	27690.0	0.1157	1.0
beta1m_common[26]	2.225	0.00337	0.5714	0.5512	1.183	2.196	3.433	28440.0	23380.0	0.08611	1.0
beta1m_common[27]	0.5067	0.001136	0.2603	0.2501	0.1245	0.4687	1.118	45390.0	25550.0	0.1374	1.0
beta1m_common[28]	0.4486	0.001052	0.2342	0.2223	0.1108	0.41	1.002	45450.0	28460.0	0.1376	1.0
beta1m_common[29]	1.519	0.00258	0.5394	0.5441	0.5465	1.491	2.65	39910.0	22260.0	0.1208	1.0
beta1m_common[30]	3.117	0.006255	0.8261	0.8137	1.584	3.085	4.824	16730.0	16760.0	0.05066	1.0
beta1m_common[31]	0.9752	0.002108	0.4485	0.449	0.2503	0.9318	1.967	39420.0	23330.0	0.1194	1.0
beta1m_common[32]	3.053	0.002815	0.5553	0.5487	2.013	3.035	4.191	38080.0	25800.0	0.1153	1.0
beta1m_common[33]	0.3518	0.0008046	0.1774	0.1673	0.09428	0.3232	0.772	43480.0	26660.0	0.1317	1.0
beta1m_common[34]	2.056	0.00508	0.5261	0.5144	1.098	2.032	3.161	10420.0	16650.0	0.03156	1.0
beta1m_common[35]	0.4577	0.001459	0.2838	0.237	0.09842	0.397	1.162	40380.0	27510.0	0.1222	1.0
beta1m_common[36]	1.082	0.002861	0.5299	0.5264	0.261	1.015	2.279	31900.0	24380.0	0.09659	1.0
beta1m_common[37]	1.284	0.002007	0.3946	0.3967	0.5445	1.275	2.096	36450.0	21020.0	0.1103	1.0
beta1m_common[38]	1.141	0.002662	0.4375	0.4425	0.3696	1.114	2.073	26050.0	21670.0	0.07886	1.0
beta1m_common[39]	0.7237	0.002186	0.47	0.4053	0.1354	0.6171	1.905	45730.0	29450.0	0.1385	1.0
beta1m_common[40]	0.5809	0.001596	0.2725	0.267	0.1559	0.5472	1.206	28740.0	24830.0	0.08702	1.0
beta1m_common[41]	0.5463	0.001112	0.2463	0.2463	0.155	0.5198	1.096	42820.0	25660.0	0.1297	1.0
beta1m_common[42]	1.296	0.003345	0.6855	0.6831	0.2703	1.204	2.87	36750.0	25790.0	0.1113	1.0
beta1m_common[43]	0.5375	0.001537	0.3437	0.2906	0.1075	0.459	1.402	49110.0	27990.0	0.1487	1.0
beta1m_common[44]	0.811	0.005652	0.6579	0.4144	0.1442	0.6347	2.579	17990.0	18490.0	0.05448	1.0
beta1m_common[45]	0.7205	0.00221	0.4704	0.3959	0.1358	0.6119	1.916	46900.0	28860.0	0.142	1.0
beta1m_common[46]	2.027	0.01113	1.915	1.22	0.2075	1.399	7.282	36780.0	31450.0	0.1114	1.0
beta1m_common[47]	1.941	0.007179	1.423	1.254	0.2419	1.588	5.536	37430.0	30060.0	0.1133	1.0
beta1m_common[48]	2.29	0.003334	0.5902	0.5805	1.174	2.279	3.48	30270.0	20330.0	0.09165	1.0
beta1m_common[49]	0.9309	0.002473	0.5128	0.4924	0.1969	0.8453	2.134	38400.0	24910.0	0.1163	1.0
beta1m_common[50]	0.7415	0.002933	0.582	0.4025	0.1231	0.5836	2.261	48400.0	30200.0	0.1465	1.0
beta1m_common[51]	1.442	0.003258	0.6543	0.6538	0.3703	1.381	2.885	35750.0	23650.0	0.1082	1.0
beta1m_common[52]	0.5018	0.001161	0.2671	0.2534	0.1202	0.457	1.138	46020.0	26360.0	0.1393	1.0
beta1m_common[53]	0.3736	0.0009191	0.2073	0.1899	0.08876	0.3347	0.881	48090.0	26740.0	0.1456	1.0
beta1m_common[54]	0.8282	0.001767	0.3654	0.3711	0.2293	0.7942	1.628	37760.0	23010.0	0.1143	1.0
beta1m_common[55]	0.5967	0.001149	0.2627	0.2666	0.1693	0.5708	1.173	45130.0	25540.0	0.1367	1.0
beta1m_common[56]	0.5783	0.001318	0.2981	0.2858	0.14	0.5332	1.276	44710.0	27130.0	0.1354	1.0
beta1m_common[57]	0.4604	0.001196	0.2147	0.2063	0.1316	0.4298	0.9541	31110.0	25850.0	0.09418	1.0
beta1m_common[58]	0.9693	0.004111	0.8295	0.534	0.1498	0.7393	3.178	49600.0	30180.0	0.1502	1.0
beta1m_common[59]	0.9884	0.001846	0.3517	0.3541	0.3552	0.9683	1.721	33530.0	21220.0	0.1015	1.0
beta1m_common[60]	1.276	0.00273	0.5195	0.5202	0.3953	1.232	2.396	32870.0	23470.0	0.09952	1.0
beta1m_common[61]	0.3937	0.0009339	0.2092	0.1962	0.09712	0.3571	0.8956	46760.0	28080.0	0.1416	1.0
beta1m_common[62]	0.6072	0.00159	0.3565	0.3187	0.1309	0.5344	1.492	46850.0	28690.0	0.1419	1.0
beta1m_common[63]	1.663	0.001997	0.4158	0.4133	0.8884	1.649	2.517	41650.0	24720.0	0.1261	1.0
beta1m_common[64]	0.6137	0.002089	0.438	0.3344	0.1125	0.504	1.757	49430.0	28820.0	0.1497	1.0
beta1m_common[65]	0.919	0.003889	0.759	0.5086	0.1453	0.7096	2.928	43440.0	31720.0	0.1315	1.0
beta1m_common[66]	0.8541	0.00228	0.4864	0.4615	0.1753	0.767	2.003	39770.0	26980.0	0.1204	1.0
beta1m_common[67]	0.8056	0.002837	0.5587	0.4514	0.1439	0.6678	2.234	39130.0	28340.0	0.1185	1.0
beta1m_common[68]	0.7137	0.002643	0.536	0.393	0.1259	0.5752	2.107	46270.0	30180.0	0.1401	1.0
beta1m_common[69]	0.6677	0.002138	0.4612	0.3657	0.1238	0.5539	1.863	50620.0	29940.0	0.1533	1.0
beta1m_common[70]	0.3096	0.0007834	0.1726	0.155	0.07584	0.2749	0.7311	46470.0	28210.0	0.1407	1.0
beta1m_common[71]	0.8841	0.002268	0.4737	0.4286	0.2139	0.8054	2.023	41670.0	27920.0	0.1262	1.0
beta1m_common[72]	0.4997	0.001309	0.2948	0.2615	0.1084	0.4399	1.224	47770.0	27790.0	0.1446	1.0
beta1m_common[73]	1.473	0.004176	0.594	0.5874	0.4464	1.427	2.768	19970.0	21070.0	0.06046	1.0
beta1m_common[74]	0.926	0.002472	0.5268	0.4908	0.1976	0.8341	2.188	40660.0	26590.0	0.1231	1.0
beta1m_common[75]	0.6246	0.001701	0.3816	0.3314	0.128	0.5455	1.574	47620.0	26340.0	0.1442	1.0
beta1m_common[76]	0.7209	0.001745	0.3947	0.379	0.1582	0.6536	1.656	46460.0	27490.0	0.1407	1.0
beta1m_common[77]	1.446	0.003016	0.5695	0.5711	0.4466	1.41	2.66	32750.0	21590.0	0.09916	1.0
beta1m_common[78]	2.891	0.004914	0.7448	0.6812	1.701	2.802	4.617	23960.0	24030.0	0.07256	1.0
beta1m_common[79]	2.363	0.002612	0.4099	0.408	1.581	2.354	3.195	23960.0	22070.0	0.07256	1.0
beta1m_common[80]	0.4496	0.0008838	0.2034	0.2015	0.1281	0.4253	0.9107	46490.0	26000.0	0.1408	1.0
beta1m_common[81]	1.282	0.002808	0.5272	0.5332	0.3792	1.242	2.413	32130.0	21450.0	0.09729	1.0
beta1m_common[82]	0.5324	0.001462	0.3268	0.2852	0.1085	0.4616	1.357	47930.0	28140.0	0.1451	1.0
beta1m_common[83]	1.49	0.001965	0.3448	0.345	0.8417	1.48	2.198	29610.0	23730.0	0.08966	1.0
beta1m_common[84]	0.4198	0.001259	0.2522	0.2159	0.09468	0.367	1.052	41920.0	27780.0	0.1269	1.0
beta1m_common[85]	0.7693	0.001532	0.3494	0.3502	0.2105	0.732	1.543	44900.0	25810.0	0.1359	1.0
beta1m_common[86]	0.4436	0.001181	0.2365	0.2232	0.1065	0.4032	1.012	37700.0	26400.0	0.1141	1.0
beta1m_common[87]	0.5872	0.001659	0.3601	0.308	0.1249	0.5098	1.487	47560.0	29400.0	0.144	1.0
beta1m_common[88]	1.192	0.004953	0.9915	0.6874	0.1677	0.9125	3.782	44170.0	29700.0	0.1337	1.0
beta1m_common[89]	2.129	0.002596	0.5371	0.5349	1.124	2.114	3.226	40940.0	23880.0	0.1239	1.0
beta1m_common[90]	0.9917	0.003049	0.6378	0.5631	0.1766	0.8503	2.594	39570.0	27780.0	0.1198	1.0
beta1m_common[91]	0.6017	0.002137	0.3871	0.3081	0.1275	0.512	1.606	31430.0	28050.0	0.09517	1.0
beta1m_common[92]	0.4007	0.0009835	0.2125	0.2006	0.09939	0.3631	0.9072	45160.0	28660.0	0.1367	1.0
beta1m_common[93]	0.3943	0.000916	0.2065	0.1956	0.09787	0.3593	0.8843	45940.0	26810.0	0.1391	1.0
beta1m_common[94]	0.3451	0.0008292	0.1784	0.1661	0.08979	0.315	0.7697	42170.0	26580.0	0.1277	1.0
beta1m_common[95]	0.3552	0.0008362	0.1831	0.1758	0.08996	0.3263	0.7895	43380.0	25770.0	0.1314	1.0
beta1m_common[96]	1.25	0.002744	0.5585	0.558	0.3459	1.192	2.492	35840.0	22090.0	0.1085	1.0
beta1m_common[97]	0.7148	0.001577	0.3554	0.3538	0.1716	0.6692	1.528	43450.0	25740.0	0.1315	0.9999
beta1m_common[98]	0.6815	0.001381	0.2804	0.2809	0.2113	0.6584	1.296	37720.0	22350.0	0.1142	1.0
beta1m_common[99]	0.4899	0.0009821	0.2322	0.2283	0.1315	0.4588	1.021	49420.0	26050.0	0.1496	1.0
beta1m_common[100]	1.184	0.002033	0.4224	0.4238	0.4327	1.157	2.08	39240.0	21810.0	0.1188	1.0
beta1m_common[101]	0.5445	0.001209	0.2531	0.2494	0.1507	0.5116	1.124	39470.0	25210.0	0.1195	1.0
beta1m_common[102]	0.464	0.001149	0.2632	0.2386	0.1073	0.4137	1.112	48160.0	26490.0	0.1458	1.0
beta1m_common[103]	2.108	0.002093	0.3917	0.3794	1.406	2.085	2.95	35310.0	28930.0	0.1069	1.0
beta1m_common[104]	1.895	0.002908	0.5105	0.5084	0.9303	1.879	2.934	29730.0	21260.0	0.09002	1.0
beta1m_common[105]	0.3534	0.0006751	0.1581	0.1559	0.1041	0.3343	0.7096	48550.0	26190.0	0.147	1.0
beta1m_common[106]	1.312	0.0029	0.462	0.457	0.4873	1.286	2.295	24510.0	20900.0	0.0742	1.0
beta1m_common[107]	1.8	0.003113	0.5725	0.5749	0.749	1.774	2.988	31840.0	22100.0	0.09639	1.0
beta1m_common[108]	0.6035	0.001449	0.3079	0.2976	0.1486	0.5588	1.313	41630.0	26320.0	0.1261	1.0
beta1m_common[109]	0.5106	0.001171	0.2664	0.2551	0.1247	0.4664	1.133	47110.0	25880.0	0.1426	1.0
beta1m_common[110]	2.148	0.003794	0.6466	0.6459	0.967	2.121	3.484	27550.0	20490.0	0.08341	1.0
beta1m_common[111]	0.6217	0.001971	0.4186	0.3426	0.1152	0.5206	1.703	43980.0	28440.0	0.1332	1.0
beta1m_common[112]	1.439	0.003116	0.5833	0.5888	0.4342	1.4	2.693	31510.0	20880.0	0.09542	1.0
beta1m_common[113]	0.5424	0.00113	0.2518	0.248	0.1493	0.5106	1.114	43770.0	25700.0	0.1325	1.0
beta1m_common[114]	1.701	0.003956	0.7716	0.7955	0.3956	1.649	3.346	33950.0	21480.0	0.1028	1.0
beta1m_common[115]	2.393	0.005387	0.6021	0.5969	1.332	2.356	3.678	12140.0	19090.0	0.03676	1.0
beta1m_common[116]	0.5277	0.001254	0.2825	0.2687	0.1261	0.4788	1.197	46190.0	27590.0	0.1398	1.0
beta1m_common[117]	0.5699	0.001556	0.3017	0.2856	0.1353	0.5198	1.287	34770.0	26710.0	0.1053	1.0
beta1m_common[118]	0.5536	0.001377	0.314	0.2905	0.1206	0.4946	1.309	46340.0	25430.0	0.1403	1.0
beta1m_common[119]	0.8358	0.002427	0.3367	0.3383	0.2545	0.8107	1.562	18900.0	21440.0	0.05723	1.0
beta1m_common[120]	0.3974	0.001061	0.2245	0.2001	0.09302	0.3527	0.9396	43070.0	28280.0	0.1304	1.0
beta1m_common[121]	0.54	0.001216	0.2764	0.2641	0.1342	0.4975	1.19	45750.0	26930.0	0.1385	0.9999
beta1m_common[122]	1.136	0.002539	0.5729	0.581	0.2495	1.071	2.429	42660.0	23460.0	0.1292	1.0
beta1m_common[123]	0.5336	0.001472	0.3244	0.2821	0.111	0.4634	1.342	45600.0	28020.0	0.1381	1.0
beta1m_common[124]	1.637	0.001906	0.3981	0.3954	0.8983	1.622	2.459	41900.0	24090.0	0.1269	1.0
beta1m_common[125]	2.292	0.002723	0.5093	0.5075	1.34	2.276	3.33	34190.0	25800.0	0.1035	1.0
beta1m_common[126]	2.165	0.005036	0.5453	0.5382	1.182	2.136	3.327	11510.0	18570.0	0.03484	1.0
beta1m_common[127]	0.8037	0.00149	0.3299	0.3355	0.2437	0.7785	1.514	43050.0	23090.0	0.1303	1.0
beta1m_common[128]	0.4424	0.0008941	0.2	0.1974	0.1237	0.4187	0.8943	43790.0	25070.0	0.1326	1.0
beta1m_common[129]	2.753	0.002148	0.4285	0.4229	1.952	2.74	3.634	39300.0	29650.0	0.119	1.0
beta1m_common[130]	0.4444	0.001456	0.2932	0.2336	0.09175	0.3754	1.187	41710.0	29010.0	0.1263	1.0
beta1m_common[131]	0.3656	0.0009356	0.2063	0.183	0.0876	0.3246	0.8759	46890.0	28240.0	0.142	1.0
beta1m_common[132]	0.4409	0.001026	0.2256	0.2146	0.1124	0.405	0.9747	43910.0	27270.0	0.1329	1.0
beta1m_common[133]	0.4239	0.001091	0.2409	0.2169	0.09777	0.3764	1.02	45490.0	26520.0	0.1377	1.0
beta1m_common[134]	1.579	0.002482	0.4772	0.4816	0.6915	1.563	2.548	34700.0	21240.0	0.1051	1.0
beta1m_common[135]	1.15	0.003131	0.5024	0.4979	0.3172	1.103	2.251	25270.0	22060.0	0.07651	1.0
beta1m_common[136]	0.6705	0.002044	0.4329	0.3675	0.131	0.5707	1.779	45330.0	29600.0	0.1372	1.0
beta1m_common[137]	1.406	0.002511	0.5177	0.5186	0.4734	1.379	2.493	38510.0	22010.0	0.1166	1.0
beta1m_common[138]	1.228	0.002899	0.6283	0.6324	0.2653	1.15	2.646	40580.0	25960.0	0.1229	1.0
beta1m_common[139]	0.5455	0.001206	0.2684	0.2598	0.1419	0.508	1.168	44430.0	26710.0	0.1345	1.0
beta1m_common[140]	0.4575	0.001277	0.274	0.2384	0.09917	0.4019	1.151	45640.0	28580.0	0.1382	1.0
beta1m_common[141]	0.5152	0.001243	0.2672	0.2552	0.1286	0.4723	1.147	42910.0	26330.0	0.1299	1.0
beta1t_common[1]	2.423	0.004018	0.5817	0.5868	1.363	2.398	3.633	20690.0	27320.0	0.06265	1.0
beta1t_common[2]	1.656	0.005645	0.5297	0.5145	0.7836	1.604	2.845	10040.0	17060.0	0.03039	1.0
beta1t_common[3]	2.055	0.00233	0.4361	0.4342	1.24	2.046	2.954	34390.0	27730.0	0.1041	1.0
beta1t_common[4]	1.657	0.004436	0.5524	0.4802	0.8175	1.585	2.954	21200.0	15340.0	0.0642	1.0
beta1t_common[5]	1.839	0.004054	0.4256	0.4282	1.06	1.821	2.724	11070.0	22930.0	0.0335	1.0
beta1t_common[6]	2.037	0.005168	0.454	0.4437	1.241	2.003	3.019	8183.0	14490.0	0.02478	1.0
beta1t_common[7]	4.025	0.02152	2.019	1.601	1.425	3.568	9.338	12710.0	9593.0	0.0385	1.001
beta1t_common[8]	2.455	0.01167	0.5213	0.5412	1.554	2.419	3.54	2046.0	9372.0	0.006194	1.002
beta1t_common[9]	2.495	0.003671	0.6377	0.6456	1.339	2.466	3.819	29340.0	25380.0	0.08884	1.0
beta1t_common[10]	1.527	0.001807	0.369	0.3678	0.8544	1.509	2.299	40700.0	28330.0	0.1232	1.0
beta1t_common[11]	1.757	0.002002	0.3018	0.3007	1.185	1.753	2.36	22560.0	25770.0	0.06831	1.0
beta1t_common[12]	1.375	0.003276	0.5688	0.509	0.5416	1.281	2.746	29790.0	26050.0	0.09019	1.0
beta1t_common[13]	1.867	0.002762	0.5563	0.5422	0.9174	1.822	3.093	38830.0	27820.0	0.1176	1.0
beta1t_common[14]	3.559	0.003584	0.5729	0.568	2.472	3.544	4.714	25450.0	26270.0	0.07707	1.0
beta1t_common[15]	2.321	0.00349	0.6086	0.6085	1.218	2.291	3.594	30130.0	26160.0	0.09123	1.0
beta1t_common[16]	2.754	0.004524	0.5474	0.5399	1.735	2.735	3.885	14770.0	23030.0	0.04471	1.0
beta1t_common[17]	1.49	0.004096	0.3582	0.3655	0.8418	1.475	2.235	7841.0	21910.0	0.02374	1.0
beta1t_common[18]	2.733	0.005305	0.6734	0.6748	1.519	2.705	4.146	15930.0	24550.0	0.04822	1.0
beta1t_common[19]	3.205	0.009279	0.7116	0.7163	1.902	3.172	4.673	5839.0	14710.0	0.01768	1.001
beta1t_common[20]	3.073	0.003668	0.5939	0.5813	1.974	3.05	4.315	26190.0	26850.0	0.0793	1.0
beta1t_common[21]	2.625	0.004641	0.48	0.4804	1.709	2.619	3.597	10710.0	19350.0	0.03242	1.0
beta1t_common[22]	1.571	0.003007	0.3495	0.3531	0.9329	1.559	2.287	13780.0	26870.0	0.04172	1.0
beta1t_common[23]	3.08	0.006653	0.681	0.6901	1.83	3.053	4.478	10560.0	24170.0	0.03198	1.0
beta1t_common[24]	0.971	0.002601	0.3223	0.3086	0.45	0.9352	1.704	16230.0	21620.0	0.04915	1.0
beta1t_common[25]	1.429	0.002342	0.4271	0.4021	0.7208	1.386	2.373	36540.0	28190.0	0.1106	1.0
beta1t_common[26]	2.474	0.009305	0.5962	0.5953	1.436	2.433	3.745	4195.0	13480.0	0.0127	1.001
beta1t_common[27]	3.223	0.002809	0.4688	0.4583	2.395	3.193	4.225	28030.0	29760.0	0.08487	1.0
beta1t_common[28]	1.481	0.002881	0.3319	0.3306	0.8753	1.465	2.173	13140.0	25550.0	0.03978	1.0
beta1t_common[29]	1.651	0.002534	0.4427	0.4433	0.8663	1.628	2.596	30490.0	28250.0	0.09233	1.0
beta1t_common[30]	4.043	0.01261	0.9582	0.956	2.308	4.0	6.04	5661.0	17190.0	0.01714	1.0
beta1t_common[31]	2.547	0.003412	0.4543	0.4479	1.692	2.533	3.473	18070.0	24910.0	0.05472	1.0
beta1t_common[32]	1.398	0.003687	0.3933	0.3864	0.7194	1.366	2.265	12400.0	16480.0	0.03755	1.001
beta1t_common[33]	0.878	0.00141	0.2529	0.2507	0.4396	0.8585	1.423	31570.0	28670.0	0.09558	1.0
beta1t_common[34]	2.535	0.003003	0.4163	0.4076	1.75	2.52	3.392	19330.0	26150.0	0.05854	1.0
beta1t_common[35]	1.266	0.002166	0.3618	0.3568	0.6481	1.236	2.063	27190.0	28600.0	0.08231	1.0
beta1t_common[36]	2.026	0.002574	0.4853	0.4867	1.143	2.006	3.038	35040.0	26010.0	0.1061	1.0
beta1t_common[37]	2.121	0.003204	0.4055	0.4066	1.345	2.115	2.935	16140.0	26130.0	0.04886	1.0
beta1t_common[38]	2.542	0.005354	0.4589	0.4501	1.715	2.515	3.518	7478.0	18680.0	0.02264	1.0
beta1t_common[39]	1.862	0.002871	0.5737	0.5672	0.8793	1.815	3.123	37990.0	26950.0	0.115	1.0
beta1t_common[40]	1.897	0.01078	0.4991	0.5085	1.082	1.846	2.989	2148.0	10270.0	0.006505	1.002
beta1t_common[41]	1.566	0.006685	0.4017	0.392	0.8865	1.528	2.457	3810.0	9271.0	0.01154	1.001
beta1t_common[42]	4.311	0.006379	0.8672	0.8663	2.725	4.277	6.104	18550.0	26400.0	0.05618	1.0
beta1t_common[43]	3.914	0.00635	0.7492	0.7426	2.481	3.905	5.421	13650.0	16760.0	0.04132	1.0
beta1t_common[44]	1.386	0.01446	0.8131	0.6888	0.4226	1.165	3.408	2521.0	12970.0	0.007633	1.002
beta1t_common[45]	3.921	0.004438	0.7096	0.6953	2.628	3.888	5.413	25660.0	27030.0	0.0777	1.0
beta1t_common[46]	4.108	0.009786	1.481	1.407	1.697	3.96	7.491	22010.0	23370.0	0.06665	1.0
beta1t_common[47]	3.882	0.008671	1.102	0.9978	2.085	3.749	6.469	19160.0	15150.0	0.05802	1.001
beta1t_common[48]	3.185	0.008823	0.6417	0.6455	1.986	3.169	4.492	5314.0	19500.0	0.01609	1.001
beta1t_common[49]	3.066	0.005852	0.6055	0.6061	1.93	3.046	4.296	10790.0	21730.0	0.03266	1.0
beta1t_common[50]	1.606	0.003608	0.7274	0.6306	0.5973	1.472	3.39	41750.0	28750.0	0.1264	1.0
beta1t_common[51]	1.257	0.002946	0.4291	0.4085	0.5675	1.205	2.229	22260.0	27650.0	0.06741	1.0
beta1t_common[52]	2.657	0.003172	0.5584	0.5391	1.671	2.62	3.849	30520.0	26080.0	0.09239	1.0
beta1t_common[53]	3.147	0.007186	0.6022	0.5801	2.081	3.108	4.442	6809.0	16010.0	0.02062	1.001
beta1t_common[54]	1.702	0.002055	0.3777	0.3796	1.005	1.688	2.48	33110.0	26860.0	0.1003	1.0
beta1t_common[55]	2.438	0.00454	0.3813	0.3738	1.734	2.42	3.236	7161.0	19140.0	0.02168	1.001
beta1t_common[56]	1.485	0.002769	0.4216	0.4068	0.7619	1.45	2.41	25000.0	22080.0	0.07569	1.0
beta1t_common[57]	1.346	0.002352	0.267	0.2637	0.8574	1.333	1.905	13300.0	22960.0	0.04027	1.0
beta1t_common[58]	1.698	0.004013	0.7685	0.6679	0.632	1.553	3.579	36640.0	30530.0	0.1109	1.0
beta1t_common[59]	1.265	0.001951	0.3405	0.3334	0.6643	1.24	1.991	30630.0	28450.0	0.09275	1.0
beta1t_common[60]	2.5	0.002451	0.443	0.439	1.67	2.489	3.408	33330.0	26750.0	0.1009	1.0
beta1t_common[61]	1.072	0.002385	0.2983	0.2897	0.5567	1.049	1.724	16210.0	21810.0	0.04909	1.0
beta1t_common[62]	1.347	0.002543	0.4209	0.4061	0.6444	1.308	2.283	29140.0	26650.0	0.08822	1.0
beta1t_common[63]	2.037	0.002421	0.4199	0.4188	1.245	2.025	2.89	30090.0	28770.0	0.09111	1.0
beta1t_common[64]	3.712	0.007542	1.085	0.9541	1.976	3.594	6.289	21200.0	19510.0	0.06418	1.0
beta1t_common[65]	1.33	0.002971	0.486	0.4536	0.5839	1.263	2.459	26080.0	29340.0	0.07897	1.0
beta1t_common[66]	1.48	0.003673	0.4532	0.4484	0.7084	1.442	2.475	15290.0	24190.0	0.04628	1.0
beta1t_common[67]	1.98	0.01125	1.389	0.7802	0.6367	1.64	5.564	21570.0	17720.0	0.0653	1.0
beta1t_common[68]	1.691	0.00356	0.6965	0.63	0.6801	1.578	3.349	38290.0	29680.0	0.1159	1.0
beta1t_common[69]	2.681	0.003883	0.7124	0.7008	1.43	2.631	4.213	32610.0	26340.0	0.09875	1.0
beta1t_common[70]	1.894	0.004122	0.4418	0.4363	1.097	1.871	2.823	11740.0	21760.0	0.03553	1.0
beta1t_common[71]	1.263	0.002331	0.3678	0.3477	0.6552	1.226	2.098	28220.0	23530.0	0.08544	1.0
beta1t_common[72]	1.296	0.003187	0.4581	0.4299	0.5834	1.236	2.354	19850.0	28150.0	0.06009	1.0
beta1t_common[73]	1.593	0.004051	0.4334	0.4334	0.824	1.567	2.51	11850.0	20470.0	0.03589	1.001
beta1t_common[74]	2.192	0.004073	0.477	0.4879	1.311	2.175	3.158	13920.0	24160.0	0.04216	1.0
beta1t_common[75]	1.125	0.003849	0.4493	0.3902	0.4794	1.052	2.198	15160.0	19130.0	0.04591	1.0
beta1t_common[76]	2.544	0.00554	0.525	0.5236	1.575	2.521	3.634	8924.0	17960.0	0.02702	1.0
beta1t_common[77]	2.928	0.005048	0.599	0.6009	1.825	2.909	4.151	13520.0	17560.0	0.04093	1.0
beta1t_common[78]	2.906	0.004379	0.6816	0.6207	1.811	2.827	4.481	25500.0	25710.0	0.07721	1.0
beta1t_common[79]	1.535	0.003068	0.3278	0.3279	0.935	1.522	2.214	11380.0	23540.0	0.03444	1.0
beta1t_common[80]	1.479	0.002384	0.2917	0.2862	0.9335	1.469	2.082	15350.0	21410.0	0.04648	1.0
beta1t_common[81]	2.23	0.006474	0.5517	0.5471	1.25	2.196	3.411	7600.0	18940.0	0.02301	1.001
beta1t_common[82]	3.696	0.006887	0.7473	0.7526	2.292	3.678	5.21	11670.0	19220.0	0.03534	1.0
beta1t_common[83]	1.57	0.002059	0.3204	0.325	0.9766	1.56	2.222	24140.0	28180.0	0.07307	1.0
beta1t_common[84]	2.162	0.003519	0.5978	0.5536	1.149	2.109	3.524	30070.0	23550.0	0.09103	1.0
beta1t_common[85]	2.446	0.00512	0.5095	0.4889	1.542	2.407	3.553	10530.0	15950.0	0.03189	1.001
beta1t_common[86]	1.533	0.002251	0.3733	0.3736	0.8567	1.514	2.307	27260.0	27660.0	0.08253	1.0
beta1t_common[87]	1.437	0.002344	0.4651	0.4456	0.676	1.386	2.488	38730.0	28850.0	0.1173	1.0
beta1t_common[88]	1.832	0.004421	0.8152	0.7006	0.6921	1.686	3.823	34250.0	28880.0	0.1037	1.0
beta1t_common[89]	2.503	0.003856	0.5131	0.4972	1.562	2.477	3.589	18320.0	23470.0	0.05547	1.0
beta1t_common[90]	4.507	0.007591	0.8654	0.8578	2.846	4.489	6.243	12760.0	16070.0	0.03863	1.0
beta1t_common[91]	0.8216	0.001994	0.2993	0.2613	0.3782	0.7756	1.542	23570.0	25170.0	0.07136	1.0
beta1t_common[92]	1.77	0.002331	0.343	0.3383	1.133	1.757	2.481	22050.0	28020.0	0.06676	1.0
beta1t_common[93]	3.195	0.00826	0.5869	0.561	2.193	3.143	4.502	5020.0	17900.0	0.0152	1.001
beta1t_common[94]	1.75	0.005929	0.3808	0.385	1.054	1.735	2.535	4156.0	14780.0	0.01258	1.001
beta1t_common[95]	2.188	0.00215	0.3851	0.3841	1.455	2.181	2.964	31750.0	27260.0	0.09613	1.0
beta1t_common[96]	1.859	0.004803	0.4951	0.479	1.005	1.814	2.947	11450.0	16500.0	0.03468	1.0
beta1t_common[97]	3.25	0.01055	0.6815	0.6937	2.031	3.215	4.663	4227.0	15630.0	0.0128	1.001
beta1t_common[98]	1.192	0.001593	0.3101	0.3059	0.6372	1.174	1.854	36840.0	27980.0	0.1116	1.0
beta1t_common[99]	2.193	0.001946	0.3909	0.387	1.475	2.175	3.006	39660.0	27140.0	0.1201	1.0
beta1t_common[100]	2.678	0.003182	0.4389	0.4316	1.857	2.663	3.594	19030.0	25940.0	0.05761	1.0
beta1t_common[101]	2.012	0.002336	0.3666	0.3599	1.308	2.006	2.751	24180.0	19440.0	0.07321	1.0
beta1t_common[102]	1.13	0.002714	0.3581	0.3441	0.5344	1.094	1.938	18360.0	25350.0	0.05558	1.0
beta1t_common[103]	1.611	0.003686	0.3666	0.3602	0.9608	1.59	2.388	9874.0	23850.0	0.0299	1.0
beta1t_common[104]	2.15	0.002249	0.4006	0.3972	1.396	2.141	2.967	31550.0	26990.0	0.09551	1.0
beta1t_common[105]	1.474	0.00424	0.3203	0.3124	0.9182	1.449	2.175	5812.0	14230.0	0.0176	1.001
beta1t_common[106]	1.397	0.00253	0.3856	0.3829	0.7235	1.372	2.223	23330.0	27020.0	0.07064	1.0
beta1t_common[107]	1.852	0.002754	0.445	0.4451	1.032	1.834	2.762	25870.0	27100.0	0.07832	1.0
beta1t_common[108]	2.171	0.004934	0.4866	0.4884	1.284	2.15	3.181	9885.0	21580.0	0.02993	1.001
beta1t_common[109]	1.795	0.00396	0.4183	0.4136	1.048	1.772	2.685	11470.0	18720.0	0.03471	1.0
beta1t_common[110]	2.437	0.00358	0.5535	0.5409	1.419	2.416	3.612	24670.0	26470.0	0.0747	1.0
beta1t_common[111]	1.693	0.003978	0.5103	0.5065	0.835	1.649	2.812	15790.0	24400.0	0.04781	1.0
beta1t_common[112]	1.652	0.002318	0.4496	0.4463	0.8554	1.622	2.612	36570.0	28160.0	0.1107	1.0
beta1t_common[113]	1.261	0.002847	0.3004	0.3002	0.7153	1.246	1.886	11340.0	23840.0	0.03435	1.001
beta1t_common[114]	2.637	0.004122	0.6041	0.6014	1.508	2.62	3.88	21240.0	24220.0	0.06431	1.0
beta1t_common[115]	2.258	0.003181	0.5494	0.5313	1.302	2.217	3.468	29940.0	28930.0	0.09065	1.0
beta1t_common[116]	3.316	0.01287	0.619	0.6346	2.222	3.282	4.604	2304.0	9307.0	0.006977	1.002
beta1t_common[117]	2.21	0.003866	0.4904	0.4915	1.292	2.196	3.211	15920.0	23630.0	0.04819	1.0
beta1t_common[118]	3.328	0.004785	0.6699	0.6582	2.118	3.292	4.751	20030.0	26290.0	0.06066	1.0
beta1t_common[119]	2.557	0.003201	0.3949	0.3953	1.812	2.55	3.354	15150.0	21400.0	0.04588	1.0
beta1t_common[120]	2.176	0.002146	0.3892	0.384	1.441	2.168	2.965	32230.0	24180.0	0.09757	1.0
beta1t_common[121]	1.357	0.002498	0.3399	0.3422	0.7438	1.342	2.069	18190.0	27400.0	0.05509	1.0
beta1t_common[122]	2.514	0.007469	0.6581	0.6587	1.35	2.473	3.923	7940.0	19270.0	0.02404	1.001
beta1t_common[123]	1.327	0.001858	0.3933	0.3925	0.647	1.298	2.176	42400.0	27330.0	0.1284	1.0
beta1t_common[124]	1.514	0.00196	0.3464	0.3508	0.8767	1.503	2.221	30980.0	28540.0	0.09381	1.0
beta1t_common[125]	2.364	0.002552	0.4423	0.4388	1.527	2.356	3.27	29810.0	25910.0	0.09025	1.0
beta1t_common[126]	2.619	0.004522	0.4816	0.472	1.743	2.596	3.641	11660.0	20860.0	0.03531	1.001
beta1t_common[127]	2.233	0.003119	0.4161	0.4075	1.464	2.216	3.098	18940.0	21780.0	0.05734	1.0
beta1t_common[128]	1.535	0.00299	0.3205	0.3159	0.9413	1.521	2.203	11780.0	19610.0	0.03567	1.0
beta1t_common[129]	1.788	0.003536	0.3697	0.3637	1.126	1.767	2.576	11400.0	19630.0	0.03451	1.0
beta1t_common[130]	0.994	0.002456	0.3898	0.35	0.4176	0.9295	1.935	25240.0	31120.0	0.07642	1.0
beta1t_common[131]	0.749	0.001516	0.2418	0.2299	0.3577	0.7223	1.29	25480.0	26800.0	0.07715	1.0
beta1t_common[132]	1.222	0.002285	0.3107	0.3094	0.6672	1.205	1.878	19250.0	25470.0	0.05829	1.0
beta1t_common[133]	0.6695	0.001591	0.2421	0.2259	0.2962	0.6364	1.233	23490.0	27300.0	0.07113	1.0
beta1t_common[134]	2.55	0.003089	0.5044	0.5082	1.584	2.543	3.551	26660.0	25530.0	0.08071	1.0
beta1t_common[135]	1.756	0.004476	0.4754	0.4776	0.914	1.727	2.763	11510.0	22040.0	0.03483	1.0
beta1t_common[136]	2.95	0.006811	0.5923	0.5826	1.871	2.92	4.186	7667.0	18490.0	0.02321	1.001
beta1t_common[137]	2.592	0.006091	0.5345	0.5429	1.579	2.588	3.66	7728.0	16810.0	0.0234	1.001
beta1t_common[138]	3.041	0.004562	0.7187	0.7166	1.724	3.007	4.549	25280.0	27290.0	0.07655	1.0
beta1t_common[139]	1.384	0.005189	0.4412	0.3994	0.6919	1.326	2.43	7983.0	12450.0	0.02417	1.001
beta1t_common[140]	3.564	0.003447	0.5484	0.5439	2.535	3.549	4.691	25370.0	26380.0	0.07681	1.0
beta1t_common[141]	1.517	0.00258	0.3857	0.3853	0.8218	1.495	2.327	22750.0	27770.0	0.06888	1.0
beta2_common[1]	6.924	0.004678	0.8222	0.8154	5.385	6.898	8.617	30220.0	26530.0	0.09149	1.0
beta2_common[2]	5.895	0.06491	1.689	1.929	3.168	5.755	9.296	710.7	4454.0	0.002152	1.003
beta2_common[3]	8.449	0.02004	1.34	1.291	6.177	8.326	11.45	4339.0	13350.0	0.01314	1.001
beta2_common[4]	5.141	0.03441	1.012	1.072	3.381	5.075	7.195	888.6	4885.0	0.00269	1.002
beta2_common[5]	4.28	0.002883	0.5898	0.5849	3.187	4.258	5.511	42700.0	29520.0	0.1293	1.0
beta2_common[6]	6.035	0.004787	0.7385	0.7285	4.678	5.999	7.579	23540.0	29000.0	0.07128	1.001
beta2_common[7]	19.44	0.09223	3.912	3.744	11.78	19.46	27.36	1775.0	3677.0	0.005374	1.001
beta2_common[8]	5.485	0.03255	1.03	1.057	3.732	5.404	7.69	996.6	5130.0	0.003017	1.002
beta2_common[9]	8.521	0.01595	1.176	1.134	6.488	8.428	11.09	5389.0	18210.0	0.01632	1.0
beta2_common[10]	5.856	0.01837	0.816	0.8119	4.35	5.819	7.544	1973.0	9056.0	0.005974	1.001
beta2_common[11]	5.007	0.01027	0.82	0.7927	3.602	4.94	6.813	6460.0	20890.0	0.01956	1.001
beta2_common[12]	5.456	0.02568	1.352	1.356	2.98	5.433	8.19	2637.0	7461.0	0.007984	1.001
beta2_common[13]	6.516	0.08204	2.148	2.385	3.206	6.25	10.98	713.8	4474.0	0.002161	1.003
beta2_common[14]	7.38	0.02515	1.11	1.084	5.456	7.295	9.797	1896.0	7982.0	0.005741	1.001
beta2_common[15]	6.217	0.012	0.7497	0.7402	4.818	6.194	7.761	3859.0	10600.0	0.01168	1.0
beta2_common[16]	8.29	0.006696	1.094	1.073	6.35	8.229	10.64	26180.0	28860.0	0.07928	1.0
beta2_common[17]	3.296	0.01028	0.5592	0.5403	2.326	3.251	4.516	3154.0	7105.0	0.009548	1.001
beta2_common[18]	9.661	0.03447	1.397	1.396	7.032	9.644	12.48	1625.0	5463.0	0.004921	1.001
beta2_common[19]	5.72	0.006077	0.717	0.707	4.423	5.682	7.239	14160.0	26370.0	0.04286	1.0
beta2_common[20]	9.391	0.01388	1.514	1.402	6.913	9.216	12.81	13300.0	21860.0	0.04028	1.0
beta2_common[21]	7.743	0.007808	1.03	1.01	5.934	7.67	9.937	17510.0	26390.0	0.05303	1.0
beta2_common[22]	3.046	0.00708	0.539	0.5384	2.078	3.02	4.176	5723.0	19940.0	0.01733	1.0
beta2_common[23]	4.813	0.02599	0.8536	0.8833	3.297	4.763	6.588	1089.0	6447.0	0.003299	1.002
beta2_common[24]	3.576	0.01483	0.6401	0.6313	2.431	3.535	4.931	1916.0	7219.0	0.005801	1.001
beta2_common[25]	2.482	0.005873	0.7247	0.6393	1.351	2.396	4.096	17370.0	19520.0	0.05259	1.0
beta2_common[26]	8.602	0.04545	1.678	1.622	5.84	8.44	12.34	1294.0	4884.0	0.003918	1.001
beta2_common[27]	4.699	0.005225	0.8408	0.8071	3.294	4.615	6.575	26560.0	26980.0	0.08043	1.0
beta2_common[28]	5.177	0.01366	0.6949	0.6852	3.906	5.145	6.637	2594.0	9346.0	0.007853	1.001
beta2_common[29]	5.263	0.02564	0.8769	0.8835	3.704	5.207	7.108	1176.0	6052.0	0.00356	1.001
beta2_common[30]	6.955	0.005509	0.903	0.8949	5.354	6.901	8.876	26920.0	29650.0	0.08149	1.0
beta2_common[31]	4.118	0.002921	0.5565	0.5516	3.097	4.094	5.272	36040.0	27930.0	0.1091	1.0
beta2_common[32]	6.429	0.006536	0.7561	0.746	5.058	6.392	8.03	13500.0	24350.0	0.04087	1.0
beta2_common[33]	2.805	0.01623	0.5658	0.5333	1.882	2.732	4.107	1271.0	4547.0	0.003847	1.002
beta2_common[34]	6.703	0.01475	0.9692	0.9271	5.031	6.633	8.817	4286.0	14830.0	0.01298	1.001
beta2_common[35]	2.655	0.004564	0.5273	0.5193	1.707	2.625	3.768	14160.0	22910.0	0.04286	1.0
beta2_common[36]	4.768	0.006715	0.5927	0.5839	3.698	4.736	6.017	8321.0	17750.0	0.02519	1.0
beta2_common[37]	7.299	0.03765	1.315	1.303	5.07	7.201	10.17	1191.0	5220.0	0.003606	1.002
beta2_common[38]	6.057	0.015	0.8567	0.835	4.534	5.995	7.9	3272.0	12890.0	0.009907	1.001
beta2_common[39]	4.208	0.01917	1.046	1.055	2.361	4.14	6.424	2990.0	13290.0	0.009054	1.0
beta2_common[40]	4.558	0.02024	0.7995	0.7461	3.244	4.471	6.395	1557.0	5926.0	0.004713	1.001
beta2_common[41]	4.211	0.0236	0.8116	0.7826	2.874	4.115	6.016	1189.0	5257.0	0.003599	1.002
beta2_common[42]	6.619	0.005379	0.7864	0.7613	5.185	6.581	8.27	21440.0	25930.0	0.06492	1.0
beta2_common[43]	8.909	0.01691	1.072	1.059	6.872	8.88	11.09	3954.0	7671.0	0.01197	1.0
beta2_common[44]	3.58	0.03895	1.921	1.823	1.257	3.121	8.132	2060.0	10290.0	0.006237	1.002
beta2_common[45]	5.384	0.009757	0.8773	0.814	3.862	5.311	7.331	9531.0	12810.0	0.02886	1.0
beta2_common[46]	26.92	0.1357	6.827	6.413	15.92	26.2	42.26	2238.0	5768.0	0.006775	1.001
beta2_common[47]	12.4	0.0908	2.732	2.854	7.906	12.22	18.21	892.0	4240.0	0.002701	1.002
beta2_common[48]	12.51	0.01964	2.262	2.157	8.791	12.27	17.64	12650.0	20890.0	0.03829	1.0
beta2_common[49]	7.246	0.05602	1.56	1.704	4.602	7.175	10.44	792.4	4451.0	0.002399	1.003
beta2_common[50]	4.82	0.009364	1.809	1.636	2.127	4.558	9.1	35940.0	31080.0	0.1088	1.0
beta2_common[51]	3.208	0.009839	0.6906	0.6718	2.017	3.155	4.722	5147.0	12380.0	0.01558	1.001
beta2_common[52]	3.299	0.01322	0.5624	0.5297	2.359	3.239	4.579	1875.0	5330.0	0.005676	1.001
beta2_common[53]	4.195	0.005408	0.7084	0.6888	2.953	4.145	5.739	17580.0	28210.0	0.05324	1.0
beta2_common[54]	5.519	0.005571	0.6464	0.6389	4.316	5.499	6.847	13440.0	25360.0	0.0407	1.0
beta2_common[55]	7.467	0.03167	1.499	1.403	5.1	7.275	10.92	2133.0	9311.0	0.006457	1.001
beta2_common[56]	8.336	0.02458	1.262	1.187	6.175	8.228	11.12	2549.0	9518.0	0.007717	1.001
beta2_common[57]	2.857	0.008467	0.5012	0.4829	1.982	2.817	3.944	3695.0	8287.0	0.01119	1.0
beta2_common[58]	3.661	0.0103	1.479	1.309	1.543	3.41	7.26	19510.0	29890.0	0.05907	1.0
beta2_common[59]	4.259	0.01215	0.641	0.6114	3.147	4.203	5.673	2872.0	7771.0	0.008696	1.001
beta2_common[60]	6.319	0.01332	0.81	0.8007	4.795	6.296	7.989	3626.0	9305.0	0.01098	1.001
beta2_common[61]	6.304	0.003434	0.7084	0.7014	4.974	6.28	7.756	41140.0	26470.0	0.1246	1.0
beta2_common[62]	5.499	0.04697	1.299	1.388	3.34	5.371	8.231	788.3	4645.0	0.002387	1.003
beta2_common[63]	8.454	0.01942	1.457	1.401	5.978	8.318	11.69	5073.0	10080.0	0.01536	1.0
beta2_common[64]	16.79	0.1831	5.189	5.455	8.809	16.35	28.16	778.1	3718.0	0.002356	1.003
beta2_common[65]	2.449	0.006322	0.8258	0.7419	1.198	2.329	4.376	17290.0	22420.0	0.05235	1.0
beta2_common[66]	5.02	0.02003	0.9658	0.9859	3.211	5.005	6.955	2320.0	10230.0	0.007025	1.001
beta2_common[67]	5.105	0.009052	1.421	1.294	2.822	4.941	8.382	27420.0	18070.0	0.08301	1.0
beta2_common[68]	4.542	0.01201	1.335	1.255	2.391	4.392	7.586	10030.0	21220.0	0.03038	1.0
beta2_common[69]	8.556	0.02712	1.182	1.174	6.376	8.514	11.0	1868.0	7160.0	0.005655	1.001
beta2_common[70]	4.328	0.01182	0.6494	0.6435	3.099	4.311	5.651	3021.0	11310.0	0.009147	1.0
beta2_common[71]	3.897	0.02401	0.8125	0.7815	2.589	3.79	5.729	1182.0	4551.0	0.003578	1.002
beta2_common[72]	4.336	0.01421	0.8735	0.8628	2.748	4.306	6.147	3615.0	11290.0	0.01095	1.001
beta2_common[73]	6.267	0.02787	0.9416	0.9595	4.574	6.22	8.214	1138.0	5694.0	0.003446	1.002
beta2_common[74]	2.847	0.007395	0.5862	0.5671	1.82	2.808	4.116	6612.0	11620.0	0.02002	1.001
beta2_common[75]	9.188	0.08631	2.304	2.587	5.498	9.06	13.94	730.8	3997.0	0.002213	1.003
beta2_common[76]	7.512	0.01742	0.9216	0.9158	5.776	7.49	9.386	2759.0	7832.0	0.008352	1.001
beta2_common[77]	3.992	0.01666	0.6532	0.6181	2.894	3.925	5.45	1565.0	5931.0	0.00474	1.001
beta2_common[78]	5.708	0.01669	1.124	1.006	3.985	5.549	8.365	4701.0	13640.0	0.01423	1.0
beta2_common[79]	7.728	0.05293	1.866	1.813	4.759	7.502	11.99	1173.0	5171.0	0.003551	1.002
beta2_common[80]	3.718	0.005073	0.517	0.5072	2.789	3.686	4.816	11360.0	15000.0	0.03439	1.0
beta2_common[81]	5.442	0.009211	0.6267	0.6216	4.271	5.424	6.729	4622.0	15480.0	0.01399	1.0
beta2_common[82]	7.496	0.007446	0.8576	0.8494	5.879	7.478	9.256	12900.0	20260.0	0.03905	1.0
beta2_common[83]	3.415	0.009277	0.5371	0.5127	2.485	3.37	4.607	3519.0	7975.0	0.01065	1.0
beta2_common[84]	7.637	0.05473	1.562	1.688	4.929	7.567	10.8	832.2	4983.0	0.00252	1.002
beta2_common[85]	4.403	0.004291	0.5775	0.5725	3.347	4.381	5.614	18150.0	25020.0	0.05494	1.0
beta2_common[86]	5.095	0.02409	0.8721	0.8693	3.58	5.028	6.969	1320.0	5727.0	0.003996	1.002
beta2_common[87]	4.07	0.01389	0.9159	0.9216	2.403	4.031	5.971	4229.0	13190.0	0.0128	1.0
beta2_common[88]	3.478	0.008066	1.302	1.156	1.558	3.271	6.592	26090.0	28480.0	0.079	1.0
beta2_common[89]	5.683	0.01425	0.7566	0.7452	4.31	5.64	7.292	2816.0	11170.0	0.008527	1.001
beta2_common[90]	7.689	0.01177	0.9141	0.9094	5.96	7.664	9.558	5925.0	13230.0	0.01794	1.0
beta2_common[91]	2.819	0.008089	0.8725	0.8129	1.513	2.672	4.866	11510.0	27030.0	0.03485	1.0
beta2_common[92]	2.977	0.01478	0.5823	0.569	1.982	2.921	4.249	1606.0	5167.0	0.004864	1.001
beta2_common[93]	3.855	0.009634	0.6308	0.5953	2.795	3.796	5.27	4594.0	10910.0	0.01391	1.001
beta2_common[94]	2.335	0.01682	0.6274	0.6183	1.334	2.256	3.743	1394.0	7363.0	0.00422	1.002
beta2_common[95]	3.898	0.002871	0.5039	0.4979	2.971	3.875	4.955	31200.0	27580.0	0.09448	1.0
beta2_common[96]	6.5	0.03334	1.072	1.092	4.613	6.436	8.753	1034.0	5638.0	0.003132	1.002
beta2_common[97]	6.643	0.0458	1.364	1.452	4.295	6.572	9.441	895.3	4777.0	0.002711	1.003
beta2_common[98]	3.254	0.01645	0.5975	0.5755	2.252	3.192	4.606	1355.0	5008.0	0.004104	1.002
beta2_common[99]	4.735	0.01565	0.9703	0.8618	3.23	4.608	7.026	3925.0	10550.0	0.01188	1.001
beta2_common[100]	4.298	0.01271	0.6135	0.6079	3.188	4.264	5.589	2359.0	8418.0	0.007143	1.001
beta2_common[101]	5.145	0.01411	0.7221	0.7051	3.845	5.104	6.674	2639.0	9274.0	0.007991	1.001
beta2_common[102]	4.033	0.03198	0.9867	1.018	2.387	3.934	6.135	966.3	5061.0	0.002926	1.002
beta2_common[103]	4.856	0.03146	1.143	0.9858	3.214	4.645	7.662	1259.0	5713.0	0.003812	1.002
beta2_common[104]	7.613	0.006673	0.9893	0.9743	5.818	7.562	9.709	21210.0	24170.0	0.06421	1.0
beta2_common[105]	2.483	0.003068	0.3771	0.3706	1.802	2.462	3.286	15700.0	22130.0	0.04754	1.0
beta2_common[106]	6.372	0.01444	0.8259	0.8164	4.854	6.327	8.099	3267.0	11890.0	0.009892	1.001
beta2_common[107]	5.165	0.02409	0.7963	0.8005	3.744	5.117	6.831	1100.0	5545.0	0.003331	1.002
beta2_common[108]	6.517	0.007617	0.7765	0.7667	5.07	6.488	8.123	10510.0	21540.0	0.03182	1.0
beta2_common[109]	3.392	0.01748	0.6538	0.6389	2.264	3.335	4.827	1440.0	5011.0	0.004359	1.001
beta2_common[110]	6.206	0.003132	0.6876	0.68	4.936	6.178	7.627	47680.0	29420.0	0.1443	1.0
beta2_common[111]	4.092	0.009427	1.049	1.012	2.3	4.017	6.366	9907.0	14480.0	0.03	1.0
beta2_common[112]	6.203	0.01808	0.9106	0.8767	4.574	6.144	8.169	2498.0	10390.0	0.007565	1.001
beta2_common[113]	3.844	0.01596	0.676	0.6748	2.611	3.812	5.256	1798.0	7470.0	0.005443	1.001
beta2_common[114]	8.554	0.01256	1.013	0.9993	6.692	8.508	10.67	6478.0	18300.0	0.01961	1.0
beta2_common[115]	12.14	0.01951	2.769	2.565	7.861	11.78	18.67	20340.0	26560.0	0.06159	1.0
beta2_common[116]	5.806	0.01713	0.7749	0.7659	4.393	5.773	7.427	2043.0	8714.0	0.006184	1.001
beta2_common[117]	4.823	0.01744	0.6886	0.6754	3.606	4.77	6.305	1558.0	7086.0	0.004718	1.002
beta2_common[118]	4.277	0.007047	0.5848	0.5778	3.206	4.251	5.499	7121.0	14110.0	0.02156	1.0
beta2_common[119]	5.327	0.004132	0.7795	0.767	3.947	5.277	7.005	40300.0	28820.0	0.122	1.0
beta2_common[120]	3.64	0.005247	0.6145	0.6137	2.522	3.609	4.918	13560.0	25570.0	0.04107	1.0
beta2_common[121]	4.019	0.006197	0.6019	0.5972	2.912	3.993	5.276	9738.0	20590.0	0.02948	1.0
beta2_common[122]	6.166	0.01368	0.7727	0.7663	4.729	6.139	7.766	3172.0	11430.0	0.009603	1.001
beta2_common[123]	9.99	0.03865	1.399	1.388	7.262	10.01	12.74	1318.0	4213.0	0.003992	1.001
beta2_common[124]	6.558	0.004151	0.8426	0.8256	5.038	6.51	8.343	40570.0	28220.0	0.1228	1.0
beta2_common[125]	6.595	0.01107	0.8522	0.8386	5.063	6.547	8.407	5908.0	21140.0	0.01789	1.0
beta2_common[126]	6.595	0.009834	0.8896	0.8675	5.021	6.538	8.516	8169.0	20700.0	0.02473	1.0
beta2_common[127]	7.031	0.02451	1.04	1.035	5.065	7.005	9.184	1786.0	6707.0	0.005409	1.001
beta2_common[128]	2.759	0.0163	0.5767	0.5502	1.816	2.687	4.069	1318.0	4262.0	0.003992	1.002
beta2_common[129]	8.068	0.008635	1.399	1.326	5.762	7.918	11.24	27160.0	26730.0	0.08223	1.0
beta2_common[130]	5.633	0.01737	0.9585	0.9532	3.859	5.599	7.604	2994.0	10590.0	0.009066	1.001
beta2_common[131]	3.68	0.008948	0.6263	0.6169	2.556	3.645	5.012	5088.0	14710.0	0.01541	1.0
beta2_common[132]	3.195	0.01164	0.577	0.5663	2.179	3.151	4.439	2535.0	7883.0	0.007676	1.001
beta2_common[133]	3.604	0.01775	0.7203	0.7233	2.294	3.565	5.112	1678.0	6771.0	0.00508	1.001
beta2_common[134]	6.628	0.003922	0.8334	0.8291	5.106	6.589	8.364	44390.0	30010.0	0.1344	1.0
beta2_common[135]	6.174	0.00418	0.7598	0.752	4.784	6.139	7.754	33840.0	29750.0	0.1024	1.0
beta2_common[136]	4.457	0.003562	0.6979	0.6858	3.156	4.436	5.884	37130.0	26740.0	0.1124	1.0
beta2_common[137]	5.801	0.008537	0.6926	0.6871	4.539	5.767	7.253	6638.0	16650.0	0.0201	1.0
beta2_common[138]	6.524	0.01778	0.9538	0.8817	4.918	6.426	8.693	2865.0	10170.0	0.008675	1.001
beta2_common[139]	5.001	0.008416	0.6287	0.6155	3.845	4.974	6.312	5554.0	16660.0	0.01682	1.0
beta2_common[140]	7.32	0.04555	1.337	1.422	4.958	7.272	10.02	874.0	4500.0	0.002646	1.003
beta2_common[141]	3.302	0.01989	0.6647	0.6469	2.191	3.231	4.77	1154.0	4544.0	0.003494	1.002
betac_common[1]	0.9925	0.002047	0.2452	0.2402	0.527	0.9855	1.492	14630.0	19000.0	0.0443	1.0
betac_common[2]	1.366	0.01544	0.4253	0.4726	0.6818	1.338	2.244	783.1	4818.0	0.002371	1.008
betac_common[3]	0.3582	0.0007979	0.1514	0.1545	0.1066	0.3452	0.6884	32760.0	25290.0	0.0992	1.0
betac_common[4]	1.757	0.03086	0.847	0.8532	0.5868	1.642	3.685	695.9	3846.0	0.002107	1.009
betac_common[5]	0.5974	0.001617	0.1642	0.1646	0.2779	0.5971	0.9234	10130.0	12750.0	0.03067	1.0
betac_common[6]	0.57	0.001358	0.1826	0.1873	0.2278	0.5661	0.9345	18260.0	20620.0	0.05529	1.001
betac_common[7]	2.422	0.03639	1.304	1.307	0.5242	2.219	5.394	1363.0	7979.0	0.004126	1.005
betac_common[8]	0.1786	0.001285	0.1018	0.08629	0.0451	0.1577	0.4386	9220.0	9986.0	0.02792	1.001
betac_common[9]	1.222	0.004568	0.2977	0.2961	0.69	1.204	1.853	4395.0	17060.0	0.01331	1.001
betac_common[10]	0.1881	0.0004474	0.08417	0.0836	0.05636	0.1775	0.3784	33580.0	25820.0	0.1017	1.0
betac_common[11]	0.2632	0.0006258	0.1138	0.1138	0.07981	0.2506	0.516	30910.0	26340.0	0.09359	1.0
betac_common[12]	0.17	0.0005592	0.07491	0.07331	0.05291	0.1606	0.3402	19280.0	22870.0	0.05839	1.0
betac_common[13]	1.305	0.01906	0.4931	0.5668	0.5063	1.281	2.302	701.5	4116.0	0.002124	1.008
betac_common[14]	0.4448	0.001318	0.1989	0.2013	0.121	0.4246	0.8823	22360.0	25480.0	0.06771	1.0
betac_common[15]	1.14	0.003728	0.2587	0.2546	0.6644	1.13	1.678	4846.0	17500.0	0.01467	1.002
betac_common[16]	0.4785	0.001136	0.1912	0.1973	0.149	0.466	0.8809	26910.0	23240.0	0.08148	1.0
betac_common[17]	0.3364	0.002042	0.1436	0.1378	0.106	0.3202	0.6639	6209.0	9172.0	0.0188	1.001
betac_common[18]	1.514	0.003059	0.3152	0.3121	0.928	1.502	2.165	10650.0	20420.0	0.03226	1.0
betac_common[19]	0.8755	0.001898	0.2429	0.2395	0.4069	0.8736	1.364	15710.0	13300.0	0.04757	1.001
betac_common[20]	0.412	0.001016	0.1854	0.1887	0.1121	0.3928	0.8208	30980.0	25830.0	0.09381	1.0
betac_common[21]	0.35	0.002107	0.1734	0.1628	0.0939	0.3232	0.7642	8747.0	11300.0	0.02648	1.0
betac_common[22]	0.4648	0.001094	0.1541	0.1546	0.1856	0.458	0.7863	20250.0	21940.0	0.06132	1.0
betac_common[23]	0.7376	0.003719	0.2709	0.257	0.2799	0.7094	1.347	5985.0	10910.0	0.01812	1.001
betac_common[24]	1.269	0.001847	0.1857	0.1864	0.904	1.27	1.632	10170.0	16570.0	0.03078	1.0
betac_common[25]	0.106	0.0003916	0.05271	0.04847	0.0302	0.09692	0.2325	21560.0	20470.0	0.06529	1.0
betac_common[26]	0.5715	0.002005	0.2095	0.2088	0.2052	0.5585	1.026	11770.0	16360.0	0.03564	1.0
betac_common[27]	0.145	0.0003947	0.07257	0.06819	0.03958	0.1334	0.3186	33000.0	25930.0	0.0999	1.0
betac_common[28]	0.1255	0.0005996	0.0644	0.05807	0.03489	0.1137	0.2821	14400.0	15050.0	0.04361	1.0
betac_common[29]	0.933	0.004765	0.2285	0.229	0.5072	0.9256	1.396	2307.0	11280.0	0.006985	1.004
betac_common[30]	0.645	0.002905	0.2896	0.2758	0.1877	0.6088	1.309	12520.0	13540.0	0.03792	1.001
betac_common[31]	0.411	0.00121	0.1597	0.1639	0.1357	0.3998	0.7495	17620.0	23750.0	0.05333	1.0
betac_common[32]	0.6985	0.002589	0.1966	0.1982	0.3168	0.6965	1.086	5868.0	14090.0	0.01777	1.002
betac_common[33]	0.8254	0.00856	0.2505	0.2786	0.3577	0.8311	1.283	898.1	4609.0	0.002719	1.007
betac_common[34]	0.2395	0.001153	0.121	0.1164	0.06299	0.2205	0.5267	12960.0	20760.0	0.03923	1.0
betac_common[35]	0.1348	0.0003709	0.06411	0.06115	0.03877	0.125	0.2848	29010.0	26580.0	0.08785	1.0
betac_common[36]	0.6782	0.006561	0.2229	0.2373	0.2792	0.6689	1.123	1181.0	6176.0	0.003576	1.005
betac_common[37]	0.4368	0.002778	0.1903	0.1853	0.1327	0.4155	0.8717	5615.0	10830.0	0.017	1.001
betac_common[38]	0.3586	0.0008046	0.1472	0.1507	0.1127	0.3454	0.6742	31880.0	24140.0	0.09651	1.0
betac_common[39]	0.3419	0.001255	0.1213	0.1234	0.1265	0.3347	0.5942	9631.0	22110.0	0.02916	1.001
betac_common[40]	0.1606	0.001693	0.09333	0.07846	0.03938	0.14	0.3988	3897.0	7507.0	0.0118	1.002
betac_common[41]	0.6249	0.005205	0.2165	0.2099	0.2632	0.6007	1.103	1826.0	7292.0	0.005529	1.003
betac_common[42]	0.8767	0.005787	0.3146	0.3168	0.3185	0.8566	1.542	3001.0	13130.0	0.009087	1.003
betac_common[43]	0.807	0.006447	0.2521	0.2663	0.3239	0.8116	1.287	1581.0	6635.0	0.004788	1.003
betac_common[44]	0.5191	0.004166	0.1513	0.1613	0.2342	0.5175	0.8111	1351.0	6445.0	0.004089	1.005
betac_common[45]	0.2484	0.001596	0.1202	0.1124	0.0703	0.2302	0.5326	6828.0	10060.0	0.02067	1.001
betac_common[46]	2.092	0.01871	0.9637	0.8424	0.6548	1.959	4.366	2373.0	13500.0	0.007185	1.002
betac_common[47]	1.184	0.008307	0.3956	0.3981	0.4886	1.159	2.023	2377.0	11200.0	0.007198	1.003
betac_common[48]	0.3532	0.002963	0.2045	0.1763	0.08281	0.3107	0.87	5869.0	9522.0	0.01777	1.001
betac_common[49]	0.7516	0.004689	0.2655	0.2559	0.3017	0.7258	1.34	3501.0	9584.0	0.0106	1.002
betac_common[50]	0.06075	0.0002221	0.03014	0.02716	0.01796	0.05558	0.1346	20160.0	24170.0	0.06105	1.0
betac_common[51]	0.3198	0.003042	0.1287	0.1246	0.116	0.3041	0.6122	1904.0	6213.0	0.005766	1.004
betac_common[52]	0.9152	0.006007	0.2406	0.2471	0.43	0.9288	1.359	1675.0	5604.0	0.005071	1.004
betac_common[53]	0.3365	0.0007155	0.1402	0.1426	0.1002	0.3247	0.6383	35140.0	23960.0	0.1064	1.0
betac_common[54]	0.541	0.002046	0.1671	0.1688	0.2307	0.5357	0.884	6960.0	16910.0	0.02107	1.001
betac_common[55]	0.2682	0.0006387	0.1232	0.1232	0.0747	0.2533	0.5446	34630.0	26860.0	0.1049	1.0
betac_common[56]	1.157	0.0117	0.3406	0.3739	0.5207	1.163	1.798	890.4	5000.0	0.002696	1.007
betac_common[57]	0.1738	0.0005608	0.08335	0.08061	0.0487	0.161	0.3686	23510.0	26530.0	0.07117	1.0
betac_common[58]	0.337	0.0005947	0.1095	0.1117	0.1373	0.3329	0.563	31920.0	20810.0	0.09663	1.0
betac_common[59]	1.073	0.002429	0.2043	0.2022	0.6933	1.066	1.491	7193.0	22430.0	0.02178	1.001
betac_common[60]	0.3455	0.0008952	0.1465	0.1485	0.1037	0.3322	0.6664	26520.0	24230.0	0.0803	1.0
betac_common[61]	0.5968	0.00233	0.1453	0.1463	0.3073	0.5996	0.8743	3998.0	9591.0	0.01211	1.002
betac_common[62]	1.15	0.01283	0.3499	0.3959	0.5216	1.156	1.805	791.8	4654.0	0.002397	1.008
betac_common[63]	0.6324	0.003676	0.2157	0.2143	0.2543	0.6181	1.096	3620.0	11600.0	0.01096	1.001
betac_common[64]	1.934	0.02351	0.8213	0.7421	0.7798	1.812	3.868	1064.0	7057.0	0.003223	1.006
betac_common[65]	0.4033	0.001771	0.1232	0.1234	0.1777	0.3975	0.6609	5120.0	11500.0	0.0155	1.001
betac_common[66]	0.567	0.004131	0.1637	0.1702	0.2639	0.5631	0.8926	1612.0	8035.0	0.00488	1.005
betac_common[67]	0.4065	0.001921	0.121	0.1196	0.1872	0.4	0.6621	4215.0	10890.0	0.01276	1.001
betac_common[68]	0.1847	0.001998	0.09113	0.08113	0.05512	0.1676	0.4108	2468.0	5461.0	0.007474	1.002
betac_common[69]	0.4507	0.0006414	0.1233	0.1239	0.2158	0.4493	0.697	35680.0	21700.0	0.108	1.0
betac_common[70]	0.4709	0.002472	0.1556	0.1603	0.1895	0.4643	0.7886	4141.0	14910.0	0.01254	1.001
betac_common[71]	0.1526	0.0008934	0.07676	0.07054	0.04259	0.1396	0.337	9798.0	11430.0	0.02966	1.0
betac_common[72]	0.05459	0.0002507	0.02792	0.02425	0.01631	0.04934	0.1236	14420.0	17340.0	0.04365	1.0
betac_common[73]	0.6105	0.001745	0.1682	0.1692	0.2835	0.6108	0.9374	9388.0	13980.0	0.02842	1.001
betac_common[74]	0.4521	0.003258	0.1618	0.1596	0.1753	0.4372	0.8083	2653.0	8344.0	0.008034	1.002
betac_common[75]	1.991	0.03123	0.8701	0.8665	0.7925	1.888	4.006	701.6	3622.0	0.002124	1.008
betac_common[76]	0.8329	0.01055	0.3094	0.3312	0.3199	0.8072	1.481	893.0	5973.0	0.002704	1.007
betac_common[77]	0.8522	0.003464	0.253	0.2566	0.3651	0.852	1.355	5305.0	9664.0	0.01606	1.002
betac_common[78]	0.4361	0.002237	0.1795	0.1785	0.1378	0.4186	0.8326	7029.0	14290.0	0.02128	1.001
betac_common[79]	0.2411	0.001424	0.1162	0.1107	0.06759	0.2246	0.5165	7798.0	12590.0	0.02361	1.001
betac_common[80]	0.2715	0.0007286	0.1185	0.119	0.08076	0.2592	0.5333	26430.0	25670.0	0.08002	1.0
betac_common[81]	0.6815	0.001148	0.205	0.2079	0.2934	0.6788	1.093	31060.0	22610.0	0.09403	1.0
betac_common[82]	0.8792	0.002285	0.262	0.2623	0.3801	0.8748	1.41	13230.0	19280.0	0.04004	1.0
betac_common[83]	0.329	0.0007727	0.1346	0.1363	0.1018	0.3177	0.6175	28750.0	24500.0	0.08704	1.0
betac_common[84]	1.254	0.01591	0.445	0.4996	0.4905	1.243	2.129	818.3	5218.0	0.002478	1.008
betac_common[85]	0.4619	0.003635	0.1878	0.1936	0.146	0.4451	0.8622	2830.0	11120.0	0.008569	1.002
betac_common[86]	0.8099	0.00138	0.1823	0.179	0.463	0.8068	1.178	17770.0	21840.0	0.0538	1.0
betac_common[87]	0.2103	0.0009189	0.09218	0.08937	0.06547	0.1984	0.4242	11630.0	12040.0	0.03521	1.001
betac_common[88]	0.183	0.0009202	0.08199	0.07896	0.05634	0.1724	0.3724	9126.0	11820.0	0.02763	1.001
betac_common[89]	0.4382	0.001756	0.1783	0.1852	0.1357	0.4255	0.8136	10180.0	22980.0	0.03082	1.0
betac_common[90]	0.7051	0.001729	0.2636	0.2678	0.2459	0.6919	1.261	21350.0	19230.0	0.06463	1.0
betac_common[91]	0.4348	0.0007724	0.1267	0.1289	0.1916	0.4341	0.687	26290.0	19970.0	0.0796	1.0
betac_common[92]	0.161	0.0007616	0.08213	0.07675	0.04368	0.1469	0.3597	14150.0	18490.0	0.04283	1.0
betac_common[93]	0.3846	0.001133	0.1502	0.1526	0.1282	0.3738	0.707	17810.0	24510.0	0.05391	1.0
betac_common[94]	0.3338	0.001679	0.1403	0.1425	0.103	0.3207	0.6424	7705.0	19910.0	0.02333	1.001
betac_common[95]	0.3457	0.0008491	0.146	0.1473	0.1052	0.3317	0.6655	29750.0	26150.0	0.09007	1.0
betac_common[96]	0.7935	0.007654	0.2493	0.2666	0.3407	0.7872	1.287	1101.0	6223.0	0.003334	1.005
betac_common[97]	0.5103	0.005205	0.255	0.2312	0.1389	0.4661	1.129	2784.0	6259.0	0.00843	1.003
betac_common[98]	0.8506	0.01188	0.3157	0.3502	0.3394	0.8211	1.499	739.3	5213.0	0.002238	1.01
betac_common[99]	0.5285	0.006031	0.2109	0.2112	0.1933	0.502	1.002	1275.0	6601.0	0.00386	1.005
betac_common[100]	0.2552	0.001183	0.123	0.1186	0.07083	0.2369	0.5426	12410.0	18400.0	0.03759	1.0
betac_common[101]	0.354	0.003437	0.1502	0.1525	0.1149	0.3356	0.6851	2011.0	7315.0	0.00609	1.003
betac_common[102]	0.9154	0.01501	0.3731	0.4332	0.3431	0.877	1.673	668.2	4599.0	0.002023	1.009
betac_common[103]	0.4275	0.0026	0.1526	0.1586	0.1589	0.4191	0.7462	3509.0	17240.0	0.01062	1.001
betac_common[104]	0.2455	0.001322	0.1223	0.1169	0.06543	0.2261	0.5337	10200.0	16840.0	0.03088	1.001
betac_common[105]	0.3472	0.001532	0.1318	0.1358	0.1186	0.338	0.6243	7626.0	22500.0	0.02309	1.001
betac_common[106]	1.056	0.002675	0.213	0.2128	0.6538	1.05	1.486	6369.0	21190.0	0.01928	1.001
betac_common[107]	0.746	0.002931	0.2138	0.2117	0.3479	0.7381	1.186	5494.0	14170.0	0.01663	1.001
betac_common[108]	0.9167	0.006937	0.2771	0.2804	0.438	0.8939	1.51	1645.0	8172.0	0.00498	1.003
betac_common[109]	0.5882	0.001139	0.1616	0.1639	0.2732	0.5885	0.9058	20310.0	19410.0	0.06149	1.0
betac_common[110]	0.8268	0.003791	0.2518	0.257	0.348	0.8248	1.329	4436.0	10410.0	0.01343	1.001
betac_common[111]	0.1628	0.000409	0.07478	0.07315	0.04742	0.1528	0.3341	33170.0	26260.0	0.1004	1.0
betac_common[112]	1.269	0.003705	0.2389	0.2395	0.8162	1.264	1.751	4160.0	13710.0	0.0126	1.002
betac_common[113]	0.2694	0.001672	0.1211	0.1168	0.07967	0.2546	0.5511	6146.0	10630.0	0.01861	1.001
betac_common[114]	0.898	0.007467	0.3	0.304	0.3737	0.8741	1.54	1659.0	8638.0	0.005024	1.004
betac_common[115]	0.8798	0.001926	0.2094	0.2048	0.488	0.8729	1.309	12010.0	20550.0	0.03638	1.0
betac_common[116]	0.2033	0.0005684	0.1066	0.101	0.05247	0.1848	0.4568	34300.0	28110.0	0.1039	1.0
betac_common[117]	0.8781	0.003339	0.2361	0.239	0.4123	0.8803	1.337	5038.0	9407.0	0.01525	1.001
betac_common[118]	0.8217	0.001636	0.2436	0.2397	0.3684	0.8125	1.328	22190.0	20600.0	0.06718	1.0
betac_common[119]	0.2473	0.0005885	0.1162	0.1148	0.069	0.2316	0.5155	35820.0	27400.0	0.1085	1.0
betac_common[120]	0.3159	0.0008132	0.1298	0.1321	0.1007	0.3041	0.5963	26130.0	26480.0	0.07912	1.0
betac_common[121]	0.7351	0.00812	0.2401	0.2627	0.3006	0.7322	1.197	906.4	5005.0	0.002744	1.007
betac_common[122]	1.286	0.002608	0.3009	0.2929	0.7229	1.273	1.912	13950.0	18180.0	0.04223	1.0
betac_common[123]	1.245	0.002167	0.1722	0.1725	0.9109	1.245	1.587	6317.0	15070.0	0.01913	1.001
betac_common[124]	0.5594	0.001678	0.1764	0.174	0.2392	0.5503	0.9297	11710.0	14560.0	0.03544	1.001
betac_common[125]	0.3427	0.001246	0.1514	0.1544	0.09678	0.3267	0.6746	14750.0	24670.0	0.04466	1.0
betac_common[126]	0.322	0.0008293	0.1492	0.1513	0.08676	0.3046	0.6534	30430.0	26430.0	0.09213	1.0
betac_common[127]	0.3588	0.001861	0.1462	0.1492	0.1141	0.3459	0.6734	6477.0	21110.0	0.01961	1.001
betac_common[128]	0.4365	0.001041	0.154	0.1563	0.1618	0.429	0.7621	22330.0	22140.0	0.06761	1.0
betac_common[129]	0.2084	0.0006221	0.1008	0.09913	0.05624	0.1939	0.4431	25980.0	27270.0	0.07867	1.0
betac_common[130]	0.4663	0.002949	0.1261	0.1297	0.2216	0.4669	0.7104	1888.0	7678.0	0.005716	1.004
betac_common[131]	0.4123	0.00202	0.1209	0.1251	0.1846	0.4106	0.654	3674.0	15120.0	0.01112	1.001
betac_common[132]	0.5685	0.001486	0.156	0.1539	0.2765	0.5635	0.8933	11610.0	16510.0	0.03515	1.001
betac_common[133]	0.04037	0.0001657	0.02002	0.01792	0.01242	0.03674	0.08933	15580.0	21630.0	0.04718	1.0
betac_common[134]	0.4756	0.004649	0.2178	0.2103	0.1414	0.444	0.9763	2476.0	7846.0	0.007496	1.003
betac_common[135]	0.9883	0.002422	0.2283	0.2242	0.525	0.9926	1.427	9215.0	9794.0	0.0279	1.001
betac_common[136]	0.554	0.002052	0.1599	0.1592	0.2563	0.5478	0.886	6330.0	14760.0	0.01917	1.001
betac_common[137]	0.685	0.00381	0.2199	0.23	0.275	0.6822	1.124	3351.0	9601.0	0.01015	1.002
betac_common[138]	1.252	0.007278	0.3413	0.3436	0.6487	1.23	1.972	2214.0	10820.0	0.006702	1.003
betac_common[139]	0.8282	0.009229	0.2722	0.3015	0.3386	0.8219	1.355	907.5	5956.0	0.002748	1.007
betac_common[140]	0.3803	0.00171	0.1639	0.1619	0.1131	0.3636	0.7482	10270.0	13900.0	0.03109	1.0
betac_common[141]	1.147	0.01254	0.3484	0.3873	0.5299	1.144	1.823	809.4	4951.0	0.002451	1.009
alpha1_divergent[1]	0.01421	0.001722	0.3322	0.3328	-0.6328	0.01271	0.6718	37310.0	31900.0	0.113	1.0
alpha1_divergent[2]	0.1858	0.004732	0.5318	0.5223	-0.8619	0.1839	1.239	12620.0	27230.0	0.03822	1.0
alpha1_divergent[3]	0.07553	0.00423	0.3325	0.3327	-0.5682	0.07415	0.7365	6070.0	20090.0	0.01838	1.0
alpha1_divergent[4]	-1.238	0.003771	0.4239	0.4145	-2.034	-1.249	-0.3684	12770.0	25260.0	0.03867	1.0
alpha1_divergent[5]	1.245	0.001946	0.3846	0.3812	0.5076	1.238	2.012	39280.0	30540.0	0.1189	1.0
alpha1_divergent[6]	0.3752	0.002698	0.3543	0.3511	-0.3139	0.3719	1.084	17320.0	29880.0	0.05245	1.0
alpha1_divergent[7]	1.802	0.006439	0.4653	0.4598	0.9337	1.788	2.759	5236.0	16250.0	0.01585	1.0
alpha1_divergent[8]	0.7854	0.004413	0.4322	0.4261	-0.05979	0.7839	1.641	9633.0	22850.0	0.02916	1.0
alpha1_divergent[9]	0.3668	0.001741	0.3034	0.3033	-0.2223	0.3664	0.9608	30540.0	30750.0	0.09248	1.0
alpha1_divergent[10]	0.8724	0.00488	0.4131	0.4114	0.05129	0.8746	1.672	7235.0	22620.0	0.0219	1.0
alpha1_divergent[11]	0.4845	0.008762	0.5574	0.5495	-0.5876	0.4773	1.604	3953.0	15940.0	0.01197	1.001
alpha1_divergent[12]	0.7553	0.01417	0.773	0.7533	-0.8204	0.7598	2.246	2895.0	11450.0	0.008765	1.0
alpha1_divergent[13]	0.3978	0.005366	0.4353	0.4206	-0.3859	0.3754	1.316	6494.0	20460.0	0.01966	1.0
alpha1_divergent[14]	-0.4173	0.002734	0.307	0.3027	-1.034	-0.416	0.1751	12690.0	27670.0	0.03841	1.0
alpha1_divergent[15]	0.05813	0.002997	0.3609	0.3574	-0.651	0.06014	0.7697	14450.0	27120.0	0.04376	1.0
alpha1_divergent[16]	0.8241	0.001892	0.3629	0.3623	0.1296	0.8193	1.552	36980.0	31690.0	0.112	1.0
alpha1_divergent[17]	-0.4408	0.002632	0.5008	0.4923	-1.428	-0.4408	0.5434	36290.0	30710.0	0.1099	1.0
alpha1_divergent[18]	-0.5263	0.00166	0.3447	0.3473	-1.196	-0.527	0.1544	43400.0	30680.0	0.1314	1.0
alpha1_divergent[19]	-0.3143	0.003821	0.4371	0.4288	-1.155	-0.3234	0.5702	13140.0	27450.0	0.03979	1.0
alpha1_divergent[20]	1.198	0.003332	0.3887	0.3884	0.4502	1.192	1.973	13650.0	28690.0	0.04134	1.0
alpha1_divergent[21]	-0.1437	0.00295	0.3321	0.3305	-0.7823	-0.1468	0.515	12780.0	28820.0	0.0387	1.0
alpha1_divergent[22]	-0.01156	0.005123	0.6647	0.6447	-1.282	-0.02988	1.332	16930.0	26530.0	0.05127	1.0
alpha1_divergent[23]	1.789	0.003785	0.4872	0.4789	0.8901	1.767	2.798	16600.0	27860.0	0.05025	1.0
alpha1_divergent[24]	-0.6158	0.003929	0.5767	0.5455	-1.631	-0.6574	0.6409	23390.0	19960.0	0.07083	1.0
alpha1_divergent[25]	1.369	0.01087	0.7561	0.7265	-0.2062	1.397	2.792	4840.0	17520.0	0.01466	1.0
alpha1_divergent[26]	0.395	0.003542	0.3804	0.3812	-0.3453	0.3949	1.142	11570.0	27270.0	0.03503	1.0
alpha1_divergent[27]	0.7636	0.01329	0.6761	0.6666	-0.5726	0.7695	2.066	2556.0	11850.0	0.00774	1.001
alpha1_divergent[28]	0.3777	0.002025	0.354	0.3505	-0.309	0.3746	1.078	30640.0	31100.0	0.09278	1.0
alpha1_divergent[29]	-0.5978	0.001748	0.346	0.342	-1.293	-0.5937	0.07121	39420.0	30270.0	0.1194	1.0
alpha1_divergent[30]	0.2531	0.003968	0.3284	0.328	-0.3898	0.2535	0.8947	6863.0	20760.0	0.02078	1.0
alpha1_divergent[31]	1.869	0.002307	0.4183	0.4115	1.086	1.854	2.736	33250.0	29200.0	0.1007	1.0
alpha1_divergent[32]	-0.02826	0.002135	0.3142	0.3113	-0.6472	-0.02752	0.5848	21770.0	28630.0	0.06592	1.0
alpha1_divergent[33]	-0.5191	0.005192	0.595	0.5832	-1.691	-0.5203	0.6455	13230.0	26920.0	0.04004	1.0
alpha1_divergent[34]	0.1149	0.004045	0.3996	0.3941	-0.6591	0.1127	0.9136	9707.0	26170.0	0.02939	1.0
alpha1_divergent[35]	0.06931	0.00405	0.5827	0.5673	-1.105	0.08005	1.203	20780.0	28060.0	0.06293	1.0
alpha1_divergent[36]	0.6923	0.002566	0.3826	0.3772	-0.04818	0.689	1.463	22440.0	29380.0	0.06793	1.0
alpha1_divergent[37]	0.3086	0.004322	0.4115	0.4045	-0.4962	0.3093	1.121	9107.0	24810.0	0.02757	1.0
alpha1_divergent[38]	-0.2798	0.003675	0.3801	0.3784	-1.044	-0.275	0.4546	10730.0	23060.0	0.0325	1.0
alpha1_divergent[39]	0.254	0.01059	0.6221	0.6173	-0.9287	0.243	1.505	3446.0	12500.0	0.01043	1.001
alpha1_divergent[40]	0.9176	0.004481	0.5083	0.5017	-0.08522	0.9182	1.919	12940.0	24100.0	0.03918	1.001
alpha1_divergent[41]	0.04279	0.007146	0.516	0.5098	-0.9406	0.03084	1.088	5171.0	20770.0	0.01565	1.001
alpha1_divergent[42]	-0.1963	0.002323	0.3696	0.3655	-0.9314	-0.1908	0.5136	25770.0	27250.0	0.07803	1.0
alpha1_divergent[43]	-0.0547	0.003162	0.2783	0.2789	-0.5881	-0.05852	0.4989	7816.0	23540.0	0.02366	1.0
alpha1_divergent[44]	0.7293	0.02057	0.9461	0.9875	-1.065	0.7298	2.558	2143.0	10560.0	0.006489	1.001
alpha1_divergent[45]	-0.2643	0.01034	0.5452	0.54	-1.325	-0.269	0.8259	2747.0	12160.0	0.008318	1.001
alpha1_divergent[46]	-0.9519	0.007257	0.4571	0.4538	-1.844	-0.9517	-0.06012	3938.0	13780.0	0.01192	1.001
alpha1_divergent[47]	0.09858	0.009527	0.4813	0.4874	-0.8462	0.1014	1.031	2550.0	12440.0	0.007722	1.001
alpha1_divergent[48]	0.1209	0.002294	0.3758	0.3728	-0.629	0.1247	0.844	27170.0	29670.0	0.08228	1.0
alpha1_divergent[49]	-0.326	0.001918	0.3667	0.3596	-1.06	-0.3228	0.3831	37160.0	29330.0	0.1125	1.0
alpha1_divergent[50]	0.1798	0.01877	0.7959	0.8034	-1.362	0.1682	1.751	1780.0	8538.0	0.005391	1.001
alpha1_divergent[51]	-0.01464	0.006904	0.5271	0.5177	-1.054	-0.01622	1.013	5776.0	19460.0	0.01749	1.001
alpha1_divergent[52]	0.9363	0.009766	0.616	0.6061	-0.2271	0.9214	2.186	3929.0	14860.0	0.0119	1.001
alpha1_divergent[53]	-1.198	0.01197	0.6348	0.6223	-2.473	-1.189	0.0335	2784.0	14240.0	0.00843	1.001
alpha1_divergent[54]	0.4542	0.002028	0.3822	0.3788	-0.2963	0.453	1.207	35440.0	31370.0	0.1073	1.0
alpha1_divergent[55]	0.07351	0.006967	0.4938	0.4911	-0.9101	0.0755	1.032	4974.0	19540.0	0.01506	1.001
alpha1_divergent[56]	0.07597	0.002263	0.415	0.4068	-0.7461	0.07424	0.8918	34170.0	30570.0	0.1034	1.0
alpha1_divergent[57]	1.52	0.005825	0.582	0.5704	0.4072	1.506	2.709	9949.0	26030.0	0.03012	1.001
alpha1_divergent[58]	0.2533	0.01466	0.8168	0.8062	-1.349	0.2556	1.833	3078.0	13180.0	0.00932	1.001
alpha1_divergent[59]	0.643	0.005677	0.4763	0.4682	-0.2933	0.6442	1.578	6982.0	25010.0	0.02114	1.0
alpha1_divergent[60]	-0.2122	0.001852	0.3653	0.3609	-0.9281	-0.2152	0.5084	38920.0	31480.0	0.1178	1.0
alpha1_divergent[61]	-0.2022	0.001736	0.3576	0.3564	-0.9081	-0.2011	0.4986	42570.0	31050.0	0.1289	1.0
alpha1_divergent[62]	0.4873	0.002134	0.3975	0.3893	-0.2961	0.487	1.273	34750.0	30110.0	0.1052	1.0
alpha1_divergent[63]	0.5404	0.005696	0.3916	0.3906	-0.2006	0.5306	1.332	4690.0	18580.0	0.0142	1.001
alpha1_divergent[64]	-0.1284	0.009222	0.4694	0.4713	-1.055	-0.1224	0.7719	2564.0	9968.0	0.007763	1.001
alpha1_divergent[65]	0.593	0.01064	0.7755	0.7759	-0.8821	0.5793	2.154	5308.0	13580.0	0.01607	1.0
alpha1_divergent[66]	1.286	0.006717	0.5565	0.5548	0.1923	1.293	2.367	6777.0	19310.0	0.02052	1.0
alpha1_divergent[67]	0.6801	0.01414	0.7375	0.7379	-0.7429	0.6714	2.145	2705.0	12290.0	0.008191	1.001
alpha1_divergent[68]	0.2648	0.01571	0.7922	0.7936	-1.222	0.2428	1.887	2540.0	10300.0	0.00769	1.001
alpha1_divergent[69]	-0.09102	0.01275	0.5762	0.5854	-1.185	-0.09919	1.052	2040.0	7791.0	0.006177	1.001
alpha1_divergent[70]	1.191	0.002222	0.3766	0.373	0.4516	1.192	1.932	28900.0	29870.0	0.0875	1.0
alpha1_divergent[71]	-1.682	0.003921	0.6014	0.5909	-2.849	-1.687	-0.4717	23740.0	27980.0	0.07186	1.0
alpha1_divergent[72]	0.3729	0.009938	0.6931	0.6603	-0.8266	0.3127	1.91	4886.0	18100.0	0.01479	1.0
alpha1_divergent[73]	-0.2476	0.003619	0.3802	0.3807	-0.9882	-0.25	0.5029	10970.0	25560.0	0.03322	1.0
alpha1_divergent[74]	0.1112	0.005492	0.5678	0.5637	-1.021	0.1185	1.197	10540.0	25470.0	0.03192	1.0
alpha1_divergent[75]	0.0401	0.008258	0.4686	0.4706	-0.8934	0.04459	0.9424	3205.0	12820.0	0.009703	1.001
alpha1_divergent[76]	0.5369	0.001623	0.3319	0.3255	-0.08952	0.5303	1.21	42420.0	29940.0	0.1284	1.0
alpha1_divergent[77]	0.4375	0.006999	0.4849	0.4774	-0.497	0.4325	1.403	4774.0	16960.0	0.01445	1.0
alpha1_divergent[78]	0.179	0.01114	0.5431	0.543	-0.9031	0.1876	1.225	2351.0	10890.0	0.007119	1.001
alpha1_divergent[79]	0.4997	0.007922	0.4567	0.4556	-0.3835	0.4958	1.405	3293.0	12420.0	0.009969	1.001
alpha1_divergent[80]	-0.1123	0.005609	0.4971	0.4869	-1.111	-0.1055	0.8512	7891.0	22630.0	0.02389	1.0
alpha1_divergent[81]	-0.2507	0.002519	0.3498	0.3477	-0.929	-0.2549	0.456	19320.0	29300.0	0.0585	1.0
alpha1_divergent[82]	0.3261	0.004328	0.3516	0.3475	-0.3834	0.3315	0.9986	6494.0	22050.0	0.01966	1.0
alpha1_divergent[83]	0.5837	0.008358	0.5683	0.5515	-0.5489	0.5862	1.694	4573.0	16280.0	0.01385	1.001
alpha1_divergent[84]	-0.8871	0.002264	0.4157	0.4092	-1.699	-0.8879	-0.05896	33800.0	29870.0	0.1023	1.0
alpha1_divergent[85]	-0.6638	0.002918	0.3783	0.3757	-1.424	-0.6607	0.06545	16800.0	29100.0	0.05086	1.0
alpha1_divergent[86]	0.2195	0.002522	0.4263	0.4238	-0.6105	0.2181	1.071	28830.0	29580.0	0.08729	1.0
alpha1_divergent[87]	-1.164	0.006782	0.5887	0.5873	-2.315	-1.164	-0.009176	7502.0	21800.0	0.02272	1.0
alpha1_divergent[88]	0.09793	0.01858	0.7961	0.8047	-1.468	0.1008	1.645	1819.0	8115.0	0.005507	1.001
alpha1_divergent[89]	0.08791	0.003582	0.4477	0.4412	-0.7541	0.07409	1.012	15690.0	26300.0	0.04749	1.0
alpha1_divergent[90]	0.07745	0.003727	0.4221	0.4269	-0.7276	0.07279	0.9127	12840.0	26740.0	0.03888	1.0
alpha1_divergent[91]	0.253	0.003929	0.7385	0.7366	-1.221	0.2615	1.681	35380.0	31860.0	0.1071	1.0
alpha1_divergent[92]	0.5043	0.002437	0.4761	0.4747	-0.4092	0.4991	1.456	38470.0	29630.0	0.1165	1.0
alpha1_divergent[93]	-0.02606	0.01324	0.6728	0.6552	-1.38	-0.02454	1.278	2546.0	10780.0	0.007708	1.001
alpha1_divergent[94]	-0.936	0.01065	1.014	1.01	-3.044	-0.8872	0.9261	9000.0	19490.0	0.02725	1.0
alpha1_divergent[95]	-0.001832	0.004302	0.5104	0.505	-0.9929	-0.006747	1.012	14040.0	28720.0	0.04251	1.0
alpha1_divergent[96]	-0.3363	0.001551	0.3129	0.3099	-0.9473	-0.3346	0.2784	40980.0	29860.0	0.1241	1.0
alpha1_divergent[97]	1.818	0.003641	0.4205	0.4124	1.031	1.803	2.689	13260.0	23920.0	0.04015	1.0
alpha1_divergent[98]	-0.2359	0.004631	0.5322	0.5229	-1.308	-0.2281	0.7908	13420.0	24020.0	0.04064	1.0
alpha1_divergent[99]	-0.3339	0.0131	0.6984	0.6831	-1.707	-0.3287	1.05	2822.0	11310.0	0.008544	1.001
alpha1_divergent[100]	-0.281	0.003423	0.4709	0.464	-1.229	-0.2741	0.6199	19010.0	28960.0	0.05755	1.0
alpha1_divergent[101]	-0.01988	0.003804	0.4353	0.4285	-0.8724	-0.02325	0.835	13170.0	24710.0	0.03988	1.0
alpha1_divergent[102]	-0.7505	0.002764	0.4969	0.4792	-1.781	-0.7341	0.1869	33140.0	26940.0	0.1003	1.0
alpha1_divergent[103]	-0.5457	0.01161	0.594	0.589	-1.7	-0.5468	0.6216	2584.0	11110.0	0.007822	1.001
alpha1_divergent[104]	0.5775	0.002333	0.3239	0.3228	-0.05392	0.5751	1.213	19230.0	28550.0	0.05823	1.0
alpha1_divergent[105]	0.357	0.012	0.7042	0.6895	-1.05	0.3661	1.731	3409.0	13210.0	0.01032	1.0
alpha1_divergent[106]	0.3524	0.002445	0.3494	0.3439	-0.3231	0.3488	1.05	20410.0	29010.0	0.0618	1.0
alpha1_divergent[107]	1.228	0.001856	0.336	0.3309	0.5957	1.218	1.92	33480.0	29930.0	0.1014	1.0
alpha1_divergent[108]	0.3574	0.001677	0.3398	0.3347	-0.3111	0.3551	1.021	41170.0	30230.0	0.1246	1.0
alpha1_divergent[109]	-0.7346	0.001793	0.3618	0.3574	-1.444	-0.736	-0.02299	40920.0	31260.0	0.1239	1.0
alpha1_divergent[110]	-0.534	0.001803	0.3298	0.3268	-1.165	-0.5411	0.1339	34110.0	27570.0	0.1033	1.0
alpha1_divergent[111]	1.212	0.01228	0.7673	0.7674	-0.2346	1.189	2.761	3915.0	13590.0	0.01185	1.0
alpha1_divergent[112]	0.6503	0.002083	0.4082	0.4013	-0.1366	0.644	1.477	38800.0	29540.0	0.1175	1.0
alpha1_divergent[113]	-0.4227	0.003182	0.5357	0.5238	-1.436	-0.4361	0.6793	28970.0	26050.0	0.08772	1.0
alpha1_divergent[114]	-0.4227	0.002455	0.3173	0.3159	-1.042	-0.424	0.2014	16970.0	28140.0	0.0514	1.0
alpha1_divergent[115]	-0.5059	0.008273	0.4224	0.4248	-1.342	-0.5011	0.3058	2582.0	10740.0	0.007817	1.001
alpha1_divergent[116]	0.1415	0.001517	0.321	0.3178	-0.4827	0.1398	0.7775	44900.0	31220.0	0.1359	1.0
alpha1_divergent[117]	0.1246	0.002513	0.384	0.3807	-0.6324	0.1262	0.8777	23530.0	30940.0	0.07124	1.0
alpha1_divergent[118]	0.06129	0.004055	0.4404	0.4343	-0.7811	0.05596	0.9483	11710.0	29720.0	0.03547	1.0
alpha1_divergent[119]	0.133	0.007529	0.4435	0.4392	-0.7462	0.1335	1.007	3442.0	14050.0	0.01042	1.001
alpha1_divergent[120]	-0.665	0.003683	0.5777	0.5694	-1.807	-0.664	0.4764	24600.0	29050.0	0.07448	1.0
alpha1_divergent[121]	-0.4708	0.00284	0.533	0.5253	-1.538	-0.4623	0.5552	35630.0	28610.0	0.1079	1.0
alpha1_divergent[122]	0.05474	0.001499	0.3138	0.3086	-0.558	0.05023	0.6802	43990.0	31310.0	0.1332	1.0
alpha1_divergent[123]	1.431	0.009294	0.4799	0.484	0.5218	1.422	2.395	2662.0	12040.0	0.008059	1.001
alpha1_divergent[124]	0.4798	0.003603	0.3756	0.3742	-0.2368	0.475	1.233	10860.0	27370.0	0.03289	1.0
alpha1_divergent[125]	0.1093	0.003366	0.3443	0.3423	-0.552	0.1037	0.8015	10520.0	26610.0	0.03186	1.0
alpha1_divergent[126]	-0.3536	0.004691	0.3321	0.33	-1.01	-0.3524	0.2928	5014.0	18440.0	0.01518	1.0
alpha1_divergent[127]	0.9737	0.002944	0.4143	0.4108	0.169	0.9718	1.789	19980.0	27990.0	0.0605	1.0
alpha1_divergent[128]	0.1515	0.007084	0.5782	0.5558	-0.9988	0.1567	1.283	6638.0	21180.0	0.0201	1.0
alpha1_divergent[129]	-0.5208	0.007282	0.4204	0.4173	-1.341	-0.5206	0.3103	3314.0	14950.0	0.01003	1.001
alpha1_divergent[130]	-1.083	0.009819	0.7107	0.708	-2.429	-1.099	0.3617	5273.0	14500.0	0.01596	1.001
alpha1_divergent[131]	0.121	0.003695	0.5909	0.5752	-1.019	0.1101	1.326	25900.0	28820.0	0.07842	1.0
alpha1_divergent[132]	0.1579	0.003106	0.5451	0.5299	-0.9305	0.1573	1.227	30990.0	28450.0	0.09382	1.0
alpha1_divergent[133]	0.5622	0.00539	0.4937	0.4824	-0.3817	0.5484	1.556	8357.0	23300.0	0.0253	1.0
alpha1_divergent[134]	0.9077	0.002629	0.3526	0.352	0.2356	0.9021	1.613	17910.0	27750.0	0.05422	1.0
alpha1_divergent[135]	0.4024	0.00269	0.4639	0.4535	-0.4733	0.3892	1.353	29610.0	27490.0	0.08964	1.0
alpha1_divergent[136]	-0.1481	0.0089	0.4687	0.4685	-1.063	-0.1503	0.7751	2765.0	9999.0	0.008372	1.001
alpha1_divergent[137]	-0.2124	0.002314	0.4012	0.4004	-0.9695	-0.2243	0.6077	30400.0	28540.0	0.09204	1.0
alpha1_divergent[138]	-0.9967	0.002355	0.3958	0.3957	-1.78	-0.9939	-0.2316	28330.0	29690.0	0.08578	1.0
alpha1_divergent[139]	-0.1916	0.003499	0.4145	0.4096	-1.009	-0.1903	0.6206	14140.0	27930.0	0.04281	1.0
alpha1_divergent[140]	0.3853	0.004338	0.3663	0.3656	-0.3389	0.3873	1.102	7142.0	24500.0	0.02162	1.0
alpha1_divergent[141]	-0.3932	0.004704	0.5352	0.5121	-1.435	-0.396	0.6667	13830.0	20360.0	0.04187	1.0
beta1m_divergent[1]	0.06571	0.002826	0.3603	0.3368	-0.5693	0.0351	0.8535	17020.0	20540.0	0.05153	1.0
beta1m_divergent[2]	-0.298	0.002186	0.4042	0.3618	-1.184	-0.2674	0.4453	35610.0	29230.0	0.1078	1.0
beta1m_divergent[3]	-0.05238	0.002379	0.2966	0.2838	-0.6159	-0.06264	0.5643	15880.0	20970.0	0.04807	1.0
beta1m_divergent[4]	-0.06089	0.002073	0.3932	0.347	-0.8202	-0.07818	0.7705	36620.0	27540.0	0.1109	1.0
beta1m_divergent[5]	-0.05026	0.001785	0.3643	0.3301	-0.7569	-0.06551	0.7227	42560.0	29030.0	0.1289	1.0
beta1m_divergent[6]	-0.07004	0.001962	0.3787	0.3403	-0.8127	-0.08227	0.7202	38250.0	28910.0	0.1158	1.0
beta1m_divergent[7]	-0.1665	0.001771	0.3867	0.3428	-0.9781	-0.1615	0.6058	48210.0	28200.0	0.146	1.0
beta1m_divergent[8]	-0.3943	0.002428	0.3969	0.3719	-1.258	-0.3604	0.3117	27270.0	28940.0	0.08258	1.0
beta1m_divergent[9]	-0.09435	0.002383	0.344	0.3169	-0.7569	-0.1068	0.6266	21380.0	24650.0	0.06474	1.0
beta1m_divergent[10]	-0.203	0.001795	0.3764	0.3367	-0.995	-0.1924	0.5354	44990.0	29740.0	0.1362	1.0
beta1m_divergent[11]	-0.1585	0.001781	0.3601	0.3245	-0.8923	-0.1559	0.5636	41650.0	30670.0	0.1261	1.0
beta1m_divergent[12]	-0.1661	0.001799	0.3857	0.3437	-0.9615	-0.1621	0.6032	46380.0	28080.0	0.1404	1.0
beta1m_divergent[13]	-0.1248	0.00177	0.3808	0.3349	-0.895	-0.1296	0.6647	46400.0	30700.0	0.1405	1.0
beta1m_divergent[14]	-0.2301	0.001735	0.3712	0.3325	-1.022	-0.2152	0.4814	46730.0	28520.0	0.1415	1.001
beta1m_divergent[15]	-0.1959	0.001798	0.3711	0.3354	-0.9634	-0.1914	0.5462	43020.0	27680.0	0.1303	1.0
beta1m_divergent[16]	0.03899	0.002385	0.3542	0.3313	-0.5997	0.01241	0.8124	22780.0	26690.0	0.06898	1.0
beta1m_divergent[17]	-0.1547	0.001969	0.3778	0.3346	-0.9319	-0.1513	0.6022	37420.0	28280.0	0.1133	1.0
beta1m_divergent[18]	-0.1016	0.001799	0.3823	0.341	-0.8696	-0.1089	0.6879	45390.0	27870.0	0.1374	1.0
beta1m_divergent[19]	-0.1152	0.001692	0.3743	0.3335	-0.8574	-0.1228	0.6611	48650.0	29920.0	0.1473	1.0
beta1m_divergent[20]	-0.3174	0.002237	0.3226	0.3103	-0.985	-0.3028	0.2949	20930.0	28630.0	0.06338	1.0
beta1m_divergent[21]	-0.1308	0.00214	0.3088	0.2918	-0.7346	-0.1374	0.5028	21130.0	24750.0	0.06399	1.0
beta1m_divergent[22]	-0.2463	0.00195	0.3733	0.3341	-1.042	-0.2312	0.4686	37710.0	29700.0	0.1142	1.0
beta1m_divergent[23]	-0.2088	0.002019	0.3851	0.3387	-1.026	-0.1965	0.5542	37200.0	25100.0	0.1126	1.0
beta1m_divergent[24]	-0.02556	0.002081	0.3958	0.3524	-0.7822	-0.04698	0.8387	36990.0	27860.0	0.112	1.0
beta1m_divergent[25]	-0.2049	0.001982	0.3873	0.3435	-1.025	-0.194	0.554	39340.0	27830.0	0.1191	1.0
beta1m_divergent[26]	-0.2811	0.002	0.3341	0.3135	-0.9626	-0.2712	0.3607	27990.0	29450.0	0.08473	1.0
beta1m_divergent[27]	-0.1301	0.001724	0.3714	0.3334	-0.8873	-0.1285	0.6206	46980.0	26990.0	0.1422	1.0
beta1m_divergent[28]	-0.1963	0.00192	0.3772	0.3394	-0.9833	-0.1885	0.5487	39650.0	27130.0	0.1201	1.0
beta1m_divergent[29]	-0.196	0.001712	0.3501	0.3184	-0.916	-0.1892	0.4907	41870.0	28670.0	0.1268	1.0
beta1m_divergent[30]	0.09551	0.003024	0.3666	0.3409	-0.5397	0.06016	0.9119	15500.0	20720.0	0.04694	1.0
beta1m_divergent[31]	-0.186	0.001654	0.3703	0.334	-0.9412	-0.1817	0.5524	50110.0	31120.0	0.1517	1.0
beta1m_divergent[32]	-0.2188	0.002138	0.295	0.2804	-0.8203	-0.2144	0.3609	19030.0	26570.0	0.05762	1.0
beta1m_divergent[33]	-0.1701	0.001981	0.3733	0.3309	-0.9468	-0.163	0.5757	36390.0	25790.0	0.1102	1.0
beta1m_divergent[34]	-0.5669	0.002599	0.3573	0.3528	-1.342	-0.5358	0.04499	18800.0	29030.0	0.05691	1.0
beta1m_divergent[35]	-0.1226	0.001845	0.3763	0.3363	-0.8801	-0.1258	0.6484	42030.0	29220.0	0.1272	1.0
beta1m_divergent[36]	-0.3206	0.002012	0.3776	0.3446	-1.134	-0.2939	0.3698	36250.0	29950.0	0.1098	1.0
beta1m_divergent[37]	-0.1697	0.001624	0.3314	0.3037	-0.8353	-0.1689	0.5042	41530.0	28630.0	0.1257	1.0
beta1m_divergent[38]	0.08522	0.002249	0.3769	0.3493	-0.5901	0.05345	0.9092	28640.0	28030.0	0.08672	1.0
beta1m_divergent[39]	-0.1033	0.001825	0.3839	0.3421	-0.8693	-0.1102	0.7011	44270.0	28650.0	0.134	1.0
beta1m_divergent[40]	0.0884	0.002431	0.3928	0.363	-0.6183	0.05606	0.9426	26680.0	30010.0	0.08078	1.0
beta1m_divergent[41]	-0.1053	0.001702	0.365	0.3282	-0.8286	-0.1103	0.651	46640.0	30510.0	0.1412	1.0
beta1m_divergent[42]	-0.2757	0.001946	0.3865	0.3461	-1.103	-0.2554	0.4586	40030.0	30370.0	0.1212	1.0
beta1m_divergent[43]	-0.1237	0.001817	0.382	0.3406	-0.8864	-0.1257	0.6592	44980.0	28810.0	0.1362	1.0
beta1m_divergent[44]	-0.1267	0.001923	0.3856	0.3421	-0.9055	-0.1276	0.6655	39920.0	29740.0	0.1209	1.0
beta1m_divergent[45]	-0.1656	0.001791	0.3859	0.3387	-0.9643	-0.16	0.6048	47060.0	29330.0	0.1425	1.0
beta1m_divergent[46]	-0.1746	0.00193	0.4006	0.3535	-0.9983	-0.1686	0.6311	43180.0	28750.0	0.1307	1.0
beta1m_divergent[47]	-0.1825	0.001875	0.3886	0.3422	-0.9856	-0.1766	0.5999	43530.0	26930.0	0.1318	1.0
beta1m_divergent[48]	-0.01174	0.002276	0.3406	0.3182	-0.6436	-0.03301	0.716	23170.0	24210.0	0.07017	1.0
beta1m_divergent[49]	-0.2866	0.001982	0.3905	0.3503	-1.131	-0.2599	0.44	39880.0	28100.0	0.1208	1.0
beta1m_divergent[50]	-0.1521	0.001731	0.3885	0.3437	-0.9512	-0.1529	0.6364	50540.0	30030.0	0.153	1.0
beta1m_divergent[51]	-0.1964	0.001786	0.3635	0.3271	-0.9463	-0.1895	0.5291	41370.0	27760.0	0.1253	1.0
beta1m_divergent[52]	-0.1786	0.00191	0.3742	0.3321	-0.9629	-0.1719	0.5569	39560.0	28230.0	0.1198	1.0
beta1m_divergent[53]	-0.196	0.002006	0.3786	0.3345	-0.9971	-0.1869	0.5494	37200.0	27000.0	0.1126	1.0
beta1m_divergent[54]	-0.08947	0.001731	0.3612	0.3276	-0.7963	-0.09754	0.6653	43890.0	28590.0	0.1329	1.0
beta1m_divergent[55]	-0.1472	0.001595	0.3567	0.3174	-0.8745	-0.148	0.5728	50420.0	29520.0	0.1526	1.0
beta1m_divergent[56]	-0.1127	0.001791	0.3764	0.3352	-0.8626	-0.1178	0.6628	44450.0	29760.0	0.1346	1.0
beta1m_divergent[57]	-0.3359	0.00232	0.386	0.3533	-1.176	-0.3062	0.3699	28570.0	28260.0	0.0865	1.0
beta1m_divergent[58]	-0.1817	0.001773	0.388	0.3464	-0.9825	-0.178	0.5948	48200.0	30960.0	0.1459	1.0
beta1m_divergent[59]	-0.02434	0.00174	0.3484	0.3232	-0.689	-0.03871	0.71	40770.0	29950.0	0.1235	1.0
beta1m_divergent[60]	-0.3094	0.001922	0.3663	0.3382	-1.1	-0.2869	0.3666	36960.0	29110.0	0.1119	1.0
beta1m_divergent[61]	-0.09907	0.001975	0.3768	0.3372	-0.8399	-0.1065	0.6847	36890.0	26820.0	0.1117	1.0
beta1m_divergent[62]	-0.09506	0.001783	0.3843	0.3419	-0.8504	-0.1027	0.7186	47190.0	29600.0	0.1429	1.0
beta1m_divergent[63]	-0.127	0.001718	0.3132	0.2906	-0.7434	-0.1329	0.5144	33750.0	27730.0	0.1022	1.0
beta1m_divergent[64]	-0.1039	0.001838	0.3892	0.3423	-0.8807	-0.1091	0.6983	45230.0	27420.0	0.1369	1.0
beta1m_divergent[65]	-0.1342	0.001773	0.3859	0.3427	-0.9075	-0.137	0.6556	47890.0	30230.0	0.145	1.0
beta1m_divergent[66]	-0.1093	0.001712	0.3817	0.3396	-0.8662	-0.1157	0.6841	49840.0	29020.0	0.1509	1.0
beta1m_divergent[67]	-0.2297	0.001836	0.3904	0.3454	-1.062	-0.2139	0.5354	45250.0	28740.0	0.137	1.0
beta1m_divergent[68]	-0.1494	0.001734	0.3868	0.3431	-0.9377	-0.148	0.6394	50050.0	28700.0	0.1515	1.0
beta1m_divergent[69]	-0.1578	0.001781	0.3861	0.3442	-0.953	-0.1524	0.6162	47500.0	28490.0	0.1438	1.0
beta1m_divergent[70]	-0.1114	0.002049	0.3801	0.3402	-0.8686	-0.1144	0.6679	35020.0	26360.0	0.106	1.0
beta1m_divergent[71]	-0.1564	0.001672	0.3731	0.3302	-0.9249	-0.1561	0.5963	49890.0	28640.0	0.1511	1.0
beta1m_divergent[72]	-0.1395	0.001828	0.3843	0.3391	-0.9284	-0.1394	0.6414	44900.0	28960.0	0.1359	1.0
beta1m_divergent[73]	-0.4348	0.002483	0.3845	0.3627	-1.27	-0.4017	0.2494	24250.0	29780.0	0.07344	1.0
beta1m_divergent[74]	-0.2221	0.001809	0.3762	0.337	-1.017	-0.2084	0.5124	44510.0	27990.0	0.1348	1.0
beta1m_divergent[75]	-0.109	0.001806	0.3892	0.3437	-0.8848	-0.1143	0.7011	46770.0	27790.0	0.1416	1.0
beta1m_divergent[76]	-0.1156	0.001667	0.3697	0.3309	-0.8635	-0.1196	0.6412	49280.0	30210.0	0.1492	1.0
beta1m_divergent[77]	-0.02892	0.001912	0.3609	0.3278	-0.7142	-0.0467	0.7363	36440.0	28500.0	0.1103	1.0
beta1m_divergent[78]	-0.2763	0.002182	0.3048	0.2926	-0.9064	-0.2675	0.313	19570.0	25610.0	0.05927	1.0
beta1m_divergent[79]	-0.02111	0.002139	0.2781	0.2695	-0.547	-0.03172	0.5496	17110.0	23790.0	0.05182	1.0
beta1m_divergent[80]	-0.2014	0.001848	0.365	0.3289	-0.9562	-0.1936	0.5109	40010.0	27920.0	0.1211	1.0
beta1m_divergent[81]	-0.2618	0.001817	0.3624	0.3277	-1.042	-0.2437	0.4232	40850.0	28790.0	0.1237	1.0
beta1m_divergent[82]	-0.1459	0.001801	0.38	0.3389	-0.9153	-0.1448	0.6199	45790.0	27840.0	0.1386	1.0
beta1m_divergent[83]	-0.02317	0.001865	0.309	0.2906	-0.6	-0.03767	0.6288	28210.0	27800.0	0.0854	1.0
beta1m_divergent[84]	-0.06585	0.002039	0.3904	0.344	-0.8252	-0.08162	0.758	36910.0	26490.0	0.1117	1.0
beta1m_divergent[85]	-0.1315	0.001641	0.3643	0.3264	-0.8717	-0.1308	0.5993	49600.0	28270.0	0.1502	1.0
beta1m_divergent[86]	-0.02256	0.002081	0.3891	0.349	-0.7643	-0.04151	0.8042	35290.0	28570.0	0.1068	1.0
beta1m_divergent[87]	-0.172	0.001805	0.3787	0.3385	-0.9608	-0.1668	0.5822	44260.0	30460.0	0.134	1.0
beta1m_divergent[88]	-0.1489	0.001751	0.389	0.346	-0.9427	-0.1489	0.6494	49450.0	28590.0	0.1497	1.0
beta1m_divergent[89]	-0.1458	0.001921	0.3185	0.2986	-0.7787	-0.1459	0.4939	27350.0	27500.0	0.08282	1.0
beta1m_divergent[90]	-0.2389	0.001922	0.3901	0.3488	-1.07	-0.2218	0.5091	41790.0	29450.0	0.1265	1.0
beta1m_divergent[91]	-0.04812	0.001976	0.3879	0.3488	-0.8009	-0.0638	0.7733	38890.0	29170.0	0.1177	1.0
beta1m_divergent[92]	-0.186	0.001912	0.3741	0.3362	-0.9621	-0.1813	0.5619	38800.0	28620.0	0.1175	1.0
beta1m_divergent[93]	-0.1473	0.001956	0.3757	0.3367	-0.9126	-0.1453	0.616	37420.0	26710.0	0.1133	1.0
beta1m_divergent[94]	-0.2015	0.002057	0.3771	0.3357	-0.9949	-0.1905	0.5349	34760.0	24430.0	0.1053	1.0
beta1m_divergent[95]	-0.08058	0.002034	0.3807	0.3424	-0.8362	-0.08978	0.7087	35620.0	26660.0	0.1078	1.0
beta1m_divergent[96]	-0.1964	0.001729	0.3676	0.3305	-0.9687	-0.1866	0.5274	45390.0	28950.0	0.1374	1.0
beta1m_divergent[97]	-0.1557	0.001659	0.3714	0.3315	-0.9123	-0.1525	0.594	50840.0	28570.0	0.1539	1.0
beta1m_divergent[98]	-0.001287	0.001985	0.3664	0.3364	-0.7013	-0.0196	0.7668	34670.0	29560.0	0.105	1.0
beta1m_divergent[99]	-0.1869	0.001781	0.3682	0.3269	-0.9506	-0.1808	0.5404	44120.0	28970.0	0.1336	1.0
beta1m_divergent[100]	-0.1811	0.001582	0.3445	0.3142	-0.8922	-0.1761	0.4989	47970.0	29630.0	0.1452	1.0
beta1m_divergent[101]	-0.2886	0.002041	0.3771	0.3376	-1.108	-0.2662	0.4175	35460.0	29080.0	0.1074	1.0
beta1m_divergent[102]	-0.1467	0.001824	0.3759	0.3366	-0.9067	-0.1462	0.6146	42880.0	29130.0	0.1298	1.0
beta1m_divergent[103]	-0.2293	0.001738	0.2747	0.2645	-0.7874	-0.2244	0.3037	25150.0	28120.0	0.07614	1.0
beta1m_divergent[104]	-0.02283	0.002156	0.3296	0.3073	-0.6389	-0.03984	0.6705	23970.0	25960.0	0.07256	1.0
beta1m_divergent[105]	-0.2003	0.001912	0.3631	0.3269	-0.9661	-0.1911	0.5037	36930.0	27430.0	0.1118	1.0
beta1m_divergent[106]	-0.3903	0.00219	0.3704	0.3507	-1.192	-0.3597	0.2693	29130.0	29710.0	0.08819	1.0
beta1m_divergent[107]	-0.06534	0.002053	0.3449	0.3185	-0.7177	-0.08085	0.6718	28910.0	25830.0	0.08752	1.0
beta1m_divergent[108]	-0.2811	0.002032	0.3804	0.344	-1.108	-0.2577	0.4226	35770.0	29330.0	0.1083	1.0
beta1m_divergent[109]	-0.1655	0.0017	0.3721	0.3289	-0.9374	-0.1613	0.5749	48310.0	28860.0	0.1463	1.0
beta1m_divergent[110]	-0.355	0.002131	0.3529	0.3302	-1.122	-0.3298	0.2787	28050.0	29210.0	0.08492	1.0
beta1m_divergent[111]	-0.1483	0.001772	0.3808	0.3371	-0.9216	-0.1497	0.6263	46430.0	28610.0	0.1406	1.0
beta1m_divergent[112]	-0.3203	0.001993	0.3722	0.3433	-1.111	-0.299	0.3664	35400.0	30580.0	0.1072	1.0
beta1m_divergent[113]	-0.225	0.001831	0.3711	0.333	-1.002	-0.2113	0.4931	42190.0	27330.0	0.1277	1.0
beta1m_divergent[114]	-0.1726	0.001821	0.3647	0.3286	-0.9228	-0.168	0.5523	40440.0	27350.0	0.1224	1.0
beta1m_divergent[115]	0.2042	0.002957	0.3433	0.3388	-0.3906	0.1754	0.9439	13800.0	23290.0	0.04177	1.0
beta1m_divergent[116]	-0.1848	0.0018	0.3752	0.337	-0.9633	-0.1779	0.5556	44870.0	29410.0	0.1359	1.0
beta1m_divergent[117]	-0.3119	0.002088	0.3856	0.3502	-1.155	-0.2834	0.3915	35500.0	27480.0	0.1075	1.0
beta1m_divergent[118]	-0.1004	0.001852	0.3806	0.3405	-0.8611	-0.11	0.6892	42490.0	28260.0	0.1286	1.0
beta1m_divergent[119]	0.1988	0.002839	0.3987	0.384	-0.4854	0.1617	1.067	20100.0	26510.0	0.06086	1.0
beta1m_divergent[120]	-0.04948	0.002033	0.3871	0.3459	-0.7994	-0.06334	0.7731	36770.0	28400.0	0.1113	1.0
beta1m_divergent[121]	-0.1668	0.001774	0.3711	0.3332	-0.9397	-0.1622	0.5758	45430.0	28750.0	0.1376	1.0
beta1m_divergent[122]	-0.1837	0.001751	0.3695	0.3339	-0.937	-0.1783	0.5559	44800.0	29710.0	0.1357	1.0
beta1m_divergent[123]	-0.1983	0.001786	0.3785	0.3369	-0.9897	-0.1882	0.5457	45990.0	26990.0	0.1392	1.0
beta1m_divergent[124]	-0.2122	0.001685	0.309	0.2904	-0.8438	-0.2072	0.3944	33500.0	30820.0	0.1014	0.9999
beta1m_divergent[125]	-0.05495	0.002164	0.3109	0.2958	-0.6464	-0.06649	0.5913	20850.0	25490.0	0.06313	1.0
beta1m_divergent[126]	0.2277	0.003017	0.3515	0.3485	-0.3815	0.1965	0.9818	13930.0	23090.0	0.04217	1.0
beta1m_divergent[127]	-0.2133	0.001618	0.3577	0.3211	-0.9651	-0.2045	0.4909	49670.0	28790.0	0.1504	1.0
beta1m_divergent[128]	-0.1194	0.001773	0.3669	0.328	-0.8639	-0.1209	0.6313	43320.0	28450.0	0.1312	1.0
beta1m_divergent[129]	-0.1647	0.002063	0.2712	0.2639	-0.7013	-0.1677	0.3805	17380.0	24430.0	0.05263	1.0
beta1m_divergent[130]	-0.1159	0.001871	0.3849	0.342	-0.888	-0.1193	0.6754	42520.0	28780.0	0.1287	1.0
beta1m_divergent[131]	-0.1721	0.001996	0.3766	0.3365	-0.9569	-0.1671	0.5667	36470.0	26050.0	0.1104	1.0
beta1m_divergent[132]	-0.2264	0.001948	0.3755	0.3364	-1.014	-0.2124	0.5046	38070.0	27100.0	0.1153	1.0
beta1m_divergent[133]	-0.2179	0.001897	0.3805	0.3358	-1.03	-0.2039	0.5204	41230.0	27980.0	0.1248	1.0
beta1m_divergent[134]	-0.09718	0.001943	0.3383	0.3116	-0.7622	-0.1073	0.602	30520.0	28360.0	0.0924	1.0
beta1m_divergent[135]	-0.3756	0.002263	0.3884	0.3605	-1.229	-0.3435	0.3238	29920.0	29990.0	0.0906	1.0
beta1m_divergent[136]	-0.1422	0.001771	0.3826	0.3415	-0.9228	-0.1428	0.6325	46770.0	28450.0	0.1416	1.0
beta1m_divergent[137]	-0.1367	0.001745	0.3509	0.3224	-0.8402	-0.1366	0.5739	40600.0	28790.0	0.1229	1.0
beta1m_divergent[138]	-0.168	0.001746	0.377	0.3399	-0.9434	-0.1636	0.5943	46410.0	29240.0	0.1405	1.0
beta1m_divergent[139]	-0.1167	0.001768	0.3744	0.341	-0.8653	-0.1207	0.6498	45150.0	29580.0	0.1367	1.0
beta1m_divergent[140]	-0.165	0.001845	0.3813	0.3384	-0.9424	-0.1597	0.5995	43200.0	28340.0	0.1308	1.0
beta1m_divergent[141]	-0.2813	0.002047	0.3832	0.3434	-1.117	-0.2608	0.4476	35770.0	29020.0	0.1083	1.0
beta1t_divergent[1]	-0.1526	0.001761	0.3014	0.2971	-0.7616	-0.145	0.422	29360.0	30720.0	0.08889	1.0
beta1t_divergent[2]	-0.3424	0.001844	0.3483	0.3393	-1.043	-0.336	0.3357	35740.0	27140.0	0.1082	1.0
beta1t_divergent[3]	-0.03722	0.001383	0.2752	0.269	-0.5835	-0.03541	0.5008	39980.0	30850.0	0.121	1.0
beta1t_divergent[4]	0.1774	0.002343	0.3631	0.3508	-0.5125	0.1704	0.912	24280.0	26140.0	0.0735	1.0
beta1t_divergent[5]	-0.2456	0.001459	0.2891	0.2816	-0.831	-0.2407	0.306	39430.0	30280.0	0.1194	1.0
beta1t_divergent[6]	0.2952	0.001541	0.2768	0.2703	-0.2499	0.2941	0.8433	32350.0	29210.0	0.09794	1.0
beta1t_divergent[7]	-0.1129	0.004457	0.4299	0.4103	-1.042	-0.08435	0.6666	10110.0	11010.0	0.03061	1.0
beta1t_divergent[8]	-0.5562	0.002296	0.2382	0.2395	-1.033	-0.5516	-0.1061	10810.0	25770.0	0.03274	1.001
beta1t_divergent[9]	-0.07015	0.001823	0.3104	0.3036	-0.6874	-0.06471	0.5361	29360.0	28710.0	0.08891	1.0
beta1t_divergent[10]	0.05953	0.001882	0.3012	0.2901	-0.5241	0.05472	0.6645	25860.0	27640.0	0.07829	1.0
beta1t_divergent[11]	-0.1061	0.001196	0.2394	0.2337	-0.5844	-0.1037	0.3615	40310.0	31300.0	0.122	1.0
beta1t_divergent[12]	0.006599	0.002394	0.3545	0.3408	-0.6935	0.002308	0.7296	22230.0	22620.0	0.0673	1.0
beta1t_divergent[13]	0.005473	0.001581	0.3355	0.3273	-0.6565	0.004975	0.6669	45040.0	31280.0	0.1364	1.0
beta1t_divergent[14]	0.07709	0.003152	0.249	0.2487	-0.416	0.07994	0.5546	6349.0	20390.0	0.01922	1.001
beta1t_divergent[15]	0.05267	0.00152	0.3037	0.2966	-0.5494	0.05383	0.6483	40000.0	31940.0	0.1211	1.0
beta1t_divergent[16]	0.1804	0.00182	0.2671	0.2627	-0.3427	0.1803	0.7102	21580.0	28000.0	0.06533	1.0
beta1t_divergent[17]	-0.2987	0.001719	0.296	0.2877	-0.8931	-0.2925	0.2764	29830.0	29590.0	0.09033	1.0
beta1t_divergent[18]	-0.1718	0.002362	0.3071	0.3014	-0.7925	-0.1657	0.4114	17110.0	28390.0	0.0518	1.0
beta1t_divergent[19]	-0.3328	0.00316	0.296	0.2979	-0.9296	-0.3242	0.2208	8873.0	22360.0	0.02687	1.001
beta1t_divergent[20]	0.03964	0.002368	0.2699	0.2634	-0.4973	0.04391	0.5682	13020.0	25710.0	0.03943	1.0
beta1t_divergent[21]	-0.188	0.002094	0.2536	0.2505	-0.6976	-0.185	0.2997	14770.0	26560.0	0.04472	1.0
beta1t_divergent[22]	-0.1865	0.001487	0.2842	0.2765	-0.7631	-0.1815	0.3637	36670.0	29290.0	0.111	1.0
beta1t_divergent[23]	-0.1975	0.002733	0.2848	0.2817	-0.7688	-0.1944	0.3553	10960.0	22290.0	0.03319	1.0
beta1t_divergent[24]	0.2466	0.004308	0.3615	0.355	-0.4412	0.2378	0.9862	7063.0	16940.0	0.02138	1.001
beta1t_divergent[25]	-0.01622	0.002043	0.3262	0.3144	-0.6529	-0.02072	0.6418	26090.0	25560.0	0.079	1.0
beta1t_divergent[26]	-0.4327	0.002348	0.2878	0.2851	-1.016	-0.4248	0.1103	15230.0	27750.0	0.0461	1.0
beta1t_divergent[27]	0.07908	0.00242	0.2334	0.2331	-0.3805	0.07925	0.5303	9421.0	21560.0	0.02852	1.001
beta1t_divergent[28]	0.2355	0.002196	0.2933	0.2853	-0.3136	0.2247	0.8396	18160.0	26350.0	0.055	1.0
beta1t_divergent[29]	0.1131	0.0017	0.3101	0.3	-0.485	0.11	0.7418	33850.0	28170.0	0.1025	1.0
beta1t_divergent[30]	-0.3399	0.004442	0.3091	0.3093	-0.9752	-0.3281	0.2411	4869.0	16140.0	0.01474	1.001
beta1t_divergent[31]	0.1376	0.001564	0.2507	0.2467	-0.3618	0.1387	0.6253	25970.0	28470.0	0.07864	1.0
beta1t_divergent[32]	0.2468	0.002722	0.3269	0.3182	-0.3846	0.2407	0.9059	14460.0	24180.0	0.04379	1.0
beta1t_divergent[33]	-0.01727	0.004424	0.3469	0.3371	-0.6884	-0.01963	0.6782	6228.0	15270.0	0.01886	1.001
beta1t_divergent[34]	0.1278	0.001482	0.2348	0.2323	-0.3339	0.1276	0.5902	25000.0	26910.0	0.07569	1.0
beta1t_divergent[35]	0.1119	0.002837	0.3256	0.3167	-0.5113	0.1041	0.7796	13430.0	19990.0	0.04067	1.0
beta1t_divergent[36]	0.06899	0.001462	0.2952	0.286	-0.5207	0.07001	0.6571	41030.0	29540.0	0.1242	1.0
beta1t_divergent[37]	-0.1476	0.001393	0.2548	0.2482	-0.6547	-0.146	0.3517	33570.0	30690.0	0.1016	1.0
beta1t_divergent[38]	0.2597	0.001341	0.2413	0.2368	-0.2136	0.26	0.7294	32380.0	31250.0	0.09805	1.0
beta1t_divergent[39]	-0.04808	0.001489	0.3285	0.3207	-0.6994	-0.04725	0.604	48900.0	28570.0	0.148	1.0
beta1t_divergent[40]	0.7002	0.002109	0.2806	0.2755	0.167	0.6935	1.272	17800.0	27130.0	0.05391	1.0
beta1t_divergent[41]	-0.48	0.00162	0.2914	0.2841	-1.069	-0.4759	0.08412	32490.0	30910.0	0.09836	1.0
beta1t_divergent[42]	0.1373	0.003827	0.2912	0.2892	-0.4396	0.1403	0.7002	5827.0	17410.0	0.01764	1.001
beta1t_divergent[43]	-0.1528	0.003853	0.2965	0.2946	-0.7594	-0.1443	0.4034	6014.0	18770.0	0.01821	1.001
beta1t_divergent[44]	0.009565	0.003165	0.3635	0.3538	-0.69	0.005732	0.7369	13400.0	17220.0	0.04056	1.0
beta1t_divergent[45]	0.06369	0.003592	0.2812	0.2823	-0.4896	0.06553	0.6132	6231.0	19340.0	0.01887	1.0
beta1t_divergent[46]	-0.07333	0.003822	0.3754	0.3688	-0.8197	-0.07071	0.6615	9678.0	22140.0	0.0293	1.0
beta1t_divergent[47]	0.1074	0.003412	0.3587	0.3554	-0.5983	0.1071	0.8074	11150.0	21450.0	0.03377	1.0
beta1t_divergent[48]	-0.3039	0.003189	0.2707	0.271	-0.8477	-0.2999	0.2191	7258.0	19990.0	0.02197	1.001
beta1t_divergent[49]	-0.168	0.002699	0.2721	0.2682	-0.7174	-0.1633	0.3553	10250.0	21710.0	0.03103	1.0
beta1t_divergent[50]	0.05058	0.002095	0.3662	0.3522	-0.667	0.04547	0.7861	31430.0	26850.0	0.09517	1.0
beta1t_divergent[51]	-0.1655	0.002437	0.3416	0.3335	-0.8436	-0.164	0.5146	19750.0	23110.0	0.05979	1.0
beta1t_divergent[52]	0.008406	0.002005	0.288	0.2855	-0.5624	0.009337	0.5706	20730.0	29550.0	0.06276	1.0
beta1t_divergent[53]	-0.245	0.003085	0.2695	0.2671	-0.8034	-0.2364	0.2569	7783.0	20870.0	0.02357	1.001
beta1t_divergent[54]	-0.02773	0.001496	0.2813	0.2725	-0.5746	-0.03183	0.5394	35900.0	27990.0	0.1087	1.0
beta1t_divergent[55]	0.2311	0.001211	0.2175	0.2148	-0.1958	0.2304	0.6601	32230.0	27940.0	0.09758	1.0
beta1t_divergent[56]	0.1388	0.0024	0.3292	0.323	-0.5104	0.1361	0.7945	18970.0	30290.0	0.05743	1.0
beta1t_divergent[57]	0.185	0.002518	0.2736	0.2672	-0.3296	0.179	0.7476	11910.0	21990.0	0.03607	1.0
beta1t_divergent[58]	-0.008752	0.001792	0.363	0.3529	-0.7264	-0.008124	0.7116	41390.0	26400.0	0.1253	1.0
beta1t_divergent[59]	0.08281	0.002694	0.3227	0.313	-0.5499	0.0836	0.725	14390.0	25150.0	0.04356	1.0
beta1t_divergent[60]	0.05899	0.001541	0.2515	0.2473	-0.4469	0.06179	0.5433	26810.0	31340.0	0.08116	1.0
beta1t_divergent[61]	0.2007	0.0036	0.3354	0.3267	-0.4445	0.1957	0.8753	8716.0	20340.0	0.02639	1.0
beta1t_divergent[62]	0.1314	0.002669	0.3413	0.3316	-0.5312	0.1288	0.8168	16580.0	26780.0	0.05021	1.0
beta1t_divergent[63]	-0.06153	0.001337	0.2688	0.2616	-0.5988	-0.05904	0.4635	40490.0	30080.0	0.1226	1.0
beta1t_divergent[64]	-0.03887	0.003794	0.3782	0.3682	-0.7701	-0.04268	0.7128	9999.0	18850.0	0.03027	1.0
beta1t_divergent[65]	0.1111	0.002731	0.3474	0.3379	-0.556	0.1032	0.8203	16410.0	22580.0	0.04968	1.0
beta1t_divergent[66]	0.2604	0.002453	0.3364	0.327	-0.3765	0.2492	0.9517	19120.0	27670.0	0.05788	1.0
beta1t_divergent[67]	-0.1729	0.002174	0.3972	0.3738	-1.006	-0.1567	0.5702	35110.0	22710.0	0.1063	1.0
beta1t_divergent[68]	0.04392	0.001721	0.3551	0.3443	-0.6493	0.04175	0.7529	42970.0	26900.0	0.1301	1.0
beta1t_divergent[69]	0.1222	0.001772	0.3172	0.3099	-0.497	0.1217	0.7545	31940.0	29250.0	0.09671	1.0
beta1t_divergent[70]	0.2536	0.00158	0.2913	0.2824	-0.3097	0.2494	0.8446	34320.0	29600.0	0.1039	1.0
beta1t_divergent[71]	0.1417	0.00286	0.3326	0.3256	-0.5048	0.1362	0.8064	13680.0	23600.0	0.04143	1.0
beta1t_divergent[72]	0.2141	0.002938	0.3547	0.3415	-0.453	0.2014	0.9484	14870.0	22130.0	0.04503	1.0
beta1t_divergent[73]	-0.2461	0.001669	0.3055	0.2928	-0.8593	-0.2433	0.3492	33950.0	30590.0	0.1028	1.0
beta1t_divergent[74]	-0.2038	0.001518	0.2853	0.2791	-0.7867	-0.1993	0.3447	35600.0	28880.0	0.1078	1.0
beta1t_divergent[75]	0.2729	0.003757	0.3834	0.3722	-0.4435	0.26	1.071	10440.0	20880.0	0.0316	1.0
beta1t_divergent[76]	0.2785	0.001455	0.2698	0.2617	-0.2444	0.2775	0.8239	34180.0	30660.0	0.1035	1.0
beta1t_divergent[77]	-0.1776	0.002588	0.2846	0.2819	-0.7509	-0.1735	0.3616	12250.0	24020.0	0.03709	1.0
beta1t_divergent[78]	0.08205	0.00203	0.2612	0.259	-0.4404	0.0844	0.5903	16730.0	25360.0	0.05064	1.0
beta1t_divergent[79]	-0.2031	0.001506	0.276	0.2676	-0.7605	-0.2004	0.3301	33720.0	31330.0	0.1021	1.0
beta1t_divergent[80]	0.173	0.002042	0.2636	0.2577	-0.3436	0.1682	0.7019	16810.0	24840.0	0.0509	1.0
beta1t_divergent[81]	0.331	0.001525	0.2873	0.2821	-0.2232	0.3293	0.9009	35530.0	29400.0	0.1076	1.0
beta1t_divergent[82]	-0.1616	0.003624	0.2889	0.2865	-0.7502	-0.156	0.3893	6470.0	19590.0	0.01959	1.001
beta1t_divergent[83]	-0.1198	0.00142	0.2693	0.2614	-0.6584	-0.1184	0.4085	36080.0	30770.0	0.1092	1.0
beta1t_divergent[84]	0.08703	0.001736	0.3364	0.3304	-0.571	0.08625	0.7547	37590.0	31050.0	0.1138	1.0
beta1t_divergent[85]	0.2287	0.001577	0.2698	0.2667	-0.3114	0.2337	0.7438	29460.0	29750.0	0.0892	1.0
beta1t_divergent[86]	-0.1017	0.00166	0.2997	0.2915	-0.6946	-0.1007	0.4893	32760.0	29690.0	0.09919	1.0
beta1t_divergent[87]	0.05657	0.002157	0.3338	0.3232	-0.5934	0.05249	0.7224	24670.0	24400.0	0.07469	1.0
beta1t_divergent[88]	0.01693	0.001669	0.3603	0.3478	-0.6887	0.01527	0.7374	47330.0	29510.0	0.1433	1.0
beta1t_divergent[89]	0.1453	0.001565	0.2735	0.2691	-0.4036	0.1496	0.6734	30720.0	29600.0	0.093	1.0
beta1t_divergent[90]	-0.1274	0.004572	0.2982	0.3021	-0.7253	-0.1199	0.4304	4312.0	14940.0	0.01305	1.001
beta1t_divergent[91]	0.04714	0.004946	0.3618	0.3495	-0.6444	0.03805	0.7892	5477.0	15820.0	0.01658	1.001
beta1t_divergent[92]	0.1363	0.001434	0.2606	0.255	-0.3778	0.1354	0.6559	33280.0	29510.0	0.1008	1.0
beta1t_divergent[93]	0.3108	0.002066	0.25	0.2498	-0.1718	0.3072	0.8086	14610.0	25700.0	0.04424	1.0
beta1t_divergent[94]	-0.4022	0.001651	0.2813	0.2743	-0.9731	-0.3982	0.1353	29130.0	28860.0	0.08821	1.0
beta1t_divergent[95]	0.0002854	0.001272	0.2438	0.2389	-0.4917	0.002253	0.4726	36900.0	30540.0	0.1117	1.0
beta1t_divergent[96]	0.2729	0.001722	0.3099	0.3036	-0.3334	0.2715	0.8875	32640.0	31550.0	0.09882	1.0
beta1t_divergent[97]	-0.3569	0.003341	0.2745	0.2735	-0.9041	-0.3521	0.1707	6800.0	21000.0	0.02059	1.0
beta1t_divergent[98]	0.0165	0.002754	0.3202	0.3102	-0.6026	0.01286	0.666	13680.0	20770.0	0.0414	1.0
beta1t_divergent[99]	-0.007417	0.001237	0.2511	0.2453	-0.5052	-0.006338	0.4874	41240.0	30210.0	0.1249	1.0
beta1t_divergent[100]	0.138	0.00167	0.2376	0.2345	-0.3285	0.1383	0.6013	20400.0	27330.0	0.06175	1.0
beta1t_divergent[101]	-0.09043	0.001389	0.2576	0.2508	-0.6229	-0.0805	0.3933	34830.0	29300.0	0.1055	1.0
beta1t_divergent[102]	-0.2022	0.002942	0.3495	0.3363	-0.8886	-0.2035	0.5004	14210.0	22930.0	0.04302	1.0
beta1t_divergent[103]	-0.2481	0.001466	0.2809	0.2729	-0.8226	-0.2424	0.2896	36970.0	29950.0	0.1119	1.0
beta1t_divergent[104]	0.078	0.00121	0.2511	0.2449	-0.4111	0.07561	0.5781	43070.0	30650.0	0.1304	1.0
beta1t_divergent[105]	0.3338	0.002377	0.2724	0.2649	-0.1933	0.33	0.8783	13250.0	26520.0	0.04011	1.0
beta1t_divergent[106]	0.1612	0.00251	0.3217	0.3113	-0.4536	0.1554	0.8206	16670.0	24920.0	0.05049	1.0
beta1t_divergent[107]	-0.07144	0.001492	0.2922	0.2852	-0.6475	-0.06861	0.499	38520.0	30170.0	0.1166	1.0
beta1t_divergent[108]	-0.2472	0.001653	0.2855	0.2787	-0.8264	-0.2411	0.3067	30490.0	30030.0	0.0923	1.0
beta1t_divergent[109]	0.237	0.001621	0.287	0.2787	-0.3299	0.2363	0.8104	31400.0	31210.0	0.09507	1.0
beta1t_divergent[110]	0.1281	0.001537	0.2884	0.2832	-0.4458	0.1298	0.6909	35570.0	29620.0	0.1077	1.0
beta1t_divergent[111]	0.262	0.002268	0.3413	0.3286	-0.3833	0.2512	0.9708	23160.0	23650.0	0.07012	1.0
beta1t_divergent[112]	0.01038	0.00164	0.3116	0.3035	-0.6027	0.009431	0.6294	36200.0	29350.0	0.1096	1.0
beta1t_divergent[113]	-0.2516	0.002083	0.2972	0.2885	-0.8503	-0.248	0.3263	20330.0	26790.0	0.06155	1.0
beta1t_divergent[114]	0.1418	0.001711	0.2837	0.2773	-0.4116	0.1392	0.7077	27290.0	28470.0	0.08262	1.0
beta1t_divergent[115]	0.03422	0.001635	0.2928	0.2863	-0.5474	0.03647	0.606	32230.0	30980.0	0.09757	1.0
beta1t_divergent[116]	0.4928	0.001967	0.2227	0.2232	0.05627	0.4935	0.9298	12870.0	22300.0	0.03896	1.0
beta1t_divergent[117]	-0.1599	0.001624	0.2865	0.2811	-0.741	-0.1541	0.3835	31350.0	30080.0	0.09492	1.0
beta1t_divergent[118]	0.1349	0.002639	0.2814	0.2787	-0.4197	0.1357	0.6858	11410.0	25110.0	0.03456	1.0
beta1t_divergent[119]	-0.1218	0.00173	0.2269	0.2249	-0.5765	-0.1185	0.3117	17300.0	28180.0	0.05237	1.0
beta1t_divergent[120]	-0.03436	0.00138	0.2542	0.2495	-0.5477	-0.03218	0.4588	34090.0	29490.0	0.1032	1.0
beta1t_divergent[121]	-0.1914	0.001983	0.3116	0.3029	-0.8254	-0.1846	0.4006	24290.0	28030.0	0.07354	1.0
beta1t_divergent[122]	-0.3228	0.002334	0.3126	0.3092	-0.9638	-0.3133	0.2714	18270.0	23390.0	0.05533	1.0
beta1t_divergent[123]	0.02779	0.002401	0.3354	0.3237	-0.627	0.02215	0.7082	19800.0	22710.0	0.05996	1.0
beta1t_divergent[124]	-0.05025	0.001745	0.2893	0.2811	-0.6189	-0.04927	0.5269	27800.0	30990.0	0.08416	1.0
beta1t_divergent[125]	0.03461	0.001478	0.2619	0.2557	-0.4935	0.03934	0.5423	31790.0	29910.0	0.09626	1.0
beta1t_divergent[126]	0.1968	0.001532	0.2528	0.249	-0.3064	0.1971	0.6885	27270.0	30920.0	0.08257	1.0
beta1t_divergent[127]	0.1295	0.001313	0.2515	0.2472	-0.3753	0.1336	0.6152	36890.0	30350.0	0.1117	1.0
beta1t_divergent[128]	0.2193	0.002007	0.2734	0.2637	-0.3136	0.2164	0.7767	18810.0	25040.0	0.05696	1.001
beta1t_divergent[129]	0.2352	0.001485	0.269	0.264	-0.2841	0.231	0.7733	33150.0	29590.0	0.1004	1.0
beta1t_divergent[130]	0.08983	0.003932	0.3677	0.3573	-0.6183	0.08514	0.8384	8842.0	18930.0	0.02677	1.0
beta1t_divergent[131]	0.02505	0.005209	0.3688	0.3595	-0.6763	0.01607	0.7787	5082.0	14010.0	0.01539	1.001
beta1t_divergent[132]	-0.1651	0.002403	0.3118	0.3004	-0.7843	-0.1656	0.4572	16960.0	23680.0	0.05135	1.0
beta1t_divergent[133]	-0.05335	0.005608	0.385	0.3742	-0.8028	-0.05786	0.7228	4745.0	13730.0	0.01437	1.001
beta1t_divergent[134]	-0.03717	0.001726	0.2664	0.26	-0.5581	-0.03692	0.493	23700.0	28450.0	0.07174	1.0
beta1t_divergent[135]	-0.2631	0.001607	0.3143	0.3062	-0.9012	-0.2575	0.3447	38300.0	30240.0	0.1159	1.0
beta1t_divergent[136]	0.2719	0.001881	0.269	0.2675	-0.2517	0.2697	0.8037	20370.0	28570.0	0.06169	1.0
beta1t_divergent[137]	-0.2656	0.002287	0.2802	0.2759	-0.8418	-0.2556	0.2589	15200.0	24930.0	0.04602	1.0
beta1t_divergent[138]	0.1179	0.002222	0.3006	0.2968	-0.4806	0.1201	0.7052	18280.0	29460.0	0.05536	1.0
beta1t_divergent[139]	0.3899	0.003078	0.3506	0.3467	-0.2771	0.3816	1.098	13030.0	26670.0	0.03946	1.0
beta1t_divergent[140]	0.0643	0.002932	0.2452	0.2464	-0.4173	0.0674	0.5411	7028.0	20590.0	0.02128	1.0
beta1t_divergent[141]	0.1828	0.002205	0.3116	0.2999	-0.4183	0.1756	0.8253	20310.0	24890.0	0.06149	1.0
beta2_divergent[1]	0.0881	0.002833	0.208	0.2104	-0.3134	0.08712	0.4997	5397.0	23820.0	0.01634	1.0
beta2_divergent[2]	-0.9478	0.001729	0.2424	0.239	-1.442	-0.9398	-0.4894	19740.0	27400.0	0.05977	1.0
beta2_divergent[3]	0.2596	0.005121	0.2644	0.268	-0.2401	0.2558	0.7815	2689.0	12860.0	0.008141	1.001
beta2_divergent[4]	0.6523	0.001194	0.2139	0.2118	0.2498	0.6475	1.085	32460.0	28810.0	0.09827	1.0
beta2_divergent[5]	0.03736	0.002305	0.2322	0.2307	-0.4135	0.03689	0.4985	10130.0	26380.0	0.03066	1.0
beta2_divergent[6]	-0.003442	0.00142	0.2061	0.2052	-0.404	-0.004499	0.4048	21170.0	28320.0	0.06409	1.0
beta2_divergent[7]	-0.3705	0.01364	0.4099	0.4432	-1.085	-0.3935	0.4488	927.5	5519.0	0.002808	1.002
beta2_divergent[8]	-0.4752	0.00117	0.2154	0.2142	-0.9088	-0.4711	-0.06396	34470.0	25970.0	0.1044	1.0
beta2_divergent[9]	0.2115	0.005245	0.245	0.2495	-0.249	0.2064	0.7012	2192.0	12020.0	0.006636	1.001
beta2_divergent[10]	-0.2194	0.001085	0.1992	0.1982	-0.613	-0.2181	0.167	34530.0	30640.0	0.1045	1.0
beta2_divergent[11]	-0.113	0.001221	0.2492	0.2466	-0.6037	-0.1114	0.3761	41910.0	28420.0	0.1269	1.0
beta2_divergent[12]	0.5093	0.002254	0.3509	0.3438	-0.1731	0.5066	1.208	24270.0	26240.0	0.07349	1.0
beta2_divergent[13]	1.2	0.003136	0.2835	0.2813	0.6523	1.196	1.758	8140.0	13950.0	0.02465	1.0
beta2_divergent[14]	-0.2356	0.003337	0.2265	0.2279	-0.6843	-0.2328	0.2023	4627.0	19640.0	0.01401	1.001
beta2_divergent[15]	-0.1097	0.001623	0.1935	0.1921	-0.4918	-0.1086	0.2686	14210.0	25350.0	0.04301	1.0
beta2_divergent[16]	0.06314	0.004821	0.2424	0.2451	-0.3995	0.05973	0.5436	2533.0	11570.0	0.007669	1.001
beta2_divergent[17]	0.3093	0.005087	0.268	0.2664	-0.2313	0.3168	0.8242	2794.0	11050.0	0.008459	1.001
beta2_divergent[18]	0.3744	0.006713	0.25	0.2622	-0.111	0.3775	0.8497	1412.0	6479.0	0.004275	1.001
beta2_divergent[19]	-0.03381	0.001015	0.207	0.2043	-0.4478	-0.03162	0.3678	41820.0	30420.0	0.1266	1.0
beta2_divergent[20]	0.1493	0.006305	0.2877	0.2874	-0.3794	0.1372	0.7457	2092.0	10960.0	0.006333	1.001
beta2_divergent[21]	0.1309	0.004112	0.2335	0.2349	-0.3191	0.1304	0.5949	3241.0	15130.0	0.009812	1.001
beta2_divergent[22]	-0.12	0.006264	0.2977	0.3006	-0.7247	-0.111	0.4393	2270.0	12070.0	0.006873	1.001
beta2_divergent[23]	-0.4117	0.001885	0.2237	0.2228	-0.8546	-0.4114	0.02246	14220.0	26290.0	0.04307	1.0
beta2_divergent[24]	0.4131	0.004276	0.261	0.2563	-0.09297	0.41	0.9393	3693.0	15630.0	0.01118	1.0
beta2_divergent[25]	0.1505	0.00852	0.3997	0.4007	-0.6255	0.1477	0.9368	2210.0	10120.0	0.006691	1.001
beta2_divergent[26]	-0.4107	0.004752	0.2637	0.2636	-0.934	-0.4056	0.09941	3072.0	10100.0	0.009302	1.001
beta2_divergent[27]	-0.03223	0.001715	0.2736	0.2714	-0.5616	-0.03412	0.5085	25610.0	29210.0	0.07755	1.0
beta2_divergent[28]	0.2931	0.0009155	0.2014	0.1992	-0.09591	0.291	0.6935	48600.0	29880.0	0.1472	1.0
beta2_divergent[29]	0.4978	0.001031	0.2044	0.2021	0.1043	0.4947	0.9075	39560.0	29740.0	0.1198	1.0
beta2_divergent[30]	0.1119	0.002972	0.2208	0.2203	-0.3166	0.11	0.5459	5560.0	20320.0	0.01683	1.0
beta2_divergent[31]	0.06291	0.002941	0.2309	0.2294	-0.3808	0.05935	0.5265	6141.0	21690.0	0.01859	1.0
beta2_divergent[32]	-0.02777	0.001961	0.1977	0.1975	-0.4139	-0.02787	0.3629	10150.0	26890.0	0.03074	1.0
beta2_divergent[33]	0.5417	0.006823	0.2856	0.2896	-0.02394	0.5457	1.09	1772.0	7458.0	0.005365	1.001
beta2_divergent[34]	0.2551	0.002662	0.2279	0.2255	-0.1826	0.2502	0.7159	7347.0	22970.0	0.02224	1.0
beta2_divergent[35]	-0.03071	0.007851	0.3408	0.3434	-0.6875	-0.0333	0.6367	1896.0	9043.0	0.005741	1.001
beta2_divergent[36]	-0.05329	0.001429	0.2036	0.2013	-0.4477	-0.05685	0.3563	20610.0	27920.0	0.06239	1.0
beta2_divergent[37]	-0.3942	0.0031	0.2344	0.2333	-0.8582	-0.3923	0.06032	5722.0	19340.0	0.01732	1.0
beta2_divergent[38]	-0.157	0.001433	0.2146	0.2127	-0.5795	-0.1568	0.2655	22550.0	30630.0	0.06827	1.0
beta2_divergent[39]	0.4755	0.002747	0.3295	0.328	-0.1481	0.4683	1.141	14610.0	29250.0	0.04422	1.0
beta2_divergent[40]	0.439	0.001794	0.2365	0.2326	-0.01678	0.4364	0.919	17580.0	24220.0	0.05322	1.0
beta2_divergent[41]	-0.4271	0.003247	0.241	0.2372	-0.9089	-0.4233	0.04111	5510.0	18280.0	0.01668	1.0
beta2_divergent[42]	0.0004818	0.002372	0.2039	0.2049	-0.4013	0.001711	0.3973	7383.0	24310.0	0.02235	1.0
beta2_divergent[43]	-0.09516	0.005566	0.2277	0.2339	-0.5275	-0.09739	0.3486	1698.0	8467.0	0.005141	1.001
beta2_divergent[44]	0.249	0.006182	0.408	0.4077	-0.5444	0.2489	1.064	4360.0	14350.0	0.0132	1.0
beta2_divergent[45]	0.1951	0.001291	0.2513	0.2462	-0.3043	0.1967	0.6844	38020.0	29170.0	0.1151	1.0
beta2_divergent[46]	0.4675	0.01744	0.5053	0.5562	-0.4668	0.4722	1.413	871.2	5019.0	0.002638	1.002
beta2_divergent[47]	0.7149	0.009442	0.3157	0.3328	0.1123	0.7184	1.322	1142.0	5110.0	0.003458	1.002
beta2_divergent[48]	0.126	0.009177	0.3371	0.3515	-0.5196	0.1233	0.7793	1367.0	7707.0	0.004138	1.002
beta2_divergent[49]	-0.6407	0.002974	0.2196	0.2191	-1.078	-0.639	-0.2161	5470.0	13290.0	0.01656	1.0
beta2_divergent[50]	0.005601	0.00201	0.406	0.3985	-0.7929	0.006803	0.8079	41080.0	29420.0	0.1244	1.0
beta2_divergent[51]	-0.1866	0.006033	0.3289	0.3241	-0.8341	-0.1855	0.4568	2968.0	13210.0	0.008985	1.001
beta2_divergent[52]	-0.2662	0.00551	0.2626	0.2637	-0.7734	-0.2692	0.2495	2286.0	9218.0	0.006923	1.001
beta2_divergent[53]	0.1593	0.002818	0.2675	0.2644	-0.3691	0.1602	0.6812	9008.0	23780.0	0.02727	1.0
beta2_divergent[54]	0.1482	0.0009139	0.195	0.1946	-0.2305	0.1466	0.5335	45610.0	30920.0	0.1381	1.0
beta2_divergent[55]	-0.3008	0.00339	0.2755	0.2725	-0.8593	-0.2953	0.2243	6638.0	21410.0	0.0201	1.0
beta2_divergent[56]	0.3139	0.00512	0.2494	0.2506	-0.1554	0.3097	0.818	2378.0	10750.0	0.0072	1.001
beta2_divergent[57]	0.3084	0.006793	0.2963	0.296	-0.2668	0.3101	0.8902	1915.0	10100.0	0.005798	1.001
beta2_divergent[58]	-0.08272	0.004945	0.4145	0.4126	-0.8924	-0.08234	0.7331	7056.0	20850.0	0.02136	1.0
beta2_divergent[59]	0.3033	0.002273	0.2301	0.2264	-0.1461	0.3025	0.7576	10300.0	21330.0	0.0312	1.0
beta2_divergent[60]	-0.1242	0.001795	0.2043	0.2025	-0.5285	-0.1243	0.2725	13080.0	26250.0	0.03961	1.0
beta2_divergent[61]	0.09524	0.001884	0.193	0.1921	-0.2844	0.09556	0.4761	10600.0	24580.0	0.0321	1.0
beta2_divergent[62]	0.8227	0.001452	0.2277	0.2254	0.3888	0.8162	1.288	24740.0	29880.0	0.07491	1.0
beta2_divergent[63]	-0.1254	0.004831	0.2786	0.2784	-0.6537	-0.1321	0.4379	3348.0	13690.0	0.01014	1.001
beta2_divergent[64]	1.056	0.01286	0.403	0.426	0.2952	1.061	1.835	1004.0	4644.0	0.00304	1.002
beta2_divergent[65]	0.07964	0.00914	0.4341	0.4393	-0.766	0.07744	0.9385	2264.0	10670.0	0.006854	1.001
beta2_divergent[66]	0.4321	0.001587	0.2763	0.2737	-0.0976	0.4263	0.9908	30480.0	30260.0	0.09228	1.0
beta2_divergent[67]	-0.007659	0.00198	0.3804	0.3719	-0.7337	-0.01483	0.767	37160.0	26840.0	0.1125	1.0
beta2_divergent[68]	0.3029	0.002348	0.3629	0.355	-0.3942	0.2976	1.034	24170.0	28100.0	0.07318	1.0
beta2_divergent[69]	-0.2203	0.004954	0.2231	0.2279	-0.6524	-0.2216	0.216	2038.0	8761.0	0.006169	1.001
beta2_divergent[70]	0.2998	0.002101	0.2343	0.2294	-0.1484	0.2958	0.7775	12200.0	25860.0	0.03692	1.0
beta2_divergent[71]	0.5843	0.003261	0.2521	0.2502	0.08347	0.5866	1.075	6023.0	15440.0	0.01824	1.0
beta2_divergent[72]	0.3569	0.002205	0.2938	0.2871	-0.2007	0.3492	0.9587	17770.0	25570.0	0.05381	1.0
beta2_divergent[73]	-0.3446	0.001603	0.1892	0.189	-0.721	-0.3444	0.02676	13970.0	25930.0	0.04229	1.0
beta2_divergent[74]	-0.1453	0.007273	0.3402	0.3405	-0.8194	-0.1425	0.5167	2191.0	10030.0	0.006633	1.001
beta2_divergent[75]	0.9197	0.006492	0.2572	0.2623	0.422	0.924	1.417	1593.0	5814.0	0.004822	1.001
beta2_divergent[76]	-0.1403	0.003705	0.2071	0.2092	-0.5367	-0.1426	0.2711	3151.0	13600.0	0.009541	1.001
beta2_divergent[77]	0.4171	0.002884	0.2301	0.2274	-0.03213	0.4152	0.873	6318.0	17700.0	0.01913	1.0
beta2_divergent[78]	0.2987	0.001433	0.2751	0.2678	-0.223	0.2931	0.865	37770.0	27090.0	0.1144	1.0
beta2_divergent[79]	-0.5433	0.003499	0.2878	0.2852	-1.127	-0.538	0.006957	6733.0	19780.0	0.02038	1.0
beta2_divergent[80]	-0.03565	0.004047	0.2375	0.2384	-0.4941	-0.03705	0.4335	3457.0	13840.0	0.01047	1.001
beta2_divergent[81]	-0.08658	0.0008717	0.1827	0.1827	-0.4486	-0.08463	0.2672	44050.0	31280.0	0.1334	1.0
beta2_divergent[82]	0.1309	0.003801	0.2073	0.2117	-0.2709	0.1301	0.5335	2983.0	14670.0	0.009033	1.001
beta2_divergent[83]	0.2886	0.004799	0.2556	0.254	-0.2108	0.2889	0.7894	2848.0	12020.0	0.008623	1.001
beta2_divergent[84]	0.7007	0.004285	0.2307	0.2353	0.2504	0.7019	1.147	2908.0	9837.0	0.008805	1.001
beta2_divergent[85]	-0.01976	0.0022	0.22	0.2181	-0.4526	-0.02005	0.4084	9998.0	26460.0	0.03027	1.0
beta2_divergent[86]	0.4822	0.001151	0.2202	0.2174	0.0594	0.4793	0.927	36850.0	29240.0	0.1116	1.0
beta2_divergent[87]	-0.2663	0.003808	0.3258	0.322	-0.9468	-0.2534	0.3372	7566.0	16500.0	0.02291	1.0
beta2_divergent[88]	-0.07435	0.005179	0.4172	0.4109	-0.9027	-0.07385	0.7425	6506.0	21750.0	0.0197	1.0
beta2_divergent[89]	-0.1582	0.0009546	0.2028	0.2024	-0.5612	-0.157	0.2349	45220.0	30270.0	0.1369	1.0
beta2_divergent[90]	-0.06215	0.003918	0.211	0.215	-0.4685	-0.06242	0.3525	2916.0	13970.0	0.008828	1.0
beta2_divergent[91]	-0.08738	0.00747	0.3609	0.3605	-0.7944	-0.08838	0.6216	2336.0	9378.0	0.007073	1.001
beta2_divergent[92]	0.4946	0.006405	0.2862	0.2885	-0.05679	0.4917	1.062	2001.0	9238.0	0.006057	1.001
beta2_divergent[93]	-0.139	0.003828	0.2581	0.256	-0.6486	-0.1394	0.3609	4552.0	17660.0	0.01378	1.001
beta2_divergent[94]	-0.5585	0.009853	0.3802	0.3918	-1.306	-0.5556	0.1609	1498.0	8056.0	0.004535	1.001
beta2_divergent[95]	0.03946	0.003437	0.2256	0.225	-0.4027	0.04115	0.4801	4327.0	17450.0	0.0131	1.001
beta2_divergent[96]	0.5159	0.002482	0.2032	0.204	0.123	0.5135	0.9178	6700.0	18380.0	0.02029	1.0
beta2_divergent[97]	-0.5609	0.002069	0.2271	0.2253	-1.005	-0.5613	-0.1153	12060.0	21050.0	0.03652	1.0
beta2_divergent[98]	-0.3644	0.005836	0.263	0.266	-0.8793	-0.3634	0.1458	2050.0	9195.0	0.006207	1.001
beta2_divergent[99]	-0.2185	0.001882	0.2901	0.2873	-0.8154	-0.2082	0.3231	23420.0	29620.0	0.07089	1.0
beta2_divergent[100]	0.3104	0.002247	0.2176	0.215	-0.1176	0.3102	0.7387	9354.0	24330.0	0.02832	1.0
beta2_divergent[101]	-0.1781	0.0009891	0.2083	0.2067	-0.5927	-0.1764	0.2261	44620.0	29970.0	0.1351	1.0
beta2_divergent[102]	-0.6493	0.003998	0.2833	0.2805	-1.226	-0.6395	-0.1164	5019.0	18940.0	0.0152	1.0
beta2_divergent[103]	-0.4842	0.001844	0.2785	0.2756	-1.057	-0.4757	0.04184	22600.0	26420.0	0.06841	1.0
beta2_divergent[104]	0.006169	0.003806	0.2298	0.2335	-0.4325	0.001973	0.4643	3657.0	15590.0	0.01107	1.0
beta2_divergent[105]	0.0722	0.008498	0.3065	0.3181	-0.5244	0.07545	0.6538	1318.0	7536.0	0.003991	1.001
beta2_divergent[106]	-0.1481	0.001925	0.2052	0.2056	-0.5503	-0.1491	0.2559	11390.0	26010.0	0.03448	1.0
beta2_divergent[107]	-0.3499	0.001086	0.1947	0.193	-0.7405	-0.3482	0.02058	32710.0	28340.0	0.09902	1.0
beta2_divergent[108]	-0.04144	0.002161	0.2004	0.2011	-0.4343	-0.0422	0.3531	8607.0	22130.0	0.02606	1.0
beta2_divergent[109]	0.5022	0.004808	0.2678	0.2676	-0.01668	0.5002	1.037	3107.0	11370.0	0.009406	1.001
beta2_divergent[110]	0.0632	0.00164	0.1886	0.1887	-0.3073	0.06368	0.4308	13210.0	28440.0	0.04	1.0
beta2_divergent[111]	0.2772	0.003408	0.3756	0.3713	-0.4377	0.2715	1.032	12390.0	25090.0	0.0375	1.0
beta2_divergent[112]	0.3093	0.001885	0.2213	0.2204	-0.1082	0.3021	0.7594	13900.0	27780.0	0.0421	1.0
beta2_divergent[113]	-0.2998	0.004088	0.2574	0.2545	-0.8253	-0.2928	0.1828	3993.0	15570.0	0.01209	1.001
beta2_divergent[114]	-0.05046	0.005042	0.2227	0.2293	-0.4812	-0.05136	0.3832	1977.0	9734.0	0.005985	1.001
beta2_divergent[115]	0.04758	0.008914	0.3633	0.3692	-0.6682	0.04956	0.747	1671.0	8867.0	0.005058	1.001
beta2_divergent[116]	0.3232	0.001286	0.1947	0.1952	-0.05399	0.3224	0.7108	22970.0	30040.0	0.06955	1.0
beta2_divergent[117]	-0.2613	0.001551	0.198	0.1954	-0.6519	-0.2608	0.1269	16400.0	29270.0	0.04964	1.0
beta2_divergent[118]	0.1977	0.002376	0.2232	0.2205	-0.2447	0.1971	0.6344	8782.0	22580.0	0.02659	1.0
beta2_divergent[119]	0.00542	0.001056	0.2336	0.2324	-0.455	0.006283	0.4595	48980.0	31830.0	0.1483	1.0
beta2_divergent[120]	-0.0457	0.004401	0.2751	0.2741	-0.5948	-0.04136	0.4842	3898.0	15870.0	0.0118	1.001
beta2_divergent[121]	0.1838	0.003033	0.2373	0.2357	-0.2857	0.1853	0.6486	6141.0	20010.0	0.01859	1.0
beta2_divergent[122]	0.258	0.001765	0.1964	0.1969	-0.1218	0.2566	0.6474	12530.0	26260.0	0.03795	1.0
beta2_divergent[123]	-0.2835	0.006641	0.238	0.2488	-0.7248	-0.2904	0.1905	1314.0	6049.0	0.003978	1.001
beta2_divergent[124]	0.03439	0.00229	0.2181	0.217	-0.3909	0.0331	0.4723	9066.0	23210.0	0.02745	1.0
beta2_divergent[125]	-0.08478	0.002242	0.2125	0.2111	-0.5019	-0.0846	0.3331	8984.0	25240.0	0.0272	1.0
beta2_divergent[126]	-0.06605	0.002287	0.2201	0.2188	-0.5	-0.06371	0.3642	9237.0	29570.0	0.02797	1.0
beta2_divergent[127]	-0.244	0.002846	0.2212	0.2232	-0.6723	-0.2485	0.1918	6081.0	19770.0	0.01841	1.0
beta2_divergent[128]	0.5601	0.007032	0.2925	0.2974	-0.01664	0.5631	1.124	1743.0	7028.0	0.005278	1.001
beta2_divergent[129]	0.01024	0.004349	0.2791	0.2803	-0.5504	0.01392	0.5438	4126.0	19120.0	0.01249	1.001
beta2_divergent[130]	0.3341	0.001316	0.242	0.2398	-0.132	0.3301	0.8207	33870.0	30760.0	0.1026	1.0
beta2_divergent[131]	-0.1402	0.004452	0.267	0.2634	-0.6725	-0.1376	0.3763	3606.0	15670.0	0.01092	1.0
beta2_divergent[132]	-0.2408	0.005909	0.2813	0.2827	-0.8022	-0.236	0.2962	2270.0	11110.0	0.006874	1.001
beta2_divergent[133]	0.4907	0.004312	0.2866	0.2836	-0.05051	0.482	1.079	4393.0	20430.0	0.0133	1.0
beta2_divergent[134]	0.041	0.002357	0.2159	0.2166	-0.3754	0.03808	0.4708	8418.0	22650.0	0.02549	1.0
beta2_divergent[135]	0.1006	0.001719	0.2076	0.2074	-0.3023	0.09861	0.5115	14590.0	26560.0	0.04418	1.0
beta2_divergent[136]	0.01454	0.002051	0.2563	0.2521	-0.5036	0.02041	0.5007	15900.0	27760.0	0.04813	1.0
beta2_divergent[137]	-0.06383	0.001019	0.1933	0.1928	-0.4444	-0.06442	0.3166	36240.0	29440.0	0.1097	1.0
beta2_divergent[138]	-0.1741	0.00209	0.2217	0.2185	-0.6283	-0.1694	0.2457	11360.0	24160.0	0.0344	1.0
beta2_divergent[139]	-0.08283	0.001077	0.2026	0.1996	-0.4869	-0.08101	0.3088	35710.0	29850.0	0.1081	1.0
beta2_divergent[140]	-0.5053	0.003148	0.2082	0.2089	-0.9095	-0.5063	-0.09283	4372.0	12020.0	0.01324	1.001
beta2_divergent[141]	0.579	0.005075	0.2636	0.2641	0.07011	0.5771	1.098	2707.0	10960.0	0.008195	1.001
betac_divergent[1]	0.149	0.007277	0.4295	0.4273	-0.6309	0.1284	1.039	3439.0	16460.0	0.01041	1.002
betac_divergent[2]	-0.7558	0.009171	0.3647	0.3694	-1.413	-0.7752	-0.0003246	1665.0	7357.0	0.005041	1.003
betac_divergent[3]	0.3012	0.003939	0.6012	0.5745	-0.8836	0.2942	1.502	23960.0	27280.0	0.07255	1.0
betac_divergent[4]	1.775	0.01537	0.5371	0.5497	0.7593	1.779	2.835	1240.0	5902.0	0.003756	1.005
betac_divergent[5]	0.4897	0.00347	0.446	0.4227	-0.328	0.4671	1.441	16490.0	25090.0	0.04993	1.001
betac_divergent[6]	0.4398	0.002957	0.4909	0.4602	-0.5153	0.431	1.439	27550.0	27190.0	0.08341	1.0
betac_divergent[7]	-1.021	0.01415	0.6744	0.6315	-2.169	-1.092	0.528	2139.0	11560.0	0.006476	1.003
betac_divergent[8]	-0.2234	0.01224	0.7247	0.7198	-1.639	-0.2298	1.205	3515.0	15460.0	0.01064	1.002
betac_divergent[9]	-0.06249	0.009105	0.4145	0.422	-0.8186	-0.07844	0.7771	2124.0	13050.0	0.006431	1.003
betac_divergent[10]	0.2259	0.0107	0.6518	0.63	-1.1	0.2358	1.5	3755.0	11170.0	0.01137	1.002
betac_divergent[11]	0.2921	0.006443	0.6184	0.5975	-0.9262	0.2928	1.51	9410.0	20800.0	0.02849	1.0
betac_divergent[12]	0.06122	0.012	0.6624	0.6372	-1.26	0.06862	1.365	3075.0	12080.0	0.00931	1.002
betac_divergent[13]	1.532	0.01244	0.4493	0.4622	0.6598	1.543	2.393	1337.0	6092.0	0.004047	1.004
betac_divergent[14]	0.1127	0.003339	0.6162	0.5899	-1.097	0.1084	1.346	34710.0	24120.0	0.1051	1.0
betac_divergent[15]	-0.0324	0.008536	0.3918	0.3975	-0.7549	-0.04465	0.7575	2147.0	13180.0	0.006499	1.003
betac_divergent[16]	0.2795	0.003073	0.5768	0.5462	-0.8535	0.2734	1.446	35690.0	28990.0	0.1081	1.0
betac_divergent[17]	-0.1967	0.005123	0.5965	0.5611	-1.354	-0.212	1.031	13570.0	25010.0	0.04108	1.001
betac_divergent[18]	0.1214	0.01177	0.422	0.4428	-0.6489	0.1058	0.9638	1328.0	8121.0	0.00402	1.005
betac_divergent[19]	0.4208	0.006411	0.4766	0.4662	-0.4458	0.4012	1.427	5422.0	20000.0	0.01642	1.001
betac_divergent[20]	0.3169	0.00318	0.6129	0.5896	-0.8948	0.3089	1.545	37390.0	28580.0	0.1132	1.0
betac_divergent[21]	-0.1267	0.004776	0.6439	0.6267	-1.356	-0.1488	1.197	18130.0	24780.0	0.0549	1.0
betac_divergent[22]	0.1103	0.002813	0.5075	0.4769	-0.8613	0.09671	1.162	33330.0	27730.0	0.1009	1.0
betac_divergent[23]	-0.09599	0.0038	0.5319	0.5079	-1.046	-0.1302	1.056	18740.0	24740.0	0.05673	1.0
betac_divergent[24]	0.2818	0.01055	0.3387	0.3617	-0.3454	0.276	0.9397	1079.0	7204.0	0.003266	1.005
betac_divergent[25]	0.4742	0.01573	0.726	0.7116	-1.012	0.4944	1.859	2163.0	9114.0	0.006549	1.003
betac_divergent[26]	-0.009156	0.002987	0.5352	0.5053	-1.016	-0.02898	1.107	32930.0	26060.0	0.09972	1.0
betac_divergent[27]	0.2566	0.01326	0.7026	0.6838	-1.162	0.2703	1.62	2887.0	13350.0	0.008741	1.002
betac_divergent[28]	0.6268	0.01453	0.7157	0.7	-0.8553	0.6503	1.967	2487.0	9873.0	0.00753	1.002
betac_divergent[29]	-0.2145	0.006294	0.3709	0.3699	-0.9219	-0.2226	0.5241	3509.0	14300.0	0.01062	1.002
betac_divergent[30]	-0.02214	0.003595	0.6159	0.5958	-1.154	-0.05106	1.274	29880.0	27870.0	0.09046	1.0
betac_divergent[31]	0.4698	0.003228	0.5722	0.535	-0.6904	0.4689	1.608	32510.0	24530.0	0.09844	1.0
betac_divergent[32]	0.583	0.004465	0.4514	0.4325	-0.2602	0.566	1.53	9897.0	22860.0	0.02997	1.001
betac_divergent[33]	1.167	0.007588	0.4145	0.4037	0.405	1.151	2.04	2899.0	9935.0	0.008776	1.002
betac_divergent[34]	-0.06061	0.008366	0.6675	0.6386	-1.375	-0.06196	1.28	6390.0	17880.0	0.01935	1.001
betac_divergent[35]	0.349	0.01363	0.6966	0.6732	-1.068	0.363	1.694	2670.0	10960.0	0.008083	1.002
betac_divergent[36]	1.107	0.004936	0.448	0.4371	0.2851	1.089	2.042	7960.0	24430.0	0.0241	1.001
betac_divergent[37]	-0.2055	0.003603	0.5871	0.5561	-1.329	-0.2237	1.01	27490.0	26680.0	0.08325	1.0
betac_divergent[38]	0.1338	0.003991	0.5928	0.5608	-1.04	0.1308	1.326	22730.0	27790.0	0.06881	1.0
betac_divergent[39]	0.5663	0.003415	0.5374	0.5094	-0.5014	0.5601	1.646	25640.0	25910.0	0.07764	1.0
betac_divergent[40]	1.044	0.01126	0.714	0.6872	-0.446	1.078	2.368	4202.0	13530.0	0.01272	1.002
betac_divergent[41]	-0.4199	0.00285	0.4688	0.4388	-1.31	-0.4355	0.5598	27670.0	25630.0	0.08377	1.0
betac_divergent[42]	-0.3053	0.004556	0.511	0.4963	-1.322	-0.3052	0.6941	12290.0	23410.0	0.03721	1.0
betac_divergent[43]	0.9882	0.00631	0.4942	0.4884	0.08406	0.967	2.016	5898.0	16040.0	0.01786	1.001
betac_divergent[44]	0.8492	0.003163	0.417	0.3941	0.0815	0.8297	1.725	17050.0	23670.0	0.05162	1.0
betac_divergent[45]	-0.1935	0.008303	0.661	0.6441	-1.471	-0.2003	1.133	6450.0	19490.0	0.01953	1.001
betac_divergent[46]	0.9716	0.01556	0.6405	0.6518	-0.1988	0.9547	2.278	1722.0	10170.0	0.005212	1.004
betac_divergent[47]	0.7977	0.009885	0.5186	0.5165	-0.2217	0.7992	1.788	2693.0	16000.0	0.008155	1.003
betac_divergent[48]	-0.3307	0.005899	0.6985	0.6853	-1.657	-0.3517	1.107	14340.0	23780.0	0.04341	1.0
betac_divergent[49]	-0.248	0.003844	0.5093	0.4804	-1.189	-0.27	0.831	17320.0	22320.0	0.05243	1.0
betac_divergent[50]	0.2264	0.02266	0.7918	0.8022	-1.358	0.2452	1.715	1258.0	7123.0	0.003808	1.005
betac_divergent[51]	-0.5081	0.006097	0.5492	0.5147	-1.621	-0.5004	0.5764	8176.0	22040.0	0.02476	1.001
betac_divergent[52]	0.8434	0.008042	0.4383	0.4359	0.0425	0.827	1.765	2876.0	10420.0	0.008709	1.003
betac_divergent[53]	0.2061	0.00444	0.6055	0.5731	-1.002	0.2097	1.405	19200.0	26050.0	0.05813	1.0
betac_divergent[54]	-0.06737	0.002643	0.4676	0.4391	-0.9898	-0.06946	0.8801	32170.0	25980.0	0.09739	1.0
betac_divergent[55]	0.2951	0.006511	0.639	0.6159	-0.9857	0.2959	1.552	9862.0	20050.0	0.02986	1.001
betac_divergent[56]	1.131	0.0106	0.4228	0.429	0.324	1.133	1.96	1618.0	8094.0	0.0049	1.004
betac_divergent[57]	0.478	0.01087	0.6692	0.6454	-0.8778	0.4901	1.773	3851.0	14220.0	0.01166	1.001
betac_divergent[58]	0.3533	0.00357	0.5254	0.4919	-0.682	0.3452	1.414	22200.0	24530.0	0.06721	1.0
betac_divergent[59]	0.05954	0.008668	0.3485	0.3573	-0.5879	0.0512	0.7563	1669.0	10190.0	0.005054	1.003
betac_divergent[60]	0.111	0.004454	0.6035	0.5738	-1.075	0.1091	1.326	18750.0	27500.0	0.05678	1.0
betac_divergent[61]	0.5997	0.003343	0.3941	0.3792	-0.1213	0.5811	1.433	13940.0	23800.0	0.04222	1.0
betac_divergent[62]	1.229	0.01072	0.4034	0.4103	0.4489	1.237	2.007	1440.0	6222.0	0.00436	1.004
betac_divergent[63]	-0.2469	0.002831	0.4775	0.4482	-1.195	-0.2498	0.697	28440.0	27000.0	0.08612	1.0
betac_divergent[64]	1.257	0.01588	0.576	0.5879	0.1824	1.25	2.404	1351.0	8644.0	0.004089	1.004
betac_divergent[65]	-0.1211	0.003032	0.4783	0.4452	-1.094	-0.1153	0.8219	26290.0	23230.0	0.07961	1.0
betac_divergent[66]	0.8788	0.003159	0.4254	0.4108	0.08627	0.8631	1.762	17860.0	26870.0	0.05407	1.0
betac_divergent[67]	-0.1298	0.003032	0.4689	0.4336	-1.074	-0.1295	0.8159	24860.0	24680.0	0.07527	1.0
betac_divergent[68]	-0.54	0.01174	0.6652	0.6391	-1.852	-0.5432	0.7979	3225.0	14710.0	0.009766	1.002
betac_divergent[69]	0.2964	0.002483	0.4483	0.4253	-0.5734	0.2874	1.212	33810.0	25500.0	0.1024	1.0
betac_divergent[70]	0.7025	0.002783	0.4926	0.4644	-0.2699	0.6954	1.705	32260.0	26040.0	0.09768	1.0
betac_divergent[71]	-0.1025	0.01403	0.6976	0.6833	-1.489	-0.09913	1.264	2503.0	11380.0	0.007579	1.003
betac_divergent[72]	0.5364	0.02295	0.8004	0.8074	-1.099	0.5716	2.023	1248.0	6352.0	0.003779	1.005
betac_divergent[73]	0.5236	0.003443	0.4638	0.443	-0.3099	0.4971	1.52	17980.0	23680.0	0.05443	1.0
betac_divergent[74]	-0.3458	0.002987	0.5028	0.4701	-1.346	-0.3458	0.6559	29490.0	26280.0	0.0893	1.0
betac_divergent[75]	1.604	0.01671	0.5257	0.5427	0.6264	1.605	2.651	1011.0	6042.0	0.00306	1.006
betac_divergent[76]	-0.8739	0.0037	0.43	0.4093	-1.779	-0.858	-0.07183	12360.0	19100.0	0.03741	1.001
betac_divergent[77]	0.6301	0.006643	0.497	0.4901	-0.2729	0.6081	1.685	5380.0	17850.0	0.01629	1.001
betac_divergent[78]	-0.1681	0.003305	0.5715	0.5407	-1.299	-0.1684	0.9797	30830.0	25440.0	0.09335	1.0
betac_divergent[79]	-0.1782	0.008626	0.6595	0.631	-1.477	-0.1839	1.151	5959.0	20230.0	0.01804	1.001
betac_divergent[80]	0.09527	0.006766	0.62	0.5898	-1.148	0.09399	1.323	8480.0	21130.0	0.02567	1.001
betac_divergent[81]	0.2793	0.003445	0.4817	0.4592	-0.6562	0.2722	1.257	19010.0	26270.0	0.05755	1.0
betac_divergent[82]	0.03999	0.005763	0.4778	0.4591	-0.8812	0.03698	0.9915	6672.0	22510.0	0.0202	1.001
betac_divergent[83]	0.1975	0.005013	0.5939	0.5615	-0.9645	0.1893	1.404	14440.0	27120.0	0.04372	1.0
betac_divergent[84]	1.363	0.0121	0.4699	0.4783	0.4625	1.367	2.287	1526.0	6609.0	0.004621	1.004
betac_divergent[85]	0.9183	0.003141	0.5496	0.5193	-0.1693	0.916	2.008	31370.0	24540.0	0.09497	1.0
betac_divergent[86]	0.163	0.005481	0.3854	0.3787	-0.5381	0.1449	0.9738	4881.0	22650.0	0.01478	1.001
betac_divergent[87]	-0.06517	0.009494	0.6323	0.603	-1.332	-0.06688	1.189	4438.0	17950.0	0.01344	1.001
betac_divergent[88]	-0.1179	0.01119	0.6543	0.6266	-1.424	-0.1189	1.182	3508.0	15000.0	0.01062	1.002
betac_divergent[89]	0.5953	0.003185	0.5794	0.5555	-0.5417	0.5884	1.747	33570.0	28570.0	0.1016	1.0
betac_divergent[90]	0.4297	0.004178	0.5774	0.5676	-0.6447	0.409	1.617	18620.0	28110.0	0.05637	1.0
betac_divergent[91]	0.2699	0.002565	0.4588	0.4305	-0.6016	0.2586	1.224	33470.0	24210.0	0.1013	1.0
betac_divergent[92]	0.6178	0.01128	0.6916	0.6652	-0.8051	0.635	1.95	3801.0	12130.0	0.01151	1.002
betac_divergent[93]	0.05421	0.003676	0.5744	0.5443	-1.086	0.05056	1.206	25100.0	25900.0	0.07598	1.0
betac_divergent[94]	0.6561	0.00396	0.6029	0.5743	-0.5605	0.6568	1.84	23960.0	25490.0	0.07256	1.0
betac_divergent[95]	0.1723	0.004569	0.5969	0.5711	-1.008	0.1682	1.367	17410.0	27470.0	0.05272	1.0
betac_divergent[96]	1.084	0.006653	0.438	0.4322	0.267	1.071	1.986	4262.0	15260.0	0.0129	1.002
betac_divergent[97]	-0.524	0.003908	0.6258	0.5885	-1.667	-0.5571	0.8121	26130.0	24990.0	0.07912	1.0
betac_divergent[98]	-0.9684	0.003813	0.3724	0.3557	-1.736	-0.9595	-0.254	9149.0	13170.0	0.0277	1.001
betac_divergent[99]	-0.731	0.00284	0.4879	0.4581	-1.719	-0.7272	0.225	29920.0	26380.0	0.09058	1.0
betac_divergent[100]	-0.06535	0.007868	0.651	0.6248	-1.355	-0.06451	1.228	6924.0	22110.0	0.02096	1.001
betac_divergent[101]	1.088	0.003186	0.556	0.5279	-0.000614	1.08	2.216	31150.0	26630.0	0.0943	1.0
betac_divergent[102]	-1.219	0.004113	0.3514	0.3317	-1.949	-1.212	-0.5443	7075.0	9197.0	0.02142	1.001
betac_divergent[103]	0.8031	0.002913	0.5237	0.5012	-0.1938	0.788	1.872	33230.0	27960.0	0.1006	1.0
betac_divergent[104]	-0.1383	0.008715	0.6649	0.639	-1.463	-0.1403	1.189	5917.0	17890.0	0.01792	1.001
betac_divergent[105]	0.6	0.003365	0.5576	0.5342	-0.4969	0.5962	1.714	28140.0	26810.0	0.0852	1.0
betac_divergent[106]	0.01892	0.007915	0.3537	0.3625	-0.6389	0.008972	0.7276	2047.0	11760.0	0.006197	1.003
betac_divergent[107]	-0.09764	0.00391	0.438	0.4171	-0.9459	-0.1059	0.7856	12100.0	25420.0	0.03665	1.0
betac_divergent[108]	-0.3995	0.005543	0.4177	0.4013	-1.196	-0.41	0.4532	5658.0	20700.0	0.01713	1.001
betac_divergent[109]	0.4089	0.002921	0.4426	0.4241	-0.421	0.3969	1.322	23140.0	26590.0	0.07007	1.0
betac_divergent[110]	0.6458	0.006055	0.4923	0.478	-0.2393	0.6206	1.687	6345.0	18940.0	0.01921	1.001
betac_divergent[111]	0.3596	0.01183	0.6715	0.6412	-1.012	0.377	1.642	3318.0	13280.0	0.01005	1.002
betac_divergent[112]	-0.009412	0.009834	0.3564	0.3751	-0.6601	-0.02374	0.7013	1372.0	7644.0	0.004154	1.005
betac_divergent[113]	-0.2037	0.007383	0.6265	0.5964	-1.431	-0.2112	1.07	7214.0	16760.0	0.02184	1.001
betac_divergent[114]	-0.4721	0.005347	0.4559	0.4368	-1.362	-0.4796	0.4461	7292.0	20110.0	0.02208	1.001
betac_divergent[115]	0.07172	0.006001	0.401	0.3959	-0.6824	0.06112	0.881	4378.0	21750.0	0.01325	1.001
betac_divergent[116]	0.2891	0.009511	0.6962	0.6815	-1.13	0.3039	1.631	5458.0	15620.0	0.01653	1.001
betac_divergent[117]	0.6037	0.006741	0.4465	0.4397	-0.2086	0.5855	1.55	4224.0	15690.0	0.01279	1.001
betac_divergent[118]	0.1588	0.005198	0.4809	0.4669	-0.7282	0.1394	1.164	8381.0	21260.0	0.02538	1.001
betac_divergent[119]	0.2191	0.008056	0.6455	0.6136	-1.073	0.2222	1.485	6549.0	19560.0	0.01983	1.001
betac_divergent[120]	0.1207	0.005431	0.6027	0.5681	-1.075	0.1207	1.335	12480.0	21000.0	0.03779	1.0
betac_divergent[121]	1.204	0.006103	0.4413	0.4309	0.4018	1.186	2.137	4918.0	12750.0	0.01489	1.002
betac_divergent[122]	0.1364	0.01039	0.4376	0.4431	-0.6551	0.1172	1.04	1790.0	12340.0	0.00542	1.004
betac_divergent[123]	0.1075	0.009937	0.3187	0.3379	-0.4752	0.09474	0.7332	1064.0	5959.0	0.003222	1.006
betac_divergent[124]	0.03694	0.002763	0.4791	0.4531	-0.8617	0.01609	1.048	31300.0	23700.0	0.09476	1.0
betac_divergent[125]	0.5435	0.004109	0.6114	0.5834	-0.6819	0.5433	1.74	22890.0	24180.0	0.06931	1.0
betac_divergent[126]	0.3895	0.00503	0.6235	0.5927	-0.8666	0.3937	1.62	15640.0	22390.0	0.04735	1.0
betac_divergent[127]	0.6978	0.003635	0.574	0.549	-0.4277	0.6906	1.844	25420.0	25600.0	0.07696	1.0
betac_divergent[128]	0.1064	0.003011	0.5342	0.4999	-0.9429	0.1012	1.191	32360.0	27610.0	0.09797	1.0
betac_divergent[129]	0.4474	0.009039	0.6674	0.6401	-0.9092	0.4587	1.748	5527.0	15050.0	0.01673	1.001
betac_divergent[130]	0.8224	0.002383	0.4227	0.4053	0.06919	0.7947	1.731	33620.0	25240.0	0.1018	1.0
betac_divergent[131]	0.7169	0.002509	0.463	0.4401	-0.1384	0.6942	1.69	35400.0	26700.0	0.1072	1.0
betac_divergent[132]	0.04707	0.002619	0.4311	0.4081	-0.7622	0.03186	0.9379	27160.0	25190.0	0.08222	1.0
betac_divergent[133]	0.2126	0.02706	0.8421	0.8762	-1.481	0.2381	1.785	1003.0	5204.0	0.003038	1.006
betac_divergent[134]	-0.478	0.003649	0.5796	0.5386	-1.598	-0.4948	0.7415	25830.0	23100.0	0.0782	1.0
betac_divergent[135]	0.4706	0.00825	0.4257	0.4263	-0.3025	0.456	1.355	2593.0	10970.0	0.00785	1.003
betac_divergent[136]	-0.09449	0.002529	0.4514	0.4218	-1.001	-0.09512	0.8057	32620.0	26790.0	0.09877	1.0
betac_divergent[137]	0.7702	0.004841	0.505	0.4951	-0.1456	0.7439	1.831	10610.0	27040.0	0.03212	1.001
betac_divergent[138]	-0.2865	0.009002	0.423	0.4267	-1.067	-0.3043	0.5618	2253.0	10690.0	0.00682	1.002
betac_divergent[139]	1.224	0.007729	0.434	0.428	0.4179	1.209	2.132	3054.0	11290.0	0.009247	1.002
betac_divergent[140]	-0.1057	0.004141	0.606	0.5737	-1.29	-0.12	1.135	22010.0	25310.0	0.06665	1.0
betac_divergent[141]	-0.7332	0.007291	0.3616	0.3517	-1.437	-0.7426	-0.006721	2503.0	7292.0	0.007579	1.002
