	Mean	MCSE	StdDev	MAD	2.5%	50%	97.5%	ESS_bulk	ESS_tail	ESS_bulk/s	R_hat
lp__	-48700.0	0.4269	40.31	40.02	-48780.0	-48700.0	-48620.0	8911.0	17810.0	0.04411	1.001
alpha1_mu[1]	-0.1128	0.001643	0.09538	0.09529	-0.2975	-0.1131	0.0763	3389.0	8087.0	0.01678	1.001
alpha1_mu[2]	-0.02118	0.001499	0.08596	0.08613	-0.1879	-0.02176	0.1488	3291.0	6858.0	0.01629	1.001
forget_mu[1]	-0.6879	0.0005558	0.05794	0.05717	-0.8008	-0.6881	-0.5724	10880.0	18020.0	0.05384	1.0
forget_mu[2]	-0.66	0.0005999	0.06331	0.06297	-0.7841	-0.66	-0.5337	11170.0	18240.0	0.05529	1.0
beta_mu[1,1]	-0.05387	0.0009378	0.1038	0.1029	-0.2687	-0.04949	0.1377	12240.0	22010.0	0.06057	1.0
beta_mu[1,2]	-0.2447	0.001147	0.1298	0.13	-0.5135	-0.2391	-0.008739	12800.0	20980.0	0.06335	1.0
beta_mu[2,1]	0.5969	0.0005792	0.06614	0.06556	0.4639	0.598	0.7239	13110.0	21300.0	0.06488	1.0
beta_mu[2,2]	0.6066	0.0005312	0.06251	0.0619	0.4803	0.6074	0.7263	13960.0	23190.0	0.06911	1.0
beta_mu[3,1]	1.618	0.000559	0.04812	0.04756	1.523	1.618	1.712	7439.0	14770.0	0.03682	1.0
beta_mu[3,2]	1.584	0.000539	0.04633	0.04627	1.494	1.584	1.675	7409.0	15200.0	0.03667	1.0
beta_mu[4,1]	0.676	0.0006048	0.05234	0.05188	0.5732	0.6761	0.7789	7484.0	14810.0	0.03705	1.0
beta_mu[4,2]	0.8342	0.0006821	0.05818	0.05775	0.7219	0.8333	0.9502	7276.0	13970.0	0.03602	1.0
alpha1_c_pr[1]	-0.04625	0.001817	0.1844	0.1809	-0.4025	-0.04858	0.3253	10320.0	19960.0	0.0511	1.0
alpha1_c_pr[2]	-1.098	0.008237	0.3258	0.3367	-1.763	-1.083	-0.5125	1574.0	7608.0	0.00779	1.003
alpha1_c_pr[3]	0.9053	0.001908	0.2115	0.2047	0.5219	0.8939	1.352	12140.0	21330.0	0.06008	1.0
alpha1_c_pr[4]	-0.8125	0.003436	0.2999	0.2906	-1.38	-0.8228	-0.188	7946.0	10360.0	0.03933	1.001
alpha1_c_pr[5]	0.3409	0.007705	0.3232	0.324	-0.2683	0.3352	0.987	1758.0	6876.0	0.008701	1.004
alpha1_c_pr[6]	0.6439	0.003616	0.2631	0.2518	0.1579	0.6334	1.196	5156.0	12260.0	0.02552	1.001
alpha1_c_pr[7]	-0.7384	0.006138	0.2636	0.264	-1.249	-0.7402	-0.2165	1851.0	8039.0	0.009163	1.003
alpha1_c_pr[8]	0.5358	0.005643	0.2788	0.2661	0.05767	0.5119	1.151	2418.0	9580.0	0.01197	1.002
alpha1_c_pr[9]	0.2804	0.002017	0.1858	0.1815	-0.07172	0.2745	0.6618	8531.0	18800.0	0.04223	1.0
alpha1_c_pr[10]	-0.5543	0.003796	0.2491	0.2423	-1.029	-0.5605	-0.05005	4334.0	12670.0	0.02145	1.001
alpha1_c_pr[11]	1.888	0.003059	0.5007	0.4846	1.061	1.832	3.002	29010.0	24740.0	0.1436	1.0
alpha1_c_pr[12]	-1.557	0.004271	0.3619	0.3543	-2.297	-1.548	-0.8696	7219.0	16700.0	0.03573	1.001
alpha1_c_pr[13]	-1.093	0.006406	0.2853	0.2909	-1.667	-1.087	-0.5582	2002.0	7575.0	0.009911	1.003
alpha1_c_pr[14]	0.3629	0.002963	0.1923	0.1879	-0.02431	0.3663	0.7359	4217.0	10290.0	0.02087	1.0
alpha1_c_pr[15]	-0.4874	0.002277	0.187	0.1837	-0.8655	-0.4838	-0.1305	6787.0	15400.0	0.03359	1.0
alpha1_c_pr[16]	0.1114	0.002623	0.1752	0.1715	-0.2133	0.1046	0.4735	4490.0	13120.0	0.02222	1.001
alpha1_c_pr[17]	-0.005227	0.002553	0.3405	0.3207	-0.6574	-0.01417	0.6997	18070.0	20410.0	0.08944	1.0
alpha1_c_pr[18]	-0.06888	0.003183	0.2183	0.2129	-0.5124	-0.06351	0.3509	4734.0	12150.0	0.02343	1.001
alpha1_c_pr[19]	0.6864	0.003666	0.3121	0.2919	0.1061	0.6736	1.341	6806.0	11850.0	0.03369	1.001
alpha1_c_pr[20]	0.5309	0.006373	0.2483	0.2521	0.08076	0.521	1.042	1510.0	5805.0	0.007476	1.004
alpha1_c_pr[21]	0.1831	0.002403	0.1766	0.1731	-0.1593	0.1813	0.5376	5409.0	13050.0	0.02678	1.0
alpha1_c_pr[22]	-0.04991	0.005568	0.3486	0.3438	-0.747	-0.04153	0.6216	3924.0	10140.0	0.01942	1.002
alpha1_c_pr[23]	0.472	0.0113	0.4022	0.423	-0.2247	0.4513	1.303	1271.0	6175.0	0.006289	1.005
alpha1_c_pr[24]	-0.7786	0.002241	0.2923	0.2874	-1.35	-0.782	-0.1988	17000.0	23550.0	0.08416	1.0
alpha1_c_pr[25]	-1.372	0.005977	0.4321	0.4168	-2.184	-1.389	-0.4775	5271.0	10740.0	0.02609	1.001
alpha1_c_pr[26]	0.5944	0.001983	0.1928	0.1883	0.2387	0.5865	0.9957	9405.0	18280.0	0.04655	1.0
alpha1_c_pr[27]	1.453	0.005315	0.3985	0.3651	0.805	1.406	2.37	5023.0	11330.0	0.02486	1.001
alpha1_c_pr[28]	-0.1505	0.002137	0.2186	0.2134	-0.5897	-0.1474	0.276	10470.0	18490.0	0.05181	1.0
alpha1_c_pr[29]	0.0564	0.00779	0.3038	0.3094	-0.504	0.04616	0.6701	1528.0	6734.0	0.007564	1.004
alpha1_c_pr[30]	0.7479	0.002232	0.2067	0.2009	0.3706	0.7376	1.185	8790.0	16150.0	0.04351	1.0
alpha1_c_pr[31]	-0.1549	0.01234	0.4165	0.4528	-0.9142	-0.1642	0.6535	1169.0	5585.0	0.005784	1.006
alpha1_c_pr[32]	0.4195	0.004687	0.2173	0.2143	-0.01337	0.4212	0.8413	2148.0	7842.0	0.01063	1.002
alpha1_c_pr[33]	-0.103	0.004575	0.5694	0.568	-1.236	-0.08236	0.98	15640.0	17220.0	0.07741	1.0
alpha1_c_pr[34]	0.4306	0.00204	0.1992	0.194	0.05738	0.423	0.8416	9450.0	15640.0	0.04678	1.0
alpha1_c_pr[35]	-1.033	0.002952	0.3501	0.3356	-1.683	-1.048	-0.2914	14320.0	18690.0	0.07087	1.0
alpha1_c_pr[36]	-0.3317	0.004585	0.2431	0.2409	-0.7943	-0.3342	0.1583	2817.0	9257.0	0.01394	1.002
alpha1_c_pr[37]	0.7056	0.003256	0.2626	0.2463	0.2449	0.6842	1.284	6849.0	13420.0	0.0339	1.001
alpha1_c_pr[38]	0.469	0.003718	0.2324	0.2243	0.03817	0.4611	0.9535	3880.0	10070.0	0.0192	1.001
alpha1_c_pr[39]	-1.597	0.00306	0.2827	0.2735	-2.168	-1.592	-1.056	8611.0	18640.0	0.04262	1.0
alpha1_c_pr[40]	0.6792	0.003304	0.289	0.2688	0.1698	0.6578	1.31	7291.0	15620.0	0.03609	1.0
alpha1_c_pr[41]	0.4036	0.004405	0.385	0.3566	-0.379	0.4068	1.176	7476.0	10290.0	0.037	1.001
alpha1_c_pr[42]	0.4881	0.00522	0.2591	0.2545	-0.01575	0.4863	1.007	2465.0	8952.0	0.0122	1.002
alpha1_c_pr[43]	-0.9044	0.003536	0.2054	0.2052	-1.322	-0.8995	-0.5188	3381.0	10820.0	0.01674	1.002
alpha1_c_pr[44]	-1.392	0.005797	0.4121	0.3899	-2.227	-1.389	-0.5861	5051.0	15720.0	0.025	1.001
alpha1_c_pr[45]	-1.522	0.003993	0.2417	0.2389	-2.006	-1.52	-1.052	3659.0	9922.0	0.01811	1.002
alpha1_c_pr[46]	-0.9417	0.004047	0.2243	0.2214	-1.409	-0.9325	-0.5264	3077.0	9899.0	0.01523	1.001
alpha1_c_pr[47]	-1.114	0.001998	0.2021	0.1997	-1.518	-1.111	-0.7218	10220.0	18890.0	0.05056	1.0
alpha1_c_pr[48]	0.2526	0.001815	0.1736	0.1728	-0.07771	0.2483	0.604	9159.0	18410.0	0.04534	1.0
alpha1_c_pr[49]	-0.2145	0.003864	0.214	0.2084	-0.6564	-0.2093	0.193	3073.0	9011.0	0.01521	1.002
alpha1_c_pr[50]	-2.542	0.003009	0.4597	0.4385	-3.546	-2.503	-1.734	23810.0	26320.0	0.1178	1.0
alpha1_c_pr[51]	-1.496	0.00383	0.2723	0.2725	-2.045	-1.488	-0.9813	5108.0	13250.0	0.02528	1.001
alpha1_c_pr[52]	2.045	0.003025	0.5055	0.4912	1.185	1.998	3.171	29250.0	25880.0	0.1448	1.0
alpha1_c_pr[53]	1.497	0.007427	0.4888	0.4587	0.6393	1.462	2.568	3928.0	9585.0	0.01944	1.001
alpha1_c_pr[54]	0.009877	0.006313	0.2768	0.2756	-0.5169	0.006142	0.5622	1924.0	8690.0	0.009524	1.003
alpha1_c_pr[55]	1.052	0.003806	0.2931	0.2725	0.5563	1.022	1.709	5623.0	16400.0	0.02783	1.001
alpha1_c_pr[56]	0.1431	0.001823	0.1995	0.1973	-0.2361	0.1402	0.5444	11960.0	20500.0	0.05918	1.0
alpha1_c_pr[57]	0.964	0.007163	0.4128	0.3975	0.2651	0.9288	1.873	3117.0	10160.0	0.01543	1.003
alpha1_c_pr[58]	-1.641	0.002997	0.3872	0.3636	-2.458	-1.625	-0.9227	16630.0	23560.0	0.0823	1.0
alpha1_c_pr[59]	1.046	0.003944	0.3984	0.3548	0.3953	1.004	1.964	9507.0	19560.0	0.04706	1.0
alpha1_c_pr[60]	0.07728	0.005697	0.263	0.2606	-0.4586	0.08553	0.5734	2143.0	8389.0	0.01061	1.002
alpha1_c_pr[61]	-0.154	0.003132	0.2347	0.23	-0.6283	-0.1492	0.2942	5613.0	15870.0	0.02778	1.001
alpha1_c_pr[62]	-0.7248	0.005439	0.2768	0.2784	-1.286	-0.7171	-0.2049	2609.0	8436.0	0.01292	1.002
alpha1_c_pr[63]	0.85	0.002078	0.2127	0.2042	0.4637	0.8392	1.307	10650.0	15620.0	0.05273	1.0
alpha1_c_pr[64]	-1.212	0.003953	0.2251	0.2232	-1.638	-1.219	-0.7498	3259.0	9563.0	0.01613	1.002
alpha1_c_pr[65]	-1.78	0.003266	0.3991	0.3759	-2.633	-1.759	-1.047	14910.0	22200.0	0.07379	1.0
alpha1_c_pr[66]	-1.204	0.005138	0.2642	0.2668	-1.727	-1.202	-0.6948	2652.0	11290.0	0.01313	1.002
alpha1_c_pr[67]	-1.457	0.006012	0.4216	0.4065	-2.275	-1.462	-0.6098	4953.0	13710.0	0.02452	1.001
alpha1_c_pr[68]	-1.846	0.003113	0.3559	0.3458	-2.56	-1.843	-1.158	13260.0	21350.0	0.06563	1.0
alpha1_c_pr[69]	-1.738	0.003835	0.2361	0.2362	-2.21	-1.735	-1.285	3790.0	10330.0	0.01876	1.001
alpha1_c_pr[70]	-0.406	0.009664	0.3608	0.3825	-1.085	-0.4084	0.2936	1415.0	6518.0	0.007006	1.004
alpha1_c_pr[71]	-1.12	0.006314	0.3734	0.3656	-1.809	-1.137	-0.3427	3529.0	9997.0	0.01747	1.001
alpha1_c_pr[72]	-1.336	0.002773	0.2978	0.2778	-1.915	-1.338	-0.7352	11640.0	17070.0	0.05759	1.0
alpha1_c_pr[73]	-0.5746	0.006771	0.2894	0.2847	-1.205	-0.547	-0.07768	1822.0	7598.0	0.00902	1.002
alpha1_c_pr[74]	-1.132	0.003076	0.2555	0.2526	-1.654	-1.123	-0.6504	6982.0	14170.0	0.03456	1.0
alpha1_c_pr[75]	-1.287	0.003931	0.2419	0.2427	-1.775	-1.281	-0.8285	3814.0	11320.0	0.01888	1.001
alpha1_c_pr[76]	-0.2125	0.002028	0.2022	0.197	-0.6112	-0.212	0.1882	9936.0	16570.0	0.04918	1.001
alpha1_c_pr[77]	1.483	0.00315	0.4557	0.4158	0.7652	1.422	2.556	22960.0	21760.0	0.1136	1.0
alpha1_c_pr[78]	2.254	0.00296	0.4827	0.4691	1.438	2.21	3.327	26470.0	25890.0	0.131	1.0
alpha1_c_pr[79]	1.616	0.004475	0.3756	0.344	1.015	1.573	2.488	6551.0	17730.0	0.03243	1.001
alpha1_c_pr[80]	0.8322	0.002638	0.3687	0.3355	0.2235	0.7919	1.673	20740.0	22370.0	0.1026	1.0
alpha1_c_pr[81]	-0.2519	0.00521	0.247	0.2454	-0.7552	-0.2429	0.2106	2257.0	8182.0	0.01117	1.002
alpha1_c_pr[82]	-0.5139	0.002182	0.2148	0.2119	-0.9314	-0.5148	-0.08598	9732.0	20600.0	0.04817	1.0
alpha1_c_pr[83]	1.712	0.005623	0.5491	0.5299	0.7744	1.663	2.924	8246.0	9882.0	0.04082	1.0
alpha1_c_pr[84]	-0.04215	0.00498	0.2993	0.2953	-0.632	-0.03888	0.5389	3611.0	12720.0	0.01787	1.001
alpha1_c_pr[85]	0.3228	0.005347	0.2551	0.247	-0.1595	0.3155	0.8504	2255.0	7851.0	0.01116	1.002
alpha1_c_pr[86]	0.4088	0.00248	0.2563	0.2462	-0.05534	0.3942	0.947	10610.0	20340.0	0.0525	1.001
alpha1_c_pr[87]	-1.102	0.008548	0.4361	0.4451	-1.952	-1.099	-0.2698	2610.0	9735.0	0.01292	1.002
alpha1_c_pr[88]	-2.178	0.002896	0.448	0.4213	-3.149	-2.145	-1.386	24330.0	26260.0	0.1204	1.0
alpha1_c_pr[89]	0.5088	0.003545	0.2359	0.2268	0.04987	0.5045	0.9898	4317.0	9678.0	0.02137	1.001
alpha1_c_pr[90]	-0.2689	0.002643	0.2353	0.2321	-0.7406	-0.2655	0.1876	7963.0	15020.0	0.03941	1.0
alpha1_c_pr[91]	-1.231	0.002849	0.3608	0.338	-1.893	-1.247	-0.4653	16110.0	21600.0	0.07974	1.0
alpha1_c_pr[92]	0.03642	0.003875	0.2957	0.2815	-0.5724	0.04212	0.6157	5911.0	11170.0	0.02926	1.001
alpha1_c_pr[93]	1.871	0.003822	0.4702	0.4428	1.104	1.816	2.949	14220.0	19500.0	0.0704	1.0
alpha1_c_pr[94]	1.215	0.01124	0.7916	0.7352	-0.5039	1.265	2.694	5421.0	6598.0	0.02683	1.001
alpha1_c_pr[95]	0.5064	0.002464	0.317	0.2959	-0.06321	0.4838	1.192	16060.0	18700.0	0.07949	1.0
alpha1_c_pr[96]	-0.1652	0.00286	0.2218	0.219	-0.6003	-0.1667	0.274	6037.0	16370.0	0.02988	1.0
alpha1_c_pr[97]	0.5219	0.01104	0.3811	0.4088	-0.1414	0.5058	1.299	1202.0	5649.0	0.00595	1.006
alpha1_c_pr[98]	0.496	0.006756	0.4034	0.3853	-0.2687	0.4826	1.333	3438.0	10230.0	0.01702	1.001
alpha1_c_pr[99]	1.417	0.004407	0.4651	0.4246	0.6476	1.364	2.492	10200.0	18500.0	0.05049	1.0
alpha1_c_pr[100]	0.2253	0.002248	0.2391	0.2294	-0.2069	0.2107	0.7396	11410.0	18350.0	0.05649	1.0
alpha1_c_pr[101]	0.2399	0.003619	0.2522	0.2418	-0.2624	0.2418	0.7324	4823.0	10270.0	0.02387	1.001
alpha1_c_pr[102]	-0.9606	0.009394	0.3645	0.3801	-1.671	-0.9539	-0.2789	1519.0	6784.0	0.007521	1.004
alpha1_c_pr[103]	2.074	0.002996	0.4739	0.4564	1.278	2.029	3.136	24960.0	25750.0	0.1235	1.0
alpha1_c_pr[104]	0.4508	0.002694	0.1928	0.1876	0.09635	0.4421	0.8564	5103.0	13890.0	0.02526	1.001
alpha1_c_pr[105]	1.756	0.00327	0.5155	0.4969	0.8842	1.708	2.907	23890.0	25650.0	0.1183	1.0
alpha1_c_pr[106]	0.4883	0.001918	0.2005	0.1942	0.1158	0.4797	0.9059	10990.0	18300.0	0.0544	1.0
alpha1_c_pr[107]	0.2444	0.01029	0.3477	0.3754	-0.364	0.2317	0.9391	1161.0	5089.0	0.005748	1.006
alpha1_c_pr[108]	0.05511	0.002093	0.2171	0.2116	-0.3746	0.0549	0.4783	10860.0	17570.0	0.05375	1.0
alpha1_c_pr[109]	-0.6508	0.003074	0.3009	0.2953	-1.243	-0.6497	-0.05796	9636.0	15380.0	0.0477	1.0
alpha1_c_pr[110]	0.08637	0.00353	0.2159	0.2113	-0.3493	0.0893	0.5041	3755.0	9692.0	0.01859	1.001
alpha1_c_pr[111]	-1.464	0.005986	0.3358	0.3242	-2.175	-1.446	-0.8587	3159.0	11000.0	0.01564	1.002
alpha1_c_pr[112]	0.4949	0.002836	0.2258	0.2172	0.09447	0.48	0.9842	6341.0	17440.0	0.03139	1.001
alpha1_c_pr[113]	0.1372	0.002568	0.3286	0.311	-0.4952	0.1304	0.8036	16290.0	18780.0	0.08064	1.0
alpha1_c_pr[114]	-0.4206	0.005568	0.2262	0.2261	-0.8652	-0.4211	0.01934	1650.0	6401.0	0.008167	1.003
alpha1_c_pr[115]	0.9817	0.004586	0.2463	0.2422	0.5117	0.9772	1.483	2861.0	9757.0	0.01416	1.001
alpha1_c_pr[116]	0.07822	0.002497	0.1727	0.1704	-0.2532	0.07475	0.4277	4763.0	13740.0	0.02357	1.001
alpha1_c_pr[117]	0.1504	0.001952	0.2273	0.2179	-0.2868	0.146	0.6164	13470.0	19700.0	0.0667	1.0
alpha1_c_pr[118]	0.7929	0.002435	0.2837	0.2653	0.2928	0.7714	1.415	13250.0	20640.0	0.0656	1.0
alpha1_c_pr[119]	1.477	0.002805	0.3969	0.3582	0.8518	1.422	2.422	20990.0	20990.0	0.1039	1.0
alpha1_c_pr[120]	-0.731	0.005796	0.3045	0.3078	-1.319	-0.7342	-0.1324	2782.0	10420.0	0.01377	1.001
alpha1_c_pr[121]	-0.5414	0.004714	0.3369	0.3341	-1.182	-0.55	0.1381	5101.0	15560.0	0.02525	1.001
alpha1_c_pr[122]	0.1157	0.001903	0.1961	0.1907	-0.268	0.1144	0.5042	10600.0	16930.0	0.05249	1.0
alpha1_c_pr[123]	-0.9429	0.005399	0.2367	0.2407	-1.427	-0.9309	-0.5097	1929.0	7648.0	0.00955	1.003
alpha1_c_pr[124]	0.5899	0.002691	0.208	0.2009	0.2151	0.5787	1.033	5924.0	14790.0	0.02932	1.001
alpha1_c_pr[125]	0.4584	0.001872	0.1885	0.1843	0.1073	0.4507	0.8505	10150.0	19260.0	0.05023	1.0
alpha1_c_pr[126]	0.7382	0.003057	0.2129	0.207	0.3503	0.7272	1.186	4765.0	12170.0	0.02359	1.001
alpha1_c_pr[127]	0.8045	0.007023	0.319	0.3105	0.2576	0.7764	1.502	2014.0	7683.0	0.009969	1.003
alpha1_c_pr[128]	1.37	0.00315	0.5174	0.4842	0.5273	1.309	2.567	27210.0	25040.0	0.1347	1.0
alpha1_c_pr[129]	0.8768	0.003709	0.2366	0.2307	0.4281	0.8701	1.365	4029.0	10660.0	0.01994	1.001
alpha1_c_pr[130]	0.5001	0.01257	0.8445	0.8573	-1.128	0.5956	2.051	4814.0	5408.0	0.02383	1.0
alpha1_c_pr[131]	0.0621	0.005908	0.3405	0.3274	-0.6018	0.05863	0.7484	3280.0	11640.0	0.01624	1.002
alpha1_c_pr[132]	0.5831	0.005018	0.428	0.3872	-0.2363	0.5702	1.483	6944.0	13610.0	0.03437	1.001
alpha1_c_pr[133]	-1.075	0.004464	0.3746	0.3572	-1.744	-1.1	-0.264	6945.0	18120.0	0.03438	1.001
alpha1_c_pr[134]	0.5387	0.005745	0.2386	0.2338	0.1046	0.526	1.037	1701.0	6165.0	0.008422	1.004
alpha1_c_pr[135]	0.2527	0.002331	0.257	0.2482	-0.2436	0.247	0.7713	12250.0	22050.0	0.06065	1.0
alpha1_c_pr[136]	-1.308	0.003518	0.2319	0.227	-1.773	-1.305	-0.8545	4362.0	10440.0	0.02159	1.001
alpha1_c_pr[137]	0.5429	0.002226	0.2378	0.2264	0.09101	0.5345	1.035	11230.0	15990.0	0.0556	1.0
alpha1_c_pr[138]	0.2277	0.006541	0.2991	0.2972	-0.3699	0.2311	0.8037	2092.0	9069.0	0.01035	1.003
alpha1_c_pr[139]	0.1165	0.002029	0.2346	0.2298	-0.3355	0.1142	0.5882	13380.0	21570.0	0.06622	1.0
alpha1_c_pr[140]	-0.7674	0.002137	0.1975	0.1968	-1.163	-0.7644	-0.3854	8563.0	16760.0	0.04239	1.0
alpha1_c_pr[141]	0.2118	0.003029	0.3552	0.334	-0.4702	0.2022	0.9474	13740.0	19760.0	0.06803	1.0
alpha1_d_pr[1]	0.03414	0.002453	0.4675	0.4611	-0.8807	0.03311	0.9616	36380.0	30080.0	0.1801	1.0
alpha1_d_pr[2]	-1.414	0.006732	0.5788	0.569	-2.549	-1.413	-0.2725	7398.0	21590.0	0.03662	1.001
alpha1_d_pr[3]	0.01848	0.005794	0.5333	0.5193	-1.021	0.01365	1.081	8477.0	21560.0	0.04196	1.001
alpha1_d_pr[4]	-0.3883	0.006755	0.7202	0.7345	-1.785	-0.389	1.001	11450.0	21180.0	0.05667	1.0
alpha1_d_pr[5]	1.341	0.00331	0.5888	0.5779	0.2039	1.335	2.512	31770.0	29120.0	0.1572	1.0
alpha1_d_pr[6]	-0.5397	0.004507	0.6165	0.5969	-1.74	-0.5439	0.6848	18660.0	27010.0	0.09239	1.0
alpha1_d_pr[7]	1.077	0.004711	0.5251	0.524	0.0407	1.077	2.104	12420.0	25900.0	0.06146	1.0
alpha1_d_pr[8]	0.9363	0.004111	0.6066	0.5952	-0.2073	0.9184	2.185	22190.0	26170.0	0.1098	1.0
alpha1_d_pr[9]	0.1628	0.002489	0.4678	0.4625	-0.7414	0.1576	1.101	35710.0	29910.0	0.1768	1.0
alpha1_d_pr[10]	0.6099	0.004066	0.5483	0.5408	-0.4634	0.6097	1.694	18400.0	27680.0	0.09107	1.0
alpha1_d_pr[11]	0.0461	0.01092	0.9224	0.9081	-1.796	0.04907	1.843	7171.0	19090.0	0.03549	1.001
alpha1_d_pr[12]	0.6735	0.009421	0.7137	0.7039	-0.6782	0.6548	2.126	5713.0	16100.0	0.02828	1.001
alpha1_d_pr[13]	1.152	0.007075	0.5423	0.5405	0.08752	1.154	2.214	5859.0	18750.0	0.029	1.001
alpha1_d_pr[14]	-0.4291	0.002866	0.4665	0.4561	-1.329	-0.4383	0.5104	26760.0	28580.0	0.1325	1.0
alpha1_d_pr[15]	-0.2329	0.003454	0.4568	0.4522	-1.146	-0.2315	0.6576	17620.0	25540.0	0.0872	1.0
alpha1_d_pr[16]	0.351	0.00221	0.4284	0.4196	-0.4746	0.3447	1.205	37800.0	29740.0	0.1871	1.0
alpha1_d_pr[17]	0.1905	0.003709	0.7181	0.7111	-1.197	0.1823	1.639	37760.0	28920.0	0.1869	1.0
alpha1_d_pr[18]	-0.4795	0.002501	0.5246	0.5174	-1.523	-0.4773	0.5464	44090.0	30200.0	0.2182	1.0
alpha1_d_pr[19]	-0.5642	0.004745	0.6985	0.6764	-1.877	-0.5895	0.8708	22210.0	25260.0	0.1099	1.0
alpha1_d_pr[20]	1.102	0.003614	0.4466	0.441	0.2583	1.09	2.017	15480.0	26130.0	0.07661	1.0
alpha1_d_pr[21]	-0.2977	0.002319	0.4413	0.4335	-1.159	-0.3022	0.5785	36450.0	28660.0	0.1804	1.0
alpha1_d_pr[22]	-0.8966	0.004151	0.7137	0.6975	-2.221	-0.926	0.5881	30180.0	28180.0	0.1494	1.0
alpha1_d_pr[23]	1.984	0.003541	0.6097	0.6002	0.8272	1.968	3.23	30070.0	28220.0	0.1488	1.0
alpha1_d_pr[24]	-0.07174	0.004976	0.6389	0.6247	-1.334	-0.07106	1.194	16420.0	28320.0	0.0813	1.0
alpha1_d_pr[25]	1.008	0.008208	0.775	0.7689	-0.4919	1.001	2.55	8928.0	19320.0	0.04419	1.001
alpha1_d_pr[26]	0.1604	0.003973	0.4876	0.4812	-0.7818	0.1566	1.135	15060.0	26460.0	0.07457	1.0
alpha1_d_pr[27]	0.7961	0.008831	0.8047	0.7717	-0.8523	0.8086	2.356	8235.0	20840.0	0.04076	1.0
alpha1_d_pr[28]	-0.2156	0.002817	0.528	0.5199	-1.25	-0.2191	0.8326	35180.0	31340.0	0.1741	1.0
alpha1_d_pr[29]	-1.361	0.00298	0.5455	0.5316	-2.456	-1.355	-0.2952	33750.0	27540.0	0.167	1.0
alpha1_d_pr[30]	0.2149	0.004933	0.5208	0.5086	-0.7928	0.2107	1.263	11180.0	25860.0	0.05535	1.0
alpha1_d_pr[31]	2.217	0.002843	0.5579	0.555	1.151	2.205	3.338	38740.0	30610.0	0.1917	1.0
alpha1_d_pr[32]	-0.779	0.00322	0.4564	0.4484	-1.683	-0.7788	0.1155	20200.0	29000.0	0.09999	1.0
alpha1_d_pr[33]	-0.103	0.00599	0.8823	0.8984	-1.865	-0.08842	1.568	21680.0	29410.0	0.1073	1.0
alpha1_d_pr[34]	-0.05979	0.003575	0.4871	0.4768	-0.9929	-0.07054	0.9366	18740.0	28210.0	0.09276	1.0
alpha1_d_pr[35]	-0.2355	0.006726	0.6642	0.6485	-1.59	-0.2192	1.022	9757.0	23390.0	0.0483	1.0
alpha1_d_pr[36]	0.7642	0.002951	0.5338	0.5282	-0.3011	0.7717	1.799	32850.0	27750.0	0.1626	1.0
alpha1_d_pr[37]	0.4349	0.004679	0.655	0.6359	-0.79	0.414	1.794	20070.0	24760.0	0.09933	1.0
alpha1_d_pr[38]	-0.586	0.003647	0.5431	0.5311	-1.662	-0.5833	0.4666	22420.0	28460.0	0.111	1.0
alpha1_d_pr[39]	0.4089	0.009281	0.6389	0.6318	-0.8002	0.395	1.7	4717.0	16020.0	0.02335	1.001
alpha1_d_pr[40]	0.4391	0.004732	0.6634	0.6376	-0.8754	0.4421	1.754	19750.0	25990.0	0.09775	1.0
alpha1_d_pr[41]	-0.6115	0.005427	0.8371	0.8327	-2.161	-0.649	1.13	24340.0	26620.0	0.1205	1.0
alpha1_d_pr[42]	-0.8969	0.003638	0.5629	0.5562	-2.035	-0.8856	0.187	24100.0	28520.0	0.1193	1.0
alpha1_d_pr[43]	-0.5133	0.005394	0.4581	0.455	-1.425	-0.5126	0.3879	7232.0	22280.0	0.0358	1.0
alpha1_d_pr[44]	0.9448	0.008076	0.7363	0.7263	-0.4634	0.9317	2.436	8275.0	19690.0	0.04096	1.001
alpha1_d_pr[45]	-0.5826	0.008968	0.5354	0.5373	-1.631	-0.5825	0.4726	3584.0	14190.0	0.01774	1.001
alpha1_d_pr[46]	-0.6296	0.005716	0.5214	0.5201	-1.672	-0.6241	0.3721	8361.0	22880.0	0.04139	1.001
alpha1_d_pr[47]	0.1064	0.00672	0.5295	0.5288	-0.9379	0.109	1.147	6226.0	18920.0	0.03082	1.001
alpha1_d_pr[48]	-0.03835	0.00244	0.4363	0.429	-0.9026	-0.0352	0.8146	32060.0	29880.0	0.1587	1.0
alpha1_d_pr[49]	-0.6018	0.002752	0.4942	0.4863	-1.581	-0.5972	0.3672	32500.0	28820.0	0.1609	1.0
alpha1_d_pr[50]	0.003106	0.01449	0.926	0.9252	-1.808	0.01168	1.806	4102.0	14580.0	0.0203	1.001
alpha1_d_pr[51]	-0.5631	0.008721	0.5614	0.5537	-1.668	-0.5631	0.5375	4135.0	14960.0	0.02047	1.001
alpha1_d_pr[52]	-0.1457	0.0122	0.9363	0.928	-1.961	-0.1525	1.715	5903.0	18540.0	0.02922	1.001
alpha1_d_pr[53]	-1.195	0.009393	0.8898	0.8539	-2.842	-1.241	0.7012	9077.0	21820.0	0.04493	1.001
alpha1_d_pr[54]	1.074	0.00277	0.5521	0.5421	-0.00513	1.074	2.181	39880.0	29670.0	0.1974	1.0
alpha1_d_pr[55]	0.5636	0.006603	0.6672	0.6438	-0.7235	0.5552	1.927	10280.0	24240.0	0.05087	1.0
alpha1_d_pr[56]	0.07224	0.002719	0.5137	0.5018	-0.9264	0.06387	1.103	35970.0	30050.0	0.178	1.0
alpha1_d_pr[57]	1.178	0.006038	0.7704	0.7558	-0.3504	1.179	2.683	16390.0	27330.0	0.08111	1.0
alpha1_d_pr[58]	-0.1609	0.009361	0.7652	0.7431	-1.665	-0.1624	1.369	6676.0	19230.0	0.03305	1.001
alpha1_d_pr[59]	0.4935	0.006516	0.7964	0.7699	-1.126	0.5004	2.025	15050.0	25970.0	0.07449	1.0
alpha1_d_pr[60]	-0.9535	0.00305	0.5443	0.5278	-2.002	-0.9667	0.1509	32250.0	26740.0	0.1596	1.0
alpha1_d_pr[61]	-0.4452	0.00289	0.5466	0.5376	-1.527	-0.4419	0.6179	35860.0	29340.0	0.1775	1.0
alpha1_d_pr[62]	0.9172	0.004727	0.5677	0.5659	-0.2128	0.9247	2.02	14460.0	27010.0	0.0716	1.0
alpha1_d_pr[63]	0.14	0.005437	0.54	0.532	-0.8785	0.1253	1.247	9984.0	23180.0	0.04942	1.0
alpha1_d_pr[64]	0.6367	0.007121	0.528	0.523	-0.4013	0.6397	1.663	5530.0	17150.0	0.02738	1.001
alpha1_d_pr[65]	0.4101	0.01052	0.7966	0.7777	-1.146	0.3981	1.997	5747.0	18650.0	0.02845	1.001
alpha1_d_pr[66]	0.9024	0.007037	0.5074	0.5078	-0.07802	0.8987	1.918	5224.0	16310.0	0.02586	1.001
alpha1_d_pr[67]	0.9953	0.008603	0.7798	0.7739	-0.5091	0.9845	2.568	8200.0	21230.0	0.04059	1.001
alpha1_d_pr[68]	0.3881	0.01089	0.7651	0.7609	-1.048	0.3685	1.935	4923.0	16710.0	0.02437	1.001
alpha1_d_pr[69]	-0.5322	0.01005	0.5406	0.5466	-1.591	-0.5325	0.5166	2914.0	12480.0	0.01443	1.002
alpha1_d_pr[70]	1.729	0.003286	0.5396	0.5313	0.6792	1.726	2.797	27190.0	29310.0	0.1346	1.0
alpha1_d_pr[71]	-1.002	0.007113	0.6376	0.6358	-2.273	-0.9941	0.2123	8043.0	22820.0	0.03981	1.0
alpha1_d_pr[72]	0.2679	0.008272	0.6665	0.6406	-1.06	0.2668	1.597	6453.0	18640.0	0.03194	1.001
alpha1_d_pr[73]	-1.133	0.004208	0.5793	0.58	-2.288	-1.12	-0.0176	19150.0	27010.0	0.09477	1.0
alpha1_d_pr[74]	-0.3703	0.006603	0.5546	0.5499	-1.482	-0.3624	0.6856	7045.0	21240.0	0.03487	1.001
alpha1_d_pr[75]	0.6535	0.008138	0.5705	0.576	-0.4657	0.6576	1.758	4920.0	17250.0	0.02436	1.001
alpha1_d_pr[76]	0.1732	0.002892	0.5063	0.5012	-0.8217	0.171	1.166	30800.0	28150.0	0.1524	1.0
alpha1_d_pr[77]	-0.04671	0.009041	0.8524	0.8216	-1.729	-0.05506	1.657	8974.0	22790.0	0.04442	1.001
alpha1_d_pr[78]	-0.2251	0.01339	0.9335	0.937	-2.03	-0.2316	1.623	4868.0	16910.0	0.0241	1.001
alpha1_d_pr[79]	0.5951	0.009764	0.7936	0.7674	-0.9928	0.5968	2.155	6585.0	17730.0	0.0326	1.001
alpha1_d_pr[80]	-0.1645	0.005567	0.7608	0.7335	-1.68	-0.1603	1.329	18780.0	27900.0	0.09298	1.0
alpha1_d_pr[81]	-0.8362	0.002921	0.5298	0.5222	-1.881	-0.8386	0.211	32990.0	26620.0	0.1633	1.0
alpha1_d_pr[82]	0.21	0.003638	0.5337	0.5321	-0.8553	0.2134	1.237	21790.0	26840.0	0.1079	1.0
alpha1_d_pr[83]	0.827	0.01016	0.9578	0.9402	-1.192	0.8686	2.602	8897.0	21930.0	0.04404	1.0
alpha1_d_pr[84]	-0.8001	0.003329	0.6292	0.6251	-2.019	-0.8077	0.4494	35920.0	27990.0	0.1778	1.0
alpha1_d_pr[85]	-0.9208	0.003106	0.5245	0.5126	-1.989	-0.9112	0.07476	28890.0	28470.0	0.143	1.0
alpha1_d_pr[86]	0.2864	0.003513	0.614	0.5994	-0.9146	0.2879	1.508	30580.0	27670.0	0.1513	1.0
alpha1_d_pr[87]	-1.422	0.006973	0.6735	0.6721	-2.744	-1.425	-0.1007	9362.0	25150.0	0.04634	1.001
alpha1_d_pr[88]	0.001555	0.01288	0.8868	0.8676	-1.727	-0.01103	1.787	4719.0	16250.0	0.02336	1.001
alpha1_d_pr[89]	-0.5371	0.004168	0.5589	0.5408	-1.615	-0.5451	0.5966	18140.0	24010.0	0.08978	1.0
alpha1_d_pr[90]	-0.3197	0.003064	0.5715	0.567	-1.438	-0.3219	0.8058	34830.0	30030.0	0.1724	1.0
alpha1_d_pr[91]	-0.1189	0.007689	0.6564	0.64	-1.386	-0.1254	1.198	7285.0	24100.0	0.03606	1.001
alpha1_d_pr[92]	0.5686	0.004338	0.6766	0.679	-0.7428	0.5645	1.902	24390.0	29650.0	0.1208	1.0
alpha1_d_pr[93]	-0.4284	0.01124	0.8927	0.8773	-2.126	-0.4445	1.384	6335.0	19090.0	0.03136	1.001
alpha1_d_pr[94]	-1.611	0.01229	1.345	1.409	-4.176	-1.584	0.9668	12180.0	24560.0	0.06031	1.0
alpha1_d_pr[95]	-0.1294	0.004406	0.6958	0.6746	-1.436	-0.1548	1.315	25290.0	26940.0	0.1252	1.0
alpha1_d_pr[96]	-0.3788	0.002739	0.522	0.5189	-1.404	-0.3779	0.6491	36480.0	30870.0	0.1806	1.0
alpha1_d_pr[97]	1.964	0.003763	0.556	0.5447	0.9282	1.942	3.11	22580.0	27490.0	0.1117	1.0
alpha1_d_pr[98]	-1.093	0.004147	0.7518	0.7349	-2.56	-1.096	0.3995	33290.0	28440.0	0.1648	1.0
alpha1_d_pr[99]	-0.6284	0.008924	0.8759	0.8563	-2.307	-0.6461	1.145	9661.0	23820.0	0.04782	1.001
alpha1_d_pr[100]	-0.2318	0.003137	0.5772	0.5637	-1.415	-0.2169	0.8638	34450.0	28590.0	0.1705	1.0
alpha1_d_pr[101]	-0.5457	0.003488	0.5932	0.5783	-1.689	-0.5556	0.667	29210.0	28560.0	0.1446	1.0
alpha1_d_pr[102]	-1.635	0.005819	0.5658	0.56	-2.769	-1.626	-0.5429	9430.0	22080.0	0.04668	1.0
alpha1_d_pr[103]	-0.2066	0.01169	0.9142	0.9036	-1.984	-0.2198	1.624	6120.0	17050.0	0.03029	1.001
alpha1_d_pr[104]	0.3627	0.003188	0.4727	0.4658	-0.5531	0.36	1.315	22250.0	25600.0	0.1101	1.0
alpha1_d_pr[105]	-0.3397	0.01058	0.9216	0.9112	-2.108	-0.3545	1.516	7652.0	21420.0	0.03788	1.0
alpha1_d_pr[106]	0.04784	0.003474	0.5223	0.5023	-0.9548	0.04126	1.115	22840.0	23630.0	0.113	1.0
alpha1_d_pr[107]	1.839	0.002831	0.4858	0.4744	0.956	1.812	2.858	30920.0	28020.0	0.153	1.0
alpha1_d_pr[108]	-0.1689	0.002779	0.5385	0.5346	-1.238	-0.1687	0.8777	37570.0	28730.0	0.186	1.0
alpha1_d_pr[109]	-0.3017	0.004986	0.6332	0.6306	-1.519	-0.3046	0.9601	16330.0	28160.0	0.08083	1.0
alpha1_d_pr[110]	-0.5437	0.002602	0.5021	0.4948	-1.518	-0.5481	0.4605	37350.0	29120.0	0.1849	1.0
alpha1_d_pr[111]	1.023	0.008624	0.6992	0.6953	-0.2788	0.9975	2.48	6558.0	20110.0	0.03246	1.001
alpha1_d_pr[112]	0.3568	0.00361	0.5316	0.5127	-0.6665	0.3481	1.435	21650.0	27890.0	0.1071	1.0
alpha1_d_pr[113]	-0.2206	0.003955	0.7221	0.7087	-1.619	-0.2297	1.232	33530.0	27880.0	0.166	1.0
alpha1_d_pr[114]	-0.9383	0.003203	0.4379	0.4317	-1.817	-0.9309	-0.09333	18860.0	29290.0	0.09336	1.0
alpha1_d_pr[115]	-0.753	0.006127	0.5592	0.5503	-1.858	-0.75	0.3349	8378.0	20830.0	0.04147	1.001
alpha1_d_pr[116]	-0.3191	0.002265	0.4302	0.4199	-1.176	-0.3168	0.5184	36290.0	30130.0	0.1797	1.0
alpha1_d_pr[117]	-0.08553	0.00293	0.5614	0.5516	-1.181	-0.08731	1.029	37070.0	29410.0	0.1835	1.0
alpha1_d_pr[118]	-0.2152	0.005264	0.657	0.6409	-1.498	-0.2205	1.093	16150.0	26980.0	0.07996	1.0
alpha1_d_pr[119]	0.1153	0.009164	0.8176	0.7776	-1.535	0.1195	1.736	7993.0	22420.0	0.03957	1.001
alpha1_d_pr[120]	-0.9478	0.004576	0.5364	0.5341	-2.004	-0.9456	0.101	13680.0	25930.0	0.06773	1.001
alpha1_d_pr[121]	-0.7132	0.004404	0.6097	0.5984	-1.928	-0.7084	0.4689	19200.0	27730.0	0.09506	1.0
alpha1_d_pr[122]	-0.1422	0.002518	0.4932	0.4814	-1.132	-0.1343	0.8219	38540.0	30290.0	0.1908	1.0
alpha1_d_pr[123]	0.9584	0.005848	0.4874	0.4917	0.006082	0.9591	1.908	6985.0	20510.0	0.03457	1.001
alpha1_d_pr[124]	0.3549	0.003896	0.5118	0.4975	-0.629	0.3427	1.394	17350.0	24510.0	0.08588	1.0
alpha1_d_pr[125]	0.08407	0.003336	0.4796	0.4664	-0.8453	0.07906	1.05	20560.0	26730.0	0.1018	1.0
alpha1_d_pr[126]	-0.429	0.00496	0.5168	0.5028	-1.465	-0.428	0.5704	10880.0	24200.0	0.05385	1.0
alpha1_d_pr[127]	1.215	0.00509	0.6357	0.6241	0.02857	1.191	2.535	15740.0	25040.0	0.07792	1.0
alpha1_d_pr[128]	0.2138	0.008473	0.9006	0.8788	-1.599	0.2232	1.96	11360.0	24020.0	0.05624	1.0
alpha1_d_pr[129]	-0.5946	0.005677	0.559	0.5426	-1.695	-0.596	0.5144	9749.0	21660.0	0.04826	1.0
alpha1_d_pr[130]	-1.047	0.01585	1.277	1.481	-3.326	-0.9773	1.299	6997.0	23290.0	0.03463	1.0
alpha1_d_pr[131]	0.9666	0.003348	0.6867	0.6767	-0.387	0.9657	2.317	42120.0	30020.0	0.2085	1.0
alpha1_d_pr[132]	-0.7847	0.004885	0.8219	0.8035	-2.366	-0.8014	0.8908	28520.0	27070.0	0.1412	1.0
alpha1_d_pr[133]	0.6791	0.006957	0.6458	0.6323	-0.5619	0.6665	1.978	8612.0	22540.0	0.04263	1.0
alpha1_d_pr[134]	0.9655	0.003586	0.4666	0.456	0.08247	0.9525	1.914	17070.0	26840.0	0.0845	1.0
alpha1_d_pr[135]	0.2201	0.003235	0.6209	0.6143	-0.9774	0.2116	1.461	37410.0	29470.0	0.1852	1.0
alpha1_d_pr[136]	-0.499	0.007603	0.5228	0.5237	-1.536	-0.4957	0.5177	4744.0	16250.0	0.02348	1.001
alpha1_d_pr[137]	-0.1793	0.004088	0.5937	0.5763	-1.314	-0.1935	1.03	21320.0	28270.0	0.1055	1.0
alpha1_d_pr[138]	-1.147	0.002993	0.5842	0.5694	-2.309	-1.144	-0.002087	38260.0	31300.0	0.1894	1.0
alpha1_d_pr[139]	-0.1321	0.002928	0.5761	0.5606	-1.268	-0.1309	1.006	38790.0	30510.0	0.192	1.0
alpha1_d_pr[140]	-0.144	0.004724	0.4906	0.4871	-1.124	-0.1392	0.8095	10820.0	23140.0	0.05358	1.0
alpha1_d_pr[141]	0.3966	0.00378	0.7288	0.72	-1.037	0.3944	1.824	37250.0	31590.0	0.1844	1.0
forget_c_pr[1]	-0.3393	0.002711	0.4076	0.402	-1.151	-0.3376	0.4508	22620.0	24700.0	0.112	1.0
forget_c_pr[2]	-0.06961	0.01281	0.5889	0.5782	-1.127	-0.1055	1.174	2097.0	8886.0	0.01038	1.003
forget_c_pr[3]	-0.3946	0.002901	0.3551	0.3398	-1.144	-0.3777	0.2621	16090.0	16720.0	0.07966	1.0
forget_c_pr[4]	-0.7255	0.01881	0.6881	0.7105	-1.97	-0.7626	0.6676	1357.0	6820.0	0.006715	1.004
forget_c_pr[5]	0.04907	0.004513	0.5627	0.5387	-1.062	0.04891	1.159	15750.0	22550.0	0.07797	1.0
forget_c_pr[6]	-0.1742	0.007433	0.4616	0.4413	-1.112	-0.1725	0.7372	3835.0	11770.0	0.01898	1.001
forget_c_pr[7]	-0.4532	0.01778	0.6321	0.6783	-1.705	-0.4368	0.6848	1285.0	6331.0	0.00636	1.004
forget_c_pr[8]	0.7137	0.007921	0.4994	0.5073	-0.2311	0.7049	1.724	3961.0	12200.0	0.01961	1.001
forget_c_pr[9]	-0.04249	0.002234	0.3444	0.3391	-0.7185	-0.04168	0.6319	23880.0	29970.0	0.1182	1.0
forget_c_pr[10]	-0.7567	0.007039	0.4615	0.4449	-1.614	-0.7789	0.2182	4340.0	11300.0	0.02148	1.001
forget_c_pr[11]	0.5144	0.003043	0.4795	0.4657	-0.4432	0.5208	1.45	25280.0	24860.0	0.1251	1.0
forget_c_pr[12]	-0.4828	0.01202	0.7752	0.7516	-1.893	-0.5371	1.165	4458.0	8242.0	0.02207	1.001
forget_c_pr[13]	0.04643	0.006782	0.4701	0.4382	-0.7571	-0.001641	1.098	5185.0	10100.0	0.02566	1.001
forget_c_pr[14]	-0.6985	0.005816	0.4115	0.4009	-1.545	-0.6866	0.08189	5030.0	15490.0	0.0249	1.001
forget_c_pr[15]	-0.4779	0.002442	0.4415	0.4293	-1.326	-0.4836	0.4131	32950.0	28500.0	0.1631	1.0
forget_c_pr[16]	-0.3357	0.01336	0.5307	0.5362	-1.389	-0.3342	0.6942	1582.0	7580.0	0.007829	1.003
forget_c_pr[17]	0.318	0.006645	0.5465	0.5304	-0.7101	0.2945	1.458	6763.0	17630.0	0.03347	1.0
forget_c_pr[18]	-0.377	0.005258	0.3915	0.3841	-1.137	-0.3829	0.4071	5610.0	13530.0	0.02777	1.001
forget_c_pr[19]	0.2338	0.002309	0.4245	0.4214	-0.5996	0.2354	1.067	33860.0	27470.0	0.1676	1.0
forget_c_pr[20]	-0.6617	0.00401	0.3515	0.3425	-1.386	-0.653	0.003381	7599.0	19040.0	0.03762	1.0
forget_c_pr[21]	0.2899	0.007438	0.4352	0.4309	-0.5382	0.2799	1.164	3428.0	12760.0	0.01697	1.002
forget_c_pr[22]	1.768	0.003118	0.6269	0.6209	0.594	1.742	3.062	41380.0	28010.0	0.2048	1.0
forget_c_pr[23]	0.8677	0.007436	0.5209	0.5143	-0.1021	0.8514	1.941	4907.0	16750.0	0.02429	1.001
forget_c_pr[24]	0.5337	0.01618	0.7496	0.7833	-0.8387	0.5167	2.031	2163.0	9951.0	0.01071	1.003
forget_c_pr[25]	0.4034	0.005032	0.8038	0.7998	-1.15	0.4001	1.991	25420.0	26000.0	0.1258	1.0
forget_c_pr[26]	-0.2723	0.004604	0.3895	0.3838	-1.046	-0.2712	0.4903	7167.0	17880.0	0.03548	1.001
forget_c_pr[27]	2.648	0.00335	0.5384	0.5264	1.605	2.641	3.74	25960.0	27360.0	0.1285	1.0
forget_c_pr[28]	-0.2516	0.00823	0.458	0.4471	-1.205	-0.2307	0.5957	3113.0	10350.0	0.01541	1.001
forget_c_pr[29]	0.008355	0.003356	0.4183	0.4057	-0.7907	0.0003408	0.8619	15960.0	23900.0	0.07902	1.001
forget_c_pr[30]	-0.08889	0.008135	0.4318	0.4279	-0.9824	-0.07317	0.7112	2815.0	10620.0	0.01394	1.002
forget_c_pr[31]	0.2422	0.008409	0.4791	0.4743	-0.6741	0.234	1.209	3237.0	13120.0	0.01602	1.001
forget_c_pr[32]	-0.2972	0.008022	0.3878	0.384	-1.077	-0.2908	0.45	2328.0	10080.0	0.01153	1.002
forget_c_pr[33]	1.426	0.004988	0.604	0.5794	0.2725	1.417	2.633	14570.0	25670.0	0.07212	1.0
forget_c_pr[34]	-0.9823	0.003157	0.5393	0.5204	-2.136	-0.952	-0.007323	29890.0	27330.0	0.1479	1.0
forget_c_pr[35]	0.4223	0.003249	0.5506	0.5307	-0.6183	0.4033	1.556	27370.0	24550.0	0.1355	1.0
forget_c_pr[36]	-0.04287	0.002616	0.4626	0.4521	-0.9028	-0.05977	0.9236	31690.0	27260.0	0.1569	1.0
forget_c_pr[37]	-0.2995	0.004802	0.457	0.4447	-1.197	-0.3006	0.6067	9076.0	12350.0	0.04493	1.0
forget_c_pr[38]	0.02584	0.005457	0.4548	0.447	-0.89	0.03346	0.9049	6963.0	21140.0	0.03447	1.001
forget_c_pr[39]	-0.9921	0.005076	0.7681	0.7102	-2.33	-1.061	0.7218	24970.0	22680.0	0.1236	1.0
forget_c_pr[40]	0.03052	0.003201	0.5824	0.5767	-1.084	0.01837	1.19	33300.0	30240.0	0.1648	1.0
forget_c_pr[41]	2.175	0.00342	0.4989	0.4867	1.235	2.161	3.188	21480.0	26960.0	0.1063	1.0
forget_c_pr[42]	-0.06321	0.002064	0.3694	0.3642	-0.7759	-0.06701	0.6759	32230.0	27910.0	0.1596	1.0
forget_c_pr[43]	-0.02602	0.005051	0.3532	0.3444	-0.7335	-0.02483	0.667	4902.0	12140.0	0.02426	1.001
forget_c_pr[44]	1.572	0.006325	0.8252	0.7705	-0.1304	1.592	3.112	18610.0	16840.0	0.09212	1.0
forget_c_pr[45]	-1.122	0.002387	0.3974	0.3801	-1.937	-1.113	-0.3649	28080.0	25960.0	0.139	1.0
forget_c_pr[46]	-1.99	0.008408	0.5761	0.566	-3.121	-1.99	-0.8577	4689.0	9472.0	0.02321	1.001
forget_c_pr[47]	-2.691	0.003137	0.5437	0.5364	-3.841	-2.663	-1.705	30130.0	28770.0	0.1491	1.0
forget_c_pr[48]	-1.029	0.004702	0.4466	0.4338	-1.94	-1.021	-0.1821	8984.0	20960.0	0.04447	1.0
forget_c_pr[49]	-0.6555	0.00209	0.365	0.3614	-1.371	-0.6562	0.06672	30580.0	28970.0	0.1514	1.0
forget_c_pr[50]	-0.3125	0.004939	1.105	1.139	-2.463	-0.2952	1.798	50480.0	32590.0	0.2499	1.0
forget_c_pr[51]	0.1212	0.002512	0.4598	0.4384	-0.7598	0.1078	1.082	34330.0	27320.0	0.1699	1.0
forget_c_pr[52]	0.2291	0.002272	0.4377	0.4248	-0.6078	0.2184	1.12	37850.0	27970.0	0.1873	1.0
forget_c_pr[53]	1.773	0.01036	0.5666	0.5604	0.6545	1.774	2.881	2979.0	10020.0	0.01474	1.002
forget_c_pr[54]	-0.7513	0.005921	0.4819	0.4673	-1.731	-0.7397	0.1753	6598.0	18490.0	0.03266	1.001
forget_c_pr[55]	-0.4771	0.002494	0.4567	0.4537	-1.38	-0.4755	0.422	33600.0	29360.0	0.1663	1.0
forget_c_pr[56]	0.0008035	0.003309	0.4528	0.4437	-0.8806	-0.004097	0.9037	19090.0	22790.0	0.09447	1.0
forget_c_pr[57]	0.534	0.007907	0.5605	0.5474	-0.5149	0.5117	1.704	5028.0	19300.0	0.02489	1.001
forget_c_pr[58]	0.5546	0.005094	0.9263	0.9093	-1.352	0.5821	2.307	33710.0	27600.0	0.1669	1.0
forget_c_pr[59]	0.8222	0.004878	0.4843	0.4693	-0.1695	0.8352	1.751	10110.0	17190.0	0.05003	1.0
forget_c_pr[60]	-0.09862	0.002085	0.3692	0.3625	-0.8236	-0.09849	0.6291	31400.0	28170.0	0.1554	1.0
forget_c_pr[61]	-0.01784	0.002268	0.378	0.3699	-0.7614	-0.01893	0.7322	27850.0	28360.0	0.1378	1.0
forget_c_pr[62]	0.7681	0.002543	0.4162	0.4002	0.003671	0.748	1.647	28250.0	18360.0	0.1398	1.0
forget_c_pr[63]	0.6219	0.004673	0.4342	0.4282	-0.2068	0.6139	1.497	8671.0	18490.0	0.04292	1.001
forget_c_pr[64]	-1.454	0.0125	0.5263	0.5194	-2.556	-1.433	-0.4843	1746.0	6947.0	0.008644	1.003
forget_c_pr[65]	0.5721	0.003899	0.8335	0.8257	-1.066	0.5698	2.2	45740.0	31200.0	0.2264	1.0
forget_c_pr[66]	0.3722	0.003293	0.4764	0.4394	-0.6231	0.3811	1.298	22190.0	13220.0	0.1098	1.0
forget_c_pr[67]	-0.4901	0.004849	0.9662	0.9964	-2.381	-0.4659	1.343	40040.0	33340.0	0.1982	1.0
forget_c_pr[68]	-0.8157	0.005312	0.8739	0.9107	-2.387	-0.8486	0.9631	27300.0	30170.0	0.1351	1.0
forget_c_pr[69]	-1.807	0.003485	0.3978	0.3918	-2.609	-1.798	-1.045	13130.0	24600.0	0.06497	1.0
forget_c_pr[70]	0.5137	0.003079	0.4509	0.4412	-0.326	0.4981	1.447	20830.0	27970.0	0.1031	1.0
forget_c_pr[71]	-0.001707	0.01723	0.7647	0.7861	-1.484	-0.007769	1.483	1990.0	7885.0	0.009851	1.003
forget_c_pr[72]	-0.4476	0.004479	0.4834	0.4494	-1.387	-0.4566	0.5525	12300.0	12610.0	0.06089	1.0
forget_c_pr[73]	-0.4372	0.00336	0.3821	0.371	-1.203	-0.4331	0.3083	12910.0	25810.0	0.06389	1.0
forget_c_pr[74]	0.8926	0.008052	0.7042	0.705	-0.4205	0.8686	2.341	7626.0	19100.0	0.03775	1.001
forget_c_pr[75]	-1.291	0.007596	0.4874	0.4621	-2.283	-1.283	-0.3485	4068.0	10910.0	0.02014	1.001
forget_c_pr[76]	0.1951	0.003606	0.4255	0.4239	-0.6247	0.1897	1.038	13840.0	22570.0	0.06853	1.0
forget_c_pr[77]	0.08456	0.01029	0.5084	0.5051	-0.9033	0.07984	1.097	2428.0	10440.0	0.01202	1.002
forget_c_pr[78]	-0.6559	0.004371	0.4108	0.3953	-1.526	-0.6342	0.09282	9208.0	15850.0	0.04558	1.0
forget_c_pr[79]	-0.09588	0.002658	0.3713	0.3639	-0.846	-0.09086	0.6208	19610.0	28270.0	0.09707	1.0
forget_c_pr[80]	0.6771	0.003668	0.4978	0.4848	-0.2892	0.6732	1.674	18530.0	24690.0	0.0917	1.0
forget_c_pr[81]	-0.6897	0.002714	0.343	0.3361	-1.362	-0.6906	-0.008162	16080.0	27050.0	0.07959	1.0
forget_c_pr[82]	-0.8673	0.003507	0.3443	0.3375	-1.545	-0.8662	-0.1854	9647.0	19190.0	0.04775	1.0
forget_c_pr[83]	0.1448	0.002736	0.4679	0.4513	-0.829	0.1623	1.028	30280.0	23890.0	0.1499	1.0
forget_c_pr[84]	0.2215	0.006914	0.4258	0.4229	-0.5496	0.199	1.118	3909.0	10780.0	0.01935	1.001
forget_c_pr[85]	-0.5968	0.003618	0.556	0.545	-1.696	-0.5984	0.493	23660.0	22060.0	0.1171	1.0
forget_c_pr[86]	-0.5006	0.00654	0.5928	0.5886	-1.729	-0.4766	0.5922	8430.0	18780.0	0.04173	1.001
forget_c_pr[87]	-0.5654	0.005493	0.7897	0.7814	-2.064	-0.588	1.056	20110.0	19980.0	0.09952	1.0
forget_c_pr[88]	0.09581	0.004681	1.028	1.013	-2.007	0.1373	2.014	49310.0	30960.0	0.2441	1.0
forget_c_pr[89]	-0.2274	0.002264	0.3845	0.3768	-0.9606	-0.2332	0.5493	29120.0	26300.0	0.1442	1.0
forget_c_pr[90]	-0.3701	0.004096	0.3777	0.3728	-1.099	-0.3728	0.3789	8540.0	21130.0	0.04227	1.001
forget_c_pr[91]	1.074	0.004004	0.7881	0.7747	-0.5159	1.085	2.579	40060.0	28260.0	0.1983	1.0
forget_c_pr[92]	-0.05356	0.007862	0.7899	0.7562	-1.489	-0.1058	1.652	10780.0	13940.0	0.05335	1.0
forget_c_pr[93]	1.901	0.004533	0.5141	0.5082	0.9027	1.893	2.927	12870.0	20560.0	0.0637	1.0
forget_c_pr[94]	0.5979	0.004989	0.6678	0.6252	-0.802	0.6211	1.871	17320.0	20820.0	0.08571	1.0
forget_c_pr[95]	-0.3132	0.004196	0.6619	0.6635	-1.63	-0.3098	0.9481	24830.0	29130.0	0.1229	1.0
forget_c_pr[96]	0.06276	0.005874	0.3762	0.3674	-0.64	0.04963	0.8423	4177.0	10260.0	0.02067	1.002
forget_c_pr[97]	0.2299	0.009028	0.6856	0.6958	-1.017	0.1902	1.643	6185.0	9805.0	0.03062	1.001
forget_c_pr[98]	0.9774	0.00436	0.5136	0.5038	-0.01845	0.9709	2.003	13890.0	21350.0	0.06877	1.0
forget_c_pr[99]	2.116	0.003363	0.6089	0.5883	0.8747	2.119	3.295	33500.0	23200.0	0.1658	1.0
forget_c_pr[100]	0.3977	0.006271	0.489	0.4803	-0.4993	0.3717	1.434	6214.0	16060.0	0.03076	1.001
forget_c_pr[101]	0.2508	0.01382	0.5981	0.6041	-0.9812	0.2775	1.354	1894.0	8189.0	0.009376	1.002
forget_c_pr[102]	1.254	0.0025	0.4574	0.4383	0.3894	1.24	2.202	34090.0	22700.0	0.1687	1.0
forget_c_pr[103]	-0.1573	0.008489	0.4482	0.4479	-1.019	-0.1619	0.7344	2793.0	10180.0	0.01383	1.002
forget_c_pr[104]	0.01978	0.006986	0.3639	0.3501	-0.7303	0.03052	0.7123	2716.0	8668.0	0.01344	1.001
forget_c_pr[105]	1.632	0.01102	0.5858	0.5885	0.5054	1.627	2.802	2807.0	8706.0	0.01389	1.002
forget_c_pr[106]	-0.0686	0.007322	0.4242	0.4167	-0.9397	-0.05567	0.7281	3384.0	11530.0	0.01675	1.001
forget_c_pr[107]	-1.149	0.002571	0.3904	0.374	-1.976	-1.128	-0.4335	23710.0	26320.0	0.1174	1.0
forget_c_pr[108]	0.4247	0.005719	0.4462	0.4382	-0.437	0.4182	1.324	6084.0	17630.0	0.03012	1.001
forget_c_pr[109]	0.697	0.01012	0.5312	0.5321	-0.2569	0.6652	1.812	2794.0	10430.0	0.01383	1.002
forget_c_pr[110]	0.03678	0.006795	0.4063	0.4012	-0.7664	0.03684	0.8295	3572.0	11540.0	0.01768	1.001
forget_c_pr[111]	-0.2515	0.006667	0.6858	0.6441	-1.656	-0.2494	1.098	10400.0	14730.0	0.05147	1.0
forget_c_pr[112]	-1.385	0.007991	0.5614	0.5488	-2.545	-1.367	-0.3326	4900.0	12920.0	0.02425	1.001
forget_c_pr[113]	-0.1553	0.007334	0.5576	0.5404	-1.289	-0.1443	0.9267	5853.0	11650.0	0.02897	1.001
forget_c_pr[114]	-0.6346	0.002148	0.3578	0.3516	-1.332	-0.637	0.07805	27960.0	27550.0	0.1384	1.0
forget_c_pr[115]	0.7322	0.002636	0.4311	0.424	-0.1126	0.7314	1.576	26840.0	26800.0	0.1328	1.0
forget_c_pr[116]	-0.4211	0.006165	0.4334	0.4214	-1.301	-0.4115	0.4049	4887.0	13220.0	0.02419	1.001
forget_c_pr[117]	0.4099	0.00308	0.4938	0.4891	-0.546	0.4053	1.389	25610.0	21500.0	0.1268	1.0
forget_c_pr[118]	-0.141	0.002111	0.4089	0.4021	-0.9307	-0.1454	0.6693	37740.0	27750.0	0.1868	1.0
forget_c_pr[119]	0.3471	0.005633	0.4068	0.396	-0.487	0.3585	1.118	5305.0	12490.0	0.02626	1.001
forget_c_pr[120]	1.742	0.002952	0.5487	0.5313	0.6804	1.736	2.849	34830.0	25970.0	0.1724	1.0
forget_c_pr[121]	1.172	0.002625	0.4794	0.464	0.2928	1.146	2.182	33900.0	27250.0	0.1678	1.0
forget_c_pr[122]	0.09245	0.001988	0.3575	0.3501	-0.5999	0.08333	0.8142	32770.0	27530.0	0.1622	1.0
forget_c_pr[123]	-1.996	0.01018	0.538	0.5224	-3.053	-2.001	-0.9274	2785.0	8309.0	0.01379	1.002
forget_c_pr[124]	-0.4256	0.002957	0.4435	0.4345	-1.284	-0.4307	0.4612	22650.0	26160.0	0.1121	1.0
forget_c_pr[125]	0.07535	0.00411	0.3833	0.3744	-0.6905	0.07614	0.829	8731.0	21600.0	0.04322	1.001
forget_c_pr[126]	-0.2343	0.005428	0.4133	0.4051	-1.046	-0.2348	0.5785	5796.0	13200.0	0.02869	1.001
forget_c_pr[127]	-0.6302	0.004102	0.4576	0.4479	-1.556	-0.6189	0.2388	12250.0	23590.0	0.06061	1.0
forget_c_pr[128]	0.6064	0.003365	0.6377	0.6248	-0.6992	0.6271	1.799	36680.0	27960.0	0.1816	1.0
forget_c_pr[129]	0.1966	0.01069	0.5156	0.4914	-0.9074	0.2229	1.143	2301.0	9567.0	0.01139	1.002
forget_c_pr[130]	-1.832	0.007716	0.7265	0.749	-3.34	-1.785	-0.5383	9009.0	21730.0	0.0446	1.0
forget_c_pr[131]	-1.158	0.009975	0.632	0.6193	-2.405	-1.158	0.09326	4014.0	13460.0	0.01987	1.001
forget_c_pr[132]	-0.006668	0.004598	0.594	0.5714	-1.148	-0.0199	1.204	16990.0	16850.0	0.08412	1.001
forget_c_pr[133]	0.1131	0.00246	0.4305	0.4141	-0.7046	0.1023	1.009	30640.0	23390.0	0.1517	1.0
forget_c_pr[134]	-0.564	0.008902	0.4393	0.4394	-1.449	-0.5565	0.2694	2424.0	9778.0	0.012	1.002
forget_c_pr[135]	0.5	0.00499	0.4361	0.416	-0.4036	0.5086	1.34	7838.0	11800.0	0.0388	1.0
forget_c_pr[136]	-1.156	0.002879	0.4738	0.4569	-2.142	-1.139	-0.2684	27710.0	24270.0	0.1371	1.0
forget_c_pr[137]	-0.8052	0.004295	0.399	0.3865	-1.601	-0.8035	-0.02027	8681.0	21510.0	0.04297	1.001
forget_c_pr[138]	0.1192	0.007698	0.4341	0.4283	-0.7172	0.1149	0.9933	3175.0	12120.0	0.01571	1.002
forget_c_pr[139]	0.9145	0.003308	0.4368	0.4281	0.1034	0.8972	1.81	17960.0	24520.0	0.08891	1.0
forget_c_pr[140]	-0.2388	0.005613	0.3728	0.3629	-0.9323	-0.254	0.5431	4438.0	12680.0	0.02197	1.001
forget_c_pr[141]	1.015	0.01359	0.6308	0.6368	-0.1779	1.003	2.28	2158.0	9130.0	0.01068	1.003
forget_d_pr[1]	-0.2322	0.00391	0.637	0.63	-1.462	-0.2427	1.049	26770.0	28350.0	0.1325	1.0
forget_d_pr[2]	1.358	0.003391	0.6955	0.6946	0.03175	1.344	2.752	42300.0	29790.0	0.2094	1.0
forget_d_pr[3]	0.2562	0.004785	0.5714	0.5618	-0.823	0.2385	1.436	14630.0	24560.0	0.07243	1.0
forget_d_pr[4]	-2.049	0.00708	0.6846	0.6774	-3.397	-2.049	-0.716	9317.0	18600.0	0.04612	1.0
forget_d_pr[5]	-0.4028	0.003711	0.7682	0.753	-1.921	-0.394	1.104	43020.0	30890.0	0.2129	1.0
forget_d_pr[6]	0.7726	0.003312	0.6366	0.6303	-0.4354	0.7561	2.063	37480.0	29430.0	0.1855	1.0
forget_d_pr[7]	1.943	0.005141	0.5931	0.5889	0.8045	1.931	3.136	13300.0	27810.0	0.06582	1.0
forget_d_pr[8]	0.853	0.006832	0.6927	0.6843	-0.5249	0.8577	2.202	10340.0	21900.0	0.0512	1.001
forget_d_pr[9]	-0.1758	0.002619	0.5426	0.5325	-1.242	-0.1766	0.9016	43040.0	32090.0	0.213	1.0
forget_d_pr[10]	0.7165	0.008128	0.6753	0.6621	-0.6502	0.732	2.009	6956.0	16050.0	0.03443	1.0
forget_d_pr[11]	-0.2521	0.005342	0.7001	0.6985	-1.632	-0.2578	1.126	17230.0	24950.0	0.08529	1.0
forget_d_pr[12]	-1.215	0.007077	0.987	0.9726	-3.015	-1.263	0.8609	20680.0	19980.0	0.1024	1.0
forget_d_pr[13]	-0.7343	0.003546	0.6929	0.6682	-2.13	-0.7294	0.6251	38220.0	27800.0	0.1892	1.0
forget_d_pr[14]	0.6018	0.006968	0.6286	0.6243	-0.6161	0.595	1.86	8132.0	22990.0	0.04025	1.0
forget_d_pr[15]	-0.04743	0.004834	0.6664	0.658	-1.348	-0.05223	1.268	19070.0	27710.0	0.0944	1.0
forget_d_pr[16]	1.433	0.004221	0.5964	0.5892	0.2784	1.423	2.629	20040.0	27930.0	0.09919	1.0
forget_d_pr[17]	-0.6584	0.003803	0.747	0.74	-2.151	-0.6487	0.7879	38860.0	29900.0	0.1924	1.0
forget_d_pr[18]	-0.5156	0.004077	0.5808	0.5734	-1.63	-0.5221	0.6446	20560.0	28380.0	0.1017	1.0
forget_d_pr[19]	-0.09124	0.003393	0.647	0.6413	-1.368	-0.08815	1.168	36380.0	32290.0	0.1801	1.0
forget_d_pr[20]	0.3897	0.00659	0.5657	0.5589	-0.7227	0.3911	1.499	7378.0	21660.0	0.03652	1.0
forget_d_pr[21]	-0.7901	0.003498	0.5934	0.5835	-1.973	-0.7869	0.376	28840.0	29280.0	0.1428	1.0
forget_d_pr[22]	0.1012	0.01696	0.9573	0.9556	-1.782	0.09867	1.982	3189.0	11780.0	0.01578	1.002
forget_d_pr[23]	0.7559	0.008592	0.7523	0.7385	-0.7253	0.7492	2.238	7682.0	20230.0	0.03802	1.001
forget_d_pr[24]	-1.732	0.005932	0.8221	0.7976	-3.256	-1.76	-0.01231	19520.0	22690.0	0.0966	1.0
forget_d_pr[25]	0.4237	0.00522	0.9608	0.9619	-1.517	0.439	2.266	34650.0	29340.0	0.1715	1.0
forget_d_pr[26]	0.4645	0.003351	0.5981	0.5833	-0.7146	0.463	1.656	32050.0	30100.0	0.1586	1.0
forget_d_pr[27]	0.1876	0.02454	1.033	1.078	-1.786	0.1865	2.171	1790.0	8797.0	0.008859	1.003
forget_d_pr[28]	0.8584	0.003619	0.637	0.6261	-0.3867	0.8534	2.134	31300.0	31110.0	0.1549	1.0
forget_d_pr[29]	-0.2955	0.002999	0.6171	0.6072	-1.528	-0.2934	0.9139	42430.0	30090.0	0.21	1.0
forget_d_pr[30]	0.8608	0.00291	0.5825	0.5707	-0.2965	0.8579	2.017	40350.0	29220.0	0.1997	1.0
forget_d_pr[31]	0.8859	0.003554	0.6423	0.6358	-0.3533	0.8829	2.166	33060.0	30060.0	0.1636	1.0
forget_d_pr[32]	0.8714	0.003463	0.5229	0.5189	-0.1311	0.8617	1.934	23120.0	28640.0	0.1145	1.0
forget_d_pr[33]	-0.4953	0.01376	0.9033	0.9029	-2.277	-0.4927	1.26	4342.0	15560.0	0.02149	1.002
forget_d_pr[34]	-0.0963	0.009663	0.7883	0.7725	-1.692	-0.08145	1.411	6692.0	19660.0	0.03312	1.001
forget_d_pr[35]	0.2598	0.004934	0.772	0.759	-1.296	0.2756	1.743	24700.0	29450.0	0.1223	1.0
forget_d_pr[36]	-0.128	0.00341	0.6942	0.6866	-1.49	-0.1308	1.244	41530.0	29570.0	0.2056	1.0
forget_d_pr[37]	0.4442	0.004407	0.676	0.6573	-0.9577	0.4673	1.701	24370.0	25940.0	0.1206	1.0
forget_d_pr[38]	-0.5335	0.003155	0.656	0.6436	-1.823	-0.5349	0.7718	43290.0	30880.0	0.2143	1.0
forget_d_pr[39]	-0.3295	0.01025	0.9404	0.9446	-2.211	-0.3145	1.451	8461.0	24430.0	0.04188	1.0
forget_d_pr[40]	-0.1318	0.003567	0.7776	0.7686	-1.646	-0.1365	1.417	47550.0	31210.0	0.2354	1.0
forget_d_pr[41]	-0.2683	0.02034	0.9246	0.9606	-2.052	-0.2648	1.5	2079.0	10460.0	0.01029	1.002
forget_d_pr[42]	0.07645	0.002846	0.5867	0.5745	-1.083	0.07789	1.226	42550.0	31410.0	0.2106	1.0
forget_d_pr[43]	0.5401	0.002555	0.5141	0.5078	-0.4341	0.5294	1.579	40820.0	29330.0	0.202	1.0
forget_d_pr[44]	0.4551	0.015	1.021	1.024	-1.61	0.488	2.369	4683.0	13870.0	0.02318	1.001
forget_d_pr[45]	-0.06591	0.01057	0.6788	0.6639	-1.363	-0.07586	1.311	4119.0	16040.0	0.02039	1.001
forget_d_pr[46]	-0.884	0.01869	0.894	0.9026	-2.59	-0.9018	0.9023	2295.0	9990.0	0.01136	1.002
forget_d_pr[47]	0.1379	0.02519	1.036	1.076	-1.87	0.1416	2.102	1705.0	8033.0	0.008439	1.003
forget_d_pr[48]	-0.4599	0.009856	0.6974	0.6904	-1.824	-0.4588	0.9075	5002.0	16210.0	0.02476	1.001
forget_d_pr[49]	-0.09771	0.006662	0.6052	0.6017	-1.297	-0.09513	1.086	8252.0	20610.0	0.04085	1.001
forget_d_pr[50]	-0.09844	0.004651	1.035	1.038	-2.145	-0.1028	1.921	49490.0	28800.0	0.245	1.0
forget_d_pr[51]	-0.1616	0.003165	0.6927	0.6795	-1.515	-0.1632	1.217	48070.0	29880.0	0.238	1.0
forget_d_pr[52]	0.06099	0.003524	0.6661	0.6505	-1.214	0.0458	1.431	36410.0	29370.0	0.1802	1.0
forget_d_pr[53]	-1.113	0.01649	0.8424	0.8542	-2.723	-1.124	0.5563	2624.0	11320.0	0.01299	1.002
forget_d_pr[54]	-0.5951	0.007074	0.7023	0.6944	-2.005	-0.5842	0.7465	9865.0	24140.0	0.04883	1.0
forget_d_pr[55]	0.08147	0.005123	0.6828	0.6809	-1.268	0.08474	1.411	17700.0	28270.0	0.08763	1.0
forget_d_pr[56]	-0.2828	0.003223	0.6537	0.6491	-1.574	-0.2736	0.9837	41180.0	29390.0	0.2038	1.0
forget_d_pr[57]	0.7906	0.005389	0.7529	0.7417	-0.6794	0.7838	2.287	19720.0	28600.0	0.0976	1.0
forget_d_pr[58]	0.3542	0.006137	0.9911	0.986	-1.622	0.3619	2.275	26330.0	27280.0	0.1303	1.0
forget_d_pr[59]	0.4866	0.007871	0.7364	0.7316	-0.9864	0.4937	1.912	8832.0	20720.0	0.04372	1.0
forget_d_pr[60]	0.0657	0.002908	0.5714	0.5656	-1.059	0.06445	1.198	38720.0	29760.0	0.1917	1.0
forget_d_pr[61]	-0.1331	0.002979	0.5891	0.5821	-1.275	-0.1378	1.039	39210.0	30110.0	0.1941	1.0
forget_d_pr[62]	-0.1741	0.0075	0.6838	0.6745	-1.577	-0.1577	1.108	8378.0	19230.0	0.04147	1.001
forget_d_pr[63]	0.4762	0.006215	0.6152	0.6088	-0.7172	0.4678	1.698	9835.0	22100.0	0.04868	1.001
forget_d_pr[64]	-1.366	0.01384	0.7091	0.7179	-2.816	-1.342	-0.06324	2615.0	10020.0	0.01295	1.002
forget_d_pr[65]	-0.09735	0.005859	0.9495	0.9525	-1.929	-0.1068	1.777	26580.0	30130.0	0.1316	1.0
forget_d_pr[66]	0.2113	0.004772	0.7535	0.7365	-1.28	0.2088	1.698	25010.0	25760.0	0.1238	1.0
forget_d_pr[67]	-0.1007	0.005815	1.002	1.004	-2.101	-0.08762	1.823	29960.0	27080.0	0.1483	1.0
forget_d_pr[68]	-0.3776	0.008721	0.9693	0.9748	-2.285	-0.3734	1.488	12410.0	28190.0	0.06144	1.0
forget_d_pr[69]	0.3081	0.01691	0.7554	0.7843	-1.129	0.3125	1.768	2008.0	9414.0	0.009937	1.002
forget_d_pr[70]	0.2113	0.005538	0.6805	0.6632	-1.179	0.2308	1.491	15170.0	26160.0	0.0751	1.0
forget_d_pr[71]	-1.851	0.003882	0.7806	0.7724	-3.352	-1.86	-0.2846	40620.0	29530.0	0.2011	1.0
forget_d_pr[72]	-0.4316	0.00489	0.7225	0.7044	-1.856	-0.4354	1.01	22000.0	23720.0	0.1089	1.0
forget_d_pr[73]	0.3018	0.004799	0.5913	0.5811	-0.8748	0.3036	1.465	15220.0	27550.0	0.07533	1.0
forget_d_pr[74]	0.8041	0.008688	0.8805	0.8766	-0.9076	0.801	2.531	10370.0	23150.0	0.05134	1.001
forget_d_pr[75]	-0.7987	0.01244	0.7101	0.7055	-2.225	-0.7895	0.5577	3235.0	12560.0	0.01601	1.001
forget_d_pr[76]	0.3042	0.003487	0.6201	0.615	-0.9081	0.2974	1.541	32110.0	32060.0	0.1589	1.0
forget_d_pr[77]	1.087	0.003171	0.6489	0.6396	-0.1956	1.088	2.35	42030.0	31250.0	0.208	1.0
forget_d_pr[78]	0.4073	0.006549	0.6373	0.6238	-0.8085	0.3933	1.699	9519.0	23670.0	0.04712	1.0
forget_d_pr[79]	-0.2334	0.002856	0.5768	0.5638	-1.362	-0.2444	0.9249	41060.0	29810.0	0.2033	1.0
forget_d_pr[80]	-0.3026	0.006722	0.7489	0.7409	-1.784	-0.3	1.166	12360.0	23780.0	0.06116	1.0
forget_d_pr[81]	0.2282	0.006753	0.5745	0.573	-0.8778	0.2199	1.359	7228.0	22260.0	0.03578	1.0
forget_d_pr[82]	0.3108	0.008451	0.584	0.5836	-0.8419	0.3114	1.444	4779.0	16520.0	0.02366	1.001
forget_d_pr[83]	0.09727	0.003657	0.7083	0.7044	-1.3	0.1006	1.482	37680.0	31640.0	0.1865	1.0
forget_d_pr[84]	-0.7208	0.003506	0.6231	0.6143	-1.937	-0.7232	0.5359	31530.0	26810.0	0.156	1.0
forget_d_pr[85]	0.1987	0.007079	0.8128	0.8113	-1.363	0.1853	1.816	13330.0	24530.0	0.06596	1.0
forget_d_pr[86]	0.6406	0.005623	0.7983	0.7861	-0.9427	0.6434	2.213	20090.0	26450.0	0.09946	1.0
forget_d_pr[87]	-0.4093	0.006906	0.9957	0.9914	-2.303	-0.4377	1.599	20390.0	26370.0	0.1009	1.0
forget_d_pr[88]	0.03326	0.004197	0.9957	0.999	-1.914	0.02694	1.997	56420.0	30450.0	0.2793	1.0
forget_d_pr[89]	0.08456	0.003421	0.6099	0.5987	-1.1	0.08097	1.296	32220.0	29690.0	0.1595	1.0
forget_d_pr[90]	-0.4006	0.003852	0.5827	0.5778	-1.554	-0.395	0.7292	23000.0	30080.0	0.1138	1.0
forget_d_pr[91]	0.2331	0.01021	0.9613	0.9674	-1.657	0.2299	2.098	8885.0	21160.0	0.04398	1.001
forget_d_pr[92]	-0.7016	0.005758	0.9481	0.9519	-2.621	-0.6793	1.098	27380.0	27270.0	0.1355	1.0
forget_d_pr[93]	0.4065	0.01731	0.885	0.9038	-1.318	0.4126	2.108	2621.0	11090.0	0.01298	1.002
forget_d_pr[94]	0.4412	0.006452	0.8777	0.866	-1.278	0.4443	2.175	18470.0	25810.0	0.09142	1.0
forget_d_pr[95]	-0.2527	0.004606	0.8424	0.8422	-1.854	-0.2682	1.445	34110.0	28010.0	0.1688	1.0
forget_d_pr[96]	-0.6277	0.002661	0.5471	0.5356	-1.718	-0.6243	0.4256	42350.0	29540.0	0.2096	1.0
forget_d_pr[97]	0.8731	0.005525	0.916	0.9334	-0.9743	0.907	2.576	27720.0	31860.0	0.1372	1.0
forget_d_pr[98]	0.4445	0.009447	0.7707	0.7666	-1.06	0.4438	1.945	6666.0	19930.0	0.033	1.001
forget_d_pr[99]	0.1272	0.01941	0.9866	1.009	-1.795	0.1341	2.021	2601.0	11070.0	0.01287	1.002
forget_d_pr[100]	-0.6596	0.004237	0.7002	0.686	-2.063	-0.6501	0.6892	28100.0	28310.0	0.1391	1.0
forget_d_pr[101]	1.459	0.003809	0.6991	0.6924	0.06284	1.468	2.817	33940.0	29500.0	0.168	1.0
forget_d_pr[102]	0.001681	0.01227	0.7828	0.7724	-1.453	-0.03151	1.627	4089.0	15950.0	0.02024	1.002
forget_d_pr[103]	-0.9025	0.003116	0.6007	0.5912	-2.088	-0.9032	0.2814	37280.0	30390.0	0.1845	1.0
forget_d_pr[104]	0.7418	0.002534	0.5017	0.4897	-0.2181	0.7322	1.761	39540.0	30720.0	0.1957	1.0
forget_d_pr[105]	1.181	0.01523	0.8501	0.8588	-0.4985	1.183	2.827	3128.0	13210.0	0.01548	1.002
forget_d_pr[106]	0.7739	0.002858	0.6013	0.5884	-0.3959	0.7681	1.978	44340.0	31210.0	0.2195	1.0
forget_d_pr[107]	-0.1958	0.01078	0.6789	0.6716	-1.586	-0.1793	1.087	3948.0	15540.0	0.01954	1.001
forget_d_pr[108]	0.571	0.004236	0.6342	0.6288	-0.6782	0.5667	1.837	22560.0	28240.0	0.1117	1.0
forget_d_pr[109]	-1.086	0.007157	0.7177	0.703	-2.533	-1.081	0.3115	10090.0	19240.0	0.04995	1.0
forget_d_pr[110]	-0.7285	0.002767	0.5681	0.5634	-1.854	-0.7275	0.3857	42280.0	31900.0	0.2093	1.0
forget_d_pr[111]	-0.6722	0.004368	0.88	0.8702	-2.365	-0.6829	1.103	41160.0	29030.0	0.2037	1.0
forget_d_pr[112]	0.8235	0.01339	0.8334	0.827	-0.7921	0.8178	2.471	3850.0	13320.0	0.01906	1.001
forget_d_pr[113]	-0.7335	0.003789	0.7652	0.7481	-2.215	-0.7433	0.796	41080.0	29910.0	0.2033	1.0
forget_d_pr[114]	-0.09965	0.006123	0.5933	0.5913	-1.264	-0.1015	1.069	9412.0	23020.0	0.04659	1.0
forget_d_pr[115]	-0.1303	0.007164	0.6569	0.6528	-1.436	-0.1248	1.136	8422.0	20940.0	0.04169	1.001
forget_d_pr[116]	-0.6458	0.004605	0.6258	0.6133	-1.877	-0.6491	0.5878	18620.0	26940.0	0.09219	1.0
forget_d_pr[117]	-0.1744	0.00496	0.7371	0.726	-1.596	-0.1926	1.32	22640.0	22770.0	0.1121	1.0
forget_d_pr[118]	0.02703	0.002968	0.6351	0.6211	-1.222	0.02271	1.28	45880.0	31090.0	0.2271	1.0
forget_d_pr[119]	0.5546	0.003648	0.6068	0.6022	-0.6289	0.5503	1.749	27720.0	29320.0	0.1372	1.0
forget_d_pr[120]	-0.1334	0.01667	0.9009	0.905	-1.879	-0.1423	1.653	2923.0	10600.0	0.01447	1.001
forget_d_pr[121]	-0.1675	0.01119	0.7757	0.767	-1.704	-0.164	1.336	4781.0	16950.0	0.02366	1.001
forget_d_pr[122]	-0.05077	0.002742	0.5692	0.5563	-1.155	-0.05259	1.087	43310.0	30360.0	0.2144	1.0
forget_d_pr[123]	1.078	0.01847	0.853	0.8778	-0.6001	1.094	2.708	2142.0	9581.0	0.0106	1.002
forget_d_pr[124]	-0.242	0.00466	0.6656	0.659	-1.546	-0.2426	1.068	20550.0	30230.0	0.1017	1.0
forget_d_pr[125]	-0.4081	0.002788	0.5801	0.5724	-1.562	-0.406	0.7334	43430.0	30580.0	0.215	1.0
forget_d_pr[126]	-0.5475	0.003439	0.61	0.6031	-1.732	-0.5526	0.6666	32000.0	28140.0	0.1584	1.0
forget_d_pr[127]	0.4019	0.006384	0.6866	0.6766	-0.9958	0.4139	1.716	11650.0	21370.0	0.05765	1.0
forget_d_pr[128]	-0.1048	0.00648	0.8567	0.8504	-1.777	-0.1077	1.596	17540.0	26490.0	0.08683	1.0
forget_d_pr[129]	-1.143	0.003641	0.6311	0.6225	-2.452	-1.125	0.0447	29710.0	30120.0	0.1471	1.0
forget_d_pr[130]	0.2631	0.01791	0.9692	0.9642	-1.675	0.2797	2.135	2935.0	9583.0	0.01453	1.001
forget_d_pr[131]	-1.023	0.01101	0.8493	0.8494	-2.694	-1.024	0.6383	5966.0	19820.0	0.02953	1.001
forget_d_pr[132]	0.3849	0.004266	0.8163	0.797	-1.265	0.3984	1.961	36950.0	28650.0	0.1829	1.0
forget_d_pr[133]	0.1113	0.00334	0.6809	0.6612	-1.279	0.1229	1.426	42050.0	28280.0	0.2082	1.0
forget_d_pr[134]	0.9346	0.006166	0.598	0.5807	-0.2587	0.9304	2.116	9461.0	23710.0	0.04683	1.0
forget_d_pr[135]	0.4775	0.005161	0.6601	0.6517	-0.8254	0.4786	1.783	16410.0	27600.0	0.0812	1.0
forget_d_pr[136]	0.06171	0.01102	0.7603	0.7589	-1.373	0.03851	1.602	4762.0	16570.0	0.02357	1.001
forget_d_pr[137]	0.3947	0.008086	0.6417	0.6427	-0.8365	0.387	1.668	6298.0	19960.0	0.03118	1.0
forget_d_pr[138]	-0.8256	0.003039	0.5924	0.5855	-1.996	-0.825	0.3283	38120.0	30240.0	0.1887	1.0
forget_d_pr[139]	-0.2817	0.008462	0.7057	0.7061	-1.691	-0.2764	1.079	6977.0	18920.0	0.03454	1.001
forget_d_pr[140]	0.5724	0.00332	0.5401	0.533	-0.4747	0.5668	1.657	26470.0	28800.0	0.131	1.0
forget_d_pr[141]	-1.456	0.009687	0.773	0.7643	-2.983	-1.451	0.04991	6375.0	19230.0	0.03156	1.001
beta_c_pr[1,1]	1.502	0.002415	0.334	0.3191	0.7918	1.518	2.108	19430.0	23590.0	0.09617	1.0
beta_c_pr[1,2]	0.3582	0.00452	0.8371	0.8282	-1.491	0.4434	1.759	37160.0	27980.0	0.184	1.0
beta_c_pr[1,3]	1.735	0.002192	0.2343	0.2316	1.279	1.735	2.199	11450.0	21320.0	0.05667	1.0
beta_c_pr[1,4]	-1.036	0.004116	0.8077	0.7929	-2.653	-1.025	0.5222	38570.0	28980.0	0.1909	1.0
beta_c_pr[1,5]	-0.1259	0.00329	0.5432	0.4995	-1.397	-0.05913	0.7455	31410.0	22890.0	0.1555	1.0
beta_c_pr[1,6]	-1.263	0.003286	0.648	0.6429	-2.655	-1.215	-0.1409	41010.0	28790.0	0.203	1.0
beta_c_pr[1,7]	-0.2132	0.003882	0.839	0.8391	-1.991	-0.155	1.258	50030.0	26820.0	0.2476	1.0
beta_c_pr[1,8]	-0.2806	0.003751	0.5776	0.5353	-1.58	-0.2183	0.6886	24850.0	23300.0	0.123	1.0
beta_c_pr[1,9]	1.449	0.002406	0.3343	0.3198	0.7398	1.467	2.06	19580.0	24850.0	0.0969	1.0
beta_c_pr[1,10]	-0.5519	0.003471	0.6712	0.6553	-2.035	-0.4823	0.5728	41440.0	25880.0	0.2051	1.0
beta_c_pr[1,11]	-0.2804	0.002564	0.4438	0.4162	-1.299	-0.2348	0.4514	32880.0	24020.0	0.1627	1.0
beta_c_pr[1,12]	-0.6461	0.003754	0.7988	0.8016	-2.309	-0.6117	0.8266	46290.0	29440.0	0.2291	1.0
beta_c_pr[1,13]	0.01037	0.004201	0.8835	0.8958	-1.843	0.06971	1.567	46540.0	30040.0	0.2303	1.0
beta_c_pr[1,14]	-0.1593	0.003526	0.6202	0.584	-1.589	-0.08033	0.8386	36240.0	23610.0	0.1794	1.0
beta_c_pr[1,15]	0.4497	0.003799	0.669	0.6149	-1.13	0.5419	1.503	36250.0	24800.0	0.1794	1.0
beta_c_pr[1,16]	1.128	0.002404	0.3319	0.3141	0.4081	1.152	1.714	19530.0	23020.0	0.09669	1.0
beta_c_pr[1,17]	-1.297	0.003134	0.6563	0.6537	-2.707	-1.254	-0.1431	46610.0	27010.0	0.2307	1.0
beta_c_pr[1,18]	-0.3656	0.003582	0.7521	0.7535	-1.989	-0.2982	0.9183	48070.0	29050.0	0.2379	1.0
beta_c_pr[1,19]	-0.1647	0.003536	0.652	0.6209	-1.653	-0.08115	0.8872	40890.0	24560.0	0.2024	1.0
beta_c_pr[1,20]	1.871	0.002211	0.267	0.2617	1.356	1.867	2.406	14670.0	23610.0	0.0726	1.0
beta_c_pr[1,21]	1.366	0.002049	0.2759	0.2677	0.7964	1.373	1.885	18190.0	24440.0	0.09004	1.0
beta_c_pr[1,22]	-0.802	0.003296	0.6577	0.639	-2.245	-0.7489	0.3305	43350.0	27760.0	0.2146	1.0
beta_c_pr[1,23]	-1.034	0.00328	0.697	0.6991	-2.523	-0.9841	0.1825	48400.0	27830.0	0.2396	1.0
beta_c_pr[1,24]	0.2748	0.004114	0.7238	0.6862	-1.369	0.3654	1.441	34490.0	25550.0	0.1707	1.0
beta_c_pr[1,25]	-0.6994	0.003982	0.8244	0.8177	-2.364	-0.6797	0.8734	42990.0	30950.0	0.2128	1.0
beta_c_pr[1,26]	1.338	0.002269	0.2916	0.2814	0.7516	1.341	1.897	16450.0	23260.0	0.08141	1.0
beta_c_pr[1,27]	-0.7569	0.003272	0.6619	0.6473	-2.233	-0.6891	0.3571	46490.0	26440.0	0.2301	1.0
beta_c_pr[1,28]	-0.6731	0.003397	0.626	0.6054	-2.078	-0.6072	0.3794	36520.0	26770.0	0.1808	1.0
beta_c_pr[1,29]	0.7841	0.002606	0.4079	0.3729	-0.1317	0.8222	1.468	26140.0	22800.0	0.1294	1.0
beta_c_pr[1,30]	1.511	0.003351	0.3394	0.3224	0.783	1.53	2.127	10540.0	15730.0	0.05218	1.0
beta_c_pr[1,31]	0.2868	0.003447	0.5759	0.5216	-1.059	0.3593	1.211	32440.0	22950.0	0.1606	1.0
beta_c_pr[1,32]	1.595	0.002625	0.2615	0.2554	1.078	1.598	2.105	9968.0	20700.0	0.04934	1.0
beta_c_pr[1,33]	-0.9277	0.003774	0.7037	0.6883	-2.393	-0.8988	0.3911	35200.0	27450.0	0.1742	1.0
beta_c_pr[1,34]	1.413	0.00279	0.2945	0.287	0.8184	1.418	1.971	11320.0	20660.0	0.05605	1.0
beta_c_pr[1,35]	-0.6307	0.004014	0.8036	0.7989	-2.293	-0.5992	0.8474	40980.0	29960.0	0.2028	1.0
beta_c_pr[1,36]	0.09561	0.003906	0.6484	0.6097	-1.401	0.1719	1.15	30130.0	25160.0	0.1491	1.0
beta_c_pr[1,37]	0.3404	0.002694	0.392	0.357	-0.5584	0.3839	0.9822	24380.0	22310.0	0.1207	1.0
beta_c_pr[1,38]	0.665	0.003185	0.3904	0.3626	-0.2072	0.7007	1.336	15050.0	22180.0	0.07452	1.0
beta_c_pr[1,39]	-0.09987	0.004288	0.8584	0.8631	-1.915	-0.04324	1.422	41020.0	31150.0	0.2031	1.0
beta_c_pr[1,40]	-0.2156	0.004328	0.5626	0.5297	-1.483	-0.1612	0.7208	16470.0	23840.0	0.08153	1.0
beta_c_pr[1,41]	-0.4837	0.003523	0.6216	0.5978	-1.871	-0.4236	0.5589	33710.0	25860.0	0.1669	1.0
beta_c_pr[1,42]	-0.1339	0.003724	0.6982	0.6741	-1.713	-0.05866	1.024	39930.0	26800.0	0.1977	1.0
beta_c_pr[1,43]	-0.5433	0.003595	0.8029	0.8123	-2.224	-0.5017	0.8972	52270.0	27670.0	0.2587	1.0
beta_c_pr[1,44]	0.172	0.004299	0.8694	0.8587	-1.695	0.2422	1.699	43240.0	27480.0	0.214	1.0
beta_c_pr[1,45]	-0.2728	0.003898	0.8296	0.8328	-2.034	-0.2232	1.197	47740.0	29080.0	0.2363	1.0
beta_c_pr[1,46]	0.1626	0.00457	0.9965	1.028	-1.848	0.1867	2.002	47590.0	31600.0	0.2355	1.0
beta_c_pr[1,47]	-0.01755	0.004108	0.9098	0.9328	-1.911	0.03787	1.59	51190.0	29170.0	0.2534	1.0
beta_c_pr[1,48]	1.605	0.002485	0.2902	0.2754	0.9879	1.615	2.152	13920.0	16920.0	0.06891	1.0
beta_c_pr[1,49]	0.1113	0.004161	0.6783	0.6453	-1.397	0.1841	1.236	27380.0	26360.0	0.1355	1.0
beta_c_pr[1,50]	-0.2193	0.004054	0.9338	0.9313	-2.058	-0.2107	1.584	53180.0	29830.0	0.2632	1.0
beta_c_pr[1,51]	1.438	0.00455	0.7379	0.6732	-0.2493	1.504	2.718	28470.0	23470.0	0.1409	1.0
beta_c_pr[1,52]	-0.6186	0.003133	0.6058	0.5821	-1.981	-0.555	0.381	42970.0	26080.0	0.2127	1.0
beta_c_pr[1,53]	-1.286	0.003156	0.6746	0.674	-2.723	-1.241	-0.09962	49300.0	26290.0	0.244	1.0
beta_c_pr[1,54]	-0.3623	0.00323	0.5906	0.5574	-1.723	-0.2966	0.598	38410.0	24250.0	0.1901	1.0
beta_c_pr[1,55]	-0.2979	0.003061	0.5352	0.4963	-1.528	-0.2326	0.5656	35660.0	23230.0	0.1765	1.0
beta_c_pr[1,56]	-0.5305	0.003459	0.6549	0.637	-1.988	-0.4599	0.554	39950.0	26780.0	0.1978	1.0
beta_c_pr[1,57]	-0.6586	0.003337	0.5604	0.5363	-1.912	-0.6005	0.2824	30550.0	25410.0	0.1512	1.0
beta_c_pr[1,58]	-0.1115	0.004267	0.9171	0.9208	-1.967	-0.08558	1.617	46820.0	29680.0	0.2318	1.0
beta_c_pr[1,59]	0.0849	0.002738	0.44	0.4023	-0.9169	0.1346	0.8018	28470.0	22900.0	0.1409	1.0
beta_c_pr[1,60]	0.5808	0.003251	0.4452	0.4184	-0.4051	0.6212	1.338	19150.0	23390.0	0.09477	1.0
beta_c_pr[1,61]	-1.255	0.003167	0.6612	0.657	-2.679	-1.21	-0.08533	46510.0	28390.0	0.2302	1.0
beta_c_pr[1,62]	-0.2314	0.003884	0.7952	0.7967	-1.944	-0.1679	1.13	44780.0	29870.0	0.2216	1.0
beta_c_pr[1,63]	0.8516	0.001954	0.2928	0.2813	0.2207	0.8698	1.38	22610.0	26640.0	0.1119	1.0
beta_c_pr[1,64]	-0.3314	0.00407	0.8975	0.9103	-2.145	-0.304	1.333	49540.0	31130.0	0.2452	1.0
beta_c_pr[1,65]	-0.04737	0.00408	0.9185	0.9199	-1.926	-0.01876	1.665	51230.0	31140.0	0.2536	1.0
beta_c_pr[1,66]	0.1176	0.004029	0.8171	0.8083	-1.678	0.2023	1.477	45130.0	29730.0	0.2234	1.0
beta_c_pr[1,67]	-0.4518	0.00384	0.8004	0.802	-2.115	-0.4135	0.9998	44870.0	27200.0	0.2221	1.0
beta_c_pr[1,68]	-0.4256	0.00389	0.8512	0.8641	-2.159	-0.3998	1.163	48490.0	30360.0	0.24	1.0
beta_c_pr[1,69]	-0.501	0.003644	0.8206	0.8202	-2.207	-0.4678	1.014	52190.0	29540.0	0.2583	1.0
beta_c_pr[1,70]	-1.296	0.003324	0.7026	0.6984	-2.774	-1.259	-0.02867	46260.0	28980.0	0.229	1.0
beta_c_pr[1,71]	0.2993	0.004275	0.7702	0.7444	-1.395	0.3622	1.639	33300.0	28960.0	0.1649	1.0
beta_c_pr[1,72]	-0.5103	0.003701	0.7691	0.7728	-2.141	-0.4615	0.8452	45310.0	28600.0	0.2243	1.0
beta_c_pr[1,73]	0.668	0.0034	0.4754	0.4379	-0.3989	0.7097	1.476	20050.0	24910.0	0.09922	1.0
beta_c_pr[1,74]	0.1015	0.003993	0.8145	0.8045	-1.663	0.177	1.497	44420.0	28560.0	0.2199	1.0
beta_c_pr[1,75]	-0.4378	0.0039	0.828	0.8249	-2.156	-0.4093	1.102	45800.0	30050.0	0.2267	1.0
beta_c_pr[1,76]	-0.3167	0.003622	0.6919	0.6695	-1.878	-0.2387	0.8156	41960.0	26930.0	0.2077	1.0
beta_c_pr[1,77]	0.6564	0.002479	0.4042	0.3767	-0.2428	0.6891	1.351	28780.0	22480.0	0.1424	1.0
beta_c_pr[1,78]	1.876	0.002382	0.2463	0.2443	1.41	1.87	2.379	10760.0	20470.0	0.05324	1.0
beta_c_pr[1,79]	1.488	0.002073	0.2235	0.2203	1.049	1.489	1.925	11670.0	20560.0	0.05778	1.0
beta_c_pr[1,80]	-0.756	0.003007	0.5534	0.5251	-2.012	-0.6962	0.1598	38420.0	24650.0	0.1902	1.0
beta_c_pr[1,81]	0.5215	0.002948	0.4625	0.4245	-0.5479	0.5714	1.281	26830.0	23570.0	0.1328	1.0
beta_c_pr[1,82]	-0.7458	0.003471	0.741	0.7387	-2.334	-0.6951	0.5502	49080.0	27060.0	0.2429	1.0
beta_c_pr[1,83]	0.942	0.002302	0.2592	0.2486	0.3993	0.9526	1.428	12890.0	19130.0	0.0638	1.0
beta_c_pr[1,84]	-0.8769	0.003654	0.7314	0.7301	-2.412	-0.8365	0.4349	41080.0	28040.0	0.2033	1.0
beta_c_pr[1,85]	0.4015	0.002958	0.4553	0.4208	-0.6432	0.4538	1.151	26470.0	20640.0	0.131	1.0
beta_c_pr[1,86]	-0.4291	0.003654	0.6136	0.5763	-1.841	-0.3551	0.5684	29240.0	26160.0	0.1448	1.0
beta_c_pr[1,87]	-0.6563	0.003688	0.7484	0.7301	-2.214	-0.6242	0.7165	41920.0	28700.0	0.2075	1.0
beta_c_pr[1,88]	0.2138	0.004342	1.026	1.036	-1.847	0.2343	2.158	56220.0	31460.0	0.2783	1.0
beta_c_pr[1,89]	1.118	0.002464	0.3115	0.2994	0.4571	1.133	1.682	16020.0	23250.0	0.07931	1.0
beta_c_pr[1,90]	-0.3878	0.003685	0.7742	0.7707	-2.056	-0.3283	0.9536	47350.0	28040.0	0.2344	1.0
beta_c_pr[1,91]	-0.1455	0.004148	0.8613	0.869	-1.955	-0.09596	1.399	44150.0	28980.0	0.2185	1.0
beta_c_pr[1,92]	-1.054	0.003171	0.6502	0.6407	-2.471	-1.002	0.0774	44590.0	28740.0	0.2207	1.0
beta_c_pr[1,93]	-1.03	0.003122	0.6537	0.6485	-2.431	-0.9782	0.1053	48250.0	27040.0	0.2388	1.0
beta_c_pr[1,94]	-1.21	0.003172	0.6218	0.6109	-2.561	-1.159	-0.1345	40990.0	28030.0	0.2029	1.0
beta_c_pr[1,95]	-1.163	0.003163	0.6429	0.6291	-2.564	-1.107	-0.05584	45170.0	27270.0	0.2236	1.0
beta_c_pr[1,96]	0.1143	0.003393	0.6149	0.572	-1.312	0.1877	1.117	37640.0	24000.0	0.1863	1.0
beta_c_pr[1,97]	-0.3189	0.003443	0.6167	0.5842	-1.732	-0.2401	0.6721	37890.0	24220.0	0.1875	1.0
beta_c_pr[1,98]	-0.1795	0.002931	0.4949	0.4608	-1.308	-0.123	0.6309	31460.0	23740.0	0.1557	1.0
beta_c_pr[1,99]	-0.8739	0.003082	0.6147	0.5973	-2.231	-0.8094	0.1553	45280.0	25490.0	0.2241	1.0
beta_c_pr[1,100]	0.3795	0.002789	0.4549	0.4191	-0.65	0.4243	1.131	31540.0	23020.0	0.1561	1.0
beta_c_pr[1,101]	-0.1251	0.003837	0.5465	0.5077	-1.361	-0.06497	0.7764	20550.0	23500.0	0.1017	1.0
beta_c_pr[1,102]	-0.6143	0.003508	0.7656	0.7628	-2.234	-0.5729	0.7643	49310.0	29770.0	0.2441	1.0
beta_c_pr[1,103]	1.419	0.002091	0.226	0.2202	0.9848	1.415	1.876	11840.0	20760.0	0.05859	1.0
beta_c_pr[1,104]	1.107	0.002842	0.3064	0.2946	0.4628	1.121	1.667	11600.0	22560.0	0.05742	1.0
beta_c_pr[1,105]	-1.452	0.002908	0.6048	0.597	-2.765	-1.402	-0.4096	47690.0	26810.0	0.2361	1.0
beta_c_pr[1,106]	0.4856	0.002912	0.392	0.3676	-0.3872	0.518	1.16	18600.0	22440.0	0.09207	1.0
beta_c_pr[1,107]	1.208	0.003321	0.3152	0.3013	0.5332	1.225	1.784	9216.0	16350.0	0.04562	1.001
beta_c_pr[1,108]	-0.3356	0.003681	0.6265	0.5972	-1.735	-0.2656	0.7043	30890.0	25660.0	0.1529	1.0
beta_c_pr[1,109]	-0.6997	0.003622	0.7297	0.7179	-2.262	-0.6514	0.5975	42290.0	27460.0	0.2093	1.0
beta_c_pr[1,110]	1.009	0.002824	0.3794	0.3536	0.1761	1.036	1.675	18520.0	20970.0	0.09166	1.0
beta_c_pr[1,111]	-0.5285	0.003605	0.7998	0.7994	-2.214	-0.4801	0.9119	51090.0	29300.0	0.2529	1.0
beta_c_pr[1,112]	1.176	0.002764	0.3245	0.3136	0.4951	1.188	1.782	13630.0	23110.0	0.06745	1.0
beta_c_pr[1,113]	-0.8418	0.003076	0.5977	0.5742	-2.194	-0.7767	0.1486	42890.0	26240.0	0.2123	1.0
beta_c_pr[1,114]	0.8757	0.003625	0.5637	0.4975	-0.4788	0.953	1.764	28050.0	21590.0	0.1388	1.0
beta_c_pr[1,115]	1.153	0.003398	0.3015	0.2917	0.5213	1.164	1.718	7919.0	16840.0	0.0392	1.0
beta_c_pr[1,116]	-0.6677	0.003413	0.6467	0.6291	-2.107	-0.6027	0.4067	40430.0	24890.0	0.2001	1.0
beta_c_pr[1,117]	-0.8309	0.003408	0.6712	0.6634	-2.287	-0.7743	0.3178	42380.0	26210.0	0.2098	1.0
beta_c_pr[1,118]	-0.6646	0.003533	0.6833	0.6753	-2.165	-0.6011	0.495	41050.0	25960.0	0.2032	1.0
beta_c_pr[1,119]	0.06314	0.004648	0.4455	0.4224	-0.9167	0.102	0.8156	9015.0	19480.0	0.04462	1.0
beta_c_pr[1,120]	-0.8715	0.003634	0.7519	0.7495	-2.442	-0.8341	0.4878	44170.0	28400.0	0.2186	1.0
beta_c_pr[1,121]	-0.3614	0.003714	0.704	0.6895	-1.888	-0.3067	0.8682	37690.0	28890.0	0.1866	1.0
beta_c_pr[1,122]	0.1708	0.003768	0.6592	0.6165	-1.366	0.2583	1.227	36490.0	22630.0	0.1806	1.0
beta_c_pr[1,123]	-0.8847	0.003344	0.7138	0.7102	-2.418	-0.8353	0.3641	48710.0	26690.0	0.2411	1.0
beta_c_pr[1,124]	0.996	0.00191	0.2718	0.264	0.4341	1.006	1.502	20330.0	26570.0	0.1006	1.0
beta_c_pr[1,125]	1.205	0.002158	0.2797	0.2682	0.621	1.217	1.728	17070.0	23290.0	0.08449	1.0
beta_c_pr[1,126]	1.309	0.003865	0.3075	0.301	0.6865	1.316	1.893	6347.0	16190.0	0.03142	1.001
beta_c_pr[1,127]	0.1526	0.002527	0.4187	0.3887	-0.8034	0.1979	0.8445	30960.0	22400.0	0.1533	1.0
beta_c_pr[1,128]	-0.8059	0.003099	0.5659	0.5435	-2.073	-0.7422	0.1235	38000.0	24970.0	0.1881	1.0
beta_c_pr[1,129]	1.456	0.001866	0.2156	0.215	1.034	1.455	1.882	13370.0	21940.0	0.0662	1.0
beta_c_pr[1,130]	-1.598	0.003652	0.6297	0.6212	-2.926	-1.563	-0.4607	30310.0	28170.0	0.15	1.0
beta_c_pr[1,131]	-1.307	0.003097	0.6406	0.6341	-2.67	-1.258	-0.1832	45640.0	26990.0	0.2259	1.0
beta_c_pr[1,132]	-0.5834	0.003176	0.5488	0.5218	-1.826	-0.5201	0.3179	33530.0	23340.0	0.166	1.0
beta_c_pr[1,133]	-0.2663	0.003956	0.7924	0.7772	-1.945	-0.2174	1.165	41370.0	29210.0	0.2048	1.0
beta_c_pr[1,134]	1.239	0.002056	0.277	0.2665	0.6617	1.25	1.754	18130.0	24660.0	0.08975	1.0
beta_c_pr[1,135]	0.139	0.003828	0.5609	0.5124	-1.149	0.2042	1.066	22740.0	23410.0	0.1125	1.0
beta_c_pr[1,136]	-0.4331	0.003657	0.7956	0.7989	-2.104	-0.3809	0.972	49450.0	30050.0	0.2448	1.0
beta_c_pr[1,137]	0.6096	0.002461	0.4013	0.3724	-0.3018	0.6479	1.289	28380.0	23470.0	0.1405	1.0
beta_c_pr[1,138]	-0.1199	0.003693	0.7003	0.6778	-1.705	-0.04431	1.027	40980.0	24910.0	0.2028	1.0
beta_c_pr[1,139]	-0.8812	0.003494	0.6811	0.6674	-2.365	-0.8272	0.3048	40640.0	26530.0	0.2011	1.0
beta_c_pr[1,140]	-0.8764	0.003329	0.7298	0.7359	-2.418	-0.8369	0.417	51220.0	27710.0	0.2536	1.0
beta_c_pr[1,141]	-0.8349	0.003441	0.6662	0.6512	-2.301	-0.7774	0.3094	40110.0	27260.0	0.1985	1.0
beta_c_pr[2,1]	0.2249	0.00558	0.5505	0.5339	-0.9876	0.2697	1.18	9749.0	21010.0	0.04826	1.0
beta_c_pr[2,2]	0.03989	0.009105	0.6855	0.6863	-1.436	0.08921	1.232	5681.0	20090.0	0.02812	1.0
beta_c_pr[2,3]	-0.2192	0.00274	0.5138	0.4993	-1.336	-0.1849	0.6914	37270.0	25380.0	0.1845	1.0
beta_c_pr[2,4]	0.9886	0.01937	0.8458	0.8771	-0.6169	0.9685	2.637	1931.0	7751.0	0.009556	1.001
beta_c_pr[2,5]	-0.5422	0.006439	0.595	0.5769	-1.811	-0.5073	0.538	8203.0	16450.0	0.0406	1.0
beta_c_pr[2,6]	-0.7662	0.01003	0.5962	0.5865	-1.987	-0.7511	0.3564	3493.0	9504.0	0.01729	1.001
beta_c_pr[2,7]	2.304	0.01336	0.687	0.683	0.9417	2.318	3.604	2633.0	11970.0	0.01303	1.001
beta_c_pr[2,8]	0.6302	0.009352	0.4559	0.4559	-0.3032	0.6411	1.484	2368.0	10440.0	0.01172	1.001
beta_c_pr[2,9]	0.2686	0.004648	0.5791	0.5636	-0.9851	0.3097	1.286	15960.0	23340.0	0.07899	1.0
beta_c_pr[2,10]	-0.6511	0.003117	0.5762	0.566	-1.891	-0.6114	0.369	36010.0	27040.0	0.1782	1.0
beta_c_pr[2,11]	-0.6511	0.004704	0.451	0.4381	-1.631	-0.6216	0.1461	9304.0	20230.0	0.04605	1.0
beta_c_pr[2,12]	-1.019	0.004141	0.8328	0.8218	-2.675	-1.017	0.6111	40490.0	31140.0	0.2004	1.0
beta_c_pr[2,13]	0.9435	0.003908	0.6555	0.6323	-0.4639	0.9802	2.111	28910.0	26870.0	0.1431	1.0
beta_c_pr[2,14]	0.8926	0.002882	0.391	0.3799	0.06453	0.9092	1.613	19020.0	21670.0	0.09413	1.0
beta_c_pr[2,15]	0.2227	0.00316	0.5727	0.5492	-1.042	0.273	1.204	34450.0	27670.0	0.1705	1.0
beta_c_pr[2,16]	0.3674	0.003207	0.4615	0.4449	-0.6236	0.3958	1.198	20340.0	25580.0	0.1007	1.0
beta_c_pr[2,17]	-0.8946	0.007534	0.5889	0.5894	-2.131	-0.8581	0.1571	5981.0	16630.0	0.02961	1.0
beta_c_pr[2,18]	0.7413	0.004866	0.4919	0.473	-0.3207	0.7752	1.614	10410.0	19280.0	0.0515	1.0
beta_c_pr[2,19]	0.6626	0.009345	0.5628	0.5525	-0.5008	0.6849	1.717	3614.0	13790.0	0.01789	1.001
beta_c_pr[2,20]	0.4811	0.002862	0.4952	0.4762	-0.5809	0.5105	1.367	30780.0	26660.0	0.1524	1.0
beta_c_pr[2,21]	0.129	0.005854	0.514	0.4975	-0.9753	0.1658	1.038	7628.0	19730.0	0.03776	1.0
beta_c_pr[2,22]	-0.4587	0.003955	0.5493	0.5345	-1.658	-0.4213	0.5106	20180.0	24120.0	0.09991	1.0
beta_c_pr[2,23]	0.7978	0.004668	0.4686	0.4571	-0.1762	0.819	1.652	9948.0	23830.0	0.04924	1.0
beta_c_pr[2,24]	-1.234	0.004567	0.7043	0.7031	-2.707	-1.202	0.05319	23710.0	30040.0	0.1174	1.0
beta_c_pr[2,25]	-0.0518	0.003966	0.7778	0.7569	-1.612	-0.04513	1.459	38710.0	29610.0	0.1916	1.0
beta_c_pr[2,26]	0.3338	0.01209	0.5975	0.5953	-0.8825	0.3531	1.454	2430.0	10680.0	0.01203	1.001
beta_c_pr[2,27]	1.207	0.002017	0.3171	0.3111	0.5805	1.207	1.826	24890.0	27210.0	0.1232	1.0
beta_c_pr[2,28]	-0.5424	0.004536	0.5227	0.5126	-1.682	-0.5039	0.3733	12680.0	23490.0	0.06275	1.0
beta_c_pr[2,29]	-0.8194	0.003983	0.6225	0.612	-2.154	-0.7807	0.2781	24030.0	27000.0	0.119	1.0
beta_c_pr[2,30]	1.532	0.01089	0.6341	0.6238	0.2564	1.543	2.748	3375.0	12820.0	0.0167	1.001
beta_c_pr[2,31]	0.4056	0.002603	0.4111	0.3951	-0.4706	0.4315	1.15	25300.0	27250.0	0.1252	1.0
beta_c_pr[2,32]	-1.325	0.007434	0.6545	0.6471	-2.681	-1.298	-0.1109	7533.0	13000.0	0.03729	1.0
beta_c_pr[2,33]	-1.562	0.003607	0.6697	0.6523	-2.94	-1.538	-0.3084	34730.0	29210.0	0.1719	1.0
beta_c_pr[2,34]	0.3514	0.006383	0.4614	0.4434	-0.6112	0.3727	1.212	5090.0	13930.0	0.0252	1.0
beta_c_pr[2,35]	-0.1895	0.004149	0.703	0.6857	-1.637	-0.1702	1.122	28970.0	28740.0	0.1434	1.0
beta_c_pr[2,36]	-0.04198	0.002999	0.5239	0.5017	-1.199	-0.000334	0.8747	31960.0	25180.0	0.1582	1.0
beta_c_pr[2,37]	-0.1646	0.00368	0.4389	0.4257	-1.1	-0.1376	0.6244	13900.0	26110.0	0.0688	1.0
beta_c_pr[2,38]	0.2588	0.005893	0.4372	0.4221	-0.6496	0.2752	1.075	5426.0	13850.0	0.02686	1.0
beta_c_pr[2,39]	-0.1606	0.004376	0.7774	0.7578	-1.8	-0.1207	1.27	31300.0	27400.0	0.1549	1.0
beta_c_pr[2,40]	0.1309	0.008232	0.4665	0.458	-0.8367	0.1478	1.003	3175.0	12350.0	0.01571	1.001
beta_c_pr[2,41]	-0.4397	0.01045	0.5946	0.5979	-1.686	-0.4102	0.6243	3171.0	12250.0	0.0157	1.001
beta_c_pr[2,42]	1.113	0.003338	0.469	0.4561	0.1293	1.132	1.986	19650.0	26910.0	0.09728	1.0
beta_c_pr[2,43]	1.124	0.002893	0.4909	0.4654	0.05529	1.159	1.992	30400.0	22170.0	0.1505	1.0
beta_c_pr[2,44]	-1.143	0.004098	0.8206	0.8049	-2.764	-1.14	0.4714	39910.0	30310.0	0.1976	1.0
beta_c_pr[2,45]	1.561	0.002909	0.4301	0.4136	0.6954	1.566	2.391	21960.0	26780.0	0.1087	1.0
beta_c_pr[2,46]	2.262	0.004856	0.6763	0.6415	0.8308	2.293	3.509	18780.0	23230.0	0.09294	1.0
beta_c_pr[2,47]	2.649	0.005509	0.646	0.6153	1.29	2.676	3.846	14010.0	20330.0	0.06936	1.0
beta_c_pr[2,48]	0.724	0.006764	0.5059	0.4936	-0.3381	0.7456	1.656	5503.0	16620.0	0.02724	1.0
beta_c_pr[2,49]	0.8257	0.004456	0.4167	0.4028	-0.05819	0.8468	1.589	8718.0	21010.0	0.04315	1.0
beta_c_pr[2,50]	-0.228	0.004251	0.967	0.9663	-2.126	-0.2258	1.668	51810.0	30310.0	0.2564	1.0
beta_c_pr[2,51]	-0.472	0.004587	0.8307	0.8207	-2.157	-0.4512	1.105	32790.0	30440.0	0.1623	1.0
beta_c_pr[2,52]	0.2843	0.002508	0.4469	0.4292	-0.645	0.2983	1.132	32040.0	25700.0	0.1586	1.0
beta_c_pr[2,53]	0.9376	0.008996	0.4938	0.4768	-0.05089	0.9411	1.907	2977.0	10530.0	0.01473	1.001
beta_c_pr[2,54]	-0.6568	0.002957	0.4957	0.48	-1.723	-0.624	0.2347	27930.0	27240.0	0.1382	1.0
beta_c_pr[2,55]	0.3737	0.00363	0.346	0.3341	-0.3439	0.384	1.025	9062.0	21760.0	0.04486	1.0
beta_c_pr[2,56]	-0.448	0.006373	0.5878	0.5729	-1.677	-0.4262	0.6457	8164.0	12050.0	0.04041	1.0
beta_c_pr[2,57]	-0.5808	0.00374	0.4331	0.4233	-1.509	-0.5541	0.1906	13540.0	24530.0	0.067	1.0
beta_c_pr[2,58]	-0.4842	0.004319	0.8936	0.8875	-2.254	-0.4809	1.25	42880.0	31490.0	0.2123	1.0
beta_c_pr[2,59]	-1.29	0.003757	0.5877	0.5777	-2.54	-1.259	-0.2264	23680.0	24130.0	0.1172	1.0
beta_c_pr[2,60]	0.3064	0.002678	0.4237	0.4034	-0.6056	0.335	1.06	26860.0	23300.0	0.133	1.0
beta_c_pr[2,61]	-1.477	0.005613	0.6081	0.5971	-2.756	-1.446	-0.3763	11350.0	19650.0	0.05618	1.0
beta_c_pr[2,62]	-0.2916	0.006357	0.7205	0.7077	-1.796	-0.258	1.025	12710.0	23050.0	0.06291	1.0
beta_c_pr[2,63]	-0.34	0.00362	0.499	0.4844	-1.417	-0.3055	0.5429	19460.0	23720.0	0.09631	1.0
beta_c_pr[2,64]	2.157	0.01036	0.6033	0.6003	1.022	2.137	3.378	3408.0	12170.0	0.01687	1.001
beta_c_pr[2,65]	-0.2884	0.004028	0.8817	0.8709	-2.052	-0.2817	1.432	48030.0	31370.0	0.2377	1.0
beta_c_pr[2,66]	-0.1316	0.005477	0.6844	0.6723	-1.579	-0.09127	1.098	16280.0	28530.0	0.0806	1.0
beta_c_pr[2,67]	-0.9166	0.00434	0.84	0.8344	-2.576	-0.9171	0.7307	37470.0	30720.0	0.1855	1.0
beta_c_pr[2,68]	-0.1973	0.004136	0.8599	0.8524	-1.943	-0.1813	1.423	43500.0	30820.0	0.2153	1.0
beta_c_pr[2,69]	0.6117	0.003757	0.5929	0.5721	-0.658	0.654	1.666	26930.0	24320.0	0.1333	1.0
beta_c_pr[2,70]	0.04663	0.003521	0.542	0.5262	-1.121	0.08554	1.01	25060.0	23780.0	0.124	1.0
beta_c_pr[2,71]	-0.4102	0.003788	0.711	0.6985	-1.891	-0.3893	0.9179	35340.0	30030.0	0.1749	1.0
beta_c_pr[2,72]	0.08017	0.006886	0.7424	0.7343	-1.47	0.1227	1.43	12030.0	21210.0	0.05956	1.0
beta_c_pr[2,73]	-0.881	0.004231	0.6322	0.6194	-2.231	-0.8405	0.2349	21660.0	26600.0	0.1072	1.0
beta_c_pr[2,74]	0.7014	0.004072	0.5372	0.5132	-0.4417	0.7288	1.692	18480.0	22360.0	0.09146	1.0
beta_c_pr[2,75]	0.7592	0.01962	0.908	0.9393	-1.07	0.7916	2.438	2149.0	10010.0	0.01064	1.001
beta_c_pr[2,76]	0.5123	0.005088	0.4552	0.4424	-0.4598	0.5388	1.332	7888.0	17480.0	0.03905	1.0
beta_c_pr[2,77]	0.1652	0.003227	0.4934	0.4813	-0.879	0.1927	1.06	24170.0	28380.0	0.1196	1.0
beta_c_pr[2,78]	0.1335	0.003008	0.45	0.4372	-0.8014	0.152	0.967	22070.0	28720.0	0.1092	1.0
beta_c_pr[2,79]	-0.7941	0.002728	0.5047	0.4891	-1.88	-0.7617	0.105	35760.0	27770.0	0.177	1.0
beta_c_pr[2,80]	-0.7574	0.004265	0.4599	0.4488	-1.735	-0.7282	0.06379	11340.0	19830.0	0.05614	1.0
beta_c_pr[2,81]	-0.2168	0.00966	0.6166	0.6067	-1.517	-0.1868	0.9029	3956.0	10650.0	0.01958	1.001
beta_c_pr[2,82]	0.9351	0.004505	0.4919	0.4733	-0.1289	0.9693	1.811	11830.0	23130.0	0.05853	1.0
beta_c_pr[2,83]	-0.8851	0.00268	0.5005	0.4858	-1.96	-0.8544	0.008588	36240.0	28320.0	0.1794	1.0
beta_c_pr[2,84]	0.7035	0.009431	0.6	0.5856	-0.4763	0.697	1.877	4053.0	10710.0	0.02006	1.0
beta_c_pr[2,85]	0.3531	0.005265	0.4362	0.4229	-0.55	0.3681	1.181	6701.0	13200.0	0.03317	1.0
beta_c_pr[2,86]	-1.077	0.00491	0.5908	0.5843	-2.336	-1.038	-0.02182	14360.0	24370.0	0.07109	1.0
beta_c_pr[2,87]	-0.7383	0.003919	0.7449	0.7285	-2.258	-0.7222	0.6743	36240.0	30320.0	0.1794	1.0
beta_c_pr[2,88]	-0.2174	0.004079	0.9583	0.955	-2.097	-0.2174	1.66	55260.0	30410.0	0.2735	1.0
beta_c_pr[2,89]	0.2075	0.002566	0.4708	0.4521	-0.8173	0.2395	1.046	35260.0	25820.0	0.1745	1.0
beta_c_pr[2,90]	1.698	0.008209	0.5625	0.5461	0.5337	1.718	2.748	4622.0	17460.0	0.02288	1.0
beta_c_pr[2,91]	-1.076	0.004091	0.8071	0.8059	-2.7	-1.066	0.4666	39030.0	31010.0	0.1932	1.0
beta_c_pr[2,92]	0.06659	0.003365	0.4764	0.46	-0.9136	0.07872	0.9693	20120.0	22660.0	0.09958	1.0
beta_c_pr[2,93]	1.024	0.005448	0.3942	0.3839	0.273	1.018	1.82	5240.0	15430.0	0.02594	1.0
beta_c_pr[2,94]	-0.4584	0.01082	0.5675	0.565	-1.663	-0.4154	0.5244	2785.0	10160.0	0.01379	1.001
beta_c_pr[2,95]	0.04456	0.002453	0.4273	0.4181	-0.8585	0.06999	0.8122	31930.0	26450.0	0.1581	1.0
beta_c_pr[2,96]	-0.03262	0.007839	0.5564	0.5392	-1.208	-0.00475	0.9757	4932.0	12590.0	0.02441	1.0
beta_c_pr[2,97]	0.9082	0.008982	0.481	0.48	-0.07962	0.9281	1.811	2847.0	12490.0	0.01409	1.001
beta_c_pr[2,98]	-1.01	0.002958	0.5589	0.5487	-2.206	-0.9759	-0.02196	36980.0	28420.0	0.1831	1.0
beta_c_pr[2,99]	0.1695	0.002069	0.39	0.3782	-0.6613	0.188	0.8826	36290.0	27280.0	0.1796	1.0
beta_c_pr[2,100]	0.5033	0.005346	0.4382	0.4264	-0.4299	0.5254	1.303	6638.0	20050.0	0.03286	1.0
beta_c_pr[2,101]	0.05099	0.005363	0.4341	0.4119	-0.9079	0.08878	0.7977	6928.0	14600.0	0.03429	1.0
beta_c_pr[2,102]	-0.3974	0.004999	0.7105	0.7079	-1.896	-0.3553	0.8651	20620.0	25910.0	0.1021	1.0
beta_c_pr[2,103]	-0.8924	0.008786	0.5733	0.5618	-2.082	-0.8747	0.1723	4173.0	12400.0	0.02066	1.001
beta_c_pr[2,104]	-0.009082	0.002814	0.451	0.4299	-0.9854	0.02173	0.7967	26440.0	26590.0	0.1309	1.0
beta_c_pr[2,105]	-0.4819	0.004983	0.4278	0.4128	-1.371	-0.4631	0.3076	7187.0	16700.0	0.03557	1.0
beta_c_pr[2,106]	-0.7882	0.0032	0.5519	0.5371	-1.997	-0.7464	0.1816	30510.0	27280.0	0.151	1.0
beta_c_pr[2,107]	-0.7971	0.003653	0.5828	0.5698	-2.073	-0.7522	0.223	26260.0	26520.0	0.13	1.0
beta_c_pr[2,108]	-0.0982	0.005936	0.5186	0.5051	-1.217	-0.06325	0.8203	7565.0	21120.0	0.03745	1.0
beta_c_pr[2,109]	-0.1374	0.004885	0.5644	0.5471	-1.347	-0.1015	0.8743	13460.0	26730.0	0.06664	1.0
beta_c_pr[2,110]	0.1218	0.004844	0.5204	0.4999	-1.004	0.1539	1.055	11210.0	23880.0	0.05548	1.0
beta_c_pr[2,111]	0.03415	0.005105	0.7046	0.686	-1.454	0.07072	1.321	19960.0	23700.0	0.09882	1.0
beta_c_pr[2,112]	-0.3587	0.002836	0.5592	0.5453	-1.565	-0.3223	0.6263	40770.0	28070.0	0.2018	1.0
beta_c_pr[2,113]	-0.9853	0.005894	0.5283	0.5184	-2.121	-0.95	-0.0387	7917.0	18630.0	0.03919	1.0
beta_c_pr[2,114]	0.3899	0.003527	0.489	0.4714	-0.6718	0.4264	1.243	19670.0	25400.0	0.09737	1.0
beta_c_pr[2,115]	-0.2181	0.003255	0.5604	0.543	-1.399	-0.188	0.795	30060.0	29290.0	0.1488	1.0
beta_c_pr[2,116]	1.189	0.0114	0.4942	0.5038	0.2114	1.194	2.132	1894.0	9159.0	0.009375	1.001
beta_c_pr[2,117]	-0.03913	0.004237	0.545	0.5321	-1.217	0.001993	0.9192	16710.0	23960.0	0.08271	1.0
beta_c_pr[2,118]	0.7726	0.002989	0.4337	0.4237	-0.1265	0.7868	1.59	20820.0	25800.0	0.1031	1.0
beta_c_pr[2,119]	0.2988	0.003681	0.3914	0.3835	-0.514	0.3125	1.027	11310.0	22560.0	0.056	1.0
beta_c_pr[2,120]	0.7881	0.002943	0.4768	0.4581	-0.2125	0.8014	1.687	26380.0	26580.0	0.1306	1.0
beta_c_pr[2,121]	-0.4926	0.004425	0.6056	0.5908	-1.795	-0.4497	0.5774	19720.0	23640.0	0.09761	1.0
beta_c_pr[2,122]	0.2443	0.008786	0.6025	0.5879	-1.027	0.2779	1.338	4584.0	13260.0	0.02269	1.0
beta_c_pr[2,123]	-0.7369	0.003535	0.6406	0.6332	-2.12	-0.6953	0.3907	34570.0	26350.0	0.1711	1.0
beta_c_pr[2,124]	-1.189	0.003076	0.5577	0.5448	-2.394	-1.151	-0.21	34610.0	26530.0	0.1713	1.0
beta_c_pr[2,125]	0.1124	0.002743	0.4665	0.4493	-0.9047	0.1503	0.9268	30420.0	25550.0	0.1506	1.0
beta_c_pr[2,126]	0.1748	0.002796	0.4756	0.4559	-0.8301	0.1982	1.053	29250.0	24110.0	0.1448	1.0
beta_c_pr[2,127]	0.1547	0.003177	0.4024	0.3833	-0.6997	0.1714	0.8983	15830.0	22670.0	0.07835	1.0
beta_c_pr[2,128]	-0.8514	0.003616	0.4625	0.4475	-1.837	-0.8225	-0.01712	15930.0	21900.0	0.07884	1.0
beta_c_pr[2,129]	-0.93	0.003557	0.5371	0.5276	-2.066	-0.8976	0.0325	22590.0	26590.0	0.1118	1.0
beta_c_pr[2,130]	-1.576	0.005359	0.5628	0.5479	-2.77	-1.546	-0.5544	10470.0	15490.0	0.05184	1.0
beta_c_pr[2,131]	-2.25	0.003171	0.6281	0.631	-3.547	-2.223	-1.093	39230.0	30040.0	0.1942	1.0
beta_c_pr[2,132]	-1.283	0.005092	0.5611	0.555	-2.464	-1.251	-0.2611	12030.0	25050.0	0.05954	1.0
beta_c_pr[2,133]	-0.8302	0.005088	0.8717	0.8657	-2.555	-0.8267	0.8739	29750.0	31070.0	0.1473	1.0
beta_c_pr[2,134]	0.3259	0.002447	0.443	0.4269	-0.6197	0.355	1.126	34120.0	28370.0	0.1689	1.0
beta_c_pr[2,135]	-0.4893	0.006583	0.6115	0.5981	-1.796	-0.4495	0.5938	8420.0	18920.0	0.04168	1.0
beta_c_pr[2,136]	0.8377	0.00591	0.4676	0.4473	-0.1536	0.8627	1.686	6198.0	18200.0	0.03068	1.001
beta_c_pr[2,137]	0.07882	0.01168	0.5895	0.5799	-1.174	0.1163	1.128	2532.0	10420.0	0.01253	1.001
beta_c_pr[2,138]	0.5697	0.00319	0.5116	0.4941	-0.5394	0.6012	1.49	25720.0	28270.0	0.1273	1.0
beta_c_pr[2,139]	-0.3813	0.01076	0.6604	0.6428	-1.723	-0.3687	0.8864	3705.0	9448.0	0.01834	1.0
beta_c_pr[2,140]	1.199	0.002665	0.3649	0.3551	0.4564	1.206	1.897	18570.0	24740.0	0.09193	1.0
beta_c_pr[2,141]	-0.5696	0.003022	0.544	0.533	-1.732	-0.5337	0.3943	33980.0	27480.0	0.1682	1.0
beta_c_pr[3,1]	0.3477	0.001923	0.3136	0.3086	-0.2713	0.3455	0.9698	26640.0	28220.0	0.1318	1.0
beta_c_pr[3,2]	1.001	0.004918	0.5506	0.517	-0.1371	1.01	2.07	13090.0	13030.0	0.06479	1.0
beta_c_pr[3,3]	0.7358	0.003825	0.4093	0.3976	-0.0215	0.7158	1.589	11690.0	21870.0	0.05787	1.0
beta_c_pr[3,4]	-0.0503	0.004832	0.531	0.5059	-1.071	-0.0618	1.04	11490.0	13140.0	0.05686	1.0
beta_c_pr[3,5]	-0.5752	0.002451	0.3752	0.3689	-1.313	-0.574	0.1694	23590.0	23800.0	0.1167	1.0
beta_c_pr[3,6]	-0.08069	0.002053	0.3199	0.3182	-0.7109	-0.08043	0.5444	24390.0	28250.0	0.1207	1.0
beta_c_pr[3,7]	2.901	0.004793	0.4928	0.481	1.937	2.898	3.888	10520.0	15730.0	0.05205	1.0
beta_c_pr[3,8]	-0.103	0.009382	0.4376	0.4411	-0.97	-0.09954	0.7424	2182.0	9637.0	0.0108	1.002
beta_c_pr[3,9]	0.5502	0.003865	0.3554	0.3468	-0.1351	0.5454	1.265	8546.0	20910.0	0.0423	1.0
beta_c_pr[3,10]	-0.1215	0.004082	0.4218	0.4006	-0.909	-0.1349	0.7614	10540.0	21130.0	0.05215	1.001
beta_c_pr[3,11]	-0.5788	0.002119	0.3638	0.3593	-1.28	-0.5835	0.144	29580.0	29100.0	0.1464	1.0
beta_c_pr[3,12]	0.6778	0.004572	0.7772	0.7748	-0.7984	0.6596	2.258	28610.0	27760.0	0.1416	1.0
beta_c_pr[3,13]	1.366	0.01086	0.6843	0.6578	-0.1026	1.409	2.619	4123.0	8962.0	0.02041	1.001
beta_c_pr[3,14]	0.3165	0.004289	0.3281	0.3237	-0.318	0.3103	0.9741	5880.0	14230.0	0.0291	1.001
beta_c_pr[3,15]	0.2812	0.00369	0.3639	0.3582	-0.4169	0.2767	1.015	9755.0	17250.0	0.04829	1.0
beta_c_pr[3,16]	0.7253	0.003165	0.3257	0.3216	0.09863	0.7199	1.383	10750.0	21150.0	0.05321	1.0
beta_c_pr[3,17]	-1.285	0.003158	0.4619	0.4425	-2.167	-1.291	-0.3514	21740.0	26380.0	0.1076	1.0
beta_c_pr[3,18]	0.9	0.006346	0.4034	0.3977	0.1139	0.897	1.705	4052.0	13070.0	0.02006	1.001
beta_c_pr[3,19]	-0.06226	0.001895	0.3224	0.3177	-0.6897	-0.06419	0.5772	29060.0	30070.0	0.1438	1.0
beta_c_pr[3,20]	0.5539	0.002445	0.323	0.3142	-0.06146	0.5472	1.218	17870.0	20590.0	0.08845	1.0
beta_c_pr[3,21]	0.4913	0.002726	0.3517	0.346	-0.1814	0.4848	1.204	16710.0	24670.0	0.0827	1.0
beta_c_pr[3,22]	-0.7739	0.003176	0.5003	0.482	-1.753	-0.7794	0.2311	25100.0	22720.0	0.1243	1.0
beta_c_pr[3,23]	-0.3643	0.007964	0.4244	0.4213	-1.206	-0.362	0.465	2836.0	11320.0	0.01404	1.002
beta_c_pr[3,24]	-0.3322	0.003289	0.5465	0.5267	-1.348	-0.3531	0.8073	27990.0	26300.0	0.1385	1.0
beta_c_pr[3,25]	-0.7386	0.005272	0.9295	0.9344	-2.489	-0.7637	1.133	31110.0	30600.0	0.154	1.0
beta_c_pr[3,26]	0.8163	0.007505	0.436	0.4241	0.0007599	0.7997	1.723	3373.0	11090.0	0.0167	1.001
beta_c_pr[3,27]	-0.4241	0.002237	0.4148	0.4117	-1.241	-0.4225	0.3885	34490.0	29990.0	0.1707	1.0
beta_c_pr[3,28]	-0.2363	0.005786	0.3902	0.3845	-0.9657	-0.2514	0.5628	4569.0	15780.0	0.02262	1.001
beta_c_pr[3,29]	-0.2303	0.008878	0.4412	0.4414	-1.07	-0.2373	0.6531	2471.0	10050.0	0.01223	1.002
beta_c_pr[3,30]	0.2502	0.002148	0.3297	0.3241	-0.3845	0.245	0.909	23870.0	25220.0	0.1182	1.0
beta_c_pr[3,31]	-0.4274	0.002863	0.4124	0.3961	-1.21	-0.4365	0.4177	21570.0	17400.0	0.1068	1.0
beta_c_pr[3,32]	0.1861	0.001836	0.2924	0.2886	-0.3895	0.1854	0.7594	25610.0	26310.0	0.1268	1.0
beta_c_pr[3,33]	-0.955	0.009071	0.7901	0.7556	-2.299	-1.035	0.8081	7019.0	16750.0	0.03474	1.001
beta_c_pr[3,34]	0.01321	0.002336	0.2948	0.2891	-0.5703	0.01321	0.5928	16030.0	23790.0	0.07932	1.0
beta_c_pr[3,35]	-0.6758	0.004534	0.756	0.7492	-2.089	-0.7042	0.8817	27870.0	29890.0	0.1379	1.0
beta_c_pr[3,36]	-0.17	0.004213	0.3856	0.3709	-0.8889	-0.1839	0.6372	8477.0	16150.0	0.04196	1.001
beta_c_pr[3,37]	0.3021	0.01206	0.5148	0.5246	-0.6795	0.2966	1.326	1827.0	8420.0	0.009045	1.003
beta_c_pr[3,38]	-0.1206	0.002222	0.3177	0.3113	-0.7473	-0.1202	0.5056	20490.0	23900.0	0.1014	1.0
beta_c_pr[3,39]	0.1776	0.004331	0.7563	0.7483	-1.253	0.1586	1.71	30390.0	28710.0	0.1504	1.0
beta_c_pr[3,40]	-0.8297	0.008612	0.432	0.426	-1.667	-0.8347	0.0398	2524.0	9913.0	0.01249	1.002
beta_c_pr[3,41]	-0.3736	0.005801	0.4771	0.4719	-1.316	-0.3717	0.5612	6796.0	16240.0	0.03364	1.001
beta_c_pr[3,42]	0.4619	0.003614	0.3556	0.3455	-0.2098	0.4515	1.19	9764.0	17570.0	0.04833	1.0
beta_c_pr[3,43]	1.996	0.003045	0.4852	0.4798	1.092	1.979	2.998	25790.0	25070.0	0.1277	1.0
beta_c_pr[3,44]	0.0738	0.004911	0.923	0.923	-1.699	0.06318	1.898	35360.0	30000.0	0.1751	1.0
beta_c_pr[3,45]	0.5481	0.004145	0.6185	0.6174	-0.5883	0.5287	1.82	22610.0	28380.0	0.1119	1.0
beta_c_pr[3,46]	2.707	0.005682	0.5433	0.5448	1.705	2.684	3.828	9047.0	18080.0	0.04478	1.001
beta_c_pr[3,47]	2.615	0.005298	0.494	0.4869	1.708	2.595	3.645	8648.0	17710.0	0.04281	1.0
beta_c_pr[3,48]	1.028	0.002227	0.3562	0.3507	0.351	1.018	1.762	25760.0	27970.0	0.1275	1.0
beta_c_pr[3,49]	0.1314	0.01017	0.446	0.4509	-0.7455	0.1326	1.003	1926.0	8407.0	0.009534	1.003
beta_c_pr[3,50]	-0.2158	0.004115	0.9635	0.9663	-2.098	-0.2184	1.672	54940.0	30640.0	0.2719	1.0
beta_c_pr[3,51]	0.2254	0.004387	0.7568	0.7595	-1.254	0.2177	1.719	29820.0	30660.0	0.1476	1.0
beta_c_pr[3,52]	-1.268	0.004995	0.3634	0.3578	-1.99	-1.266	-0.5551	5281.0	13180.0	0.02614	1.001
beta_c_pr[3,53]	-0.3669	0.002809	0.448	0.439	-1.231	-0.3744	0.5333	25960.0	26410.0	0.1285	1.0
beta_c_pr[3,54]	-0.3133	0.002468	0.3397	0.3282	-0.9913	-0.3106	0.3542	19000.0	21820.0	0.09404	1.0
beta_c_pr[3,55]	0.1	0.003077	0.3465	0.3379	-0.565	0.09161	0.8084	12700.0	21640.0	0.06286	1.0
beta_c_pr[3,56]	0.5253	0.00589	0.4114	0.4045	-0.2648	0.5192	1.358	4876.0	14270.0	0.02413	1.001
beta_c_pr[3,57]	-1.79	0.003915	0.4051	0.3964	-2.607	-1.783	-1.012	10680.0	20000.0	0.05284	1.0
beta_c_pr[3,58]	-0.02349	0.004355	0.9167	0.9181	-1.823	-0.02066	1.769	44350.0	32320.0	0.2195	1.0
beta_c_pr[3,59]	-0.8481	0.005194	0.3858	0.3814	-1.596	-0.8518	-0.08029	5552.0	15320.0	0.02748	1.001
beta_c_pr[3,60]	0.2505	0.004015	0.3637	0.3563	-0.4595	0.249	0.9705	8219.0	19460.0	0.04068	1.001
beta_c_pr[3,61]	0.1963	0.002342	0.3771	0.3715	-0.52	0.1881	0.9592	26160.0	27540.0	0.1295	1.0
beta_c_pr[3,62]	1.018	0.007691	0.5863	0.5721	-0.2041	1.036	2.111	6014.0	11630.0	0.02977	1.001
beta_c_pr[3,63]	1.133	0.008669	0.5588	0.554	0.1202	1.104	2.314	4126.0	14480.0	0.02042	1.001
beta_c_pr[3,64]	2.808	0.006107	0.5524	0.548	1.759	2.795	3.928	8099.0	17550.0	0.04009	1.001
beta_c_pr[3,65]	-0.3026	0.004477	0.9315	0.9208	-2.121	-0.3057	1.533	43310.0	30800.0	0.2144	1.0
beta_c_pr[3,66]	1.247	0.004173	0.6451	0.6337	-0.01389	1.24	2.529	23870.0	23700.0	0.1181	1.0
beta_c_pr[3,67]	-0.291	0.005085	0.8377	0.818	-1.803	-0.3499	1.492	27560.0	28230.0	0.1364	1.0
beta_c_pr[3,68]	0.1186	0.004298	0.8299	0.8169	-1.496	0.1025	1.774	37370.0	29860.0	0.185	1.0
beta_c_pr[3,69]	1.558	0.00408	0.5448	0.5384	0.5544	1.532	2.685	17520.0	22660.0	0.08671	1.0
beta_c_pr[3,70]	-0.00796	0.00339	0.5069	0.4951	-0.9758	-0.01726	1.031	22940.0	23250.0	0.1135	1.0
beta_c_pr[3,71]	0.02112	0.006063	0.6827	0.6847	-1.239	-0.005125	1.426	12430.0	21670.0	0.06154	1.0
beta_c_pr[3,72]	0.2122	0.004648	0.7209	0.709	-1.202	0.2068	1.642	24040.0	19470.0	0.119	1.0
beta_c_pr[3,73]	0.5087	0.005773	0.4296	0.4259	-0.3365	0.5092	1.362	5519.0	12250.0	0.02732	1.001
beta_c_pr[3,74]	0.007088	0.003611	0.6767	0.6712	-1.296	0.0008003	1.352	35100.0	29210.0	0.1737	1.0
beta_c_pr[3,75]	1.564	0.006294	0.6422	0.6296	0.2651	1.567	2.823	10550.0	11500.0	0.05223	1.0
beta_c_pr[3,76]	0.8398	0.004379	0.4021	0.3941	0.07724	0.8284	1.667	8315.0	16200.0	0.04116	1.0
beta_c_pr[3,77]	-0.8524	0.005293	0.3474	0.3385	-1.515	-0.8613	-0.1434	4341.0	10860.0	0.02149	1.001
beta_c_pr[3,78]	-0.3439	0.002488	0.3252	0.3206	-0.9699	-0.3502	0.3054	17560.0	24620.0	0.0869	1.0
beta_c_pr[3,79]	0.2527	0.00771	0.4725	0.4574	-0.6158	0.2287	1.251	3768.0	11410.0	0.01865	1.001
beta_c_pr[3,80]	-1.144	0.002181	0.3556	0.3526	-1.858	-1.139	-0.4612	26630.0	28450.0	0.1318	1.0
beta_c_pr[3,81]	-0.277	0.002253	0.3048	0.2994	-0.8746	-0.2766	0.322	18230.0	22820.0	0.09024	1.0
beta_c_pr[3,82]	0.5175	0.002585	0.3456	0.3348	-0.1332	0.5064	1.234	17910.0	23960.0	0.08867	1.0
beta_c_pr[3,83]	-1.385	0.005308	0.3557	0.3504	-2.088	-1.383	-0.6937	4517.0	11010.0	0.02236	1.001
beta_c_pr[3,84]	0.5982	0.01267	0.5693	0.5807	-0.4999	0.6011	1.705	2034.0	8423.0	0.01007	1.003
beta_c_pr[3,85]	-0.8962	0.001954	0.3217	0.3154	-1.54	-0.8926	-0.2763	27120.0	29000.0	0.1343	1.0
beta_c_pr[3,86]	-0.5557	0.007357	0.4008	0.3939	-1.321	-0.5628	0.2498	2977.0	11380.0	0.01474	1.002
beta_c_pr[3,87]	-0.5531	0.005776	0.826	0.8141	-2.042	-0.6095	1.188	20230.0	28000.0	0.1001	1.0
beta_c_pr[3,88]	-0.4807	0.004393	0.9633	0.9701	-2.366	-0.4822	1.41	48180.0	30960.0	0.2385	1.0
beta_c_pr[3,89]	-0.1214	0.002064	0.3006	0.2945	-0.7184	-0.118	0.4599	21440.0	27980.0	0.1061	1.0
beta_c_pr[3,90]	0.7921	0.005143	0.3733	0.3689	0.0803	0.7802	1.554	5269.0	16130.0	0.02608	1.001
beta_c_pr[3,91]	0.2513	0.005457	0.9107	0.9064	-1.531	0.2485	2.053	28110.0	25790.0	0.1392	1.0
beta_c_pr[3,92]	-1.474	0.007896	0.493	0.4922	-2.459	-1.464	-0.5248	3910.0	12930.0	0.01935	1.002
beta_c_pr[3,93]	-0.8354	0.0032	0.3701	0.3676	-1.564	-0.8346	-0.1158	13400.0	24060.0	0.06633	1.0
beta_c_pr[3,94]	-1.961	0.01014	0.5688	0.5684	-3.109	-1.942	-0.8894	3167.0	10970.0	0.01568	1.002
beta_c_pr[3,95]	-1.069	0.003006	0.3274	0.3225	-1.729	-1.066	-0.438	12110.0	24020.0	0.05993	1.0
beta_c_pr[3,96]	0.3376	0.007707	0.4223	0.4204	-0.4827	0.3349	1.178	3020.0	10950.0	0.01495	1.002
beta_c_pr[3,97]	0.09763	0.01013	0.4646	0.4738	-0.8118	0.1047	0.9874	2120.0	8800.0	0.0105	1.003
beta_c_pr[3,98]	-1.299	0.004756	0.4151	0.411	-2.143	-1.295	-0.5077	7638.0	21850.0	0.03781	1.001
beta_c_pr[3,99]	-0.5041	0.003018	0.4305	0.4218	-1.338	-0.5099	0.3552	20500.0	26660.0	0.1015	1.0
beta_c_pr[3,100]	-0.612	0.004783	0.3492	0.3407	-1.311	-0.6069	0.06333	5325.0	13890.0	0.02636	1.001
beta_c_pr[3,101]	-0.3002	0.002153	0.3514	0.3415	-1.004	-0.2945	0.3855	26820.0	26060.0	0.1328	1.0
beta_c_pr[3,102]	0.8002	0.005197	0.6461	0.6273	-0.4866	0.8042	2.065	15660.0	20990.0	0.07751	1.0
beta_c_pr[3,103]	-0.7905	0.005991	0.372	0.3621	-1.495	-0.8012	-0.02362	3876.0	11430.0	0.01919	1.001
beta_c_pr[3,104]	0.3672	0.002657	0.3309	0.3254	-0.2713	0.36	1.033	15720.0	23840.0	0.07783	1.0
beta_c_pr[3,105]	-1.735	0.002401	0.3622	0.3612	-2.479	-1.724	-1.059	23100.0	26440.0	0.1143	1.0
beta_c_pr[3,106]	0.005717	0.001904	0.3046	0.2993	-0.6104	0.008462	0.5959	25740.0	27190.0	0.1274	1.0
beta_c_pr[3,107]	-0.5412	0.006581	0.3442	0.3367	-1.227	-0.5387	0.1305	2734.0	9624.0	0.01353	1.002
beta_c_pr[3,108]	0.2854	0.002541	0.3743	0.3666	-0.4295	0.2781	1.044	22090.0	23410.0	0.1093	1.0
beta_c_pr[3,109]	-0.4366	0.006074	0.6446	0.6328	-1.631	-0.4645	0.9064	10810.0	18260.0	0.05349	1.0
beta_c_pr[3,110]	0.07601	0.001799	0.3002	0.2988	-0.5104	0.07512	0.6693	27910.0	29370.0	0.1381	1.0
beta_c_pr[3,111]	0.01614	0.004174	0.7792	0.7664	-1.465	0.001563	1.593	34890.0	27920.0	0.1727	1.0
beta_c_pr[3,112]	-0.387	0.004339	0.3213	0.3139	-1.019	-0.3906	0.2538	5540.0	13350.0	0.02742	1.0
beta_c_pr[3,113]	-1.247	0.006486	0.4548	0.4468	-2.146	-1.247	-0.3457	4891.0	15530.0	0.02421	1.001
beta_c_pr[3,114]	0.8516	0.002063	0.32	0.3132	0.2401	0.846	1.506	24130.0	27200.0	0.1195	1.0
beta_c_pr[3,115]	1.381	0.003141	0.524	0.5209	0.4117	1.362	2.461	28420.0	25110.0	0.1407	1.0
beta_c_pr[3,116]	0.04711	0.004132	0.3194	0.3161	-0.5815	0.04671	0.6733	6006.0	16530.0	0.02973	1.0
beta_c_pr[3,117]	-0.3682	0.004243	0.346	0.3417	-1.058	-0.3672	0.3113	6648.0	18970.0	0.03291	1.001
beta_c_pr[3,118]	-0.8111	0.003674	0.3235	0.3209	-1.452	-0.8076	-0.1817	7852.0	16080.0	0.03887	1.001
beta_c_pr[3,119]	-0.3637	0.001938	0.334	0.3277	-1.018	-0.3661	0.2993	29760.0	28910.0	0.1473	1.0
beta_c_pr[3,120]	0.4304	0.003816	0.6498	0.651	-0.8015	0.4142	1.746	29210.0	29280.0	0.1446	1.0
beta_c_pr[3,121]	0.09983	0.005284	0.62	0.6144	-1.035	0.07234	1.383	13490.0	25940.0	0.06676	1.0
beta_c_pr[3,122]	0.1826	0.004182	0.333	0.3268	-0.463	0.1802	0.8474	6390.0	17130.0	0.03163	1.001
beta_c_pr[3,123]	0.8188	0.003427	0.341	0.3293	0.189	0.8036	1.54	10090.0	20220.0	0.04997	1.001
beta_c_pr[3,124]	-0.01208	0.00202	0.3202	0.3166	-0.6411	-0.01374	0.6244	25210.0	28710.0	0.1248	1.0
beta_c_pr[3,125]	0.1654	0.00213	0.3135	0.3093	-0.4463	0.164	0.7876	21720.0	26830.0	0.1075	1.0
beta_c_pr[3,126]	-0.05836	0.001933	0.3149	0.3124	-0.6701	-0.0598	0.5718	26600.0	27860.0	0.1317	1.0
beta_c_pr[3,127]	0.04925	0.003861	0.3386	0.334	-0.6367	0.05509	0.7002	7748.0	16560.0	0.03835	1.001
beta_c_pr[3,128]	-1.772	0.007228	0.4265	0.4195	-2.622	-1.771	-0.9331	3498.0	9901.0	0.01732	1.001
beta_c_pr[3,129]	0.4601	0.002088	0.3759	0.3703	-0.2504	0.4512	1.225	32710.0	28360.0	0.1619	1.0
beta_c_pr[3,130]	-1.549	0.007152	0.5657	0.5958	-2.538	-1.602	-0.4225	6665.0	11000.0	0.03299	1.0
beta_c_pr[3,131]	-1.541	0.003939	0.4048	0.3854	-2.328	-1.544	-0.7306	10800.0	16820.0	0.05347	1.001
beta_c_pr[3,132]	-1.55	0.00568	0.462	0.4593	-2.485	-1.545	-0.6711	6646.0	16010.0	0.0329	1.001
beta_c_pr[3,133]	0.03884	0.006857	0.8356	0.8259	-1.613	0.03553	1.681	14940.0	17520.0	0.07394	1.0
beta_c_pr[3,134]	-0.0188	0.002237	0.3062	0.3033	-0.615	-0.02198	0.5847	18970.0	23530.0	0.09388	1.0
beta_c_pr[3,135]	0.1878	0.002615	0.3335	0.3253	-0.4565	0.1824	0.8588	16400.0	23650.0	0.08119	1.0
beta_c_pr[3,136]	-0.2025	0.003509	0.5757	0.5642	-1.242	-0.2334	1.014	27600.0	27130.0	0.1366	1.0
beta_c_pr[3,137]	-0.07559	0.001733	0.2861	0.2838	-0.6499	-0.07238	0.4786	27260.0	28440.0	0.1349	1.0
beta_c_pr[3,138]	0.09893	0.003238	0.3445	0.3387	-0.5622	0.09397	0.7931	11380.0	22790.0	0.05633	1.0
beta_c_pr[3,139]	-0.2002	0.002199	0.3468	0.3426	-0.8903	-0.1995	0.4714	25050.0	28010.0	0.124	1.0
beta_c_pr[3,140]	0.9835	0.009205	0.5148	0.5089	0.02062	0.9668	2.051	3105.0	10960.0	0.01537	1.002
beta_c_pr[3,141]	-0.9284	0.005254	0.4861	0.4751	-1.886	-0.9248	0.02966	8520.0	18780.0	0.04217	1.0
beta_c_pr[4,1]	1.053	0.002583	0.4295	0.4261	0.2137	1.051	1.908	27740.0	29250.0	0.1373	1.0
beta_c_pr[4,2]	1.007	0.0135	0.5108	0.5103	0.104	0.9704	2.098	1447.0	6448.0	0.007163	1.004
beta_c_pr[4,3]	0.02354	0.002075	0.3688	0.3665	-0.6951	0.01986	0.7531	31640.0	29120.0	0.1566	1.0
beta_c_pr[4,4]	0.7116	0.01423	0.6816	0.6551	-0.4525	0.6411	2.231	2457.0	7137.0	0.01216	1.002
beta_c_pr[4,5]	0.2297	0.004765	0.3605	0.3567	-0.4945	0.2359	0.9201	5823.0	15870.0	0.02882	1.001
beta_c_pr[4,6]	0.4521	0.002147	0.3468	0.3414	-0.2216	0.4505	1.133	26310.0	23040.0	0.1302	1.0
beta_c_pr[4,7]	1.116	0.00773	0.7934	0.78	-0.3924	1.102	2.732	10850.0	18830.0	0.05368	1.001
beta_c_pr[4,8]	-1.188	0.008479	0.4296	0.4144	-1.986	-1.208	-0.2845	2669.0	6591.0	0.01321	1.003
beta_c_pr[4,9]	1.621	0.003505	0.4899	0.4869	0.6906	1.614	2.603	19850.0	26860.0	0.09824	1.0
beta_c_pr[4,10]	-1.036	0.001909	0.2723	0.2704	-1.579	-1.033	-0.5074	20330.0	24670.0	0.1006	1.0
beta_c_pr[4,11]	-0.4351	0.001854	0.2996	0.2941	-1.03	-0.4339	0.1493	26190.0	28800.0	0.1296	1.0
beta_c_pr[4,12]	-1.17	0.003818	0.2553	0.2531	-1.668	-1.172	-0.6635	4506.0	12090.0	0.0223	1.001
beta_c_pr[4,13]	0.7422	0.02282	0.7141	0.7554	-0.5091	0.6962	2.208	996.4	5575.0	0.004932	1.007
beta_c_pr[4,14]	0.2919	0.002459	0.4252	0.4183	-0.5433	0.2942	1.133	30110.0	28240.0	0.149	1.0
beta_c_pr[4,15]	1.056	0.002775	0.4388	0.4342	0.1965	1.055	1.93	25140.0	28790.0	0.1244	1.0
beta_c_pr[4,16]	-0.01222	0.002342	0.3981	0.3922	-0.7986	-0.01099	0.7627	29040.0	28430.0	0.1438	1.0
beta_c_pr[4,17]	-0.5208	0.007359	0.3517	0.3432	-1.173	-0.538	0.2172	2347.0	6702.0	0.01162	1.003
beta_c_pr[4,18]	1.653	0.002913	0.4864	0.4829	0.7199	1.646	2.625	27960.0	28520.0	0.1384	1.0
beta_c_pr[4,19]	1.012	0.00361	0.4356	0.4355	0.1605	1.01	1.875	14700.0	20800.0	0.07276	1.0
beta_c_pr[4,20]	0.389	0.003713	0.4527	0.4487	-0.4931	0.3859	1.278	15230.0	24700.0	0.07541	1.0
beta_c_pr[4,21]	-0.1556	0.007946	0.4477	0.4395	-0.9982	-0.1707	0.7671	3263.0	9000.0	0.01615	1.002
beta_c_pr[4,22]	-0.3109	0.003083	0.3368	0.3316	-0.9673	-0.3124	0.3566	12090.0	16910.0	0.05985	1.0
beta_c_pr[4,23]	0.3348	0.005831	0.4697	0.4611	-0.5478	0.3175	1.306	6764.0	10350.0	0.03348	1.001
beta_c_pr[4,24]	0.9156	0.006635	0.3812	0.3771	0.187	0.9088	1.687	3319.0	12620.0	0.01643	1.001
beta_c_pr[4,25]	-1.697	0.004253	0.3043	0.3009	-2.306	-1.696	-1.101	5143.0	11040.0	0.02546	1.001
beta_c_pr[4,26]	0.3758	0.002607	0.3949	0.3914	-0.3804	0.3692	1.161	23300.0	28870.0	0.1153	1.0
beta_c_pr[4,27]	-1.484	0.002472	0.3384	0.3352	-2.17	-1.48	-0.8311	18670.0	25620.0	0.09244	1.0
beta_c_pr[4,28]	-1.659	0.01056	0.3943	0.3939	-2.411	-1.669	-0.865	1412.0	5849.0	0.006987	1.004
beta_c_pr[4,29]	0.7266	0.006922	0.3976	0.3911	-0.05388	0.7265	1.511	3330.0	13210.0	0.01648	1.002
beta_c_pr[4,30]	0.9192	0.006786	0.5443	0.5413	-0.12	0.9042	2.025	6574.0	14930.0	0.03254	1.001
beta_c_pr[4,31]	-0.3227	0.004435	0.3717	0.3666	-1.043	-0.3249	0.4154	7083.0	15330.0	0.03506	1.001
beta_c_pr[4,32]	0.6872	0.003856	0.3887	0.3835	-0.06325	0.6817	1.467	10300.0	21270.0	0.05096	1.001
beta_c_pr[4,33]	0.5562	0.01588	0.5096	0.5294	-0.4138	0.5539	1.551	1048.0	5368.0	0.005186	1.007
beta_c_pr[4,34]	-0.4055	0.00723	0.3954	0.389	-1.188	-0.4042	0.3651	3022.0	10400.0	0.01496	1.003
beta_c_pr[4,35]	-1.429	0.002197	0.2792	0.274	-1.993	-1.427	-0.8863	16140.0	25890.0	0.0799	1.0
beta_c_pr[4,36]	0.25	0.01436	0.5019	0.5124	-0.6998	0.2404	1.251	1234.0	6130.0	0.006106	1.006
beta_c_pr[4,37]	0.1365	0.01061	0.437	0.4365	-0.6926	0.1236	1.022	1713.0	7052.0	0.008478	1.004
beta_c_pr[4,38]	-0.2698	0.002203	0.3415	0.34	-0.947	-0.2659	0.3903	24100.0	28710.0	0.1193	1.0
beta_c_pr[4,39]	-0.6548	0.003497	0.2943	0.2901	-1.231	-0.6559	-0.0723	7165.0	14410.0	0.03547	1.001
beta_c_pr[4,40]	-1.343	0.01736	0.533	0.5571	-2.335	-1.361	-0.2979	966.0	5300.0	0.004781	1.007
beta_c_pr[4,41]	-0.04379	0.008894	0.4157	0.4051	-0.7983	-0.06875	0.8447	2256.0	6292.0	0.01117	1.003
beta_c_pr[4,42]	1.253	0.01002	0.5419	0.5342	0.1611	1.262	2.292	2953.0	9180.0	0.01462	1.002
beta_c_pr[4,43]	1.021	0.003287	0.4717	0.4691	0.09583	1.021	1.946	20750.0	24730.0	0.1027	1.0
beta_c_pr[4,44]	-0.3718	0.006725	0.3015	0.2954	-0.9483	-0.3788	0.2405	2040.0	7566.0	0.0101	1.003
beta_c_pr[4,45]	-1.055	0.00673	0.3678	0.3614	-1.759	-1.061	-0.3053	3027.0	8566.0	0.01498	1.002
beta_c_pr[4,46]	1.625	0.004979	0.8572	0.8485	-0.05922	1.634	3.304	29790.0	29070.0	0.1475	1.0
beta_c_pr[4,47]	1.267	0.004782	0.9158	0.92	-0.5407	1.271	3.048	36670.0	29620.0	0.1815	1.0
beta_c_pr[4,48]	-0.1145	0.01191	0.526	0.5154	-1.066	-0.1474	1.012	2004.0	7085.0	0.009917	1.003
beta_c_pr[4,49]	0.4146	0.008321	0.4484	0.4399	-0.4218	0.3996	1.351	2965.0	8790.0	0.01468	1.002
beta_c_pr[4,50]	-2.316	0.002606	0.2801	0.2777	-2.875	-2.313	-1.775	11520.0	19330.0	0.05701	1.0
beta_c_pr[4,51]	-0.7872	0.009527	0.3553	0.3533	-1.449	-0.8019	-0.0583	1412.0	5532.0	0.006989	1.005
beta_c_pr[4,52]	1.055	0.009096	0.417	0.4117	0.2423	1.053	1.879	2105.0	8198.0	0.01042	1.003
beta_c_pr[4,53]	-0.5417	0.002674	0.3559	0.3507	-1.238	-0.5421	0.1581	17850.0	21350.0	0.08833	1.0
beta_c_pr[4,54]	0.1091	0.002988	0.3114	0.3088	-0.4994	0.1087	0.7163	10900.0	26630.0	0.05394	1.001
beta_c_pr[4,55]	-0.4366	0.002106	0.3273	0.3233	-1.084	-0.4344	0.2038	24290.0	29760.0	0.1202	1.0
beta_c_pr[4,56]	1.123	0.01999	0.622	0.6598	-0.01868	1.111	2.356	987.8	5068.0	0.004889	1.007
beta_c_pr[4,57]	-1.137	0.003998	0.3099	0.3048	-1.752	-1.134	-0.535	6058.0	16680.0	0.02999	1.001
beta_c_pr[4,58]	-0.8074	0.00203	0.2636	0.2589	-1.335	-0.8068	-0.29	16860.0	25640.0	0.08345	1.0
beta_c_pr[4,59]	1.095	0.003149	0.3626	0.3601	0.3919	1.092	1.814	13450.0	24430.0	0.06658	1.001
beta_c_pr[4,60]	-0.4289	0.003119	0.3546	0.3524	-1.122	-0.428	0.2625	13070.0	21310.0	0.0647	1.0
beta_c_pr[4,61]	0.08117	0.003051	0.2868	0.2825	-0.4744	0.07981	0.6501	8907.0	18150.0	0.04409	1.001
beta_c_pr[4,62]	0.955	0.01946	0.615	0.6477	-0.1534	0.9321	2.206	1017.0	5808.0	0.005032	1.007
beta_c_pr[4,63]	0.4043	0.007249	0.4086	0.4072	-0.3876	0.3995	1.219	3212.0	13210.0	0.0159	1.002
beta_c_pr[4,64]	0.6469	0.008941	0.6604	0.6439	-0.5638	0.6109	2.038	5828.0	11050.0	0.02885	1.001
beta_c_pr[4,65]	-0.6208	0.003537	0.2686	0.2666	-1.152	-0.6184	-0.09565	5779.0	16890.0	0.0286	1.001
beta_c_pr[4,66]	-0.2515	0.00853	0.3652	0.3618	-0.9249	-0.2694	0.5045	1869.0	6520.0	0.009251	1.003
beta_c_pr[4,67]	-1.358	0.01052	0.3728	0.3737	-2.097	-1.357	-0.6424	1266.0	5881.0	0.006264	1.006
beta_c_pr[4,68]	-1.249	0.01258	0.3961	0.4102	-1.986	-1.265	-0.4653	1016.0	4559.0	0.00503	1.007
beta_c_pr[4,69]	-0.4244	0.001722	0.2647	0.2633	-0.9427	-0.4251	0.09694	23700.0	27260.0	0.1173	1.0
beta_c_pr[4,70]	-0.2914	0.006375	0.3635	0.3554	-0.9854	-0.2978	0.4491	3298.0	9709.0	0.01633	1.001
beta_c_pr[4,71]	-1.33	0.007022	0.3308	0.3255	-1.954	-1.34	-0.6548	2267.0	5996.0	0.01122	1.003
beta_c_pr[4,72]	-2.838	0.01306	0.4406	0.4443	-3.664	-2.855	-1.948	1163.0	5158.0	0.005757	1.006
beta_c_pr[4,73]	0.2186	0.001912	0.3419	0.34	-0.4534	0.2184	0.8909	32020.0	26750.0	0.1585	1.0
beta_c_pr[4,74]	-0.7477	0.004827	0.3596	0.353	-1.452	-0.7489	-0.02962	5612.0	12100.0	0.02778	1.001
beta_c_pr[4,75]	0.7813	0.01224	0.6242	0.5885	-0.2401	0.7003	2.196	2862.0	7378.0	0.01417	1.002
beta_c_pr[4,76]	0.3789	0.01766	0.5732	0.5888	-0.7122	0.3724	1.508	1081.0	5528.0	0.00535	1.007
beta_c_pr[4,77]	1.396	0.002465	0.4351	0.4329	0.5531	1.393	2.265	31140.0	29680.0	0.1541	1.0
beta_c_pr[4,78]	0.5078	0.003141	0.3847	0.3799	-0.2398	0.502	1.28	15040.0	23140.0	0.07443	1.0
beta_c_pr[4,79]	-0.502	0.01121	0.416	0.4175	-1.294	-0.5095	0.3299	1395.0	5962.0	0.006907	1.005
beta_c_pr[4,80]	-0.6541	0.003184	0.3045	0.2996	-1.264	-0.6508	-0.06222	9146.0	21880.0	0.04527	1.001
beta_c_pr[4,81]	0.3113	0.002173	0.3913	0.3889	-0.4643	0.3104	1.079	32480.0	29880.0	0.1608	1.0
beta_c_pr[4,82]	1.066	0.004516	0.4945	0.4876	0.0925	1.066	2.035	12180.0	22370.0	0.06031	1.001
beta_c_pr[4,83]	-0.3705	0.0037	0.3182	0.3119	-0.9903	-0.3718	0.2612	7495.0	14650.0	0.0371	1.001
beta_c_pr[4,84]	0.874	0.01897	0.6663	0.6777	-0.3134	0.8362	2.262	1248.0	6661.0	0.006178	1.005
beta_c_pr[4,85]	-0.05194	0.008291	0.4198	0.4154	-0.8615	-0.0588	0.7953	2598.0	9068.0	0.01286	1.002
beta_c_pr[4,86]	0.6566	0.002075	0.3227	0.3194	0.0275	0.6552	1.294	24280.0	29570.0	0.1202	1.0
beta_c_pr[4,87]	-1.022	0.005115	0.28	0.2773	-1.566	-1.024	-0.4609	3032.0	7491.0	0.01501	1.002
beta_c_pr[4,88]	-1.148	0.006248	0.2871	0.2833	-1.703	-1.151	-0.5777	2134.0	7144.0	0.01056	1.003
beta_c_pr[4,89]	0.04087	0.002434	0.3899	0.3897	-0.7266	0.04128	0.8034	25770.0	29480.0	0.1276	1.0
beta_c_pr[4,90]	0.8293	0.00421	0.6313	0.6224	-0.3823	0.822	2.099	22800.0	19520.0	0.1128	1.0
beta_c_pr[4,91]	-0.436	0.001931	0.2646	0.2614	-0.9559	-0.4355	0.08085	18840.0	21510.0	0.09325	1.0
beta_c_pr[4,92]	-1.227	0.009915	0.4375	0.4322	-2.109	-1.219	-0.3975	1958.0	8153.0	0.00969	1.003
beta_c_pr[4,93]	-0.4071	0.00371	0.3403	0.3369	-1.085	-0.4045	0.2585	8468.0	20410.0	0.04192	1.001
beta_c_pr[4,94]	-0.4307	0.005284	0.3465	0.3443	-1.1	-0.4335	0.2602	4340.0	13210.0	0.02148	1.001
beta_c_pr[4,95]	-0.1566	0.002713	0.3415	0.3393	-0.8175	-0.1566	0.5198	16080.0	20840.0	0.0796	1.0
beta_c_pr[4,96]	0.5955	0.01082	0.4674	0.4628	-0.2746	0.5761	1.567	1879.0	7963.0	0.0093	1.003
beta_c_pr[4,97]	-0.0007975	0.01078	0.5029	0.4987	-0.9296	-0.02409	1.044	2225.0	8185.0	0.01101	1.002
beta_c_pr[4,98]	0.3745	0.01823	0.5519	0.589	-0.6339	0.3571	1.466	941.6	5491.0	0.004661	1.007
beta_c_pr[4,99]	-0.1927	0.0139	0.464	0.473	-1.06	-0.2052	0.7413	1130.0	5680.0	0.005592	1.006
beta_c_pr[4,100]	-0.6287	0.00784	0.3971	0.3918	-1.399	-0.6302	0.1605	2593.0	8288.0	0.01283	1.003
beta_c_pr[4,101]	-0.5722	0.01137	0.4289	0.4252	-1.398	-0.5768	0.2842	1438.0	6856.0	0.007117	1.004
beta_c_pr[4,102]	0.3684	0.02233	0.6246	0.6857	-0.71	0.3336	1.621	811.8	4792.0	0.004018	1.009
beta_c_pr[4,103]	0.02813	0.009462	0.3858	0.3836	-0.7203	0.02459	0.7959	1667.0	7400.0	0.008253	1.003
beta_c_pr[4,104]	-0.6773	0.009896	0.4192	0.4149	-1.501	-0.676	0.1481	1804.0	7435.0	0.008928	1.004
beta_c_pr[4,105]	-0.529	0.003348	0.3104	0.3052	-1.141	-0.531	0.08569	8720.0	20220.0	0.04316	1.001
beta_c_pr[4,106]	0.9912	0.002539	0.3621	0.3583	0.2867	0.9884	1.714	20380.0	26700.0	0.1009	1.0
beta_c_pr[4,107]	0.675	0.002079	0.3657	0.3607	-0.04093	0.6731	1.397	31090.0	29380.0	0.1539	1.0
beta_c_pr[4,108]	0.8279	0.01196	0.4934	0.4956	-0.1046	0.8175	1.821	1723.0	7664.0	0.008528	1.004
beta_c_pr[4,109]	0.01356	0.002125	0.3458	0.3428	-0.6686	0.01517	0.6868	26550.0	28330.0	0.1314	1.0
beta_c_pr[4,110]	0.7873	0.005733	0.4648	0.461	-0.1333	0.7891	1.698	6625.0	21020.0	0.03279	1.001
beta_c_pr[4,111]	-1.386	0.002828	0.2851	0.2794	-1.952	-1.385	-0.826	10300.0	16040.0	0.051	1.001
beta_c_pr[4,112]	1.645	0.003502	0.4077	0.4021	0.8467	1.643	2.458	13620.0	21100.0	0.06742	1.001
beta_c_pr[4,113]	-0.7564	0.007107	0.3355	0.3302	-1.394	-0.7648	-0.07516	2269.0	6778.0	0.01123	1.003
beta_c_pr[4,114]	0.6262	0.01066	0.4956	0.4952	-0.3279	0.6199	1.615	2187.0	9466.0	0.01082	1.003
beta_c_pr[4,115]	0.8724	0.002429	0.3808	0.3777	0.1361	0.8685	1.635	24700.0	28640.0	0.1223	1.0
beta_c_pr[4,116]	-1.066	0.002418	0.4183	0.4088	-1.915	-1.061	-0.2631	30120.0	28230.0	0.1491	1.0
beta_c_pr[4,117]	0.9117	0.005924	0.4624	0.4596	-0.01126	0.9152	1.807	6150.0	17840.0	0.03044	1.001
beta_c_pr[4,118]	0.9442	0.003068	0.4195	0.4158	0.126	0.9408	1.774	18820.0	30090.0	0.09316	1.0
beta_c_pr[4,119]	-0.4339	0.002044	0.3309	0.3289	-1.083	-0.432	0.2151	26400.0	27600.0	0.1307	1.0
beta_c_pr[4,120]	-0.9406	0.003211	0.3604	0.3576	-1.661	-0.939	-0.238	12490.0	19140.0	0.06184	1.0
beta_c_pr[4,121]	0.2386	0.01548	0.5167	0.5289	-0.7506	0.2347	1.253	1127.0	6073.0	0.00558	1.006
beta_c_pr[4,122]	1.737	0.003259	0.4992	0.4913	0.7704	1.731	2.739	23560.0	25540.0	0.1166	1.0
beta_c_pr[4,123]	1.155	0.002762	0.3166	0.3123	0.5564	1.147	1.804	13400.0	26220.0	0.06631	1.0
beta_c_pr[4,124]	0.2598	0.004321	0.3423	0.337	-0.3931	0.2541	0.9475	6443.0	17850.0	0.03189	1.001
beta_c_pr[4,125]	-0.2095	0.00634	0.4094	0.4052	-1.021	-0.2091	0.5895	4192.0	13660.0	0.02075	1.001
beta_c_pr[4,126]	0.07361	0.005277	0.4169	0.412	-0.7459	0.06849	0.9021	6324.0	16340.0	0.0313	1.001
beta_c_pr[4,127]	-0.2449	0.006068	0.3502	0.3471	-0.9265	-0.2476	0.4456	3349.0	11370.0	0.01658	1.002
beta_c_pr[4,128]	-0.1328	0.002068	0.3154	0.3123	-0.7569	-0.1316	0.4854	23410.0	26690.0	0.1159	1.0
beta_c_pr[4,129]	-0.6293	0.005877	0.3523	0.3474	-1.323	-0.6275	0.06156	3621.0	11300.0	0.01793	1.001
beta_c_pr[4,130]	-0.5649	0.005368	0.2944	0.2927	-1.135	-0.5679	0.02283	3047.0	8215.0	0.01508	1.002
beta_c_pr[4,131]	-0.4344	0.006165	0.2837	0.2802	-0.9879	-0.4363	0.126	2132.0	8918.0	0.01055	1.003
beta_c_pr[4,132]	-0.08019	0.002436	0.2973	0.2911	-0.6616	-0.08152	0.5076	15070.0	22970.0	0.07459	1.0
beta_c_pr[4,133]	-3.484	0.003865	0.3523	0.3499	-4.187	-3.479	-2.805	8235.0	16340.0	0.04076	1.001
beta_c_pr[4,134]	0.1952	0.01206	0.4659	0.471	-0.6958	0.1845	1.126	1512.0	7233.0	0.007484	1.005
beta_c_pr[4,135]	0.8736	0.006999	0.426	0.4216	0.01897	0.8788	1.697	3750.0	10060.0	0.01856	1.001
beta_c_pr[4,136]	-0.2025	0.005082	0.3246	0.3233	-0.8407	-0.2025	0.439	4133.0	13920.0	0.02046	1.001
beta_c_pr[4,137]	0.8373	0.006281	0.4135	0.4042	0.01191	0.8397	1.651	4362.0	12470.0	0.02159	1.001
beta_c_pr[4,138]	1.497	0.007932	0.5182	0.514	0.4865	1.498	2.521	4304.0	16920.0	0.0213	1.001
beta_c_pr[4,139]	0.4793	0.01417	0.5203	0.5264	-0.4897	0.4607	1.542	1360.0	6325.0	0.00673	1.004
beta_c_pr[4,140]	-0.5912	0.005604	0.3964	0.3926	-1.361	-0.5919	0.1954	5065.0	12240.0	0.02507	1.002
beta_c_pr[4,141]	0.9334	0.01426	0.5068	0.5107	-0.04138	0.9305	1.942	1280.0	6567.0	0.006337	1.005
beta_d_pr[1,1]	0.3788	0.005375	0.84	0.8265	-1.266	0.3789	2.043	24440.0	26680.0	0.121	1.0
beta_d_pr[1,2]	-0.3563	0.004292	0.9867	0.9829	-2.287	-0.3607	1.599	53040.0	29490.0	0.2625	1.0
beta_d_pr[1,3]	0.2941	0.00551	0.6851	0.6783	-1.052	0.2966	1.64	15450.0	27390.0	0.0765	1.0
beta_d_pr[1,4]	0.269	0.004795	1.003	0.9975	-1.711	0.2711	2.229	43810.0	30800.0	0.2169	1.0
beta_d_pr[1,5]	0.2464	0.004026	0.9326	0.9298	-1.588	0.244	2.068	53680.0	30230.0	0.2657	1.0
beta_d_pr[1,6]	0.33	0.005213	0.9822	0.9854	-1.614	0.3409	2.227	35650.0	28430.0	0.1765	1.0
beta_d_pr[1,7]	-0.03245	0.004041	0.9908	0.9833	-1.996	-0.02906	1.908	60230.0	28830.0	0.2981	1.0
beta_d_pr[1,8]	-0.6116	0.004933	0.9701	0.9638	-2.462	-0.636	1.348	39160.0	30790.0	0.1939	1.0
beta_d_pr[1,9]	0.2851	0.005326	0.8306	0.825	-1.344	0.2815	1.914	24320.0	29010.0	0.1204	1.0
beta_d_pr[1,10]	-0.04042	0.004212	0.9554	0.9387	-1.921	-0.04269	1.837	51580.0	29930.0	0.2553	1.0
beta_d_pr[1,11]	-0.239	0.003941	0.882	0.873	-1.96	-0.2391	1.503	50250.0	29880.0	0.2487	1.0
beta_d_pr[1,12]	-0.06256	0.004391	0.9901	0.9888	-2.01	-0.06091	1.877	51020.0	29870.0	0.2525	1.0
beta_d_pr[1,13]	0.05776	0.004004	0.987	0.9816	-1.896	0.05498	1.993	60830.0	30880.0	0.3011	1.0
beta_d_pr[1,14]	-0.3011	0.00404	0.9491	0.9375	-2.159	-0.3014	1.563	55310.0	28920.0	0.2738	1.0
beta_d_pr[1,15]	-0.1183	0.004119	0.9476	0.9466	-1.947	-0.1239	1.762	52980.0	30630.0	0.2622	1.0
beta_d_pr[1,16]	0.3661	0.00476	0.8334	0.8287	-1.267	0.3697	1.996	30830.0	29850.0	0.1526	1.0
beta_d_pr[1,17]	0.01492	0.005075	0.9713	0.9637	-1.911	0.01501	1.938	36700.0	28370.0	0.1817	1.0
beta_d_pr[1,18]	0.1605	0.004118	0.9761	0.9811	-1.777	0.1673	2.04	56350.0	29730.0	0.2789	1.0
beta_d_pr[1,19]	0.06036	0.003945	0.9467	0.9373	-1.816	0.06427	1.927	57670.0	29420.0	0.2855	1.0
beta_d_pr[1,20]	-0.1987	0.005934	0.7591	0.748	-1.695	-0.2011	1.299	16440.0	25870.0	0.08137	1.0
beta_d_pr[1,21]	0.06569	0.004971	0.7719	0.7585	-1.43	0.05713	1.607	23940.0	26610.0	0.1185	1.0
beta_d_pr[1,22]	-0.1849	0.00429	0.9699	0.9619	-2.085	-0.1939	1.744	51350.0	28920.0	0.2542	1.0
beta_d_pr[1,23]	-0.1255	0.004718	0.9775	0.9772	-2.027	-0.1273	1.782	43180.0	29250.0	0.2137	1.0
beta_d_pr[1,24]	0.2844	0.004326	0.9728	0.9731	-1.626	0.2942	2.175	50700.0	30520.0	0.251	1.0
beta_d_pr[1,25]	-0.08178	0.004267	0.9751	0.9702	-1.987	-0.08127	1.833	52360.0	28810.0	0.2592	1.0
beta_d_pr[1,26]	-0.3892	0.005211	0.8021	0.784	-1.941	-0.3953	1.23	23680.0	27430.0	0.1172	1.0
beta_d_pr[1,27]	0.08901	0.004305	0.9644	0.9659	-1.813	0.09714	1.968	50380.0	28500.0	0.2494	1.0
beta_d_pr[1,28]	-0.3433	0.004481	0.9636	0.9598	-2.199	-0.3531	1.571	46330.0	29400.0	0.2293	1.0
beta_d_pr[1,29]	-0.3304	0.004321	0.8659	0.8574	-2.012	-0.3323	1.392	40340.0	29290.0	0.1997	1.0
beta_d_pr[1,30]	0.8787	0.005789	0.8438	0.832	-0.7963	0.8801	2.522	21290.0	27640.0	0.1054	1.0
beta_d_pr[1,31]	-0.1085	0.00413	0.9457	0.9447	-1.955	-0.1182	1.765	52570.0	30370.0	0.2602	1.0
beta_d_pr[1,32]	-0.7174	0.005451	0.7182	0.7048	-2.127	-0.7181	0.6932	17340.0	27160.0	0.08585	1.0
beta_d_pr[1,33]	-0.08313	0.004494	0.9668	0.9629	-1.991	-0.08427	1.809	46370.0	29070.0	0.2295	1.0
beta_d_pr[1,34]	-0.6803	0.005478	0.7787	0.7739	-2.195	-0.6934	0.8725	20300.0	29840.0	0.1005	1.0
beta_d_pr[1,35]	0.09361	0.004299	0.9805	0.9874	-1.829	0.09345	2.002	52020.0	31370.0	0.2575	1.0
beta_d_pr[1,36]	-0.5073	0.004285	0.9592	0.9553	-2.352	-0.5242	1.414	50380.0	30040.0	0.2494	1.0
beta_d_pr[1,37]	0.3447	0.004129	0.856	0.8425	-1.347	0.3431	2.039	43220.0	28600.0	0.2139	1.0
beta_d_pr[1,38]	0.8017	0.004583	0.8564	0.8383	-0.94	0.818	2.433	35250.0	26980.0	0.1745	1.0
beta_d_pr[1,39]	0.06224	0.004117	0.9842	0.9813	-1.87	0.06441	2.003	57230.0	29710.0	0.2833	1.0
beta_d_pr[1,40]	0.9659	0.004909	0.9565	0.9448	-0.9975	0.9989	2.768	38720.0	27160.0	0.1917	1.0
beta_d_pr[1,41]	0.1994	0.00421	0.9558	0.9565	-1.675	0.2055	2.058	51640.0	29200.0	0.2556	1.0
beta_d_pr[1,42]	-0.109	0.004012	0.9565	0.9538	-1.982	-0.1069	1.78	56940.0	30090.0	0.2818	1.0
beta_d_pr[1,43]	0.09447	0.004252	0.9917	1.003	-1.848	0.09302	2.025	54550.0	30580.0	0.27	1.0
beta_d_pr[1,44]	0.1081	0.004085	0.9933	0.9909	-1.835	0.1073	2.05	59120.0	31190.0	0.2926	1.0
beta_d_pr[1,45]	-0.06214	0.004052	0.9881	0.9897	-1.969	-0.06582	1.877	59500.0	29840.0	0.2945	1.0
beta_d_pr[1,46]	0.03893	0.004093	0.9916	0.989	-1.917	0.03625	1.974	58810.0	30540.0	0.2911	1.0
beta_d_pr[1,47]	-0.01946	0.004097	0.9935	0.991	-1.955	-0.01704	1.94	59070.0	30450.0	0.2924	1.0
beta_d_pr[1,48]	0.4237	0.00569	0.8118	0.7987	-1.166	0.4195	2.034	20460.0	27800.0	0.1013	1.0
beta_d_pr[1,49]	-0.6567	0.004673	0.996	1.003	-2.561	-0.6714	1.323	45650.0	30930.0	0.226	1.0
beta_d_pr[1,50]	-0.04477	0.004252	0.9989	1.007	-2.004	-0.04601	1.916	55300.0	28850.0	0.2737	1.0
beta_d_pr[1,51]	-0.1941	0.005747	0.9823	0.9789	-2.113	-0.1984	1.736	29380.0	29970.0	0.1454	1.0
beta_d_pr[1,52]	-0.119	0.004165	0.9417	0.943	-1.953	-0.1198	1.727	51280.0	28670.0	0.2539	1.0
beta_d_pr[1,53]	-0.05769	0.005149	0.9739	0.9731	-1.949	-0.06439	1.857	36100.0	27830.0	0.1787	1.0
beta_d_pr[1,54]	0.0813	0.004039	0.9234	0.9184	-1.742	0.08672	1.873	52380.0	29920.0	0.2593	1.0
beta_d_pr[1,55]	0.166	0.004026	0.9157	0.9058	-1.661	0.1762	1.949	51870.0	31020.0	0.2568	1.0
beta_d_pr[1,56]	0.2065	0.004227	0.964	0.9646	-1.705	0.2139	2.082	52200.0	30200.0	0.2584	1.0
beta_d_pr[1,57]	-0.3922	0.004529	0.9317	0.9266	-2.194	-0.3948	1.457	42790.0	30880.0	0.2118	1.0
beta_d_pr[1,58]	-0.07264	0.00405	0.9898	0.9868	-2.004	-0.08223	1.892	59920.0	29630.0	0.2966	1.0
beta_d_pr[1,59]	0.3643	0.003943	0.8759	0.8639	-1.413	0.3739	2.063	49590.0	30220.0	0.2454	1.0
beta_d_pr[1,60]	-0.7536	0.00447	0.8851	0.8797	-2.473	-0.7568	1.011	39250.0	30550.0	0.1943	1.0
beta_d_pr[1,61]	0.2013	0.005023	0.9855	0.9917	-1.719	0.2126	2.125	38640.0	29640.0	0.1913	1.0
beta_d_pr[1,62]	0.1464	0.00406	0.9765	0.9725	-1.778	0.1524	2.055	57950.0	30860.0	0.2869	1.0
beta_d_pr[1,63]	0.07923	0.004067	0.7836	0.7639	-1.477	0.08106	1.635	37240.0	28920.0	0.1843	1.0
beta_d_pr[1,64]	0.1601	0.004225	1.003	1.001	-1.804	0.1575	2.101	56400.0	29640.0	0.2792	1.0
beta_d_pr[1,65]	0.004554	0.004098	0.9957	0.9922	-1.936	0.009276	1.95	59150.0	30310.0	0.2928	1.0
beta_d_pr[1,66]	0.02236	0.004091	0.9789	0.98	-1.903	0.02507	1.954	57330.0	29960.0	0.2838	1.001
beta_d_pr[1,67]	-0.1206	0.004332	0.9913	0.9924	-2.056	-0.1211	1.828	52680.0	26840.0	0.2607	1.0
beta_d_pr[1,68]	-0.02532	0.004187	0.9914	0.9849	-1.97	-0.02781	1.916	56140.0	29560.0	0.2779	1.0
beta_d_pr[1,69]	-0.007748	0.004236	0.9885	0.977	-1.966	-0.006905	1.932	54610.0	29640.0	0.2703	1.0
beta_d_pr[1,70]	0.07616	0.005066	0.9776	0.9788	-1.834	0.07823	2.01	37490.0	29540.0	0.1856	1.0
beta_d_pr[1,71]	-0.1839	0.004197	0.9633	0.9647	-2.061	-0.1846	1.71	52780.0	31790.0	0.2612	1.0
beta_d_pr[1,72]	-0.0197	0.004275	0.9879	0.9906	-1.953	-0.01639	1.907	53570.0	29280.0	0.2652	1.0
beta_d_pr[1,73]	-0.7458	0.004565	0.897	0.8964	-2.454	-0.7624	1.057	38810.0	29000.0	0.1921	1.0
beta_d_pr[1,74]	-0.07914	0.004092	0.9818	0.9804	-2.011	-0.07866	1.846	57600.0	29970.0	0.2851	1.0
beta_d_pr[1,75]	0.1154	0.004337	0.9868	0.992	-1.821	0.1109	2.062	51850.0	31140.0	0.2566	1.0
beta_d_pr[1,76]	0.1072	0.004052	0.9586	0.9571	-1.784	0.1078	1.976	56060.0	29850.0	0.2775	1.0
beta_d_pr[1,77]	0.08952	0.004277	0.862	0.851	-1.617	0.09097	1.785	40630.0	30360.0	0.2011	1.0
beta_d_pr[1,78]	-0.4514	0.006086	0.7011	0.6959	-1.845	-0.4436	0.9097	13280.0	24570.0	0.06576	1.0
beta_d_pr[1,79]	0.2389	0.0049	0.6597	0.6523	-1.057	0.2366	1.543	18140.0	28540.0	0.08977	1.0
beta_d_pr[1,80]	-0.07613	0.004256	0.9352	0.9329	-1.914	-0.07714	1.752	48390.0	30770.0	0.2395	1.0
beta_d_pr[1,81]	-0.4482	0.004467	0.8975	0.8987	-2.215	-0.4478	1.319	40600.0	28370.0	0.2009	1.0
beta_d_pr[1,82]	0.005696	0.004466	0.9764	0.9791	-1.906	0.005913	1.914	48670.0	29630.0	0.2409	1.0
beta_d_pr[1,83]	0.474	0.004454	0.7372	0.7201	-0.9694	0.4786	1.92	27450.0	28630.0	0.1359	1.0
beta_d_pr[1,84]	0.2804	0.004482	0.9929	0.9935	-1.665	0.2808	2.215	49220.0	28290.0	0.2436	1.0
beta_d_pr[1,85]	-0.1959	0.004074	0.8847	0.8782	-1.938	-0.1965	1.544	47360.0	28370.0	0.2344	1.0
beta_d_pr[1,86]	0.4917	0.004371	0.9437	0.935	-1.396	0.5036	2.313	46970.0	28510.0	0.2325	1.0
beta_d_pr[1,87]	-0.02554	0.00437	0.9702	0.9749	-1.932	-0.03097	1.862	49510.0	28730.0	0.2451	1.0
beta_d_pr[1,88]	0.0573	0.004117	1.014	1.014	-1.925	0.05915	2.032	60840.0	29120.0	0.3012	1.0
beta_d_pr[1,89]	0.4674	0.004615	0.8025	0.7879	-1.147	0.4801	2.018	30390.0	28430.0	0.1505	1.0
beta_d_pr[1,90]	-0.1094	0.004212	0.988	0.9926	-2.039	-0.1112	1.836	55100.0	29400.0	0.2727	1.0
beta_d_pr[1,91]	0.2252	0.00408	0.9854	0.9865	-1.706	0.2225	2.149	58400.0	30040.0	0.2891	1.0
beta_d_pr[1,92]	-0.1135	0.004799	0.9702	0.9675	-2.023	-0.1164	1.782	41070.0	29290.0	0.2033	1.0
beta_d_pr[1,93]	-0.09529	0.004745	0.9627	0.9654	-1.967	-0.09322	1.791	41520.0	30730.0	0.2055	1.0
beta_d_pr[1,94]	-0.1275	0.005427	0.9731	0.9676	-2.031	-0.1326	1.783	32240.0	27880.0	0.1596	1.0
beta_d_pr[1,95]	0.04663	0.004962	0.9769	0.9713	-1.87	0.05324	1.973	38950.0	27670.0	0.1928	1.0
beta_d_pr[1,96]	-0.1166	0.004028	0.9373	0.933	-1.964	-0.1128	1.703	54270.0	29880.0	0.2686	1.0
beta_d_pr[1,97]	0.03118	0.004017	0.9445	0.9417	-1.812	0.03199	1.881	55350.0	30550.0	0.274	1.0
beta_d_pr[1,98]	0.3216	0.004081	0.9051	0.8965	-1.484	0.3271	2.09	49400.0	30280.0	0.2445	1.0
beta_d_pr[1,99]	-0.06197	0.004339	0.9519	0.944	-1.922	-0.05868	1.824	48250.0	30340.0	0.2388	1.0
beta_d_pr[1,100]	-0.1594	0.003908	0.8884	0.8819	-1.909	-0.1592	1.603	51800.0	30570.0	0.2564	1.0
beta_d_pr[1,101]	-0.8481	0.004778	0.9415	0.9282	-2.649	-0.8705	1.055	39410.0	27580.0	0.1951	1.0
beta_d_pr[1,102]	0.05417	0.004261	0.9856	0.9816	-1.903	0.05983	1.992	53640.0	28270.0	0.2655	1.0
beta_d_pr[1,103]	-0.4005	0.004934	0.6616	0.6445	-1.722	-0.3987	0.8914	18040.0	26940.0	0.08929	1.0
beta_d_pr[1,104]	0.7589	0.004725	0.778	0.7617	-0.784	0.7626	2.294	27230.0	27560.0	0.1348	1.0
beta_d_pr[1,105]	0.005292	0.005243	0.9687	0.9726	-1.878	0.005142	1.916	34400.0	27330.0	0.1703	1.0
beta_d_pr[1,106]	-0.6546	0.004416	0.8588	0.844	-2.329	-0.6639	1.048	38020.0	28650.0	0.1882	1.0
beta_d_pr[1,107]	0.9471	0.004942	0.7968	0.7818	-0.6185	0.9492	2.508	26040.0	28690.0	0.1289	1.0
beta_d_pr[1,108]	-0.4913	0.004409	0.9718	0.9664	-2.367	-0.501	1.473	48970.0	30060.0	0.2424	1.0
beta_d_pr[1,109]	-0.03215	0.004403	0.9703	0.9719	-1.919	-0.03959	1.879	49020.0	29760.0	0.2426	1.0
beta_d_pr[1,110]	-0.6532	0.004633	0.8597	0.8464	-2.342	-0.6567	1.07	34500.0	28280.0	0.1708	1.0
beta_d_pr[1,111]	-0.04064	0.004118	0.9797	0.9742	-1.954	-0.03784	1.885	56780.0	29940.0	0.2811	1.0
beta_d_pr[1,112]	-0.718	0.004847	0.7968	0.7876	-2.273	-0.7219	0.8509	27070.0	30220.0	0.134	1.0
beta_d_pr[1,113]	-0.1509	0.004312	0.9418	0.938	-2.011	-0.1551	1.708	47800.0	28640.0	0.2366	1.0
beta_d_pr[1,114]	-0.3434	0.004714	0.9353	0.9248	-2.155	-0.3521	1.519	39640.0	28450.0	0.1962	1.0
beta_d_pr[1,115]	1.006	0.004638	0.7481	0.7326	-0.4774	1.006	2.481	26110.0	26670.0	0.1292	1.0
beta_d_pr[1,116]	-0.2671	0.004346	0.9615	0.959	-2.148	-0.2726	1.63	49030.0	30430.0	0.2427	1.0
beta_d_pr[1,117]	-0.2771	0.004442	0.9678	0.9683	-2.129	-0.2876	1.636	47700.0	31940.0	0.2361	1.0
beta_d_pr[1,118]	0.2264	0.004301	0.9714	0.9644	-1.703	0.2366	2.122	51150.0	29370.0	0.2532	1.0
beta_d_pr[1,119]	1.388	0.004683	0.8802	0.8602	-0.4307	1.414	3.05	36560.0	27040.0	0.181	1.0
beta_d_pr[1,120]	0.2761	0.004559	0.9933	0.9961	-1.695	0.2809	2.194	47720.0	28100.0	0.2362	1.0
beta_d_pr[1,121]	-0.0298	0.004039	0.964	0.9798	-1.921	-0.03092	1.86	57060.0	29850.0	0.2825	1.0
beta_d_pr[1,122]	-0.1727	0.004057	0.957	0.9524	-2.04	-0.1736	1.711	55780.0	30460.0	0.2761	1.0
beta_d_pr[1,123]	-0.08604	0.004536	0.9792	0.9883	-2.0	-0.08013	1.821	46890.0	29850.0	0.2321	1.0
beta_d_pr[1,124]	-0.07502	0.004591	0.7617	0.7447	-1.571	-0.07669	1.433	27540.0	28900.0	0.1363	1.0
beta_d_pr[1,125]	0.2934	0.00474	0.7686	0.757	-1.221	0.2937	1.804	26470.0	27210.0	0.131	1.0
beta_d_pr[1,126]	1.265	0.004829	0.7393	0.7236	-0.1983	1.266	2.719	23440.0	26120.0	0.116	1.0
beta_d_pr[1,127]	-0.1728	0.003857	0.8696	0.8565	-1.874	-0.1765	1.553	50930.0	30410.0	0.2521	1.0
beta_d_pr[1,128]	0.165	0.004315	0.931	0.9271	-1.659	0.1674	1.982	46710.0	30050.0	0.2312	1.0
beta_d_pr[1,129]	-0.2041	0.004699	0.6471	0.6386	-1.485	-0.2025	1.063	18890.0	29180.0	0.09349	1.0
beta_d_pr[1,130]	0.1542	0.005637	0.9699	0.9675	-1.759	0.1574	2.062	29750.0	27700.0	0.1472	1.0
beta_d_pr[1,131]	-0.1179	0.005068	0.9652	0.9633	-2.005	-0.1193	1.778	36470.0	29910.0	0.1805	1.0
beta_d_pr[1,132]	-0.3422	0.004283	0.9318	0.9264	-2.158	-0.3442	1.505	47610.0	29090.0	0.2356	1.0
beta_d_pr[1,133]	-0.2696	0.004301	1.002	1.011	-2.224	-0.2704	1.69	54340.0	29810.0	0.269	1.0
beta_d_pr[1,134]	0.1813	0.004641	0.7728	0.757	-1.328	0.1819	1.697	27680.0	29990.0	0.137	1.0
beta_d_pr[1,135]	-0.6205	0.004417	0.9444	0.9333	-2.416	-0.6378	1.297	46200.0	29480.0	0.2287	1.0
beta_d_pr[1,136]	0.01084	0.004001	0.9757	0.9828	-1.9	0.0141	1.919	59530.0	28640.0	0.2946	1.0
beta_d_pr[1,137]	0.1865	0.004392	0.8656	0.8567	-1.55	0.2017	1.851	39190.0	30340.0	0.194	1.0
beta_d_pr[1,138]	-0.008442	0.004169	0.9489	0.9402	-1.88	-0.01017	1.856	51880.0	30270.0	0.2568	1.0
beta_d_pr[1,139]	0.2314	0.004426	0.9752	0.9844	-1.683	0.2329	2.121	48860.0	29630.0	0.2418	1.0
beta_d_pr[1,140]	-0.01834	0.004364	0.9818	0.9806	-1.947	-0.02447	1.918	50770.0	30440.0	0.2513	1.0
beta_d_pr[1,141]	-0.3636	0.004656	0.965	0.9699	-2.252	-0.3651	1.535	43160.0	30900.0	0.2136	1.0
beta_d_pr[2,1]	-0.598	0.003791	0.7377	0.7281	-2.063	-0.5918	0.8548	38010.0	29750.0	0.1881	1.0
beta_d_pr[2,2]	-0.976	0.003981	0.8376	0.827	-2.605	-0.9836	0.6833	44350.0	30850.0	0.2195	1.0
beta_d_pr[2,3]	-0.006492	0.003669	0.7267	0.7051	-1.466	-0.003954	1.412	39410.0	28860.0	0.1951	1.0
beta_d_pr[2,4]	2.214	0.009585	0.858	0.8463	0.4708	2.23	3.853	8014.0	22470.0	0.03967	1.0
beta_d_pr[2,5]	-0.6593	0.005573	0.78	0.7533	-2.16	-0.6714	0.9293	19830.0	27800.0	0.09813	1.0
beta_d_pr[2,6]	1.091	0.007148	0.7549	0.731	-0.4312	1.099	2.559	11290.0	21310.0	0.05588	1.0
beta_d_pr[2,7]	-1.517	0.01977	0.9518	1.002	-3.349	-1.523	0.3005	2353.0	11770.0	0.01164	1.001
beta_d_pr[2,8]	-1.113	0.005978	0.5662	0.5667	-2.233	-1.11	-0.005235	8950.0	23210.0	0.0443	1.0
beta_d_pr[2,9]	-0.4778	0.003806	0.7694	0.756	-1.982	-0.4823	1.039	40940.0	30140.0	0.2027	1.0
beta_d_pr[2,10]	0.05419	0.006224	0.7985	0.7716	-1.528	0.05682	1.634	16620.0	25310.0	0.08227	1.0
beta_d_pr[2,11]	-0.4893	0.005842	0.671	0.6466	-1.848	-0.4788	0.8079	13160.0	23190.0	0.06516	1.0
beta_d_pr[2,12]	-0.1767	0.008953	0.9622	0.9544	-2.048	-0.1813	1.749	11650.0	23600.0	0.05766	1.0
beta_d_pr[2,13]	0.2087	0.009055	0.8532	0.8524	-1.504	0.2258	1.836	8928.0	26820.0	0.04419	1.0
beta_d_pr[2,14]	-0.2703	0.007955	0.6272	0.6291	-1.496	-0.2738	0.9544	6226.0	18070.0	0.03082	1.0
beta_d_pr[2,15]	0.07839	0.003662	0.7507	0.7326	-1.423	0.08055	1.54	42130.0	29050.0	0.2085	1.0
beta_d_pr[2,16]	0.2582	0.00414	0.6813	0.6699	-1.077	0.2599	1.602	27120.0	29810.0	0.1342	1.0
beta_d_pr[2,17]	-0.8283	0.008319	0.7889	0.7701	-2.379	-0.828	0.7433	9012.0	21900.0	0.04461	1.0
beta_d_pr[2,18]	-0.5142	0.007096	0.7198	0.7137	-1.92	-0.5171	0.9063	10290.0	24040.0	0.05094	1.0
beta_d_pr[2,19]	-1.097	0.006238	0.7204	0.7206	-2.52	-1.099	0.3048	13390.0	27080.0	0.06627	1.0
beta_d_pr[2,20]	-0.1297	0.004795	0.7117	0.7081	-1.524	-0.1286	1.262	21960.0	29780.0	0.1087	1.0
beta_d_pr[2,21]	-0.6293	0.003447	0.6925	0.6708	-2.001	-0.631	0.7401	40500.0	29790.0	0.2005	0.9999
beta_d_pr[2,22]	-0.3612	0.004858	0.7526	0.7378	-1.867	-0.3552	1.104	24220.0	27680.0	0.1199	1.0
beta_d_pr[2,23]	-0.4602	0.007382	0.6873	0.6844	-1.786	-0.4725	0.9183	8763.0	24690.0	0.04338	1.0
beta_d_pr[2,24]	0.3739	0.01079	0.9272	0.9175	-1.472	0.384	2.192	7398.0	20840.0	0.03662	1.0
beta_d_pr[2,25]	-0.008204	0.004171	0.9161	0.906	-1.805	-0.008033	1.805	48360.0	29980.0	0.2394	1.0
beta_d_pr[2,26]	-1.392	0.003935	0.6891	0.6807	-2.749	-1.391	-0.0458	30650.0	29930.0	0.1517	1.0
beta_d_pr[2,27]	0.006275	0.01066	0.5999	0.6144	-1.155	0.001801	1.169	3185.0	14020.0	0.01577	1.001
beta_d_pr[2,28]	0.4684	0.005561	0.7232	0.706	-0.9503	0.4628	1.904	16980.0	28880.0	0.08406	1.0
beta_d_pr[2,29]	0.3342	0.00763	0.8266	0.8097	-1.315	0.3437	1.958	11860.0	25370.0	0.05871	1.0
beta_d_pr[2,30]	-1.24	0.01355	0.8362	0.8557	-2.872	-1.239	0.3678	3819.0	14650.0	0.0189	1.001
beta_d_pr[2,31]	0.1927	0.004579	0.6335	0.6215	-1.05	0.1919	1.441	18920.0	28940.0	0.09363	1.0
beta_d_pr[2,32]	0.7928	0.01155	0.8882	0.8754	-1.018	0.8151	2.48	5929.0	17490.0	0.02935	1.001
beta_d_pr[2,33]	0.0158	0.01356	0.9375	0.9263	-1.829	0.01751	1.848	4788.0	17570.0	0.0237	1.0
beta_d_pr[2,34]	0.6849	0.00391	0.6463	0.6409	-0.5644	0.6847	1.958	27240.0	30720.0	0.1348	1.0
beta_d_pr[2,35]	0.14	0.004206	0.8408	0.8302	-1.514	0.1417	1.795	40380.0	30570.0	0.1999	1.0
beta_d_pr[2,36]	0.2085	0.003605	0.715	0.6953	-1.193	0.2068	1.631	39810.0	31240.0	0.197	1.0
beta_d_pr[2,37]	-0.3545	0.003337	0.6516	0.6316	-1.638	-0.3593	0.9506	38540.0	28340.0	0.1908	1.0
beta_d_pr[2,38]	0.6427	0.003665	0.6196	0.6123	-0.5703	0.6427	1.868	28570.0	27580.0	0.1414	1.0
beta_d_pr[2,39]	-0.2995	0.004129	0.9058	0.9076	-2.07	-0.3039	1.495	48200.0	30330.0	0.2386	1.0
beta_d_pr[2,40]	0.932	0.003197	0.596	0.5819	-0.2409	0.9254	2.13	34820.0	29060.0	0.1724	1.0
beta_d_pr[2,41]	-1.209	0.00483	0.726	0.7105	-2.644	-1.202	0.215	22810.0	27890.0	0.1129	1.0
beta_d_pr[2,42]	0.3071	0.009956	0.7305	0.7372	-1.117	0.3079	1.734	5384.0	18430.0	0.02665	1.0
beta_d_pr[2,43]	-0.0142	0.009809	0.7545	0.7652	-1.491	-0.01443	1.449	5944.0	19300.0	0.02942	1.001
beta_d_pr[2,44]	-0.1566	0.01017	0.9697	0.9682	-2.047	-0.1565	1.768	9140.0	19830.0	0.04524	1.0
beta_d_pr[2,45]	0.2066	0.01378	0.7524	0.7753	-1.241	0.1977	1.663	3011.0	14020.0	0.0149	1.001
beta_d_pr[2,46]	0.3739	0.01925	1.003	1.041	-1.528	0.3598	2.327	2742.0	12360.0	0.01357	1.001
beta_d_pr[2,47]	-0.4849	0.02236	1.048	1.087	-2.525	-0.4732	1.507	2223.0	10740.0	0.011	1.001
beta_d_pr[2,48]	-0.7515	0.00673	0.7053	0.7058	-2.125	-0.7548	0.6466	11080.0	26490.0	0.05482	1.0
beta_d_pr[2,49]	-0.4749	0.007586	0.6414	0.6451	-1.718	-0.4781	0.7822	7142.0	22380.0	0.03535	1.0
beta_d_pr[2,50]	0.0668	0.004197	0.9897	0.9888	-1.901	0.07148	1.996	55690.0	28110.0	0.2757	1.0
beta_d_pr[2,51]	-0.3758	0.005331	0.9337	0.9338	-2.189	-0.3845	1.483	31140.0	27790.0	0.1541	1.0
beta_d_pr[2,52]	0.1644	0.003818	0.6814	0.6693	-1.189	0.1694	1.498	31900.0	29470.0	0.1579	1.0
beta_d_pr[2,53]	-1.076	0.008552	0.6868	0.6822	-2.447	-1.062	0.242	6427.0	17400.0	0.03181	1.001
beta_d_pr[2,54]	-0.2159	0.006235	0.7306	0.7041	-1.648	-0.2248	1.261	13870.0	27110.0	0.06868	1.0
beta_d_pr[2,55]	0.3718	0.003862	0.5347	0.5353	-0.6644	0.3682	1.434	19280.0	30270.0	0.09545	1.0
beta_d_pr[2,56]	0.672	0.00488	0.7869	0.7656	-0.9439	0.6884	2.183	26550.0	25700.0	0.1314	1.0
beta_d_pr[2,57]	0.3637	0.00588	0.6582	0.632	-0.9392	0.3582	1.671	12630.0	26850.0	0.06253	1.0
beta_d_pr[2,58]	-0.0636	0.005024	0.9598	0.9521	-1.94	-0.06841	1.828	36940.0	28370.0	0.1829	1.0
beta_d_pr[2,59]	0.3351	0.01143	0.857	0.8445	-1.393	0.3498	1.981	5643.0	19440.0	0.02793	1.0
beta_d_pr[2,60]	-0.1122	0.004109	0.6454	0.6324	-1.414	-0.102	1.12	24550.0	28340.0	0.1215	1.0
beta_d_pr[2,61]	0.5537	0.01297	0.8931	0.8858	-1.243	0.5662	2.273	4754.0	17180.0	0.02353	1.0
beta_d_pr[2,62]	0.6652	0.004556	0.8583	0.8523	-1.056	0.6781	2.317	35890.0	30140.0	0.1776	1.0
beta_d_pr[2,63]	-0.3107	0.004008	0.7057	0.6791	-1.721	-0.3078	1.087	31510.0	28920.0	0.156	1.0
beta_d_pr[2,64]	1.139	0.01874	0.9432	0.9873	-0.6465	1.129	2.966	2575.0	12400.0	0.01275	1.001
beta_d_pr[2,65]	0.02034	0.004489	0.9508	0.942	-1.85	0.02313	1.888	45240.0	30320.0	0.2239	1.0
beta_d_pr[2,66]	0.5274	0.004098	0.8536	0.8487	-1.164	0.5296	2.213	43480.0	31590.0	0.2152	1.0
beta_d_pr[2,67]	-0.3108	0.008171	0.9652	0.9482	-2.184	-0.3242	1.612	14090.0	25470.0	0.06972	1.0
beta_d_pr[2,68]	0.1522	0.004211	0.9494	0.9499	-1.713	0.1527	2.0	50960.0	30600.0	0.2523	1.0
beta_d_pr[2,69]	0.3064	0.006184	0.8169	0.8155	-1.301	0.313	1.898	17500.0	26180.0	0.08664	1.0
beta_d_pr[2,70]	0.2147	0.003966	0.7543	0.7421	-1.259	0.2099	1.716	36290.0	29070.0	0.1797	0.9999
beta_d_pr[2,71]	0.1341	0.004545	0.8473	0.8387	-1.539	0.1424	1.78	35000.0	29130.0	0.1733	1.0
beta_d_pr[2,72]	0.6778	0.004124	0.8747	0.8644	-1.073	0.6857	2.365	45040.0	30580.0	0.2229	1.0
beta_d_pr[2,73]	-0.3766	0.007615	0.8433	0.8283	-2.019	-0.3807	1.292	12430.0	22950.0	0.06152	1.0
beta_d_pr[2,74]	-0.3719	0.007024	0.7605	0.7613	-1.854	-0.3765	1.128	11750.0	23490.0	0.05814	1.0
beta_d_pr[2,75]	2.225	0.007901	0.9036	0.8936	0.3951	2.247	3.951	13090.0	28750.0	0.06478	1.0
beta_d_pr[2,76]	0.5951	0.004985	0.6483	0.6431	-0.658	0.5944	1.879	16930.0	27520.0	0.08379	1.0
beta_d_pr[2,77]	-0.2827	0.003414	0.6992	0.6938	-1.662	-0.2751	1.063	41990.0	30470.0	0.2078	1.0
beta_d_pr[2,78]	0.2914	0.003274	0.651	0.6416	-0.9949	0.2912	1.553	39640.0	30730.0	0.1962	1.0
beta_d_pr[2,79]	0.04835	0.007181	0.7505	0.7213	-1.459	0.05243	1.53	11000.0	22520.0	0.05447	1.0
beta_d_pr[2,80]	0.443	0.006771	0.6923	0.6704	-0.9328	0.4405	1.816	10550.0	23230.0	0.05222	1.0
beta_d_pr[2,81]	1.084	0.003984	0.7394	0.7169	-0.398	1.087	2.527	34840.0	29600.0	0.1724	1.0
beta_d_pr[2,82]	-0.4634	0.008543	0.7158	0.7178	-1.859	-0.4658	0.9511	7055.0	23590.0	0.03492	1.0
beta_d_pr[2,83]	0.02262	0.00764	0.7479	0.7279	-1.453	0.02629	1.516	9578.0	23090.0	0.04741	1.0
beta_d_pr[2,84]	1.094	0.007095	0.7734	0.7646	-0.4547	1.101	2.579	11770.0	23730.0	0.05828	1.0
beta_d_pr[2,85]	0.5883	0.004156	0.6277	0.6171	-0.6639	0.5933	1.813	22800.0	29130.0	0.1129	1.0
beta_d_pr[2,86]	-0.5073	0.00956	0.8277	0.8065	-2.153	-0.5055	1.12	7504.0	18810.0	0.03714	1.0
beta_d_pr[2,87]	0.1787	0.007255	0.8964	0.8823	-1.595	0.1894	1.936	15250.0	27640.0	0.0755	1.0
beta_d_pr[2,88]	0.07234	0.00418	0.9763	0.9772	-1.849	0.06765	1.984	54660.0	29080.0	0.2706	1.0
beta_d_pr[2,89]	-0.04477	0.003571	0.6942	0.6818	-1.436	-0.03652	1.287	37990.0	30960.0	0.1881	1.0
beta_d_pr[2,90]	-0.9098	0.01457	0.8256	0.8486	-2.52	-0.9087	0.6804	3236.0	14140.0	0.01602	1.0
beta_d_pr[2,91]	0.1845	0.0098	0.9558	0.9487	-1.7	0.1833	2.05	9524.0	22710.0	0.04714	1.0
beta_d_pr[2,92]	-0.1611	0.003895	0.6674	0.6545	-1.509	-0.146	1.12	29510.0	29490.0	0.1461	1.0
beta_d_pr[2,93]	0.6144	0.009164	0.6333	0.6366	-0.5999	0.6041	1.876	4777.0	17570.0	0.02365	1.001
beta_d_pr[2,94]	-1.272	0.005827	0.7157	0.6953	-2.691	-1.262	0.1378	15120.0	23160.0	0.07485	1.0
beta_d_pr[2,95]	-0.1044	0.003246	0.6269	0.6104	-1.353	-0.09992	1.128	37430.0	30010.0	0.1853	1.0
beta_d_pr[2,96]	0.859	0.003459	0.7147	0.701	-0.5799	0.864	2.245	42970.0	30020.0	0.2127	1.0
beta_d_pr[2,97]	-1.032	0.008149	0.6354	0.6381	-2.263	-1.037	0.2261	6130.0	19650.0	0.03034	1.0
beta_d_pr[2,98]	-0.1629	0.008863	0.8021	0.7788	-1.776	-0.1564	1.41	8155.0	19570.0	0.04037	1.0
beta_d_pr[2,99]	0.0739	0.0031	0.6046	0.5973	-1.105	0.07037	1.269	38180.0	29940.0	0.189	1.0
beta_d_pr[2,100]	0.6045	0.005062	0.6303	0.6243	-0.6247	0.6004	1.859	15430.0	28570.0	0.07636	1.0
beta_d_pr[2,101]	-0.5842	0.003223	0.6191	0.6091	-1.848	-0.5686	0.5914	37340.0	29290.0	0.1848	1.0
beta_d_pr[2,102]	-0.473	0.004899	0.8726	0.8725	-2.153	-0.4781	1.25	31980.0	28840.0	0.1583	1.0
beta_d_pr[2,103]	-1.005	0.008062	0.7593	0.7415	-2.502	-1.009	0.507	8881.0	19730.0	0.04396	1.0
beta_d_pr[2,104]	0.2196	0.003193	0.6629	0.6425	-1.095	0.2208	1.529	43360.0	27870.0	0.2146	1.0
beta_d_pr[2,105]	0.5084	0.00477	0.6347	0.6169	-0.7406	0.505	1.767	17740.0	26450.0	0.08782	1.0
beta_d_pr[2,106]	0.2442	0.007088	0.7839	0.7678	-1.303	0.2441	1.783	12270.0	22890.0	0.06075	1.0
beta_d_pr[2,107]	-0.2857	0.007329	0.8197	0.804	-1.905	-0.2889	1.329	12570.0	23420.0	0.06222	1.0
beta_d_pr[2,108]	-0.6249	0.003551	0.701	0.6916	-2.007	-0.6259	0.7542	39190.0	29250.0	0.194	1.0
beta_d_pr[2,109]	0.509	0.003758	0.7451	0.7251	-0.9685	0.5087	1.995	39500.0	30210.0	0.1955	1.0
beta_d_pr[2,110]	0.4882	0.003593	0.709	0.6937	-0.9044	0.4898	1.896	39110.0	29280.0	0.1936	1.0
beta_d_pr[2,111]	0.5341	0.004099	0.8865	0.8772	-1.243	0.5409	2.254	46830.0	32500.0	0.2318	1.0
beta_d_pr[2,112]	0.05389	0.004398	0.7759	0.7625	-1.498	0.06042	1.581	31450.0	25930.0	0.1557	0.9999
beta_d_pr[2,113]	-0.6441	0.008649	0.7558	0.743	-2.147	-0.6437	0.8408	7629.0	20910.0	0.03777	1.001
beta_d_pr[2,114]	0.297	0.004056	0.686	0.6723	-1.064	0.2966	1.651	28350.0	29450.0	0.1403	1.0
beta_d_pr[2,115]	0.1134	0.003808	0.7498	0.7345	-1.366	0.1197	1.574	38870.0	30200.0	0.1924	1.0
beta_d_pr[2,116]	1.337	0.01073	0.623	0.6344	0.1281	1.338	2.551	3394.0	11430.0	0.0168	1.001
beta_d_pr[2,117]	-0.3821	0.003597	0.7204	0.7077	-1.802	-0.3821	1.024	40280.0	30550.0	0.1994	1.0
beta_d_pr[2,118]	0.2763	0.007214	0.6795	0.6814	-1.057	0.2765	1.611	8879.0	23270.0	0.04395	1.0
beta_d_pr[2,119]	-0.3963	0.003592	0.5813	0.575	-1.532	-0.3965	0.7493	26230.0	29940.0	0.1298	1.0
beta_d_pr[2,120]	0.06359	0.00728	0.6927	0.6935	-1.283	0.06059	1.432	9086.0	25020.0	0.04497	1.0
beta_d_pr[2,121]	-0.4278	0.005236	0.7951	0.7771	-2.01	-0.4215	1.12	23240.0	25940.0	0.115	1.0
beta_d_pr[2,122]	-0.9866	0.003883	0.7464	0.7337	-2.441	-0.9867	0.4869	36980.0	29530.0	0.183	1.0
beta_d_pr[2,123]	0.2743	0.007008	0.8604	0.8421	-1.405	0.2725	1.997	15140.0	23080.0	0.07493	1.0
beta_d_pr[2,124]	-0.1806	0.01036	0.8308	0.8168	-1.814	-0.1885	1.479	6424.0	16410.0	0.0318	1.0
beta_d_pr[2,125]	-0.1687	0.00343	0.6836	0.6675	-1.522	-0.1658	1.187	39930.0	30440.0	0.1976	1.0
beta_d_pr[2,126]	0.1449	0.003724	0.6984	0.6791	-1.27	0.1523	1.493	35400.0	27550.0	0.1752	1.0
beta_d_pr[2,127]	0.2851	0.003174	0.6124	0.5983	-0.9226	0.2876	1.494	37410.0	29280.0	0.1852	1.0
beta_d_pr[2,128]	0.3613	0.007393	0.6943	0.6719	-1.016	0.3577	1.742	8794.0	23910.0	0.04353	1.0
beta_d_pr[2,129]	0.3236	0.008506	0.7759	0.7543	-1.227	0.3237	1.852	8328.0	21330.0	0.04122	1.001
beta_d_pr[2,130]	0.5719	0.01355	0.8778	0.8515	-1.247	0.5911	2.236	4187.0	13940.0	0.02072	1.001
beta_d_pr[2,131]	0.05954	0.0191	1.009	1.022	-1.889	0.05723	2.033	2806.0	11530.0	0.01389	1.001
beta_d_pr[2,132]	-0.5161	0.01139	0.8168	0.8024	-2.132	-0.5166	1.088	5140.0	17150.0	0.02544	1.0
beta_d_pr[2,133]	-0.2938	0.008082	0.9629	0.9629	-2.181	-0.3005	1.583	14230.0	26670.0	0.07042	1.0
beta_d_pr[2,134]	-0.1189	0.003719	0.6618	0.6497	-1.414	-0.1184	1.194	31800.0	30920.0	0.1574	1.0
beta_d_pr[2,135]	-0.7157	0.005187	0.7932	0.7716	-2.273	-0.7204	0.8634	23730.0	27390.0	0.1174	1.0
beta_d_pr[2,136]	0.6401	0.008005	0.6867	0.6855	-0.695	0.6407	1.987	7347.0	25450.0	0.03637	1.001
beta_d_pr[2,137]	-1.365	0.003427	0.7026	0.692	-2.764	-1.361	0.003275	42160.0	30230.0	0.2087	1.0
beta_d_pr[2,138]	0.1916	0.005574	0.7211	0.7114	-1.24	0.197	1.589	16780.0	29770.0	0.08307	1.0
beta_d_pr[2,139]	1.202	0.004687	0.7847	0.758	-0.4019	1.224	2.704	28780.0	26040.0	0.1425	1.0
beta_d_pr[2,140]	0.1917	0.01028	0.6315	0.6474	-1.015	0.1879	1.434	3788.0	14820.0	0.01875	1.0
beta_d_pr[2,141]	0.2213	0.005604	0.7623	0.7388	-1.259	0.2145	1.755	18700.0	26380.0	0.09255	1.0
beta_d_pr[3,1]	-0.05934	0.003403	0.6068	0.5971	-1.255	-0.05704	1.143	31860.0	30360.0	0.1577	1.0
beta_d_pr[3,2]	-0.5574	0.007869	0.9209	0.9182	-2.328	-0.5731	1.289	13860.0	22660.0	0.06859	1.0
beta_d_pr[3,3]	0.5058	0.005753	0.7431	0.739	-0.93	0.492	1.994	16770.0	25300.0	0.08299	1.0
beta_d_pr[3,4]	0.4572	0.00602	0.8947	0.8848	-1.409	0.4992	2.096	22350.0	26520.0	0.1106	1.0
beta_d_pr[3,5]	-0.1327	0.004914	0.6903	0.6807	-1.498	-0.128	1.223	19740.0	29240.0	0.09771	1.0
beta_d_pr[3,6]	-0.1333	0.003041	0.6148	0.6057	-1.332	-0.1362	1.093	41020.0	29780.0	0.203	1.0
beta_d_pr[3,7]	-0.5559	0.01972	1.006	1.032	-2.432	-0.5872	1.457	2628.0	11270.0	0.01301	1.002
beta_d_pr[3,8]	-1.371	0.002965	0.6352	0.6263	-2.631	-1.367	-0.1314	45970.0	30550.0	0.2275	1.0
beta_d_pr[3,9]	0.4881	0.004785	0.6532	0.6473	-0.7791	0.4842	1.78	18770.0	28330.0	0.09292	1.0
beta_d_pr[3,10]	-0.5175	0.003647	0.6959	0.6857	-1.887	-0.5163	0.8595	36490.0	29890.0	0.1806	1.0
beta_d_pr[3,11]	-0.09657	0.004713	0.6783	0.6696	-1.426	-0.0952	1.237	20800.0	27900.0	0.103	1.0
beta_d_pr[3,12]	0.4082	0.005906	0.9482	0.9474	-1.45	0.4151	2.245	26040.0	26240.0	0.1289	1.0
beta_d_pr[3,13]	1.536	0.01038	0.957	0.9561	-0.3951	1.556	3.362	8560.0	21540.0	0.04237	1.001
beta_d_pr[3,14]	-0.5929	0.003211	0.6054	0.5959	-1.789	-0.586	0.5887	35880.0	30930.0	0.1776	1.0
beta_d_pr[3,15]	-0.4625	0.003545	0.6411	0.6333	-1.723	-0.4617	0.8059	32840.0	30600.0	0.1626	1.0
beta_d_pr[3,16]	0.3769	0.005228	0.6379	0.6301	-0.8638	0.3734	1.644	14890.0	26590.0	0.0737	1.0
beta_d_pr[3,17]	0.293	0.009248	0.7787	0.7795	-1.24	0.2944	1.814	7144.0	19410.0	0.03536	1.0
beta_d_pr[3,18]	0.8868	0.006644	0.6776	0.675	-0.4317	0.8807	2.222	10510.0	28080.0	0.05203	1.0
beta_d_pr[3,19]	-0.05656	0.002953	0.6165	0.6113	-1.281	-0.05667	1.152	43620.0	30150.0	0.2159	1.0
beta_d_pr[3,20]	0.2397	0.004303	0.6331	0.6222	-0.9771	0.2317	1.518	21800.0	26970.0	0.1079	1.0
beta_d_pr[3,21]	0.3083	0.004183	0.6528	0.6454	-0.985	0.3113	1.582	24410.0	29390.0	0.1208	1.0
beta_d_pr[3,22]	0.09861	0.006683	0.835	0.8379	-1.564	0.1049	1.703	15750.0	24810.0	0.07798	1.0
beta_d_pr[3,23]	-1.177	0.003489	0.6563	0.6565	-2.471	-1.176	0.1033	35570.0	29630.0	0.1761	1.0
beta_d_pr[3,24]	-0.09051	0.004651	0.8349	0.8267	-1.759	-0.08422	1.533	32190.0	28690.0	0.1594	1.0
beta_d_pr[3,25]	0.03201	0.005814	0.9746	0.9833	-1.867	0.02735	1.948	28180.0	28350.0	0.1395	1.0
beta_d_pr[3,26]	-1.068	0.006184	0.7127	0.7105	-2.485	-1.063	0.3116	13300.0	25890.0	0.06584	1.0
beta_d_pr[3,27]	-0.01883	0.004166	0.7338	0.7292	-1.456	-0.01851	1.43	31270.0	28800.0	0.1548	1.0
beta_d_pr[3,28]	0.7984	0.003511	0.6517	0.6444	-0.4849	0.8008	2.083	34580.0	30580.0	0.1711	1.0
beta_d_pr[3,29]	1.298	0.003562	0.6433	0.6358	0.05179	1.291	2.57	32760.0	30330.0	0.1621	1.0
beta_d_pr[3,30]	0.1855	0.003189	0.635	0.6241	-1.057	0.1838	1.436	39820.0	29620.0	0.1971	1.0
beta_d_pr[3,31]	-0.3104	0.004482	0.7536	0.7497	-1.795	-0.3056	1.158	28460.0	27720.0	0.1409	1.0
beta_d_pr[3,32]	0.1134	0.002853	0.5804	0.5767	-1.021	0.1106	1.255	41500.0	30480.0	0.2054	1.0
beta_d_pr[3,33]	1.011	0.00817	0.8792	0.8754	-0.7925	1.034	2.662	11490.0	27710.0	0.05686	1.0
beta_d_pr[3,34]	0.2541	0.002762	0.5836	0.5756	-0.8931	0.2484	1.421	44890.0	29670.0	0.2222	1.0
beta_d_pr[3,35]	-0.09205	0.005522	0.902	0.8979	-1.867	-0.08948	1.681	26700.0	28730.0	0.1321	1.0
beta_d_pr[3,36]	-0.5392	0.003458	0.6791	0.6718	-1.884	-0.5378	0.7964	38650.0	29480.0	0.1913	1.0
beta_d_pr[3,37]	-1.766	0.003542	0.6757	0.6727	-3.108	-1.76	-0.4542	36550.0	29720.0	0.1809	1.0
beta_d_pr[3,38]	-0.1857	0.002953	0.6128	0.6105	-1.392	-0.1838	1.021	43170.0	31780.0	0.2137	1.0
beta_d_pr[3,39]	0.283	0.004303	0.9335	0.932	-1.535	0.2768	2.105	47120.0	30540.0	0.2332	1.0
beta_d_pr[3,40]	1.259	0.006471	0.6611	0.659	-0.02394	1.256	2.57	10450.0	26220.0	0.05173	1.001
beta_d_pr[3,41]	-0.7529	0.004189	0.7499	0.7419	-2.216	-0.7589	0.7239	32130.0	30050.0	0.159	1.0
beta_d_pr[3,42]	-0.4712	0.004211	0.665	0.6587	-1.823	-0.4608	0.8093	25490.0	28080.0	0.1262	1.0
beta_d_pr[3,43]	0.2652	0.01403	0.8882	0.8969	-1.443	0.2541	2.022	4029.0	14330.0	0.01994	1.001
beta_d_pr[3,44]	0.1581	0.004201	0.9666	0.9695	-1.727	0.1558	2.042	53090.0	30740.0	0.2628	1.0
beta_d_pr[3,45]	0.4312	0.005104	0.8721	0.8593	-1.31	0.4388	2.127	29290.0	30850.0	0.145	1.0
beta_d_pr[3,46]	0.7688	0.01867	0.9906	1.007	-1.163	0.7768	2.677	2837.0	12140.0	0.01404	1.002
beta_d_pr[3,47]	-0.672	0.01781	0.9575	0.9795	-2.549	-0.6669	1.187	2920.0	12450.0	0.01445	1.002
beta_d_pr[3,48]	0.1176	0.00779	0.6963	0.6834	-1.257	0.1201	1.482	8015.0	21100.0	0.03967	1.0
beta_d_pr[3,49]	-1.5	0.002992	0.6144	0.6039	-2.733	-1.49	-0.3109	42260.0	32550.0	0.2092	1.0
beta_d_pr[3,50]	-0.03693	0.004063	0.9933	0.9852	-1.983	-0.04037	1.924	59750.0	29210.0	0.2957	1.0
beta_d_pr[3,51]	-0.3555	0.004266	0.9122	0.9056	-2.14	-0.3606	1.45	45760.0	30860.0	0.2265	1.0
beta_d_pr[3,52]	-0.7006	0.008967	0.6841	0.6778	-2.068	-0.6947	0.6154	5829.0	18460.0	0.02885	1.001
beta_d_pr[3,53]	-0.2795	0.003918	0.7631	0.7491	-1.795	-0.2753	1.205	38070.0	29410.0	0.1884	1.0
beta_d_pr[3,54]	0.2566	0.003654	0.6479	0.6421	-1.01	0.2579	1.537	31470.0	29430.0	0.1558	1.0
beta_d_pr[3,55]	-0.3934	0.003037	0.6399	0.6314	-1.659	-0.3902	0.856	44660.0	30760.0	0.2211	1.0
beta_d_pr[3,56]	0.8163	0.004418	0.6785	0.6734	-0.5286	0.8204	2.148	23620.0	28500.0	0.1169	1.0
beta_d_pr[3,57]	0.4992	0.01219	0.798	0.7988	-1.089	0.5066	2.029	4305.0	15530.0	0.02131	1.001
beta_d_pr[3,58]	0.08212	0.004263	0.9832	0.9854	-1.852	0.07909	2.008	53200.0	29930.0	0.2634	1.0
beta_d_pr[3,59]	0.6999	0.006616	0.6802	0.6754	-0.6488	0.6994	2.036	10610.0	20830.0	0.05252	1.001
beta_d_pr[3,60]	-0.5149	0.003397	0.6562	0.6521	-1.814	-0.5107	0.7642	37500.0	30640.0	0.1856	1.0
beta_d_pr[3,61]	0.09879	0.00366	0.6725	0.6673	-1.208	0.09548	1.424	33820.0	28840.0	0.1674	1.0
beta_d_pr[3,62]	1.081	0.008128	0.9028	0.896	-0.769	1.107	2.784	12620.0	22190.0	0.06248	1.001
beta_d_pr[3,63]	-1.247	0.008187	0.8221	0.8178	-2.871	-1.241	0.3506	10120.0	23650.0	0.05011	1.0
beta_d_pr[3,64]	0.839	0.01913	1.016	1.04	-1.14	0.8351	2.819	2844.0	12340.0	0.01408	1.003
beta_d_pr[3,65]	0.07192	0.004369	0.9793	0.9777	-1.869	0.07068	1.991	50390.0	29980.0	0.2494	1.0
beta_d_pr[3,66]	0.4481	0.009055	0.9249	0.9217	-1.397	0.4607	2.228	10510.0	20530.0	0.05204	1.0
beta_d_pr[3,67]	0.2404	0.004392	0.9416	0.9484	-1.597	0.2363	2.097	45970.0	31010.0	0.2276	1.0
beta_d_pr[3,68]	0.1179	0.004268	0.9599	0.9608	-1.766	0.1188	1.982	50670.0	31740.0	0.2508	1.0
beta_d_pr[3,69]	-0.4527	0.01063	0.8765	0.8749	-2.15	-0.459	1.29	6833.0	19970.0	0.03382	1.001
beta_d_pr[3,70]	-0.2148	0.004547	0.8192	0.8212	-1.829	-0.2098	1.388	32490.0	28360.0	0.1608	1.0
beta_d_pr[3,71]	0.708	0.004421	0.8557	0.8533	-0.9758	0.721	2.352	37450.0	29950.0	0.1854	1.0
beta_d_pr[3,72]	0.1882	0.004784	0.9311	0.9196	-1.656	0.1967	2.001	37970.0	30080.0	0.1879	1.0
beta_d_pr[3,73]	-0.7834	0.005093	0.7315	0.7139	-2.157	-0.8059	0.7302	21150.0	26290.0	0.1047	1.0
beta_d_pr[3,74]	-0.1525	0.00413	0.8835	0.8818	-1.889	-0.1564	1.584	45850.0	30970.0	0.2269	1.0
beta_d_pr[3,75]	0.7347	0.01168	0.9992	1.016	-1.311	0.7718	2.584	7375.0	18730.0	0.03651	1.001
beta_d_pr[3,76]	-0.5215	0.006702	0.6919	0.6767	-1.871	-0.5241	0.8511	10690.0	26020.0	0.05292	1.0
beta_d_pr[3,77]	0.7548	0.006199	0.6329	0.6253	-0.4864	0.756	2.009	10400.0	21080.0	0.05146	1.0
beta_d_pr[3,78]	0.276	0.003412	0.6251	0.6182	-0.9379	0.2721	1.515	33440.0	28810.0	0.1655	1.0
beta_d_pr[3,79]	-1.103	0.003578	0.7441	0.7378	-2.595	-1.094	0.3421	43650.0	31220.0	0.2161	1.0
beta_d_pr[3,80]	-0.09798	0.008306	0.6854	0.6844	-1.433	-0.09646	1.24	6799.0	20810.0	0.03365	1.001
beta_d_pr[3,81]	-0.2114	0.0032	0.6008	0.595	-1.378	-0.2172	0.9774	35380.0	30470.0	0.1751	1.0
beta_d_pr[3,82]	0.2505	0.004572	0.636	0.6225	-0.9965	0.2461	1.502	19600.0	28340.0	0.09701	1.0
beta_d_pr[3,83]	0.7418	0.009993	0.6865	0.6949	-0.5965	0.7386	2.091	4730.0	15280.0	0.02342	1.001
beta_d_pr[3,84]	1.896	0.005195	0.7149	0.7	0.4681	1.905	3.264	19220.0	24710.0	0.09514	1.0
beta_d_pr[3,85]	-0.03239	0.006661	0.645	0.6429	-1.307	-0.03191	1.228	9385.0	22520.0	0.04645	1.0
beta_d_pr[3,86]	1.052	0.004614	0.6491	0.6454	-0.2174	1.046	2.323	19890.0	26250.0	0.09847	1.0
beta_d_pr[3,87]	-0.5905	0.005306	0.9096	0.9089	-2.373	-0.5909	1.202	29350.0	31480.0	0.1453	1.0
beta_d_pr[3,88]	-0.1175	0.004731	0.9931	0.994	-2.066	-0.114	1.82	44090.0	28250.0	0.2182	1.0
beta_d_pr[3,89]	-0.1713	0.002868	0.5978	0.5889	-1.353	-0.1689	0.9949	43570.0	31420.0	0.2156	1.0
beta_d_pr[3,90]	-0.7208	0.005933	0.664	0.6572	-2.041	-0.7139	0.5678	12580.0	24380.0	0.06226	1.0
beta_d_pr[3,91]	-0.2117	0.004324	0.9448	0.9505	-2.057	-0.2182	1.656	47800.0	31860.0	0.2366	1.0
beta_d_pr[3,92]	1.074	0.01058	0.8171	0.8176	-0.5504	1.082	2.643	5967.0	18470.0	0.02953	1.0
beta_d_pr[3,93]	-0.4199	0.006137	0.6927	0.6909	-1.787	-0.4182	0.9374	12800.0	23990.0	0.06338	1.0
beta_d_pr[3,94]	-1.424	0.01434	0.9492	0.9436	-3.237	-1.443	0.5081	4369.0	15920.0	0.02163	1.001
beta_d_pr[3,95]	0.3646	0.007596	0.6547	0.6511	-0.9232	0.366	1.644	7441.0	21010.0	0.03683	1.001
beta_d_pr[3,96]	1.114	0.003641	0.6518	0.6478	-0.1696	1.11	2.393	32180.0	29650.0	0.1593	1.0
beta_d_pr[3,97]	-1.485	0.003313	0.6364	0.6301	-2.725	-1.488	-0.2301	37030.0	29970.0	0.1833	1.0
beta_d_pr[3,98]	-0.642	0.009145	0.7413	0.7394	-2.094	-0.6416	0.8039	6597.0	20040.0	0.03265	1.001
beta_d_pr[3,99]	-0.3085	0.004613	0.7476	0.746	-1.789	-0.3013	1.149	26480.0	30490.0	0.1311	1.0
beta_d_pr[3,100]	0.6695	0.004815	0.6316	0.6179	-0.5762	0.669	1.922	17180.0	27280.0	0.08504	1.0
beta_d_pr[3,101]	-0.04308	0.003876	0.6718	0.6667	-1.37	-0.04424	1.275	30180.0	27960.0	0.1494	1.0
beta_d_pr[3,102]	-0.6079	0.006561	0.9144	0.9077	-2.363	-0.6169	1.215	19720.0	25560.0	0.09761	1.0
beta_d_pr[3,103]	-0.8521	0.006095	0.6649	0.662	-2.164	-0.8502	0.4484	11900.0	23570.0	0.05892	1.001
beta_d_pr[3,104]	0.303	0.003831	0.6321	0.6271	-0.9271	0.3016	1.557	27480.0	28740.0	0.136	1.0
beta_d_pr[3,105]	-0.1436	0.01176	0.7569	0.7632	-1.638	-0.1395	1.308	4171.0	14960.0	0.02064	1.001
beta_d_pr[3,106]	-0.1037	0.002831	0.5974	0.5911	-1.278	-0.1074	1.07	44600.0	32120.0	0.2208	1.0
beta_d_pr[3,107]	-0.9701	0.004593	0.5707	0.5647	-2.103	-0.9654	0.1539	15550.0	27850.0	0.07695	1.0
beta_d_pr[3,108]	0.1724	0.003688	0.6684	0.6559	-1.129	0.168	1.506	32930.0	28120.0	0.163	1.0
beta_d_pr[3,109]	0.7095	0.005044	0.867	0.8567	-1.036	0.7248	2.373	29620.0	30160.0	0.1466	1.0
beta_d_pr[3,110]	-0.003894	0.002908	0.5892	0.5797	-1.152	-0.005592	1.161	41130.0	31180.0	0.2036	1.0
beta_d_pr[3,111]	0.1088	0.004109	0.9323	0.9311	-1.708	0.1066	1.942	51610.0	29370.0	0.2555	1.0
beta_d_pr[3,112]	0.6166	0.003751	0.605	0.5986	-0.5513	0.6114	1.824	26300.0	29450.0	0.1302	1.0
beta_d_pr[3,113]	-0.935	0.008867	0.7387	0.739	-2.401	-0.936	0.5001	6954.0	19380.0	0.03442	1.001
beta_d_pr[3,114]	0.1183	0.006741	0.6387	0.6315	-1.12	0.1098	1.389	9016.0	22930.0	0.04463	1.001
beta_d_pr[3,115]	-0.2122	0.009858	0.8645	0.8597	-1.94	-0.2055	1.449	7725.0	20620.0	0.03824	1.001
beta_d_pr[3,116]	0.5667	0.00284	0.5822	0.5708	-0.5704	0.566	1.729	42210.0	30500.0	0.2089	1.0
beta_d_pr[3,117]	-0.5903	0.003552	0.6135	0.6073	-1.8	-0.5908	0.6142	29870.0	30130.0	0.1479	1.0
beta_d_pr[3,118]	0.4758	0.005891	0.6258	0.6253	-0.7516	0.4774	1.706	11430.0	26440.0	0.05656	1.0
beta_d_pr[3,119]	-0.1026	0.003566	0.6454	0.6391	-1.376	-0.101	1.163	32940.0	28710.0	0.1631	1.0
beta_d_pr[3,120]	0.1323	0.004853	0.8573	0.8483	-1.547	0.1313	1.832	31340.0	30900.0	0.1551	1.0
beta_d_pr[3,121]	0.6579	0.004227	0.812	0.7999	-0.9543	0.6637	2.252	36980.0	31180.0	0.183	1.0
beta_d_pr[3,122]	0.576	0.003059	0.5998	0.5946	-0.5916	0.5724	1.768	38640.0	28300.0	0.1913	1.0
beta_d_pr[3,123]	-0.3918	0.006128	0.6511	0.6432	-1.696	-0.3899	0.8726	11400.0	24750.0	0.05641	1.0
beta_d_pr[3,124]	0.127	0.002996	0.6149	0.6027	-1.094	0.1286	1.329	42220.0	31000.0	0.209	1.0
beta_d_pr[3,125]	-0.194	0.002908	0.6081	0.5971	-1.392	-0.193	1.003	43780.0	30270.0	0.2167	1.0
beta_d_pr[3,126]	0.08377	0.002963	0.6082	0.6027	-1.126	0.08775	1.272	42230.0	29250.0	0.209	1.0
beta_d_pr[3,127]	-0.5342	0.003001	0.6291	0.6217	-1.762	-0.5362	0.7121	44050.0	30900.0	0.218	1.0
beta_d_pr[3,128]	1.052	0.01228	0.7611	0.7749	-0.4405	1.06	2.535	3864.0	14410.0	0.01913	1.001
beta_d_pr[3,129]	-0.04682	0.003992	0.6926	0.6859	-1.416	-0.04388	1.303	30310.0	29600.0	0.15	1.0
beta_d_pr[3,130]	0.1311	0.01276	0.8719	0.9056	-1.566	0.1415	1.785	4720.0	14390.0	0.02336	1.001
beta_d_pr[3,131]	-0.5108	0.01078	0.7686	0.7733	-2.001	-0.5147	0.9862	5093.0	16460.0	0.02521	1.001
beta_d_pr[3,132]	-0.7696	0.01084	0.786	0.7867	-2.313	-0.7703	0.7671	5266.0	17900.0	0.02606	1.001
beta_d_pr[3,133]	0.6526	0.004579	0.9286	0.9256	-1.178	0.6554	2.445	41140.0	31390.0	0.2036	1.0
beta_d_pr[3,134]	0.2354	0.002766	0.5902	0.5828	-0.9027	0.2333	1.405	45570.0	32160.0	0.2256	1.0
beta_d_pr[3,135]	0.3152	0.003152	0.6335	0.6264	-0.927	0.3158	1.564	40470.0	30640.0	0.2003	1.0
beta_d_pr[3,136]	-0.02458	0.004358	0.8465	0.8375	-1.729	-0.01139	1.611	37820.0	31950.0	0.1872	1.0
beta_d_pr[3,137]	-0.03545	0.002703	0.5754	0.5686	-1.166	-0.03223	1.087	45400.0	29470.0	0.2247	1.0
beta_d_pr[3,138]	-0.4043	0.003146	0.6303	0.6199	-1.655	-0.401	0.8284	40220.0	30120.0	0.1991	1.0
beta_d_pr[3,139]	-0.1227	0.003234	0.6442	0.6417	-1.393	-0.118	1.123	39820.0	29150.0	0.1971	1.0
beta_d_pr[3,140]	-1.31	0.007508	0.7662	0.7685	-2.823	-1.308	0.1688	10420.0	24440.0	0.05159	1.0
beta_d_pr[3,141]	0.636	0.007144	0.7792	0.7714	-0.9196	0.6435	2.16	11910.0	25790.0	0.05895	1.0
beta_d_pr[4,1]	0.124	0.01168	0.7207	0.7144	-1.3	0.1262	1.54	3850.0	15400.0	0.01906	1.002
beta_d_pr[4,2]	-1.283	0.01111	0.7069	0.7115	-2.695	-1.266	0.05101	4122.0	13760.0	0.0204	1.002
beta_d_pr[4,3]	0.006355	0.002855	0.6042	0.6017	-1.184	0.007534	1.193	44940.0	30370.0	0.2225	1.0
beta_d_pr[4,4]	1.268	0.00818	0.9329	0.928	-0.5355	1.255	3.128	13200.0	19620.0	0.06535	1.0
beta_d_pr[4,5]	0.4137	0.003423	0.5557	0.5473	-0.6771	0.4129	1.515	26680.0	27650.0	0.1321	1.0
beta_d_pr[4,6]	0.1449	0.005053	0.5729	0.567	-0.9621	0.1422	1.279	13080.0	27230.0	0.06473	1.001
beta_d_pr[4,7]	-0.6441	0.01256	0.9819	0.9821	-2.608	-0.6275	1.243	6213.0	16400.0	0.03076	1.001
beta_d_pr[4,8]	-0.7673	0.01289	0.6888	0.6935	-2.062	-0.7819	0.6093	2909.0	12650.0	0.0144	1.002
beta_d_pr[4,9]	-0.2578	0.01738	0.8223	0.824	-1.878	-0.2467	1.334	2256.0	10980.0	0.01117	1.003
beta_d_pr[4,10]	-0.02486	0.01139	0.5258	0.5281	-1.063	-0.02202	0.9969	2157.0	10370.0	0.01068	1.003
beta_d_pr[4,11]	0.02483	0.0051	0.5159	0.5114	-0.9735	0.02325	1.047	10330.0	21450.0	0.05112	1.001
beta_d_pr[4,12]	-0.3157	0.01278	0.5104	0.5214	-1.298	-0.32	0.6837	1614.0	8538.0	0.00799	1.004
beta_d_pr[4,13]	2.185	0.008486	0.7427	0.7394	0.7627	2.171	3.679	7788.0	23630.0	0.03855	1.001
beta_d_pr[4,14]	-0.1162	0.00397	0.6647	0.6686	-1.411	-0.1203	1.181	28170.0	30580.0	0.1394	1.0
beta_d_pr[4,15]	-0.1982	0.0115	0.7043	0.7101	-1.585	-0.2006	1.176	3803.0	16950.0	0.01882	1.001
beta_d_pr[4,16]	0.1091	0.003087	0.6343	0.6284	-1.14	0.1079	1.352	42280.0	30340.0	0.2093	1.0
beta_d_pr[4,17]	-0.6769	0.005682	0.5301	0.5204	-1.704	-0.6846	0.3911	8890.0	19470.0	0.044	1.001
beta_d_pr[4,18]	0.1623	0.01777	0.8299	0.8415	-1.453	0.165	1.783	2203.0	10420.0	0.0109	1.003
beta_d_pr[4,19]	0.3014	0.01104	0.7066	0.7008	-1.098	0.3007	1.683	4172.0	14660.0	0.02065	1.001
beta_d_pr[4,20]	0.3486	0.004319	0.6917	0.693	-0.9931	0.3392	1.712	26130.0	28500.0	0.1294	1.0
beta_d_pr[4,21]	-0.7194	0.003306	0.6435	0.6357	-1.969	-0.7225	0.5581	38000.0	29590.0	0.1881	1.0
beta_d_pr[4,22]	-0.2448	0.004003	0.5387	0.5388	-1.292	-0.2466	0.8089	18010.0	29880.0	0.08917	1.0
beta_d_pr[4,23]	-0.5379	0.004724	0.701	0.696	-1.918	-0.5323	0.8213	22320.0	26030.0	0.1105	1.0
beta_d_pr[4,24]	0.6095	0.009788	0.6116	0.6116	-0.5566	0.6038	1.825	3941.0	15580.0	0.01951	1.002
beta_d_pr[4,25]	0.362	0.01826	0.6418	0.6749	-0.9004	0.3774	1.565	1264.0	6540.0	0.006259	1.005
beta_d_pr[4,26]	-0.1974	0.004625	0.6355	0.6274	-1.454	-0.1992	1.055	19120.0	30160.0	0.09463	1.0
beta_d_pr[4,27]	0.1142	0.01616	0.6619	0.6752	-1.151	0.1133	1.407	1700.0	8338.0	0.008417	1.004
beta_d_pr[4,28]	0.989	0.01812	0.6562	0.6805	-0.3039	0.9977	2.229	1332.0	6105.0	0.006592	1.005
beta_d_pr[4,29]	-0.6439	0.007775	0.6033	0.6022	-1.839	-0.6445	0.5278	6056.0	20930.0	0.02998	1.001
beta_d_pr[4,30]	-0.6069	0.01036	0.7984	0.7945	-2.199	-0.5958	0.9415	6085.0	21640.0	0.03012	1.001
beta_d_pr[4,31]	0.408	0.00417	0.5861	0.5841	-0.7419	0.4052	1.548	19930.0	26360.0	0.09867	1.0
beta_d_pr[4,32]	0.3216	0.007407	0.6341	0.6317	-0.924	0.3239	1.563	7398.0	20150.0	0.03662	1.001
beta_d_pr[4,33]	1.54	0.006169	0.5685	0.5657	0.4447	1.531	2.684	8598.0	24510.0	0.04256	1.001
beta_d_pr[4,34]	-0.6483	0.004924	0.5972	0.5906	-1.82	-0.6475	0.5157	14920.0	27260.0	0.07384	1.0
beta_d_pr[4,35]	0.117	0.01539	0.5818	0.5966	-1.013	0.1179	1.235	1450.0	7223.0	0.007177	1.004
beta_d_pr[4,36]	1.363	0.00343	0.6003	0.5969	0.1966	1.357	2.567	31330.0	28840.0	0.1551	1.0
beta_d_pr[4,37]	-0.9944	0.003159	0.5838	0.5764	-2.152	-0.9917	0.1493	34350.0	29060.0	0.17	1.0
beta_d_pr[4,38]	-0.1376	0.00345	0.5631	0.5576	-1.241	-0.1402	0.9707	26690.0	30120.0	0.1321	1.0
beta_d_pr[4,39]	0.313	0.007508	0.5132	0.512	-0.6986	0.3143	1.309	4708.0	15200.0	0.0233	1.001
beta_d_pr[4,40]	1.663	0.01487	0.6512	0.6559	0.3666	1.675	2.898	1944.0	7267.0	0.009621	1.004
beta_d_pr[4,41]	-0.8112	0.003061	0.5958	0.5939	-1.973	-0.8148	0.3589	37960.0	30790.0	0.1879	1.0
beta_d_pr[4,42]	-0.928	0.01344	0.7814	0.775	-2.453	-0.9269	0.6181	3405.0	14060.0	0.01686	1.002
beta_d_pr[4,43]	0.2732	0.01112	0.7401	0.7378	-1.185	0.2774	1.709	4478.0	17500.0	0.02217	1.001
beta_d_pr[4,44]	0.6217	0.004143	0.4523	0.4509	-0.259	0.6203	1.517	11920.0	27150.0	0.05899	1.0
beta_d_pr[4,45]	-0.6131	0.01133	0.6169	0.6182	-1.793	-0.6194	0.6076	3005.0	12370.0	0.01487	1.003
beta_d_pr[4,46]	0.2894	0.01662	1.015	1.025	-1.678	0.2866	2.289	3780.0	14500.0	0.01871	1.002
beta_d_pr[4,47]	-0.1449	0.01377	1.017	1.019	-2.169	-0.1401	1.833	5531.0	15090.0	0.02738	1.001
beta_d_pr[4,48]	-1.073	0.003602	0.7072	0.6973	-2.453	-1.076	0.3265	38640.0	29490.0	0.1912	1.0
beta_d_pr[4,49]	-0.776	0.004724	0.6556	0.6544	-2.081	-0.7695	0.4889	19430.0	29500.0	0.09618	1.0
beta_d_pr[4,50]	0.008688	0.02487	0.7387	0.8101	-1.374	0.008968	1.399	918.1	5694.0	0.004544	1.008
beta_d_pr[4,51]	-0.8892	0.008584	0.5097	0.5066	-1.879	-0.8936	0.1227	3567.0	13130.0	0.01766	1.002
beta_d_pr[4,52]	0.8598	0.01129	0.6417	0.6364	-0.3937	0.8572	2.128	3266.0	11960.0	0.01617	1.002
beta_d_pr[4,53]	0.225	0.00578	0.5942	0.5862	-0.9456	0.229	1.389	10760.0	27170.0	0.05328	1.001
beta_d_pr[4,54]	-0.2303	0.002464	0.5112	0.5038	-1.242	-0.2297	0.7701	43130.0	31280.0	0.2135	1.0
beta_d_pr[4,55]	0.1232	0.00524	0.5571	0.5562	-0.9747	0.1217	1.219	11430.0	25090.0	0.05656	1.0
beta_d_pr[4,56]	1.913	0.01213	0.6903	0.6977	0.5773	1.909	3.293	3285.0	13930.0	0.01626	1.002
beta_d_pr[4,57]	0.3667	0.01247	0.5682	0.5739	-0.7414	0.3692	1.478	2095.0	8909.0	0.01037	1.003
beta_d_pr[4,58]	0.1284	0.008917	0.4924	0.492	-0.8374	0.1284	1.094	3069.0	12490.0	0.01519	1.002
beta_d_pr[4,59]	-0.2527	0.01168	0.6377	0.6429	-1.495	-0.2568	1.003	3011.0	13420.0	0.01491	1.002
beta_d_pr[4,60]	-0.2273	0.005126	0.5793	0.5731	-1.365	-0.227	0.9147	12870.0	28690.0	0.0637	1.001
beta_d_pr[4,61]	0.2593	0.002308	0.4732	0.468	-0.6578	0.2545	1.195	42100.0	30900.0	0.2084	1.0
beta_d_pr[4,62]	1.861	0.01036	0.6875	0.693	0.5343	1.853	3.235	4491.0	16900.0	0.02223	1.001
beta_d_pr[4,63]	-0.6723	0.004529	0.596	0.5953	-1.847	-0.6671	0.4796	17480.0	29990.0	0.08654	1.0
beta_d_pr[4,64]	0.7814	0.007618	0.9241	0.9157	-1.001	0.7689	2.621	15020.0	22240.0	0.07435	1.0
beta_d_pr[4,65]	-0.3081	0.006837	0.464	0.4658	-1.225	-0.3074	0.5986	4635.0	17760.0	0.02294	1.002
beta_d_pr[4,66]	0.7941	0.003333	0.5292	0.5219	-0.2646	0.7954	1.812	25470.0	29170.0	0.1261	1.0
beta_d_pr[4,67]	0.9725	0.01505	0.5913	0.6079	-0.1692	0.972	2.12	1564.0	6778.0	0.007742	1.004
beta_d_pr[4,68]	-1.209	0.01324	0.5412	0.5488	-2.25	-1.215	-0.1463	1697.0	6411.0	0.0084	1.004
beta_d_pr[4,69]	0.01658	0.004825	0.47	0.468	-0.9122	0.02104	0.9384	9544.0	28180.0	0.04724	1.001
beta_d_pr[4,70]	0.5958	0.003532	0.5442	0.5389	-0.4774	0.5957	1.665	24020.0	30600.0	0.1189	1.0
beta_d_pr[4,71]	-0.6533	0.01431	0.583	0.5978	-1.742	-0.666	0.4999	1689.0	8295.0	0.00836	1.004
beta_d_pr[4,72]	1.217	0.03057	0.881	0.9656	-0.4697	1.246	2.813	867.8	4854.0	0.004296	1.008
beta_d_pr[4,73]	0.03703	0.003037	0.5622	0.559	-1.06	0.03351	1.146	34360.0	28600.0	0.1701	1.0
beta_d_pr[4,74]	-0.418	0.008263	0.5845	0.5854	-1.558	-0.42	0.7352	5069.0	17440.0	0.02509	1.001
beta_d_pr[4,75]	1.15	0.008967	0.9394	0.9274	-0.6564	1.123	3.049	11290.0	16010.0	0.05588	1.0
beta_d_pr[4,76]	-1.638	0.004362	0.6341	0.6315	-2.888	-1.632	-0.4038	21450.0	29340.0	0.1062	1.0
beta_d_pr[4,77]	0.09586	0.01474	0.7502	0.7559	-1.378	0.09624	1.569	2624.0	12310.0	0.01299	1.002
beta_d_pr[4,78]	-0.2798	0.005484	0.6302	0.6194	-1.525	-0.2837	0.9733	13410.0	29070.0	0.06639	1.0
beta_d_pr[4,79]	-1.064	0.005775	0.5595	0.5551	-2.169	-1.058	0.02125	9374.0	26490.0	0.0464	1.001
beta_d_pr[4,80]	-0.2601	0.007003	0.5239	0.5289	-1.296	-0.2558	0.7588	5627.0	21230.0	0.02785	1.001
beta_d_pr[4,81]	0.006861	0.003649	0.6302	0.6225	-1.228	0.007435	1.25	29960.0	29950.0	0.1483	1.0
beta_d_pr[4,82]	-0.4095	0.01153	0.7561	0.7615	-1.87	-0.4115	1.063	4354.0	16310.0	0.02155	1.001
beta_d_pr[4,83]	-0.3273	0.004193	0.5242	0.5196	-1.356	-0.3281	0.7056	15750.0	29730.0	0.07796	1.0
beta_d_pr[4,84]	1.81	0.009236	0.7719	0.7762	0.3305	1.796	3.34	7106.0	18010.0	0.03517	1.001
beta_d_pr[4,85]	0.7609	0.003037	0.5915	0.5829	-0.392	0.7592	1.919	38040.0	30640.0	0.1883	1.0
beta_d_pr[4,86]	-0.1079	0.007151	0.5553	0.5522	-1.196	-0.1075	0.982	6118.0	19570.0	0.03028	1.001
beta_d_pr[4,87]	-0.4556	0.01111	0.5053	0.5128	-1.432	-0.4593	0.5362	2096.0	10200.0	0.01037	1.003
beta_d_pr[4,88]	-0.5672	0.01212	0.5141	0.5291	-1.555	-0.5708	0.4338	1822.0	8263.0	0.009019	1.003
beta_d_pr[4,89]	0.1471	0.002988	0.6187	0.6162	-1.07	0.1495	1.362	42930.0	31650.0	0.2125	1.0
beta_d_pr[4,90]	-0.3463	0.008916	0.8878	0.8871	-2.109	-0.3358	1.371	10150.0	19570.0	0.05022	1.001
beta_d_pr[4,91]	-0.08766	0.005023	0.4524	0.4481	-0.9721	-0.08564	0.8029	8151.0	25150.0	0.04035	1.001
beta_d_pr[4,92]	0.9213	0.01369	0.635	0.6359	-0.3147	0.9197	2.168	2170.0	8906.0	0.01074	1.003
beta_d_pr[4,93]	-0.3169	0.004713	0.5582	0.5526	-1.426	-0.3133	0.7739	14120.0	27800.0	0.06991	1.001
beta_d_pr[4,94]	0.4834	0.004956	0.5578	0.551	-0.6108	0.4822	1.584	12680.0	27080.0	0.06277	1.001
beta_d_pr[4,95]	-0.2087	0.002934	0.5517	0.5512	-1.293	-0.206	0.8778	35290.0	31610.0	0.1747	1.0
beta_d_pr[4,96]	1.023	0.006388	0.6399	0.6368	-0.2106	1.021	2.305	10180.0	25900.0	0.05039	1.001
beta_d_pr[4,97]	-0.994	0.00345	0.6777	0.6736	-2.325	-0.9933	0.3441	38700.0	29690.0	0.1915	1.0
beta_d_pr[4,98]	-1.744	0.004592	0.5567	0.5569	-2.858	-1.739	-0.6772	14810.0	29390.0	0.07332	1.0
beta_d_pr[4,99]	-1.321	0.002973	0.5432	0.537	-2.403	-1.32	-0.26	33580.0	29170.0	0.1662	1.0
beta_d_pr[4,100]	-0.7473	0.006611	0.5851	0.5801	-1.903	-0.7457	0.402	7807.0	21340.0	0.03864	1.001
beta_d_pr[4,101]	1.063	0.006735	0.5748	0.5744	-0.05687	1.057	2.195	7373.0	21130.0	0.03649	1.001
beta_d_pr[4,102]	-2.106	0.004623	0.576	0.5689	-3.279	-2.096	-1.002	15740.0	23700.0	0.07791	1.0
beta_d_pr[4,103]	0.8905	0.002623	0.5441	0.5384	-0.1659	0.8895	1.967	43200.0	30160.0	0.2138	1.0
beta_d_pr[4,104]	-0.9148	0.007502	0.5935	0.5931	-2.096	-0.9095	0.2282	6301.0	20230.0	0.03119	1.001
beta_d_pr[4,105]	0.2916	0.006131	0.5246	0.5238	-0.7315	0.2949	1.32	7464.0	23650.0	0.03694	1.001
beta_d_pr[4,106]	-0.1984	0.01103	0.6329	0.6258	-1.437	-0.1984	1.043	3313.0	15640.0	0.0164	1.002
beta_d_pr[4,107]	0.01571	0.007681	0.6241	0.6208	-1.203	0.01139	1.253	6619.0	22090.0	0.03276	1.001
beta_d_pr[4,108]	-1.112	0.009501	0.6638	0.6616	-2.432	-1.105	0.1673	4953.0	20510.0	0.02452	1.001
beta_d_pr[4,109]	-0.003835	0.002817	0.5493	0.5466	-1.084	-0.01039	1.083	38100.0	30900.0	0.1886	1.0
beta_d_pr[4,110]	0.499	0.008705	0.6931	0.6923	-0.866	0.5021	1.853	6435.0	21690.0	0.03185	1.001
beta_d_pr[4,111]	0.2139	0.01472	0.5896	0.6084	-0.9545	0.2202	1.335	1626.0	8258.0	0.00805	1.004
beta_d_pr[4,112]	-0.2641	0.01789	0.7591	0.7708	-1.722	-0.2702	1.229	1824.0	8769.0	0.00903	1.004
beta_d_pr[4,113]	-0.647	0.008583	0.5252	0.5229	-1.665	-0.6449	0.39	3770.0	16080.0	0.01866	1.002
beta_d_pr[4,114]	-0.9917	0.00727	0.6815	0.6794	-2.336	-0.9897	0.3353	8861.0	24900.0	0.04386	1.0
beta_d_pr[4,115]	-0.1447	0.009108	0.6375	0.6332	-1.393	-0.1452	1.109	4957.0	17950.0	0.02454	1.001
beta_d_pr[4,116]	-0.0603	0.01168	0.7073	0.7033	-1.477	-0.04963	1.296	3696.0	13180.0	0.01829	1.001
beta_d_pr[4,117]	0.5091	0.009667	0.6932	0.6909	-0.84	0.5102	1.882	5172.0	18360.0	0.0256	1.001
beta_d_pr[4,118]	-0.2343	0.01058	0.6849	0.6883	-1.582	-0.2296	1.089	4235.0	16980.0	0.02096	1.001
beta_d_pr[4,119]	-0.08327	0.004901	0.5519	0.5494	-1.167	-0.08314	1.002	12830.0	27820.0	0.06351	1.0
beta_d_pr[4,120]	-0.2193	0.01043	0.6119	0.6128	-1.408	-0.2184	0.992	3470.0	16750.0	0.01718	1.002
beta_d_pr[4,121]	1.478	0.003281	0.585	0.5806	0.3657	1.467	2.659	32080.0	29460.0	0.1588	1.0
beta_d_pr[4,122]	-0.2475	0.019	0.8462	0.8601	-1.915	-0.2403	1.377	2017.0	8922.0	0.009982	1.004
beta_d_pr[4,123]	0.2155	0.0122	0.5947	0.5979	-0.9312	0.2105	1.396	2405.0	11750.0	0.01191	1.003
beta_d_pr[4,124]	-0.3772	0.003375	0.5491	0.5483	-1.46	-0.379	0.6961	26930.0	30540.0	0.1333	1.0
beta_d_pr[4,125]	0.5632	0.0032	0.6169	0.6148	-0.6352	0.5599	1.776	37350.0	30810.0	0.1849	1.0
beta_d_pr[4,126]	0.4855	0.003159	0.6269	0.6202	-0.7495	0.4825	1.728	39440.0	28910.0	0.1952	1.0
beta_d_pr[4,127]	0.5701	0.00324	0.5381	0.5356	-0.4708	0.5685	1.642	27700.0	28940.0	0.1371	1.0
beta_d_pr[4,128]	-0.1119	0.002695	0.5118	0.5084	-1.121	-0.1104	0.8946	36180.0	30920.0	0.1791	1.0
beta_d_pr[4,129]	0.5718	0.007132	0.5647	0.5592	-0.5382	0.5739	1.679	6349.0	21170.0	0.03143	1.001
beta_d_pr[4,130]	0.4733	0.006533	0.4731	0.4733	-0.4514	0.4778	1.396	5245.0	15390.0	0.02596	1.002
beta_d_pr[4,131]	0.5759	0.004965	0.4451	0.4411	-0.2879	0.5697	1.458	8082.0	20230.0	0.04	1.001
beta_d_pr[4,132]	-0.1976	0.002393	0.4837	0.4779	-1.149	-0.1974	0.7474	40860.0	32290.0	0.2023	1.0
beta_d_pr[4,133]	-0.1563	0.03693	1.026	1.173	-2.036	-0.1557	1.727	804.5	4731.0	0.003982	1.008
beta_d_pr[4,134]	-1.127	0.003152	0.5967	0.5933	-2.303	-1.127	0.04154	36030.0	30370.0	0.1783	1.0
beta_d_pr[4,135]	0.6267	0.009064	0.6527	0.6562	-0.6407	0.6258	1.904	5294.0	19140.0	0.0262	1.001
beta_d_pr[4,136]	-0.4715	0.002824	0.5189	0.5168	-1.499	-0.4743	0.5358	33880.0	29620.0	0.1677	1.0
beta_d_pr[4,137]	0.5614	0.009076	0.6585	0.6552	-0.7316	0.564	1.841	5332.0	20270.0	0.02639	1.001
beta_d_pr[4,138]	-0.7259	0.01603	0.7997	0.809	-2.291	-0.7284	0.83	2514.0	11270.0	0.01245	1.002
beta_d_pr[4,139]	1.352	0.005346	0.6291	0.6339	0.1419	1.35	2.592	14110.0	28100.0	0.06984	1.0
beta_d_pr[4,140]	-0.4963	0.006162	0.6143	0.6133	-1.697	-0.4998	0.7152	10100.0	25920.0	0.04997	1.0
beta_d_pr[4,141]	-1.336	0.01041	0.6388	0.6384	-2.602	-1.331	-0.09775	3793.0	16770.0	0.01877	1.001
sigma_alpha1_c[1]	1.023	0.001906	0.09389	0.0924	0.8382	1.023	1.208	2421.0	6713.0	0.01198	1.002
sigma_alpha1_c[2]	0.9099	0.001513	0.0815	0.08031	0.7498	0.9106	1.072	2908.0	6154.0	0.0144	1.001
sigma_alpha1_d[1]	0.2974	0.005681	0.1678	0.2087	0.01559	0.3031	0.5876	937.5	4498.0	0.00464	1.007
sigma_alpha1_d[2]	0.2391	0.00496	0.1473	0.1859	0.009263	0.2346	0.5065	954.9	4428.0	0.004727	1.007
sigma_forget_c[1]	0.4842	0.002147	0.08355	0.08399	0.3108	0.4914	0.6345	1563.0	5415.0	0.007735	1.004
sigma_forget_c[2]	0.5517	0.002489	0.09403	0.09408	0.3567	0.5591	0.7199	1470.0	4701.0	0.007276	1.003
sigma_forget_d[1]	0.2319	0.004399	0.1321	0.1638	0.01169	0.235	0.4614	959.8	4212.0	0.004751	1.005
sigma_forget_d[2]	0.2601	0.00504	0.1494	0.1852	0.01229	0.2637	0.5212	928.1	4653.0	0.004594	1.006
sigma_beta_c[1,1]	0.7524	0.0008471	0.08491	0.08351	0.5922	0.7492	0.9281	9978.0	16990.0	0.04939	1.0
sigma_beta_c[1,2]	0.9373	0.0009989	0.1024	0.1013	0.7467	0.9334	1.15	10500.0	17790.0	0.052	1.0
sigma_beta_c[2,1]	0.5275	0.002288	0.09432	0.09387	0.3294	0.5355	0.6957	1753.0	5550.0	0.008677	1.001
sigma_beta_c[2,2]	0.4845	0.002042	0.08679	0.08791	0.3059	0.4895	0.6412	1853.0	6490.0	0.00917	1.001
sigma_beta_c[3,1]	0.4336	0.001141	0.05418	0.05353	0.3226	0.4356	0.5353	2290.0	6777.0	0.01134	1.002
sigma_beta_c[3,2]	0.4252	0.001128	0.05336	0.05294	0.3163	0.4272	0.5255	2285.0	6382.0	0.01131	1.002
sigma_beta_c[4,1]	0.4867	0.002368	0.07146	0.07277	0.3378	0.4939	0.6104	950.9	4005.0	0.004707	1.007
sigma_beta_c[4,2]	0.5376	0.002692	0.079	0.07985	0.373	0.5458	0.675	917.0	3844.0	0.004539	1.008
sigma_beta_d[1,1]	0.1656	0.001937	0.1105	0.1232	0.00718	0.1532	0.4055	3268.0	9893.0	0.01617	1.001
sigma_beta_d[1,2]	0.2068	0.002471	0.1371	0.1534	0.009058	0.1908	0.4986	3160.0	8662.0	0.01564	1.001
sigma_beta_d[2,1]	0.2564	0.004406	0.145	0.1773	0.0136	0.2614	0.5145	1163.0	5980.0	0.005756	1.002
sigma_beta_d[2,2]	0.2338	0.004035	0.1341	0.1626	0.01158	0.2346	0.4747	1163.0	5542.0	0.005755	1.002
sigma_beta_d[3,1]	0.1612	0.002858	0.09333	0.1158	0.00777	0.1617	0.3268	1155.0	5894.0	0.005716	1.005
sigma_beta_d[3,2]	0.1546	0.002783	0.09102	0.1128	0.006902	0.1544	0.3182	1144.0	5602.0	0.005664	1.004
sigma_beta_d[4,1]	0.2235	0.005058	0.1248	0.1559	0.01147	0.2311	0.4338	660.0	3418.0	0.003267	1.011
sigma_beta_d[4,2]	0.2397	0.005619	0.138	0.1738	0.01231	0.2411	0.479	652.1	3527.0	0.003228	1.01
alpha1[1,1]	0.433	0.0003363	0.07503	0.07552	0.2923	0.4314	0.5842	49840.0	33160.0	0.2467	1.0
alpha1[1,2]	0.478	0.0003432	0.07223	0.07176	0.3412	0.4765	0.6258	44960.0	30050.0	0.2226	0.9999
alpha1[2,1]	0.2068	0.0002208	0.05035	0.04946	0.1203	0.2025	0.3172	52890.0	34560.0	0.2618	0.9999
alpha1[2,2]	0.09054	0.0003075	0.04607	0.03839	0.02959	0.08117	0.2051	24640.0	25490.0	0.122	1.0
alpha1[3,1]	0.7906	0.0002589	0.05773	0.05751	0.6747	0.7919	0.9019	49110.0	28690.0	0.2431	1.0
alpha1[3,2]	0.7901	0.0002733	0.05692	0.05779	0.6761	0.7914	0.8981	42680.0	29070.0	0.2113	1.0
alpha1[4,1]	0.2187	0.0008791	0.1192	0.1217	0.04856	0.1996	0.4907	17510.0	23220.0	0.08668	1.0
alpha1[4,2]	0.1958	0.0002359	0.05324	0.05206	0.1055	0.1911	0.3136	51590.0	33130.0	0.2554	1.0
alpha1[5,1]	0.4366	0.0005832	0.1012	0.1005	0.2559	0.431	0.6523	30300.0	31120.0	0.15	1.0
alpha1[5,2]	0.727	0.0003469	0.07873	0.07888	0.5683	0.729	0.8751	50840.0	31100.0	0.2516	1.0
alpha1[6,1]	0.758	0.0003433	0.077	0.07776	0.6021	0.7598	0.9029	49470.0	28810.0	0.2448	1.0
alpha1[6,2]	0.6665	0.0004291	0.08873	0.08985	0.4978	0.6651	0.8453	43400.0	26580.0	0.2148	1.0
alpha1[7,1]	0.118	0.0001945	0.04132	0.04019	0.05283	0.1123	0.2123	45650.0	35390.0	0.226	1.0
alpha1[7,2]	0.3316	0.0003091	0.07279	0.07217	0.1981	0.3282	0.4833	55760.0	33570.0	0.276	1.0
alpha1[8,1]	0.5634	0.0003286	0.07286	0.07286	0.423	0.5626	0.7099	49390.0	32270.0	0.2445	1.0
alpha1[8,2]	0.7511	0.0004165	0.08534	0.08683	0.5736	0.7545	0.9058	40720.0	27810.0	0.2016	1.0
alpha1[9,1]	0.551	0.0003207	0.07573	0.07571	0.4018	0.5513	0.6991	55890.0	32140.0	0.2767	1.0
alpha1[9,2]	0.6081	0.0002972	0.06783	0.06781	0.4772	0.6074	0.7433	52400.0	31080.0	0.2594	1.0
alpha1[10,1]	0.1955	0.0002842	0.05975	0.05661	0.09743	0.1891	0.3324	44590.0	32060.0	0.2207	1.0
alpha1[10,2]	0.3534	0.0004729	0.09132	0.09044	0.1887	0.3483	0.5471	37040.0	28710.0	0.1834	1.0
alpha1[11,1]	0.9485	0.0002145	0.0478	0.04066	0.8266	0.9622	0.9992	41370.0	26600.0	0.2048	1.0
alpha1[11,2]	0.9427	0.0002136	0.04793	0.04244	0.8214	0.9548	0.9979	43850.0	25520.0	0.217	1.0
alpha1[12,1]	0.03595	0.0002147	0.03389	0.02283	0.00249	0.02653	0.1248	24520.0	29080.0	0.1214	1.0
alpha1[12,2]	0.106	0.0002901	0.05535	0.05049	0.02984	0.09555	0.2403	36090.0	32730.0	0.1786	1.0
alpha1[13,1]	0.06042	0.0002228	0.03359	0.02722	0.01785	0.05321	0.1458	25270.0	25390.0	0.1251	1.0
alpha1[13,2]	0.2281	0.0002264	0.05446	0.05393	0.1325	0.2243	0.3443	57860.0	33000.0	0.2864	1.0
alpha1[14,1]	0.6521	0.0002209	0.05495	0.05491	0.5439	0.6523	0.7592	61920.0	30690.0	0.3065	1.0
alpha1[14,2]	0.5819	0.000376	0.07604	0.07624	0.4369	0.5803	0.7337	41410.0	29480.0	0.205	1.0
alpha1[15,1]	0.2934	0.000264	0.0589	0.05854	0.1858	0.2907	0.416	49820.0	34610.0	0.2466	1.0
alpha1[15,2]	0.3011	0.0003139	0.06478	0.06315	0.18	0.2986	0.4373	42540.0	28060.0	0.2106	1.0
alpha1[16,1]	0.4596	0.0002594	0.06134	0.06061	0.3458	0.4574	0.5865	57000.0	31710.0	0.2822	1.0
alpha1[16,2]	0.5657	0.0003015	0.06693	0.06684	0.4373	0.5645	0.7	49600.0	32240.0	0.2455	1.0
alpha1[17,1]	0.4332	0.0005704	0.1214	0.1208	0.2054	0.4295	0.6832	45170.0	30230.0	0.2236	1.0
alpha1[17,2]	0.5071	0.0008153	0.1419	0.1456	0.2411	0.5038	0.7929	30130.0	27920.0	0.1492	1.0
alpha1[18,1]	0.4844	0.0003471	0.08529	0.08594	0.3179	0.4845	0.6508	60590.0	31680.0	0.2999	1.0
alpha1[18,2]	0.4216	0.0003543	0.08101	0.08164	0.2652	0.4211	0.5831	52220.0	30190.0	0.2585	1.0
alpha1[19,1]	0.7729	0.0003328	0.07391	0.07497	0.6272	0.7735	0.9153	48650.0	28120.0	0.2408	1.0
alpha1[19,2]	0.6734	0.0006315	0.1143	0.1186	0.4545	0.6724	0.8976	32490.0	24260.0	0.1608	1.0
alpha1[20,1]	0.5424	0.0002786	0.06062	0.0599	0.4303	0.5399	0.6688	48050.0	35030.0	0.2379	1.0
alpha1[20,2]	0.7666	0.0002479	0.05401	0.05422	0.6579	0.7678	0.8691	47310.0	32000.0	0.2342	1.0
alpha1[21,1]	0.5659	0.000296	0.0685	0.06831	0.4303	0.566	0.6989	53560.0	31880.0	0.2651	1.0
alpha1[21,2]	0.5301	0.0002867	0.06573	0.06584	0.4076	0.5283	0.6645	53610.0	30740.0	0.2654	1.0
alpha1[22,1]	0.5417	0.0004335	0.1001	0.1001	0.3454	0.5423	0.7373	53410.0	33940.0	0.2644	1.0
alpha1[22,2]	0.3928	0.0009323	0.1409	0.1384	0.1681	0.3754	0.7119	23550.0	25480.0	0.1166	1.0
alpha1[23,1]	0.4129	0.0003962	0.07803	0.07497	0.2806	0.4057	0.5867	40990.0	33210.0	0.2029	1.0
alpha1[23,2]	0.8063	0.0003699	0.07664	0.07812	0.6432	0.812	0.9381	42010.0	32500.0	0.208	1.0
alpha1[24,1]	0.1957	0.0005208	0.0903	0.0854	0.05998	0.1828	0.4072	29750.0	28090.0	0.1473	1.0
alpha1[24,2]	0.2316	0.0004565	0.08529	0.08103	0.09915	0.2199	0.4328	37100.0	28840.0	0.1836	1.0
alpha1[25,1]	0.04104	0.0001839	0.0335	0.02427	0.004252	0.03232	0.1284	35220.0	32310.0	0.1743	1.0
alpha1[25,2]	0.1686	0.0006886	0.1074	0.09656	0.02931	0.144	0.4357	23530.0	29460.0	0.1165	1.0
alpha1[26,1]	0.6742	0.0002812	0.06455	0.0656	0.5467	0.6756	0.7973	52500.0	33470.0	0.2599	1.0
alpha1[26,2]	0.7119	0.000305	0.06556	0.06577	0.5797	0.7132	0.836	45840.0	30540.0	0.2269	1.0
alpha1[27,1]	0.8582	0.0003869	0.07433	0.07849	0.7063	0.8606	0.9889	33230.0	19690.0	0.1645	1.0
alpha1[27,2]	0.9247	0.0001981	0.04464	0.04446	0.8216	0.931	0.9911	42910.0	23960.0	0.2124	1.0
alpha1[28,1]	0.4206	0.0003731	0.08121	0.0802	0.2631	0.4198	0.5814	47390.0	31710.0	0.2346	1.0
alpha1[28,2]	0.4174	0.0004596	0.08879	0.08908	0.2545	0.4135	0.6028	37360.0	29690.0	0.1849	1.0
alpha1[29,1]	0.6355	0.0005092	0.09731	0.09684	0.4347	0.6388	0.8166	36860.0	29670.0	0.1824	1.0
alpha1[29,2]	0.3837	0.0003125	0.07056	0.06934	0.2544	0.3794	0.5332	51700.0	34790.0	0.2559	1.0
alpha1[30,1]	0.7231	0.0002759	0.06316	0.06329	0.5971	0.724	0.8437	52140.0	32330.0	0.2581	1.0
alpha1[30,2]	0.7612	0.0002949	0.06331	0.06348	0.6325	0.7625	0.8803	45530.0	29470.0	0.2254	1.0
alpha1[31,1]	0.1773	0.0002895	0.05694	0.05429	0.08543	0.1708	0.307	39280.0	34250.0	0.1944	1.0
alpha1[31,2]	0.6422	0.0004148	0.08982	0.09042	0.4643	0.6437	0.8121	46790.0	31430.0	0.2316	1.0
alpha1[32,1]	0.7095	0.0002455	0.05742	0.05768	0.5979	0.7094	0.8227	54810.0	33630.0	0.2713	1.0
alpha1[32,2]	0.5696	0.0003328	0.07004	0.06983	0.4352	0.5682	0.7095	44780.0	31470.0	0.2216	1.0
alpha1[33,1]	0.4419	0.001962	0.2404	0.2968	0.05442	0.44	0.8817	14740.0	19780.0	0.07294	1.0
alpha1[33,2]	0.4482	0.001052	0.1621	0.1684	0.1473	0.4453	0.7704	23170.0	22250.0	0.1147	1.0
alpha1[34,1]	0.6369	0.0002874	0.06533	0.06504	0.5123	0.6356	0.7686	52150.0	31920.0	0.2581	1.0
alpha1[34,2]	0.6392	0.0004607	0.07806	0.08036	0.4922	0.6379	0.7928	28750.0	29450.0	0.1423	1.0
alpha1[35,1]	0.1509	0.0007417	0.1049	0.07565	0.03231	0.1221	0.4406	23150.0	21450.0	0.1146	1.0
alpha1[35,2]	0.1597	0.0003988	0.0715	0.06811	0.05274	0.1489	0.328	31740.0	30700.0	0.1571	1.0
alpha1[36,1]	0.2494	0.0003249	0.06695	0.06549	0.1359	0.2438	0.3965	42750.0	34100.0	0.2116	1.0
alpha1[36,2]	0.4446	0.0004355	0.08737	0.08645	0.2713	0.4449	0.6158	40340.0	29530.0	0.1997	1.0
alpha1[37,1]	0.6848	0.0002974	0.07002	0.07071	0.5453	0.6855	0.8196	55340.0	33190.0	0.2739	1.0
alpha1[37,2]	0.7601	0.0004482	0.08995	0.09151	0.5711	0.7648	0.9214	38780.0	26040.0	0.192	1.0
alpha1[38,1]	0.7049	0.0003483	0.08114	0.08133	0.5448	0.7055	0.8615	53770.0	28160.0	0.2661	1.0
alpha1[38,2]	0.6049	0.000334	0.07469	0.07511	0.4639	0.6031	0.7561	50720.0	30180.0	0.2511	1.0
alpha1[39,1]	0.03404	0.0001252	0.02309	0.01837	0.005375	0.02882	0.09379	35220.0	28890.0	0.1743	1.0
alpha1[39,2]	0.08617	0.0002062	0.03925	0.03487	0.0302	0.07942	0.1821	38890.0	30840.0	0.1925	1.0
alpha1[40,1]	0.6692	0.00056	0.1097	0.11	0.4553	0.6685	0.885	38220.0	26520.0	0.1892	1.0
alpha1[40,2]	0.7558	0.0003527	0.07672	0.07822	0.6066	0.7552	0.9062	46920.0	25680.0	0.2322	1.0
alpha1[41,1]	0.6842	0.000416	0.09131	0.09072	0.5018	0.6862	0.8597	47900.0	29900.0	0.2371	1.0
alpha1[41,2]	0.5719	0.001116	0.1665	0.1815	0.2587	0.5719	0.8843	22130.0	25110.0	0.1095	1.0
alpha1[42,1]	0.7424	0.0003588	0.07453	0.07573	0.5893	0.745	0.8792	42690.0	32470.0	0.2113	1.0
alpha1[42,2]	0.5826	0.0003927	0.08383	0.0844	0.4156	0.5834	0.7426	45560.0	33450.0	0.2255	1.0
alpha1[43,1]	0.187	0.0001983	0.04561	0.04562	0.1052	0.1844	0.2833	52670.0	33600.0	0.2607	1.0
alpha1[43,2]	0.1663	0.0002307	0.04572	0.04385	0.09041	0.1621	0.2678	39620.0	30650.0	0.1961	1.0
alpha1[44,1]	0.04287	0.0002168	0.03795	0.02715	0.002996	0.0329	0.1406	32210.0	25420.0	0.1594	1.0
alpha1[44,2]	0.1553	0.0005449	0.08767	0.07675	0.0337	0.1383	0.3724	23260.0	18330.0	0.1151	1.0
alpha1[45,1]	0.06847	0.0001572	0.03066	0.02829	0.02299	0.0638	0.141	36330.0	27980.0	0.1798	1.0
alpha1[45,2]	0.06048	0.0001115	0.02223	0.02066	0.02622	0.05745	0.1124	39960.0	33240.0	0.1978	1.0
alpha1[46,1]	0.1863	0.000203	0.04752	0.04735	0.1026	0.1836	0.2876	55020.0	33370.0	0.2724	1.0
alpha1[46,2]	0.1523	0.0002191	0.04893	0.04851	0.07126	0.1475	0.2612	50860.0	33100.0	0.2517	1.0
alpha1[47,1]	0.09924	0.000135	0.03319	0.03217	0.04647	0.09523	0.1738	65020.0	32070.0	0.3218	1.0
alpha1[47,2]	0.1562	0.000197	0.04742	0.04696	0.0769	0.1517	0.2617	59890.0	33620.0	0.2964	1.0
alpha1[48,1]	0.5634	0.0003619	0.07409	0.07526	0.4249	0.5618	0.7113	42360.0	31560.0	0.2097	1.0
alpha1[48,2]	0.58	0.0002701	0.06086	0.06069	0.4633	0.579	0.7016	50980.0	31610.0	0.2524	1.0
alpha1[49,1]	0.4395	0.0002975	0.07203	0.072	0.3008	0.4381	0.5855	58700.0	33000.0	0.2906	1.0
alpha1[49,2]	0.3596	0.0003673	0.07516	0.07456	0.2192	0.357	0.5144	41900.0	32320.0	0.2074	1.0
alpha1[50,1]	0.00608	3.994e-05	0.008054	0.00396	4.271e-05	0.003224	0.02835	40610.0	28390.0	0.201	1.0
alpha1[50,2]	0.01413	7.59e-05	0.01516	0.009784	0.0003485	0.009483	0.0552	37970.0	27620.0	0.188	1.0
alpha1[51,1]	0.07058	0.0001429	0.02907	0.026	0.02853	0.06581	0.1407	42360.0	33790.0	0.2097	1.0
alpha1[51,2]	0.06758	0.0002192	0.03631	0.03046	0.02018	0.06002	0.1591	29110.0	28680.0	0.1441	1.0
alpha1[52,1]	0.9677	0.0001419	0.03253	0.02435	0.8821	0.9779	0.9995	47680.0	26620.0	0.236	1.0
alpha1[52,2]	0.9508	0.0002057	0.0453	0.03635	0.8305	0.9639	0.9987	42590.0	26320.0	0.2108	1.0
alpha1[53,1]	0.954	0.0001564	0.0354	0.03163	0.8652	0.9619	0.9974	46880.0	27720.0	0.232	1.0
alpha1[53,2]	0.8325	0.0005327	0.09798	0.1063	0.6263	0.8394	0.9908	29960.0	21250.0	0.1483	1.0
alpha1[54,1]	0.3382	0.0004361	0.0864	0.0841	0.1882	0.3316	0.5284	39630.0	32260.0	0.1962	1.0
alpha1[54,2]	0.5962	0.0003761	0.0844	0.08451	0.4283	0.5976	0.7588	50490.0	33190.0	0.2499	1.0
alpha1[55,1]	0.7836	0.0003335	0.07212	0.07201	0.64	0.7842	0.9248	45900.0	24210.0	0.2272	1.0
alpha1[55,2]	0.8527	0.0002864	0.06241	0.06421	0.7205	0.8565	0.9614	44060.0	25460.0	0.2181	1.0
alpha1[56,1]	0.5062	0.0003721	0.08297	0.08243	0.3446	0.5057	0.6692	49810.0	31400.0	0.2465	1.0
alpha1[56,2]	0.5508	0.0003403	0.07899	0.08003	0.3998	0.5497	0.708	54550.0	29040.0	0.27	1.0
alpha1[57,1]	0.6888	0.0006388	0.1147	0.1139	0.4778	0.683	0.9337	33240.0	19630.0	0.1646	1.0
alpha1[57,2]	0.8614	0.0003702	0.07762	0.07504	0.6804	0.8731	0.9775	42460.0	27840.0	0.2102	1.0
alpha1[58,1]	0.04973	0.0002368	0.04106	0.03102	0.003588	0.0394	0.1566	29880.0	25940.0	0.1479	1.0
alpha1[58,2]	0.06867	0.0002786	0.04843	0.03926	0.008355	0.0582	0.1907	29810.0	26800.0	0.1475	1.0
alpha1[59,1]	0.7748	0.0005557	0.1106	0.1147	0.5482	0.7786	0.9734	35480.0	19170.0	0.1756	1.0
alpha1[59,2]	0.8423	0.0003409	0.07837	0.0808	0.6749	0.8489	0.9738	46880.0	23570.0	0.232	0.9999
alpha1[60,1]	0.5992	0.0003006	0.07236	0.07237	0.4614	0.5975	0.7454	58320.0	33680.0	0.2887	1.0
alpha1[60,2]	0.4293	0.0005541	0.09563	0.09239	0.2619	0.4213	0.638	31210.0	26270.0	0.1545	1.0
alpha1[61,1]	0.446	0.0004179	0.08845	0.08886	0.2751	0.4451	0.6213	44750.0	30390.0	0.2215	1.0
alpha1[61,2]	0.3952	0.0004634	0.08989	0.09015	0.2267	0.3924	0.5779	37390.0	30070.0	0.1851	1.0
alpha1[62,1]	0.1355	0.0004369	0.0664	0.05868	0.04525	0.1225	0.2996	23790.0	29390.0	0.1177	1.0
alpha1[62,2]	0.3222	0.0002808	0.06943	0.06898	0.1938	0.3193	0.4654	61410.0	30620.0	0.304	1.0
alpha1[63,1]	0.7645	0.0002237	0.0531	0.05331	0.6552	0.766	0.8634	55740.0	34300.0	0.2759	1.0
alpha1[63,2]	0.7825	0.0003264	0.06549	0.06606	0.6495	0.7845	0.9052	39310.0	27190.0	0.1946	1.0
alpha1[64,1]	0.06056	9.85e-05	0.02088	0.01893	0.02935	0.05727	0.1106	45820.0	35230.0	0.2268	1.0
alpha1[64,2]	0.1658	0.0002228	0.05181	0.05131	0.08016	0.1607	0.2808	56820.0	32340.0	0.2813	1.0
alpha1[65,1]	0.02692	0.000144	0.02654	0.01826	0.0009664	0.01949	0.09663	31320.0	27000.0	0.155	1.0
alpha1[65,2]	0.06988	0.0002684	0.04858	0.03992	0.008984	0.05935	0.1912	31060.0	25700.0	0.1537	1.0
alpha1[66,1]	0.05459	0.0001417	0.02631	0.02299	0.01825	0.0496	0.1188	34640.0	32770.0	0.1715	1.0
alpha1[66,2]	0.1836	0.0002475	0.05359	0.05165	0.09467	0.1785	0.3042	47610.0	33110.0	0.2356	1.0
alpha1[67,1]	0.03633	0.000181	0.03424	0.02263	0.002499	0.02694	0.1257	39190.0	29230.0	0.194	1.0
alpha1[67,2]	0.1467	0.0005177	0.09053	0.07952	0.02944	0.1272	0.3718	30420.0	30920.0	0.1506	1.0
alpha1[68,1]	0.02231	0.0001142	0.02116	0.01474	0.001077	0.0164	0.07824	33850.0	25510.0	0.1676	1.0
alpha1[68,2]	0.05914	0.0002377	0.03981	0.0312	0.01296	0.04893	0.1617	30270.0	30940.0	0.1498	1.0
alpha1[69,1]	0.04141	8.765e-05	0.01766	0.01604	0.01632	0.03827	0.08425	42260.0	33810.0	0.2092	1.001
alpha1[69,2]	0.04146	8.387e-05	0.01724	0.01524	0.01705	0.03836	0.08282	46330.0	32050.0	0.2293	1.0
alpha1[70,1]	0.152	0.0003766	0.06196	0.05592	0.06396	0.1409	0.301	27340.0	31620.0	0.1353	1.0
alpha1[70,2]	0.509	0.0004424	0.09144	0.09126	0.3307	0.5084	0.6912	42750.0	32460.0	0.2116	1.0
alpha1[71,1]	0.1822	0.0006976	0.1062	0.09589	0.04339	0.1588	0.4454	22590.0	29680.0	0.1118	1.0
alpha1[71,2]	0.1043	0.0003082	0.05279	0.04596	0.03241	0.09409	0.2347	31720.0	30240.0	0.157	1.0
alpha1[72,1]	0.06957	0.0005166	0.06136	0.03593	0.009834	0.05395	0.2328	21250.0	15360.0	0.1052	1.0
alpha1[72,2]	0.1208	0.000224	0.04335	0.04041	0.05342	0.1149	0.2214	38830.0	32700.0	0.1922	1.0
alpha1[73,1]	0.3581	0.0002788	0.06171	0.06145	0.2448	0.3549	0.4868	49570.0	34530.0	0.2454	1.0
alpha1[73,2]	0.2115	0.000479	0.07771	0.07965	0.08537	0.2038	0.3826	25200.0	28070.0	0.1247	1.0
alpha1[74,1]	0.1241	0.0002261	0.04614	0.04366	0.05258	0.1179	0.231	41720.0	31830.0	0.2065	1.0
alpha1[74,2]	0.1301	0.0002998	0.05399	0.05153	0.04686	0.1227	0.2555	32440.0	30860.0	0.1606	1.0
alpha1[75,1]	0.05431	0.0001835	0.02885	0.02509	0.0169	0.04794	0.1266	24190.0	31080.0	0.1198	1.0
alpha1[75,2]	0.1493	0.0001706	0.0429	0.04258	0.07623	0.1457	0.2423	63860.0	33080.0	0.3161	1.0
alpha1[76,1]	0.3518	0.0003174	0.07307	0.07363	0.2151	0.3499	0.5005	52830.0	32110.0	0.2615	1.0
alpha1[76,2]	0.4313	0.0004409	0.08245	0.08223	0.2743	0.4298	0.5982	34900.0	28240.0	0.1728	1.0
alpha1[77,1]	0.9051	0.0003242	0.06562	0.06882	0.7565	0.9148	0.9963	34620.0	22690.0	0.1714	1.0
alpha1[77,2]	0.891	0.0003223	0.06984	0.07199	0.7321	0.9009	0.9923	39570.0	23050.0	0.1959	1.0
alpha1[78,1]	0.9818	8.377e-05	0.01914	0.01325	0.9301	0.9881	0.9998	47510.0	26280.0	0.2352	1.0
alpha1[78,2]	0.966	0.0001601	0.03217	0.02539	0.8823	0.9757	0.9992	38380.0	27620.0	0.19	1.0
alpha1[79,1]	0.9049	0.0002481	0.05006	0.05174	0.7998	0.9073	0.9919	35030.0	18290.0	0.1734	1.0
alpha1[79,2]	0.9376	0.000173	0.03879	0.03845	0.8474	0.9441	0.9932	42990.0	23840.0	0.2128	1.0
alpha1[80,1]	0.7704	0.000557	0.1121	0.1165	0.5356	0.7764	0.9642	37050.0	24120.0	0.1834	1.0
alpha1[80,2]	0.7484	0.0004683	0.09809	0.1002	0.5573	0.7482	0.9375	42460.0	24850.0	0.2102	1.0
alpha1[81,1]	0.4522	0.0003239	0.0765	0.07646	0.3054	0.4511	0.605	55960.0	33050.0	0.277	1.0
alpha1[81,2]	0.3273	0.0004288	0.0821	0.0803	0.1863	0.3208	0.5051	37460.0	30380.0	0.1854	1.0
alpha1[82,1]	0.2423	0.0003311	0.06604	0.06306	0.1335	0.235	0.3935	41250.0	31420.0	0.2042	1.0
alpha1[82,2]	0.3312	0.0003797	0.08001	0.08214	0.1843	0.328	0.4938	44020.0	31340.0	0.2179	1.0
alpha1[83,1]	0.8825	0.0006225	0.09936	0.1035	0.6514	0.9053	0.9988	23360.0	25880.0	0.1156	1.0
alpha1[83,2]	0.9488	0.0001888	0.03969	0.03602	0.8506	0.9579	0.9976	40370.0	27040.0	0.1998	1.0
alpha1[84,1]	0.5334	0.0006595	0.118	0.1146	0.2866	0.537	0.7559	34550.0	20230.0	0.171	1.0
alpha1[84,2]	0.4022	0.0004518	0.1005	0.1023	0.223	0.3965	0.615	50330.0	30720.0	0.2491	1.0
alpha1[85,1]	0.6876	0.0003746	0.08099	0.08204	0.5324	0.6864	0.8476	47180.0	29930.0	0.2335	1.0
alpha1[85,2]	0.5211	0.0003533	0.07799	0.07676	0.3748	0.5192	0.6806	49280.0	30980.0	0.2439	1.0
alpha1[86,1]	0.5861	0.0004891	0.102	0.1024	0.3942	0.5838	0.7931	44210.0	29110.0	0.2188	1.0
alpha1[86,2]	0.6604	0.0004177	0.09155	0.09303	0.4809	0.6606	0.8377	47900.0	27940.0	0.2371	1.0
alpha1[87,1]	0.2178	0.0005551	0.1059	0.1043	0.06257	0.2011	0.4636	34670.0	30910.0	0.1716	1.0
alpha1[87,2]	0.09688	0.000438	0.0678	0.05479	0.01747	0.07879	0.271	24490.0	29290.0	0.1212	1.0
alpha1[88,1]	0.0156	0.0001019	0.01925	0.01059	0.0002063	0.009451	0.06711	36400.0	27880.0	0.1802	1.0
alpha1[88,2]	0.02916	0.0001425	0.02668	0.01931	0.001332	0.02186	0.1004	33080.0	27480.0	0.1637	1.0
alpha1[89,1]	0.7151	0.000282	0.06928	0.06914	0.5781	0.7158	0.8503	60180.0	30240.0	0.2979	1.0
alpha1[89,2]	0.6218	0.0004777	0.08791	0.08766	0.4573	0.6192	0.8029	34710.0	26490.0	0.1718	1.0
alpha1[90,1]	0.3861	0.0003406	0.0807	0.08151	0.2345	0.3843	0.5489	56170.0	33910.0	0.278	1.0
alpha1[90,2]	0.3677	0.0005009	0.09537	0.09688	0.1998	0.3618	0.5696	36900.0	29780.0	0.1826	1.0
alpha1[91,1]	0.1015	0.0004777	0.07306	0.0524	0.01799	0.08353	0.292	26860.0	24060.0	0.133	1.0
alpha1[91,2]	0.1293	0.0005156	0.07757	0.06044	0.03446	0.1115	0.3281	26510.0	24170.0	0.1312	1.0
alpha1[92,1]	0.4082	0.000993	0.1362	0.143	0.161	0.4055	0.6815	18470.0	23610.0	0.09141	1.0
alpha1[92,2]	0.5584	0.0004048	0.09211	0.09187	0.385	0.5556	0.7468	52290.0	30830.0	0.2588	1.0
alpha1[93,1]	0.9641	0.0001323	0.0311	0.02693	0.8854	0.9722	0.9991	46130.0	24040.0	0.2283	1.0
alpha1[93,2]	0.9284	0.0002599	0.05305	0.05298	0.8026	0.9387	0.9973	35000.0	24970.0	0.1733	1.0
alpha1[94,1]	0.9351	0.0003037	0.04921	0.04787	0.8175	0.9453	0.9977	25140.0	26660.0	0.1244	1.0
alpha1[94,2]	0.6932	0.002487	0.2617	0.2588	0.1328	0.7722	0.9942	12700.0	19410.0	0.06284	1.0
alpha1[95,1]	0.6689	0.0004574	0.09632	0.09571	0.4839	0.6674	0.8632	44680.0	28770.0	0.2211	1.0
alpha1[95,2]	0.6519	0.0007102	0.1228	0.1291	0.4179	0.6505	0.8899	29860.0	25810.0	0.1478	1.0
alpha1[96,1]	0.4336	0.0004255	0.09028	0.09062	0.2619	0.4319	0.6163	44790.0	32180.0	0.2217	1.0
alpha1[96,2]	0.3966	0.0003615	0.07992	0.08065	0.2518	0.3929	0.563	49360.0	33150.0	0.2443	1.0
alpha1[97,1]	0.4355	0.0003021	0.06552	0.06528	0.3131	0.4334	0.5699	47390.0	35530.0	0.2346	1.0
alpha1[97,2]	0.8191	0.0002993	0.06452	0.06518	0.683	0.8228	0.934	45830.0	32280.0	0.2269	1.0
alpha1[98,1]	0.7554	0.0004633	0.1079	0.1105	0.5255	0.7619	0.9422	51470.0	28430.0	0.2548	1.0
alpha1[98,2]	0.5624	0.0007709	0.1388	0.1401	0.3002	0.5579	0.8442	32360.0	26630.0	0.1602	1.0
alpha1[99,1]	0.9219	0.0002745	0.05865	0.05471	0.7784	0.9349	0.9962	39620.0	24060.0	0.1961	1.0
alpha1[99,2]	0.8497	0.000445	0.08895	0.09395	0.6564	0.8584	0.9895	34570.0	21740.0	0.1711	1.0
alpha1[100,1]	0.5723	0.0005922	0.1088	0.109	0.376	0.567	0.8011	35060.0	25420.0	0.1735	1.0
alpha1[100,2]	0.5506	0.0003683	0.0816	0.08112	0.3975	0.5482	0.7178	50170.0	30100.0	0.2483	1.0
alpha1[101,1]	0.6172	0.00033	0.07701	0.0771	0.4703	0.6161	0.7697	54730.0	31440.0	0.2709	1.0
alpha1[101,2]	0.5263	0.000618	0.1067	0.1078	0.3283	0.522	0.7449	30080.0	27950.0	0.1489	1.0
alpha1[102,1]	0.2733	0.0003403	0.07823	0.07701	0.1361	0.268	0.4431	52070.0	31250.0	0.2578	1.0
alpha1[102,2]	0.1024	0.0002741	0.04807	0.04269	0.03384	0.0942	0.2187	32980.0	31600.0	0.1632	1.0
alpha1[103,1]	0.9726	0.0001102	0.0256	0.02107	0.9058	0.9799	0.9995	45870.0	25080.0	0.2271	1.0
alpha1[103,2]	0.9534	0.0001935	0.04034	0.03512	0.8509	0.9642	0.9986	38000.0	26220.0	0.1881	1.0
alpha1[104,1]	0.5963	0.0002843	0.06838	0.06897	0.4655	0.5953	0.7323	58270.0	32970.0	0.2884	1.0
alpha1[104,2]	0.6833	0.0002783	0.0654	0.06556	0.5533	0.6837	0.8102	55090.0	28490.0	0.2727	1.0
alpha1[105,1]	0.949	0.0001995	0.04582	0.03846	0.8304	0.9615	0.9989	47840.0	24540.0	0.2368	1.0
alpha1[105,2]	0.9122	0.0003479	0.07169	0.0664	0.735	0.9299	0.997	37350.0	26930.0	0.1849	1.0
alpha1[106,1]	0.6465	0.0002925	0.06792	0.06719	0.5142	0.6461	0.7803	54320.0	29230.0	0.2689	1.0
alpha1[106,2]	0.6676	0.0003605	0.077	0.07681	0.5172	0.6672	0.8202	45820.0	27950.0	0.2268	1.0
alpha1[107,1]	0.3407	0.0002525	0.05355	0.05222	0.2429	0.3381	0.4546	45170.0	36940.0	0.2236	1.0
alpha1[107,2]	0.7383	0.0003304	0.06822	0.06885	0.606	0.7376	0.8726	42830.0	28790.0	0.212	1.0
alpha1[108,1]	0.4986	0.0003663	0.08246	0.08272	0.3415	0.4971	0.6644	50890.0	32870.0	0.2519	1.0
alpha1[108,2]	0.4958	0.0004568	0.09135	0.09152	0.3175	0.4958	0.6753	40010.0	30890.0	0.1981	1.0
alpha1[109,1]	0.2572	0.0007735	0.119	0.1269	0.06765	0.2462	0.5143	22510.0	26010.0	0.1114	1.0
alpha1[109,2]	0.2475	0.0003487	0.07172	0.06948	0.1244	0.2413	0.4054	42040.0	30440.0	0.2081	1.0
alpha1[110,1]	0.5555	0.0002808	0.06845	0.06838	0.4251	0.5541	0.693	60090.0	31070.0	0.2974	1.0
alpha1[110,2]	0.4712	0.0004386	0.087	0.08676	0.3118	0.4672	0.653	40450.0	28190.0	0.2002	1.0
alpha1[111,1]	0.03386	0.0001612	0.02888	0.02148	0.002762	0.02636	0.1078	33480.0	29060.0	0.1657	1.0
alpha1[111,2]	0.1352	0.0002209	0.04974	0.04668	0.05632	0.1293	0.2498	51080.0	33740.0	0.2528	1.0
alpha1[112,1]	0.6133	0.0003766	0.07933	0.07849	0.4682	0.6096	0.7785	45620.0	28730.0	0.2258	1.0
alpha1[112,2]	0.6954	0.0003742	0.07661	0.07726	0.5486	0.6942	0.8476	42180.0	28360.0	0.2088	1.0
alpha1[113,1]	0.5368	0.0005027	0.1125	0.1127	0.3264	0.533	0.7685	51020.0	29100.0	0.2525	1.0
alpha1[113,2]	0.519	0.0008389	0.1412	0.144	0.2464	0.5169	0.7983	28200.0	24690.0	0.1396	1.0
alpha1[114,1]	0.3957	0.0002923	0.06861	0.06829	0.2628	0.3951	0.533	55080.0	33140.0	0.2726	1.0
alpha1[114,2]	0.2636	0.0002291	0.05039	0.05045	0.1686	0.2626	0.3663	48030.0	33680.0	0.2377	1.0
alpha1[115,1]	0.867	0.0002052	0.04669	0.04662	0.7673	0.8704	0.9484	49830.0	29610.0	0.2466	1.0
alpha1[115,2]	0.7555	0.000273	0.0632	0.06336	0.6262	0.7576	0.8739	53110.0	31830.0	0.2629	1.0
alpha1[116,1]	0.5254	0.0003407	0.07342	0.07284	0.3857	0.5236	0.674	46940.0	29660.0	0.2324	1.0
alpha1[116,2]	0.4896	0.0002502	0.05823	0.05737	0.3811	0.4878	0.6093	54900.0	32450.0	0.2718	0.9999
alpha1[117,1]	0.5275	0.0003644	0.0835	0.08352	0.373	0.5248	0.6994	53540.0	32350.0	0.265	1.0
alpha1[117,2]	0.5378	0.0004924	0.09824	0.09828	0.3461	0.5374	0.7318	39870.0	27290.0	0.1973	1.0
alpha1[118,1]	0.7727	0.0003546	0.08126	0.08227	0.6116	0.7738	0.9275	51070.0	26420.0	0.2528	1.0
alpha1[118,2]	0.7374	0.0004178	0.08763	0.08889	0.5633	0.7387	0.9046	42900.0	25000.0	0.2123	1.0
alpha1[119,1]	0.9012	0.0002812	0.05883	0.06272	0.7752	0.9069	0.9941	37450.0	22020.0	0.1854	1.0
alpha1[119,2]	0.9011	0.0002641	0.0573	0.05977	0.7738	0.9072	0.9901	39910.0	23630.0	0.1975	1.0
alpha1[120,1]	0.285	0.0004626	0.09046	0.09132	0.1306	0.2778	0.4813	37100.0	30340.0	0.1836	0.9999
alpha1[120,2]	0.1837	0.0004213	0.07094	0.06461	0.08087	0.1718	0.3562	29880.0	29740.0	0.1479	1.0
alpha1[121,1]	0.3313	0.0007008	0.1249	0.1261	0.1285	0.3179	0.6086	31210.0	29440.0	0.1545	1.0
alpha1[121,2]	0.2512	0.0005024	0.0942	0.08987	0.1058	0.2383	0.4708	36140.0	30030.0	0.1789	1.0
alpha1[122,1]	0.5199	0.0003192	0.07494	0.07476	0.3782	0.5182	0.6722	55730.0	31170.0	0.2759	1.0
alpha1[122,2]	0.5202	0.0003944	0.08143	0.0808	0.36	0.5206	0.6788	42750.0	29920.0	0.2116	1.0
alpha1[123,1]	0.08738	0.0001758	0.03475	0.03276	0.03561	0.082	0.1691	39800.0	34070.0	0.197	1.0
alpha1[123,2]	0.2554	0.0001992	0.04514	0.04451	0.1708	0.2541	0.3481	51630.0	35150.0	0.2556	1.0
alpha1[124,1]	0.6508	0.0002993	0.07001	0.06999	0.5155	0.6503	0.7902	55110.0	30640.0	0.2728	1.0
alpha1[124,2]	0.7255	0.000312	0.06736	0.06793	0.5933	0.7262	0.8562	46450.0	29590.0	0.2299	1.0
alpha1[125,1]	0.6307	0.0002819	0.06945	0.06933	0.4954	0.6296	0.7689	60960.0	31150.0	0.3018	1.0
alpha1[125,2]	0.6617	0.0003212	0.06757	0.06828	0.5321	0.6606	0.7971	44580.0	30170.0	0.2207	1.0
alpha1[126,1]	0.779	0.0002828	0.06295	0.0633	0.6545	0.7795	0.9008	48910.0	28010.0	0.2421	1.0
alpha1[126,2]	0.7091	0.0002791	0.06066	0.06097	0.5935	0.7081	0.83	47620.0	27940.0	0.2357	1.0
alpha1[127,1]	0.6365	0.0003578	0.07741	0.07749	0.4913	0.6348	0.7931	47860.0	32100.0	0.2369	1.0
alpha1[127,2]	0.8365	0.000321	0.06841	0.07008	0.69	0.8415	0.9525	43350.0	29100.0	0.2146	1.0
alpha1[128,1]	0.8606	0.0005252	0.1055	0.1064	0.612	0.8803	0.9961	36250.0	25650.0	0.1794	1.0
alpha1[128,2]	0.881	0.0003587	0.07999	0.08165	0.6951	0.8936	0.9927	44000.0	25730.0	0.2178	1.0
alpha1[129,1]	0.8314	0.0002287	0.0538	0.05416	0.7207	0.8332	0.9304	53730.0	27500.0	0.266	1.0
alpha1[129,2]	0.7369	0.0003132	0.0674	0.06889	0.605	0.7372	0.8674	46090.0	30400.0	0.2282	1.0
alpha1[130,1]	0.7352	0.001781	0.1603	0.1806	0.4066	0.7513	0.9839	8724.0	24220.0	0.04319	1.0
alpha1[130,2]	0.5524	0.004492	0.311	0.3697	0.07621	0.6444	0.9745	6197.0	22590.0	0.03067	1.0
alpha1[131,1]	0.3726	0.0006457	0.1244	0.1239	0.1528	0.3652	0.6389	36660.0	28700.0	0.1814	1.0
alpha1[131,2]	0.6028	0.0005192	0.1113	0.1112	0.3823	0.6048	0.8159	47570.0	28150.0	0.2355	1.0
alpha1[132,1]	0.754	0.0004926	0.1049	0.1079	0.5404	0.7566	0.9469	43370.0	26710.0	0.2147	1.0
alpha1[132,2]	0.6153	0.0009746	0.1588	0.1639	0.29	0.6204	0.9078	26180.0	24410.0	0.1296	1.0
alpha1[133,1]	0.08847	0.0004627	0.06797	0.04438	0.01706	0.0708	0.2675	27610.0	23440.0	0.1367	1.0
alpha1[133,2]	0.2098	0.0006549	0.1034	0.09193	0.0703	0.1888	0.4628	26380.0	27860.0	0.1306	1.0
alpha1[134,1]	0.5615	0.000281	0.06346	0.06367	0.4419	0.5598	0.69	51230.0	35120.0	0.2536	1.0
alpha1[134,2]	0.7584	0.0002512	0.05726	0.05745	0.6447	0.7592	0.8679	51630.0	31570.0	0.2556	1.0
alpha1[135,1]	0.5326	0.0004779	0.1047	0.104	0.318	0.5351	0.7292	48920.0	28140.0	0.2422	1.0
alpha1[135,2]	0.6016	0.0004676	0.09968	0.1014	0.4063	0.602	0.7953	45400.0	29850.0	0.2247	1.0
alpha1[136,1]	0.09799	0.0002115	0.04056	0.03807	0.0372	0.092	0.1929	35460.0	29960.0	0.1755	1.0
alpha1[136,2]	0.09088	0.000135	0.0297	0.02862	0.04195	0.08772	0.1572	48430.0	33760.0	0.2397	1.0
alpha1[137,1]	0.6908	0.0003015	0.07096	0.07122	0.5549	0.6898	0.8326	55870.0	29750.0	0.2766	1.0
alpha1[137,2]	0.664	0.0004829	0.09471	0.09663	0.479	0.6643	0.8459	38390.0	27860.0	0.19	1.0
alpha1[138,1]	0.6769	0.000385	0.08425	0.08568	0.5088	0.6788	0.8365	47640.0	33300.0	0.2358	1.0
alpha1[138,2]	0.465	0.0005115	0.1005	0.1007	0.2774	0.4623	0.6695	38920.0	32000.0	0.1927	1.0
alpha1[139,1]	0.519	0.0004186	0.09565	0.09567	0.3344	0.5176	0.71	52340.0	32280.0	0.2591	1.0
alpha1[139,2]	0.5212	0.0004806	0.09611	0.09716	0.3367	0.52	0.7128	40030.0	29420.0	0.1981	1.0
alpha1[140,1]	0.1967	0.0002752	0.05703	0.05658	0.1029	0.1911	0.3237	43400.0	33940.0	0.2148	1.0
alpha1[140,2]	0.2246	0.0002476	0.05446	0.05436	0.1278	0.2214	0.3407	48640.0	31920.0	0.2408	0.9999
alpha1[141,1]	0.495	0.0008925	0.1547	0.1583	0.1994	0.4928	0.8035	29680.0	27170.0	0.1469	1.0
alpha1[141,2]	0.6018	0.0005464	0.1181	0.1192	0.3744	0.6001	0.835	46700.0	28350.0	0.2312	1.0
forget[1,1]	0.2178	0.0003663	0.07464	0.07505	0.08871	0.2121	0.3779	41060.0	30890.0	0.2032	1.0
forget[1,2]	0.1846	0.000269	0.06293	0.06183	0.08097	0.1781	0.324	56750.0	32820.0	0.2809	1.0
forget[2,1]	0.1508	0.0002433	0.05531	0.05214	0.06421	0.1431	0.2788	57380.0	31460.0	0.284	1.0
forget[2,2]	0.3805	0.0006296	0.1298	0.1302	0.1681	0.3667	0.6668	44730.0	30350.0	0.2214	1.0
forget[3,1]	0.1767	0.000306	0.06015	0.05997	0.07114	0.1724	0.3052	37670.0	27870.0	0.1865	1.0
forget[3,2]	0.2097	0.0002347	0.05242	0.05152	0.1166	0.2061	0.3215	50680.0	34350.0	0.2508	1.0
forget[4,1]	0.2972	0.0004533	0.09614	0.0946	0.1375	0.2874	0.5133	45910.0	34230.0	0.2272	1.0
forget[4,2]	0.0544	0.0001233	0.0273	0.02492	0.0138	0.05024	0.1194	51250.0	34000.0	0.2537	1.0
forget[5,1]	0.2957	0.0005393	0.1021	0.1005	0.1258	0.2849	0.5208	36860.0	31320.0	0.1825	1.0
forget[5,2]	0.244	0.0005778	0.1139	0.1102	0.06526	0.2288	0.5066	39410.0	29860.0	0.1951	1.0
forget[6,1]	0.173	0.0002672	0.05935	0.05873	0.06668	0.1697	0.2994	47420.0	27960.0	0.2347	1.0
forget[6,2]	0.2987	0.0004439	0.09415	0.09314	0.1413	0.2888	0.5063	46770.0	32870.0	0.2315	1.0
forget[7,1]	0.08704	0.0002001	0.04001	0.03662	0.02778	0.08036	0.1826	41560.0	32380.0	0.2057	1.0
forget[7,2]	0.3518	0.0003635	0.07624	0.0764	0.2091	0.3498	0.5076	44260.0	36430.0	0.2191	1.0
forget[8,1]	0.303	0.000415	0.09104	0.08809	0.1571	0.2915	0.5095	54150.0	31090.0	0.2681	1.0
forget[8,2]	0.4987	0.0004997	0.1143	0.1179	0.2799	0.4982	0.7218	52400.0	31850.0	0.2594	1.0
forget[9,1]	0.2566	0.0002976	0.0647	0.06408	0.1404	0.2534	0.3931	47170.0	32610.0	0.2335	1.0
forget[9,2]	0.2369	0.0003343	0.06801	0.06684	0.1219	0.2304	0.3878	43680.0	30540.0	0.2162	1.0
forget[10,1]	0.109	0.0001724	0.03857	0.0351	0.05108	0.1031	0.2004	59870.0	32180.0	0.2964	1.0
forget[10,2]	0.1943	0.0004719	0.086	0.08218	0.06097	0.1825	0.394	34370.0	29720.0	0.1701	1.0
forget[11,1]	0.3631	0.0004167	0.0898	0.09102	0.2	0.3595	0.5491	46890.0	33930.0	0.2321	1.0
forget[11,2]	0.3431	0.0005991	0.1205	0.121	0.1299	0.3356	0.5993	40360.0	30600.0	0.1998	1.0
forget[12,1]	0.29	0.001024	0.1628	0.176	0.04324	0.2718	0.6448	25010.0	31850.0	0.1238	1.0
forget[12,2]	0.1078	0.0002259	0.0516	0.04813	0.03081	0.1004	0.2291	54830.0	30490.0	0.2714	1.0
forget[13,1]	0.3239	0.0006359	0.1151	0.1142	0.1314	0.313	0.5808	32940.0	26120.0	0.1631	1.0
forget[13,2]	0.2053	0.0002395	0.05202	0.04896	0.1217	0.1991	0.3241	50830.0	31650.0	0.2516	1.0
forget[14,1]	0.1224	0.0002196	0.04822	0.04711	0.04475	0.117	0.2315	49320.0	31120.0	0.2441	1.0
forget[14,2]	0.1895	0.0002714	0.06138	0.05989	0.08985	0.1827	0.3286	54110.0	32860.0	0.2678	1.0
forget[15,1]	0.1847	0.0002904	0.06202	0.06083	0.08275	0.1778	0.3241	48210.0	33120.0	0.2386	1.0
forget[15,2]	0.1817	0.0004633	0.08376	0.07623	0.06196	0.1676	0.3858	36770.0	27290.0	0.182	1.0
forget[16,1]	0.1184	0.0002182	0.04676	0.04306	0.04621	0.1119	0.2284	49280.0	32360.0	0.2439	1.0
forget[16,2]	0.327	0.0003914	0.08239	0.08259	0.1873	0.3201	0.5054	45790.0	33660.0	0.2267	1.0
forget[17,1]	0.366	0.0005968	0.119	0.1195	0.1704	0.3539	0.6267	43090.0	27350.0	0.2133	1.0
forget[17,2]	0.2657	0.0004623	0.1024	0.0994	0.09976	0.2538	0.4979	52190.0	30650.0	0.2584	1.0
forget[18,1]	0.2314	0.0003516	0.07093	0.07042	0.1067	0.2265	0.3843	40150.0	29150.0	0.1987	1.0
forget[18,2]	0.1584	0.0002249	0.05085	0.04978	0.07458	0.1531	0.2716	53510.0	34640.0	0.2649	1.0
forget[19,1]	0.2974	0.0003343	0.07805	0.07896	0.1595	0.2928	0.4625	55090.0	32870.0	0.2727	1.0
forget[19,2]	0.2998	0.0005108	0.1012	0.1032	0.1247	0.2924	0.5161	39840.0	31730.0	0.1972	1.0
forget[20,1]	0.1348	0.0001862	0.04221	0.04071	0.06329	0.1308	0.2285	51760.0	31000.0	0.2562	1.0
forget[20,2]	0.1791	0.0002747	0.05521	0.05421	0.08035	0.1758	0.2973	39670.0	29790.0	0.1964	1.0
forget[21,1]	0.3689	0.0004282	0.08608	0.08661	0.211	0.3647	0.5465	40690.0	33010.0	0.2014	1.0
forget[21,2]	0.2457	0.000388	0.07763	0.07367	0.1206	0.2362	0.4222	42910.0	30920.0	0.2124	1.0
forget[22,1]	0.5745	0.0005637	0.1312	0.1375	0.3251	0.5737	0.8311	54400.0	29480.0	0.2693	1.0
forget[22,2]	0.6463	0.0006615	0.1474	0.1575	0.3477	0.6531	0.9085	48740.0	28240.0	0.2413	1.0
forget[23,1]	0.3386	0.0003872	0.09146	0.08979	0.1832	0.3307	0.5406	60980.0	27800.0	0.3019	1.0
forget[23,2]	0.523	0.0006301	0.1327	0.1363	0.2685	0.5223	0.7828	44230.0	31640.0	0.2189	1.0
forget[24,1]	0.5084	0.0006208	0.1316	0.1317	0.2435	0.511	0.759	45270.0	27540.0	0.2241	1.0
forget[24,2]	0.2187	0.0007519	0.122	0.0916	0.07152	0.1878	0.5515	37460.0	23280.0	0.1854	1.0
forget[25,1]	0.3013	0.000843	0.166	0.1718	0.06111	0.2762	0.6784	41280.0	32280.0	0.2044	1.0
forget[25,2]	0.3906	0.0006808	0.1561	0.1626	0.1253	0.379	0.7227	53570.0	31020.0	0.2651	1.0
forget[26,1]	0.179	0.0002838	0.05992	0.05719	0.08142	0.1721	0.3155	46550.0	31490.0	0.2304	1.0
forget[26,2]	0.2505	0.0003326	0.07378	0.07282	0.1254	0.2443	0.4124	50280.0	32950.0	0.2489	1.0
forget[27,1]	0.7272	0.0004468	0.09788	0.09799	0.5175	0.7348	0.8962	48090.0	30820.0	0.238	1.0
forget[27,2]	0.8141	0.0004229	0.09139	0.08842	0.6027	0.8256	0.9566	46850.0	29360.0	0.2319	1.0
forget[28,1]	0.1605	0.000366	0.06749	0.06455	0.05683	0.1513	0.317	35800.0	31120.0	0.1772	1.0
forget[28,2]	0.2886	0.0002957	0.07122	0.07078	0.1648	0.2831	0.4419	59740.0	32320.0	0.2957	0.9999
forget[29,1]	0.277	0.0004337	0.08389	0.08123	0.1379	0.2686	0.4632	40280.0	28180.0	0.1994	1.0
forget[29,2]	0.2377	0.0003659	0.07844	0.07684	0.1078	0.2299	0.4133	47910.0	32090.0	0.2371	1.0
forget[30,1]	0.1783	0.0002717	0.06006	0.0584	0.07775	0.173	0.3115	50250.0	32160.0	0.2487	1.0
forget[30,2]	0.3221	0.0003545	0.07772	0.07801	0.1724	0.321	0.4787	47830.0	31840.0	0.2367	1.0
forget[31,1]	0.223	0.0003089	0.06994	0.06716	0.107	0.2156	0.3805	54130.0	31660.0	0.2679	1.0
forget[31,2]	0.3972	0.0004838	0.1081	0.1086	0.1987	0.3924	0.6211	50020.0	30680.0	0.2476	1.0
forget[32,1]	0.1501	0.0001962	0.04541	0.04431	0.07375	0.1462	0.2506	55970.0	31960.0	0.277	1.0
forget[32,2]	0.2801	0.0002732	0.06485	0.06462	0.1674	0.2751	0.4198	57460.0	33830.0	0.2844	1.0
forget[33,1]	0.565	0.0007451	0.1413	0.1436	0.2757	0.57	0.8241	36790.0	24610.0	0.1821	1.0
forget[33,2]	0.515	0.0005618	0.1315	0.1317	0.2672	0.5116	0.7819	55080.0	28280.0	0.2726	1.0
forget[34,1]	0.1311	0.0002754	0.06058	0.05884	0.03679	0.1234	0.271	49280.0	31850.0	0.2439	1.0
forget[34,2]	0.118	0.0003909	0.06644	0.06575	0.01794	0.1089	0.2699	27640.0	27910.0	0.1368	1.0
forget[35,1]	0.3062	0.0005951	0.1191	0.1134	0.1245	0.2874	0.5858	46290.0	27030.0	0.2291	1.0
forget[35,2]	0.3731	0.0004922	0.1193	0.1164	0.1657	0.3634	0.6333	60150.0	29160.0	0.2977	1.0
forget[36,1]	0.2557	0.0003883	0.0837	0.07964	0.1225	0.2449	0.4498	52520.0	30150.0	0.26	1.0
forget[36,2]	0.246	0.0005395	0.09954	0.09512	0.09621	0.2301	0.4795	38340.0	28900.0	0.1898	1.0
forget[37,1]	0.175	0.0002167	0.05046	0.04908	0.08791	0.1712	0.2845	56050.0	33820.0	0.2774	1.0
forget[37,2]	0.2513	0.0005673	0.1043	0.1083	0.07287	0.2446	0.4708	32990.0	28400.0	0.1633	1.0
forget[38,1]	0.2997	0.000396	0.08641	0.08722	0.1419	0.2963	0.4784	46970.0	30550.0	0.2325	1.0
forget[38,2]	0.2229	0.0003607	0.08269	0.08008	0.08514	0.2146	0.4089	52450.0	32170.0	0.2596	1.0
forget[39,1]	0.1545	0.0007099	0.114	0.07947	0.03216	0.1186	0.4666	36300.0	26570.0	0.1797	1.001
forget[39,2]	0.113	0.000555	0.09405	0.06496	0.01195	0.08817	0.3739	38210.0	26830.0	0.1891	1.0
forget[40,1]	0.2736	0.0005677	0.1115	0.1124	0.09499	0.2612	0.5226	39320.0	32690.0	0.1946	1.0
forget[40,2]	0.2622	0.000572	0.1158	0.1108	0.08401	0.2456	0.5321	44850.0	31160.0	0.222	1.0
forget[41,1]	0.6837	0.0005244	0.1069	0.106	0.4523	0.6921	0.8684	42810.0	30170.0	0.2119	1.0
forget[41,2]	0.6981	0.0004033	0.09698	0.09837	0.503	0.7005	0.8804	57080.0	30930.0	0.2825	1.0
forget[42,1]	0.2336	0.0002541	0.05838	0.05734	0.1326	0.2292	0.3612	54360.0	32740.0	0.2691	1.0
forget[42,2]	0.2571	0.0004358	0.0868	0.08564	0.1151	0.2482	0.4501	41440.0	31450.0	0.2051	1.0
forget[43,1]	0.2067	0.0002819	0.05794	0.05709	0.1072	0.2023	0.3334	42980.0	32350.0	0.2127	1.0
forget[43,2]	0.3026	0.0003047	0.06888	0.06597	0.1906	0.2951	0.4594	56640.0	29740.0	0.2804	1.0
forget[44,1]	0.5048	0.0009201	0.1806	0.1957	0.1651	0.5015	0.8491	37590.0	24090.0	0.1861	1.0
forget[44,2]	0.6419	0.0009662	0.1617	0.1592	0.2849	0.6559	0.9088	36110.0	15890.0	0.1787	1.0
forget[45,1]	0.1128	0.0002315	0.04723	0.04429	0.037	0.1073	0.2216	41070.0	28170.0	0.2033	1.0
forget[45,2]	0.09653	0.0001651	0.03901	0.03616	0.03531	0.09145	0.1869	57090.0	31370.0	0.2826	1.0
forget[46,1]	0.07782	0.0002494	0.04594	0.04456	0.01513	0.06962	0.1861	34440.0	33010.0	0.1705	1.0
forget[46,2]	0.02361	7.501e-05	0.01621	0.01443	0.002707	0.02018	0.06351	45520.0	29840.0	0.2253	1.0
forget[47,1]	0.02141	6.477e-05	0.01442	0.01301	0.002735	0.01845	0.05653	48200.0	30820.0	0.2386	1.0
forget[47,2]	0.01915	7.836e-05	0.01646	0.01282	0.001222	0.01466	0.06168	47270.0	30080.0	0.234	1.0
forget[48,1]	0.1419	0.000291	0.05513	0.05298	0.05287	0.1355	0.2656	36970.0	31860.0	0.183	1.0
forget[48,2]	0.09031	0.0002037	0.04425	0.04132	0.02245	0.08397	0.1936	45920.0	29940.0	0.2273	1.0
forget[49,1]	0.1637	0.0002454	0.05381	0.05229	0.07761	0.1574	0.2863	51270.0	32000.0	0.2538	1.0
forget[49,2]	0.1486	0.0002374	0.05401	0.05271	0.06155	0.1429	0.2707	52430.0	32290.0	0.2595	1.0
forget[50,1]	0.2412	0.0007665	0.1674	0.1663	0.02004	0.2081	0.6399	49530.0	30850.0	0.2452	1.0
forget[50,2]	0.2382	0.0008786	0.1856	0.1845	0.01237	0.1952	0.6854	46540.0	31030.0	0.2304	1.0
forget[51,1]	0.2861	0.0004344	0.09298	0.08903	0.1297	0.2771	0.493	48970.0	25730.0	0.2424	1.0
forget[51,2]	0.2714	0.0004453	0.09692	0.0883	0.1159	0.2593	0.4999	54960.0	28030.0	0.272	1.0
forget[52,1]	0.2841	0.0003009	0.07469	0.07498	0.1527	0.2795	0.4429	62420.0	32140.0	0.309	1.0
forget[52,2]	0.3143	0.0005738	0.1122	0.1064	0.1326	0.3013	0.5727	41360.0	27640.0	0.2047	1.0
forget[53,1]	0.6855	0.0004533	0.09586	0.09822	0.4892	0.6893	0.8607	44350.0	33740.0	0.2195	1.0
forget[53,2]	0.5269	0.0005304	0.1242	0.1276	0.2874	0.5271	0.7702	54800.0	32330.0	0.2712	1.0
forget[54,1]	0.1846	0.0003108	0.06725	0.06409	0.07415	0.1771	0.3375	47900.0	31300.0	0.2371	1.0
forget[54,2]	0.1133	0.0002685	0.05754	0.05387	0.02705	0.1046	0.2488	46740.0	30330.0	0.2313	1.0
forget[55,1]	0.1793	0.0003856	0.07407	0.07108	0.0678	0.1677	0.3537	40120.0	31200.0	0.1986	1.0
forget[55,2]	0.1885	0.0003333	0.07295	0.07156	0.0687	0.1805	0.3513	49060.0	32150.0	0.2428	1.0
forget[56,1]	0.2757	0.0004557	0.09013	0.08785	0.1239	0.2671	0.4755	41150.0	30550.0	0.2037	1.0
forget[56,2]	0.2385	0.0003947	0.08354	0.08461	0.09643	0.2314	0.4196	45440.0	31670.0	0.2249	1.0
forget[57,1]	0.2779	0.0003936	0.09155	0.08776	0.1287	0.2674	0.4846	59450.0	31110.0	0.2943	1.0
forget[57,2]	0.4531	0.000719	0.1404	0.1444	0.2037	0.4445	0.7439	38500.0	32250.0	0.1906	1.0
forget[58,1]	0.336	0.0009198	0.1813	0.1916	0.04816	0.3142	0.7271	38560.0	29380.0	0.1909	1.0
forget[58,2]	0.4199	0.0008726	0.1842	0.1981	0.09517	0.4119	0.7934	43870.0	31290.0	0.2172	1.0
forget[59,1]	0.3566	0.0005262	0.1098	0.1096	0.159	0.3505	0.5876	43570.0	30770.0	0.2157	1.0
forget[59,2]	0.484	0.0004569	0.1046	0.1055	0.279	0.4837	0.6878	52410.0	32970.0	0.2594	1.0
forget[60,1]	0.2296	0.0002878	0.06083	0.06001	0.126	0.2242	0.3612	46630.0	31380.0	0.2308	1.0
forget[60,2]	0.2494	0.000406	0.08061	0.07985	0.113	0.2424	0.4257	39660.0	32480.0	0.1963	1.0
forget[61,1]	0.2593	0.0004041	0.0765	0.07607	0.1241	0.2542	0.4232	36110.0	31840.0	0.1787	1.0
forget[61,2]	0.2452	0.000308	0.07064	0.06977	0.1251	0.2396	0.399	53920.0	32780.0	0.2669	1.0
forget[62,1]	0.4056	0.0005743	0.1108	0.1103	0.2123	0.3974	0.6433	38500.0	29020.0	0.1905	1.0
forget[62,2]	0.4002	0.0003283	0.07948	0.0796	0.2591	0.3953	0.5689	60790.0	33320.0	0.3009	1.0
forget[63,1]	0.3175	0.000365	0.07595	0.07582	0.1782	0.3145	0.4746	43320.0	33060.0	0.2144	1.0
forget[63,2]	0.438	0.0005838	0.1115	0.1149	0.232	0.4345	0.6637	36960.0	30830.0	0.1829	1.0
forget[64,1]	0.1395	0.0001695	0.03912	0.03669	0.07807	0.1343	0.2291	58530.0	32960.0	0.2897	1.0
forget[64,2]	0.03463	9.941e-05	0.02123	0.0199	0.005311	0.03077	0.08583	44430.0	31250.0	0.2199	1.0
forget[65,1]	0.3712	0.0007531	0.1642	0.1719	0.09048	0.3591	0.7159	47030.0	30880.0	0.2328	1.0
forget[65,2]	0.3782	0.0008463	0.182	0.1949	0.08976	0.3561	0.7676	47780.0	31920.0	0.2365	1.0
forget[66,1]	0.3027	0.0006246	0.1172	0.1166	0.1011	0.2939	0.5572	34750.0	28110.0	0.172	1.0
forget[66,2]	0.354	0.0003394	0.07828	0.07663	0.2204	0.3473	0.5244	56380.0	32540.0	0.2791	1.0
forget[67,1]	0.2088	0.000697	0.1416	0.132	0.02732	0.1783	0.5578	46110.0	30400.0	0.2282	1.0
forget[67,2]	0.2049	0.0007845	0.1537	0.1563	0.01107	0.1723	0.5657	35670.0	31340.0	0.1766	1.0
forget[68,1]	0.1798	0.0006394	0.1226	0.105	0.02619	0.1511	0.4938	42690.0	29660.0	0.2113	1.0
forget[68,2]	0.1386	0.0006944	0.1201	0.0944	0.01262	0.09859	0.4469	32810.0	33720.0	0.1624	1.0
forget[69,1]	0.04914	0.0001054	0.02293	0.02102	0.01524	0.04551	0.1039	49970.0	31920.0	0.2474	1.0
forget[69,2]	0.05585	0.0001292	0.02727	0.02372	0.01793	0.05072	0.1231	50210.0	32560.0	0.2485	1.0
forget[70,1]	0.3236	0.0005333	0.102	0.09772	0.1649	0.3098	0.5578	41380.0	28570.0	0.2048	1.0
forget[70,2]	0.3863	0.0004621	0.09967	0.09939	0.2073	0.3812	0.596	47270.0	33760.0	0.234	1.0
forget[71,1]	0.4169	0.0006994	0.137	0.1423	0.1556	0.4167	0.6854	38270.0	30090.0	0.1894	1.0
forget[71,2]	0.1333	0.0003705	0.07405	0.06946	0.02795	0.1211	0.3096	40240.0	31430.0	0.1992	1.0
forget[72,1]	0.2206	0.0005193	0.09599	0.08989	0.07156	0.2077	0.4439	34670.0	27610.0	0.1716	1.0
forget[72,2]	0.1552	0.0002333	0.05511	0.05382	0.06137	0.1502	0.2761	57160.0	31400.0	0.2829	1.0
forget[73,1]	0.1667	0.0002258	0.0516	0.05055	0.07894	0.1619	0.2797	53540.0	31200.0	0.265	1.0
forget[73,2]	0.2102	0.0003513	0.0725	0.06984	0.08759	0.203	0.3707	42210.0	29220.0	0.2089	1.0
forget[74,1]	0.3436	0.000593	0.1297	0.1305	0.1331	0.3298	0.6302	50680.0	31110.0	0.2509	1.0
forget[74,2]	0.5334	0.0008254	0.1676	0.1819	0.2196	0.5323	0.8488	41050.0	31710.0	0.2032	1.0
forget[75,1]	0.1311	0.0002905	0.05432	0.04645	0.05172	0.1224	0.2621	39390.0	28710.0	0.195	1.0
forget[75,2]	0.05734	0.0001531	0.03131	0.02939	0.01167	0.05223	0.1314	42140.0	31050.0	0.2086	1.0
forget[76,1]	0.2594	0.0003494	0.07501	0.07646	0.126	0.2552	0.4156	45980.0	32150.0	0.2276	1.0
forget[76,2]	0.3287	0.0005352	0.09993	0.1015	0.1613	0.3195	0.5447	36580.0	32310.0	0.181	1.0
forget[77,1]	0.1866	0.0002542	0.06067	0.05947	0.08371	0.1813	0.3202	57230.0	32880.0	0.2833	1.0
forget[77,2]	0.3844	0.0005395	0.1095	0.1124	0.1784	0.3815	0.6037	41030.0	30570.0	0.2031	1.0
forget[78,1]	0.1383	0.000289	0.05817	0.05576	0.04595	0.1315	0.2725	40780.0	29190.0	0.2019	1.0
forget[78,2]	0.1811	0.0002584	0.05387	0.05333	0.08662	0.1774	0.2968	43900.0	32440.0	0.2173	1.0
forget[79,1]	0.253	0.0003199	0.06615	0.06627	0.1302	0.2508	0.3884	42220.0	30640.0	0.209	1.0
forget[79,2]	0.2243	0.0003178	0.07237	0.07029	0.1027	0.2174	0.3853	53420.0	31250.0	0.2644	1.0
forget[80,1]	0.4011	0.0005374	0.1161	0.1168	0.1906	0.3958	0.639	46630.0	30760.0	0.2308	1.0
forget[80,2]	0.3699	0.000458	0.108	0.1089	0.1774	0.3654	0.5941	56060.0	31910.0	0.2775	1.0
forget[81,1]	0.1404	0.0001985	0.04391	0.04209	0.06856	0.1359	0.2392	51830.0	31520.0	0.2565	1.0
forget[81,2]	0.1643	0.0002574	0.05595	0.0529	0.07716	0.1571	0.2933	52020.0	30770.0	0.2575	1.0
forget[82,1]	0.1172	0.0001728	0.03824	0.0361	0.05618	0.1126	0.2046	53530.0	30300.0	0.265	1.0
forget[82,2]	0.1453	0.0002609	0.05015	0.0481	0.06523	0.1392	0.26	38700.0	31240.0	0.1916	1.0
forget[83,1]	0.2722	0.0005681	0.1023	0.1045	0.09891	0.264	0.4921	31800.0	30670.0	0.1574	1.0
forget[83,2]	0.2978	0.0003394	0.08383	0.08414	0.142	0.295	0.47	60400.0	29570.0	0.299	1.0
forget[84,1]	0.3518	0.0005012	0.09868	0.1009	0.1687	0.3492	0.5515	38390.0	29710.0	0.19	1.0
forget[84,2]	0.2367	0.0002547	0.05945	0.05792	0.1391	0.2305	0.3703	60010.0	31180.0	0.297	1.0
forget[85,1]	0.1653	0.0006187	0.09568	0.08834	0.03547	0.1453	0.397	25610.0	27950.0	0.1268	1.0
forget[85,2]	0.1777	0.0003054	0.06851	0.06724	0.06874	0.1695	0.333	53350.0	35270.0	0.2641	1.0
forget[86,1]	0.1496	0.0004615	0.08367	0.07703	0.03258	0.134	0.3532	34090.0	30160.0	0.1688	1.0
forget[86,2]	0.231	0.0004322	0.09352	0.09381	0.07014	0.2237	0.433	45900.0	31440.0	0.2272	1.0
forget[87,1]	0.2025	0.0004119	0.09279	0.08884	0.06449	0.1885	0.4211	52770.0	33320.0	0.2612	1.0
forget[87,2]	0.1726	0.0009446	0.1517	0.1132	0.01426	0.1234	0.5821	29870.0	28570.0	0.1479	1.0
forget[88,1]	0.2901	0.0008303	0.177	0.1875	0.03175	0.2635	0.6824	44720.0	32160.0	0.2213	1.0
forget[88,2]	0.308	0.0008358	0.1866	0.1945	0.02912	0.2856	0.7306	48910.0	30070.0	0.2421	1.0
forget[89,1]	0.2102	0.0002958	0.06456	0.06397	0.1005	0.2048	0.3504	47850.0	31520.0	0.2369	1.0
forget[89,2]	0.2279	0.0004108	0.07751	0.07151	0.1071	0.2177	0.4088	39690.0	28730.0	0.1965	1.0
forget[90,1]	0.2228	0.0003034	0.06388	0.06253	0.1152	0.2166	0.3644	46120.0	29850.0	0.2283	1.0
forget[90,2]	0.1682	0.0002731	0.05987	0.05725	0.07235	0.1607	0.3055	51990.0	30810.0	0.2573	1.0
forget[91,1]	0.4327	0.000851	0.1749	0.1911	0.1223	0.4259	0.78	41940.0	31270.0	0.2076	1.0
forget[91,2]	0.5145	0.0007279	0.1679	0.1767	0.1903	0.5167	0.8334	53370.0	31530.0	0.2642	1.0
forget[92,1]	0.3162	0.001361	0.1715	0.1684	0.07501	0.2816	0.7132	17800.0	24000.0	0.08809	1.0
forget[92,2]	0.2053	0.0005813	0.1102	0.1046	0.04227	0.1876	0.4671	37810.0	32100.0	0.1872	1.0
forget[93,1]	0.5725	0.0004907	0.1134	0.1169	0.3462	0.5754	0.7841	53430.0	33680.0	0.2645	1.0
forget[93,2]	0.7058	0.0004479	0.1057	0.1073	0.4848	0.712	0.895	54870.0	31350.0	0.2716	1.0
forget[94,1]	0.3209	0.0004449	0.1096	0.112	0.1172	0.3177	0.5415	59000.0	29200.0	0.2921	1.0
forget[94,2]	0.4354	0.0009063	0.1698	0.1766	0.1114	0.4314	0.7727	34090.0	21060.0	0.1688	1.0
forget[95,1]	0.2352	0.0006814	0.1191	0.1266	0.04556	0.2227	0.4923	29770.0	28040.0	0.1474	1.0
forget[95,2]	0.1952	0.0005433	0.09995	0.09169	0.05467	0.1754	0.4363	36450.0	32190.0	0.1804	1.0
forget[96,1]	0.3123	0.0003699	0.07754	0.07711	0.176	0.3068	0.4779	44750.0	31810.0	0.2215	1.0
forget[96,2]	0.2172	0.0002382	0.05786	0.05689	0.1195	0.2119	0.3449	62350.0	33190.0	0.3086	1.0
forget[97,1]	0.2219	0.0003121	0.07252	0.06991	0.1069	0.2127	0.3877	58110.0	34790.0	0.2876	1.0
forget[97,2]	0.406	0.001182	0.1875	0.22	0.08498	0.405	0.7548	26050.0	30910.0	0.129	1.0
forget[98,1]	0.3891	0.0004989	0.1116	0.1142	0.19	0.3828	0.6203	51070.0	31290.0	0.2528	1.0
forget[98,2]	0.5145	0.0005211	0.123	0.1257	0.2817	0.5108	0.7605	55760.0	29280.0	0.276	1.0
forget[99,1]	0.6367	0.0007622	0.1396	0.1385	0.3223	0.6526	0.8635	35350.0	27060.0	0.175	1.0
forget[99,2]	0.7196	0.0005134	0.1142	0.118	0.4778	0.7266	0.9206	48920.0	32210.0	0.2421	1.0
forget[100,1]	0.38	0.0005797	0.1138	0.1154	0.182	0.3721	0.6208	39770.0	30290.0	0.1968	1.0
forget[100,2]	0.2768	0.0003926	0.08602	0.08239	0.1364	0.2672	0.4719	54420.0	29550.0	0.2694	1.0
forget[101,1]	0.1892	0.0004196	0.08248	0.078	0.06419	0.1768	0.3824	41930.0	31600.0	0.2075	1.0
forget[101,2]	0.4588	0.0004363	0.1011	0.1017	0.2647	0.4573	0.6607	53970.0	34500.0	0.2671	1.0
forget[102,1]	0.4829	0.0003078	0.07712	0.07718	0.34	0.4799	0.6411	63820.0	31930.0	0.3159	1.0
forget[102,2]	0.5288	0.0006933	0.1391	0.1442	0.2678	0.525	0.8087	40360.0	29630.0	0.1998	1.0
forget[103,1]	0.2975	0.0003853	0.07914	0.07914	0.1535	0.2944	0.4643	41900.0	29630.0	0.2074	1.0
forget[103,2]	0.1651	0.0002667	0.06039	0.05699	0.0688	0.1578	0.3036	54480.0	32130.0	0.2697	1.0
forget[104,1]	0.1993	0.0002573	0.05467	0.05389	0.1044	0.1954	0.3183	45870.0	31460.0	0.2271	1.0
forget[104,2]	0.3312	0.000285	0.06488	0.06315	0.217	0.3261	0.4713	53980.0	32250.0	0.2672	1.0
forget[105,1]	0.4461	0.0004527	0.1097	0.1086	0.2492	0.4391	0.6766	61360.0	31380.0	0.3037	1.0
forget[105,2]	0.7239	0.0004671	0.1077	0.1095	0.4943	0.7317	0.9103	53040.0	32110.0	0.2625	1.0
forget[106,1]	0.187	0.0002978	0.0641	0.06377	0.08025	0.1804	0.3295	47000.0	32860.0	0.2327	1.0
forget[106,2]	0.3178	0.0003223	0.07874	0.07854	0.1788	0.3127	0.4854	60920.0	32760.0	0.3015	1.0
forget[107,1]	0.1137	0.0001516	0.03824	0.03686	0.04856	0.11	0.1994	63960.0	30330.0	0.3166	1.0
forget[107,2]	0.09027	0.0001962	0.04233	0.04127	0.02307	0.08548	0.1866	43910.0	28410.0	0.2173	1.0
forget[108,1]	0.2757	0.0003566	0.07756	0.07712	0.1428	0.2695	0.4442	48890.0	33020.0	0.242	1.0
forget[108,2]	0.404	0.0005303	0.1079	0.109	0.2106	0.3986	0.629	41680.0	31760.0	0.2063	1.0
forget[109,1]	0.4783	0.0006454	0.123	0.125	0.2389	0.4775	0.721	36210.0	27270.0	0.1792	1.0
forget[109,2]	0.295	0.0003426	0.07895	0.07636	0.1643	0.2871	0.4716	57620.0	30860.0	0.2852	1.0
forget[110,1]	0.3156	0.0003109	0.07048	0.07087	0.1872	0.3123	0.4625	51270.0	32660.0	0.2538	1.0
forget[110,2]	0.2075	0.0003294	0.07025	0.0676	0.09348	0.1997	0.3654	47920.0	31970.0	0.2372	1.0
forget[111,1]	0.2771	0.0006843	0.1357	0.1356	0.05732	0.2616	0.5808	37930.0	26570.0	0.1878	1.0
forget[111,2]	0.174	0.0003987	0.08632	0.08194	0.03849	0.1629	0.3734	46240.0	29590.0	0.2289	1.0
forget[112,1]	0.06241	0.0001658	0.0365	0.03475	0.01048	0.05633	0.149	47980.0	30180.0	0.2375	1.0
forget[112,2]	0.1186	0.0003103	0.06254	0.06009	0.0274	0.1083	0.2646	42320.0	33290.0	0.2095	1.0
forget[113,1]	0.2849	0.0003409	0.0825	0.08103	0.1451	0.2771	0.4663	61880.0	32380.0	0.3063	1.0
forget[113,2]	0.1876	0.0005814	0.1069	0.09683	0.0412	0.1674	0.4522	38320.0	28390.0	0.1897	1.0
forget[114,1]	0.1666	0.0002553	0.05404	0.05212	0.07931	0.1601	0.2885	47640.0	31290.0	0.2358	1.0
forget[114,2]	0.1508	0.0002471	0.05284	0.05057	0.06468	0.1447	0.2703	47700.0	32360.0	0.2361	1.0
forget[115,1]	0.394	0.0005023	0.1002	0.1026	0.2083	0.3912	0.5967	39730.0	30810.0	0.1967	1.0
forget[115,2]	0.3982	0.0004747	0.09709	0.09827	0.2179	0.3951	0.5943	41950.0	32860.0	0.2076	1.0
forget[116,1]	0.2342	0.0003333	0.07092	0.07138	0.1057	0.2307	0.3802	44430.0	29840.0	0.2199	1.0
forget[116,2]	0.1466	0.0002553	0.05749	0.05674	0.05181	0.1407	0.2734	49340.0	31220.0	0.2442	1.0
forget[117,1]	0.3367	0.0003597	0.08298	0.08388	0.1917	0.3315	0.5148	55310.0	33970.0	0.2738	1.0
forget[117,2]	0.3315	0.0007236	0.1328	0.1374	0.1183	0.3158	0.6203	34970.0	31380.0	0.1731	1.0
forget[118,1]	0.2282	0.0003366	0.07402	0.0726	0.1058	0.2204	0.3932	49850.0	31210.0	0.2467	1.0
forget[118,2]	0.2384	0.0003634	0.0808	0.07832	0.106	0.2297	0.4174	52720.0	28820.0	0.261	1.0
forget[119,1]	0.265	0.0003601	0.07747	0.07728	0.1255	0.2605	0.4278	45920.0	31550.0	0.2273	1.0
forget[119,2]	0.384	0.0003576	0.08558	0.08518	0.2241	0.3814	0.5598	57430.0	32870.0	0.2843	1.0
forget[120,1]	0.5926	0.0004881	0.1065	0.1071	0.3864	0.5922	0.8017	47750.0	31610.0	0.2363	1.0
forget[120,2]	0.6198	0.0006759	0.1413	0.144	0.3219	0.6264	0.873	44200.0	29230.0	0.2188	1.0
forget[121,1]	0.4836	0.0004963	0.1103	0.1108	0.2877	0.4769	0.7157	51980.0	28400.0	0.2573	1.0
forget[121,2]	0.4925	0.0005248	0.1192	0.1215	0.2742	0.488	0.7387	52860.0	29290.0	0.2617	1.0
forget[122,1]	0.2697	0.0003261	0.07133	0.06948	0.1456	0.2643	0.4248	48680.0	32520.0	0.241	1.0
forget[122,2]	0.2727	0.00036	0.07597	0.07375	0.1471	0.265	0.4424	48370.0	31080.0	0.2394	1.0
forget[123,1]	0.02701	6.847e-05	0.01499	0.01362	0.005774	0.02441	0.06339	49020.0	33530.0	0.2427	1.0
forget[123,2]	0.07148	0.0001928	0.04083	0.0365	0.01488	0.06369	0.1704	48110.0	32760.0	0.2381	1.0
forget[124,1]	0.2064	0.0003902	0.07497	0.07306	0.08753	0.1973	0.3763	38790.0	31460.0	0.192	1.0
forget[124,2]	0.1733	0.0003296	0.07091	0.06741	0.0635	0.1637	0.338	49020.0	32530.0	0.2426	1.0
forget[125,1]	0.2958	0.0003302	0.07343	0.07299	0.1611	0.2923	0.448	48860.0	29950.0	0.2419	1.0
forget[125,2]	0.2394	0.0003393	0.07421	0.07257	0.1114	0.2331	0.4011	48540.0	30810.0	0.2403	1.0
forget[126,1]	0.2568	0.0003881	0.07771	0.07771	0.1175	0.2523	0.4195	39570.0	30040.0	0.1959	1.0
forget[126,2]	0.1777	0.0002747	0.05936	0.05788	0.07683	0.1721	0.3093	47510.0	31300.0	0.2352	1.0
forget[127,1]	0.1397	0.0002377	0.05343	0.0514	0.05679	0.1328	0.2627	54830.0	31440.0	0.2714	1.0
forget[127,2]	0.1906	0.0003758	0.08031	0.07941	0.05491	0.1834	0.3671	43480.0	26420.0	0.2152	1.0
forget[128,1]	0.3741	0.0007223	0.1418	0.1513	0.1157	0.3709	0.6551	37780.0	27830.0	0.187	1.0
forget[128,2]	0.378	0.0006003	0.1325	0.1367	0.1365	0.3727	0.647	47940.0	30860.0	0.2373	1.0
forget[129,1]	0.3828	0.0003625	0.07808	0.07847	0.2427	0.3789	0.5475	46810.0	34620.0	0.2317	1.0
forget[129,2]	0.206	0.0004637	0.08453	0.08632	0.05797	0.2007	0.3823	32750.0	28810.0	0.1621	1.0
forget[130,1]	0.05666	0.0003064	0.0434	0.03686	0.005492	0.04604	0.1672	17570.0	24620.0	0.08697	1.0
forget[130,2]	0.06646	0.0005461	0.05465	0.05235	0.003061	0.05418	0.2005	8014.0	21920.0	0.03967	1.0
forget[131,1]	0.164	0.0003803	0.07984	0.07498	0.04549	0.1518	0.3538	48440.0	31790.0	0.2397	1.0
forget[131,2]	0.06406	0.0002339	0.04768	0.03863	0.007759	0.05248	0.186	53490.0	29710.0	0.2648	1.0
forget[132,1]	0.2221	0.000325	0.07476	0.07082	0.102	0.2133	0.3929	58060.0	31390.0	0.2874	1.0
forget[132,2]	0.3077	0.0008527	0.1484	0.153	0.0656	0.2935	0.6328	29660.0	26580.0	0.1468	1.0
forget[133,1]	0.2644	0.0005253	0.0967	0.09125	0.1142	0.2512	0.4924	37630.0	25730.0	0.1862	1.0
forget[133,2]	0.292	0.0003249	0.08047	0.07819	0.1558	0.2844	0.4696	65240.0	32330.0	0.3229	1.0
forget[134,1]	0.1186	0.0001894	0.04278	0.04137	0.04837	0.1138	0.2153	51800.0	31940.0	0.2564	1.0
forget[134,2]	0.238	0.000318	0.07026	0.07029	0.1088	0.2351	0.3844	48160.0	30010.0	0.2384	1.0
forget[135,1]	0.2985	0.0004631	0.09321	0.09325	0.1346	0.2929	0.4984	40480.0	30680.0	0.2004	1.0
forget[135,2]	0.4098	0.0003884	0.09001	0.0899	0.2502	0.4043	0.5994	55450.0	32590.0	0.2745	1.0
forget[136,1]	0.1074	0.000311	0.05484	0.05376	0.02359	0.1001	0.2327	29450.0	28700.0	0.1458	1.0
forget[136,2]	0.1007	0.0002046	0.04591	0.04193	0.03222	0.09383	0.2095	53690.0	32450.0	0.2657	1.0
forget[137,1]	0.1207	0.0001918	0.04482	0.0432	0.04824	0.1156	0.2223	56130.0	31630.0	0.2779	1.0
forget[137,2]	0.1607	0.0002823	0.06201	0.05802	0.06583	0.1518	0.3056	53370.0	31780.0	0.2642	1.0
forget[138,1]	0.3401	0.0003938	0.08209	0.08169	0.1949	0.3347	0.5151	44140.0	33660.0	0.2185	1.0
forget[138,2]	0.2133	0.0003168	0.07051	0.06819	0.09768	0.2056	0.3715	52630.0	30770.0	0.2605	0.9999
forget[139,1]	0.4436	0.0005162	0.1065	0.1096	0.2487	0.4397	0.6607	42780.0	32290.0	0.2117	1.0
forget[139,2]	0.4224	0.000418	0.09849	0.09731	0.2494	0.4155	0.6341	58950.0	30570.0	0.2918	1.0
forget[140,1]	0.174	0.0002063	0.04557	0.04483	0.09698	0.1699	0.2741	50060.0	33480.0	0.2478	1.0
forget[140,2]	0.2666	0.000416	0.0816	0.07768	0.136	0.2563	0.4543	41960.0	29220.0	0.2077	1.0
forget[141,1]	0.575	0.0005362	0.1195	0.1212	0.3368	0.5769	0.8011	49670.0	30760.0	0.2459	1.0
forget[141,2]	0.3265	0.000486	0.1087	0.1082	0.144	0.3164	0.5625	52770.0	31840.0	0.2612	1.0
beta1m[1,1]	2.897	0.003692	0.7958	0.7792	1.493	2.844	4.616	44260.0	27070.0	0.2191	1.0
beta1m[1,2]	3.685	0.004482	1.003	0.99	1.882	3.635	5.809	47760.0	26300.0	0.2364	1.0
beta1m[2,1]	1.636	0.005118	1.017	0.9274	0.2946	1.425	4.129	36500.0	27360.0	0.1806	1.0
beta1m[2,2]	1.336	0.004825	0.9887	0.8102	0.1732	1.101	3.847	38840.0	26380.0	0.1922	1.0
beta1m[3,1]	3.426	0.002554	0.5882	0.5838	2.367	3.396	4.665	52350.0	32290.0	0.2591	1.0
beta1m[3,2]	4.391	0.003523	0.8033	0.7898	2.972	4.34	6.123	51700.0	35970.0	0.2559	1.0
beta1m[4,1]	0.4924	0.001806	0.3224	0.2438	0.1116	0.4171	1.324	36000.0	29240.0	0.1782	1.0
beta1m[4,2]	0.4354	0.002382	0.4144	0.243	0.05546	0.3163	1.534	37590.0	29190.0	0.1861	1.0
beta1m[5,1]	0.9023	0.001763	0.3695	0.3603	0.2956	0.8649	1.73	39590.0	24000.0	0.196	1.0
beta1m[5,2]	0.8303	0.001649	0.3734	0.3761	0.2123	0.7963	1.65	43770.0	23560.0	0.2167	1.0
beta1m[6,1]	0.382	0.0007538	0.1769	0.1714	0.1111	0.3575	0.792	50980.0	28150.0	0.2523	1.0
beta1m[6,2]	0.3148	0.0009719	0.2065	0.1756	0.05471	0.268	0.8384	42710.0	28010.0	0.2114	1.0
beta1m[7,1]	1.004	0.003162	0.6756	0.543	0.1913	0.8447	2.743	49060.0	28250.0	0.2428	1.0
beta1m[7,2]	0.8462	0.0027	0.6364	0.5256	0.1101	0.6817	2.484	51830.0	27870.0	0.2566	1.0
beta1m[8,1]	0.9619	0.00248	0.4483	0.426	0.2729	0.8993	2.006	29330.0	23300.0	0.1452	1.0
beta1m[8,2]	0.5873	0.001138	0.2584	0.2605	0.1571	0.5643	1.154	45220.0	23770.0	0.2238	1.0
beta1m[9,1]	2.823	0.003554	0.7619	0.748	1.491	2.764	4.465	43430.0	26540.0	0.215	1.0
beta1m[9,2]	3.441	0.004314	0.9786	0.9571	1.716	3.379	5.558	49070.0	29180.0	0.2429	1.0
beta1m[10,1]	0.716	0.001639	0.3587	0.3428	0.1853	0.6613	1.561	44040.0	27330.0	0.218	1.0
beta1m[10,2]	0.5574	0.001509	0.3352	0.3092	0.1009	0.4934	1.369	44470.0	26880.0	0.2201	1.0
beta1m[11,1]	0.8501	0.001262	0.2808	0.2791	0.3507	0.8303	1.449	46010.0	26270.0	0.2277	1.0
beta1m[11,2]	0.6237	0.00107	0.2455	0.2474	0.2039	0.6044	1.156	47320.0	25290.0	0.2342	1.0
beta1m[12,1]	0.7142	0.002363	0.472	0.3727	0.1478	0.6019	1.937	42570.0	29660.0	0.2107	1.0
beta1m[12,2]	0.5509	0.00207	0.4309	0.3192	0.07935	0.4366	1.68	44000.0	29310.0	0.2178	1.0
beta1m[13,1]	1.185	0.003863	0.8187	0.6565	0.2156	0.9883	3.269	45010.0	29570.0	0.2228	1.0
beta1m[13,2]	1.117	0.004263	0.9235	0.6949	0.1244	0.8517	3.562	44010.0	28900.0	0.2178	1.0
beta1m[14,1]	0.9932	0.002074	0.4452	0.4452	0.2746	0.9464	1.98	40510.0	24960.0	0.2005	1.0
beta1m[14,2]	0.738	0.001754	0.3941	0.3803	0.1541	0.6779	1.66	43060.0	25380.0	0.2131	1.0
beta1m[15,1]	1.549	0.003554	0.7342	0.7184	0.3841	1.468	3.207	38270.0	25440.0	0.1894	1.0
beta1m[15,2]	1.396	0.003564	0.7711	0.7543	0.2523	1.285	3.167	40300.0	24340.0	0.1995	1.0
beta1m[16,1]	2.184	0.002835	0.5939	0.5855	1.127	2.15	3.449	42020.0	27260.0	0.208	1.0
beta1m[16,2]	2.584	0.00304	0.7116	0.7032	1.285	2.554	4.082	51640.0	25760.0	0.2556	1.0
beta1m[17,1]	0.4008	0.0009128	0.2038	0.1887	0.1079	0.3674	0.8822	48060.0	28820.0	0.2379	1.0
beta1m[17,2]	0.2808	0.0007995	0.1796	0.1533	0.05309	0.2414	0.7288	49630.0	27980.0	0.2457	1.0
beta1m[18,1]	0.8131	0.00185	0.4412	0.4148	0.19	0.7362	1.871	52400.0	29790.0	0.2594	1.0
beta1m[18,2]	0.7419	0.002308	0.5241	0.449	0.1076	0.6171	2.075	47380.0	29690.0	0.2345	1.0
beta1m[19,1]	0.9323	0.001911	0.4336	0.4293	0.2503	0.8808	1.922	44210.0	25960.0	0.2188	1.0
beta1m[19,2]	0.8146	0.002007	0.4637	0.4436	0.152	0.7389	1.904	43840.0	24360.0	0.217	1.0
beta1m[20,1]	4.162	0.004239	0.8889	0.8691	2.615	4.096	6.084	43120.0	30390.0	0.2134	1.0
beta1m[20,2]	4.525	0.00417	0.9503	0.9409	2.851	4.465	6.553	51340.0	32930.0	0.2541	1.0
beta1m[21,1]	2.728	0.002888	0.6363	0.631	1.578	2.692	4.063	46540.0	26970.0	0.2304	1.0
beta1m[21,2]	2.982	0.002709	0.6607	0.6502	1.782	2.95	4.368	57750.0	29620.0	0.2859	1.0
beta1m[22,1]	0.6051	0.001297	0.297	0.285	0.1602	0.5611	1.299	47360.0	28600.0	0.2344	1.0
beta1m[22,2]	0.4259	0.001204	0.2641	0.2269	0.08216	0.3697	1.086	45340.0	28930.0	0.2244	1.0
beta1m[23,1]	0.5141	0.00134	0.288	0.2548	0.1237	0.4575	1.225	45750.0	28330.0	0.2264	1.0
beta1m[23,2]	0.3505	0.0009266	0.2203	0.1971	0.06213	0.3029	0.8939	54000.0	29430.0	0.2673	1.0
beta1m[24,1]	1.283	0.003364	0.6727	0.6215	0.3082	1.181	2.86	37010.0	27300.0	0.1832	1.0
beta1m[24,2]	1.352	0.00404	0.83	0.8063	0.2014	1.206	3.304	36210.0	25700.0	0.1792	1.0
beta1m[25,1]	0.6992	0.002654	0.5028	0.3611	0.143	0.574	1.99	41730.0	29740.0	0.2066	1.0
beta1m[25,2]	0.5374	0.002513	0.4743	0.3022	0.0745	0.4089	1.772	41140.0	31430.0	0.2036	1.0
beta1m[26,1]	2.907	0.003855	0.7529	0.7288	1.617	2.84	4.558	37070.0	28340.0	0.1835	1.0
beta1m[26,2]	2.637	0.002482	0.576	0.5687	1.599	2.605	3.85	53130.0	31950.0	0.263	1.0
beta1m[27,1]	0.5943	0.00125	0.2883	0.2799	0.1601	0.5516	1.267	47810.0	27000.0	0.2367	1.0
beta1m[27,2]	0.4757	0.001253	0.2911	0.2661	0.08539	0.4194	1.184	48400.0	27780.0	0.2396	1.0
beta1m[28,1]	0.6844	0.001599	0.3295	0.3174	0.183	0.6386	1.443	39330.0	27460.0	0.1947	1.0
beta1m[28,2]	0.4492	0.001082	0.2426	0.2313	0.09674	0.411	1.026	45510.0	27700.0	0.2253	1.0
beta1m[29,1]	1.918	0.002688	0.5661	0.5576	0.8889	1.887	3.115	41550.0	23960.0	0.2057	1.0
beta1m[29,2]	1.656	0.002872	0.6162	0.6141	0.5952	1.606	2.995	41810.0	24980.0	0.207	1.0
beta1m[30,1]	2.688	0.004503	0.7936	0.7671	1.339	2.617	4.433	30020.0	30610.0	0.1486	1.0
beta1m[30,2]	4.099	0.004614	0.9786	0.9486	2.395	4.025	6.215	44530.0	33310.0	0.2204	1.0
beta1m[31,1]	1.342	0.003065	0.609	0.5713	0.3958	1.263	2.766	35970.0	24620.0	0.178	1.0
beta1m[31,2]	1.133	0.002302	0.503	0.5097	0.2758	1.097	2.217	41390.0	22690.0	0.2049	1.0
beta1m[32,1]	3.654	0.002811	0.6319	0.6227	2.519	3.618	4.998	49700.0	29860.0	0.246	1.0
beta1m[32,2]	3.145	0.00348	0.7217	0.712	1.847	3.104	4.665	42400.0	30620.0	0.2099	1.0
beta1m[33,1]	0.5556	0.001877	0.3309	0.2632	0.1385	0.4858	1.39	33180.0	28670.0	0.1642	1.0
beta1m[33,2]	0.3988	0.001436	0.278	0.2162	0.07172	0.3316	1.116	38870.0	29280.0	0.1924	1.0
beta1m[34,1]	3.184	0.002845	0.6169	0.603	2.072	3.15	4.491	46430.0	31210.0	0.2298	1.0
beta1m[34,2]	2.707	0.004963	0.8063	0.7548	1.39	2.616	4.538	26150.0	31010.0	0.1295	1.0
beta1m[35,1]	0.6977	0.002326	0.457	0.36	0.1491	0.5926	1.857	40350.0	29600.0	0.1997	1.0
beta1m[35,2]	0.5907	0.002444	0.4893	0.3411	0.07949	0.4586	1.869	42280.0	30120.0	0.2093	1.0
beta1m[36,1]	1.27	0.003018	0.606	0.595	0.326	1.196	2.645	36210.0	25030.0	0.1792	1.0
beta1m[36,2]	0.9009	0.002276	0.4882	0.4644	0.1869	0.8231	2.048	41590.0	25940.0	0.2059	1.0
beta1m[37,1]	1.219	0.001824	0.3776	0.375	0.5435	1.196	2.024	40330.0	26180.0	0.1996	1.0
beta1m[37,2]	1.243	0.001845	0.3964	0.3985	0.4997	1.232	2.049	43680.0	23290.0	0.2162	1.0
beta1m[38,1]	1.427	0.001869	0.4018	0.3992	0.6904	1.409	2.267	44220.0	24940.0	0.2189	1.0
beta1m[38,2]	1.881	0.003207	0.6448	0.6436	0.7271	1.84	3.239	37820.0	23410.0	0.1872	1.0
beta1m[39,1]	1.08	0.003778	0.7458	0.5892	0.2047	0.9032	2.983	40990.0	29980.0	0.2029	1.0
beta1m[39,2]	0.9898	0.00404	0.8019	0.6095	0.1181	0.7745	3.079	40650.0	30590.0	0.2012	1.0
beta1m[40,1]	0.7275	0.001327	0.2656	0.2631	0.2748	0.7053	1.309	38040.0	27280.0	0.1883	1.0
beta1m[40,2]	0.9248	0.002641	0.475	0.4766	0.1925	0.8643	1.996	28950.0	24730.0	0.1433	1.0
beta1m[41,1]	0.7044	0.001452	0.3139	0.3071	0.2071	0.666	1.415	42250.0	26600.0	0.2091	1.0
beta1m[41,2]	0.6203	0.001838	0.3655	0.3277	0.1225	0.5535	1.503	35480.0	26360.0	0.1756	1.0
beta1m[42,1]	1.006	0.002391	0.5182	0.4858	0.2441	0.9267	2.218	41720.0	27950.0	0.2065	1.0
beta1m[42,2]	0.8259	0.002238	0.5038	0.47	0.1399	0.7313	2.053	42840.0	27610.0	0.212	1.0
beta1m[43,1]	0.7392	0.002018	0.4539	0.3907	0.1587	0.6399	1.877	51100.0	27870.0	0.2529	1.0
beta1m[43,2]	0.6414	0.002366	0.5125	0.3771	0.08538	0.5	1.997	51300.0	29740.0	0.2539	1.0
beta1m[44,1]	1.323	0.004479	0.9178	0.7231	0.2425	1.109	3.642	42860.0	28380.0	0.2122	1.0
beta1m[44,2]	1.3	0.005069	1.066	0.802	0.1488	1.024	4.042	42730.0	27410.0	0.2115	1.0
beta1m[45,1]	0.9506	0.002797	0.6034	0.517	0.1881	0.8154	2.458	46850.0	29130.0	0.2319	1.0
beta1m[45,2]	0.8029	0.002905	0.6415	0.4772	0.1033	0.6278	2.484	51070.0	29450.0	0.2528	1.0
beta1m[46,1]	1.417	0.005663	1.132	0.8064	0.2166	1.09	4.445	45830.0	30990.0	0.2268	1.0
beta1m[46,2]	1.452	0.008426	1.568	0.845	0.1257	0.9507	5.705	44630.0	31220.0	0.2209	1.0
beta1m[47,1]	1.2	0.004182	0.8844	0.6752	0.204	0.9722	3.484	48870.0	30140.0	0.2419	1.0
beta1m[47,2]	1.086	0.004287	0.9246	0.6771	0.1169	0.8175	3.545	50880.0	29300.0	0.2519	1.0
beta1m[48,1]	3.093	0.004037	0.8003	0.774	1.688	3.036	4.842	37630.0	27160.0	0.1862	1.0
beta1m[48,2]	4.019	0.003233	0.8072	0.7921	2.555	3.979	5.725	60950.0	31170.0	0.3017	1.0
beta1m[49,1]	1.355	0.003848	0.7211	0.6828	0.3155	1.236	3.073	31370.0	26340.0	0.1553	1.0
beta1m[49,2]	0.8814	0.002129	0.4743	0.46	0.1842	0.8126	1.992	44030.0	25310.0	0.218	1.0
beta1m[50,1]	1.061	0.00463	0.8914	0.5662	0.1812	0.8156	3.374	51100.0	30010.0	0.2529	1.0
beta1m[50,2]	0.9463	0.00583	1.073	0.5261	0.09737	0.6382	3.618	50500.0	29780.0	0.25	1.0
beta1m[51,1]	3.486	0.0113	2.007	1.703	0.757	3.101	8.473	28310.0	24300.0	0.1401	1.0
beta1m[51,2]	3.675	0.01416	2.489	1.946	0.6044	3.137	9.968	28130.0	23840.0	0.1392	1.0
beta1m[52,1]	0.6719	0.001279	0.2944	0.2953	0.1982	0.6384	1.332	47190.0	26120.0	0.2336	1.0
beta1m[52,2]	0.4986	0.001145	0.2735	0.2582	0.1072	0.4523	1.146	49320.0	27330.0	0.2441	1.0
beta1m[53,1]	0.4142	0.001002	0.2222	0.2036	0.1094	0.373	0.9538	47740.0	28650.0	0.2363	1.0
beta1m[53,2]	0.2793	0.0007494	0.1765	0.1539	0.05133	0.2405	0.7206	53300.0	26750.0	0.2638	1.0
beta1m[54,1]	0.7856	0.001522	0.3379	0.3325	0.2411	0.7482	1.536	44370.0	26700.0	0.2196	1.0
beta1m[54,2]	0.6579	0.001533	0.337	0.331	0.1432	0.6122	1.437	42170.0	26010.0	0.2088	1.0
beta1m[55,1]	0.7937	0.0013	0.2985	0.2977	0.2803	0.7708	1.43	47780.0	25320.0	0.2365	1.0
beta1m[55,2]	0.6989	0.001508	0.3366	0.3351	0.1725	0.6589	1.465	42710.0	24990.0	0.2114	1.0
beta1m[56,1]	0.6816	0.001312	0.3061	0.3096	0.195	0.6472	1.364	48400.0	25470.0	0.2396	1.0
beta1m[56,2]	0.6087	0.00174	0.3798	0.3431	0.1065	0.5291	1.55	42030.0	27240.0	0.208	1.0
beta1m[57,1]	0.6817	0.001508	0.2949	0.2841	0.2124	0.6453	1.359	34740.0	24260.0	0.172	1.0
beta1m[57,2]	0.4383	0.0009741	0.2127	0.2077	0.1123	0.4101	0.9271	42550.0	25390.0	0.2106	1.0
beta1m[58,1]	1.142	0.004407	0.9044	0.6203	0.1955	0.901	3.477	45560.0	29190.0	0.2255	1.0
beta1m[58,2]	1.009	0.005108	1.011	0.5832	0.1115	0.7133	3.657	46080.0	30510.0	0.2281	1.0
beta1m[59,1]	1.003	0.001472	0.318	0.3164	0.4293	0.9873	1.67	43430.0	24620.0	0.215	1.0
beta1m[59,2]	1.008	0.001824	0.3967	0.3986	0.3212	0.9782	1.86	42060.0	23820.0	0.2082	1.0
beta1m[60,1]	1.783	0.002642	0.5579	0.5524	0.786	1.749	2.972	41580.0	23770.0	0.2058	1.0
beta1m[60,2]	1.263	0.002787	0.5226	0.5075	0.4191	1.205	2.453	32610.0	25460.0	0.1614	1.0
beta1m[61,1]	0.3979	0.0008253	0.1951	0.1836	0.1104	0.366	0.8578	52660.0	29130.0	0.2607	1.0
beta1m[61,2]	0.3092	0.0009338	0.2048	0.1723	0.05456	0.2625	0.833	47640.0	28450.0	0.2358	1.0
beta1m[62,1]	0.9237	0.002554	0.5514	0.4819	0.1999	0.8101	2.29	44950.0	29610.0	0.2225	1.0
beta1m[62,2]	0.8585	0.002911	0.6318	0.5217	0.1108	0.6971	2.488	45300.0	29220.0	0.2242	1.0
beta1m[63,1]	1.843	0.001973	0.44	0.435	1.042	1.822	2.764	48230.0	28190.0	0.2388	1.0
beta1m[63,2]	1.858	0.002082	0.4795	0.4773	0.9739	1.835	2.856	51040.0	28140.0	0.2527	1.0
beta1m[64,1]	0.8926	0.002917	0.6252	0.4869	0.1697	0.7357	2.484	49760.0	31260.0	0.2463	1.0
beta1m[64,2]	0.8703	0.0043	0.8612	0.5052	0.09213	0.6088	3.209	47870.0	31200.0	0.2369	1.0
beta1m[65,1]	1.18	0.004633	0.9254	0.6446	0.2041	0.9368	3.555	48540.0	31980.0	0.2403	1.0
beta1m[65,2]	1.095	0.005618	1.089	0.6364	0.1168	0.778	3.942	48730.0	31930.0	0.2412	1.0
beta1m[66,1]	1.255	0.003695	0.7809	0.6817	0.2485	1.095	3.182	44710.0	30640.0	0.2213	1.0
beta1m[66,2]	1.15	0.003505	0.8047	0.7166	0.1496	0.9654	3.15	47000.0	29080.0	0.2326	1.0
beta1m[67,1]	0.841	0.002851	0.5698	0.439	0.1735	0.7061	2.293	43890.0	28510.0	0.2173	1.0
beta1m[67,2]	0.6499	0.002368	0.5019	0.3769	0.09529	0.5223	1.944	45920.0	28340.0	0.2273	1.0
beta1m[68,1]	0.8604	0.003043	0.6142	0.4596	0.1666	0.7043	2.485	44840.0	29550.0	0.222	1.0
beta1m[68,2]	0.7153	0.003125	0.6177	0.4169	0.09204	0.5374	2.365	46690.0	30180.0	0.2311	1.0
beta1m[69,1]	0.7931	0.002405	0.5268	0.4216	0.1624	0.6712	2.157	52190.0	30280.0	0.2583	1.0
beta1m[69,2]	0.6585	0.002604	0.5514	0.3801	0.08749	0.5054	2.114	51340.0	30640.0	0.2541	1.0
beta1m[70,1]	0.4042	0.001061	0.2249	0.1957	0.1024	0.3589	0.966	47070.0	29690.0	0.233	1.0
beta1m[70,2]	0.2928	0.0009591	0.2027	0.1652	0.04949	0.2443	0.8176	47190.0	28760.0	0.2336	1.0
beta1m[71,1]	1.467	0.004795	0.8774	0.7272	0.3294	1.284	3.638	33520.0	29650.0	0.1659	1.0
beta1m[71,2]	1.284	0.004843	0.9104	0.7493	0.1902	1.07	3.594	34800.0	30290.0	0.1722	1.0
beta1m[72,1]	0.7718	0.002313	0.4791	0.3965	0.1704	0.6675	1.96	44000.0	28740.0	0.2178	1.0
beta1m[72,2]	0.6155	0.001963	0.4355	0.363	0.09346	0.5112	1.708	47750.0	28710.0	0.2364	1.0
beta1m[73,1]	1.939	0.003686	0.6994	0.6854	0.7402	1.876	3.478	33750.0	25310.0	0.1671	1.0
beta1m[73,2]	1.371	0.002786	0.5522	0.5378	0.4566	1.315	2.607	37190.0	26490.0	0.1841	1.0
beta1m[74,1]	1.258	0.003604	0.7746	0.6823	0.2538	1.1	3.186	43910.0	29550.0	0.2173	1.0
beta1m[74,2]	1.12	0.003964	0.8513	0.6734	0.1469	0.9114	3.288	44060.0	28040.0	0.2181	1.0
beta1m[75,1]	0.8048	0.002506	0.5155	0.4175	0.1696	0.6877	2.113	45670.0	29810.0	0.2261	1.0
beta1m[75,2]	0.7394	0.003423	0.6668	0.4202	0.092	0.5465	2.533	43920.0	31220.0	0.2174	1.0
beta1m[76,1]	0.8321	0.001736	0.4041	0.3984	0.2111	0.7771	1.756	47430.0	26940.0	0.2348	1.0
beta1m[76,2]	0.734	0.002042	0.4564	0.4235	0.12	0.6447	1.836	43160.0	27640.0	0.2136	1.0
beta1m[77,1]	1.617	0.002251	0.4847	0.4764	0.7561	1.583	2.662	43990.0	24960.0	0.2178	1.0
beta1m[77,2]	1.609	0.002983	0.6006	0.5884	0.6009	1.555	2.925	37820.0	25670.0	0.1872	1.0
beta1m[78,1]	4.333	0.003972	0.8245	0.7919	2.937	4.26	6.181	43070.0	33920.0	0.2132	1.0
beta1m[78,2]	4.288	0.003344	0.7422	0.7261	2.975	4.237	5.889	50090.0	35840.0	0.248	1.0
beta1m[79,1]	2.871	0.002309	0.4969	0.4887	1.974	2.844	3.917	45740.0	31180.0	0.2264	1.0
beta1m[79,2]	3.43	0.00253	0.5852	0.5687	2.394	3.392	4.681	54000.0	34550.0	0.2673	1.0
beta1m[80,1]	0.5911	0.001011	0.2365	0.2352	0.1946	0.5702	1.108	49680.0	26140.0	0.2459	1.0
beta1m[80,2]	0.433	0.001018	0.2211	0.2112	0.1023	0.3996	0.9523	42340.0	25520.0	0.2096	1.0
beta1m[81,1]	1.617	0.002351	0.5025	0.5027	0.6888	1.6	2.661	43390.0	25180.0	0.2148	1.0
beta1m[81,2]	1.294	0.00286	0.5717	0.5496	0.3905	1.224	2.594	36840.0	26580.0	0.1823	1.0
beta1m[82,1]	0.6304	0.001603	0.3602	0.3208	0.1467	0.5589	1.515	49380.0	28020.0	0.2444	1.0
beta1m[82,2]	0.4924	0.001509	0.3442	0.2863	0.07792	0.4084	1.377	51720.0	27900.0	0.256	1.0
beta1m[83,1]	1.841	0.002354	0.4256	0.4037	1.101	1.806	2.772	32540.0	30110.0	0.1611	1.0
beta1m[83,2]	2.164	0.001754	0.4124	0.4064	1.402	2.149	3.022	54680.0	31560.0	0.2707	1.0
beta1m[84,1]	0.531	0.00125	0.2776	0.2609	0.1366	0.4844	1.192	47360.0	29100.0	0.2344	1.0
beta1m[84,2]	0.4781	0.001942	0.3792	0.2747	0.07101	0.3754	1.456	41150.0	29820.0	0.2037	1.0
beta1m[85,1]	1.415	0.002495	0.4572	0.4546	0.5907	1.392	2.386	31640.0	22820.0	0.1566	1.0
beta1m[85,2]	1.211	0.002497	0.5043	0.4981	0.376	1.164	2.339	36180.0	23390.0	0.1791	1.0
beta1m[86,1]	0.6934	0.001523	0.3021	0.2947	0.209	0.6611	1.371	37040.0	27370.0	0.1833	1.0
beta1m[86,2]	0.6885	0.001814	0.3686	0.3702	0.1305	0.6389	1.527	36200.0	26220.0	0.1792	1.0
beta1m[87,1]	0.6816	0.002006	0.407	0.3353	0.1626	0.5973	1.689	43260.0	28740.0	0.2141	1.0
beta1m[87,2]	0.543	0.002207	0.4312	0.2979	0.08565	0.4319	1.647	41730.0	28740.0	0.2065	1.0
beta1m[88,1]	1.509	0.006787	1.343	0.8445	0.2147	1.13	5.052	53410.0	30600.0	0.2643	1.0
beta1m[88,2]	1.59	0.009967	1.873	0.901	0.1238	0.9948	6.599	52270.0	30470.0	0.2587	1.0
beta1m[89,1]	2.109	0.002217	0.4916	0.4847	1.207	2.087	3.141	47420.0	27400.0	0.2347	1.0
beta1m[89,2]	2.616	0.003456	0.7455	0.7382	1.283	2.578	4.202	44310.0	28020.0	0.2193	1.0
beta1m[90,1]	0.8672	0.002477	0.5409	0.4593	0.1808	0.7531	2.215	46100.0	28140.0	0.2282	1.0
beta1m[90,2]	0.6751	0.001973	0.4656	0.3965	0.1002	0.5663	1.845	49740.0	26340.0	0.2462	1.0
beta1m[91,1]	1.002	0.003308	0.6748	0.5353	0.1964	0.8408	2.725	44120.0	30120.0	0.2184	1.0
beta1m[91,2]	1.007	0.004296	0.8792	0.6145	0.1128	0.7612	3.289	44100.0	29560.0	0.2183	1.0
beta1m[92,1]	0.4959	0.001241	0.2572	0.2339	0.1321	0.4519	1.118	42590.0	28710.0	0.2108	1.0
beta1m[92,2]	0.3367	0.0008419	0.1983	0.1816	0.0657	0.2988	0.8228	51070.0	28790.0	0.2528	1.0
beta1m[93,1]	0.501	0.001073	0.2506	0.2373	0.1313	0.4608	1.095	47550.0	27170.0	0.2354	1.0
beta1m[93,2]	0.3499	0.0009311	0.2165	0.1904	0.06729	0.3044	0.8887	50930.0	28390.0	0.2521	1.0
beta1m[94,1]	0.4324	0.0008778	0.2002	0.1966	0.1233	0.4069	0.8914	47510.0	27160.0	0.2352	1.0
beta1m[94,2]	0.2902	0.0008909	0.1788	0.1522	0.05954	0.2541	0.7363	41030.0	27660.0	0.2031	1.0
beta1m[95,1]	0.439	0.000949	0.2151	0.2056	0.1213	0.4062	0.9446	47690.0	28360.0	0.236	1.0
beta1m[95,2]	0.3176	0.0008491	0.1932	0.1744	0.06129	0.2789	0.7949	48000.0	27690.0	0.2376	1.0
beta1m[96,1]	1.17	0.002249	0.4945	0.4885	0.3505	1.123	2.257	43450.0	24720.0	0.215	1.0
beta1m[96,2]	1.01	0.002641	0.5662	0.5301	0.2033	0.9159	2.356	40750.0	25520.0	0.2017	1.0
beta1m[97,1]	0.8301	0.001814	0.386	0.3756	0.2342	0.7809	1.718	40320.0	25930.0	0.1996	1.0
beta1m[97,2]	0.6796	0.001483	0.346	0.3478	0.1416	0.639	1.462	45790.0	24320.0	0.2267	1.0
beta1m[98,1]	0.8384	0.00141	0.3027	0.2999	0.3153	0.8153	1.491	42310.0	25570.0	0.2094	1.0
beta1m[98,2]	0.794	0.001615	0.3523	0.3467	0.2196	0.7595	1.582	41840.0	24350.0	0.2071	1.0
beta1m[99,1]	0.5516	0.001097	0.254	0.2491	0.1599	0.5193	1.133	48430.0	26330.0	0.2397	1.0
beta1m[99,2]	0.3985	0.0009248	0.2215	0.2097	0.08457	0.3622	0.9225	50190.0	26740.0	0.2485	1.0
beta1m[100,1]	1.383	0.00218	0.4574	0.4477	0.5817	1.352	2.37	39690.0	23080.0	0.1965	1.0
beta1m[100,2]	1.193	0.002287	0.4902	0.4817	0.3821	1.145	2.285	40050.0	22130.0	0.1982	1.0
beta1m[101,1]	1.102	0.002394	0.4419	0.4438	0.354	1.068	2.055	31260.0	23660.0	0.1548	1.0
beta1m[101,2]	0.649	0.001387	0.2989	0.2919	0.1805	0.6122	1.332	42100.0	26470.0	0.2084	1.0
beta1m[102,1]	0.6949	0.001821	0.4084	0.3521	0.1597	0.6098	1.708	51320.0	29720.0	0.254	1.0
beta1m[102,2]	0.5813	0.002148	0.4522	0.3357	0.08413	0.4611	1.75	49520.0	30750.0	0.2451	1.0
beta1m[103,1]	3.031	0.00249	0.5393	0.5263	2.093	2.988	4.209	46690.0	33970.0	0.2311	1.0
beta1m[103,2]	2.813	0.002036	0.4809	0.4733	1.941	2.791	3.827	55440.0	34500.0	0.2744	1.0
beta1m[104,1]	1.988	0.002154	0.4624	0.457	1.144	1.967	2.954	45010.0	29220.0	0.2228	1.0
beta1m[104,2]	2.737	0.0032	0.7136	0.704	1.437	2.7	4.232	47770.0	27580.0	0.2365	1.0
beta1m[105,1]	0.3495	0.0006627	0.1587	0.1568	0.1044	0.329	0.7111	52550.0	27170.0	0.2601	1.0
beta1m[105,2]	0.2354	0.0005858	0.1368	0.1248	0.04921	0.2092	0.5676	50130.0	28790.0	0.2481	1.0
beta1m[106,1]	1.616	0.00229	0.4703	0.4643	0.7684	1.59	2.616	39260.0	25160.0	0.1943	1.0
beta1m[106,2]	1.153	0.001879	0.4025	0.4022	0.4506	1.122	2.016	42550.0	25730.0	0.2106	1.0
beta1m[107,1]	2.091	0.002903	0.5419	0.5379	1.117	2.06	3.232	33840.0	28190.0	0.1675	1.0
beta1m[107,2]	3.112	0.003245	0.7223	0.7053	1.839	3.057	4.685	48280.0	31640.0	0.239	1.0
beta1m[108,1]	0.9135	0.002252	0.4505	0.4276	0.2413	0.8466	1.975	36490.0	26510.0	0.1806	1.0
beta1m[108,2]	0.5898	0.001275	0.2988	0.2954	0.134	0.5515	1.28	48120.0	26640.0	0.2382	1.0
beta1m[109,1]	0.6582	0.001892	0.3828	0.3271	0.1551	0.5802	1.6	41510.0	28350.0	0.2055	1.0
beta1m[109,2]	0.5064	0.001677	0.3516	0.2896	0.08108	0.4231	1.405	44690.0	28770.0	0.2212	1.0
beta1m[110,1]	2.393	0.003092	0.6602	0.6469	1.201	2.352	3.79	43390.0	25800.0	0.2148	1.0
beta1m[110,2]	1.892	0.003223	0.6572	0.6473	0.7494	1.842	3.314	38670.0	25010.0	0.1914	1.0
beta1m[111,1]	0.7766	0.002385	0.5096	0.4071	0.1614	0.662	2.077	50050.0	29780.0	0.2477	1.0
beta1m[111,2]	0.618	0.002098	0.4691	0.3671	0.0856	0.4979	1.842	53140.0	29990.0	0.2631	1.0
beta1m[112,1]	2.713	0.003177	0.6665	0.6514	1.554	2.664	4.151	42740.0	29750.0	0.2115	1.0
beta1m[112,2]	2.143	0.003096	0.6221	0.6148	1.045	2.102	3.477	39240.0	29670.0	0.1942	1.0
beta1m[113,1]	0.5712	0.001102	0.2529	0.2488	0.169	0.5432	1.139	47740.0	26550.0	0.2363	1.0
beta1m[113,2]	0.3995	0.0009488	0.2167	0.2032	0.08638	0.3641	0.9139	46760.0	26040.0	0.2315	1.0
beta1m[114,1]	2.161	0.004567	0.8717	0.8685	0.658	2.097	4.053	33090.0	22300.0	0.1638	1.0
beta1m[114,2]	1.885	0.004181	0.8566	0.8638	0.4545	1.81	3.738	36990.0	23870.0	0.1831	1.0
beta1m[115,1]	1.971	0.002292	0.4395	0.4347	1.166	1.953	2.9	36190.0	28570.0	0.1792	1.0
beta1m[115,2]	2.992	0.003772	0.7265	0.7068	1.741	2.934	4.581	36610.0	31300.0	0.1812	1.0
beta1m[116,1]	0.6782	0.001498	0.3276	0.321	0.1778	0.6333	1.431	42780.0	25990.0	0.2118	1.0
beta1m[116,2]	0.4668	0.001147	0.2687	0.2483	0.0933	0.4164	1.111	49880.0	26870.0	0.2469	1.0
beta1m[117,1]	0.6098	0.001476	0.3203	0.2968	0.1563	0.5547	1.375	43160.0	26820.0	0.2137	1.0
beta1m[117,2]	0.4031	0.001023	0.2397	0.2196	0.0789	0.3543	0.9814	49260.0	26740.0	0.2438	1.0
beta1m[118,1]	0.6219	0.001295	0.3005	0.2927	0.167	0.5789	1.318	47700.0	26830.0	0.2361	1.0
beta1m[118,2]	0.5482	0.001696	0.361	0.3156	0.09121	0.467	1.457	41230.0	26980.0	0.2041	1.0
beta1m[119,1]	0.8205	0.001288	0.2522	0.2503	0.3696	0.8045	1.353	36890.0	26420.0	0.1826	1.0
beta1m[119,2]	1.225	0.002638	0.4487	0.4465	0.4127	1.206	2.174	27070.0	21350.0	0.134	1.0
beta1m[120,1]	0.5403	0.001335	0.3001	0.2662	0.1317	0.4814	1.273	49300.0	28390.0	0.244	1.0
beta1m[120,2]	0.4828	0.001827	0.3803	0.2802	0.06833	0.381	1.485	44650.0	29170.0	0.221	1.0
beta1m[121,1]	0.8336	0.002133	0.4393	0.3965	0.2099	0.7603	1.888	40260.0	27890.0	0.1993	1.0
beta1m[121,2]	0.6903	0.002277	0.4647	0.3895	0.1182	0.5862	1.875	40000.0	28530.0	0.198	1.0
beta1m[122,1]	1.27	0.002977	0.6233	0.6017	0.3233	1.188	2.712	37710.0	23150.0	0.1867	1.0
beta1m[122,2]	1.047	0.002416	0.5577	0.5591	0.198	0.9721	2.3	43200.0	23990.0	0.2138	1.0
beta1m[123,1]	0.5743	0.001457	0.3236	0.2883	0.1348	0.5115	1.365	48380.0	27280.0	0.2395	1.0
beta1m[123,2]	0.414	0.001191	0.2756	0.2357	0.06988	0.3509	1.12	52060.0	28190.0	0.2577	1.0
beta1m[124,1]	2.105	0.002185	0.4724	0.4629	1.256	2.076	3.109	45020.0	29360.0	0.2228	1.0
beta1m[124,2]	2.047	0.002058	0.4808	0.476	1.172	2.026	3.056	52480.0	29200.0	0.2598	1.0
beta1m[125,1]	2.313	0.002194	0.5012	0.4991	1.391	2.291	3.358	50280.0	27020.0	0.2489	1.0
beta1m[125,2]	2.713	0.003109	0.6899	0.6677	1.501	2.665	4.195	46770.0	27850.0	0.2315	1.0
beta1m[126,1]	2.118	0.00244	0.4512	0.4487	1.282	2.097	3.055	34010.0	32450.0	0.1684	1.0
beta1m[126,2]	3.651	0.004535	0.8606	0.8443	2.157	3.581	5.507	35020.0	31450.0	0.1733	1.0
beta1m[127,1]	1.162	0.00168	0.3698	0.3657	0.5058	1.139	1.953	44620.0	23630.0	0.2209	1.0
beta1m[127,2]	0.9424	0.001497	0.3434	0.3477	0.3395	0.9202	1.662	47610.0	24640.0	0.2357	1.0
beta1m[128,1]	0.5455	0.0009782	0.2221	0.22	0.1822	0.5233	1.043	46500.0	26070.0	0.2302	1.0
beta1m[128,2]	0.4388	0.0009873	0.2254	0.221	0.1001	0.407	0.9593	44730.0	26090.0	0.2214	1.0
beta1m[129,1]	3.005	0.002022	0.47	0.4649	2.156	2.98	4.002	53760.0	32670.0	0.2661	1.0
beta1m[129,2]	3.04	0.00228	0.5452	0.5425	2.044	3.017	4.174	56510.0	32210.0	0.2797	1.0
beta1m[130,1]	0.3061	0.0007965	0.1453	0.1353	0.09053	0.2831	0.6511	32280.0	25870.0	0.1598	1.0
beta1m[130,2]	0.2179	0.000856	0.1426	0.1177	0.04204	0.1866	0.5828	28750.0	28150.0	0.1423	1.0
beta1m[131,1]	0.4078	0.0009511	0.2082	0.1913	0.1104	0.3721	0.9094	46990.0	28600.0	0.2326	1.0
beta1m[131,2]	0.2645	0.0007082	0.1582	0.1413	0.05343	0.2328	0.6518	47830.0	27180.0	0.2367	1.0
beta1m[132,1]	0.708	0.001301	0.2833	0.2858	0.2271	0.685	1.321	42580.0	25140.0	0.2108	1.0
beta1m[132,2]	0.4773	0.001131	0.2384	0.2288	0.1212	0.4438	1.032	39760.0	26480.0	0.1968	1.0
beta1m[133,1]	0.9931	0.003286	0.6561	0.5146	0.2037	0.8416	2.686	40930.0	30900.0	0.2026	1.0
beta1m[133,2]	0.7378	0.002567	0.543	0.4243	0.1098	0.6063	2.131	44410.0	28770.0	0.2198	1.0
beta1m[134,1]	2.422	0.002419	0.5463	0.5426	1.433	2.395	3.569	49380.0	29240.0	0.2444	1.0
beta1m[134,2]	2.721	0.002605	0.6467	0.6401	1.544	2.693	4.084	59540.0	30100.0	0.2947	1.0
beta1m[135,1]	1.305	0.003073	0.5603	0.5443	0.3964	1.244	2.576	30770.0	24470.0	0.1523	1.0
beta1m[135,2]	0.8742	0.001822	0.3958	0.3914	0.2339	0.8313	1.755	41170.0	25040.0	0.2038	1.0
beta1m[136,1]	0.8179	0.002275	0.5	0.4349	0.1767	0.7097	2.066	49660.0	31040.0	0.2458	1.0
beta1m[136,2]	0.688	0.002385	0.5268	0.4086	0.09533	0.5497	2.072	50110.0	30790.0	0.248	1.0
beta1m[137,1]	1.53	0.001984	0.4476	0.4439	0.7302	1.504	2.487	48100.0	26570.0	0.2381	1.0
beta1m[137,2]	1.574	0.002647	0.5834	0.5729	0.5593	1.53	2.842	43790.0	23870.0	0.2167	1.0
beta1m[138,1]	0.9951	0.002269	0.5023	0.4866	0.2431	0.9201	2.145	43190.0	26400.0	0.2138	1.0
beta1m[138,2]	0.859	0.002375	0.5305	0.4878	0.1439	0.758	2.152	43060.0	24870.0	0.2131	1.0
beta1m[139,1]	0.5255	0.001099	0.2537	0.2451	0.144	0.4892	1.11	48840.0	28530.0	0.2417	1.0
beta1m[139,2]	0.4498	0.001442	0.308	0.2541	0.07467	0.3769	1.246	43280.0	27240.0	0.2142	1.0
beta1m[140,1]	0.5729	0.001458	0.3292	0.2892	0.1344	0.5048	1.393	51060.0	28790.0	0.2528	1.0
beta1m[140,2]	0.4293	0.001321	0.2992	0.2444	0.06966	0.3554	1.192	49980.0	27970.0	0.2474	1.0
beta1m[141,1]	0.6192	0.001564	0.3288	0.3043	0.1542	0.5622	1.407	41590.0	27820.0	0.2059	1.0
beta1m[141,2]	0.3901	0.0009842	0.225	0.2088	0.07966	0.3485	0.9364	48840.0	28770.0	0.2417	1.0
beta1t[1,1]	2.55	0.003717	0.7573	0.7515	1.212	2.505	4.155	38850.0	28380.0	0.1923	1.0
beta1t[1,2]	1.866	0.002791	0.5824	0.5802	0.8676	1.819	3.135	41490.0	27870.0	0.2054	1.0
beta1t[2,1]	2.604	0.004363	0.9034	0.9123	1.035	2.544	4.53	40770.0	28120.0	0.2018	1.0
beta1t[2,2]	1.577	0.0031	0.6206	0.5706	0.6366	1.486	3.031	40180.0	28930.0	0.1989	1.0
beta1t[3,1]	1.688	0.002388	0.5122	0.505	0.8037	1.65	2.791	44330.0	27540.0	0.2194	1.0
beta1t[3,2]	1.712	0.002389	0.5128	0.5036	0.8282	1.669	2.831	44050.0	27680.0	0.2181	1.0
beta1t[4,1]	1.807	0.003032	0.5784	0.5317	0.8836	1.742	3.12	37970.0	31680.0	0.1879	1.0
beta1t[4,2]	5.896	0.01747	2.545	2.291	2.122	5.524	11.86	18960.0	22990.0	0.09384	1.0
beta1t[5,1]	1.721	0.003658	0.6193	0.6106	0.6778	1.662	3.092	27730.0	27410.0	0.1373	1.0
beta1t[5,2]	1.233	0.001673	0.3732	0.3713	0.5922	1.205	2.044	47780.0	29260.0	0.2365	1.0
beta1t[6,1]	0.9186	0.001316	0.2823	0.2787	0.4371	0.895	1.534	44510.0	31520.0	0.2203	1.0
beta1t[6,2]	1.707	0.00276	0.5237	0.5213	0.805	1.666	2.842	35160.0	29930.0	0.174	1.0
beta1t[7,1]	10.95	0.0251	4.404	3.862	4.384	10.29	21.48	28610.0	27080.0	0.1416	1.0
beta1t[7,2]	4.272	0.005308	1.141	1.125	2.257	4.201	6.72	45250.0	31810.0	0.224	1.0
beta1t[8,1]	3.593	0.00388	0.7698	0.7655	2.191	3.553	5.216	38810.0	29350.0	0.1921	1.0
beta1t[8,2]	1.966	0.001697	0.3925	0.3917	1.236	1.953	2.769	52720.0	30860.0	0.2609	1.0
beta1t[9,1]	2.557	0.003862	0.8446	0.8353	1.111	2.49	4.391	44930.0	26210.0	0.2224	1.0
beta1t[9,2]	1.975	0.002961	0.644	0.6314	0.8975	1.916	3.394	45260.0	28940.0	0.224	1.0
beta1t[10,1]	1.325	0.002137	0.4706	0.4645	0.5463	1.275	2.368	45560.0	28100.0	0.2255	1.0
beta1t[10,2]	1.401	0.002276	0.4521	0.442	0.642	1.359	2.4	37960.0	28910.0	0.1879	1.0
beta1t[11,1]	1.488	0.001654	0.3622	0.3612	0.8296	1.471	2.243	46410.0	28400.0	0.2297	1.0
beta1t[11,2]	1.204	0.001547	0.3195	0.3172	0.635	1.186	1.881	41680.0	27800.0	0.2063	1.0
beta1t[12,1]	1.241	0.003661	0.7158	0.5623	0.3585	1.083	3.063	43570.0	29980.0	0.2157	1.0
beta1t[12,2]	1.145	0.00271	0.5357	0.4638	0.4023	1.046	2.459	41520.0	32140.0	0.2055	1.0
beta1t[13,1]	3.171	0.007256	1.33	1.153	1.254	2.953	6.397	32970.0	28550.0	0.1632	1.0
beta1t[13,2]	3.375	0.006333	1.199	1.17	1.37	3.266	6.001	33870.0	26780.0	0.1677	1.0
beta1t[14,1]	3.313	0.003048	0.7314	0.7238	1.999	3.272	4.862	56000.0	31320.0	0.2772	0.9999
beta1t[14,2]	2.793	0.003334	0.6477	0.6358	1.64	2.753	4.177	37180.0	29760.0	0.184	1.0
beta1t[15,1]	2.129	0.003152	0.6734	0.6776	0.9389	2.092	3.554	43870.0	28450.0	0.2171	1.0
beta1t[15,2]	2.222	0.003666	0.73	0.7266	0.9749	2.164	3.812	38000.0	27440.0	0.1881	1.0
beta1t[16,1]	2.159	0.002599	0.5768	0.5748	1.121	2.129	3.38	47740.0	29310.0	0.2363	1.0
beta1t[16,2]	2.456	0.003361	0.6637	0.6589	1.292	2.413	3.887	37610.0	26530.0	0.1862	1.0
beta1t[17,1]	1.458	0.00237	0.465	0.4703	0.6397	1.428	2.451	37490.0	29080.0	0.1856	1.0
beta1t[17,2]	0.9903	0.001573	0.3255	0.3145	0.4583	0.9544	1.725	42350.0	32190.0	0.2096	1.0
beta1t[18,1]	3.3	0.003965	0.893	0.8744	1.724	3.239	5.22	48730.0	29530.0	0.2412	1.0
beta1t[18,2]	2.468	0.003258	0.7036	0.6982	1.255	2.416	3.992	44470.0	28050.0	0.2201	1.0
beta1t[19,1]	3.731	0.005142	1.124	1.074	1.88	3.608	6.261	47090.0	31500.0	0.2331	1.0
beta1t[19,2]	2.044	0.002746	0.5835	0.5729	1.048	1.996	3.325	44010.0	30810.0	0.2178	1.0
beta1t[20,1]	2.578	0.003675	0.7499	0.7393	1.265	2.528	4.182	40090.0	26840.0	0.1984	1.0
beta1t[20,2]	2.376	0.003459	0.684	0.6708	1.204	2.323	3.874	38340.0	29610.0	0.1898	1.0
beta1t[21,1]	2.423	0.003468	0.682	0.6812	1.212	2.378	3.874	37570.0	27970.0	0.186	1.0
beta1t[21,2]	1.747	0.002371	0.4998	0.4972	0.8703	1.712	2.819	42990.0	29610.0	0.2128	1.0
beta1t[22,1]	1.622	0.002364	0.4747	0.4723	0.7786	1.593	2.634	39100.0	30720.0	0.1936	1.0
beta1t[22,2]	1.401	0.002401	0.4749	0.4563	0.6267	1.346	2.469	38430.0	29770.0	0.1902	1.0
beta1t[23,1]	3.37	0.005352	0.9517	0.9507	1.677	3.305	5.386	30550.0	26020.0	0.1512	1.0
beta1t[23,2]	2.548	0.002871	0.6363	0.6285	1.435	2.504	3.926	47820.0	31190.0	0.2367	1.0
beta1t[24,1]	0.8961	0.00193	0.3943	0.3597	0.317	0.8349	1.842	42390.0	31660.0	0.2098	1.0
beta1t[24,2]	1.154	0.002129	0.4585	0.4448	0.428	1.097	2.203	45510.0	31450.0	0.2253	1.0
beta1t[25,1]	2.033	0.006062	1.146	0.8966	0.6065	1.779	4.917	38550.0	30710.0	0.1908	1.0
beta1t[25,2]	1.933	0.004097	0.8135	0.6827	0.7798	1.799	3.912	42760.0	31210.0	0.2116	1.0
beta1t[26,1]	3.367	0.00473	0.9995	0.9768	1.665	3.277	5.562	43280.0	29940.0	0.2142	1.0
beta1t[26,2]	1.596	0.00186	0.4219	0.4234	0.843	1.569	2.486	50580.0	32700.0	0.2503	1.0
beta1t[27,1]	3.631	0.003119	0.6635	0.6522	2.456	3.589	5.059	45360.0	31450.0	0.2245	1.0
beta1t[27,2]	3.483	0.002803	0.6549	0.6269	2.339	3.435	4.916	54700.0	31270.0	0.2708	1.0
beta1t[28,1]	1.244	0.002001	0.4059	0.4022	0.5633	1.204	2.134	40350.0	30020.0	0.1997	1.0
beta1t[28,2]	1.621	0.002095	0.4364	0.4365	0.8392	1.599	2.535	42760.0	30120.0	0.2117	1.0
beta1t[29,1]	1.12	0.001981	0.413	0.4028	0.4473	1.074	2.05	42940.0	30080.0	0.2126	1.0
beta1t[29,2]	1.391	0.00234	0.4826	0.4778	0.5823	1.346	2.459	41470.0	30160.0	0.2053	1.0
beta1t[30,1]	6.488	0.01232	2.418	2.174	2.916	6.122	12.23	38950.0	30680.0	0.1928	1.0
beta1t[30,2]	3.098	0.004444	0.9098	0.8845	1.556	3.018	5.116	41610.0	31560.0	0.206	1.0
beta1t[31,1]	2.239	0.002658	0.5655	0.5571	1.218	2.209	3.427	43790.0	28190.0	0.2167	1.0
beta1t[31,2]	2.441	0.002803	0.5644	0.5626	1.414	2.416	3.625	39570.0	28740.0	0.1959	1.0
beta1t[32,1]	0.74	0.001118	0.2667	0.2627	0.3055	0.7122	1.333	55280.0	30250.0	0.2736	1.0
beta1t[32,2]	1.214	0.002177	0.4503	0.4425	0.4809	1.164	2.225	41570.0	31080.0	0.2058	1.0
beta1t[33,1]	0.8186	0.001972	0.3569	0.3097	0.3033	0.7644	1.661	36560.0	28100.0	0.181	1.0
beta1t[33,2]	0.8857	0.001695	0.3471	0.3286	0.3492	0.839	1.689	42100.0	30860.0	0.2084	1.0
beta1t[34,1]	1.9	0.002211	0.4883	0.483	1.024	1.871	2.937	47260.0	29580.0	0.2339	1.0
beta1t[34,2]	2.694	0.003131	0.6634	0.6551	1.499	2.657	4.098	43590.0	27920.0	0.2157	1.0
beta1t[35,1]	1.744	0.004837	0.8294	0.7097	0.6062	1.597	3.744	29390.0	28120.0	0.1455	0.9999
beta1t[35,2]	1.85	0.003682	0.7062	0.6388	0.7675	1.754	3.502	37140.0	30570.0	0.1838	1.0
beta1t[36,1]	1.764	0.002467	0.544	0.547	0.8026	1.729	2.924	45900.0	27550.0	0.2272	1.0
beta1t[36,2]	1.981	0.002834	0.5794	0.5738	0.963	1.942	3.222	40400.0	27780.0	0.2	1.0
beta1t[37,1]	1.9	0.002443	0.5187	0.5185	0.9774	1.87	2.993	43250.0	26680.0	0.2141	1.0
beta1t[37,2]	1.589	0.001638	0.3761	0.3718	0.902	1.572	2.375	51250.0	28600.0	0.2537	1.0
beta1t[38,1]	1.817	0.001908	0.4352	0.4324	1.03	1.797	2.725	50480.0	30640.0	0.2498	1.0
beta1t[38,2]	2.535	0.002924	0.6041	0.6002	1.45	2.499	3.812	41400.0	28080.0	0.2049	1.0
beta1t[39,1]	2.052	0.005439	1.076	0.9043	0.6155	1.845	4.673	40600.0	28960.0	0.201	1.0
beta1t[39,2]	1.694	0.003007	0.672	0.6347	0.6404	1.608	3.236	48950.0	29830.0	0.2423	1.0
beta1t[40,1]	1.565	0.001857	0.3855	0.384	0.8824	1.541	2.391	41730.0	29600.0	0.2065	1.0
beta1t[40,2]	2.545	0.002703	0.5785	0.5715	1.509	2.51	3.772	45120.0	30250.0	0.2233	1.0
beta1t[41,1]	2.069	0.003028	0.5873	0.585	1.013	2.041	3.31	36540.0	27960.0	0.1809	1.0
beta1t[41,2]	1.134	0.001916	0.3563	0.343	0.5474	1.096	1.934	34710.0	31390.0	0.1718	1.0
beta1t[42,1]	3.244	0.003865	0.8814	0.8604	1.724	3.174	5.183	51270.0	31370.0	0.2538	1.0
beta1t[42,2]	3.657	0.004807	1.003	0.9911	1.929	3.575	5.866	42330.0	29800.0	0.2096	1.0
beta1t[43,1]	3.56	0.004436	0.9313	0.9241	1.875	3.511	5.539	42960.0	27990.0	0.2126	1.0
beta1t[43,2]	3.426	0.005098	1.025	1.014	1.643	3.347	5.634	38270.0	26540.0	0.1895	1.0
beta1t[44,1]	1.15	0.003515	0.6723	0.5168	0.3336	0.9975	2.843	40490.0	29920.0	0.2004	1.0
beta1t[44,2]	1.074	0.002483	0.4918	0.4237	0.3848	0.9867	2.254	42290.0	31940.0	0.2093	1.0
beta1t[45,1]	4.249	0.005215	1.013	0.9504	2.487	4.173	6.456	38340.0	31300.0	0.1898	1.0
beta1t[45,2]	4.472	0.005709	1.162	1.123	2.472	4.382	6.999	40660.0	29440.0	0.2013	1.0
beta1t[46,1]	6.214	0.01047	2.096	2.029	2.665	6.039	10.89	38570.0	28850.0	0.1909	1.0
beta1t[46,2]	7.182	0.01849	3.229	2.812	2.582	6.645	14.93	28660.0	25130.0	0.1419	0.9999
beta1t[47,1]	10.09	0.02375	4.373	3.624	3.978	9.296	20.76	31770.0	27490.0	0.1573	1.0
beta1t[47,2]	6.799	0.01223	2.367	2.252	2.929	6.543	12.15	35040.0	27360.0	0.1734	1.0
beta1t[48,1]	3.516	0.005314	1.041	1.021	1.716	3.446	5.774	36770.0	28050.0	0.182	1.0
beta1t[48,2]	2.282	0.002488	0.5768	0.5744	1.24	2.253	3.493	51990.0	28390.0	0.2573	1.0
beta1t[49,1]	3.397	0.003876	0.8345	0.8229	1.892	3.351	5.173	44890.0	30340.0	0.2222	1.0
beta1t[49,2]	2.559	0.002441	0.5694	0.5661	1.513	2.533	3.749	52900.0	28730.0	0.2619	1.0
beta1t[50,1]	1.867	0.006223	1.231	0.8855	0.4818	1.571	5.006	50620.0	30890.0	0.2506	1.0
beta1t[50,2]	1.922	0.005434	1.131	0.8708	0.5534	1.668	4.818	51890.0	29690.0	0.2568	1.0
beta1t[51,1]	1.761	0.004604	0.9236	0.7879	0.5219	1.58	4.049	42040.0	31450.0	0.2081	1.0
beta1t[51,2]	1.448	0.003392	0.6895	0.5962	0.4941	1.325	3.128	43470.0	30850.0	0.2152	1.0
beta1t[52,1]	2.098	0.001963	0.4911	0.4799	1.233	2.064	3.159	59870.0	30110.0	0.2963	1.0
beta1t[52,2]	2.317	0.003326	0.6923	0.6534	1.181	2.242	3.873	41430.0	27780.0	0.2051	1.0
beta1t[53,1]	4.293	0.005615	1.225	1.047	2.505	4.099	7.203	55730.0	31040.0	0.2758	1.0
beta1t[53,2]	2.34	0.002606	0.5489	0.5371	1.372	2.303	3.519	43870.0	31200.0	0.2171	1.0
beta1t[54,1]	1.406	0.002093	0.4488	0.4467	0.635	1.372	2.386	43010.0	27410.0	0.2129	1.0
beta1t[54,2]	1.284	0.001461	0.3375	0.3337	0.6808	1.265	1.999	52090.0	30960.0	0.2578	1.0
beta1t[55,1]	2.069	0.001806	0.4174	0.4154	1.3	2.051	2.933	52030.0	30740.0	0.2575	1.0
beta1t[55,2]	2.487	0.002099	0.4815	0.4751	1.614	2.461	3.505	51680.0	31480.0	0.2558	1.0
beta1t[56,1]	1.232	0.001587	0.3787	0.3755	0.5696	1.204	2.044	55200.0	29900.0	0.2732	1.0
beta1t[56,2]	1.835	0.003122	0.6297	0.6197	0.7888	1.774	3.223	38610.0	28350.0	0.1911	1.0
beta1t[57,1]	1.234	0.001649	0.3357	0.3329	0.6401	1.211	1.951	39880.0	30960.0	0.1974	1.0
beta1t[57,2]	1.532	0.001565	0.3508	0.3472	0.8874	1.515	2.264	48850.0	29190.0	0.2418	1.0
beta1t[58,1]	1.637	0.00478	0.9654	0.7466	0.4579	1.419	4.115	46120.0	31380.0	0.2283	1.0
beta1t[58,2]	1.592	0.004344	0.8513	0.6902	0.503	1.414	3.712	42810.0	28270.0	0.2119	1.0
beta1t[59,1]	0.8511	0.001305	0.2893	0.2849	0.3688	0.8237	1.505	47650.0	31020.0	0.2359	1.0
beta1t[59,2]	1.089	0.00174	0.3776	0.3721	0.4691	1.049	1.925	45340.0	29410.0	0.2244	1.0
beta1t[60,1]	2.282	0.002155	0.489	0.4876	1.376	2.263	3.286	50090.0	27990.0	0.2479	1.0
beta1t[60,2]	2.173	0.003346	0.5978	0.5957	1.126	2.134	3.436	30640.0	26450.0	0.1517	1.0
beta1t[61,1]	0.723	0.001132	0.2543	0.2478	0.3056	0.6973	1.285	49840.0	29720.0	0.2467	1.0
beta1t[61,2]	1.046	0.001681	0.3648	0.3591	0.4409	1.01	1.856	45080.0	30160.0	0.2231	1.0
beta1t[62,1]	1.402	0.003088	0.6055	0.5458	0.5145	1.306	2.86	38350.0	31760.0	0.1898	1.0
beta1t[62,2]	2.025	0.003984	0.7899	0.7767	0.7636	1.934	3.817	37770.0	28840.0	0.187	1.0
beta1t[63,1]	1.714	0.00231	0.5064	0.505	0.8249	1.68	2.794	45640.0	26270.0	0.2259	0.9999
beta1t[63,2]	1.484	0.001971	0.4162	0.4116	0.7528	1.456	2.375	43140.0	30190.0	0.2135	1.0
beta1t[64,1]	4.574	0.004565	1.032	1.012	2.736	4.507	6.786	51110.0	34360.0	0.253	1.0
beta1t[64,2]	8.059	0.01955	3.183	2.843	3.313	7.582	15.56	24010.0	24410.0	0.1189	1.0
beta1t[65,1]	1.785	0.005225	1.06	0.8214	0.5031	1.545	4.503	47930.0	31660.0	0.2372	1.0
beta1t[65,2]	1.788	0.004601	0.9185	0.7471	0.5855	1.6	4.058	44130.0	31400.0	0.2184	1.0
beta1t[66,1]	1.612	0.00391	0.7491	0.6525	0.5644	1.478	3.437	37470.0	30680.0	0.1855	1.0
beta1t[66,2]	2.081	0.003382	0.7015	0.6886	0.8948	2.019	3.628	42260.0	31710.0	0.2092	1.0
beta1t[67,1]	1.38	0.004273	0.8307	0.6355	0.3856	1.186	3.531	42920.0	30680.0	0.2125	1.0
beta1t[67,2]	1.161	0.002608	0.5294	0.4612	0.415	1.069	2.452	43010.0	31870.0	0.2129	1.0
beta1t[68,1]	1.808	0.005397	1.062	0.8276	0.5104	1.566	4.532	46530.0	29830.0	0.2303	1.0
beta1t[68,2]	1.916	0.004139	0.9085	0.7936	0.6354	1.753	4.14	49520.0	29590.0	0.2451	1.0
beta1t[69,1]	2.559	0.005301	1.039	0.9804	0.9693	2.41	4.968	37330.0	28630.0	0.1848	1.0
beta1t[69,2]	2.84	0.003674	0.8144	0.8053	1.395	2.79	4.582	47540.0	30010.0	0.2353	1.0
beta1t[70,1]	1.888	0.003995	0.7152	0.6675	0.7832	1.793	3.556	31020.0	26950.0	0.1535	1.0
beta1t[70,2]	2.06	0.002694	0.546	0.541	1.079	2.032	3.216	40130.0	28150.0	0.1986	1.0
beta1t[71,1]	1.516	0.003284	0.6434	0.5735	0.5691	1.417	3.037	39420.0	31120.0	0.1951	1.0
beta1t[71,2]	1.674	0.003607	0.6993	0.6436	0.6267	1.57	3.32	38210.0	30470.0	0.1891	1.0
beta1t[72,1]	1.78	0.00513	0.9274	0.768	0.568	1.595	4.133	31570.0	28040.0	0.1562	1.0
beta1t[72,2]	2.423	0.004223	0.853	0.8229	1.019	2.334	4.346	38620.0	28200.0	0.1912	1.0
beta1t[73,1]	1.324	0.002292	0.4968	0.4924	0.5111	1.272	2.431	45590.0	30040.0	0.2257	1.0
beta1t[73,2]	1.128	0.001903	0.3972	0.3849	0.4752	1.087	2.01	42730.0	30140.0	0.2115	1.0
beta1t[74,1]	3.115	0.004283	0.8789	0.8452	1.611	3.043	5.032	41540.0	30560.0	0.2056	1.0
beta1t[74,2]	2.547	0.004656	0.8746	0.8158	1.163	2.435	4.595	34270.0	29710.0	0.1696	1.0
beta1t[75,1]	1.644	0.00421	0.7384	0.64	0.6091	1.512	3.432	31610.0	33370.0	0.1564	1.0
beta1t[75,2]	5.225	0.01423	2.145	1.931	1.868	4.968	10.18	21060.0	23510.0	0.1043	1.0
beta1t[76,1]	2.139	0.002656	0.572	0.5712	1.111	2.11	3.341	45430.0	29200.0	0.2249	1.0
beta1t[76,2]	2.853	0.003083	0.6773	0.6751	1.619	2.822	4.267	46590.0	28120.0	0.2306	1.0
beta1t[77,1]	2.243	0.002793	0.6209	0.6006	1.182	2.194	3.604	48680.0	31410.0	0.241	1.0
beta1t[77,2]	1.951	0.002865	0.5874	0.57	0.9644	1.895	3.253	41280.0	29470.0	0.2043	1.0
beta1t[78,1]	1.881	0.002497	0.5202	0.5034	0.9918	1.837	3.022	43110.0	30250.0	0.2134	1.0
beta1t[78,2]	2.186	0.002651	0.5638	0.5475	1.218	2.141	3.422	44870.0	30030.0	0.2221	1.0
beta1t[79,1]	1.204	0.001765	0.3622	0.3548	0.5745	1.176	1.994	40890.0	30160.0	0.2024	1.0
beta1t[79,2]	1.289	0.001678	0.3808	0.3731	0.632	1.26	2.117	49430.0	28270.0	0.2447	1.0
beta1t[80,1]	1.093	0.001376	0.2989	0.2975	0.5659	1.076	1.73	45870.0	29750.0	0.2271	1.0
beta1t[80,2]	1.434	0.001723	0.3627	0.3616	0.7778	1.415	2.195	43360.0	29230.0	0.2146	1.0
beta1t[81,1]	1.263	0.00198	0.4158	0.4108	0.5633	1.226	2.185	43640.0	30020.0	0.216	1.0
beta1t[81,2]	2.264	0.003657	0.6835	0.6858	1.054	2.224	3.697	34010.0	28800.0	0.1684	1.0
beta1t[82,1]	3.642	0.005094	1.023	1.025	1.81	3.593	5.785	39000.0	28210.0	0.193	1.0
beta1t[82,2]	2.748	0.003577	0.7399	0.7341	1.435	2.698	4.333	41230.0	27700.0	0.2041	1.0
beta1t[83,1]	1.156	0.001761	0.3629	0.3597	0.5394	1.124	1.953	40920.0	29980.0	0.2025	1.0
beta1t[83,2]	1.218	0.001449	0.3382	0.3326	0.623	1.195	1.942	52640.0	30770.0	0.2606	1.0
beta1t[84,1]	2.062	0.002309	0.5046	0.5075	1.125	2.044	3.112	46340.0	27610.0	0.2294	1.0
beta1t[84,2]	3.725	0.008011	1.334	1.306	1.552	3.582	6.692	25730.0	23830.0	0.1274	1.0
beta1t[85,1]	1.939	0.001893	0.444	0.4378	1.134	1.915	2.883	53820.0	31690.0	0.2664	1.0
beta1t[85,2]	2.637	0.003351	0.6667	0.6594	1.444	2.599	4.052	38370.0	27440.0	0.1899	1.0
beta1t[86,1]	1.211	0.001847	0.4087	0.4044	0.5102	1.175	2.104	46780.0	28780.0	0.2316	1.0
beta1t[86,2]	0.9806	0.001582	0.3336	0.3274	0.4275	0.947	1.722	42990.0	27910.0	0.2128	1.0
beta1t[87,1]	1.256	0.002881	0.5682	0.5012	0.4338	1.161	2.629	40520.0	31820.0	0.2006	1.0
beta1t[87,2]	1.438	0.003321	0.6474	0.5629	0.5234	1.329	3.001	39970.0	30640.0	0.1979	1.0
beta1t[88,1]	1.871	0.005847	1.207	0.8775	0.4895	1.581	4.937	51770.0	31480.0	0.2563	1.0
beta1t[88,2]	1.93	0.005399	1.121	0.8601	0.5691	1.674	4.78	53310.0	31940.0	0.2639	1.0
beta1t[89,1]	2.137	0.002356	0.5403	0.5378	1.164	2.11	3.283	50960.0	28700.0	0.2523	1.0
beta1t[89,2]	2.114	0.003112	0.6289	0.6213	1.029	2.061	3.478	39120.0	26040.0	0.1936	1.0
beta1t[90,1]	6.418	0.01134	2.14	2.022	2.996	6.158	11.32	34080.0	30020.0	0.1687	1.0
beta1t[90,2]	3.644	0.004624	0.9825	0.9815	1.894	3.594	5.718	43680.0	30160.0	0.2162	1.0
beta1t[91,1]	1.065	0.00287	0.5636	0.461	0.332	0.9452	2.47	40440.0	30680.0	0.2002	1.0
beta1t[91,2]	1.222	0.00288	0.5807	0.504	0.4137	1.114	2.636	42390.0	33290.0	0.2098	0.9999
beta1t[92,1]	2.069	0.004955	0.6633	0.5773	1.077	1.969	3.678	19530.0	21950.0	0.09669	1.0
beta1t[92,2]	1.888	0.002346	0.4871	0.4873	1.024	1.859	2.915	42110.0	30640.0	0.2084	1.0
beta1t[93,1]	2.789	0.002313	0.5616	0.551	1.792	2.752	3.993	58700.0	31610.0	0.2906	1.0
beta1t[93,2]	3.721	0.003918	0.8682	0.8189	2.297	3.626	5.689	49810.0	31230.0	0.2465	1.0
beta1t[94,1]	2.038	0.001893	0.4264	0.4204	1.254	2.019	2.925	50350.0	33150.0	0.2492	1.0
beta1t[94,2]	1.114	0.002658	0.3912	0.3469	0.5258	1.059	2.046	23340.0	23240.0	0.1155	1.0
beta1t[95,1]	1.981	0.002284	0.488	0.4817	1.104	1.951	3.006	44030.0	29020.0	0.2179	1.0
beta1t[95,2]	1.893	0.00243	0.4872	0.4812	1.038	1.858	2.945	38770.0	29700.0	0.1919	1.0
beta1t[96,1]	1.476	0.001892	0.4405	0.4403	0.7104	1.448	2.416	51870.0	28940.0	0.2567	1.0
beta1t[96,2]	2.343	0.003313	0.6821	0.6831	1.134	2.303	3.785	40670.0	28000.0	0.2013	1.0
beta1t[97,1]	4.143	0.005076	1.016	1.004	2.334	4.077	6.311	39130.0	29990.0	0.1937	1.0
beta1t[97,2]	2.323	0.002358	0.5175	0.5067	1.385	2.293	3.42	47710.0	30540.0	0.2362	1.0
beta1t[98,1]	1.14	0.001648	0.3731	0.3704	0.5004	1.109	1.95	48970.0	30210.0	0.2424	1.0
beta1t[98,2]	1.103	0.001731	0.3619	0.3543	0.4961	1.068	1.899	42310.0	28680.0	0.2094	1.0
beta1t[99,1]	2.02	0.002209	0.4894	0.4812	1.154	1.988	3.062	47620.0	28420.0	0.2357	1.0
beta1t[99,2]	2.092	0.002087	0.4704	0.467	1.247	2.067	3.084	49610.0	29420.0	0.2455	1.0
beta1t[100,1]	2.117	0.002817	0.5483	0.5432	1.136	2.088	3.291	36950.0	29440.0	0.1829	1.0
beta1t[100,2]	2.839	0.002927	0.6356	0.6339	1.683	2.808	4.165	46190.0	29870.0	0.2286	1.0
beta1t[101,1]	2.244	0.001866	0.4476	0.4469	1.409	2.229	3.165	56920.0	31680.0	0.2818	1.0
beta1t[101,2]	1.692	0.002338	0.4566	0.4567	0.8876	1.662	2.663	36990.0	28110.0	0.1831	1.0
beta1t[102,1]	1.8	0.003358	0.7052	0.6985	0.6546	1.73	3.374	41860.0	29480.0	0.2072	1.0
beta1t[102,2]	1.445	0.003045	0.6183	0.5614	0.5475	1.344	2.915	42160.0	30370.0	0.2087	1.0
beta1t[103,1]	1.53	0.002347	0.4816	0.4737	0.7029	1.494	2.579	40440.0	28040.0	0.2002	1.0
beta1t[103,2]	0.9405	0.001187	0.2722	0.2675	0.4654	0.9212	1.532	51120.0	30810.0	0.253	1.0
beta1t[104,1]	1.767	0.002112	0.4711	0.4703	0.924	1.74	2.755	47660.0	28380.0	0.2359	1.0
beta1t[104,2]	1.997	0.002366	0.5142	0.5112	1.072	1.97	3.093	45270.0	27640.0	0.2241	1.0
beta1t[105,1]	1.245	0.001312	0.3013	0.3008	0.6929	1.23	1.867	51170.0	29040.0	0.2533	1.0
beta1t[105,2]	1.674	0.001934	0.404	0.3967	0.9631	1.648	2.547	42570.0	28540.0	0.2107	1.0
beta1t[106,1]	1.157	0.001665	0.3874	0.3848	0.4956	1.125	2.002	52210.0	29280.0	0.2584	1.0
beta1t[106,2]	1.364	0.001867	0.4169	0.4148	0.6406	1.33	2.264	47830.0	29090.0	0.2368	1.0
beta1t[107,1]	1.336	0.002087	0.4554	0.4552	0.5525	1.302	2.32	44820.0	27190.0	0.2219	1.0
beta1t[107,2]	1.198	0.001873	0.4009	0.3952	0.5283	1.159	2.091	43980.0	29410.0	0.2177	1.0
beta1t[108,1]	2.137	0.003136	0.6234	0.6198	1.043	2.095	3.465	38090.0	26900.0	0.1885	1.0
beta1t[108,2]	1.555	0.002076	0.4428	0.441	0.7796	1.525	2.504	44120.0	29320.0	0.2184	1.0
beta1t[109,1]	1.558	0.002874	0.561	0.5287	0.6607	1.494	2.831	37540.0	29290.0	0.1858	1.0
beta1t[109,2]	2.029	0.002852	0.5884	0.5783	0.991	1.99	3.292	41340.0	28630.0	0.2046	1.0
beta1t[110,1]	1.784	0.002624	0.5305	0.5268	0.8516	1.748	2.928	39680.0	28200.0	0.1964	1.0
beta1t[110,2]	2.309	0.003199	0.6664	0.6621	1.145	2.259	3.747	41120.0	27530.0	0.2036	1.0
beta1t[111,1]	1.805	0.005189	0.9577	0.7706	0.5804	1.605	4.194	36040.0	29320.0	0.1784	1.0
beta1t[111,2]	2.257	0.003355	0.7351	0.7028	1.016	2.193	3.892	46370.0	29290.0	0.2295	1.0
beta1t[112,1]	1.546	0.002183	0.4976	0.4962	0.6895	1.506	2.625	49410.0	28220.0	0.2446	0.9999
beta1t[112,2]	1.635	0.002376	0.5401	0.5281	0.7338	1.586	2.829	48700.0	28510.0	0.241	1.0
beta1t[113,1]	1.306	0.001844	0.3811	0.3797	0.6229	1.285	2.109	41510.0	29710.0	0.2055	1.0
beta1t[113,2]	0.9821	0.001302	0.2913	0.287	0.48	0.9597	1.614	47970.0	29760.0	0.2374	1.0
beta1t[114,1]	2.185	0.003094	0.6452	0.6414	1.039	2.144	3.56	41380.0	27570.0	0.2048	1.0
beta1t[114,2]	2.507	0.003184	0.6607	0.6546	1.312	2.475	3.896	41730.0	27750.0	0.2066	1.0
beta1t[115,1]	1.637	0.002439	0.5049	0.4974	0.7746	1.596	2.74	42360.0	30450.0	0.2097	1.0
beta1t[115,2]	1.789	0.003297	0.614	0.5863	0.7972	1.721	3.188	33880.0	28600.0	0.1677	1.0
beta1t[116,1]	2.513	0.002295	0.5043	0.5037	1.585	2.492	3.562	47950.0	32660.0	0.2373	1.0
beta1t[116,2]	4.811	0.004758	0.9643	0.9605	3.08	4.757	6.836	40620.0	33940.0	0.2011	1.0
beta1t[117,1]	2.083	0.003377	0.6531	0.6499	0.9553	2.033	3.496	36600.0	29240.0	0.1811	1.0
beta1t[117,2]	1.715	0.002658	0.5231	0.5174	0.8184	1.674	2.849	37070.0	26070.0	0.1835	1.0
beta1t[118,1]	2.681	0.00274	0.641	0.6322	1.55	2.64	4.05	53280.0	30930.0	0.2637	1.0
beta1t[118,2]	3.042	0.00396	0.825	0.8123	1.635	2.972	4.853	41100.0	28390.0	0.2034	1.0
beta1t[119,1]	2.464	0.002716	0.5752	0.5685	1.455	2.422	3.696	43930.0	31160.0	0.2174	1.0
beta1t[119,2]	1.987	0.002038	0.4337	0.4278	1.206	1.963	2.902	44490.0	31770.0	0.2202	1.0
beta1t[120,1]	2.872	0.00365	0.7228	0.7048	1.61	2.813	4.431	39110.0	30680.0	0.1936	1.0
beta1t[120,2]	2.935	0.005172	0.898	0.855	1.464	2.835	4.991	29150.0	28980.0	0.1443	1.0
beta1t[121,1]	1.637	0.002405	0.5277	0.5172	0.7169	1.599	2.778	46150.0	28250.0	0.2285	1.0
beta1t[121,2]	1.367	0.002504	0.504	0.4814	0.5655	1.303	2.538	38890.0	28520.0	0.1925	1.0
beta1t[122,1]	2.907	0.005098	0.9708	0.9468	1.264	2.823	5.046	34260.0	27250.0	0.1696	1.0
beta1t[122,2]	1.703	0.002372	0.5139	0.5053	0.8175	1.662	2.826	46060.0	30250.0	0.228	1.0
beta1t[123,1]	1.211	0.002337	0.4999	0.4756	0.4407	1.142	2.369	44170.0	27570.0	0.2186	1.0
beta1t[123,2]	1.424	0.002122	0.4811	0.48	0.603	1.385	2.474	48580.0	30360.0	0.2405	1.0
beta1t[124,1]	1.038	0.001686	0.3501	0.3471	0.4467	1.007	1.803	41490.0	29240.0	0.2054	1.0
beta1t[124,2]	0.9985	0.001353	0.3171	0.3154	0.4554	0.9734	1.69	52310.0	28040.0	0.2589	1.0
beta1t[125,1]	2.109	0.002731	0.5648	0.5675	1.083	2.077	3.296	41440.0	29320.0	0.2051	1.0
beta1t[125,2]	1.943	0.002565	0.537	0.5373	0.9975	1.909	3.08	42100.0	28180.0	0.2084	1.0
beta1t[126,1]	1.989	0.002056	0.4899	0.4823	1.093	1.966	3.014	55090.0	30760.0	0.2727	1.0
beta1t[126,2]	2.185	0.003666	0.6694	0.6515	1.059	2.123	3.658	32170.0	27020.0	0.1592	1.0
beta1t[127,1]	1.885	0.001886	0.4289	0.4218	1.097	1.865	2.782	50140.0	29560.0	0.2482	1.0
beta1t[127,2]	2.201	0.002553	0.5348	0.5207	1.259	2.164	3.353	41910.0	26850.0	0.2074	1.0
beta1t[128,1]	1.063	0.001351	0.2935	0.2917	0.5418	1.044	1.686	45470.0	30230.0	0.2251	1.0
beta1t[128,2]	1.341	0.001603	0.3438	0.3379	0.7283	1.318	2.078	45450.0	29620.0	0.2249	1.0
beta1t[129,1]	1.04	0.00152	0.3368	0.3344	0.4637	1.013	1.776	47780.0	29890.0	0.2365	1.0
beta1t[129,2]	1.29	0.001808	0.3882	0.3819	0.6254	1.256	2.143	44240.0	28880.0	0.219	1.0
beta1t[130,1]	0.6741	0.0008789	0.2155	0.2126	0.3077	0.6562	1.145	58900.0	30000.0	0.2916	1.0
beta1t[130,2]	0.9903	0.001692	0.3141	0.313	0.4293	0.9746	1.652	31960.0	23450.0	0.1582	1.0
beta1t[131,1]	0.5485	0.001131	0.2311	0.2107	0.2046	0.5136	1.094	42330.0	31730.0	0.2095	1.0
beta1t[131,2]	0.6203	0.0009393	0.2189	0.2167	0.2636	0.596	1.108	54190.0	30740.0	0.2683	1.0
beta1t[132,1]	1.076	0.001639	0.3447	0.3348	0.4872	1.046	1.835	42250.0	30300.0	0.2091	1.0
beta1t[132,2]	0.8766	0.001394	0.284	0.2782	0.4043	0.8493	1.501	40580.0	29920.0	0.2008	1.0
beta1t[133,1]	1.426	0.0043	0.8169	0.6546	0.4096	1.245	3.473	39590.0	31630.0	0.196	1.0
beta1t[133,2]	1.244	0.003474	0.6387	0.5303	0.4034	1.115	2.863	33620.0	32500.0	0.1664	1.0
beta1t[134,1]	2.343	0.002884	0.6258	0.6233	1.233	2.307	3.68	45450.0	29860.0	0.225	1.0
beta1t[134,2]	2.18	0.002494	0.5606	0.5505	1.199	2.145	3.403	48700.0	29190.0	0.2411	1.0
beta1t[135,1]	1.79	0.002958	0.6126	0.6075	0.7433	1.737	3.124	40740.0	27240.0	0.2017	1.0
beta1t[135,2]	1.261	0.001956	0.4221	0.4088	0.5626	1.218	2.205	45820.0	29400.0	0.2268	1.0
beta1t[136,1]	2.541	0.003436	0.7005	0.6806	1.313	2.496	4.023	40870.0	28680.0	0.2023	1.0
beta1t[136,2]	3.418	0.003709	0.8158	0.8028	1.938	3.382	5.125	47080.0	29530.0	0.233	1.0
beta1t[137,1]	2.864	0.003297	0.74	0.7288	1.553	2.819	4.453	49060.0	30280.0	0.2429	1.0
beta1t[137,2]	1.423	0.002127	0.4318	0.4241	0.687	1.385	2.37	40420.0	30760.0	0.2001	1.0
beta1t[138,1]	2.483	0.003453	0.7245	0.7125	1.22	2.427	4.044	42740.0	30840.0	0.2116	1.0
beta1t[138,2]	2.705	0.004074	0.8085	0.8075	1.301	2.645	4.444	37760.0	28620.0	0.1869	1.0
beta1t[139,1]	1.108	0.001512	0.3534	0.3475	0.501	1.079	1.872	53910.0	31270.0	0.2668	1.0
beta1t[139,2]	2.179	0.004222	0.7722	0.7585	0.9081	2.098	3.901	32650.0	29300.0	0.1616	1.0
beta1t[140,1]	3.447	0.003147	0.6774	0.6671	2.192	3.421	4.873	46070.0	31950.0	0.2281	1.0
beta1t[140,2]	3.656	0.004006	0.8079	0.7977	2.218	3.604	5.381	39730.0	30890.0	0.1967	0.9999
beta1t[141,1]	1.325	0.002248	0.4684	0.4563	0.5499	1.275	2.38	41610.0	29300.0	0.2059	1.0
beta1t[141,2]	1.508	0.001847	0.4292	0.4262	0.7571	1.48	2.422	51880.0	30310.0	0.2568	1.0
beta2[1,1]	6.034	0.004456	0.9619	0.9275	4.377	5.955	8.143	48070.0	32430.0	0.238	1.0
beta2[1,2]	5.695	0.003985	0.8694	0.8477	4.177	5.63	7.577	49150.0	32540.0	0.2433	1.0
beta2[2,1]	8.877	0.008342	1.778	1.594	6.143	8.624	13.08	51820.0	30410.0	0.2565	1.0
beta2[2,2]	7.307	0.01534	2.445	2.205	3.651	6.939	13.1	24740.0	26990.0	0.1225	1.0
beta2[3,1]	6.556	0.004993	1.181	1.119	4.618	6.429	9.232	60800.0	31650.0	0.301	1.0
beta2[3,2]	7.5	0.008616	1.688	1.522	4.918	7.252	11.49	43050.0	29640.0	0.2131	1.0
beta2[4,1]	4.836	0.01348	1.78	1.44	2.564	4.428	9.352	17990.0	23910.0	0.08907	1.0
beta2[4,2]	5.209	0.004571	0.9039	0.8297	3.746	5.108	7.249	43320.0	30140.0	0.2144	1.0
beta2[5,1]	4.063	0.00476	0.8326	0.7765	2.702	3.974	5.968	32330.0	29150.0	0.16	1.0
beta2[5,2]	3.756	0.002791	0.6391	0.6248	2.642	3.707	5.148	52860.0	30660.0	0.2616	1.0
beta2[6,1]	5.031	0.003257	0.7744	0.7614	3.68	4.976	6.689	58410.0	30580.0	0.2891	1.0
beta2[6,2]	4.664	0.003729	0.7705	0.7564	3.351	4.598	6.35	43220.0	31430.0	0.2139	1.0
beta2[7,1]	20.91	0.01921	4.341	3.967	14.11	20.33	31.09	56780.0	33760.0	0.2811	1.0
beta2[7,2]	16.65	0.02349	4.64	4.131	9.843	15.91	27.95	43520.0	29980.0	0.2154	1.0
beta2[8,1]	6.137	0.004157	0.9957	0.956	4.418	6.055	8.329	58710.0	34210.0	0.2906	1.0
beta2[8,2]	3.789	0.003026	0.654	0.6336	2.649	3.737	5.216	47460.0	34000.0	0.2349	1.0
beta2[9,1]	6.033	0.004427	0.9881	0.9761	4.333	5.96	8.181	50060.0	34800.0	0.2478	1.0
beta2[9,2]	6.829	0.00597	1.22	1.165	4.807	6.704	9.57	43840.0	32020.0	0.217	1.0
beta2[10,1]	5.313	0.005661	1.088	0.9569	3.629	5.168	7.83	45340.0	25430.0	0.2244	1.0
beta2[10,2]	4.342	0.005528	0.942	0.8264	2.905	4.208	6.577	32850.0	25880.0	0.1626	1.0
beta2[11,1]	4.018	0.003736	0.7638	0.7289	2.765	3.942	5.738	44110.0	30210.0	0.2184	1.0
beta2[11,2]	3.773	0.002998	0.668	0.636	2.646	3.709	5.254	51800.0	32810.0	0.2564	1.0
beta2[12,1]	6.952	0.01623	2.998	2.489	2.918	6.361	14.48	35350.0	30050.0	0.175	1.0
beta2[12,2]	7.48	0.01484	2.744	2.283	3.896	6.908	14.36	37930.0	30890.0	0.1878	1.0
beta2[13,1]	7.679	0.01816	2.879	2.596	3.46	7.228	14.6	23760.0	25910.0	0.1176	1.0
beta2[13,2]	11.77	0.01264	2.786	2.513	7.489	11.38	18.28	53080.0	32900.0	0.2628	1.0
beta2[14,1]	6.506	0.004711	1.062	1.022	4.709	6.412	8.877	52840.0	33660.0	0.2615	1.0
beta2[14,2]	5.145	0.003197	0.7448	0.7265	3.848	5.088	6.757	55310.0	33080.0	0.2738	1.0
beta2[15,1]	6.275	0.005324	1.075	1.013	4.499	6.16	8.709	44000.0	30590.0	0.2178	1.0
beta2[15,2]	5.204	0.005261	0.9544	0.8766	3.66	5.091	7.398	37010.0	27400.0	0.1832	1.0
beta2[16,1]	6.635	0.004206	0.9943	0.9793	4.901	6.559	8.781	57270.0	32580.0	0.2835	1.0
beta2[16,2]	7.226	0.005488	1.193	1.148	5.209	7.118	9.851	48800.0	30280.0	0.2415	1.0
beta2[17,1]	2.754	0.003103	0.611	0.5512	1.785	2.682	4.137	44660.0	28320.0	0.2211	1.0
beta2[17,2]	2.976	0.004128	0.7153	0.6432	1.868	2.883	4.638	32980.0	27880.0	0.1632	1.0
beta2[18,1]	6.619	0.005823	1.191	1.155	4.629	6.51	9.271	42590.0	33250.0	0.2108	1.0
beta2[18,2]	8.497	0.00728	1.535	1.429	5.98	8.319	11.99	47760.0	31290.0	0.2364	1.0
beta2[19,1]	5.019	0.003754	0.8344	0.8009	3.603	4.947	6.872	51010.0	32360.0	0.2525	0.9999
beta2[19,2]	4.756	0.003311	0.7515	0.7314	3.446	4.7	6.391	52180.0	31870.0	0.2583	1.0
beta2[20,1]	6.275	0.003489	0.8792	0.8635	4.716	6.222	8.155	64400.0	32400.0	0.3188	1.0
beta2[20,2]	6.565	0.006065	1.168	1.104	4.639	6.441	9.22	39220.0	29010.0	0.1941	1.0
beta2[21,1]	6.063	0.005243	1.065	1.021	4.276	5.957	8.434	42670.0	31860.0	0.2112	1.0
beta2[21,2]	6.456	0.005326	1.12	1.074	4.592	6.347	8.957	46100.0	31690.0	0.2282	1.0
beta2[22,1]	3.562	0.002981	0.6888	0.6544	2.383	3.501	5.091	55500.0	33410.0	0.2747	1.0
beta2[22,2]	3.666	0.006884	1.1	1.003	2.005	3.507	6.242	25810.0	29030.0	0.1278	1.0
beta2[23,1]	5.294	0.004007	0.9105	0.8765	3.756	5.21	7.336	53900.0	32590.0	0.2668	1.0
beta2[23,2]	3.487	0.002982	0.6214	0.5975	2.411	3.435	4.838	44800.0	32310.0	0.2218	1.0
beta2[24,1]	4.628	0.009198	1.513	1.321	2.455	4.369	8.285	27400.0	28860.0	0.1356	1.0
beta2[24,2]	4.252	0.005181	0.9858	0.864	2.759	4.112	6.58	41070.0	28450.0	0.2033	1.0
beta2[25,1]	3.975	0.0107	1.926	1.564	1.496	3.567	8.753	33170.0	31470.0	0.1642	1.0
beta2[25,2]	3.875	0.01052	1.8	1.466	1.586	3.49	8.377	29060.0	31010.0	0.1438	1.0
beta2[26,1]	8.916	0.009434	1.935	1.772	5.891	8.657	13.46	45240.0	30810.0	0.2239	1.0
beta2[26,2]	5.957	0.004092	0.9859	0.9552	4.27	5.868	8.113	59510.0	35130.0	0.2946	1.0
beta2[27,1]	4.269	0.004196	0.9056	0.8608	2.786	4.172	6.322	48090.0	31910.0	0.238	1.0
beta2[27,2]	4.11	0.003764	0.846	0.8061	2.712	4.021	6.024	53950.0	30280.0	0.267	1.0
beta2[28,1]	4.021	0.003489	0.6908	0.6441	2.875	3.953	5.58	43040.0	29770.0	0.213	1.0
beta2[28,2]	5.076	0.005011	0.9516	0.8963	3.517	4.971	7.21	38100.0	29040.0	0.1886	1.0
beta2[29,1]	3.708	0.003118	0.6337	0.6103	2.62	3.656	5.089	43180.0	31990.0	0.2137	1.0
beta2[29,2]	5.513	0.004731	1.002	0.9554	3.858	5.417	7.746	46500.0	33130.0	0.2301	1.0
beta2[30,1]	5.534	0.00343	0.8314	0.8152	4.087	5.473	7.346	60010.0	32600.0	0.297	1.0
beta2[30,2]	5.697	0.004839	1.019	0.9757	3.987	5.602	7.958	45700.0	30250.0	0.2262	1.0
beta2[31,1]	4.518	0.006225	1.134	1.04	2.755	4.367	7.144	35330.0	29390.0	0.1749	1.0
beta2[31,2]	3.887	0.002455	0.6173	0.603	2.801	3.843	5.22	64290.0	33190.0	0.3182	1.0
beta2[32,1]	5.437	0.003142	0.7848	0.7732	4.053	5.385	7.124	63030.0	31360.0	0.312	1.0
beta2[32,2]	5.444	0.003469	0.7968	0.7857	4.032	5.394	7.169	53120.0	31490.0	0.2629	1.0
beta2[33,1]	3.023	0.01262	1.513	0.9376	1.453	2.565	7.22	15300.0	21530.0	0.07574	1.0
beta2[33,2]	3.96	0.009714	1.39	1.025	2.207	3.671	7.496	24100.0	22680.0	0.1193	1.0
beta2[34,1]	4.91	0.002716	0.6864	0.6806	3.679	4.873	6.368	63510.0	29620.0	0.3144	1.0
beta2[34,2]	5.165	0.003473	0.7767	0.7564	3.813	5.104	6.856	51210.0	31360.0	0.2535	1.0
beta2[35,1]	4.055	0.009932	1.637	1.381	1.874	3.735	8.132	26800.0	29530.0	0.1327	1.0
beta2[35,2]	3.779	0.007863	1.384	1.174	1.855	3.523	7.178	31970.0	31160.0	0.1582	1.0
beta2[36,1]	5.229	0.005942	1.122	1.033	3.452	5.093	7.814	39580.0	28900.0	0.1959	1.0
beta2[36,2]	4.195	0.003273	0.6679	0.6298	3.067	4.135	5.655	44800.0	30200.0	0.2217	1.0
beta2[37,1]	7.922	0.007437	1.562	1.426	5.46	7.726	11.56	47610.0	31850.0	0.2357	1.0
beta2[37,2]	4.253	0.003916	0.7514	0.7271	2.991	4.181	5.926	37200.0	34580.0	0.1841	1.0
beta2[38,1]	4.996	0.003995	0.8453	0.8211	3.521	4.925	6.836	45570.0	32640.0	0.2255	1.0
beta2[38,2]	4.533	0.002737	0.6692	0.6565	3.348	4.488	5.956	60720.0	30280.0	0.3005	1.0
beta2[39,1]	5.616	0.01308	2.317	1.954	2.443	5.182	11.35	34700.0	29120.0	0.1718	1.0
beta2[39,2]	5.853	0.01141	2.109	1.753	2.999	5.435	11.12	39490.0	30270.0	0.1954	1.0
beta2[40,1]	2.851	0.00241	0.4917	0.4801	2.008	2.814	3.929	42390.0	33710.0	0.2098	1.0
beta2[40,2]	4.196	0.003308	0.7198	0.6861	2.991	4.126	5.8	50320.0	32430.0	0.2491	1.0
beta2[41,1]	4.937	0.004493	0.9937	0.9603	3.266	4.847	7.124	48260.0	31420.0	0.2389	1.0
beta2[41,2]	3.765	0.006015	0.9451	0.8455	2.322	3.625	6.017	26360.0	24960.0	0.1305	1.0
beta2[42,1]	6.838	0.006804	1.313	1.207	4.761	6.674	9.87	41770.0	27750.0	0.2068	1.0
beta2[42,2]	5.605	0.004082	0.887	0.8632	4.06	5.534	7.535	47960.0	32970.0	0.2374	1.0
beta2[43,1]	12.15	0.01416	2.768	2.492	7.966	11.73	18.68	42940.0	31810.0	0.2125	1.0
beta2[43,2]	12.72	0.0179	3.377	3.05	7.596	12.23	20.73	38190.0	28090.0	0.1891	1.0
beta2[44,1]	5.613	0.01423	2.673	2.21	2.116	5.065	12.28	36770.0	29900.0	0.182	1.0
beta2[44,2]	5.672	0.01437	2.608	2.113	2.299	5.13	12.19	33690.0	30030.0	0.1667	1.0
beta2[45,1]	6.29	0.01191	2.043	1.738	3.506	5.901	11.33	33700.0	27770.0	0.1668	1.0
beta2[45,2]	6.969	0.01091	2.156	1.922	3.784	6.634	12.02	42430.0	31840.0	0.21	1.0
beta2[46,1]	15.55	0.02334	4.3	3.698	9.634	14.72	26.18	37870.0	32490.0	0.1874	1.0
beta2[46,2]	18.98	0.0269	5.368	4.633	11.39	18.02	31.95	45020.0	30430.0	0.2228	1.0
beta2[47,1]	19.05	0.02695	5.307	4.55	11.58	18.11	31.98	46660.0	28400.0	0.231	1.0
beta2[47,2]	14.18	0.01333	3.01	2.852	9.442	13.8	21.04	55730.0	33530.0	0.2759	1.0
beta2[48,1]	7.985	0.007164	1.438	1.323	5.679	7.802	11.31	44240.0	30570.0	0.219	1.0
beta2[48,2]	7.948	0.00652	1.419	1.353	5.575	7.798	11.14	50160.0	33560.0	0.2483	1.0
beta2[49,1]	6.971	0.005111	1.13	1.079	5.058	6.866	9.508	50980.0	35310.0	0.2523	1.0
beta2[49,2]	4.112	0.003097	0.667	0.6435	2.946	4.067	5.559	47620.0	34450.0	0.2357	1.0
beta2[50,1]	5.125	0.0119	2.519	2.061	1.852	4.597	11.43	52390.0	31290.0	0.2593	1.0
beta2[50,2]	4.867	0.01086	2.305	1.919	1.817	4.405	10.55	50870.0	29970.0	0.2518	1.0
beta2[51,1]	6.321	0.01222	2.327	2.063	2.984	5.929	11.95	38640.0	30920.0	0.1912	1.0
beta2[51,2]	5.435	0.01172	2.081	1.808	2.505	5.056	10.51	31760.0	30870.0	0.1572	1.0
beta2[52,1]	3.25	0.002193	0.5341	0.5211	2.326	3.209	4.406	60190.0	33820.0	0.2979	1.0
beta2[52,2]	2.521	0.001714	0.4049	0.3975	1.796	2.497	3.377	55950.0	32500.0	0.2769	1.0
beta2[53,1]	4.611	0.00578	1.144	1.031	2.865	4.448	7.281	43620.0	29080.0	0.2159	1.0
beta2[53,2]	4.041	0.003652	0.8241	0.7993	2.652	3.969	5.86	51650.0	32750.0	0.2557	1.0
beta2[54,1]	4.273	0.004797	0.8416	0.7808	2.896	4.176	6.169	33380.0	26370.0	0.1652	1.0
beta2[54,2]	4.465	0.002551	0.6292	0.6139	3.356	4.422	5.828	62200.0	32720.0	0.3079	1.0
beta2[55,1]	5.726	0.005025	1.042	0.9688	4.019	5.605	8.132	46610.0	30480.0	0.2307	1.0
beta2[55,2]	4.842	0.003425	0.7845	0.7556	3.518	4.77	6.594	55840.0	31680.0	0.2764	1.0
beta2[56,1]	5.669	0.005686	1.095	1.018	3.9	5.543	8.181	39650.0	29820.0	0.1963	1.0
beta2[56,2]	7.129	0.006487	1.33	1.256	4.958	6.982	10.16	44490.0	31960.0	0.2202	1.0
beta2[57,1]	2.106	0.001676	0.382	0.3758	1.43	2.085	2.925	52080.0	32730.0	0.2578	1.0
beta2[57,2]	2.445	0.002318	0.4849	0.4725	1.606	2.408	3.497	43790.0	32870.0	0.2168	1.0
beta2[58,1]	5.422	0.01272	2.534	2.095	2.086	4.922	11.73	42800.0	31050.0	0.2119	1.0
beta2[58,2]	5.364	0.01203	2.418	2.025	2.1	4.893	11.37	43540.0	31340.0	0.2155	1.0
beta2[59,1]	3.104	0.002464	0.5204	0.5068	2.199	3.066	4.234	45350.0	33660.0	0.2245	1.0
beta2[59,2]	3.816	0.003293	0.7122	0.6839	2.615	3.748	5.386	47420.0	32560.0	0.2347	1.0
beta2[60,1]	6.247	0.005014	1.082	1.033	4.438	6.137	8.682	48660.0	32600.0	0.2409	1.0
beta2[60,2]	5.088	0.004216	0.9002	0.8717	3.542	5.015	7.073	46420.0	33680.0	0.2298	1.0
beta2[61,1]	5.513	0.005723	1.035	0.9633	3.843	5.397	7.892	35840.0	27290.0	0.1774	1.0
beta2[61,2]	5.501	0.005814	1.076	1.005	3.772	5.381	7.934	37220.0	29620.0	0.1842	1.0
beta2[62,1]	7.023	0.01589	2.433	2.164	3.535	6.615	12.85	22680.0	28740.0	0.1122	1.0
beta2[62,2]	9.3	0.008459	1.886	1.78	6.2	9.094	13.55	51820.0	31670.0	0.2565	1.0
beta2[63,1]	10.8	0.01705	3.124	2.762	6.308	10.27	18.28	36420.0	31060.0	0.1803	1.0
beta2[63,2]	6.721	0.00787	1.52	1.365	4.404	6.505	10.33	40770.0	31910.0	0.2018	1.0
beta2[64,1]	16.09	0.02171	4.409	3.965	9.535	15.4	26.62	45440.0	31570.0	0.2249	1.0
beta2[64,2]	20.09	0.02847	5.715	4.964	12.02	19.1	33.94	44990.0	32660.0	0.2227	1.0
beta2[65,1]	4.808	0.01168	2.311	1.878	1.774	4.337	10.57	42430.0	30510.0	0.21	1.0
beta2[65,2]	4.74	0.01118	2.184	1.806	1.827	4.311	10.14	41390.0	30030.0	0.2049	1.0
beta2[66,1]	8.728	0.01732	3.174	2.771	4.225	8.17	16.32	35420.0	30330.0	0.1753	1.0
beta2[66,2]	9.471	0.01297	2.715	2.422	5.396	9.066	15.92	47280.0	33170.0	0.234	1.0
beta2[67,1]	4.648	0.01273	2.157	1.704	1.881	4.183	10.15	31290.0	30170.0	0.1549	1.0
beta2[67,2]	4.792	0.01231	2.01	1.479	2.389	4.292	9.957	29370.0	28800.0	0.1454	1.0
beta2[68,1]	5.698	0.01334	2.52	2.096	2.288	5.21	12.0	37250.0	30830.0	0.1844	1.0
beta2[68,2]	5.619	0.01152	2.205	1.858	2.583	5.185	11.02	41060.0	32220.0	0.2033	1.0
beta2[69,1]	11.36	0.01524	3.037	2.649	7.011	10.85	18.75	45990.0	30710.0	0.2276	1.0
beta2[69,2]	9.389	0.01444	2.756	2.396	5.451	8.914	16.17	38680.0	30110.0	0.1915	1.0
beta2[70,1]	5.451	0.01037	1.678	1.527	2.957	5.191	9.435	27330.0	27560.0	0.1353	1.0
beta2[70,2]	4.781	0.004578	0.9473	0.8882	3.236	4.672	6.954	43980.0	33500.0	0.2177	1.0
beta2[71,1]	4.789	0.0117	1.787	1.492	2.439	4.413	9.285	23430.0	28660.0	0.116	1.0
beta2[71,2]	5.78	0.009979	1.824	1.575	3.169	5.469	10.21	35560.0	30490.0	0.176	1.0
beta2[72,1]	5.811	0.01463	2.388	2.053	2.467	5.384	11.67	23770.0	18300.0	0.1177	1.0
beta2[72,2]	5.784	0.01021	1.819	1.56	3.182	5.464	10.23	33140.0	29860.0	0.164	1.0
beta2[73,1]	7.327	0.005098	1.173	1.137	5.33	7.227	9.922	55180.0	34820.0	0.2731	1.0
beta2[73,2]	5.526	0.009115	1.359	1.171	3.596	5.289	8.879	23870.0	26880.0	0.1181	1.0
beta2[74,1]	5.466	0.009417	1.816	1.623	2.807	5.169	9.834	40490.0	30040.0	0.2004	1.0
beta2[74,2]	5.033	0.009319	1.717	1.528	2.494	4.76	9.167	35550.0	30130.0	0.176	1.0
beta2[75,1]	9.715	0.0268	3.908	3.421	4.467	8.927	19.34	20880.0	26390.0	0.1033	1.0
beta2[75,2]	11.28	0.0138	2.688	2.414	7.287	10.85	17.69	39680.0	33480.0	0.1964	1.0
beta2[76,1]	8.171	0.007649	1.521	1.41	5.725	7.989	11.63	42670.0	29940.0	0.2112	1.0
beta2[76,2]	6.619	0.007956	1.346	1.22	4.543	6.425	9.801	31130.0	29250.0	0.1541	1.0
beta2[77,1]	3.057	0.001641	0.4198	0.4169	2.295	3.036	3.942	65380.0	31730.0	0.3236	1.0
beta2[77,2]	3.828	0.003071	0.6449	0.6205	2.73	3.771	5.259	44890.0	33080.0	0.2222	1.0
beta2[78,1]	4.173	0.002719	0.6509	0.6296	3.063	4.117	5.6	60270.0	31780.0	0.2984	1.0
beta2[78,2]	4.437	0.003511	0.745	0.7117	3.197	4.364	6.125	49100.0	28790.0	0.243	1.0
beta2[79,1]	7.006	0.008787	1.72	1.543	4.442	6.745	11.12	42820.0	30330.0	0.2119	1.0
beta2[79,2]	4.636	0.003516	0.8457	0.8175	3.219	4.555	6.522	62020.0	31850.0	0.307	1.0
beta2[80,1]	3.115	0.002753	0.5687	0.5531	2.136	3.068	4.367	43320.0	34080.0	0.2144	1.0
beta2[80,2]	2.936	0.002117	0.4821	0.4722	2.087	2.902	3.97	51600.0	32430.0	0.2554	1.0
beta2[81,1]	4.654	0.002496	0.6183	0.6073	3.543	4.613	5.966	61800.0	33500.0	0.3059	1.0
beta2[81,2]	4.226	0.003742	0.7122	0.6682	3.034	4.159	5.819	39170.0	28960.0	0.1939	1.0
beta2[82,1]	6.191	0.005546	1.083	0.9902	4.433	6.07	8.695	42730.0	28420.0	0.2115	1.0
beta2[82,2]	6.463	0.005945	1.109	1.026	4.694	6.325	9.034	38230.0	29300.0	0.1892	1.0
beta2[83,1]	2.415	0.001488	0.3691	0.3609	1.739	2.399	3.185	61210.0	31000.0	0.303	1.0
beta2[83,2]	3.015	0.001985	0.475	0.4616	2.168	2.983	4.044	58140.0	33260.0	0.2878	1.0
beta2[84,1]	4.922	0.008142	1.197	0.9738	3.222	4.745	7.658	31080.0	22410.0	0.1538	1.0
beta2[84,2]	8.782	0.008372	1.719	1.607	6.009	8.588	12.71	45770.0	30040.0	0.2265	1.0
beta2[85,1]	3.429	0.002597	0.5425	0.5187	2.492	3.387	4.622	45700.0	31940.0	0.2262	1.0
beta2[85,2]	3.306	0.002331	0.5256	0.5118	2.375	3.27	4.423	51440.0	32410.0	0.2546	1.0
beta2[86,1]	3.334	0.00234	0.5307	0.5188	2.382	3.302	4.466	52030.0	32790.0	0.2575	1.0
beta2[86,2]	4.585	0.003765	0.807	0.7785	3.207	4.509	6.375	46620.0	33240.0	0.2307	1.0
beta2[87,1]	4.656	0.01147	1.908	1.44	2.31	4.209	9.571	30830.0	28520.0	0.1526	1.0
beta2[87,2]	3.77	0.01079	1.691	1.352	1.638	3.38	8.09	24140.0	28820.0	0.1195	1.0
beta2[88,1]	4.604	0.01117	2.244	1.866	1.659	4.141	10.22	46720.0	30880.0	0.2313	1.0
beta2[88,2]	4.271	0.01013	2.033	1.685	1.574	3.85	9.356	43110.0	30620.0	0.2134	1.0
beta2[89,1]	4.973	0.003495	0.7699	0.7541	3.646	4.916	6.647	49340.0	32880.0	0.2442	1.0
beta2[89,2]	4.541	0.002774	0.6572	0.6514	3.343	4.509	5.932	55500.0	31300.0	0.2747	1.0
beta2[90,1]	8.266	0.007522	1.537	1.465	5.757	8.104	11.72	44510.0	31930.0	0.2203	1.0
beta2[90,2]	6.229	0.004561	1.001	0.9535	4.515	6.141	8.453	49920.0	32060.0	0.2471	1.0
beta2[91,1]	6.467	0.0169	3.015	2.499	2.466	5.849	13.95	30380.0	25590.0	0.1504	1.0
beta2[91,2]	5.745	0.01489	2.548	2.138	2.34	5.247	12.06	28570.0	26180.0	0.1414	1.0
beta2[92,1]	2.24	0.004819	0.6248	0.5232	1.344	2.131	3.81	18940.0	21410.0	0.09375	1.0
beta2[92,2]	3.069	0.002533	0.5268	0.5059	2.15	3.029	4.218	44610.0	31940.0	0.2208	1.0
beta2[93,1]	3.78	0.003127	0.7059	0.674	2.606	3.709	5.366	53430.0	32090.0	0.2645	1.0
beta2[93,2]	3.198	0.002315	0.5603	0.5498	2.225	3.156	4.404	58670.0	32710.0	0.2904	1.0
beta2[94,1]	2.693	0.00213	0.4731	0.4625	1.866	2.659	3.715	48880.0	33320.0	0.242	1.0
beta2[94,2]	1.698	0.0047	0.5623	0.4349	0.9402	1.587	3.144	16660.0	19030.0	0.08247	1.0
beta2[95,1]	2.972	0.002294	0.4824	0.4689	2.13	2.936	4.018	44390.0	31980.0	0.2197	1.0
beta2[95,2]	3.261	0.002063	0.4911	0.4859	2.383	3.234	4.296	56730.0	31810.0	0.2808	1.0
beta2[96,1]	4.946	0.004689	0.9076	0.8499	3.439	4.851	6.986	39770.0	31270.0	0.1969	1.0
beta2[96,2]	6.871	0.005603	1.204	1.152	4.855	6.745	9.536	48140.0	33250.0	0.2383	1.0
beta2[97,1]	6.857	0.004974	1.152	1.106	4.909	6.749	9.423	55660.0	34010.0	0.2755	1.0
beta2[97,2]	4.073	0.004139	0.7537	0.7194	2.849	3.984	5.781	33460.0	33460.0	0.1656	1.0
beta2[98,1]	3.18	0.002433	0.567	0.5429	2.203	3.133	4.432	55000.0	33140.0	0.2723	1.0
beta2[98,2]	2.529	0.002977	0.5371	0.5068	1.651	2.471	3.736	34990.0	28390.0	0.1732	1.0
beta2[99,1]	4.335	0.004995	0.9769	0.8842	2.809	4.2	6.604	39890.0	31070.0	0.1975	1.0
beta2[99,2]	3.787	0.003626	0.7854	0.7572	2.471	3.711	5.523	47960.0	32290.0	0.2374	1.0
beta2[100,1]	3.468	0.002549	0.5562	0.5432	2.467	3.432	4.646	47810.0	33110.0	0.2367	1.0
beta2[100,2]	4.194	0.002761	0.6519	0.64	3.017	4.15	5.585	55730.0	31230.0	0.2759	1.0
beta2[101,1]	4.49	0.0027	0.6783	0.6635	3.29	4.446	5.939	64380.0	29210.0	0.3187	1.0
beta2[101,2]	4.321	0.004848	0.8626	0.8212	2.884	4.238	6.254	32610.0	30090.0	0.1614	1.0
beta2[102,1]	8.32	0.01079	2.324	2.058	4.843	7.98	13.83	53460.0	30270.0	0.2646	1.0
beta2[102,2]	6.677	0.01319	2.399	2.117	3.196	6.274	12.45	32720.0	28940.0	0.1619	1.0
beta2[103,1]	4.143	0.003802	0.775	0.7276	2.882	4.054	5.905	44210.0	31910.0	0.2188	1.0
beta2[103,2]	3.028	0.001639	0.4277	0.4209	2.254	3.005	3.93	68750.0	33000.0	0.3403	1.0
beta2[104,1]	5.721	0.003818	0.8757	0.8553	4.185	5.66	7.622	53630.0	32640.0	0.2654	1.0
beta2[104,2]	6.104	0.004857	1.05	1.01	4.349	5.999	8.423	49230.0	30880.0	0.2437	1.0
beta2[105,1]	2.398	0.00149	0.387	0.3796	1.699	2.378	3.215	66840.0	30410.0	0.3309	1.0
beta2[105,2]	2.252	0.00183	0.4142	0.4092	1.522	2.226	3.136	51440.0	31540.0	0.2546	1.0
beta2[106,1]	5.203	0.003366	0.7732	0.765	3.828	5.153	6.851	53720.0	32030.0	0.2659	1.0
beta2[106,2]	4.862	0.003365	0.7524	0.7392	3.518	4.815	6.469	50650.0	31240.0	0.2507	1.0
beta2[107,1]	4.693	0.002702	0.6566	0.6482	3.508	4.656	6.084	59550.0	31870.0	0.2948	1.0
beta2[107,2]	3.315	0.001788	0.4448	0.4417	2.505	3.295	4.242	61590.0	32340.0	0.3049	1.0
beta2[108,1]	5.653	0.004634	0.9761	0.9404	4.001	5.566	7.824	46290.0	33120.0	0.2292	1.0
beta2[108,2]	5.795	0.006428	1.158	1.088	3.907	5.663	8.427	34070.0	28200.0	0.1686	1.0
beta2[109,1]	3.906	0.01029	1.488	1.187	1.989	3.583	7.695	22520.0	25580.0	0.1115	1.0
beta2[109,2]	4.671	0.006952	1.28	1.098	2.789	4.463	7.777	38400.0	30220.0	0.1901	1.0
beta2[110,1]	5.276	0.003147	0.757	0.7412	3.916	5.23	6.891	57990.0	30870.0	0.287	1.0
beta2[110,2]	5.098	0.003933	0.7951	0.768	3.736	5.033	6.836	42100.0	31550.0	0.2084	1.0
beta2[111,1]	5.41	0.01234	2.303	1.944	2.259	4.974	11.17	36570.0	30410.0	0.181	1.0
beta2[111,2]	5.305	0.0103	1.941	1.638	2.695	4.925	10.08	38440.0	31550.0	0.1903	1.0
beta2[112,1]	3.861	0.002331	0.5515	0.5454	2.855	3.835	5.014	55600.0	33130.0	0.2752	1.0
beta2[112,2]	4.588	0.003204	0.7081	0.6831	3.36	4.538	6.147	49840.0	31060.0	0.2467	1.0
beta2[113,1]	3.429	0.003071	0.6614	0.6244	2.317	3.362	4.898	48500.0	32530.0	0.2401	1.0
beta2[113,2]	2.472	0.003246	0.5441	0.4891	1.61	2.407	3.713	31400.0	25630.0	0.1554	1.0
beta2[114,1]	7.342	0.005128	1.141	1.091	5.385	7.246	9.886	51150.0	32530.0	0.2532	1.0
beta2[114,2]	7.329	0.005688	1.187	1.116	5.347	7.214	9.989	46750.0	31030.0	0.2314	1.0
beta2[115,1]	10.15	0.01619	2.994	2.633	5.864	9.639	17.42	38680.0	28480.0	0.1914	1.0
beta2[115,2]	8.922	0.01071	2.188	2.008	5.559	8.621	14.08	45680.0	31830.0	0.2261	1.0
beta2[116,1]	4.74	0.003536	0.7324	0.7083	3.475	4.68	6.331	43390.0	32990.0	0.2148	1.0
beta2[116,2]	5.504	0.003235	0.7868	0.7764	4.117	5.45	7.187	59530.0	32920.0	0.2947	1.0
beta2[117,1]	4.777	0.003391	0.7686	0.7481	3.435	4.721	6.432	52650.0	33060.0	0.2606	1.0
beta2[117,2]	3.816	0.003054	0.6158	0.5914	2.754	3.765	5.173	42180.0	32190.0	0.2088	1.0
beta2[118,1]	3.267	0.001942	0.4736	0.4668	2.404	3.243	4.261	59440.0	32800.0	0.2942	1.0
beta2[118,2]	3.723	0.002533	0.5874	0.5802	2.672	3.689	4.964	53700.0	31350.0	0.2658	1.0
beta2[119,1]	4.42	0.00351	0.7664	0.7331	3.131	4.348	6.118	49770.0	31620.0	0.2463	1.0
beta2[119,2]	4.136	0.002979	0.6814	0.6585	2.958	4.082	5.633	53320.0	31690.0	0.2639	1.0
beta2[120,1]	6.282	0.01145	2.036	1.765	3.393	5.925	11.17	35090.0	29140.0	0.1737	1.0
beta2[120,2]	6.348	0.01235	2.107	1.899	3.258	6.01	11.38	29000.0	30680.0	0.1435	1.0
beta2[121,1]	4.942	0.009732	1.613	1.341	2.731	4.631	8.949	30630.0	27210.0	0.1516	1.0
beta2[121,2]	5.903	0.009576	1.755	1.516	3.377	5.612	10.18	36180.0	28810.0	0.1791	1.0
beta2[122,1]	5.031	0.003439	0.7651	0.7546	3.691	4.977	6.666	50280.0	33630.0	0.2489	1.0
beta2[122,2]	5.868	0.004449	0.9304	0.889	4.261	5.788	7.921	45100.0	32180.0	0.2232	1.0
beta2[123,1]	7.914	0.007552	1.449	1.309	5.715	7.704	11.31	42800.0	29350.0	0.2118	1.0
beta2[123,2]	6.645	0.004682	1.036	0.9829	4.906	6.549	8.934	53280.0	29740.0	0.2637	1.0
beta2[124,1]	4.974	0.003808	0.7942	0.754	3.621	4.903	6.737	45420.0	32290.0	0.2248	1.0
beta2[124,2]	5.014	0.003551	0.8105	0.7869	3.606	4.952	6.789	53300.0	31890.0	0.2638	1.0
beta2[125,1]	5.678	0.003888	0.8945	0.8695	4.126	5.612	7.617	53870.0	32900.0	0.2666	1.0
beta2[125,2]	5.14	0.003433	0.7905	0.7747	3.766	5.077	6.848	53130.0	32230.0	0.263	1.0
beta2[126,1]	4.909	0.00411	0.822	0.7932	3.543	4.831	6.741	41530.0	30910.0	0.2056	1.0
beta2[126,2]	4.867	0.003015	0.7279	0.7126	3.597	4.811	6.447	59070.0	30950.0	0.2924	1.0
beta2[127,1]	5.702	0.003368	0.8517	0.8336	4.194	5.649	7.519	64230.0	30360.0	0.3179	1.0
beta2[127,2]	4.638	0.003823	0.7962	0.7689	3.28	4.561	6.39	44770.0	31280.0	0.2216	1.0
beta2[128,1]	1.934	0.001481	0.3422	0.3338	1.328	1.91	2.668	54120.0	33580.0	0.2679	1.0
beta2[128,2]	2.683	0.002191	0.4793	0.4601	1.854	2.647	3.737	48940.0	32860.0	0.2423	1.0
beta2[129,1]	6.382	0.006267	1.306	1.217	4.292	6.225	9.404	47720.0	29870.0	0.2362	1.0
beta2[129,2]	6.021	0.005152	1.085	1.02	4.25	5.904	8.507	47390.0	31590.0	0.2346	1.0
beta2[130,1]	2.501	0.004505	0.4976	0.4958	1.668	2.451	3.591	12490.0	25320.0	0.0618	1.0
beta2[130,2]	2.647	0.01234	0.9108	0.8219	1.457	2.364	4.665	6444.0	23700.0	0.0319	1.0
beta2[131,1]	2.811	0.003647	0.6325	0.5613	1.819	2.733	4.271	37290.0	27200.0	0.1846	1.0
beta2[131,2]	2.305	0.001964	0.3864	0.3628	1.63	2.284	3.092	55980.0	29920.0	0.2771	1.0
beta2[132,1]	2.906	0.002398	0.5329	0.5151	1.99	2.863	4.069	51150.0	33650.0	0.2532	1.0
beta2[132,2]	2.232	0.003472	0.5507	0.4928	1.378	2.157	3.522	26590.0	27200.0	0.1316	1.0
beta2[133,1]	5.035	0.01384	2.289	1.944	1.934	4.58	10.66	24330.0	22480.0	0.1204	1.0
beta2[133,2]	5.877	0.01276	2.18	1.851	2.883	5.459	11.28	27950.0	30630.0	0.1384	1.0
beta2[134,1]	4.854	0.002633	0.6731	0.6707	3.636	4.821	6.265	65780.0	30960.0	0.3256	1.0
beta2[134,2]	5.083	0.003769	0.8185	0.7883	3.667	5.016	6.887	48200.0	31760.0	0.2386	1.0
beta2[135,1]	5.265	0.003281	0.7828	0.7518	3.866	5.213	6.952	58800.0	30430.0	0.2911	1.0
beta2[135,2]	5.656	0.004782	1.003	0.9714	3.923	5.573	7.858	44450.0	32400.0	0.22	1.0
beta2[136,1]	4.834	0.009894	1.541	1.27	2.78	4.508	8.665	26230.0	27940.0	0.1299	1.0
beta2[136,2]	4.602	0.007032	1.295	1.151	2.657	4.407	7.714	38570.0	28580.0	0.1909	1.0
beta2[137,1]	4.956	0.003008	0.7188	0.6998	3.691	4.906	6.508	58250.0	31630.0	0.2883	1.0
beta2[137,2]	4.734	0.002836	0.6699	0.6565	3.539	4.694	6.152	56410.0	31090.0	0.2792	1.0
beta2[138,1]	5.728	0.004997	1.012	0.9481	4.06	5.613	8.036	44600.0	29640.0	0.2208	1.0
beta2[138,2]	4.831	0.003535	0.7833	0.7697	3.476	4.771	6.523	50310.0	32360.0	0.249	1.0
beta2[139,1]	4.772	0.003911	0.8096	0.7826	3.38	4.704	6.546	44550.0	32200.0	0.2205	1.0
beta2[139,2]	4.445	0.003817	0.7861	0.7644	3.071	4.386	6.153	42470.0	30110.0	0.2102	1.0
beta2[140,1]	10.09	0.01364	2.484	2.23	6.389	9.72	16.07	35980.0	28900.0	0.1781	1.0
beta2[140,2]	6.213	0.006506	1.275	1.183	4.173	6.063	9.142	41890.0	29550.0	0.2073	1.0
beta2[141,1]	3.086	0.005458	0.8659	0.7326	1.818	2.945	5.172	28620.0	24200.0	0.1417	1.0
beta2[141,2]	3.653	0.003268	0.7051	0.6799	2.471	3.586	5.227	48040.0	33240.0	0.2378	1.0
betac[1,1]	1.191	0.00125	0.2646	0.2637	0.6758	1.189	1.718	44930.0	30720.0	0.2224	1.0
betac[1,2]	1.465	0.001269	0.2652	0.2641	0.9572	1.463	1.995	43970.0	31130.0	0.2176	0.9999
betac[2,1]	1.501	0.001503	0.2924	0.2947	0.9386	1.497	2.082	38080.0	31760.0	0.1885	1.0
betac[2,2]	1.081	0.000802	0.1892	0.1873	0.7092	1.079	1.45	55730.0	33240.0	0.2759	1.0
betac[3,1]	0.686	0.001082	0.2253	0.2256	0.2502	0.6852	1.131	43440.0	32160.0	0.215	1.0
betac[3,2]	0.848	0.00101	0.2337	0.2326	0.3922	0.8459	1.314	53800.0	31770.0	0.2663	1.0
betac[4,1]	0.7382	0.0009846	0.2059	0.206	0.331	0.7394	1.138	43620.0	33030.0	0.2159	1.0
betac[4,2]	1.571	0.003824	0.5185	0.5167	0.5838	1.56	2.609	18540.0	24110.0	0.09178	1.0
betac[5,1]	0.6961	0.001281	0.2212	0.2215	0.2535	0.6994	1.121	29860.0	31080.0	0.1478	1.0
betac[5,2]	1.069	0.0008971	0.2018	0.1996	0.6709	1.069	1.464	50780.0	33030.0	0.2514	1.0
betac[6,1]	0.8741	0.0007644	0.1777	0.1768	0.5219	0.8754	1.219	54220.0	33090.0	0.2684	1.0
betac[6,2]	1.127	0.001293	0.2471	0.2481	0.643	1.129	1.607	36590.0	31000.0	0.1811	1.0
betac[7,1]	1.413	0.003046	0.5135	0.5049	0.4323	1.402	2.449	28680.0	26500.0	0.142	1.0
betac[7,2]	1.306	0.001883	0.413	0.4113	0.4951	1.304	2.12	48260.0	31810.0	0.2389	1.0
betac[8,1]	0.2454	0.001334	0.2626	0.2604	-0.2786	0.2476	0.7547	38750.0	30740.0	0.1918	1.0
betac[8,2]	-0.03857	0.0008429	0.1975	0.1959	-0.4311	-0.03594	0.3437	55050.0	35210.0	0.2725	1.0
betac[9,1]	1.575	0.001435	0.3006	0.2985	0.9991	1.571	2.18	44000.0	31850.0	0.2178	1.0
betac[9,2]	1.692	0.001324	0.2895	0.2894	1.139	1.688	2.275	48300.0	31900.0	0.2391	1.0
betac[10,1]	0.1476	0.0006164	0.1518	0.1512	-0.1531	0.149	0.4424	60690.0	31900.0	0.3004	1.0
betac[10,2]	0.2373	0.0008165	0.1731	0.1722	-0.106	0.239	0.5683	44900.0	33170.0	0.2222	1.0
betac[11,1]	0.4453	0.0008406	0.1816	0.1802	0.08734	0.4456	0.8022	46730.0	32890.0	0.2313	1.0
betac[11,2]	0.5913	0.0008528	0.1861	0.1857	0.2265	0.5903	0.9545	47650.0	32370.0	0.2359	1.0
betac[12,1]	0.147	0.000545	0.1374	0.1361	-0.1229	0.1473	0.4162	63580.0	31070.0	0.3147	1.0
betac[12,2]	0.08763	0.0005425	0.1426	0.1425	-0.1897	0.08808	0.3681	69280.0	30690.0	0.3429	1.0
betac[13,1]	0.5388	0.0009114	0.1941	0.1942	0.1539	0.5409	0.9121	45290.0	36080.0	0.2242	1.0
betac[13,2]	1.818	0.002222	0.3822	0.3767	1.08	1.812	2.582	29660.0	31360.0	0.1468	1.0
betac[14,1]	0.8547	0.001027	0.2358	0.2351	0.397	0.8533	1.319	52840.0	33100.0	0.2615	1.0
betac[14,2]	0.9703	0.001521	0.2891	0.2873	0.3988	0.9724	1.532	36230.0	31120.0	0.1793	1.0
betac[15,1]	1.268	0.001198	0.257	0.2568	0.7636	1.266	1.778	46150.0	31930.0	0.2284	1.0
betac[15,2]	1.384	0.00134	0.2714	0.271	0.8459	1.387	1.909	41020.0	32960.0	0.203	1.0
betac[16,1]	0.644	0.0009867	0.226	0.2256	0.2022	0.6441	1.087	52470.0	32320.0	0.2597	1.0
betac[16,2]	0.855	0.001356	0.2677	0.2668	0.3231	0.8558	1.377	39010.0	32810.0	0.1931	1.0
betac[17,1]	0.5672	0.001124	0.2095	0.2078	0.1475	0.5699	0.9705	34870.0	31430.0	0.1726	1.0
betac[17,2]	0.3645	0.0006459	0.1603	0.1606	0.0476	0.3658	0.6777	61750.0	32410.0	0.3057	1.0
betac[18,1]	1.491	0.001296	0.2853	0.2831	0.9383	1.488	2.061	48690.0	31540.0	0.241	1.0
betac[18,2]	1.817	0.001407	0.308	0.3073	1.228	1.813	2.436	48010.0	32450.0	0.2376	1.0
betac[19,1]	1.127	0.001269	0.2632	0.2636	0.6158	1.123	1.648	43210.0	30420.0	0.2139	1.0
betac[19,2]	1.487	0.001157	0.2623	0.2612	0.978	1.484	2.009	51480.0	32200.0	0.2548	1.0
betac[20,1]	0.794	0.001323	0.2682	0.2677	0.2659	0.7946	1.316	41110.0	33400.0	0.2035	1.0
betac[20,2]	1.143	0.001271	0.2821	0.285	0.6002	1.14	1.705	49470.0	31200.0	0.2449	1.0
betac[21,1]	0.7669	0.001476	0.2785	0.2778	0.2177	0.7692	1.309	35640.0	30530.0	0.1764	1.0
betac[21,2]	0.5618	0.0009682	0.2208	0.2207	0.1288	0.5633	0.9908	52080.0	35000.0	0.2578	1.0
betac[22,1]	0.5737	0.001076	0.2095	0.2105	0.159	0.5757	0.9799	37900.0	31660.0	0.1876	1.0
betac[22,2]	0.5941	0.0008847	0.1939	0.1939	0.2084	0.5959	0.9673	48100.0	33100.0	0.2381	1.0
betac[23,1]	0.9779	0.00187	0.3145	0.3129	0.3659	0.9773	1.597	28340.0	29330.0	0.1403	1.0
betac[23,2]	0.8879	0.0009865	0.2277	0.228	0.4444	0.8871	1.335	53440.0	32300.0	0.2645	1.0
betac[24,1]	1.004	0.0007562	0.1829	0.1826	0.6452	1.004	1.363	58600.0	33380.0	0.29	1.0
betac[24,2]	1.51	0.001146	0.2453	0.2464	1.034	1.507	1.995	45880.0	32210.0	0.2271	1.0
betac[25,1]	-0.2843	0.000578	0.1456	0.1456	-0.5735	-0.2826	-0.003931	63770.0	31170.0	0.3157	1.0
betac[25,2]	-0.0405	0.0009103	0.1886	0.1872	-0.428	-0.03438	0.3139	43290.0	34250.0	0.2143	1.0
betac[26,1]	0.9168	0.001214	0.2512	0.2495	0.4254	0.9146	1.412	42930.0	31260.0	0.2125	1.0
betac[26,2]	0.997	0.0009961	0.231	0.231	0.5516	0.9946	1.455	53900.0	30740.0	0.2668	1.0
betac[27,1]	-0.1165	0.001026	0.2068	0.2076	-0.5265	-0.1127	0.2829	40640.0	31400.0	0.2012	1.0
betac[27,2]	0.01749	0.0008057	0.1944	0.195	-0.3653	0.01929	0.3957	58390.0	33480.0	0.289	1.0
betac[28,1]	-0.4135	0.0006983	0.1644	0.1647	-0.741	-0.4117	-0.09852	55530.0	34210.0	0.2749	1.0
betac[28,2]	0.1397	0.0008651	0.1961	0.1949	-0.2497	0.1409	0.5193	51480.0	35590.0	0.2548	1.0
betac[29,1]	1.202	0.0009952	0.2153	0.2131	0.7795	1.201	1.627	46820.0	34400.0	0.2318	1.0
betac[29,2]	1.083	0.001017	0.2275	0.2277	0.6353	1.083	1.528	50110.0	33860.0	0.248	1.0
betac[30,1]	1.296	0.001709	0.3415	0.3376	0.6352	1.293	1.978	40070.0	31170.0	0.1984	1.0
betac[30,2]	1.203	0.001282	0.2947	0.2932	0.6254	1.203	1.789	52920.0	32200.0	0.2619	1.0
betac[31,1]	0.4128	0.0008407	0.1943	0.1928	0.02699	0.4137	0.793	53560.0	33480.0	0.2651	1.0
betac[31,2]	0.7532	0.001272	0.2496	0.2502	0.2635	0.7518	1.246	38550.0	32420.0	0.1908	1.0
betac[32,1]	0.9544	0.0008661	0.2145	0.2135	0.5404	0.9519	1.381	61340.0	32130.0	0.3036	1.0
betac[32,2]	1.307	0.001253	0.2553	0.252	0.8082	1.306	1.814	41650.0	30580.0	0.2062	1.0
betac[33,1]	0.5978	0.0009242	0.1835	0.1829	0.2384	0.5982	0.9554	39420.0	33030.0	0.1951	1.0
betac[33,2]	1.541	0.001054	0.2302	0.2278	1.091	1.54	1.997	47770.0	35520.0	0.2365	1.0
betac[34,1]	0.6197	0.0009214	0.2116	0.2115	0.2053	0.6205	1.034	52800.0	33590.0	0.2613	1.0
betac[34,2]	0.4375	0.00112	0.2353	0.235	-0.02606	0.4394	0.8918	44190.0	34200.0	0.2187	1.0
betac[35,1]	-0.08839	0.0006411	0.1536	0.1521	-0.394	-0.08675	0.2075	57520.0	34540.0	0.2847	1.0
betac[35,2]	0.04964	0.0006906	0.1678	0.1662	-0.2824	0.05069	0.3751	59140.0	32390.0	0.2928	1.0
betac[36,1]	0.4814	0.0008374	0.194	0.1938	0.0967	0.4815	0.8562	53690.0	35610.0	0.2658	1.0
betac[36,2]	1.322	0.001353	0.2665	0.2647	0.7948	1.321	1.847	38870.0	32700.0	0.1924	1.0
betac[37,1]	0.9825	0.001111	0.2308	0.2284	0.5269	0.9828	1.435	43210.0	32890.0	0.2139	1.0
betac[37,2]	0.6587	0.0009683	0.2105	0.2107	0.2472	0.6584	1.072	47330.0	34440.0	0.2343	1.0
betac[38,1]	0.5691	0.0008247	0.1879	0.1871	0.2018	0.5698	0.9346	52000.0	32400.0	0.2574	1.0
betac[38,2]	0.6447	0.001156	0.234	0.2351	0.1863	0.6431	1.102	40990.0	33330.0	0.2029	1.0
betac[39,1]	0.2642	0.0006246	0.1531	0.152	-0.03987	0.2657	0.5611	60300.0	30070.0	0.2985	1.0
betac[39,2]	0.5398	0.0008835	0.1961	0.1951	0.1532	0.5395	0.9243	49490.0	30970.0	0.245	1.0
betac[40,1]	-0.4106	0.0008674	0.1874	0.1844	-0.7905	-0.4064	-0.05468	46870.0	35950.0	0.232	1.0
betac[40,2]	0.4911	0.001049	0.2266	0.2261	0.04468	0.492	0.9333	46680.0	34510.0	0.231	1.0
betac[41,1]	0.8458	0.001348	0.2534	0.2538	0.3498	0.8451	1.344	35400.0	31500.0	0.1752	1.0
betac[41,2]	0.6016	0.0007994	0.1871	0.1859	0.2304	0.6021	0.9653	54840.0	33780.0	0.2714	1.0
betac[42,1]	1.544	0.001191	0.2745	0.272	1.011	1.541	2.091	53250.0	33040.0	0.2636	1.0
betac[42,2]	1.312	0.00158	0.326	0.324	0.6722	1.315	1.948	42610.0	33360.0	0.2109	1.0
betac[43,1]	1.138	0.001431	0.2888	0.2885	0.57	1.138	1.707	40790.0	32710.0	0.2019	1.0
betac[43,2]	1.485	0.001334	0.282	0.2808	0.9372	1.484	2.044	44840.0	30710.0	0.2219	1.0
betac[44,1]	0.3377	0.00054	0.1401	0.1405	0.06352	0.3372	0.6145	67630.0	34760.0	0.3348	1.0
betac[44,2]	0.7793	0.0008162	0.1754	0.1739	0.4327	0.7793	1.118	46230.0	34010.0	0.2288	1.0
betac[45,1]	0.277	0.0009427	0.2121	0.2113	-0.1421	0.279	0.6912	50680.0	31400.0	0.2509	1.0
betac[45,2]	0.07727	0.0007941	0.194	0.1919	-0.3081	0.07969	0.4506	59790.0	33800.0	0.296	1.0
betac[46,1]	1.448	0.00234	0.4758	0.4712	0.5182	1.449	2.391	41570.0	29690.0	0.2058	1.0
betac[46,2]	1.842	0.00305	0.5487	0.5438	0.7843	1.835	2.938	32500.0	30580.0	0.1608	1.0
betac[47,1]	1.37	0.003	0.5436	0.5406	0.3161	1.366	2.447	33120.0	28160.0	0.164	1.0
betac[47,2]	1.524	0.00287	0.5452	0.5416	0.46	1.522	2.602	36330.0	30600.0	0.1799	1.0
betac[48,1]	0.8729	0.001682	0.3156	0.3122	0.2523	0.8735	1.488	35260.0	32060.0	0.1745	1.0
betac[48,2]	0.4944	0.000972	0.2323	0.2302	0.03844	0.4944	0.951	57330.0	32250.0	0.2838	1.0
betac[49,1]	1.075	0.001368	0.2725	0.2721	0.5495	1.073	1.615	39740.0	31250.0	0.1967	1.0
betac[49,2]	0.872	0.0009402	0.2228	0.221	0.4285	0.8723	1.308	56160.0	35550.0	0.278	1.0
betac[50,1]	-0.5197	0.000553	0.1406	0.1407	-0.7945	-0.5186	-0.2455	63720.0	29230.0	0.3154	1.0
betac[50,2]	-0.4819	0.0005958	0.1448	0.1445	-0.7689	-0.4806	-0.201	59150.0	30610.0	0.2928	1.0
betac[51,1]	0.4803	0.0007268	0.1732	0.1744	0.1398	0.4806	0.8185	56770.0	31110.0	0.281	1.0
betac[51,2]	0.1602	0.00064	0.1576	0.1573	-0.1499	0.1599	0.4671	60920.0	33610.0	0.3016	1.0
betac[52,1]	1.016	0.0008193	0.2016	0.2032	0.6274	1.015	1.414	60850.0	32850.0	0.3012	1.0
betac[52,2]	1.653	0.001012	0.2374	0.2348	1.2	1.648	2.133	55680.0	31510.0	0.2756	1.0
betac[53,1]	0.3434	0.0007917	0.1947	0.1934	-0.03829	0.3432	0.7278	60890.0	30780.0	0.3014	1.0
betac[53,2]	0.5819	0.001153	0.2418	0.2403	0.1045	0.5827	1.057	44090.0	31960.0	0.2182	1.0
betac[54,1]	0.7863	0.0008351	0.1819	0.1807	0.4278	0.7866	1.142	47430.0	32450.0	0.2348	1.0
betac[54,2]	0.8365	0.0008814	0.1965	0.1962	0.4491	0.8373	1.22	49740.0	32780.0	0.2462	1.0
betac[55,1]	0.4214	0.0008352	0.1897	0.1895	0.05235	0.4212	0.7933	51600.0	34120.0	0.2554	1.0
betac[55,2]	0.6158	0.00101	0.2153	0.2144	0.1903	0.6165	1.035	45510.0	33120.0	0.2253	1.0
betac[56,1]	0.8008	0.0008222	0.1904	0.1895	0.4272	0.8005	1.174	53760.0	35010.0	0.2661	1.0
betac[56,2]	1.961	0.00158	0.3038	0.3025	1.375	1.955	2.569	37050.0	33440.0	0.1834	1.0
betac[57,1]	0.002843	0.0007948	0.1726	0.1719	-0.3413	0.003952	0.3361	47200.0	33650.0	0.2336	1.0
betac[57,2]	0.2792	0.0008099	0.1829	0.1824	-0.08036	0.2782	0.6375	51120.0	34280.0	0.253	1.0
betac[58,1]	0.2293	0.0006317	0.1517	0.1504	-0.07437	0.2303	0.5259	57870.0	31880.0	0.2864	1.0
betac[58,2]	0.4061	0.0006752	0.165	0.1642	0.07717	0.4068	0.7292	59940.0	32580.0	0.2967	1.0
betac[59,1]	1.301	0.0009241	0.2099	0.209	0.8938	1.3	1.715	51770.0	32290.0	0.2562	1.0
betac[59,2]	1.393	0.0009861	0.2248	0.2251	0.9569	1.391	1.833	52100.0	33600.0	0.2579	1.0
betac[60,1]	0.5085	0.0009655	0.2112	0.2126	0.09253	0.5104	0.9186	47930.0	32320.0	0.2372	1.0
betac[60,2]	0.531	0.001151	0.221	0.2201	0.09181	0.5331	0.9618	36870.0	32320.0	0.1825	1.0
betac[61,1]	0.6563	0.0006798	0.159	0.1588	0.3446	0.6564	0.9675	54740.0	32430.0	0.2709	1.0
betac[61,2]	0.9454	0.0008419	0.1843	0.1837	0.5839	0.9438	1.31	48050.0	32390.0	0.2378	1.0
betac[62,1]	0.7268	0.0007793	0.1776	0.1769	0.3776	0.7272	1.075	52040.0	34920.0	0.2576	1.0
betac[62,2]	1.853	0.001653	0.3226	0.3224	1.228	1.852	2.491	38160.0	34130.0	0.1889	1.0
betac[63,1]	1.044	0.001034	0.2236	0.2228	0.6089	1.042	1.492	46860.0	32970.0	0.2319	1.0
betac[63,2]	0.8923	0.001063	0.2316	0.2297	0.434	0.8925	1.347	47500.0	33470.0	0.2351	1.0
betac[64,1]	0.822	0.001036	0.2547	0.2531	0.326	0.8213	1.324	60670.0	32380.0	0.3003	1.0
betac[64,2]	1.408	0.003325	0.5126	0.5103	0.4172	1.402	2.428	23930.0	28360.0	0.1184	1.0
betac[65,1]	0.4288	0.0006143	0.1478	0.146	0.136	0.4286	0.7204	57950.0	29930.0	0.2869	1.0
betac[65,2]	0.4023	0.0006899	0.1622	0.1638	0.08169	0.403	0.717	55440.0	32610.0	0.2744	1.0
betac[66,1]	0.3579	0.0005799	0.1491	0.1477	0.06558	0.3576	0.6511	66340.0	32270.0	0.3284	1.0
betac[66,2]	0.8915	0.00114	0.2307	0.2291	0.4322	0.895	1.334	41070.0	31840.0	0.2033	1.0
betac[67,1]	-0.254	0.0006614	0.1721	0.1699	-0.5951	-0.2525	0.07933	67720.0	30850.0	0.3352	1.0
betac[67,2]	0.307	0.0007062	0.1601	0.1606	-0.008002	0.3084	0.6205	51610.0	32790.0	0.2554	1.0
betac[68,1]	0.3175	0.0005743	0.144	0.1444	0.03472	0.3171	0.6022	62940.0	33880.0	0.3115	1.0
betac[68,2]	-0.1829	0.0006548	0.1519	0.1508	-0.4875	-0.1806	0.1108	53970.0	34500.0	0.2671	1.0
betac[69,1]	0.4532	0.0006047	0.1477	0.1472	0.1681	0.4529	0.7446	59850.0	30700.0	0.2963	1.0
betac[69,2]	0.5961	0.0007787	0.1767	0.1763	0.2518	0.5957	0.9401	51610.0	32680.0	0.2554	1.0
betac[70,1]	0.3848	0.0007486	0.1717	0.1715	0.04325	0.3858	0.7169	52670.0	34360.0	0.2607	1.0
betac[70,2]	0.8192	0.001226	0.2366	0.236	0.3472	0.8206	1.28	37290.0	32110.0	0.1846	1.0
betac[71,1]	0.1442	0.0007979	0.1767	0.1743	-0.2138	0.1472	0.4818	49130.0	32980.0	0.2432	1.0
betac[71,2]	-0.08925	0.0006396	0.1572	0.1567	-0.4026	-0.08634	0.2143	60610.0	32250.0	0.3	1.0
betac[72,1]	-1.074	0.0006864	0.1572	0.1565	-1.387	-1.073	-0.7712	52700.0	32720.0	0.2608	1.0
betac[72,2]	-0.473	0.0007855	0.173	0.1713	-0.8221	-0.4705	-0.1394	48430.0	35900.0	0.2397	1.0
betac[73,1]	0.7803	0.001047	0.2148	0.2162	0.3647	0.7803	1.201	42160.0	31810.0	0.2087	1.0
betac[73,2]	0.9679	0.0008605	0.2037	0.2037	0.5671	0.9687	1.367	56110.0	32900.0	0.2777	1.0
betac[74,1]	0.3893	0.001035	0.2157	0.2132	-0.04049	0.3914	0.807	43560.0	30140.0	0.2156	1.0
betac[74,2]	0.3016	0.0008902	0.2015	0.2006	-0.101	0.3049	0.6895	51310.0	34420.0	0.254	1.0
betac[75,1]	0.8019	0.000739	0.1561	0.1554	0.5011	0.7995	1.112	44720.0	29450.0	0.2214	1.0
betac[75,2]	1.579	0.003598	0.5085	0.5067	0.6229	1.563	2.624	20260.0	24660.0	0.1003	1.0
betac[76,1]	1.26	0.001162	0.2449	0.2462	0.7857	1.26	1.74	44780.0	33690.0	0.2217	1.0
betac[76,2]	0.632	0.001146	0.2485	0.248	0.1437	0.6342	1.116	47110.0	34380.0	0.2332	1.0
betac[77,1]	1.373	0.00118	0.2545	0.2502	0.8721	1.371	1.878	46600.0	31810.0	0.2307	1.0
betac[77,2]	1.653	0.001259	0.2763	0.2745	1.117	1.65	2.197	48550.0	31510.0	0.2403	1.0
betac[78,1]	1.004	0.0008953	0.2194	0.2196	0.5856	1.002	1.443	60510.0	29960.0	0.2995	1.0
betac[78,2]	1.051	0.001076	0.2489	0.2471	0.5728	1.047	1.549	53750.0	30610.0	0.2661	1.0
betac[79,1]	0.6686	0.0008634	0.1954	0.1948	0.2881	0.6663	1.054	51390.0	33190.0	0.2544	1.0
betac[79,2]	0.2772	0.0008014	0.2003	0.2014	-0.1166	0.2769	0.6717	62600.0	33510.0	0.3098	1.0
betac[80,1]	0.4003	0.0007556	0.1694	0.1696	0.06503	0.4003	0.7305	50350.0	32780.0	0.2492	1.0
betac[80,2]	0.3953	0.0009126	0.1958	0.1954	0.00824	0.3967	0.776	46060.0	32020.0	0.228	0.9999
betac[81,1]	0.8349	0.0009156	0.214	0.2114	0.411	0.8354	1.254	54830.0	32050.0	0.2714	1.0
betac[81,2]	1.014	0.001384	0.2718	0.2711	0.476	1.015	1.545	38630.0	31830.0	0.1912	1.0
betac[82,1]	1.324	0.001373	0.2795	0.2775	0.7805	1.32	1.881	41660.0	33370.0	0.2062	1.0
betac[82,2]	1.337	0.001571	0.313	0.3108	0.723	1.339	1.947	39740.0	30230.0	0.1967	1.0
betac[83,1]	0.5622	0.0009082	0.1895	0.1899	0.1915	0.5619	0.9339	43620.0	31810.0	0.2159	1.0
betac[83,2]	0.5389	0.0007776	0.1894	0.1875	0.1674	0.5385	0.9122	59340.0	31090.0	0.2937	1.0
betac[84,1]	0.6948	0.001022	0.2153	0.216	0.2709	0.6966	1.118	44430.0	31340.0	0.2199	1.0
betac[84,2]	1.797	0.002418	0.3928	0.3908	1.038	1.791	2.574	26480.0	29120.0	0.1311	1.0
betac[85,1]	0.4683	0.001001	0.2055	0.205	0.05951	0.4703	0.8648	42310.0	33460.0	0.2094	1.0
betac[85,2]	0.9974	0.001315	0.2581	0.2573	0.4907	0.9976	1.502	38560.0	32160.0	0.1909	1.0
betac[86,1]	1.04	0.0009276	0.1949	0.1947	0.6551	1.041	1.42	44250.0	31750.0	0.219	1.0
betac[86,2]	1.179	0.0008625	0.1964	0.1963	0.7978	1.178	1.569	52050.0	32690.0	0.2576	1.0
betac[87,1]	0.2568	0.0006162	0.1517	0.1517	-0.04265	0.257	0.5529	60900.0	32060.0	0.3014	1.0
betac[87,2]	0.1369	0.0005869	0.1489	0.1492	-0.1579	0.1378	0.4254	64600.0	32700.0	0.3197	1.0
betac[88,1]	0.2182	0.0005446	0.1411	0.1412	-0.05607	0.2181	0.4943	67200.0	30870.0	0.3326	1.0
betac[88,2]	0.03703	0.0005901	0.1492	0.1475	-0.2584	0.03853	0.3271	63990.0	32450.0	0.3167	1.0
betac[89,1]	0.662	0.001107	0.2344	0.2333	0.2018	0.662	1.122	44880.0	31160.0	0.2222	1.0
betac[89,2]	0.8939	0.001159	0.2453	0.2457	0.4119	0.8952	1.37	44820.0	32040.0	0.2219	1.0
betac[90,1]	1.189	0.002495	0.4349	0.4349	0.3351	1.191	2.037	30380.0	29330.0	0.1504	1.0
betac[90,2]	1.219	0.001431	0.3087	0.307	0.617	1.217	1.824	46680.0	33470.0	0.2311	1.0
betac[91,1]	0.4715	0.0006386	0.1508	0.1504	0.175	0.4716	0.7665	55870.0	31160.0	0.2766	1.0
betac[91,2]	0.5624	0.0007373	0.1671	0.1668	0.2299	0.5644	0.8861	51550.0	30870.0	0.2552	1.0
betac[92,1]	-0.1755	0.00137	0.222	0.2192	-0.6356	-0.1659	0.234	26770.0	26990.0	0.1325	1.0
betac[92,2]	0.3685	0.001152	0.2234	0.2232	-0.07972	0.3738	0.7939	37740.0	32880.0	0.1868	1.0
betac[93,1]	0.5417	0.0008206	0.1924	0.1924	0.1675	0.5417	0.9199	55010.0	31980.0	0.2723	1.0
betac[93,2]	0.5219	0.0009979	0.2156	0.2125	0.09518	0.5241	0.9386	46790.0	31440.0	0.2316	1.0
betac[94,1]	0.3396	0.0007628	0.1845	0.1851	-0.01998	0.3392	0.703	58600.0	32280.0	0.2901	0.9999
betac[94,2]	0.711	0.001	0.2219	0.2205	0.2759	0.711	1.147	49430.0	33490.0	0.2447	1.0
betac[95,1]	0.6441	0.001079	0.2108	0.2104	0.2285	0.6453	1.053	38240.0	32360.0	0.1893	1.0
betac[95,2]	0.6909	0.0009416	0.2064	0.208	0.2864	0.6921	1.09	48180.0	32280.0	0.2385	1.0
betac[96,1]	0.74	0.0008228	0.1973	0.1973	0.3528	0.7416	1.123	57610.0	34670.0	0.2851	1.0
betac[96,2]	1.434	0.001407	0.2867	0.2855	0.8783	1.43	2.008	41650.0	33000.0	0.2062	1.0
betac[97,1]	0.9127	0.001561	0.2987	0.2971	0.3287	0.9131	1.501	36660.0	30080.0	0.1815	1.0
betac[97,2]	0.5799	0.001123	0.2336	0.2337	0.1195	0.5819	1.036	43330.0	35330.0	0.2145	1.0
betac[98,1]	1.282	0.001022	0.2184	0.216	0.8541	1.281	1.711	45740.0	33260.0	0.2264	1.0
betac[98,2]	0.6035	0.000905	0.1946	0.1932	0.2141	0.6053	0.9825	46300.0	35330.0	0.2292	1.0
betac[99,1]	0.8896	0.0009609	0.2068	0.2074	0.4867	0.8884	1.297	46370.0	34480.0	0.2295	1.0
betac[99,2]	0.3889	0.0008735	0.1924	0.1918	0.01142	0.3891	0.7663	48590.0	33670.0	0.2405	1.0
betac[100,1]	0.529	0.001055	0.2108	0.2104	0.1096	0.5304	0.9351	39950.0	33230.0	0.1978	1.0
betac[100,2]	0.2865	0.00099	0.2197	0.2185	-0.153	0.2889	0.7132	49230.0	31500.0	0.2437	1.0
betac[101,1]	0.1289	0.0008029	0.192	0.1917	-0.2538	0.1293	0.5004	57240.0	33710.0	0.2833	1.0
betac[101,2]	0.777	0.00106	0.2251	0.2235	0.3338	0.7782	1.216	45150.0	33980.0	0.2235	1.0
betac[102,1]	1.365	0.001208	0.2408	0.2416	0.8935	1.365	1.836	39810.0	34860.0	0.1971	1.0
betac[102,2]	0.5082	0.0007403	0.1617	0.1601	0.1882	0.5089	0.8243	47750.0	35390.0	0.2364	1.0
betac[103,1]	0.4795	0.0007732	0.187	0.1859	0.1158	0.4794	0.8478	58710.0	33470.0	0.2906	0.9999
betac[103,2]	1.075	0.0008629	0.2089	0.2101	0.6751	1.073	1.491	58900.0	33000.0	0.2916	1.0
betac[104,1]	0.5435	0.0009026	0.2015	0.2021	0.1469	0.5452	0.9335	49900.0	33350.0	0.247	1.0
betac[104,2]	0.2154	0.001041	0.2296	0.2294	-0.2351	0.2168	0.6643	48650.0	34520.0	0.2408	1.0
betac[105,1]	0.334	0.0007534	0.173	0.1733	-0.00784	0.3344	0.6731	52810.0	33470.0	0.2614	1.0
betac[105,2]	0.606	0.0009573	0.201	0.2004	0.2098	0.6051	0.9964	44150.0	33390.0	0.2186	1.0
betac[106,1]	1.235	0.0008764	0.2055	0.2053	0.8355	1.234	1.638	55050.0	33530.0	0.2725	1.0
betac[106,2]	1.348	0.001054	0.232	0.2322	0.8959	1.347	1.804	48540.0	33550.0	0.2403	1.0
betac[107,1]	1.02	0.0009093	0.2128	0.2114	0.6018	1.02	1.438	54910.0	32630.0	0.2718	1.0
betac[107,2]	1.221	0.001107	0.2421	0.2412	0.7492	1.219	1.703	47910.0	32180.0	0.2372	1.0
betac[108,1]	1.368	0.001337	0.2615	0.2614	0.8532	1.367	1.883	38510.0	31150.0	0.1906	1.0
betac[108,2]	1.022	0.001089	0.2348	0.2346	0.5624	1.022	1.479	46690.0	35450.0	0.2311	1.0
betac[109,1]	0.6837	0.001027	0.2004	0.2009	0.2849	0.6876	1.068	38170.0	33180.0	0.1889	1.0
betac[109,2]	0.8408	0.001051	0.2228	0.2223	0.4057	0.8411	1.28	45090.0	30700.0	0.2232	1.0
betac[110,1]	0.9635	0.001274	0.2586	0.2582	0.4588	0.9639	1.47	41400.0	32860.0	0.2049	1.0
betac[110,2]	1.41	0.001415	0.2896	0.2873	0.8477	1.408	1.984	42050.0	32390.0	0.2081	1.0
betac[111,1]	-0.08908	0.0005501	0.1447	0.1451	-0.3743	-0.0891	0.1925	69340.0	31020.0	0.3432	1.0
betac[111,2]	0.099	0.000808	0.1854	0.1846	-0.2709	0.1009	0.4574	52800.0	31980.0	0.2614	1.0
betac[112,1]	1.587	0.0009212	0.2242	0.226	1.158	1.583	2.041	59530.0	34120.0	0.2947	1.0
betac[112,2]	1.703	0.001162	0.2636	0.2608	1.195	1.702	2.232	51680.0	32830.0	0.2558	1.0
betac[113,1]	0.4389	0.0008693	0.1819	0.1816	0.07817	0.4413	0.7887	43950.0	32990.0	0.2175	1.0
betac[113,2]	0.2387	0.0007377	0.1716	0.1708	-0.1025	0.2402	0.5718	54350.0	33400.0	0.269	1.0
betac[114,1]	1.236	0.001179	0.265	0.2649	0.7233	1.234	1.761	50500.0	33790.0	0.25	1.0
betac[114,2]	0.9385	0.001169	0.2622	0.2585	0.4217	0.9404	1.452	50390.0	32180.0	0.2494	1.0
betac[115,1]	1.159	0.0009804	0.2197	0.2174	0.7309	1.157	1.598	50410.0	32350.0	0.2495	1.0
betac[115,2]	1.293	0.001149	0.2461	0.244	0.8169	1.291	1.785	46150.0	32070.0	0.2285	1.0
betac[116,1]	0.1399	0.0009273	0.2139	0.2134	-0.288	0.143	0.5502	53310.0	33330.0	0.2639	1.0
betac[116,2]	0.2113	0.001497	0.2986	0.2989	-0.3801	0.2147	0.7874	39820.0	32620.0	0.1971	1.0
betac[117,1]	1.025	0.001341	0.2607	0.26	0.5008	1.03	1.522	37820.0	32200.0	0.1872	1.0
betac[117,2]	1.482	0.001454	0.2801	0.2812	0.9297	1.485	2.026	37110.0	30880.0	0.1837	1.0
betac[118,1]	1.219	0.00115	0.2485	0.2471	0.7304	1.217	1.706	46700.0	32570.0	0.2312	1.0
betac[118,2]	1.312	0.001237	0.26	0.2606	0.8057	1.311	1.822	44280.0	30370.0	0.2192	1.0
betac[119,1]	0.4714	0.0008653	0.1929	0.1919	0.0921	0.471	0.8513	49790.0	30450.0	0.2465	1.0
betac[119,2]	0.5647	0.00101	0.2141	0.2125	0.1416	0.5644	0.9863	45040.0	32730.0	0.2229	1.0
betac[120,1]	0.2427	0.001064	0.2152	0.2151	-0.1868	0.2461	0.6543	41030.0	30430.0	0.2031	1.0
betac[120,2]	0.2418	0.001063	0.2171	0.2185	-0.1931	0.2454	0.658	41710.0	32220.0	0.2065	1.0
betac[121,1]	0.4482	0.0009269	0.1999	0.1994	0.0449	0.4513	0.8314	46420.0	34110.0	0.2298	1.0
betac[121,2]	1.344	0.001157	0.2503	0.2471	0.8482	1.344	1.834	46990.0	32790.0	0.2326	0.9999
betac[122,1]	1.633	0.001687	0.3185	0.3164	1.009	1.632	2.26	35690.0	31330.0	0.1767	1.0
betac[122,2]	1.761	0.001199	0.2797	0.2795	1.221	1.76	2.316	54510.0	34540.0	0.2698	1.0
betac[123,1]	1.219	0.0006223	0.1626	0.1635	0.9073	1.218	1.543	68530.0	30700.0	0.3392	1.0
betac[123,2]	1.544	0.000927	0.2118	0.2127	1.135	1.542	1.966	52490.0	31980.0	0.2598	1.0
betac[124,1]	0.8995	0.001032	0.2106	0.2119	0.4862	0.9006	1.313	41640.0	33200.0	0.2061	1.0
betac[124,2]	0.8858	0.000778	0.1926	0.1925	0.5113	0.8861	1.264	61540.0	33210.0	0.3046	1.0
betac[125,1]	0.4343	0.001093	0.2284	0.2279	-0.01833	0.4357	0.8785	43680.0	32260.0	0.2162	1.0
betac[125,2]	0.8575	0.001193	0.2501	0.2499	0.3672	0.8567	1.35	44020.0	32520.0	0.2179	1.0
betac[126,1]	0.5988	0.0009598	0.2194	0.2175	0.1669	0.5989	1.029	52340.0	32120.0	0.2591	1.0
betac[126,2]	0.9991	0.001425	0.2748	0.2713	0.4618	0.9985	1.54	37230.0	31570.0	0.1843	1.0
betac[127,1]	0.4149	0.0008316	0.1881	0.1883	0.03906	0.4164	0.7815	51200.0	32050.0	0.2535	1.0
betac[127,2]	0.8387	0.0009789	0.2105	0.2105	0.4312	0.8371	1.258	46340.0	31030.0	0.2294	1.0
betac[128,1]	0.6333	0.0008947	0.1844	0.1852	0.2738	0.6333	0.9964	42520.0	33570.0	0.2104	1.0
betac[128,2]	0.7286	0.0009723	0.201	0.1987	0.3272	0.7288	1.117	42870.0	32510.0	0.2122	1.0
betac[129,1]	0.2159	0.0008036	0.1908	0.1906	-0.1607	0.2177	0.5857	56500.0	33170.0	0.2797	1.0
betac[129,2]	0.6199	0.0009293	0.211	0.2101	0.2042	0.6205	1.033	51610.0	32890.0	0.2555	1.0
betac[130,1]	0.2735	0.0006018	0.1433	0.1431	-0.007031	0.2727	0.5545	56840.0	31400.0	0.2814	1.0
betac[130,2]	0.6322	0.001546	0.1832	0.1843	0.2718	0.6334	0.983	14050.0	27720.0	0.06956	1.0
betac[131,1]	0.3162	0.0005857	0.1428	0.1425	0.0364	0.3166	0.5958	59560.0	33320.0	0.2948	1.0
betac[131,2]	0.732	0.000617	0.1557	0.1555	0.4279	0.731	1.037	63740.0	32820.0	0.3155	1.0
betac[132,1]	0.6809	0.0008244	0.1788	0.1778	0.329	0.6808	1.028	47050.0	32640.0	0.2329	1.0
betac[132,2]	0.7372	0.0008232	0.1786	0.1772	0.3855	0.7376	1.087	47090.0	32420.0	0.2331	1.0
betac[133,1]	-1.083	0.0006963	0.1596	0.1605	-1.403	-1.08	-0.7771	52710.0	35010.0	0.2609	1.0
betac[133,2]	-1.188	0.0007334	0.1693	0.1674	-1.53	-1.185	-0.8615	53390.0	32570.0	0.2643	1.0
betac[134,1]	1.044	0.001086	0.2302	0.2292	0.5943	1.045	1.495	44960.0	32840.0	0.2226	1.0
betac[134,2]	0.6576	0.0009927	0.225	0.2238	0.2161	0.6579	1.097	51440.0	34650.0	0.2546	1.0
betac[135,1]	0.9776	0.001141	0.2432	0.2438	0.4955	0.9791	1.451	45530.0	32130.0	0.2254	1.0
betac[135,2]	1.49	0.001066	0.2415	0.242	1.02	1.488	1.969	51380.0	32580.0	0.2543	1.0
betac[136,1]	0.6832	0.0007728	0.1792	0.1788	0.3299	0.6838	1.036	53820.0	32580.0	0.2664	1.0
betac[136,2]	0.5994	0.0008623	0.1964	0.1968	0.2117	0.5991	0.9821	51920.0	33450.0	0.257	1.0
betac[137,1]	0.9747	0.001056	0.2361	0.2339	0.5106	0.9759	1.439	50110.0	31000.0	0.248	1.0
betac[137,2]	1.453	0.001034	0.2436	0.2452	0.9837	1.45	1.938	55730.0	33470.0	0.2759	1.0
betac[138,1]	1.622	0.00144	0.2962	0.2958	1.048	1.623	2.203	42570.0	32230.0	0.2107	1.0
betac[138,2]	1.502	0.001455	0.2942	0.2908	0.9232	1.502	2.086	41070.0	32770.0	0.2033	1.0
betac[139,1]	0.6019	0.0008195	0.1956	0.1955	0.2137	0.6052	0.9808	57070.0	35180.0	0.2825	1.0
betac[139,2]	1.452	0.001621	0.2953	0.2954	0.8758	1.453	2.029	33300.0	32710.0	0.1648	1.0
betac[140,1]	0.4887	0.001066	0.234	0.2328	0.02199	0.4905	0.9413	48270.0	31030.0	0.2389	1.0
betac[140,2]	0.371	0.001024	0.2259	0.2263	-0.07849	0.3732	0.8073	48720.0	33360.0	0.2412	1.0
betac[141,1]	1.474	0.001094	0.2327	0.231	1.021	1.474	1.935	45320.0	34500.0	0.2244	1.0
betac[141,2]	1.025	0.00102	0.2279	0.2274	0.5714	1.028	1.467	50060.0	33910.0	0.2478	1.0
alpha1_sess[1,1]	0.433	0.0003363	0.07503	0.07552	0.2923	0.4314	0.5842	49840.0	33160.0	0.2467	1.0
alpha1_sess[1,2]	0.478	0.0003432	0.07223	0.07176	0.3412	0.4765	0.6258	44960.0	30050.0	0.2226	0.9999
alpha1_sess[2,1]	0.2068	0.0002208	0.05035	0.04946	0.1203	0.2025	0.3172	52890.0	34560.0	0.2618	0.9999
alpha1_sess[2,2]	0.09054	0.0003075	0.04607	0.03839	0.02959	0.08117	0.2051	24640.0	25490.0	0.122	1.0
alpha1_sess[3,1]	0.7906	0.0002589	0.05773	0.05751	0.6747	0.7919	0.9019	49110.0	28690.0	0.2431	1.0
alpha1_sess[3,2]	0.7901	0.0002733	0.05692	0.05779	0.6761	0.7914	0.8981	42680.0	29070.0	0.2113	1.0
alpha1_sess[4,1]	0.2187	0.0008791	0.1192	0.1217	0.04856	0.1996	0.4907	17510.0	23220.0	0.08668	1.0
alpha1_sess[4,2]	0.1958	0.0002359	0.05324	0.05206	0.1055	0.1911	0.3136	51590.0	33130.0	0.2554	1.0
alpha1_sess[5,1]	0.4366	0.0005832	0.1012	0.1005	0.2559	0.431	0.6523	30300.0	31120.0	0.15	1.0
alpha1_sess[5,2]	0.727	0.0003469	0.07873	0.07888	0.5683	0.729	0.8751	50840.0	31100.0	0.2516	1.0
alpha1_sess[6,1]	0.758	0.0003433	0.077	0.07776	0.6021	0.7598	0.9029	49470.0	28810.0	0.2448	1.0
alpha1_sess[6,2]	0.6665	0.0004291	0.08873	0.08985	0.4978	0.6651	0.8453	43400.0	26580.0	0.2148	1.0
alpha1_sess[7,1]	0.118	0.0001945	0.04132	0.04019	0.05283	0.1123	0.2123	45650.0	35390.0	0.226	1.0
alpha1_sess[7,2]	0.3316	0.0003091	0.07279	0.07217	0.1981	0.3282	0.4833	55760.0	33570.0	0.276	1.0
alpha1_sess[8,1]	0.5634	0.0003286	0.07286	0.07286	0.423	0.5626	0.7099	49390.0	32270.0	0.2445	1.0
alpha1_sess[8,2]	0.7511	0.0004165	0.08534	0.08683	0.5736	0.7545	0.9058	40720.0	27810.0	0.2016	1.0
alpha1_sess[9,1]	0.551	0.0003207	0.07573	0.07571	0.4018	0.5513	0.6991	55890.0	32140.0	0.2767	1.0
alpha1_sess[9,2]	0.6081	0.0002972	0.06783	0.06781	0.4772	0.6074	0.7433	52400.0	31080.0	0.2594	1.0
alpha1_sess[10,1]	0.1955	0.0002842	0.05975	0.05661	0.09743	0.1891	0.3324	44590.0	32060.0	0.2207	1.0
alpha1_sess[10,2]	0.3534	0.0004729	0.09132	0.09044	0.1887	0.3483	0.5471	37040.0	28710.0	0.1834	1.0
alpha1_sess[11,1]	0.9485	0.0002145	0.0478	0.04066	0.8266	0.9622	0.9992	41370.0	26600.0	0.2048	1.0
alpha1_sess[11,2]	0.9427	0.0002136	0.04793	0.04244	0.8214	0.9548	0.9979	43850.0	25520.0	0.217	1.0
alpha1_sess[12,1]	0.03595	0.0002147	0.03389	0.02283	0.00249	0.02653	0.1248	24520.0	29080.0	0.1214	1.0
alpha1_sess[12,2]	0.106	0.0002901	0.05535	0.05049	0.02984	0.09555	0.2403	36090.0	32730.0	0.1786	1.0
alpha1_sess[13,1]	0.06042	0.0002228	0.03359	0.02722	0.01785	0.05321	0.1458	25270.0	25390.0	0.1251	1.0
alpha1_sess[13,2]	0.2281	0.0002264	0.05446	0.05393	0.1325	0.2243	0.3443	57860.0	33000.0	0.2864	1.0
alpha1_sess[14,1]	0.6521	0.0002209	0.05495	0.05491	0.5439	0.6523	0.7592	61920.0	30690.0	0.3065	1.0
alpha1_sess[14,2]	0.5819	0.000376	0.07604	0.07624	0.4369	0.5803	0.7337	41410.0	29480.0	0.205	1.0
alpha1_sess[15,1]	0.2934	0.000264	0.0589	0.05854	0.1858	0.2907	0.416	49820.0	34610.0	0.2466	1.0
alpha1_sess[15,2]	0.3011	0.0003139	0.06478	0.06315	0.18	0.2986	0.4373	42540.0	28060.0	0.2106	1.0
alpha1_sess[16,1]	0.4596	0.0002594	0.06134	0.06061	0.3458	0.4574	0.5865	57000.0	31710.0	0.2822	1.0
alpha1_sess[16,2]	0.5657	0.0003015	0.06693	0.06684	0.4373	0.5645	0.7	49600.0	32240.0	0.2455	1.0
alpha1_sess[17,1]	0.4332	0.0005704	0.1214	0.1208	0.2054	0.4295	0.6832	45170.0	30230.0	0.2236	1.0
alpha1_sess[17,2]	0.5071	0.0008153	0.1419	0.1456	0.2411	0.5038	0.7929	30130.0	27920.0	0.1492	1.0
alpha1_sess[18,1]	0.4844	0.0003471	0.08529	0.08594	0.3179	0.4845	0.6508	60590.0	31680.0	0.2999	1.0
alpha1_sess[18,2]	0.4216	0.0003543	0.08101	0.08164	0.2652	0.4211	0.5831	52220.0	30190.0	0.2585	1.0
alpha1_sess[19,1]	0.7729	0.0003328	0.07391	0.07497	0.6272	0.7735	0.9153	48650.0	28120.0	0.2408	1.0
alpha1_sess[19,2]	0.6734	0.0006315	0.1143	0.1186	0.4545	0.6724	0.8976	32490.0	24260.0	0.1608	1.0
alpha1_sess[20,1]	0.5424	0.0002786	0.06062	0.0599	0.4303	0.5399	0.6688	48050.0	35030.0	0.2379	1.0
alpha1_sess[20,2]	0.7666	0.0002479	0.05401	0.05422	0.6579	0.7678	0.8691	47310.0	32000.0	0.2342	1.0
alpha1_sess[21,1]	0.5659	0.000296	0.0685	0.06831	0.4303	0.566	0.6989	53560.0	31880.0	0.2651	1.0
alpha1_sess[21,2]	0.5301	0.0002867	0.06573	0.06584	0.4076	0.5283	0.6645	53610.0	30740.0	0.2654	1.0
alpha1_sess[22,1]	0.5417	0.0004335	0.1001	0.1001	0.3454	0.5423	0.7373	53410.0	33940.0	0.2644	1.0
alpha1_sess[22,2]	0.3928	0.0009323	0.1409	0.1384	0.1681	0.3754	0.7119	23550.0	25480.0	0.1166	1.0
alpha1_sess[23,1]	0.4129	0.0003962	0.07803	0.07497	0.2806	0.4057	0.5867	40990.0	33210.0	0.2029	1.0
alpha1_sess[23,2]	0.8063	0.0003699	0.07664	0.07812	0.6432	0.812	0.9381	42010.0	32500.0	0.208	1.0
alpha1_sess[24,1]	0.1957	0.0005208	0.0903	0.0854	0.05998	0.1828	0.4072	29750.0	28090.0	0.1473	1.0
alpha1_sess[24,2]	0.2316	0.0004565	0.08529	0.08103	0.09915	0.2199	0.4328	37100.0	28840.0	0.1836	1.0
alpha1_sess[25,1]	0.04104	0.0001839	0.0335	0.02427	0.004252	0.03232	0.1284	35220.0	32310.0	0.1743	1.0
alpha1_sess[25,2]	0.1686	0.0006886	0.1074	0.09656	0.02931	0.144	0.4357	23530.0	29460.0	0.1165	1.0
alpha1_sess[26,1]	0.6742	0.0002812	0.06455	0.0656	0.5467	0.6756	0.7973	52500.0	33470.0	0.2599	1.0
alpha1_sess[26,2]	0.7119	0.000305	0.06556	0.06577	0.5797	0.7132	0.836	45840.0	30540.0	0.2269	1.0
alpha1_sess[27,1]	0.8582	0.0003869	0.07433	0.07849	0.7063	0.8606	0.9889	33230.0	19690.0	0.1645	1.0
alpha1_sess[27,2]	0.9247	0.0001981	0.04464	0.04446	0.8216	0.931	0.9911	42910.0	23960.0	0.2124	1.0
alpha1_sess[28,1]	0.4206	0.0003731	0.08121	0.0802	0.2631	0.4198	0.5814	47390.0	31710.0	0.2346	1.0
alpha1_sess[28,2]	0.4174	0.0004596	0.08879	0.08908	0.2545	0.4135	0.6028	37360.0	29690.0	0.1849	1.0
alpha1_sess[29,1]	0.6355	0.0005092	0.09731	0.09684	0.4347	0.6388	0.8166	36860.0	29670.0	0.1824	1.0
alpha1_sess[29,2]	0.3837	0.0003125	0.07056	0.06934	0.2544	0.3794	0.5332	51700.0	34790.0	0.2559	1.0
alpha1_sess[30,1]	0.7231	0.0002759	0.06316	0.06329	0.5971	0.724	0.8437	52140.0	32330.0	0.2581	1.0
alpha1_sess[30,2]	0.7612	0.0002949	0.06331	0.06348	0.6325	0.7625	0.8803	45530.0	29470.0	0.2254	1.0
alpha1_sess[31,1]	0.1773	0.0002895	0.05694	0.05429	0.08543	0.1708	0.307	39280.0	34250.0	0.1944	1.0
alpha1_sess[31,2]	0.6422	0.0004148	0.08982	0.09042	0.4643	0.6437	0.8121	46790.0	31430.0	0.2316	1.0
alpha1_sess[32,1]	0.7095	0.0002455	0.05742	0.05768	0.5979	0.7094	0.8227	54810.0	33630.0	0.2713	1.0
alpha1_sess[32,2]	0.5696	0.0003328	0.07004	0.06983	0.4352	0.5682	0.7095	44780.0	31470.0	0.2216	1.0
alpha1_sess[33,1]	0.4419	0.001962	0.2404	0.2968	0.05442	0.44	0.8817	14740.0	19780.0	0.07294	1.0
alpha1_sess[33,2]	0.4482	0.001052	0.1621	0.1684	0.1473	0.4453	0.7704	23170.0	22250.0	0.1147	1.0
alpha1_sess[34,1]	0.6369	0.0002874	0.06533	0.06504	0.5123	0.6356	0.7686	52150.0	31920.0	0.2581	1.0
alpha1_sess[34,2]	0.6392	0.0004607	0.07806	0.08036	0.4922	0.6379	0.7928	28750.0	29450.0	0.1423	1.0
alpha1_sess[35,1]	0.1509	0.0007417	0.1049	0.07565	0.03231	0.1221	0.4406	23150.0	21450.0	0.1146	1.0
alpha1_sess[35,2]	0.1597	0.0003988	0.0715	0.06811	0.05274	0.1489	0.328	31740.0	30700.0	0.1571	1.0
alpha1_sess[36,1]	0.2494	0.0003249	0.06695	0.06549	0.1359	0.2438	0.3965	42750.0	34100.0	0.2116	1.0
alpha1_sess[36,2]	0.4446	0.0004355	0.08737	0.08645	0.2713	0.4449	0.6158	40340.0	29530.0	0.1997	1.0
alpha1_sess[37,1]	0.6848	0.0002974	0.07002	0.07071	0.5453	0.6855	0.8196	55340.0	33190.0	0.2739	1.0
alpha1_sess[37,2]	0.7601	0.0004482	0.08995	0.09151	0.5711	0.7648	0.9214	38780.0	26040.0	0.192	1.0
alpha1_sess[38,1]	0.7049	0.0003483	0.08114	0.08133	0.5448	0.7055	0.8615	53770.0	28160.0	0.2661	1.0
alpha1_sess[38,2]	0.6049	0.000334	0.07469	0.07511	0.4639	0.6031	0.7561	50720.0	30180.0	0.2511	1.0
alpha1_sess[39,1]	0.03404	0.0001252	0.02309	0.01837	0.005375	0.02882	0.09379	35220.0	28890.0	0.1743	1.0
alpha1_sess[39,2]	0.08617	0.0002062	0.03925	0.03487	0.0302	0.07942	0.1821	38890.0	30840.0	0.1925	1.0
alpha1_sess[40,1]	0.6692	0.00056	0.1097	0.11	0.4553	0.6685	0.885	38220.0	26520.0	0.1892	1.0
alpha1_sess[40,2]	0.7558	0.0003527	0.07672	0.07822	0.6066	0.7552	0.9062	46920.0	25680.0	0.2322	1.0
alpha1_sess[41,1]	0.6842	0.000416	0.09131	0.09072	0.5018	0.6862	0.8597	47900.0	29900.0	0.2371	1.0
alpha1_sess[41,2]	0.5719	0.001116	0.1665	0.1815	0.2587	0.5719	0.8843	22130.0	25110.0	0.1095	1.0
alpha1_sess[42,1]	0.7424	0.0003588	0.07453	0.07573	0.5893	0.745	0.8792	42690.0	32470.0	0.2113	1.0
alpha1_sess[42,2]	0.5826	0.0003927	0.08383	0.0844	0.4156	0.5834	0.7426	45560.0	33450.0	0.2255	1.0
alpha1_sess[43,1]	0.187	0.0001983	0.04561	0.04562	0.1052	0.1844	0.2833	52670.0	33600.0	0.2607	1.0
alpha1_sess[43,2]	0.1663	0.0002307	0.04572	0.04385	0.09041	0.1621	0.2678	39620.0	30650.0	0.1961	1.0
alpha1_sess[44,1]	0.04287	0.0002168	0.03795	0.02715	0.002996	0.0329	0.1406	32210.0	25420.0	0.1594	1.0
alpha1_sess[44,2]	0.1553	0.0005449	0.08767	0.07675	0.0337	0.1383	0.3724	23260.0	18330.0	0.1151	1.0
alpha1_sess[45,1]	0.06847	0.0001572	0.03066	0.02829	0.02299	0.0638	0.141	36330.0	27980.0	0.1798	1.0
alpha1_sess[45,2]	0.06048	0.0001115	0.02223	0.02066	0.02622	0.05745	0.1124	39960.0	33240.0	0.1978	1.0
alpha1_sess[46,1]	0.1863	0.000203	0.04752	0.04735	0.1026	0.1836	0.2876	55020.0	33370.0	0.2724	1.0
alpha1_sess[46,2]	0.1523	0.0002191	0.04893	0.04851	0.07126	0.1475	0.2612	50860.0	33100.0	0.2517	1.0
alpha1_sess[47,1]	0.09924	0.000135	0.03319	0.03217	0.04647	0.09523	0.1738	65020.0	32070.0	0.3218	1.0
alpha1_sess[47,2]	0.1562	0.000197	0.04742	0.04696	0.0769	0.1517	0.2617	59890.0	33620.0	0.2964	1.0
alpha1_sess[48,1]	0.5634	0.0003619	0.07409	0.07526	0.4249	0.5618	0.7113	42360.0	31560.0	0.2097	1.0
alpha1_sess[48,2]	0.58	0.0002701	0.06086	0.06069	0.4633	0.579	0.7016	50980.0	31610.0	0.2524	1.0
alpha1_sess[49,1]	0.4395	0.0002975	0.07203	0.072	0.3008	0.4381	0.5855	58700.0	33000.0	0.2906	1.0
alpha1_sess[49,2]	0.3596	0.0003673	0.07516	0.07456	0.2192	0.357	0.5144	41900.0	32320.0	0.2074	1.0
alpha1_sess[50,1]	0.00608	3.994e-05	0.008054	0.00396	4.271e-05	0.003224	0.02835	40610.0	28390.0	0.201	1.0
alpha1_sess[50,2]	0.01413	7.59e-05	0.01516	0.009784	0.0003485	0.009483	0.0552	37970.0	27620.0	0.188	1.0
alpha1_sess[51,1]	0.07058	0.0001429	0.02907	0.026	0.02853	0.06581	0.1407	42360.0	33790.0	0.2097	1.0
alpha1_sess[51,2]	0.06758	0.0002192	0.03631	0.03046	0.02018	0.06002	0.1591	29110.0	28680.0	0.1441	1.0
alpha1_sess[52,1]	0.9677	0.0001419	0.03253	0.02435	0.8821	0.9779	0.9995	47680.0	26620.0	0.236	1.0
alpha1_sess[52,2]	0.9508	0.0002057	0.0453	0.03635	0.8305	0.9639	0.9987	42590.0	26320.0	0.2108	1.0
alpha1_sess[53,1]	0.954	0.0001564	0.0354	0.03163	0.8652	0.9619	0.9974	46880.0	27720.0	0.232	1.0
alpha1_sess[53,2]	0.8325	0.0005327	0.09798	0.1063	0.6263	0.8394	0.9908	29960.0	21250.0	0.1483	1.0
alpha1_sess[54,1]	0.3382	0.0004361	0.0864	0.0841	0.1882	0.3316	0.5284	39630.0	32260.0	0.1962	1.0
alpha1_sess[54,2]	0.5962	0.0003761	0.0844	0.08451	0.4283	0.5976	0.7588	50490.0	33190.0	0.2499	1.0
alpha1_sess[55,1]	0.7836	0.0003335	0.07212	0.07201	0.64	0.7842	0.9248	45900.0	24210.0	0.2272	1.0
alpha1_sess[55,2]	0.8527	0.0002864	0.06241	0.06421	0.7205	0.8565	0.9614	44060.0	25460.0	0.2181	1.0
alpha1_sess[56,1]	0.5062	0.0003721	0.08297	0.08243	0.3446	0.5057	0.6692	49810.0	31400.0	0.2465	1.0
alpha1_sess[56,2]	0.5508	0.0003403	0.07899	0.08003	0.3998	0.5497	0.708	54550.0	29040.0	0.27	1.0
alpha1_sess[57,1]	0.6888	0.0006388	0.1147	0.1139	0.4778	0.683	0.9337	33240.0	19630.0	0.1646	1.0
alpha1_sess[57,2]	0.8614	0.0003702	0.07762	0.07504	0.6804	0.8731	0.9775	42460.0	27840.0	0.2102	1.0
alpha1_sess[58,1]	0.04973	0.0002368	0.04106	0.03102	0.003588	0.0394	0.1566	29880.0	25940.0	0.1479	1.0
alpha1_sess[58,2]	0.06867	0.0002786	0.04843	0.03926	0.008355	0.0582	0.1907	29810.0	26800.0	0.1475	1.0
alpha1_sess[59,1]	0.7748	0.0005557	0.1106	0.1147	0.5482	0.7786	0.9734	35480.0	19170.0	0.1756	1.0
alpha1_sess[59,2]	0.8423	0.0003409	0.07837	0.0808	0.6749	0.8489	0.9738	46880.0	23570.0	0.232	0.9999
alpha1_sess[60,1]	0.5992	0.0003006	0.07236	0.07237	0.4614	0.5975	0.7454	58320.0	33680.0	0.2887	1.0
alpha1_sess[60,2]	0.4293	0.0005541	0.09563	0.09239	0.2619	0.4213	0.638	31210.0	26270.0	0.1545	1.0
alpha1_sess[61,1]	0.446	0.0004179	0.08845	0.08886	0.2751	0.4451	0.6213	44750.0	30390.0	0.2215	1.0
alpha1_sess[61,2]	0.3952	0.0004634	0.08989	0.09015	0.2267	0.3924	0.5779	37390.0	30070.0	0.1851	1.0
alpha1_sess[62,1]	0.1355	0.0004369	0.0664	0.05868	0.04525	0.1225	0.2996	23790.0	29390.0	0.1177	1.0
alpha1_sess[62,2]	0.3222	0.0002808	0.06943	0.06898	0.1938	0.3193	0.4654	61410.0	30620.0	0.304	1.0
alpha1_sess[63,1]	0.7645	0.0002237	0.0531	0.05331	0.6552	0.766	0.8634	55740.0	34300.0	0.2759	1.0
alpha1_sess[63,2]	0.7825	0.0003264	0.06549	0.06606	0.6495	0.7845	0.9052	39310.0	27190.0	0.1946	1.0
alpha1_sess[64,1]	0.06056	9.85e-05	0.02088	0.01893	0.02935	0.05727	0.1106	45820.0	35230.0	0.2268	1.0
alpha1_sess[64,2]	0.1658	0.0002228	0.05181	0.05131	0.08016	0.1607	0.2808	56820.0	32340.0	0.2813	1.0
alpha1_sess[65,1]	0.02692	0.000144	0.02654	0.01826	0.0009664	0.01949	0.09663	31320.0	27000.0	0.155	1.0
alpha1_sess[65,2]	0.06988	0.0002684	0.04858	0.03992	0.008984	0.05935	0.1912	31060.0	25700.0	0.1537	1.0
alpha1_sess[66,1]	0.05459	0.0001417	0.02631	0.02299	0.01825	0.0496	0.1188	34640.0	32770.0	0.1715	1.0
alpha1_sess[66,2]	0.1836	0.0002475	0.05359	0.05165	0.09467	0.1785	0.3042	47610.0	33110.0	0.2356	1.0
alpha1_sess[67,1]	0.03633	0.000181	0.03424	0.02263	0.002499	0.02694	0.1257	39190.0	29230.0	0.194	1.0
alpha1_sess[67,2]	0.1467	0.0005177	0.09053	0.07952	0.02944	0.1272	0.3718	30420.0	30920.0	0.1506	1.0
alpha1_sess[68,1]	0.02231	0.0001142	0.02116	0.01474	0.001077	0.0164	0.07824	33850.0	25510.0	0.1676	1.0
alpha1_sess[68,2]	0.05914	0.0002377	0.03981	0.0312	0.01296	0.04893	0.1617	30270.0	30940.0	0.1498	1.0
alpha1_sess[69,1]	0.04141	8.765e-05	0.01766	0.01604	0.01632	0.03827	0.08425	42260.0	33810.0	0.2092	1.001
alpha1_sess[69,2]	0.04146	8.387e-05	0.01724	0.01524	0.01705	0.03836	0.08282	46330.0	32050.0	0.2293	1.0
alpha1_sess[70,1]	0.152	0.0003766	0.06196	0.05592	0.06396	0.1409	0.301	27340.0	31620.0	0.1353	1.0
alpha1_sess[70,2]	0.509	0.0004424	0.09144	0.09126	0.3307	0.5084	0.6912	42750.0	32460.0	0.2116	1.0
alpha1_sess[71,1]	0.1822	0.0006976	0.1062	0.09589	0.04339	0.1588	0.4454	22590.0	29680.0	0.1118	1.0
alpha1_sess[71,2]	0.1043	0.0003082	0.05279	0.04596	0.03241	0.09409	0.2347	31720.0	30240.0	0.157	1.0
alpha1_sess[72,1]	0.06957	0.0005166	0.06136	0.03593	0.009834	0.05395	0.2328	21250.0	15360.0	0.1052	1.0
alpha1_sess[72,2]	0.1208	0.000224	0.04335	0.04041	0.05342	0.1149	0.2214	38830.0	32700.0	0.1922	1.0
alpha1_sess[73,1]	0.3581	0.0002788	0.06171	0.06145	0.2448	0.3549	0.4868	49570.0	34530.0	0.2454	1.0
alpha1_sess[73,2]	0.2115	0.000479	0.07771	0.07965	0.08537	0.2038	0.3826	25200.0	28070.0	0.1247	1.0
alpha1_sess[74,1]	0.1241	0.0002261	0.04614	0.04366	0.05258	0.1179	0.231	41720.0	31830.0	0.2065	1.0
alpha1_sess[74,2]	0.1301	0.0002998	0.05399	0.05153	0.04686	0.1227	0.2555	32440.0	30860.0	0.1606	1.0
alpha1_sess[75,1]	0.05431	0.0001835	0.02885	0.02509	0.0169	0.04794	0.1266	24190.0	31080.0	0.1198	1.0
alpha1_sess[75,2]	0.1493	0.0001706	0.0429	0.04258	0.07623	0.1457	0.2423	63860.0	33080.0	0.3161	1.0
alpha1_sess[76,1]	0.3518	0.0003174	0.07307	0.07363	0.2151	0.3499	0.5005	52830.0	32110.0	0.2615	1.0
alpha1_sess[76,2]	0.4313	0.0004409	0.08245	0.08223	0.2743	0.4298	0.5982	34900.0	28240.0	0.1728	1.0
alpha1_sess[77,1]	0.9051	0.0003242	0.06562	0.06882	0.7565	0.9148	0.9963	34620.0	22690.0	0.1714	1.0
alpha1_sess[77,2]	0.891	0.0003223	0.06984	0.07199	0.7321	0.9009	0.9923	39570.0	23050.0	0.1959	1.0
alpha1_sess[78,1]	0.9818	8.377e-05	0.01914	0.01325	0.9301	0.9881	0.9998	47510.0	26280.0	0.2352	1.0
alpha1_sess[78,2]	0.966	0.0001601	0.03217	0.02539	0.8823	0.9757	0.9992	38380.0	27620.0	0.19	1.0
alpha1_sess[79,1]	0.9049	0.0002481	0.05006	0.05174	0.7998	0.9073	0.9919	35030.0	18290.0	0.1734	1.0
alpha1_sess[79,2]	0.9376	0.000173	0.03879	0.03845	0.8474	0.9441	0.9932	42990.0	23840.0	0.2128	1.0
alpha1_sess[80,1]	0.7704	0.000557	0.1121	0.1165	0.5356	0.7764	0.9642	37050.0	24120.0	0.1834	1.0
alpha1_sess[80,2]	0.7484	0.0004683	0.09809	0.1002	0.5573	0.7482	0.9375	42460.0	24850.0	0.2102	1.0
alpha1_sess[81,1]	0.4522	0.0003239	0.0765	0.07646	0.3054	0.4511	0.605	55960.0	33050.0	0.277	1.0
alpha1_sess[81,2]	0.3273	0.0004288	0.0821	0.0803	0.1863	0.3208	0.5051	37460.0	30380.0	0.1854	1.0
alpha1_sess[82,1]	0.2423	0.0003311	0.06604	0.06306	0.1335	0.235	0.3935	41250.0	31420.0	0.2042	1.0
alpha1_sess[82,2]	0.3312	0.0003797	0.08001	0.08214	0.1843	0.328	0.4938	44020.0	31340.0	0.2179	1.0
alpha1_sess[83,1]	0.8825	0.0006225	0.09936	0.1035	0.6514	0.9053	0.9988	23360.0	25880.0	0.1156	1.0
alpha1_sess[83,2]	0.9488	0.0001888	0.03969	0.03602	0.8506	0.9579	0.9976	40370.0	27040.0	0.1998	1.0
alpha1_sess[84,1]	0.5334	0.0006595	0.118	0.1146	0.2866	0.537	0.7559	34550.0	20230.0	0.171	1.0
alpha1_sess[84,2]	0.4022	0.0004518	0.1005	0.1023	0.223	0.3965	0.615	50330.0	30720.0	0.2491	1.0
alpha1_sess[85,1]	0.6876	0.0003746	0.08099	0.08204	0.5324	0.6864	0.8476	47180.0	29930.0	0.2335	1.0
alpha1_sess[85,2]	0.5211	0.0003533	0.07799	0.07676	0.3748	0.5192	0.6806	49280.0	30980.0	0.2439	1.0
alpha1_sess[86,1]	0.5861	0.0004891	0.102	0.1024	0.3942	0.5838	0.7931	44210.0	29110.0	0.2188	1.0
alpha1_sess[86,2]	0.6604	0.0004177	0.09155	0.09303	0.4809	0.6606	0.8377	47900.0	27940.0	0.2371	1.0
alpha1_sess[87,1]	0.2178	0.0005551	0.1059	0.1043	0.06257	0.2011	0.4636	34670.0	30910.0	0.1716	1.0
alpha1_sess[87,2]	0.09688	0.000438	0.0678	0.05479	0.01747	0.07879	0.271	24490.0	29290.0	0.1212	1.0
alpha1_sess[88,1]	0.0156	0.0001019	0.01925	0.01059	0.0002063	0.009451	0.06711	36400.0	27880.0	0.1802	1.0
alpha1_sess[88,2]	0.02916	0.0001425	0.02668	0.01931	0.001332	0.02186	0.1004	33080.0	27480.0	0.1637	1.0
alpha1_sess[89,1]	0.7151	0.000282	0.06928	0.06914	0.5781	0.7158	0.8503	60180.0	30240.0	0.2979	1.0
alpha1_sess[89,2]	0.6218	0.0004777	0.08791	0.08766	0.4573	0.6192	0.8029	34710.0	26490.0	0.1718	1.0
alpha1_sess[90,1]	0.3861	0.0003406	0.0807	0.08151	0.2345	0.3843	0.5489	56170.0	33910.0	0.278	1.0
alpha1_sess[90,2]	0.3677	0.0005009	0.09537	0.09688	0.1998	0.3618	0.5696	36900.0	29780.0	0.1826	1.0
alpha1_sess[91,1]	0.1015	0.0004777	0.07306	0.0524	0.01799	0.08353	0.292	26860.0	24060.0	0.133	1.0
alpha1_sess[91,2]	0.1293	0.0005156	0.07757	0.06044	0.03446	0.1115	0.3281	26510.0	24170.0	0.1312	1.0
alpha1_sess[92,1]	0.4082	0.000993	0.1362	0.143	0.161	0.4055	0.6815	18470.0	23610.0	0.09141	1.0
alpha1_sess[92,2]	0.5584	0.0004048	0.09211	0.09187	0.385	0.5556	0.7468	52290.0	30830.0	0.2588	1.0
alpha1_sess[93,1]	0.9641	0.0001323	0.0311	0.02693	0.8854	0.9722	0.9991	46130.0	24040.0	0.2283	1.0
alpha1_sess[93,2]	0.9284	0.0002599	0.05305	0.05298	0.8026	0.9387	0.9973	35000.0	24970.0	0.1733	1.0
alpha1_sess[94,1]	0.9351	0.0003037	0.04921	0.04787	0.8175	0.9453	0.9977	25140.0	26660.0	0.1244	1.0
alpha1_sess[94,2]	0.6932	0.002487	0.2617	0.2588	0.1328	0.7722	0.9942	12700.0	19410.0	0.06284	1.0
alpha1_sess[95,1]	0.6689	0.0004574	0.09632	0.09571	0.4839	0.6674	0.8632	44680.0	28770.0	0.2211	1.0
alpha1_sess[95,2]	0.6519	0.0007102	0.1228	0.1291	0.4179	0.6505	0.8899	29860.0	25810.0	0.1478	1.0
alpha1_sess[96,1]	0.4336	0.0004255	0.09028	0.09062	0.2619	0.4319	0.6163	44790.0	32180.0	0.2217	1.0
alpha1_sess[96,2]	0.3966	0.0003615	0.07992	0.08065	0.2518	0.3929	0.563	49360.0	33150.0	0.2443	1.0
alpha1_sess[97,1]	0.4355	0.0003021	0.06552	0.06528	0.3131	0.4334	0.5699	47390.0	35530.0	0.2346	1.0
alpha1_sess[97,2]	0.8191	0.0002993	0.06452	0.06518	0.683	0.8228	0.934	45830.0	32280.0	0.2269	1.0
alpha1_sess[98,1]	0.7554	0.0004633	0.1079	0.1105	0.5255	0.7619	0.9422	51470.0	28430.0	0.2548	1.0
alpha1_sess[98,2]	0.5624	0.0007709	0.1388	0.1401	0.3002	0.5579	0.8442	32360.0	26630.0	0.1602	1.0
alpha1_sess[99,1]	0.9219	0.0002745	0.05865	0.05471	0.7784	0.9349	0.9962	39620.0	24060.0	0.1961	1.0
alpha1_sess[99,2]	0.8497	0.000445	0.08895	0.09395	0.6564	0.8584	0.9895	34570.0	21740.0	0.1711	1.0
alpha1_sess[100,1]	0.5723	0.0005922	0.1088	0.109	0.376	0.567	0.8011	35060.0	25420.0	0.1735	1.0
alpha1_sess[100,2]	0.5506	0.0003683	0.0816	0.08112	0.3975	0.5482	0.7178	50170.0	30100.0	0.2483	1.0
alpha1_sess[101,1]	0.6172	0.00033	0.07701	0.0771	0.4703	0.6161	0.7697	54730.0	31440.0	0.2709	1.0
alpha1_sess[101,2]	0.5263	0.000618	0.1067	0.1078	0.3283	0.522	0.7449	30080.0	27950.0	0.1489	1.0
alpha1_sess[102,1]	0.2733	0.0003403	0.07823	0.07701	0.1361	0.268	0.4431	52070.0	31250.0	0.2578	1.0
alpha1_sess[102,2]	0.1024	0.0002741	0.04807	0.04269	0.03384	0.0942	0.2187	32980.0	31600.0	0.1632	1.0
alpha1_sess[103,1]	0.9726	0.0001102	0.0256	0.02107	0.9058	0.9799	0.9995	45870.0	25080.0	0.2271	1.0
alpha1_sess[103,2]	0.9534	0.0001935	0.04034	0.03512	0.8509	0.9642	0.9986	38000.0	26220.0	0.1881	1.0
alpha1_sess[104,1]	0.5963	0.0002843	0.06838	0.06897	0.4655	0.5953	0.7323	58270.0	32970.0	0.2884	1.0
alpha1_sess[104,2]	0.6833	0.0002783	0.0654	0.06556	0.5533	0.6837	0.8102	55090.0	28490.0	0.2727	1.0
alpha1_sess[105,1]	0.949	0.0001995	0.04582	0.03846	0.8304	0.9615	0.9989	47840.0	24540.0	0.2368	1.0
alpha1_sess[105,2]	0.9122	0.0003479	0.07169	0.0664	0.735	0.9299	0.997	37350.0	26930.0	0.1849	1.0
alpha1_sess[106,1]	0.6465	0.0002925	0.06792	0.06719	0.5142	0.6461	0.7803	54320.0	29230.0	0.2689	1.0
alpha1_sess[106,2]	0.6676	0.0003605	0.077	0.07681	0.5172	0.6672	0.8202	45820.0	27950.0	0.2268	1.0
alpha1_sess[107,1]	0.3407	0.0002525	0.05355	0.05222	0.2429	0.3381	0.4546	45170.0	36940.0	0.2236	1.0
alpha1_sess[107,2]	0.7383	0.0003304	0.06822	0.06885	0.606	0.7376	0.8726	42830.0	28790.0	0.212	1.0
alpha1_sess[108,1]	0.4986	0.0003663	0.08246	0.08272	0.3415	0.4971	0.6644	50890.0	32870.0	0.2519	1.0
alpha1_sess[108,2]	0.4958	0.0004568	0.09135	0.09152	0.3175	0.4958	0.6753	40010.0	30890.0	0.1981	1.0
alpha1_sess[109,1]	0.2572	0.0007735	0.119	0.1269	0.06765	0.2462	0.5143	22510.0	26010.0	0.1114	1.0
alpha1_sess[109,2]	0.2475	0.0003487	0.07172	0.06948	0.1244	0.2413	0.4054	42040.0	30440.0	0.2081	1.0
alpha1_sess[110,1]	0.5555	0.0002808	0.06845	0.06838	0.4251	0.5541	0.693	60090.0	31070.0	0.2974	1.0
alpha1_sess[110,2]	0.4712	0.0004386	0.087	0.08676	0.3118	0.4672	0.653	40450.0	28190.0	0.2002	1.0
alpha1_sess[111,1]	0.03386	0.0001612	0.02888	0.02148	0.002762	0.02636	0.1078	33480.0	29060.0	0.1657	1.0
alpha1_sess[111,2]	0.1352	0.0002209	0.04974	0.04668	0.05632	0.1293	0.2498	51080.0	33740.0	0.2528	1.0
alpha1_sess[112,1]	0.6133	0.0003766	0.07933	0.07849	0.4682	0.6096	0.7785	45620.0	28730.0	0.2258	1.0
alpha1_sess[112,2]	0.6954	0.0003742	0.07661	0.07726	0.5486	0.6942	0.8476	42180.0	28360.0	0.2088	1.0
alpha1_sess[113,1]	0.5368	0.0005027	0.1125	0.1127	0.3264	0.533	0.7685	51020.0	29100.0	0.2525	1.0
alpha1_sess[113,2]	0.519	0.0008389	0.1412	0.144	0.2464	0.5169	0.7983	28200.0	24690.0	0.1396	1.0
alpha1_sess[114,1]	0.3957	0.0002923	0.06861	0.06829	0.2628	0.3951	0.533	55080.0	33140.0	0.2726	1.0
alpha1_sess[114,2]	0.2636	0.0002291	0.05039	0.05045	0.1686	0.2626	0.3663	48030.0	33680.0	0.2377	1.0
alpha1_sess[115,1]	0.867	0.0002052	0.04669	0.04662	0.7673	0.8704	0.9484	49830.0	29610.0	0.2466	1.0
alpha1_sess[115,2]	0.7555	0.000273	0.0632	0.06336	0.6262	0.7576	0.8739	53110.0	31830.0	0.2629	1.0
alpha1_sess[116,1]	0.5254	0.0003407	0.07342	0.07284	0.3857	0.5236	0.674	46940.0	29660.0	0.2324	1.0
alpha1_sess[116,2]	0.4896	0.0002502	0.05823	0.05737	0.3811	0.4878	0.6093	54900.0	32450.0	0.2718	0.9999
alpha1_sess[117,1]	0.5275	0.0003644	0.0835	0.08352	0.373	0.5248	0.6994	53540.0	32350.0	0.265	1.0
alpha1_sess[117,2]	0.5378	0.0004924	0.09824	0.09828	0.3461	0.5374	0.7318	39870.0	27290.0	0.1973	1.0
alpha1_sess[118,1]	0.7727	0.0003546	0.08126	0.08227	0.6116	0.7738	0.9275	51070.0	26420.0	0.2528	1.0
alpha1_sess[118,2]	0.7374	0.0004178	0.08763	0.08889	0.5633	0.7387	0.9046	42900.0	25000.0	0.2123	1.0
alpha1_sess[119,1]	0.9012	0.0002812	0.05883	0.06272	0.7752	0.9069	0.9941	37450.0	22020.0	0.1854	1.0
alpha1_sess[119,2]	0.9011	0.0002641	0.0573	0.05977	0.7738	0.9072	0.9901	39910.0	23630.0	0.1975	1.0
alpha1_sess[120,1]	0.285	0.0004626	0.09046	0.09132	0.1306	0.2778	0.4813	37100.0	30340.0	0.1836	0.9999
alpha1_sess[120,2]	0.1837	0.0004213	0.07094	0.06461	0.08087	0.1718	0.3562	29880.0	29740.0	0.1479	1.0
alpha1_sess[121,1]	0.3313	0.0007008	0.1249	0.1261	0.1285	0.3179	0.6086	31210.0	29440.0	0.1545	1.0
alpha1_sess[121,2]	0.2512	0.0005024	0.0942	0.08987	0.1058	0.2383	0.4708	36140.0	30030.0	0.1789	1.0
alpha1_sess[122,1]	0.5199	0.0003192	0.07494	0.07476	0.3782	0.5182	0.6722	55730.0	31170.0	0.2759	1.0
alpha1_sess[122,2]	0.5202	0.0003944	0.08143	0.0808	0.36	0.5206	0.6788	42750.0	29920.0	0.2116	1.0
alpha1_sess[123,1]	0.08738	0.0001758	0.03475	0.03276	0.03561	0.082	0.1691	39800.0	34070.0	0.197	1.0
alpha1_sess[123,2]	0.2554	0.0001992	0.04514	0.04451	0.1708	0.2541	0.3481	51630.0	35150.0	0.2556	1.0
alpha1_sess[124,1]	0.6508	0.0002993	0.07001	0.06999	0.5155	0.6503	0.7902	55110.0	30640.0	0.2728	1.0
alpha1_sess[124,2]	0.7255	0.000312	0.06736	0.06793	0.5933	0.7262	0.8562	46450.0	29590.0	0.2299	1.0
alpha1_sess[125,1]	0.6307	0.0002819	0.06945	0.06933	0.4954	0.6296	0.7689	60960.0	31150.0	0.3018	1.0
alpha1_sess[125,2]	0.6617	0.0003212	0.06757	0.06828	0.5321	0.6606	0.7971	44580.0	30170.0	0.2207	1.0
alpha1_sess[126,1]	0.779	0.0002828	0.06295	0.0633	0.6545	0.7795	0.9008	48910.0	28010.0	0.2421	1.0
alpha1_sess[126,2]	0.7091	0.0002791	0.06066	0.06097	0.5935	0.7081	0.83	47620.0	27940.0	0.2357	1.0
alpha1_sess[127,1]	0.6365	0.0003578	0.07741	0.07749	0.4913	0.6348	0.7931	47860.0	32100.0	0.2369	1.0
alpha1_sess[127,2]	0.8365	0.000321	0.06841	0.07008	0.69	0.8415	0.9525	43350.0	29100.0	0.2146	1.0
alpha1_sess[128,1]	0.8606	0.0005252	0.1055	0.1064	0.612	0.8803	0.9961	36250.0	25650.0	0.1794	1.0
alpha1_sess[128,2]	0.881	0.0003587	0.07999	0.08165	0.6951	0.8936	0.9927	44000.0	25730.0	0.2178	1.0
alpha1_sess[129,1]	0.8314	0.0002287	0.0538	0.05416	0.7207	0.8332	0.9304	53730.0	27500.0	0.266	1.0
alpha1_sess[129,2]	0.7369	0.0003132	0.0674	0.06889	0.605	0.7372	0.8674	46090.0	30400.0	0.2282	1.0
alpha1_sess[130,1]	0.7352	0.001781	0.1603	0.1806	0.4066	0.7513	0.9839	8724.0	24220.0	0.04319	1.0
alpha1_sess[130,2]	0.5524	0.004492	0.311	0.3697	0.07621	0.6444	0.9745	6197.0	22590.0	0.03067	1.0
alpha1_sess[131,1]	0.3726	0.0006457	0.1244	0.1239	0.1528	0.3652	0.6389	36660.0	28700.0	0.1814	1.0
alpha1_sess[131,2]	0.6028	0.0005192	0.1113	0.1112	0.3823	0.6048	0.8159	47570.0	28150.0	0.2355	1.0
alpha1_sess[132,1]	0.754	0.0004926	0.1049	0.1079	0.5404	0.7566	0.9469	43370.0	26710.0	0.2147	1.0
alpha1_sess[132,2]	0.6153	0.0009746	0.1588	0.1639	0.29	0.6204	0.9078	26180.0	24410.0	0.1296	1.0
alpha1_sess[133,1]	0.08847	0.0004627	0.06797	0.04438	0.01706	0.0708	0.2675	27610.0	23440.0	0.1367	1.0
alpha1_sess[133,2]	0.2098	0.0006549	0.1034	0.09193	0.0703	0.1888	0.4628	26380.0	27860.0	0.1306	1.0
alpha1_sess[134,1]	0.5615	0.000281	0.06346	0.06367	0.4419	0.5598	0.69	51230.0	35120.0	0.2536	1.0
alpha1_sess[134,2]	0.7584	0.0002512	0.05726	0.05745	0.6447	0.7592	0.8679	51630.0	31570.0	0.2556	1.0
alpha1_sess[135,1]	0.5326	0.0004779	0.1047	0.104	0.318	0.5351	0.7292	48920.0	28140.0	0.2422	1.0
alpha1_sess[135,2]	0.6016	0.0004676	0.09968	0.1014	0.4063	0.602	0.7953	45400.0	29850.0	0.2247	1.0
alpha1_sess[136,1]	0.09799	0.0002115	0.04056	0.03807	0.0372	0.092	0.1929	35460.0	29960.0	0.1755	1.0
alpha1_sess[136,2]	0.09088	0.000135	0.0297	0.02862	0.04195	0.08772	0.1572	48430.0	33760.0	0.2397	1.0
alpha1_sess[137,1]	0.6908	0.0003015	0.07096	0.07122	0.5549	0.6898	0.8326	55870.0	29750.0	0.2766	1.0
alpha1_sess[137,2]	0.664	0.0004829	0.09471	0.09663	0.479	0.6643	0.8459	38390.0	27860.0	0.19	1.0
alpha1_sess[138,1]	0.6769	0.000385	0.08425	0.08568	0.5088	0.6788	0.8365	47640.0	33300.0	0.2358	1.0
alpha1_sess[138,2]	0.465	0.0005115	0.1005	0.1007	0.2774	0.4623	0.6695	38920.0	32000.0	0.1927	1.0
alpha1_sess[139,1]	0.519	0.0004186	0.09565	0.09567	0.3344	0.5176	0.71	52340.0	32280.0	0.2591	1.0
alpha1_sess[139,2]	0.5212	0.0004806	0.09611	0.09716	0.3367	0.52	0.7128	40030.0	29420.0	0.1981	1.0
alpha1_sess[140,1]	0.1967	0.0002752	0.05703	0.05658	0.1029	0.1911	0.3237	43400.0	33940.0	0.2148	1.0
alpha1_sess[140,2]	0.2246	0.0002476	0.05446	0.05436	0.1278	0.2214	0.3407	48640.0	31920.0	0.2408	0.9999
alpha1_sess[141,1]	0.495	0.0008925	0.1547	0.1583	0.1994	0.4928	0.8035	29680.0	27170.0	0.1469	1.0
alpha1_sess[141,2]	0.6018	0.0005464	0.1181	0.1192	0.3744	0.6001	0.835	46700.0	28350.0	0.2312	1.0
forget_sess[1,1]	0.2178	0.0003663	0.07464	0.07505	0.08871	0.2121	0.3779	41060.0	30890.0	0.2032	1.0
forget_sess[1,2]	0.1846	0.000269	0.06293	0.06183	0.08097	0.1781	0.324	56750.0	32820.0	0.2809	1.0
forget_sess[2,1]	0.1508	0.0002433	0.05531	0.05214	0.06421	0.1431	0.2788	57380.0	31460.0	0.284	1.0
forget_sess[2,2]	0.3805	0.0006296	0.1298	0.1302	0.1681	0.3667	0.6668	44730.0	30350.0	0.2214	1.0
forget_sess[3,1]	0.1767	0.000306	0.06015	0.05997	0.07114	0.1724	0.3052	37670.0	27870.0	0.1865	1.0
forget_sess[3,2]	0.2097	0.0002347	0.05242	0.05152	0.1166	0.2061	0.3215	50680.0	34350.0	0.2508	1.0
forget_sess[4,1]	0.2972	0.0004533	0.09614	0.0946	0.1375	0.2874	0.5133	45910.0	34230.0	0.2272	1.0
forget_sess[4,2]	0.0544	0.0001233	0.0273	0.02492	0.0138	0.05024	0.1194	51250.0	34000.0	0.2537	1.0
forget_sess[5,1]	0.2957	0.0005393	0.1021	0.1005	0.1258	0.2849	0.5208	36860.0	31320.0	0.1825	1.0
forget_sess[5,2]	0.244	0.0005778	0.1139	0.1102	0.06526	0.2288	0.5066	39410.0	29860.0	0.1951	1.0
forget_sess[6,1]	0.173	0.0002672	0.05935	0.05873	0.06668	0.1697	0.2994	47420.0	27960.0	0.2347	1.0
forget_sess[6,2]	0.2987	0.0004439	0.09415	0.09314	0.1413	0.2888	0.5063	46770.0	32870.0	0.2315	1.0
forget_sess[7,1]	0.08704	0.0002001	0.04001	0.03662	0.02778	0.08036	0.1826	41560.0	32380.0	0.2057	1.0
forget_sess[7,2]	0.3518	0.0003635	0.07624	0.0764	0.2091	0.3498	0.5076	44260.0	36430.0	0.2191	1.0
forget_sess[8,1]	0.303	0.000415	0.09104	0.08809	0.1571	0.2915	0.5095	54150.0	31090.0	0.2681	1.0
forget_sess[8,2]	0.4987	0.0004997	0.1143	0.1179	0.2799	0.4982	0.7218	52400.0	31850.0	0.2594	1.0
forget_sess[9,1]	0.2566	0.0002976	0.0647	0.06408	0.1404	0.2534	0.3931	47170.0	32610.0	0.2335	1.0
forget_sess[9,2]	0.2369	0.0003343	0.06801	0.06684	0.1219	0.2304	0.3878	43680.0	30540.0	0.2162	1.0
forget_sess[10,1]	0.109	0.0001724	0.03857	0.0351	0.05108	0.1031	0.2004	59870.0	32180.0	0.2964	1.0
forget_sess[10,2]	0.1943	0.0004719	0.086	0.08218	0.06097	0.1825	0.394	34370.0	29720.0	0.1701	1.0
forget_sess[11,1]	0.3631	0.0004167	0.0898	0.09102	0.2	0.3595	0.5491	46890.0	33930.0	0.2321	1.0
forget_sess[11,2]	0.3431	0.0005991	0.1205	0.121	0.1299	0.3356	0.5993	40360.0	30600.0	0.1998	1.0
forget_sess[12,1]	0.29	0.001024	0.1628	0.176	0.04324	0.2718	0.6448	25010.0	31850.0	0.1238	1.0
forget_sess[12,2]	0.1078	0.0002259	0.0516	0.04813	0.03081	0.1004	0.2291	54830.0	30490.0	0.2714	1.0
forget_sess[13,1]	0.3239	0.0006359	0.1151	0.1142	0.1314	0.313	0.5808	32940.0	26120.0	0.1631	1.0
forget_sess[13,2]	0.2053	0.0002395	0.05202	0.04896	0.1217	0.1991	0.3241	50830.0	31650.0	0.2516	1.0
forget_sess[14,1]	0.1224	0.0002196	0.04822	0.04711	0.04475	0.117	0.2315	49320.0	31120.0	0.2441	1.0
forget_sess[14,2]	0.1895	0.0002714	0.06138	0.05989	0.08985	0.1827	0.3286	54110.0	32860.0	0.2678	1.0
forget_sess[15,1]	0.1847	0.0002904	0.06202	0.06083	0.08275	0.1778	0.3241	48210.0	33120.0	0.2386	1.0
forget_sess[15,2]	0.1817	0.0004633	0.08376	0.07623	0.06196	0.1676	0.3858	36770.0	27290.0	0.182	1.0
forget_sess[16,1]	0.1184	0.0002182	0.04676	0.04306	0.04621	0.1119	0.2284	49280.0	32360.0	0.2439	1.0
forget_sess[16,2]	0.327	0.0003914	0.08239	0.08259	0.1873	0.3201	0.5054	45790.0	33660.0	0.2267	1.0
forget_sess[17,1]	0.366	0.0005968	0.119	0.1195	0.1704	0.3539	0.6267	43090.0	27350.0	0.2133	1.0
forget_sess[17,2]	0.2657	0.0004623	0.1024	0.0994	0.09976	0.2538	0.4979	52190.0	30650.0	0.2584	1.0
forget_sess[18,1]	0.2314	0.0003516	0.07093	0.07042	0.1067	0.2265	0.3843	40150.0	29150.0	0.1987	1.0
forget_sess[18,2]	0.1584	0.0002249	0.05085	0.04978	0.07458	0.1531	0.2716	53510.0	34640.0	0.2649	1.0
forget_sess[19,1]	0.2974	0.0003343	0.07805	0.07896	0.1595	0.2928	0.4625	55090.0	32870.0	0.2727	1.0
forget_sess[19,2]	0.2998	0.0005108	0.1012	0.1032	0.1247	0.2924	0.5161	39840.0	31730.0	0.1972	1.0
forget_sess[20,1]	0.1348	0.0001862	0.04221	0.04071	0.06329	0.1308	0.2285	51760.0	31000.0	0.2562	1.0
forget_sess[20,2]	0.1791	0.0002747	0.05521	0.05421	0.08035	0.1758	0.2973	39670.0	29790.0	0.1964	1.0
forget_sess[21,1]	0.3689	0.0004282	0.08608	0.08661	0.211	0.3647	0.5465	40690.0	33010.0	0.2014	1.0
forget_sess[21,2]	0.2457	0.000388	0.07763	0.07367	0.1206	0.2362	0.4222	42910.0	30920.0	0.2124	1.0
forget_sess[22,1]	0.5745	0.0005637	0.1312	0.1375	0.3251	0.5737	0.8311	54400.0	29480.0	0.2693	1.0
forget_sess[22,2]	0.6463	0.0006615	0.1474	0.1575	0.3477	0.6531	0.9085	48740.0	28240.0	0.2413	1.0
forget_sess[23,1]	0.3386	0.0003872	0.09146	0.08979	0.1832	0.3307	0.5406	60980.0	27800.0	0.3019	1.0
forget_sess[23,2]	0.523	0.0006301	0.1327	0.1363	0.2685	0.5223	0.7828	44230.0	31640.0	0.2189	1.0
forget_sess[24,1]	0.5084	0.0006208	0.1316	0.1317	0.2435	0.511	0.759	45270.0	27540.0	0.2241	1.0
forget_sess[24,2]	0.2187	0.0007519	0.122	0.0916	0.07152	0.1878	0.5515	37460.0	23280.0	0.1854	1.0
forget_sess[25,1]	0.3013	0.000843	0.166	0.1718	0.06111	0.2762	0.6784	41280.0	32280.0	0.2044	1.0
forget_sess[25,2]	0.3906	0.0006808	0.1561	0.1626	0.1253	0.379	0.7227	53570.0	31020.0	0.2651	1.0
forget_sess[26,1]	0.179	0.0002838	0.05992	0.05719	0.08142	0.1721	0.3155	46550.0	31490.0	0.2304	1.0
forget_sess[26,2]	0.2505	0.0003326	0.07378	0.07282	0.1254	0.2443	0.4124	50280.0	32950.0	0.2489	1.0
forget_sess[27,1]	0.7272	0.0004468	0.09788	0.09799	0.5175	0.7348	0.8962	48090.0	30820.0	0.238	1.0
forget_sess[27,2]	0.8141	0.0004229	0.09139	0.08842	0.6027	0.8256	0.9566	46850.0	29360.0	0.2319	1.0
forget_sess[28,1]	0.1605	0.000366	0.06749	0.06455	0.05683	0.1513	0.317	35800.0	31120.0	0.1772	1.0
forget_sess[28,2]	0.2886	0.0002957	0.07122	0.07078	0.1648	0.2831	0.4419	59740.0	32320.0	0.2957	0.9999
forget_sess[29,1]	0.277	0.0004337	0.08389	0.08123	0.1379	0.2686	0.4632	40280.0	28180.0	0.1994	1.0
forget_sess[29,2]	0.2377	0.0003659	0.07844	0.07684	0.1078	0.2299	0.4133	47910.0	32090.0	0.2371	1.0
forget_sess[30,1]	0.1783	0.0002717	0.06006	0.0584	0.07775	0.173	0.3115	50250.0	32160.0	0.2487	1.0
forget_sess[30,2]	0.3221	0.0003545	0.07772	0.07801	0.1724	0.321	0.4787	47830.0	31840.0	0.2367	1.0
forget_sess[31,1]	0.223	0.0003089	0.06994	0.06716	0.107	0.2156	0.3805	54130.0	31660.0	0.2679	1.0
forget_sess[31,2]	0.3972	0.0004838	0.1081	0.1086	0.1987	0.3924	0.6211	50020.0	30680.0	0.2476	1.0
forget_sess[32,1]	0.1501	0.0001962	0.04541	0.04431	0.07375	0.1462	0.2506	55970.0	31960.0	0.277	1.0
forget_sess[32,2]	0.2801	0.0002732	0.06485	0.06462	0.1674	0.2751	0.4198	57460.0	33830.0	0.2844	1.0
forget_sess[33,1]	0.565	0.0007451	0.1413	0.1436	0.2757	0.57	0.8241	36790.0	24610.0	0.1821	1.0
forget_sess[33,2]	0.515	0.0005618	0.1315	0.1317	0.2672	0.5116	0.7819	55080.0	28280.0	0.2726	1.0
forget_sess[34,1]	0.1311	0.0002754	0.06058	0.05884	0.03679	0.1234	0.271	49280.0	31850.0	0.2439	1.0
forget_sess[34,2]	0.118	0.0003909	0.06644	0.06575	0.01794	0.1089	0.2699	27640.0	27910.0	0.1368	1.0
forget_sess[35,1]	0.3062	0.0005951	0.1191	0.1134	0.1245	0.2874	0.5858	46290.0	27030.0	0.2291	1.0
forget_sess[35,2]	0.3731	0.0004922	0.1193	0.1164	0.1657	0.3634	0.6333	60150.0	29160.0	0.2977	1.0
forget_sess[36,1]	0.2557	0.0003883	0.0837	0.07964	0.1225	0.2449	0.4498	52520.0	30150.0	0.26	1.0
forget_sess[36,2]	0.246	0.0005395	0.09954	0.09512	0.09621	0.2301	0.4795	38340.0	28900.0	0.1898	1.0
forget_sess[37,1]	0.175	0.0002167	0.05046	0.04908	0.08791	0.1712	0.2845	56050.0	33820.0	0.2774	1.0
forget_sess[37,2]	0.2513	0.0005673	0.1043	0.1083	0.07287	0.2446	0.4708	32990.0	28400.0	0.1633	1.0
forget_sess[38,1]	0.2997	0.000396	0.08641	0.08722	0.1419	0.2963	0.4784	46970.0	30550.0	0.2325	1.0
forget_sess[38,2]	0.2229	0.0003607	0.08269	0.08008	0.08514	0.2146	0.4089	52450.0	32170.0	0.2596	1.0
forget_sess[39,1]	0.1545	0.0007099	0.114	0.07947	0.03216	0.1186	0.4666	36300.0	26570.0	0.1797	1.001
forget_sess[39,2]	0.113	0.000555	0.09405	0.06496	0.01195	0.08817	0.3739	38210.0	26830.0	0.1891	1.0
forget_sess[40,1]	0.2736	0.0005677	0.1115	0.1124	0.09499	0.2612	0.5226	39320.0	32690.0	0.1946	1.0
forget_sess[40,2]	0.2622	0.000572	0.1158	0.1108	0.08401	0.2456	0.5321	44850.0	31160.0	0.222	1.0
forget_sess[41,1]	0.6837	0.0005244	0.1069	0.106	0.4523	0.6921	0.8684	42810.0	30170.0	0.2119	1.0
forget_sess[41,2]	0.6981	0.0004033	0.09698	0.09837	0.503	0.7005	0.8804	57080.0	30930.0	0.2825	1.0
forget_sess[42,1]	0.2336	0.0002541	0.05838	0.05734	0.1326	0.2292	0.3612	54360.0	32740.0	0.2691	1.0
forget_sess[42,2]	0.2571	0.0004358	0.0868	0.08564	0.1151	0.2482	0.4501	41440.0	31450.0	0.2051	1.0
forget_sess[43,1]	0.2067	0.0002819	0.05794	0.05709	0.1072	0.2023	0.3334	42980.0	32350.0	0.2127	1.0
forget_sess[43,2]	0.3026	0.0003047	0.06888	0.06597	0.1906	0.2951	0.4594	56640.0	29740.0	0.2804	1.0
forget_sess[44,1]	0.5048	0.0009201	0.1806	0.1957	0.1651	0.5015	0.8491	37590.0	24090.0	0.1861	1.0
forget_sess[44,2]	0.6419	0.0009662	0.1617	0.1592	0.2849	0.6559	0.9088	36110.0	15890.0	0.1787	1.0
forget_sess[45,1]	0.1128	0.0002315	0.04723	0.04429	0.037	0.1073	0.2216	41070.0	28170.0	0.2033	1.0
forget_sess[45,2]	0.09653	0.0001651	0.03901	0.03616	0.03531	0.09145	0.1869	57090.0	31370.0	0.2826	1.0
forget_sess[46,1]	0.07782	0.0002494	0.04594	0.04456	0.01513	0.06962	0.1861	34440.0	33010.0	0.1705	1.0
forget_sess[46,2]	0.02361	7.501e-05	0.01621	0.01443	0.002707	0.02018	0.06351	45520.0	29840.0	0.2253	1.0
forget_sess[47,1]	0.02141	6.477e-05	0.01442	0.01301	0.002735	0.01845	0.05653	48200.0	30820.0	0.2386	1.0
forget_sess[47,2]	0.01915	7.836e-05	0.01646	0.01282	0.001222	0.01466	0.06168	47270.0	30080.0	0.234	1.0
forget_sess[48,1]	0.1419	0.000291	0.05513	0.05298	0.05287	0.1355	0.2656	36970.0	31860.0	0.183	1.0
forget_sess[48,2]	0.09031	0.0002037	0.04425	0.04132	0.02245	0.08397	0.1936	45920.0	29940.0	0.2273	1.0
forget_sess[49,1]	0.1637	0.0002454	0.05381	0.05229	0.07761	0.1574	0.2863	51270.0	32000.0	0.2538	1.0
forget_sess[49,2]	0.1486	0.0002374	0.05401	0.05271	0.06155	0.1429	0.2707	52430.0	32290.0	0.2595	1.0
forget_sess[50,1]	0.2412	0.0007665	0.1674	0.1663	0.02004	0.2081	0.6399	49530.0	30850.0	0.2452	1.0
forget_sess[50,2]	0.2382	0.0008786	0.1856	0.1845	0.01237	0.1952	0.6854	46540.0	31030.0	0.2304	1.0
forget_sess[51,1]	0.2861	0.0004344	0.09298	0.08903	0.1297	0.2771	0.493	48970.0	25730.0	0.2424	1.0
forget_sess[51,2]	0.2714	0.0004453	0.09692	0.0883	0.1159	0.2593	0.4999	54960.0	28030.0	0.272	1.0
forget_sess[52,1]	0.2841	0.0003009	0.07469	0.07498	0.1527	0.2795	0.4429	62420.0	32140.0	0.309	1.0
forget_sess[52,2]	0.3143	0.0005738	0.1122	0.1064	0.1326	0.3013	0.5727	41360.0	27640.0	0.2047	1.0
forget_sess[53,1]	0.6855	0.0004533	0.09586	0.09822	0.4892	0.6893	0.8607	44350.0	33740.0	0.2195	1.0
forget_sess[53,2]	0.5269	0.0005304	0.1242	0.1276	0.2874	0.5271	0.7702	54800.0	32330.0	0.2712	1.0
forget_sess[54,1]	0.1846	0.0003108	0.06725	0.06409	0.07415	0.1771	0.3375	47900.0	31300.0	0.2371	1.0
forget_sess[54,2]	0.1133	0.0002685	0.05754	0.05387	0.02705	0.1046	0.2488	46740.0	30330.0	0.2313	1.0
forget_sess[55,1]	0.1793	0.0003856	0.07407	0.07108	0.0678	0.1677	0.3537	40120.0	31200.0	0.1986	1.0
forget_sess[55,2]	0.1885	0.0003333	0.07295	0.07156	0.0687	0.1805	0.3513	49060.0	32150.0	0.2428	1.0
forget_sess[56,1]	0.2757	0.0004557	0.09013	0.08785	0.1239	0.2671	0.4755	41150.0	30550.0	0.2037	1.0
forget_sess[56,2]	0.2385	0.0003947	0.08354	0.08461	0.09643	0.2314	0.4196	45440.0	31670.0	0.2249	1.0
forget_sess[57,1]	0.2779	0.0003936	0.09155	0.08776	0.1287	0.2674	0.4846	59450.0	31110.0	0.2943	1.0
forget_sess[57,2]	0.4531	0.000719	0.1404	0.1444	0.2037	0.4445	0.7439	38500.0	32250.0	0.1906	1.0
forget_sess[58,1]	0.336	0.0009198	0.1813	0.1916	0.04816	0.3142	0.7271	38560.0	29380.0	0.1909	1.0
forget_sess[58,2]	0.4199	0.0008726	0.1842	0.1981	0.09517	0.4119	0.7934	43870.0	31290.0	0.2172	1.0
forget_sess[59,1]	0.3566	0.0005262	0.1098	0.1096	0.159	0.3505	0.5876	43570.0	30770.0	0.2157	1.0
forget_sess[59,2]	0.484	0.0004569	0.1046	0.1055	0.279	0.4837	0.6878	52410.0	32970.0	0.2594	1.0
forget_sess[60,1]	0.2296	0.0002878	0.06083	0.06001	0.126	0.2242	0.3612	46630.0	31380.0	0.2308	1.0
forget_sess[60,2]	0.2494	0.000406	0.08061	0.07985	0.113	0.2424	0.4257	39660.0	32480.0	0.1963	1.0
forget_sess[61,1]	0.2593	0.0004041	0.0765	0.07607	0.1241	0.2542	0.4232	36110.0	31840.0	0.1787	1.0
forget_sess[61,2]	0.2452	0.000308	0.07064	0.06977	0.1251	0.2396	0.399	53920.0	32780.0	0.2669	1.0
forget_sess[62,1]	0.4056	0.0005743	0.1108	0.1103	0.2123	0.3974	0.6433	38500.0	29020.0	0.1905	1.0
forget_sess[62,2]	0.4002	0.0003283	0.07948	0.0796	0.2591	0.3953	0.5689	60790.0	33320.0	0.3009	1.0
forget_sess[63,1]	0.3175	0.000365	0.07595	0.07582	0.1782	0.3145	0.4746	43320.0	33060.0	0.2144	1.0
forget_sess[63,2]	0.438	0.0005838	0.1115	0.1149	0.232	0.4345	0.6637	36960.0	30830.0	0.1829	1.0
forget_sess[64,1]	0.1395	0.0001695	0.03912	0.03669	0.07807	0.1343	0.2291	58530.0	32960.0	0.2897	1.0
forget_sess[64,2]	0.03463	9.941e-05	0.02123	0.0199	0.005311	0.03077	0.08583	44430.0	31250.0	0.2199	1.0
forget_sess[65,1]	0.3712	0.0007531	0.1642	0.1719	0.09048	0.3591	0.7159	47030.0	30880.0	0.2328	1.0
forget_sess[65,2]	0.3782	0.0008463	0.182	0.1949	0.08976	0.3561	0.7676	47780.0	31920.0	0.2365	1.0
forget_sess[66,1]	0.3027	0.0006246	0.1172	0.1166	0.1011	0.2939	0.5572	34750.0	28110.0	0.172	1.0
forget_sess[66,2]	0.354	0.0003394	0.07828	0.07663	0.2204	0.3473	0.5244	56380.0	32540.0	0.2791	1.0
forget_sess[67,1]	0.2088	0.000697	0.1416	0.132	0.02732	0.1783	0.5578	46110.0	30400.0	0.2282	1.0
forget_sess[67,2]	0.2049	0.0007845	0.1537	0.1563	0.01107	0.1723	0.5657	35670.0	31340.0	0.1766	1.0
forget_sess[68,1]	0.1798	0.0006394	0.1226	0.105	0.02619	0.1511	0.4938	42690.0	29660.0	0.2113	1.0
forget_sess[68,2]	0.1386	0.0006944	0.1201	0.0944	0.01262	0.09859	0.4469	32810.0	33720.0	0.1624	1.0
forget_sess[69,1]	0.04914	0.0001054	0.02293	0.02102	0.01524	0.04551	0.1039	49970.0	31920.0	0.2474	1.0
forget_sess[69,2]	0.05585	0.0001292	0.02727	0.02372	0.01793	0.05072	0.1231	50210.0	32560.0	0.2485	1.0
forget_sess[70,1]	0.3236	0.0005333	0.102	0.09772	0.1649	0.3098	0.5578	41380.0	28570.0	0.2048	1.0
forget_sess[70,2]	0.3863	0.0004621	0.09967	0.09939	0.2073	0.3812	0.596	47270.0	33760.0	0.234	1.0
forget_sess[71,1]	0.4169	0.0006994	0.137	0.1423	0.1556	0.4167	0.6854	38270.0	30090.0	0.1894	1.0
forget_sess[71,2]	0.1333	0.0003705	0.07405	0.06946	0.02795	0.1211	0.3096	40240.0	31430.0	0.1992	1.0
forget_sess[72,1]	0.2206	0.0005193	0.09599	0.08989	0.07156	0.2077	0.4439	34670.0	27610.0	0.1716	1.0
forget_sess[72,2]	0.1552	0.0002333	0.05511	0.05382	0.06137	0.1502	0.2761	57160.0	31400.0	0.2829	1.0
forget_sess[73,1]	0.1667	0.0002258	0.0516	0.05055	0.07894	0.1619	0.2797	53540.0	31200.0	0.265	1.0
forget_sess[73,2]	0.2102	0.0003513	0.0725	0.06984	0.08759	0.203	0.3707	42210.0	29220.0	0.2089	1.0
forget_sess[74,1]	0.3436	0.000593	0.1297	0.1305	0.1331	0.3298	0.6302	50680.0	31110.0	0.2509	1.0
forget_sess[74,2]	0.5334	0.0008254	0.1676	0.1819	0.2196	0.5323	0.8488	41050.0	31710.0	0.2032	1.0
forget_sess[75,1]	0.1311	0.0002905	0.05432	0.04645	0.05172	0.1224	0.2621	39390.0	28710.0	0.195	1.0
forget_sess[75,2]	0.05734	0.0001531	0.03131	0.02939	0.01167	0.05223	0.1314	42140.0	31050.0	0.2086	1.0
forget_sess[76,1]	0.2594	0.0003494	0.07501	0.07646	0.126	0.2552	0.4156	45980.0	32150.0	0.2276	1.0
forget_sess[76,2]	0.3287	0.0005352	0.09993	0.1015	0.1613	0.3195	0.5447	36580.0	32310.0	0.181	1.0
forget_sess[77,1]	0.1866	0.0002542	0.06067	0.05947	0.08371	0.1813	0.3202	57230.0	32880.0	0.2833	1.0
forget_sess[77,2]	0.3844	0.0005395	0.1095	0.1124	0.1784	0.3815	0.6037	41030.0	30570.0	0.2031	1.0
forget_sess[78,1]	0.1383	0.000289	0.05817	0.05576	0.04595	0.1315	0.2725	40780.0	29190.0	0.2019	1.0
forget_sess[78,2]	0.1811	0.0002584	0.05387	0.05333	0.08662	0.1774	0.2968	43900.0	32440.0	0.2173	1.0
forget_sess[79,1]	0.253	0.0003199	0.06615	0.06627	0.1302	0.2508	0.3884	42220.0	30640.0	0.209	1.0
forget_sess[79,2]	0.2243	0.0003178	0.07237	0.07029	0.1027	0.2174	0.3853	53420.0	31250.0	0.2644	1.0
forget_sess[80,1]	0.4011	0.0005374	0.1161	0.1168	0.1906	0.3958	0.639	46630.0	30760.0	0.2308	1.0
forget_sess[80,2]	0.3699	0.000458	0.108	0.1089	0.1774	0.3654	0.5941	56060.0	31910.0	0.2775	1.0
forget_sess[81,1]	0.1404	0.0001985	0.04391	0.04209	0.06856	0.1359	0.2392	51830.0	31520.0	0.2565	1.0
forget_sess[81,2]	0.1643	0.0002574	0.05595	0.0529	0.07716	0.1571	0.2933	52020.0	30770.0	0.2575	1.0
forget_sess[82,1]	0.1172	0.0001728	0.03824	0.0361	0.05618	0.1126	0.2046	53530.0	30300.0	0.265	1.0
forget_sess[82,2]	0.1453	0.0002609	0.05015	0.0481	0.06523	0.1392	0.26	38700.0	31240.0	0.1916	1.0
forget_sess[83,1]	0.2722	0.0005681	0.1023	0.1045	0.09891	0.264	0.4921	31800.0	30670.0	0.1574	1.0
forget_sess[83,2]	0.2978	0.0003394	0.08383	0.08414	0.142	0.295	0.47	60400.0	29570.0	0.299	1.0
forget_sess[84,1]	0.3518	0.0005012	0.09868	0.1009	0.1687	0.3492	0.5515	38390.0	29710.0	0.19	1.0
forget_sess[84,2]	0.2367	0.0002547	0.05945	0.05792	0.1391	0.2305	0.3703	60010.0	31180.0	0.297	1.0
forget_sess[85,1]	0.1653	0.0006187	0.09568	0.08834	0.03547	0.1453	0.397	25610.0	27950.0	0.1268	1.0
forget_sess[85,2]	0.1777	0.0003054	0.06851	0.06724	0.06874	0.1695	0.333	53350.0	35270.0	0.2641	1.0
forget_sess[86,1]	0.1496	0.0004615	0.08367	0.07703	0.03258	0.134	0.3532	34090.0	30160.0	0.1688	1.0
forget_sess[86,2]	0.231	0.0004322	0.09352	0.09381	0.07014	0.2237	0.433	45900.0	31440.0	0.2272	1.0
forget_sess[87,1]	0.2025	0.0004119	0.09279	0.08884	0.06449	0.1885	0.4211	52770.0	33320.0	0.2612	1.0
forget_sess[87,2]	0.1726	0.0009446	0.1517	0.1132	0.01426	0.1234	0.5821	29870.0	28570.0	0.1479	1.0
forget_sess[88,1]	0.2901	0.0008303	0.177	0.1875	0.03175	0.2635	0.6824	44720.0	32160.0	0.2213	1.0
forget_sess[88,2]	0.308	0.0008358	0.1866	0.1945	0.02912	0.2856	0.7306	48910.0	30070.0	0.2421	1.0
forget_sess[89,1]	0.2102	0.0002958	0.06456	0.06397	0.1005	0.2048	0.3504	47850.0	31520.0	0.2369	1.0
forget_sess[89,2]	0.2279	0.0004108	0.07751	0.07151	0.1071	0.2177	0.4088	39690.0	28730.0	0.1965	1.0
forget_sess[90,1]	0.2228	0.0003034	0.06388	0.06253	0.1152	0.2166	0.3644	46120.0	29850.0	0.2283	1.0
forget_sess[90,2]	0.1682	0.0002731	0.05987	0.05725	0.07235	0.1607	0.3055	51990.0	30810.0	0.2573	1.0
forget_sess[91,1]	0.4327	0.000851	0.1749	0.1911	0.1223	0.4259	0.78	41940.0	31270.0	0.2076	1.0
forget_sess[91,2]	0.5145	0.0007279	0.1679	0.1767	0.1903	0.5167	0.8334	53370.0	31530.0	0.2642	1.0
forget_sess[92,1]	0.3162	0.001361	0.1715	0.1684	0.07501	0.2816	0.7132	17800.0	24000.0	0.08809	1.0
forget_sess[92,2]	0.2053	0.0005813	0.1102	0.1046	0.04227	0.1876	0.4671	37810.0	32100.0	0.1872	1.0
forget_sess[93,1]	0.5725	0.0004907	0.1134	0.1169	0.3462	0.5754	0.7841	53430.0	33680.0	0.2645	1.0
forget_sess[93,2]	0.7058	0.0004479	0.1057	0.1073	0.4848	0.712	0.895	54870.0	31350.0	0.2716	1.0
forget_sess[94,1]	0.3209	0.0004449	0.1096	0.112	0.1172	0.3177	0.5415	59000.0	29200.0	0.2921	1.0
forget_sess[94,2]	0.4354	0.0009063	0.1698	0.1766	0.1114	0.4314	0.7727	34090.0	21060.0	0.1688	1.0
forget_sess[95,1]	0.2352	0.0006814	0.1191	0.1266	0.04556	0.2227	0.4923	29770.0	28040.0	0.1474	1.0
forget_sess[95,2]	0.1952	0.0005433	0.09995	0.09169	0.05467	0.1754	0.4363	36450.0	32190.0	0.1804	1.0
forget_sess[96,1]	0.3123	0.0003699	0.07754	0.07711	0.176	0.3068	0.4779	44750.0	31810.0	0.2215	1.0
forget_sess[96,2]	0.2172	0.0002382	0.05786	0.05689	0.1195	0.2119	0.3449	62350.0	33190.0	0.3086	1.0
forget_sess[97,1]	0.2219	0.0003121	0.07252	0.06991	0.1069	0.2127	0.3877	58110.0	34790.0	0.2876	1.0
forget_sess[97,2]	0.406	0.001182	0.1875	0.22	0.08498	0.405	0.7548	26050.0	30910.0	0.129	1.0
forget_sess[98,1]	0.3891	0.0004989	0.1116	0.1142	0.19	0.3828	0.6203	51070.0	31290.0	0.2528	1.0
forget_sess[98,2]	0.5145	0.0005211	0.123	0.1257	0.2817	0.5108	0.7605	55760.0	29280.0	0.276	1.0
forget_sess[99,1]	0.6367	0.0007622	0.1396	0.1385	0.3223	0.6526	0.8635	35350.0	27060.0	0.175	1.0
forget_sess[99,2]	0.7196	0.0005134	0.1142	0.118	0.4778	0.7266	0.9206	48920.0	32210.0	0.2421	1.0
forget_sess[100,1]	0.38	0.0005797	0.1138	0.1154	0.182	0.3721	0.6208	39770.0	30290.0	0.1968	1.0
forget_sess[100,2]	0.2768	0.0003926	0.08602	0.08239	0.1364	0.2672	0.4719	54420.0	29550.0	0.2694	1.0
forget_sess[101,1]	0.1892	0.0004196	0.08248	0.078	0.06419	0.1768	0.3824	41930.0	31600.0	0.2075	1.0
forget_sess[101,2]	0.4588	0.0004363	0.1011	0.1017	0.2647	0.4573	0.6607	53970.0	34500.0	0.2671	1.0
forget_sess[102,1]	0.4829	0.0003078	0.07712	0.07718	0.34	0.4799	0.6411	63820.0	31930.0	0.3159	1.0
forget_sess[102,2]	0.5288	0.0006933	0.1391	0.1442	0.2678	0.525	0.8087	40360.0	29630.0	0.1998	1.0
forget_sess[103,1]	0.2975	0.0003853	0.07914	0.07914	0.1535	0.2944	0.4643	41900.0	29630.0	0.2074	1.0
forget_sess[103,2]	0.1651	0.0002667	0.06039	0.05699	0.0688	0.1578	0.3036	54480.0	32130.0	0.2697	1.0
forget_sess[104,1]	0.1993	0.0002573	0.05467	0.05389	0.1044	0.1954	0.3183	45870.0	31460.0	0.2271	1.0
forget_sess[104,2]	0.3312	0.000285	0.06488	0.06315	0.217	0.3261	0.4713	53980.0	32250.0	0.2672	1.0
forget_sess[105,1]	0.4461	0.0004527	0.1097	0.1086	0.2492	0.4391	0.6766	61360.0	31380.0	0.3037	1.0
forget_sess[105,2]	0.7239	0.0004671	0.1077	0.1095	0.4943	0.7317	0.9103	53040.0	32110.0	0.2625	1.0
forget_sess[106,1]	0.187	0.0002978	0.0641	0.06377	0.08025	0.1804	0.3295	47000.0	32860.0	0.2327	1.0
forget_sess[106,2]	0.3178	0.0003223	0.07874	0.07854	0.1788	0.3127	0.4854	60920.0	32760.0	0.3015	1.0
forget_sess[107,1]	0.1137	0.0001516	0.03824	0.03686	0.04856	0.11	0.1994	63960.0	30330.0	0.3166	1.0
forget_sess[107,2]	0.09027	0.0001962	0.04233	0.04127	0.02307	0.08548	0.1866	43910.0	28410.0	0.2173	1.0
forget_sess[108,1]	0.2757	0.0003566	0.07756	0.07712	0.1428	0.2695	0.4442	48890.0	33020.0	0.242	1.0
forget_sess[108,2]	0.404	0.0005303	0.1079	0.109	0.2106	0.3986	0.629	41680.0	31760.0	0.2063	1.0
forget_sess[109,1]	0.4783	0.0006454	0.123	0.125	0.2389	0.4775	0.721	36210.0	27270.0	0.1792	1.0
forget_sess[109,2]	0.295	0.0003426	0.07895	0.07636	0.1643	0.2871	0.4716	57620.0	30860.0	0.2852	1.0
forget_sess[110,1]	0.3156	0.0003109	0.07048	0.07087	0.1872	0.3123	0.4625	51270.0	32660.0	0.2538	1.0
forget_sess[110,2]	0.2075	0.0003294	0.07025	0.0676	0.09348	0.1997	0.3654	47920.0	31970.0	0.2372	1.0
forget_sess[111,1]	0.2771	0.0006843	0.1357	0.1356	0.05732	0.2616	0.5808	37930.0	26570.0	0.1878	1.0
forget_sess[111,2]	0.174	0.0003987	0.08632	0.08194	0.03849	0.1629	0.3734	46240.0	29590.0	0.2289	1.0
forget_sess[112,1]	0.06241	0.0001658	0.0365	0.03475	0.01048	0.05633	0.149	47980.0	30180.0	0.2375	1.0
forget_sess[112,2]	0.1186	0.0003103	0.06254	0.06009	0.0274	0.1083	0.2646	42320.0	33290.0	0.2095	1.0
forget_sess[113,1]	0.2849	0.0003409	0.0825	0.08103	0.1451	0.2771	0.4663	61880.0	32380.0	0.3063	1.0
forget_sess[113,2]	0.1876	0.0005814	0.1069	0.09683	0.0412	0.1674	0.4522	38320.0	28390.0	0.1897	1.0
forget_sess[114,1]	0.1666	0.0002553	0.05404	0.05212	0.07931	0.1601	0.2885	47640.0	31290.0	0.2358	1.0
forget_sess[114,2]	0.1508	0.0002471	0.05284	0.05057	0.06468	0.1447	0.2703	47700.0	32360.0	0.2361	1.0
forget_sess[115,1]	0.394	0.0005023	0.1002	0.1026	0.2083	0.3912	0.5967	39730.0	30810.0	0.1967	1.0
forget_sess[115,2]	0.3982	0.0004747	0.09709	0.09827	0.2179	0.3951	0.5943	41950.0	32860.0	0.2076	1.0
forget_sess[116,1]	0.2342	0.0003333	0.07092	0.07138	0.1057	0.2307	0.3802	44430.0	29840.0	0.2199	1.0
forget_sess[116,2]	0.1466	0.0002553	0.05749	0.05674	0.05181	0.1407	0.2734	49340.0	31220.0	0.2442	1.0
forget_sess[117,1]	0.3367	0.0003597	0.08298	0.08388	0.1917	0.3315	0.5148	55310.0	33970.0	0.2738	1.0
forget_sess[117,2]	0.3315	0.0007236	0.1328	0.1374	0.1183	0.3158	0.6203	34970.0	31380.0	0.1731	1.0
forget_sess[118,1]	0.2282	0.0003366	0.07402	0.0726	0.1058	0.2204	0.3932	49850.0	31210.0	0.2467	1.0
forget_sess[118,2]	0.2384	0.0003634	0.0808	0.07832	0.106	0.2297	0.4174	52720.0	28820.0	0.261	1.0
forget_sess[119,1]	0.265	0.0003601	0.07747	0.07728	0.1255	0.2605	0.4278	45920.0	31550.0	0.2273	1.0
forget_sess[119,2]	0.384	0.0003576	0.08558	0.08518	0.2241	0.3814	0.5598	57430.0	32870.0	0.2843	1.0
forget_sess[120,1]	0.5926	0.0004881	0.1065	0.1071	0.3864	0.5922	0.8017	47750.0	31610.0	0.2363	1.0
forget_sess[120,2]	0.6198	0.0006759	0.1413	0.144	0.3219	0.6264	0.873	44200.0	29230.0	0.2188	1.0
forget_sess[121,1]	0.4836	0.0004963	0.1103	0.1108	0.2877	0.4769	0.7157	51980.0	28400.0	0.2573	1.0
forget_sess[121,2]	0.4925	0.0005248	0.1192	0.1215	0.2742	0.488	0.7387	52860.0	29290.0	0.2617	1.0
forget_sess[122,1]	0.2697	0.0003261	0.07133	0.06948	0.1456	0.2643	0.4248	48680.0	32520.0	0.241	1.0
forget_sess[122,2]	0.2727	0.00036	0.07597	0.07375	0.1471	0.265	0.4424	48370.0	31080.0	0.2394	1.0
forget_sess[123,1]	0.02701	6.847e-05	0.01499	0.01362	0.005774	0.02441	0.06339	49020.0	33530.0	0.2427	1.0
forget_sess[123,2]	0.07148	0.0001928	0.04083	0.0365	0.01488	0.06369	0.1704	48110.0	32760.0	0.2381	1.0
forget_sess[124,1]	0.2064	0.0003902	0.07497	0.07306	0.08753	0.1973	0.3763	38790.0	31460.0	0.192	1.0
forget_sess[124,2]	0.1733	0.0003296	0.07091	0.06741	0.0635	0.1637	0.338	49020.0	32530.0	0.2426	1.0
forget_sess[125,1]	0.2958	0.0003302	0.07343	0.07299	0.1611	0.2923	0.448	48860.0	29950.0	0.2419	1.0
forget_sess[125,2]	0.2394	0.0003393	0.07421	0.07257	0.1114	0.2331	0.4011	48540.0	30810.0	0.2403	1.0
forget_sess[126,1]	0.2568	0.0003881	0.07771	0.07771	0.1175	0.2523	0.4195	39570.0	30040.0	0.1959	1.0
forget_sess[126,2]	0.1777	0.0002747	0.05936	0.05788	0.07683	0.1721	0.3093	47510.0	31300.0	0.2352	1.0
forget_sess[127,1]	0.1397	0.0002377	0.05343	0.0514	0.05679	0.1328	0.2627	54830.0	31440.0	0.2714	1.0
forget_sess[127,2]	0.1906	0.0003758	0.08031	0.07941	0.05491	0.1834	0.3671	43480.0	26420.0	0.2152	1.0
forget_sess[128,1]	0.3741	0.0007223	0.1418	0.1513	0.1157	0.3709	0.6551	37780.0	27830.0	0.187	1.0
forget_sess[128,2]	0.378	0.0006003	0.1325	0.1367	0.1365	0.3727	0.647	47940.0	30860.0	0.2373	1.0
forget_sess[129,1]	0.3828	0.0003625	0.07808	0.07847	0.2427	0.3789	0.5475	46810.0	34620.0	0.2317	1.0
forget_sess[129,2]	0.206	0.0004637	0.08453	0.08632	0.05797	0.2007	0.3823	32750.0	28810.0	0.1621	1.0
forget_sess[130,1]	0.05666	0.0003064	0.0434	0.03686	0.005492	0.04604	0.1672	17570.0	24620.0	0.08697	1.0
forget_sess[130,2]	0.06646	0.0005461	0.05465	0.05235	0.003061	0.05418	0.2005	8014.0	21920.0	0.03967	1.0
forget_sess[131,1]	0.164	0.0003803	0.07984	0.07498	0.04549	0.1518	0.3538	48440.0	31790.0	0.2397	1.0
forget_sess[131,2]	0.06406	0.0002339	0.04768	0.03863	0.007759	0.05248	0.186	53490.0	29710.0	0.2648	1.0
forget_sess[132,1]	0.2221	0.000325	0.07476	0.07082	0.102	0.2133	0.3929	58060.0	31390.0	0.2874	1.0
forget_sess[132,2]	0.3077	0.0008527	0.1484	0.153	0.0656	0.2935	0.6328	29660.0	26580.0	0.1468	1.0
forget_sess[133,1]	0.2644	0.0005253	0.0967	0.09125	0.1142	0.2512	0.4924	37630.0	25730.0	0.1862	1.0
forget_sess[133,2]	0.292	0.0003249	0.08047	0.07819	0.1558	0.2844	0.4696	65240.0	32330.0	0.3229	1.0
forget_sess[134,1]	0.1186	0.0001894	0.04278	0.04137	0.04837	0.1138	0.2153	51800.0	31940.0	0.2564	1.0
forget_sess[134,2]	0.238	0.000318	0.07026	0.07029	0.1088	0.2351	0.3844	48160.0	30010.0	0.2384	1.0
forget_sess[135,1]	0.2985	0.0004631	0.09321	0.09325	0.1346	0.2929	0.4984	40480.0	30680.0	0.2004	1.0
forget_sess[135,2]	0.4098	0.0003884	0.09001	0.0899	0.2502	0.4043	0.5994	55450.0	32590.0	0.2745	1.0
forget_sess[136,1]	0.1074	0.000311	0.05484	0.05376	0.02359	0.1001	0.2327	29450.0	28700.0	0.1458	1.0
forget_sess[136,2]	0.1007	0.0002046	0.04591	0.04193	0.03222	0.09383	0.2095	53690.0	32450.0	0.2657	1.0
forget_sess[137,1]	0.1207	0.0001918	0.04482	0.0432	0.04824	0.1156	0.2223	56130.0	31630.0	0.2779	1.0
forget_sess[137,2]	0.1607	0.0002823	0.06201	0.05802	0.06583	0.1518	0.3056	53370.0	31780.0	0.2642	1.0
forget_sess[138,1]	0.3401	0.0003938	0.08209	0.08169	0.1949	0.3347	0.5151	44140.0	33660.0	0.2185	1.0
forget_sess[138,2]	0.2133	0.0003168	0.07051	0.06819	0.09768	0.2056	0.3715	52630.0	30770.0	0.2605	0.9999
forget_sess[139,1]	0.4436	0.0005162	0.1065	0.1096	0.2487	0.4397	0.6607	42780.0	32290.0	0.2117	1.0
forget_sess[139,2]	0.4224	0.000418	0.09849	0.09731	0.2494	0.4155	0.6341	58950.0	30570.0	0.2918	1.0
forget_sess[140,1]	0.174	0.0002063	0.04557	0.04483	0.09698	0.1699	0.2741	50060.0	33480.0	0.2478	1.0
forget_sess[140,2]	0.2666	0.000416	0.0816	0.07768	0.136	0.2563	0.4543	41960.0	29220.0	0.2077	1.0
forget_sess[141,1]	0.575	0.0005362	0.1195	0.1212	0.3368	0.5769	0.8011	49670.0	30760.0	0.2459	1.0
forget_sess[141,2]	0.3265	0.000486	0.1087	0.1082	0.144	0.3164	0.5625	52770.0	31840.0	0.2612	1.0
beta1m_sess[1,1]	2.897	0.003692	0.7958	0.7792	1.493	2.844	4.616	44260.0	27070.0	0.2191	1.0
beta1m_sess[1,2]	3.685	0.004482	1.003	0.99	1.882	3.635	5.809	47760.0	26300.0	0.2364	1.0
beta1m_sess[2,1]	1.636	0.005118	1.017	0.9274	0.2946	1.425	4.129	36500.0	27360.0	0.1806	1.0
beta1m_sess[2,2]	1.336	0.004825	0.9887	0.8102	0.1732	1.101	3.847	38840.0	26380.0	0.1922	1.0
beta1m_sess[3,1]	3.426	0.002554	0.5882	0.5838	2.367	3.396	4.665	52350.0	32290.0	0.2591	1.0
beta1m_sess[3,2]	4.391	0.003523	0.8033	0.7898	2.972	4.34	6.123	51700.0	35970.0	0.2559	1.0
beta1m_sess[4,1]	0.4924	0.001806	0.3224	0.2438	0.1116	0.4171	1.324	36000.0	29240.0	0.1782	1.0
beta1m_sess[4,2]	0.4354	0.002382	0.4144	0.243	0.05546	0.3163	1.534	37590.0	29190.0	0.1861	1.0
beta1m_sess[5,1]	0.9023	0.001763	0.3695	0.3603	0.2956	0.8649	1.73	39590.0	24000.0	0.196	1.0
beta1m_sess[5,2]	0.8303	0.001649	0.3734	0.3761	0.2123	0.7963	1.65	43770.0	23560.0	0.2167	1.0
beta1m_sess[6,1]	0.382	0.0007538	0.1769	0.1714	0.1111	0.3575	0.792	50980.0	28150.0	0.2523	1.0
beta1m_sess[6,2]	0.3148	0.0009719	0.2065	0.1756	0.05471	0.268	0.8384	42710.0	28010.0	0.2114	1.0
beta1m_sess[7,1]	1.004	0.003162	0.6756	0.543	0.1913	0.8447	2.743	49060.0	28250.0	0.2428	1.0
beta1m_sess[7,2]	0.8462	0.0027	0.6364	0.5256	0.1101	0.6817	2.484	51830.0	27870.0	0.2566	1.0
beta1m_sess[8,1]	0.9619	0.00248	0.4483	0.426	0.2729	0.8993	2.006	29330.0	23300.0	0.1452	1.0
beta1m_sess[8,2]	0.5873	0.001138	0.2584	0.2605	0.1571	0.5643	1.154	45220.0	23770.0	0.2238	1.0
beta1m_sess[9,1]	2.823	0.003554	0.7619	0.748	1.491	2.764	4.465	43430.0	26540.0	0.215	1.0
beta1m_sess[9,2]	3.441	0.004314	0.9786	0.9571	1.716	3.379	5.558	49070.0	29180.0	0.2429	1.0
beta1m_sess[10,1]	0.716	0.001639	0.3587	0.3428	0.1853	0.6613	1.561	44040.0	27330.0	0.218	1.0
beta1m_sess[10,2]	0.5574	0.001509	0.3352	0.3092	0.1009	0.4934	1.369	44470.0	26880.0	0.2201	1.0
beta1m_sess[11,1]	0.8501	0.001262	0.2808	0.2791	0.3507	0.8303	1.449	46010.0	26270.0	0.2277	1.0
beta1m_sess[11,2]	0.6237	0.00107	0.2455	0.2474	0.2039	0.6044	1.156	47320.0	25290.0	0.2342	1.0
beta1m_sess[12,1]	0.7142	0.002363	0.472	0.3727	0.1478	0.6019	1.937	42570.0	29660.0	0.2107	1.0
beta1m_sess[12,2]	0.5509	0.00207	0.4309	0.3192	0.07935	0.4366	1.68	44000.0	29310.0	0.2178	1.0
beta1m_sess[13,1]	1.185	0.003863	0.8187	0.6565	0.2156	0.9883	3.269	45010.0	29570.0	0.2228	1.0
beta1m_sess[13,2]	1.117	0.004263	0.9235	0.6949	0.1244	0.8517	3.562	44010.0	28900.0	0.2178	1.0
beta1m_sess[14,1]	0.9932	0.002074	0.4452	0.4452	0.2746	0.9464	1.98	40510.0	24960.0	0.2005	1.0
beta1m_sess[14,2]	0.738	0.001754	0.3941	0.3803	0.1541	0.6779	1.66	43060.0	25380.0	0.2131	1.0
beta1m_sess[15,1]	1.549	0.003554	0.7342	0.7184	0.3841	1.468	3.207	38270.0	25440.0	0.1894	1.0
beta1m_sess[15,2]	1.396	0.003564	0.7711	0.7543	0.2523	1.285	3.167	40300.0	24340.0	0.1995	1.0
beta1m_sess[16,1]	2.184	0.002835	0.5939	0.5855	1.127	2.15	3.449	42020.0	27260.0	0.208	1.0
beta1m_sess[16,2]	2.584	0.00304	0.7116	0.7032	1.285	2.554	4.082	51640.0	25760.0	0.2556	1.0
beta1m_sess[17,1]	0.4008	0.0009128	0.2038	0.1887	0.1079	0.3674	0.8822	48060.0	28820.0	0.2379	1.0
beta1m_sess[17,2]	0.2808	0.0007995	0.1796	0.1533	0.05309	0.2414	0.7288	49630.0	27980.0	0.2457	1.0
beta1m_sess[18,1]	0.8131	0.00185	0.4412	0.4148	0.19	0.7362	1.871	52400.0	29790.0	0.2594	1.0
beta1m_sess[18,2]	0.7419	0.002308	0.5241	0.449	0.1076	0.6171	2.075	47380.0	29690.0	0.2345	1.0
beta1m_sess[19,1]	0.9323	0.001911	0.4336	0.4293	0.2503	0.8808	1.922	44210.0	25960.0	0.2188	1.0
beta1m_sess[19,2]	0.8146	0.002007	0.4637	0.4436	0.152	0.7389	1.904	43840.0	24360.0	0.217	1.0
beta1m_sess[20,1]	4.162	0.004239	0.8889	0.8691	2.615	4.096	6.084	43120.0	30390.0	0.2134	1.0
beta1m_sess[20,2]	4.525	0.00417	0.9503	0.9409	2.851	4.465	6.553	51340.0	32930.0	0.2541	1.0
beta1m_sess[21,1]	2.728	0.002888	0.6363	0.631	1.578	2.692	4.063	46540.0	26970.0	0.2304	1.0
beta1m_sess[21,2]	2.982	0.002709	0.6607	0.6502	1.782	2.95	4.368	57750.0	29620.0	0.2859	1.0
beta1m_sess[22,1]	0.6051	0.001297	0.297	0.285	0.1602	0.5611	1.299	47360.0	28600.0	0.2344	1.0
beta1m_sess[22,2]	0.4259	0.001204	0.2641	0.2269	0.08216	0.3697	1.086	45340.0	28930.0	0.2244	1.0
beta1m_sess[23,1]	0.5141	0.00134	0.288	0.2548	0.1237	0.4575	1.225	45750.0	28330.0	0.2264	1.0
beta1m_sess[23,2]	0.3505	0.0009266	0.2203	0.1971	0.06213	0.3029	0.8939	54000.0	29430.0	0.2673	1.0
beta1m_sess[24,1]	1.283	0.003364	0.6727	0.6215	0.3082	1.181	2.86	37010.0	27300.0	0.1832	1.0
beta1m_sess[24,2]	1.352	0.00404	0.83	0.8063	0.2014	1.206	3.304	36210.0	25700.0	0.1792	1.0
beta1m_sess[25,1]	0.6992	0.002654	0.5028	0.3611	0.143	0.574	1.99	41730.0	29740.0	0.2066	1.0
beta1m_sess[25,2]	0.5374	0.002513	0.4743	0.3022	0.0745	0.4089	1.772	41140.0	31430.0	0.2036	1.0
beta1m_sess[26,1]	2.907	0.003855	0.7529	0.7288	1.617	2.84	4.558	37070.0	28340.0	0.1835	1.0
beta1m_sess[26,2]	2.637	0.002482	0.576	0.5687	1.599	2.605	3.85	53130.0	31950.0	0.263	1.0
beta1m_sess[27,1]	0.5943	0.00125	0.2883	0.2799	0.1601	0.5516	1.267	47810.0	27000.0	0.2367	1.0
beta1m_sess[27,2]	0.4757	0.001253	0.2911	0.2661	0.08539	0.4194	1.184	48400.0	27780.0	0.2396	1.0
beta1m_sess[28,1]	0.6844	0.001599	0.3295	0.3174	0.183	0.6386	1.443	39330.0	27460.0	0.1947	1.0
beta1m_sess[28,2]	0.4492	0.001082	0.2426	0.2313	0.09674	0.411	1.026	45510.0	27700.0	0.2253	1.0
beta1m_sess[29,1]	1.918	0.002688	0.5661	0.5576	0.8889	1.887	3.115	41550.0	23960.0	0.2057	1.0
beta1m_sess[29,2]	1.656	0.002872	0.6162	0.6141	0.5952	1.606	2.995	41810.0	24980.0	0.207	1.0
beta1m_sess[30,1]	2.688	0.004503	0.7936	0.7671	1.339	2.617	4.433	30020.0	30610.0	0.1486	1.0
beta1m_sess[30,2]	4.099	0.004614	0.9786	0.9486	2.395	4.025	6.215	44530.0	33310.0	0.2204	1.0
beta1m_sess[31,1]	1.342	0.003065	0.609	0.5713	0.3958	1.263	2.766	35970.0	24620.0	0.178	1.0
beta1m_sess[31,2]	1.133	0.002302	0.503	0.5097	0.2758	1.097	2.217	41390.0	22690.0	0.2049	1.0
beta1m_sess[32,1]	3.654	0.002811	0.6319	0.6227	2.519	3.618	4.998	49700.0	29860.0	0.246	1.0
beta1m_sess[32,2]	3.145	0.00348	0.7217	0.712	1.847	3.104	4.665	42400.0	30620.0	0.2099	1.0
beta1m_sess[33,1]	0.5556	0.001877	0.3309	0.2632	0.1385	0.4858	1.39	33180.0	28670.0	0.1642	1.0
beta1m_sess[33,2]	0.3988	0.001436	0.278	0.2162	0.07172	0.3316	1.116	38870.0	29280.0	0.1924	1.0
beta1m_sess[34,1]	3.184	0.002845	0.6169	0.603	2.072	3.15	4.491	46430.0	31210.0	0.2298	1.0
beta1m_sess[34,2]	2.707	0.004963	0.8063	0.7548	1.39	2.616	4.538	26150.0	31010.0	0.1295	1.0
beta1m_sess[35,1]	0.6977	0.002326	0.457	0.36	0.1491	0.5926	1.857	40350.0	29600.0	0.1997	1.0
beta1m_sess[35,2]	0.5907	0.002444	0.4893	0.3411	0.07949	0.4586	1.869	42280.0	30120.0	0.2093	1.0
beta1m_sess[36,1]	1.27	0.003018	0.606	0.595	0.326	1.196	2.645	36210.0	25030.0	0.1792	1.0
beta1m_sess[36,2]	0.9009	0.002276	0.4882	0.4644	0.1869	0.8231	2.048	41590.0	25940.0	0.2059	1.0
beta1m_sess[37,1]	1.219	0.001824	0.3776	0.375	0.5435	1.196	2.024	40330.0	26180.0	0.1996	1.0
beta1m_sess[37,2]	1.243	0.001845	0.3964	0.3985	0.4997	1.232	2.049	43680.0	23290.0	0.2162	1.0
beta1m_sess[38,1]	1.427	0.001869	0.4018	0.3992	0.6904	1.409	2.267	44220.0	24940.0	0.2189	1.0
beta1m_sess[38,2]	1.881	0.003207	0.6448	0.6436	0.7271	1.84	3.239	37820.0	23410.0	0.1872	1.0
beta1m_sess[39,1]	1.08	0.003778	0.7458	0.5892	0.2047	0.9032	2.983	40990.0	29980.0	0.2029	1.0
beta1m_sess[39,2]	0.9898	0.00404	0.8019	0.6095	0.1181	0.7745	3.079	40650.0	30590.0	0.2012	1.0
beta1m_sess[40,1]	0.7275	0.001327	0.2656	0.2631	0.2748	0.7053	1.309	38040.0	27280.0	0.1883	1.0
beta1m_sess[40,2]	0.9248	0.002641	0.475	0.4766	0.1925	0.8643	1.996	28950.0	24730.0	0.1433	1.0
beta1m_sess[41,1]	0.7044	0.001452	0.3139	0.3071	0.2071	0.666	1.415	42250.0	26600.0	0.2091	1.0
beta1m_sess[41,2]	0.6203	0.001838	0.3655	0.3277	0.1225	0.5535	1.503	35480.0	26360.0	0.1756	1.0
beta1m_sess[42,1]	1.006	0.002391	0.5182	0.4858	0.2441	0.9267	2.218	41720.0	27950.0	0.2065	1.0
beta1m_sess[42,2]	0.8259	0.002238	0.5038	0.47	0.1399	0.7313	2.053	42840.0	27610.0	0.212	1.0
beta1m_sess[43,1]	0.7392	0.002018	0.4539	0.3907	0.1587	0.6399	1.877	51100.0	27870.0	0.2529	1.0
beta1m_sess[43,2]	0.6414	0.002366	0.5125	0.3771	0.08538	0.5	1.997	51300.0	29740.0	0.2539	1.0
beta1m_sess[44,1]	1.323	0.004479	0.9178	0.7231	0.2425	1.109	3.642	42860.0	28380.0	0.2122	1.0
beta1m_sess[44,2]	1.3	0.005069	1.066	0.802	0.1488	1.024	4.042	42730.0	27410.0	0.2115	1.0
beta1m_sess[45,1]	0.9506	0.002797	0.6034	0.517	0.1881	0.8154	2.458	46850.0	29130.0	0.2319	1.0
beta1m_sess[45,2]	0.8029	0.002905	0.6415	0.4772	0.1033	0.6278	2.484	51070.0	29450.0	0.2528	1.0
beta1m_sess[46,1]	1.417	0.005663	1.132	0.8064	0.2166	1.09	4.445	45830.0	30990.0	0.2268	1.0
beta1m_sess[46,2]	1.452	0.008426	1.568	0.845	0.1257	0.9507	5.705	44630.0	31220.0	0.2209	1.0
beta1m_sess[47,1]	1.2	0.004182	0.8844	0.6752	0.204	0.9722	3.484	48870.0	30140.0	0.2419	1.0
beta1m_sess[47,2]	1.086	0.004287	0.9246	0.6771	0.1169	0.8175	3.545	50880.0	29300.0	0.2519	1.0
beta1m_sess[48,1]	3.093	0.004037	0.8003	0.774	1.688	3.036	4.842	37630.0	27160.0	0.1862	1.0
beta1m_sess[48,2]	4.019	0.003233	0.8072	0.7921	2.555	3.979	5.725	60950.0	31170.0	0.3017	1.0
beta1m_sess[49,1]	1.355	0.003848	0.7211	0.6828	0.3155	1.236	3.073	31370.0	26340.0	0.1553	1.0
beta1m_sess[49,2]	0.8814	0.002129	0.4743	0.46	0.1842	0.8126	1.992	44030.0	25310.0	0.218	1.0
beta1m_sess[50,1]	1.061	0.00463	0.8914	0.5662	0.1812	0.8156	3.374	51100.0	30010.0	0.2529	1.0
beta1m_sess[50,2]	0.9463	0.00583	1.073	0.5261	0.09737	0.6382	3.618	50500.0	29780.0	0.25	1.0
beta1m_sess[51,1]	3.486	0.0113	2.007	1.703	0.757	3.101	8.473	28310.0	24300.0	0.1401	1.0
beta1m_sess[51,2]	3.675	0.01416	2.489	1.946	0.6044	3.137	9.968	28130.0	23840.0	0.1392	1.0
beta1m_sess[52,1]	0.6719	0.001279	0.2944	0.2953	0.1982	0.6384	1.332	47190.0	26120.0	0.2336	1.0
beta1m_sess[52,2]	0.4986	0.001145	0.2735	0.2582	0.1072	0.4523	1.146	49320.0	27330.0	0.2441	1.0
beta1m_sess[53,1]	0.4142	0.001002	0.2222	0.2036	0.1094	0.373	0.9538	47740.0	28650.0	0.2363	1.0
beta1m_sess[53,2]	0.2793	0.0007494	0.1765	0.1539	0.05133	0.2405	0.7206	53300.0	26750.0	0.2638	1.0
beta1m_sess[54,1]	0.7856	0.001522	0.3379	0.3325	0.2411	0.7482	1.536	44370.0	26700.0	0.2196	1.0
beta1m_sess[54,2]	0.6579	0.001533	0.337	0.331	0.1432	0.6122	1.437	42170.0	26010.0	0.2088	1.0
beta1m_sess[55,1]	0.7937	0.0013	0.2985	0.2977	0.2803	0.7708	1.43	47780.0	25320.0	0.2365	1.0
beta1m_sess[55,2]	0.6989	0.001508	0.3366	0.3351	0.1725	0.6589	1.465	42710.0	24990.0	0.2114	1.0
beta1m_sess[56,1]	0.6816	0.001312	0.3061	0.3096	0.195	0.6472	1.364	48400.0	25470.0	0.2396	1.0
beta1m_sess[56,2]	0.6087	0.00174	0.3798	0.3431	0.1065	0.5291	1.55	42030.0	27240.0	0.208	1.0
beta1m_sess[57,1]	0.6817	0.001508	0.2949	0.2841	0.2124	0.6453	1.359	34740.0	24260.0	0.172	1.0
beta1m_sess[57,2]	0.4383	0.0009741	0.2127	0.2077	0.1123	0.4101	0.9271	42550.0	25390.0	0.2106	1.0
beta1m_sess[58,1]	1.142	0.004407	0.9044	0.6203	0.1955	0.901	3.477	45560.0	29190.0	0.2255	1.0
beta1m_sess[58,2]	1.009	0.005108	1.011	0.5832	0.1115	0.7133	3.657	46080.0	30510.0	0.2281	1.0
beta1m_sess[59,1]	1.003	0.001472	0.318	0.3164	0.4293	0.9873	1.67	43430.0	24620.0	0.215	1.0
beta1m_sess[59,2]	1.008	0.001824	0.3967	0.3986	0.3212	0.9782	1.86	42060.0	23820.0	0.2082	1.0
beta1m_sess[60,1]	1.783	0.002642	0.5579	0.5524	0.786	1.749	2.972	41580.0	23770.0	0.2058	1.0
beta1m_sess[60,2]	1.263	0.002787	0.5226	0.5075	0.4191	1.205	2.453	32610.0	25460.0	0.1614	1.0
beta1m_sess[61,1]	0.3979	0.0008253	0.1951	0.1836	0.1104	0.366	0.8578	52660.0	29130.0	0.2607	1.0
beta1m_sess[61,2]	0.3092	0.0009338	0.2048	0.1723	0.05456	0.2625	0.833	47640.0	28450.0	0.2358	1.0
beta1m_sess[62,1]	0.9237	0.002554	0.5514	0.4819	0.1999	0.8101	2.29	44950.0	29610.0	0.2225	1.0
beta1m_sess[62,2]	0.8585	0.002911	0.6318	0.5217	0.1108	0.6971	2.488	45300.0	29220.0	0.2242	1.0
beta1m_sess[63,1]	1.843	0.001973	0.44	0.435	1.042	1.822	2.764	48230.0	28190.0	0.2388	1.0
beta1m_sess[63,2]	1.858	0.002082	0.4795	0.4773	0.9739	1.835	2.856	51040.0	28140.0	0.2527	1.0
beta1m_sess[64,1]	0.8926	0.002917	0.6252	0.4869	0.1697	0.7357	2.484	49760.0	31260.0	0.2463	1.0
beta1m_sess[64,2]	0.8703	0.0043	0.8612	0.5052	0.09213	0.6088	3.209	47870.0	31200.0	0.2369	1.0
beta1m_sess[65,1]	1.18	0.004633	0.9254	0.6446	0.2041	0.9368	3.555	48540.0	31980.0	0.2403	1.0
beta1m_sess[65,2]	1.095	0.005618	1.089	0.6364	0.1168	0.778	3.942	48730.0	31930.0	0.2412	1.0
beta1m_sess[66,1]	1.255	0.003695	0.7809	0.6817	0.2485	1.095	3.182	44710.0	30640.0	0.2213	1.0
beta1m_sess[66,2]	1.15	0.003505	0.8047	0.7166	0.1496	0.9654	3.15	47000.0	29080.0	0.2326	1.0
beta1m_sess[67,1]	0.841	0.002851	0.5698	0.439	0.1735	0.7061	2.293	43890.0	28510.0	0.2173	1.0
beta1m_sess[67,2]	0.6499	0.002368	0.5019	0.3769	0.09529	0.5223	1.944	45920.0	28340.0	0.2273	1.0
beta1m_sess[68,1]	0.8604	0.003043	0.6142	0.4596	0.1666	0.7043	2.485	44840.0	29550.0	0.222	1.0
beta1m_sess[68,2]	0.7153	0.003125	0.6177	0.4169	0.09204	0.5374	2.365	46690.0	30180.0	0.2311	1.0
beta1m_sess[69,1]	0.7931	0.002405	0.5268	0.4216	0.1624	0.6712	2.157	52190.0	30280.0	0.2583	1.0
beta1m_sess[69,2]	0.6585	0.002604	0.5514	0.3801	0.08749	0.5054	2.114	51340.0	30640.0	0.2541	1.0
beta1m_sess[70,1]	0.4042	0.001061	0.2249	0.1957	0.1024	0.3589	0.966	47070.0	29690.0	0.233	1.0
beta1m_sess[70,2]	0.2928	0.0009591	0.2027	0.1652	0.04949	0.2443	0.8176	47190.0	28760.0	0.2336	1.0
beta1m_sess[71,1]	1.467	0.004795	0.8774	0.7272	0.3294	1.284	3.638	33520.0	29650.0	0.1659	1.0
beta1m_sess[71,2]	1.284	0.004843	0.9104	0.7493	0.1902	1.07	3.594	34800.0	30290.0	0.1722	1.0
beta1m_sess[72,1]	0.7718	0.002313	0.4791	0.3965	0.1704	0.6675	1.96	44000.0	28740.0	0.2178	1.0
beta1m_sess[72,2]	0.6155	0.001963	0.4355	0.363	0.09346	0.5112	1.708	47750.0	28710.0	0.2364	1.0
beta1m_sess[73,1]	1.939	0.003686	0.6994	0.6854	0.7402	1.876	3.478	33750.0	25310.0	0.1671	1.0
beta1m_sess[73,2]	1.371	0.002786	0.5522	0.5378	0.4566	1.315	2.607	37190.0	26490.0	0.1841	1.0
beta1m_sess[74,1]	1.258	0.003604	0.7746	0.6823	0.2538	1.1	3.186	43910.0	29550.0	0.2173	1.0
beta1m_sess[74,2]	1.12	0.003964	0.8513	0.6734	0.1469	0.9114	3.288	44060.0	28040.0	0.2181	1.0
beta1m_sess[75,1]	0.8048	0.002506	0.5155	0.4175	0.1696	0.6877	2.113	45670.0	29810.0	0.2261	1.0
beta1m_sess[75,2]	0.7394	0.003423	0.6668	0.4202	0.092	0.5465	2.533	43920.0	31220.0	0.2174	1.0
beta1m_sess[76,1]	0.8321	0.001736	0.4041	0.3984	0.2111	0.7771	1.756	47430.0	26940.0	0.2348	1.0
beta1m_sess[76,2]	0.734	0.002042	0.4564	0.4235	0.12	0.6447	1.836	43160.0	27640.0	0.2136	1.0
beta1m_sess[77,1]	1.617	0.002251	0.4847	0.4764	0.7561	1.583	2.662	43990.0	24960.0	0.2178	1.0
beta1m_sess[77,2]	1.609	0.002983	0.6006	0.5884	0.6009	1.555	2.925	37820.0	25670.0	0.1872	1.0
beta1m_sess[78,1]	4.333	0.003972	0.8245	0.7919	2.937	4.26	6.181	43070.0	33920.0	0.2132	1.0
beta1m_sess[78,2]	4.288	0.003344	0.7422	0.7261	2.975	4.237	5.889	50090.0	35840.0	0.248	1.0
beta1m_sess[79,1]	2.871	0.002309	0.4969	0.4887	1.974	2.844	3.917	45740.0	31180.0	0.2264	1.0
beta1m_sess[79,2]	3.43	0.00253	0.5852	0.5687	2.394	3.392	4.681	54000.0	34550.0	0.2673	1.0
beta1m_sess[80,1]	0.5911	0.001011	0.2365	0.2352	0.1946	0.5702	1.108	49680.0	26140.0	0.2459	1.0
beta1m_sess[80,2]	0.433	0.001018	0.2211	0.2112	0.1023	0.3996	0.9523	42340.0	25520.0	0.2096	1.0
beta1m_sess[81,1]	1.617	0.002351	0.5025	0.5027	0.6888	1.6	2.661	43390.0	25180.0	0.2148	1.0
beta1m_sess[81,2]	1.294	0.00286	0.5717	0.5496	0.3905	1.224	2.594	36840.0	26580.0	0.1823	1.0
beta1m_sess[82,1]	0.6304	0.001603	0.3602	0.3208	0.1467	0.5589	1.515	49380.0	28020.0	0.2444	1.0
beta1m_sess[82,2]	0.4924	0.001509	0.3442	0.2863	0.07792	0.4084	1.377	51720.0	27900.0	0.256	1.0
beta1m_sess[83,1]	1.841	0.002354	0.4256	0.4037	1.101	1.806	2.772	32540.0	30110.0	0.1611	1.0
beta1m_sess[83,2]	2.164	0.001754	0.4124	0.4064	1.402	2.149	3.022	54680.0	31560.0	0.2707	1.0
beta1m_sess[84,1]	0.531	0.00125	0.2776	0.2609	0.1366	0.4844	1.192	47360.0	29100.0	0.2344	1.0
beta1m_sess[84,2]	0.4781	0.001942	0.3792	0.2747	0.07101	0.3754	1.456	41150.0	29820.0	0.2037	1.0
beta1m_sess[85,1]	1.415	0.002495	0.4572	0.4546	0.5907	1.392	2.386	31640.0	22820.0	0.1566	1.0
beta1m_sess[85,2]	1.211	0.002497	0.5043	0.4981	0.376	1.164	2.339	36180.0	23390.0	0.1791	1.0
beta1m_sess[86,1]	0.6934	0.001523	0.3021	0.2947	0.209	0.6611	1.371	37040.0	27370.0	0.1833	1.0
beta1m_sess[86,2]	0.6885	0.001814	0.3686	0.3702	0.1305	0.6389	1.527	36200.0	26220.0	0.1792	1.0
beta1m_sess[87,1]	0.6816	0.002006	0.407	0.3353	0.1626	0.5973	1.689	43260.0	28740.0	0.2141	1.0
beta1m_sess[87,2]	0.543	0.002207	0.4312	0.2979	0.08565	0.4319	1.647	41730.0	28740.0	0.2065	1.0
beta1m_sess[88,1]	1.509	0.006787	1.343	0.8445	0.2147	1.13	5.052	53410.0	30600.0	0.2643	1.0
beta1m_sess[88,2]	1.59	0.009967	1.873	0.901	0.1238	0.9948	6.599	52270.0	30470.0	0.2587	1.0
beta1m_sess[89,1]	2.109	0.002217	0.4916	0.4847	1.207	2.087	3.141	47420.0	27400.0	0.2347	1.0
beta1m_sess[89,2]	2.616	0.003456	0.7455	0.7382	1.283	2.578	4.202	44310.0	28020.0	0.2193	1.0
beta1m_sess[90,1]	0.8672	0.002477	0.5409	0.4593	0.1808	0.7531	2.215	46100.0	28140.0	0.2282	1.0
beta1m_sess[90,2]	0.6751	0.001973	0.4656	0.3965	0.1002	0.5663	1.845	49740.0	26340.0	0.2462	1.0
beta1m_sess[91,1]	1.002	0.003308	0.6748	0.5353	0.1964	0.8408	2.725	44120.0	30120.0	0.2184	1.0
beta1m_sess[91,2]	1.007	0.004296	0.8792	0.6145	0.1128	0.7612	3.289	44100.0	29560.0	0.2183	1.0
beta1m_sess[92,1]	0.4959	0.001241	0.2572	0.2339	0.1321	0.4519	1.118	42590.0	28710.0	0.2108	1.0
beta1m_sess[92,2]	0.3367	0.0008419	0.1983	0.1816	0.0657	0.2988	0.8228	51070.0	28790.0	0.2528	1.0
beta1m_sess[93,1]	0.501	0.001073	0.2506	0.2373	0.1313	0.4608	1.095	47550.0	27170.0	0.2354	1.0
beta1m_sess[93,2]	0.3499	0.0009311	0.2165	0.1904	0.06729	0.3044	0.8887	50930.0	28390.0	0.2521	1.0
beta1m_sess[94,1]	0.4324	0.0008778	0.2002	0.1966	0.1233	0.4069	0.8914	47510.0	27160.0	0.2352	1.0
beta1m_sess[94,2]	0.2902	0.0008909	0.1788	0.1522	0.05954	0.2541	0.7363	41030.0	27660.0	0.2031	1.0
beta1m_sess[95,1]	0.439	0.000949	0.2151	0.2056	0.1213	0.4062	0.9446	47690.0	28360.0	0.236	1.0
beta1m_sess[95,2]	0.3176	0.0008491	0.1932	0.1744	0.06129	0.2789	0.7949	48000.0	27690.0	0.2376	1.0
beta1m_sess[96,1]	1.17	0.002249	0.4945	0.4885	0.3505	1.123	2.257	43450.0	24720.0	0.215	1.0
beta1m_sess[96,2]	1.01	0.002641	0.5662	0.5301	0.2033	0.9159	2.356	40750.0	25520.0	0.2017	1.0
beta1m_sess[97,1]	0.8301	0.001814	0.386	0.3756	0.2342	0.7809	1.718	40320.0	25930.0	0.1996	1.0
beta1m_sess[97,2]	0.6796	0.001483	0.346	0.3478	0.1416	0.639	1.462	45790.0	24320.0	0.2267	1.0
beta1m_sess[98,1]	0.8384	0.00141	0.3027	0.2999	0.3153	0.8153	1.491	42310.0	25570.0	0.2094	1.0
beta1m_sess[98,2]	0.794	0.001615	0.3523	0.3467	0.2196	0.7595	1.582	41840.0	24350.0	0.2071	1.0
beta1m_sess[99,1]	0.5516	0.001097	0.254	0.2491	0.1599	0.5193	1.133	48430.0	26330.0	0.2397	1.0
beta1m_sess[99,2]	0.3985	0.0009248	0.2215	0.2097	0.08457	0.3622	0.9225	50190.0	26740.0	0.2485	1.0
beta1m_sess[100,1]	1.383	0.00218	0.4574	0.4477	0.5817	1.352	2.37	39690.0	23080.0	0.1965	1.0
beta1m_sess[100,2]	1.193	0.002287	0.4902	0.4817	0.3821	1.145	2.285	40050.0	22130.0	0.1982	1.0
beta1m_sess[101,1]	1.102	0.002394	0.4419	0.4438	0.354	1.068	2.055	31260.0	23660.0	0.1548	1.0
beta1m_sess[101,2]	0.649	0.001387	0.2989	0.2919	0.1805	0.6122	1.332	42100.0	26470.0	0.2084	1.0
beta1m_sess[102,1]	0.6949	0.001821	0.4084	0.3521	0.1597	0.6098	1.708	51320.0	29720.0	0.254	1.0
beta1m_sess[102,2]	0.5813	0.002148	0.4522	0.3357	0.08413	0.4611	1.75	49520.0	30750.0	0.2451	1.0
beta1m_sess[103,1]	3.031	0.00249	0.5393	0.5263	2.093	2.988	4.209	46690.0	33970.0	0.2311	1.0
beta1m_sess[103,2]	2.813	0.002036	0.4809	0.4733	1.941	2.791	3.827	55440.0	34500.0	0.2744	1.0
beta1m_sess[104,1]	1.988	0.002154	0.4624	0.457	1.144	1.967	2.954	45010.0	29220.0	0.2228	1.0
beta1m_sess[104,2]	2.737	0.0032	0.7136	0.704	1.437	2.7	4.232	47770.0	27580.0	0.2365	1.0
beta1m_sess[105,1]	0.3495	0.0006627	0.1587	0.1568	0.1044	0.329	0.7111	52550.0	27170.0	0.2601	1.0
beta1m_sess[105,2]	0.2354	0.0005858	0.1368	0.1248	0.04921	0.2092	0.5676	50130.0	28790.0	0.2481	1.0
beta1m_sess[106,1]	1.616	0.00229	0.4703	0.4643	0.7684	1.59	2.616	39260.0	25160.0	0.1943	1.0
beta1m_sess[106,2]	1.153	0.001879	0.4025	0.4022	0.4506	1.122	2.016	42550.0	25730.0	0.2106	1.0
beta1m_sess[107,1]	2.091	0.002903	0.5419	0.5379	1.117	2.06	3.232	33840.0	28190.0	0.1675	1.0
beta1m_sess[107,2]	3.112	0.003245	0.7223	0.7053	1.839	3.057	4.685	48280.0	31640.0	0.239	1.0
beta1m_sess[108,1]	0.9135	0.002252	0.4505	0.4276	0.2413	0.8466	1.975	36490.0	26510.0	0.1806	1.0
beta1m_sess[108,2]	0.5898	0.001275	0.2988	0.2954	0.134	0.5515	1.28	48120.0	26640.0	0.2382	1.0
beta1m_sess[109,1]	0.6582	0.001892	0.3828	0.3271	0.1551	0.5802	1.6	41510.0	28350.0	0.2055	1.0
beta1m_sess[109,2]	0.5064	0.001677	0.3516	0.2896	0.08108	0.4231	1.405	44690.0	28770.0	0.2212	1.0
beta1m_sess[110,1]	2.393	0.003092	0.6602	0.6469	1.201	2.352	3.79	43390.0	25800.0	0.2148	1.0
beta1m_sess[110,2]	1.892	0.003223	0.6572	0.6473	0.7494	1.842	3.314	38670.0	25010.0	0.1914	1.0
beta1m_sess[111,1]	0.7766	0.002385	0.5096	0.4071	0.1614	0.662	2.077	50050.0	29780.0	0.2477	1.0
beta1m_sess[111,2]	0.618	0.002098	0.4691	0.3671	0.0856	0.4979	1.842	53140.0	29990.0	0.2631	1.0
beta1m_sess[112,1]	2.713	0.003177	0.6665	0.6514	1.554	2.664	4.151	42740.0	29750.0	0.2115	1.0
beta1m_sess[112,2]	2.143	0.003096	0.6221	0.6148	1.045	2.102	3.477	39240.0	29670.0	0.1942	1.0
beta1m_sess[113,1]	0.5712	0.001102	0.2529	0.2488	0.169	0.5432	1.139	47740.0	26550.0	0.2363	1.0
beta1m_sess[113,2]	0.3995	0.0009488	0.2167	0.2032	0.08638	0.3641	0.9139	46760.0	26040.0	0.2315	1.0
beta1m_sess[114,1]	2.161	0.004567	0.8717	0.8685	0.658	2.097	4.053	33090.0	22300.0	0.1638	1.0
beta1m_sess[114,2]	1.885	0.004181	0.8566	0.8638	0.4545	1.81	3.738	36990.0	23870.0	0.1831	1.0
beta1m_sess[115,1]	1.971	0.002292	0.4395	0.4347	1.166	1.953	2.9	36190.0	28570.0	0.1792	1.0
beta1m_sess[115,2]	2.992	0.003772	0.7265	0.7068	1.741	2.934	4.581	36610.0	31300.0	0.1812	1.0
beta1m_sess[116,1]	0.6782	0.001498	0.3276	0.321	0.1778	0.6333	1.431	42780.0	25990.0	0.2118	1.0
beta1m_sess[116,2]	0.4668	0.001147	0.2687	0.2483	0.0933	0.4164	1.111	49880.0	26870.0	0.2469	1.0
beta1m_sess[117,1]	0.6098	0.001476	0.3203	0.2968	0.1563	0.5547	1.375	43160.0	26820.0	0.2137	1.0
beta1m_sess[117,2]	0.4031	0.001023	0.2397	0.2196	0.0789	0.3543	0.9814	49260.0	26740.0	0.2438	1.0
beta1m_sess[118,1]	0.6219	0.001295	0.3005	0.2927	0.167	0.5789	1.318	47700.0	26830.0	0.2361	1.0
beta1m_sess[118,2]	0.5482	0.001696	0.361	0.3156	0.09121	0.467	1.457	41230.0	26980.0	0.2041	1.0
beta1m_sess[119,1]	0.8205	0.001288	0.2522	0.2503	0.3696	0.8045	1.353	36890.0	26420.0	0.1826	1.0
beta1m_sess[119,2]	1.225	0.002638	0.4487	0.4465	0.4127	1.206	2.174	27070.0	21350.0	0.134	1.0
beta1m_sess[120,1]	0.5403	0.001335	0.3001	0.2662	0.1317	0.4814	1.273	49300.0	28390.0	0.244	1.0
beta1m_sess[120,2]	0.4828	0.001827	0.3803	0.2802	0.06833	0.381	1.485	44650.0	29170.0	0.221	1.0
beta1m_sess[121,1]	0.8336	0.002133	0.4393	0.3965	0.2099	0.7603	1.888	40260.0	27890.0	0.1993	1.0
beta1m_sess[121,2]	0.6903	0.002277	0.4647	0.3895	0.1182	0.5862	1.875	40000.0	28530.0	0.198	1.0
beta1m_sess[122,1]	1.27	0.002977	0.6233	0.6017	0.3233	1.188	2.712	37710.0	23150.0	0.1867	1.0
beta1m_sess[122,2]	1.047	0.002416	0.5577	0.5591	0.198	0.9721	2.3	43200.0	23990.0	0.2138	1.0
beta1m_sess[123,1]	0.5743	0.001457	0.3236	0.2883	0.1348	0.5115	1.365	48380.0	27280.0	0.2395	1.0
beta1m_sess[123,2]	0.414	0.001191	0.2756	0.2357	0.06988	0.3509	1.12	52060.0	28190.0	0.2577	1.0
beta1m_sess[124,1]	2.105	0.002185	0.4724	0.4629	1.256	2.076	3.109	45020.0	29360.0	0.2228	1.0
beta1m_sess[124,2]	2.047	0.002058	0.4808	0.476	1.172	2.026	3.056	52480.0	29200.0	0.2598	1.0
beta1m_sess[125,1]	2.313	0.002194	0.5012	0.4991	1.391	2.291	3.358	50280.0	27020.0	0.2489	1.0
beta1m_sess[125,2]	2.713	0.003109	0.6899	0.6677	1.501	2.665	4.195	46770.0	27850.0	0.2315	1.0
beta1m_sess[126,1]	2.118	0.00244	0.4512	0.4487	1.282	2.097	3.055	34010.0	32450.0	0.1684	1.0
beta1m_sess[126,2]	3.651	0.004535	0.8606	0.8443	2.157	3.581	5.507	35020.0	31450.0	0.1733	1.0
beta1m_sess[127,1]	1.162	0.00168	0.3698	0.3657	0.5058	1.139	1.953	44620.0	23630.0	0.2209	1.0
beta1m_sess[127,2]	0.9424	0.001497	0.3434	0.3477	0.3395	0.9202	1.662	47610.0	24640.0	0.2357	1.0
beta1m_sess[128,1]	0.5455	0.0009782	0.2221	0.22	0.1822	0.5233	1.043	46500.0	26070.0	0.2302	1.0
beta1m_sess[128,2]	0.4388	0.0009873	0.2254	0.221	0.1001	0.407	0.9593	44730.0	26090.0	0.2214	1.0
beta1m_sess[129,1]	3.005	0.002022	0.47	0.4649	2.156	2.98	4.002	53760.0	32670.0	0.2661	1.0
beta1m_sess[129,2]	3.04	0.00228	0.5452	0.5425	2.044	3.017	4.174	56510.0	32210.0	0.2797	1.0
beta1m_sess[130,1]	0.3061	0.0007965	0.1453	0.1353	0.09053	0.2831	0.6511	32280.0	25870.0	0.1598	1.0
beta1m_sess[130,2]	0.2179	0.000856	0.1426	0.1177	0.04204	0.1866	0.5828	28750.0	28150.0	0.1423	1.0
beta1m_sess[131,1]	0.4078	0.0009511	0.2082	0.1913	0.1104	0.3721	0.9094	46990.0	28600.0	0.2326	1.0
beta1m_sess[131,2]	0.2645	0.0007082	0.1582	0.1413	0.05343	0.2328	0.6518	47830.0	27180.0	0.2367	1.0
beta1m_sess[132,1]	0.708	0.001301	0.2833	0.2858	0.2271	0.685	1.321	42580.0	25140.0	0.2108	1.0
beta1m_sess[132,2]	0.4773	0.001131	0.2384	0.2288	0.1212	0.4438	1.032	39760.0	26480.0	0.1968	1.0
beta1m_sess[133,1]	0.9931	0.003286	0.6561	0.5146	0.2037	0.8416	2.686	40930.0	30900.0	0.2026	1.0
beta1m_sess[133,2]	0.7378	0.002567	0.543	0.4243	0.1098	0.6063	2.131	44410.0	28770.0	0.2198	1.0
beta1m_sess[134,1]	2.422	0.002419	0.5463	0.5426	1.433	2.395	3.569	49380.0	29240.0	0.2444	1.0
beta1m_sess[134,2]	2.721	0.002605	0.6467	0.6401	1.544	2.693	4.084	59540.0	30100.0	0.2947	1.0
beta1m_sess[135,1]	1.305	0.003073	0.5603	0.5443	0.3964	1.244	2.576	30770.0	24470.0	0.1523	1.0
beta1m_sess[135,2]	0.8742	0.001822	0.3958	0.3914	0.2339	0.8313	1.755	41170.0	25040.0	0.2038	1.0
beta1m_sess[136,1]	0.8179	0.002275	0.5	0.4349	0.1767	0.7097	2.066	49660.0	31040.0	0.2458	1.0
beta1m_sess[136,2]	0.688	0.002385	0.5268	0.4086	0.09533	0.5497	2.072	50110.0	30790.0	0.248	1.0
beta1m_sess[137,1]	1.53	0.001984	0.4476	0.4439	0.7302	1.504	2.487	48100.0	26570.0	0.2381	1.0
beta1m_sess[137,2]	1.574	0.002647	0.5834	0.5729	0.5593	1.53	2.842	43790.0	23870.0	0.2167	1.0
beta1m_sess[138,1]	0.9951	0.002269	0.5023	0.4866	0.2431	0.9201	2.145	43190.0	26400.0	0.2138	1.0
beta1m_sess[138,2]	0.859	0.002375	0.5305	0.4878	0.1439	0.758	2.152	43060.0	24870.0	0.2131	1.0
beta1m_sess[139,1]	0.5255	0.001099	0.2537	0.2451	0.144	0.4892	1.11	48840.0	28530.0	0.2417	1.0
beta1m_sess[139,2]	0.4498	0.001442	0.308	0.2541	0.07467	0.3769	1.246	43280.0	27240.0	0.2142	1.0
beta1m_sess[140,1]	0.5729	0.001458	0.3292	0.2892	0.1344	0.5048	1.393	51060.0	28790.0	0.2528	1.0
beta1m_sess[140,2]	0.4293	0.001321	0.2992	0.2444	0.06966	0.3554	1.192	49980.0	27970.0	0.2474	1.0
beta1m_sess[141,1]	0.6192	0.001564	0.3288	0.3043	0.1542	0.5622	1.407	41590.0	27820.0	0.2059	1.0
beta1m_sess[141,2]	0.3901	0.0009842	0.225	0.2088	0.07966	0.3485	0.9364	48840.0	28770.0	0.2417	1.0
beta1t_sess[1,1]	2.55	0.003717	0.7573	0.7515	1.212	2.505	4.155	38850.0	28380.0	0.1923	1.0
beta1t_sess[1,2]	1.866	0.002791	0.5824	0.5802	0.8676	1.819	3.135	41490.0	27870.0	0.2054	1.0
beta1t_sess[2,1]	2.604	0.004363	0.9034	0.9123	1.035	2.544	4.53	40770.0	28120.0	0.2018	1.0
beta1t_sess[2,2]	1.577	0.0031	0.6206	0.5706	0.6366	1.486	3.031	40180.0	28930.0	0.1989	1.0
beta1t_sess[3,1]	1.688	0.002388	0.5122	0.505	0.8037	1.65	2.791	44330.0	27540.0	0.2194	1.0
beta1t_sess[3,2]	1.712	0.002389	0.5128	0.5036	0.8282	1.669	2.831	44050.0	27680.0	0.2181	1.0
beta1t_sess[4,1]	1.807	0.003032	0.5784	0.5317	0.8836	1.742	3.12	37970.0	31680.0	0.1879	1.0
beta1t_sess[4,2]	5.896	0.01747	2.545	2.291	2.122	5.524	11.86	18960.0	22990.0	0.09384	1.0
beta1t_sess[5,1]	1.721	0.003658	0.6193	0.6106	0.6778	1.662	3.092	27730.0	27410.0	0.1373	1.0
beta1t_sess[5,2]	1.233	0.001673	0.3732	0.3713	0.5922	1.205	2.044	47780.0	29260.0	0.2365	1.0
beta1t_sess[6,1]	0.9186	0.001316	0.2823	0.2787	0.4371	0.895	1.534	44510.0	31520.0	0.2203	1.0
beta1t_sess[6,2]	1.707	0.00276	0.5237	0.5213	0.805	1.666	2.842	35160.0	29930.0	0.174	1.0
beta1t_sess[7,1]	10.95	0.0251	4.404	3.862	4.384	10.29	21.48	28610.0	27080.0	0.1416	1.0
beta1t_sess[7,2]	4.272	0.005308	1.141	1.125	2.257	4.201	6.72	45250.0	31810.0	0.224	1.0
beta1t_sess[8,1]	3.593	0.00388	0.7698	0.7655	2.191	3.553	5.216	38810.0	29350.0	0.1921	1.0
beta1t_sess[8,2]	1.966	0.001697	0.3925	0.3917	1.236	1.953	2.769	52720.0	30860.0	0.2609	1.0
beta1t_sess[9,1]	2.557	0.003862	0.8446	0.8353	1.111	2.49	4.391	44930.0	26210.0	0.2224	1.0
beta1t_sess[9,2]	1.975	0.002961	0.644	0.6314	0.8975	1.916	3.394	45260.0	28940.0	0.224	1.0
beta1t_sess[10,1]	1.325	0.002137	0.4706	0.4645	0.5463	1.275	2.368	45560.0	28100.0	0.2255	1.0
beta1t_sess[10,2]	1.401	0.002276	0.4521	0.442	0.642	1.359	2.4	37960.0	28910.0	0.1879	1.0
beta1t_sess[11,1]	1.488	0.001654	0.3622	0.3612	0.8296	1.471	2.243	46410.0	28400.0	0.2297	1.0
beta1t_sess[11,2]	1.204	0.001547	0.3195	0.3172	0.635	1.186	1.881	41680.0	27800.0	0.2063	1.0
beta1t_sess[12,1]	1.241	0.003661	0.7158	0.5623	0.3585	1.083	3.063	43570.0	29980.0	0.2157	1.0
beta1t_sess[12,2]	1.145	0.00271	0.5357	0.4638	0.4023	1.046	2.459	41520.0	32140.0	0.2055	1.0
beta1t_sess[13,1]	3.171	0.007256	1.33	1.153	1.254	2.953	6.397	32970.0	28550.0	0.1632	1.0
beta1t_sess[13,2]	3.375	0.006333	1.199	1.17	1.37	3.266	6.001	33870.0	26780.0	0.1677	1.0
beta1t_sess[14,1]	3.313	0.003048	0.7314	0.7238	1.999	3.272	4.862	56000.0	31320.0	0.2772	0.9999
beta1t_sess[14,2]	2.793	0.003334	0.6477	0.6358	1.64	2.753	4.177	37180.0	29760.0	0.184	1.0
beta1t_sess[15,1]	2.129	0.003152	0.6734	0.6776	0.9389	2.092	3.554	43870.0	28450.0	0.2171	1.0
beta1t_sess[15,2]	2.222	0.003666	0.73	0.7266	0.9749	2.164	3.812	38000.0	27440.0	0.1881	1.0
beta1t_sess[16,1]	2.159	0.002599	0.5768	0.5748	1.121	2.129	3.38	47740.0	29310.0	0.2363	1.0
beta1t_sess[16,2]	2.456	0.003361	0.6637	0.6589	1.292	2.413	3.887	37610.0	26530.0	0.1862	1.0
beta1t_sess[17,1]	1.458	0.00237	0.465	0.4703	0.6397	1.428	2.451	37490.0	29080.0	0.1856	1.0
beta1t_sess[17,2]	0.9903	0.001573	0.3255	0.3145	0.4583	0.9544	1.725	42350.0	32190.0	0.2096	1.0
beta1t_sess[18,1]	3.3	0.003965	0.893	0.8744	1.724	3.239	5.22	48730.0	29530.0	0.2412	1.0
beta1t_sess[18,2]	2.468	0.003258	0.7036	0.6982	1.255	2.416	3.992	44470.0	28050.0	0.2201	1.0
beta1t_sess[19,1]	3.731	0.005142	1.124	1.074	1.88	3.608	6.261	47090.0	31500.0	0.2331	1.0
beta1t_sess[19,2]	2.044	0.002746	0.5835	0.5729	1.048	1.996	3.325	44010.0	30810.0	0.2178	1.0
beta1t_sess[20,1]	2.578	0.003675	0.7499	0.7393	1.265	2.528	4.182	40090.0	26840.0	0.1984	1.0
beta1t_sess[20,2]	2.376	0.003459	0.684	0.6708	1.204	2.323	3.874	38340.0	29610.0	0.1898	1.0
beta1t_sess[21,1]	2.423	0.003468	0.682	0.6812	1.212	2.378	3.874	37570.0	27970.0	0.186	1.0
beta1t_sess[21,2]	1.747	0.002371	0.4998	0.4972	0.8703	1.712	2.819	42990.0	29610.0	0.2128	1.0
beta1t_sess[22,1]	1.622	0.002364	0.4747	0.4723	0.7786	1.593	2.634	39100.0	30720.0	0.1936	1.0
beta1t_sess[22,2]	1.401	0.002401	0.4749	0.4563	0.6267	1.346	2.469	38430.0	29770.0	0.1902	1.0
beta1t_sess[23,1]	3.37	0.005352	0.9517	0.9507	1.677	3.305	5.386	30550.0	26020.0	0.1512	1.0
beta1t_sess[23,2]	2.548	0.002871	0.6363	0.6285	1.435	2.504	3.926	47820.0	31190.0	0.2367	1.0
beta1t_sess[24,1]	0.8961	0.00193	0.3943	0.3597	0.317	0.8349	1.842	42390.0	31660.0	0.2098	1.0
beta1t_sess[24,2]	1.154	0.002129	0.4585	0.4448	0.428	1.097	2.203	45510.0	31450.0	0.2253	1.0
beta1t_sess[25,1]	2.033	0.006062	1.146	0.8966	0.6065	1.779	4.917	38550.0	30710.0	0.1908	1.0
beta1t_sess[25,2]	1.933	0.004097	0.8135	0.6827	0.7798	1.799	3.912	42760.0	31210.0	0.2116	1.0
beta1t_sess[26,1]	3.367	0.00473	0.9995	0.9768	1.665	3.277	5.562	43280.0	29940.0	0.2142	1.0
beta1t_sess[26,2]	1.596	0.00186	0.4219	0.4234	0.843	1.569	2.486	50580.0	32700.0	0.2503	1.0
beta1t_sess[27,1]	3.631	0.003119	0.6635	0.6522	2.456	3.589	5.059	45360.0	31450.0	0.2245	1.0
beta1t_sess[27,2]	3.483	0.002803	0.6549	0.6269	2.339	3.435	4.916	54700.0	31270.0	0.2708	1.0
beta1t_sess[28,1]	1.244	0.002001	0.4059	0.4022	0.5633	1.204	2.134	40350.0	30020.0	0.1997	1.0
beta1t_sess[28,2]	1.621	0.002095	0.4364	0.4365	0.8392	1.599	2.535	42760.0	30120.0	0.2117	1.0
beta1t_sess[29,1]	1.12	0.001981	0.413	0.4028	0.4473	1.074	2.05	42940.0	30080.0	0.2126	1.0
beta1t_sess[29,2]	1.391	0.00234	0.4826	0.4778	0.5823	1.346	2.459	41470.0	30160.0	0.2053	1.0
beta1t_sess[30,1]	6.488	0.01232	2.418	2.174	2.916	6.122	12.23	38950.0	30680.0	0.1928	1.0
beta1t_sess[30,2]	3.098	0.004444	0.9098	0.8845	1.556	3.018	5.116	41610.0	31560.0	0.206	1.0
beta1t_sess[31,1]	2.239	0.002658	0.5655	0.5571	1.218	2.209	3.427	43790.0	28190.0	0.2167	1.0
beta1t_sess[31,2]	2.441	0.002803	0.5644	0.5626	1.414	2.416	3.625	39570.0	28740.0	0.1959	1.0
beta1t_sess[32,1]	0.74	0.001118	0.2667	0.2627	0.3055	0.7122	1.333	55280.0	30250.0	0.2736	1.0
beta1t_sess[32,2]	1.214	0.002177	0.4503	0.4425	0.4809	1.164	2.225	41570.0	31080.0	0.2058	1.0
beta1t_sess[33,1]	0.8186	0.001972	0.3569	0.3097	0.3033	0.7644	1.661	36560.0	28100.0	0.181	1.0
beta1t_sess[33,2]	0.8857	0.001695	0.3471	0.3286	0.3492	0.839	1.689	42100.0	30860.0	0.2084	1.0
beta1t_sess[34,1]	1.9	0.002211	0.4883	0.483	1.024	1.871	2.937	47260.0	29580.0	0.2339	1.0
beta1t_sess[34,2]	2.694	0.003131	0.6634	0.6551	1.499	2.657	4.098	43590.0	27920.0	0.2157	1.0
beta1t_sess[35,1]	1.744	0.004837	0.8294	0.7097	0.6062	1.597	3.744	29390.0	28120.0	0.1455	0.9999
beta1t_sess[35,2]	1.85	0.003682	0.7062	0.6388	0.7675	1.754	3.502	37140.0	30570.0	0.1838	1.0
beta1t_sess[36,1]	1.764	0.002467	0.544	0.547	0.8026	1.729	2.924	45900.0	27550.0	0.2272	1.0
beta1t_sess[36,2]	1.981	0.002834	0.5794	0.5738	0.963	1.942	3.222	40400.0	27780.0	0.2	1.0
beta1t_sess[37,1]	1.9	0.002443	0.5187	0.5185	0.9774	1.87	2.993	43250.0	26680.0	0.2141	1.0
beta1t_sess[37,2]	1.589	0.001638	0.3761	0.3718	0.902	1.572	2.375	51250.0	28600.0	0.2537	1.0
beta1t_sess[38,1]	1.817	0.001908	0.4352	0.4324	1.03	1.797	2.725	50480.0	30640.0	0.2498	1.0
beta1t_sess[38,2]	2.535	0.002924	0.6041	0.6002	1.45	2.499	3.812	41400.0	28080.0	0.2049	1.0
beta1t_sess[39,1]	2.052	0.005439	1.076	0.9043	0.6155	1.845	4.673	40600.0	28960.0	0.201	1.0
beta1t_sess[39,2]	1.694	0.003007	0.672	0.6347	0.6404	1.608	3.236	48950.0	29830.0	0.2423	1.0
beta1t_sess[40,1]	1.565	0.001857	0.3855	0.384	0.8824	1.541	2.391	41730.0	29600.0	0.2065	1.0
beta1t_sess[40,2]	2.545	0.002703	0.5785	0.5715	1.509	2.51	3.772	45120.0	30250.0	0.2233	1.0
beta1t_sess[41,1]	2.069	0.003028	0.5873	0.585	1.013	2.041	3.31	36540.0	27960.0	0.1809	1.0
beta1t_sess[41,2]	1.134	0.001916	0.3563	0.343	0.5474	1.096	1.934	34710.0	31390.0	0.1718	1.0
beta1t_sess[42,1]	3.244	0.003865	0.8814	0.8604	1.724	3.174	5.183	51270.0	31370.0	0.2538	1.0
beta1t_sess[42,2]	3.657	0.004807	1.003	0.9911	1.929	3.575	5.866	42330.0	29800.0	0.2096	1.0
beta1t_sess[43,1]	3.56	0.004436	0.9313	0.9241	1.875	3.511	5.539	42960.0	27990.0	0.2126	1.0
beta1t_sess[43,2]	3.426	0.005098	1.025	1.014	1.643	3.347	5.634	38270.0	26540.0	0.1895	1.0
beta1t_sess[44,1]	1.15	0.003515	0.6723	0.5168	0.3336	0.9975	2.843	40490.0	29920.0	0.2004	1.0
beta1t_sess[44,2]	1.074	0.002483	0.4918	0.4237	0.3848	0.9867	2.254	42290.0	31940.0	0.2093	1.0
beta1t_sess[45,1]	4.249	0.005215	1.013	0.9504	2.487	4.173	6.456	38340.0	31300.0	0.1898	1.0
beta1t_sess[45,2]	4.472	0.005709	1.162	1.123	2.472	4.382	6.999	40660.0	29440.0	0.2013	1.0
beta1t_sess[46,1]	6.214	0.01047	2.096	2.029	2.665	6.039	10.89	38570.0	28850.0	0.1909	1.0
beta1t_sess[46,2]	7.182	0.01849	3.229	2.812	2.582	6.645	14.93	28660.0	25130.0	0.1419	0.9999
beta1t_sess[47,1]	10.09	0.02375	4.373	3.624	3.978	9.296	20.76	31770.0	27490.0	0.1573	1.0
beta1t_sess[47,2]	6.799	0.01223	2.367	2.252	2.929	6.543	12.15	35040.0	27360.0	0.1734	1.0
beta1t_sess[48,1]	3.516	0.005314	1.041	1.021	1.716	3.446	5.774	36770.0	28050.0	0.182	1.0
beta1t_sess[48,2]	2.282	0.002488	0.5768	0.5744	1.24	2.253	3.493	51990.0	28390.0	0.2573	1.0
beta1t_sess[49,1]	3.397	0.003876	0.8345	0.8229	1.892	3.351	5.173	44890.0	30340.0	0.2222	1.0
beta1t_sess[49,2]	2.559	0.002441	0.5694	0.5661	1.513	2.533	3.749	52900.0	28730.0	0.2619	1.0
beta1t_sess[50,1]	1.867	0.006223	1.231	0.8855	0.4818	1.571	5.006	50620.0	30890.0	0.2506	1.0
beta1t_sess[50,2]	1.922	0.005434	1.131	0.8708	0.5534	1.668	4.818	51890.0	29690.0	0.2568	1.0
beta1t_sess[51,1]	1.761	0.004604	0.9236	0.7879	0.5219	1.58	4.049	42040.0	31450.0	0.2081	1.0
beta1t_sess[51,2]	1.448	0.003392	0.6895	0.5962	0.4941	1.325	3.128	43470.0	30850.0	0.2152	1.0
beta1t_sess[52,1]	2.098	0.001963	0.4911	0.4799	1.233	2.064	3.159	59870.0	30110.0	0.2963	1.0
beta1t_sess[52,2]	2.317	0.003326	0.6923	0.6534	1.181	2.242	3.873	41430.0	27780.0	0.2051	1.0
beta1t_sess[53,1]	4.293	0.005615	1.225	1.047	2.505	4.099	7.203	55730.0	31040.0	0.2758	1.0
beta1t_sess[53,2]	2.34	0.002606	0.5489	0.5371	1.372	2.303	3.519	43870.0	31200.0	0.2171	1.0
beta1t_sess[54,1]	1.406	0.002093	0.4488	0.4467	0.635	1.372	2.386	43010.0	27410.0	0.2129	1.0
beta1t_sess[54,2]	1.284	0.001461	0.3375	0.3337	0.6808	1.265	1.999	52090.0	30960.0	0.2578	1.0
beta1t_sess[55,1]	2.069	0.001806	0.4174	0.4154	1.3	2.051	2.933	52030.0	30740.0	0.2575	1.0
beta1t_sess[55,2]	2.487	0.002099	0.4815	0.4751	1.614	2.461	3.505	51680.0	31480.0	0.2558	1.0
beta1t_sess[56,1]	1.232	0.001587	0.3787	0.3755	0.5696	1.204	2.044	55200.0	29900.0	0.2732	1.0
beta1t_sess[56,2]	1.835	0.003122	0.6297	0.6197	0.7888	1.774	3.223	38610.0	28350.0	0.1911	1.0
beta1t_sess[57,1]	1.234	0.001649	0.3357	0.3329	0.6401	1.211	1.951	39880.0	30960.0	0.1974	1.0
beta1t_sess[57,2]	1.532	0.001565	0.3508	0.3472	0.8874	1.515	2.264	48850.0	29190.0	0.2418	1.0
beta1t_sess[58,1]	1.637	0.00478	0.9654	0.7466	0.4579	1.419	4.115	46120.0	31380.0	0.2283	1.0
beta1t_sess[58,2]	1.592	0.004344	0.8513	0.6902	0.503	1.414	3.712	42810.0	28270.0	0.2119	1.0
beta1t_sess[59,1]	0.8511	0.001305	0.2893	0.2849	0.3688	0.8237	1.505	47650.0	31020.0	0.2359	1.0
beta1t_sess[59,2]	1.089	0.00174	0.3776	0.3721	0.4691	1.049	1.925	45340.0	29410.0	0.2244	1.0
beta1t_sess[60,1]	2.282	0.002155	0.489	0.4876	1.376	2.263	3.286	50090.0	27990.0	0.2479	1.0
beta1t_sess[60,2]	2.173	0.003346	0.5978	0.5957	1.126	2.134	3.436	30640.0	26450.0	0.1517	1.0
beta1t_sess[61,1]	0.723	0.001132	0.2543	0.2478	0.3056	0.6973	1.285	49840.0	29720.0	0.2467	1.0
beta1t_sess[61,2]	1.046	0.001681	0.3648	0.3591	0.4409	1.01	1.856	45080.0	30160.0	0.2231	1.0
beta1t_sess[62,1]	1.402	0.003088	0.6055	0.5458	0.5145	1.306	2.86	38350.0	31760.0	0.1898	1.0
beta1t_sess[62,2]	2.025	0.003984	0.7899	0.7767	0.7636	1.934	3.817	37770.0	28840.0	0.187	1.0
beta1t_sess[63,1]	1.714	0.00231	0.5064	0.505	0.8249	1.68	2.794	45640.0	26270.0	0.2259	0.9999
beta1t_sess[63,2]	1.484	0.001971	0.4162	0.4116	0.7528	1.456	2.375	43140.0	30190.0	0.2135	1.0
beta1t_sess[64,1]	4.574	0.004565	1.032	1.012	2.736	4.507	6.786	51110.0	34360.0	0.253	1.0
beta1t_sess[64,2]	8.059	0.01955	3.183	2.843	3.313	7.582	15.56	24010.0	24410.0	0.1189	1.0
beta1t_sess[65,1]	1.785	0.005225	1.06	0.8214	0.5031	1.545	4.503	47930.0	31660.0	0.2372	1.0
beta1t_sess[65,2]	1.788	0.004601	0.9185	0.7471	0.5855	1.6	4.058	44130.0	31400.0	0.2184	1.0
beta1t_sess[66,1]	1.612	0.00391	0.7491	0.6525	0.5644	1.478	3.437	37470.0	30680.0	0.1855	1.0
beta1t_sess[66,2]	2.081	0.003382	0.7015	0.6886	0.8948	2.019	3.628	42260.0	31710.0	0.2092	1.0
beta1t_sess[67,1]	1.38	0.004273	0.8307	0.6355	0.3856	1.186	3.531	42920.0	30680.0	0.2125	1.0
beta1t_sess[67,2]	1.161	0.002608	0.5294	0.4612	0.415	1.069	2.452	43010.0	31870.0	0.2129	1.0
beta1t_sess[68,1]	1.808	0.005397	1.062	0.8276	0.5104	1.566	4.532	46530.0	29830.0	0.2303	1.0
beta1t_sess[68,2]	1.916	0.004139	0.9085	0.7936	0.6354	1.753	4.14	49520.0	29590.0	0.2451	1.0
beta1t_sess[69,1]	2.559	0.005301	1.039	0.9804	0.9693	2.41	4.968	37330.0	28630.0	0.1848	1.0
beta1t_sess[69,2]	2.84	0.003674	0.8144	0.8053	1.395	2.79	4.582	47540.0	30010.0	0.2353	1.0
beta1t_sess[70,1]	1.888	0.003995	0.7152	0.6675	0.7832	1.793	3.556	31020.0	26950.0	0.1535	1.0
beta1t_sess[70,2]	2.06	0.002694	0.546	0.541	1.079	2.032	3.216	40130.0	28150.0	0.1986	1.0
beta1t_sess[71,1]	1.516	0.003284	0.6434	0.5735	0.5691	1.417	3.037	39420.0	31120.0	0.1951	1.0
beta1t_sess[71,2]	1.674	0.003607	0.6993	0.6436	0.6267	1.57	3.32	38210.0	30470.0	0.1891	1.0
beta1t_sess[72,1]	1.78	0.00513	0.9274	0.768	0.568	1.595	4.133	31570.0	28040.0	0.1562	1.0
beta1t_sess[72,2]	2.423	0.004223	0.853	0.8229	1.019	2.334	4.346	38620.0	28200.0	0.1912	1.0
beta1t_sess[73,1]	1.324	0.002292	0.4968	0.4924	0.5111	1.272	2.431	45590.0	30040.0	0.2257	1.0
beta1t_sess[73,2]	1.128	0.001903	0.3972	0.3849	0.4752	1.087	2.01	42730.0	30140.0	0.2115	1.0
beta1t_sess[74,1]	3.115	0.004283	0.8789	0.8452	1.611	3.043	5.032	41540.0	30560.0	0.2056	1.0
beta1t_sess[74,2]	2.547	0.004656	0.8746	0.8158	1.163	2.435	4.595	34270.0	29710.0	0.1696	1.0
beta1t_sess[75,1]	1.644	0.00421	0.7384	0.64	0.6091	1.512	3.432	31610.0	33370.0	0.1564	1.0
beta1t_sess[75,2]	5.225	0.01423	2.145	1.931	1.868	4.968	10.18	21060.0	23510.0	0.1043	1.0
beta1t_sess[76,1]	2.139	0.002656	0.572	0.5712	1.111	2.11	3.341	45430.0	29200.0	0.2249	1.0
beta1t_sess[76,2]	2.853	0.003083	0.6773	0.6751	1.619	2.822	4.267	46590.0	28120.0	0.2306	1.0
beta1t_sess[77,1]	2.243	0.002793	0.6209	0.6006	1.182	2.194	3.604	48680.0	31410.0	0.241	1.0
beta1t_sess[77,2]	1.951	0.002865	0.5874	0.57	0.9644	1.895	3.253	41280.0	29470.0	0.2043	1.0
beta1t_sess[78,1]	1.881	0.002497	0.5202	0.5034	0.9918	1.837	3.022	43110.0	30250.0	0.2134	1.0
beta1t_sess[78,2]	2.186	0.002651	0.5638	0.5475	1.218	2.141	3.422	44870.0	30030.0	0.2221	1.0
beta1t_sess[79,1]	1.204	0.001765	0.3622	0.3548	0.5745	1.176	1.994	40890.0	30160.0	0.2024	1.0
beta1t_sess[79,2]	1.289	0.001678	0.3808	0.3731	0.632	1.26	2.117	49430.0	28270.0	0.2447	1.0
beta1t_sess[80,1]	1.093	0.001376	0.2989	0.2975	0.5659	1.076	1.73	45870.0	29750.0	0.2271	1.0
beta1t_sess[80,2]	1.434	0.001723	0.3627	0.3616	0.7778	1.415	2.195	43360.0	29230.0	0.2146	1.0
beta1t_sess[81,1]	1.263	0.00198	0.4158	0.4108	0.5633	1.226	2.185	43640.0	30020.0	0.216	1.0
beta1t_sess[81,2]	2.264	0.003657	0.6835	0.6858	1.054	2.224	3.697	34010.0	28800.0	0.1684	1.0
beta1t_sess[82,1]	3.642	0.005094	1.023	1.025	1.81	3.593	5.785	39000.0	28210.0	0.193	1.0
beta1t_sess[82,2]	2.748	0.003577	0.7399	0.7341	1.435	2.698	4.333	41230.0	27700.0	0.2041	1.0
beta1t_sess[83,1]	1.156	0.001761	0.3629	0.3597	0.5394	1.124	1.953	40920.0	29980.0	0.2025	1.0
beta1t_sess[83,2]	1.218	0.001449	0.3382	0.3326	0.623	1.195	1.942	52640.0	30770.0	0.2606	1.0
beta1t_sess[84,1]	2.062	0.002309	0.5046	0.5075	1.125	2.044	3.112	46340.0	27610.0	0.2294	1.0
beta1t_sess[84,2]	3.725	0.008011	1.334	1.306	1.552	3.582	6.692	25730.0	23830.0	0.1274	1.0
beta1t_sess[85,1]	1.939	0.001893	0.444	0.4378	1.134	1.915	2.883	53820.0	31690.0	0.2664	1.0
beta1t_sess[85,2]	2.637	0.003351	0.6667	0.6594	1.444	2.599	4.052	38370.0	27440.0	0.1899	1.0
beta1t_sess[86,1]	1.211	0.001847	0.4087	0.4044	0.5102	1.175	2.104	46780.0	28780.0	0.2316	1.0
beta1t_sess[86,2]	0.9806	0.001582	0.3336	0.3274	0.4275	0.947	1.722	42990.0	27910.0	0.2128	1.0
beta1t_sess[87,1]	1.256	0.002881	0.5682	0.5012	0.4338	1.161	2.629	40520.0	31820.0	0.2006	1.0
beta1t_sess[87,2]	1.438	0.003321	0.6474	0.5629	0.5234	1.329	3.001	39970.0	30640.0	0.1979	1.0
beta1t_sess[88,1]	1.871	0.005847	1.207	0.8775	0.4895	1.581	4.937	51770.0	31480.0	0.2563	1.0
beta1t_sess[88,2]	1.93	0.005399	1.121	0.8601	0.5691	1.674	4.78	53310.0	31940.0	0.2639	1.0
beta1t_sess[89,1]	2.137	0.002356	0.5403	0.5378	1.164	2.11	3.283	50960.0	28700.0	0.2523	1.0
beta1t_sess[89,2]	2.114	0.003112	0.6289	0.6213	1.029	2.061	3.478	39120.0	26040.0	0.1936	1.0
beta1t_sess[90,1]	6.418	0.01134	2.14	2.022	2.996	6.158	11.32	34080.0	30020.0	0.1687	1.0
beta1t_sess[90,2]	3.644	0.004624	0.9825	0.9815	1.894	3.594	5.718	43680.0	30160.0	0.2162	1.0
beta1t_sess[91,1]	1.065	0.00287	0.5636	0.461	0.332	0.9452	2.47	40440.0	30680.0	0.2002	1.0
beta1t_sess[91,2]	1.222	0.00288	0.5807	0.504	0.4137	1.114	2.636	42390.0	33290.0	0.2098	0.9999
beta1t_sess[92,1]	2.069	0.004955	0.6633	0.5773	1.077	1.969	3.678	19530.0	21950.0	0.09669	1.0
beta1t_sess[92,2]	1.888	0.002346	0.4871	0.4873	1.024	1.859	2.915	42110.0	30640.0	0.2084	1.0
beta1t_sess[93,1]	2.789	0.002313	0.5616	0.551	1.792	2.752	3.993	58700.0	31610.0	0.2906	1.0
beta1t_sess[93,2]	3.721	0.003918	0.8682	0.8189	2.297	3.626	5.689	49810.0	31230.0	0.2465	1.0
beta1t_sess[94,1]	2.038	0.001893	0.4264	0.4204	1.254	2.019	2.925	50350.0	33150.0	0.2492	1.0
beta1t_sess[94,2]	1.114	0.002658	0.3912	0.3469	0.5258	1.059	2.046	23340.0	23240.0	0.1155	1.0
beta1t_sess[95,1]	1.981	0.002284	0.488	0.4817	1.104	1.951	3.006	44030.0	29020.0	0.2179	1.0
beta1t_sess[95,2]	1.893	0.00243	0.4872	0.4812	1.038	1.858	2.945	38770.0	29700.0	0.1919	1.0
beta1t_sess[96,1]	1.476	0.001892	0.4405	0.4403	0.7104	1.448	2.416	51870.0	28940.0	0.2567	1.0
beta1t_sess[96,2]	2.343	0.003313	0.6821	0.6831	1.134	2.303	3.785	40670.0	28000.0	0.2013	1.0
beta1t_sess[97,1]	4.143	0.005076	1.016	1.004	2.334	4.077	6.311	39130.0	29990.0	0.1937	1.0
beta1t_sess[97,2]	2.323	0.002358	0.5175	0.5067	1.385	2.293	3.42	47710.0	30540.0	0.2362	1.0
beta1t_sess[98,1]	1.14	0.001648	0.3731	0.3704	0.5004	1.109	1.95	48970.0	30210.0	0.2424	1.0
beta1t_sess[98,2]	1.103	0.001731	0.3619	0.3543	0.4961	1.068	1.899	42310.0	28680.0	0.2094	1.0
beta1t_sess[99,1]	2.02	0.002209	0.4894	0.4812	1.154	1.988	3.062	47620.0	28420.0	0.2357	1.0
beta1t_sess[99,2]	2.092	0.002087	0.4704	0.467	1.247	2.067	3.084	49610.0	29420.0	0.2455	1.0
beta1t_sess[100,1]	2.117	0.002817	0.5483	0.5432	1.136	2.088	3.291	36950.0	29440.0	0.1829	1.0
beta1t_sess[100,2]	2.839	0.002927	0.6356	0.6339	1.683	2.808	4.165	46190.0	29870.0	0.2286	1.0
beta1t_sess[101,1]	2.244	0.001866	0.4476	0.4469	1.409	2.229	3.165	56920.0	31680.0	0.2818	1.0
beta1t_sess[101,2]	1.692	0.002338	0.4566	0.4567	0.8876	1.662	2.663	36990.0	28110.0	0.1831	1.0
beta1t_sess[102,1]	1.8	0.003358	0.7052	0.6985	0.6546	1.73	3.374	41860.0	29480.0	0.2072	1.0
beta1t_sess[102,2]	1.445	0.003045	0.6183	0.5614	0.5475	1.344	2.915	42160.0	30370.0	0.2087	1.0
beta1t_sess[103,1]	1.53	0.002347	0.4816	0.4737	0.7029	1.494	2.579	40440.0	28040.0	0.2002	1.0
beta1t_sess[103,2]	0.9405	0.001187	0.2722	0.2675	0.4654	0.9212	1.532	51120.0	30810.0	0.253	1.0
beta1t_sess[104,1]	1.767	0.002112	0.4711	0.4703	0.924	1.74	2.755	47660.0	28380.0	0.2359	1.0
beta1t_sess[104,2]	1.997	0.002366	0.5142	0.5112	1.072	1.97	3.093	45270.0	27640.0	0.2241	1.0
beta1t_sess[105,1]	1.245	0.001312	0.3013	0.3008	0.6929	1.23	1.867	51170.0	29040.0	0.2533	1.0
beta1t_sess[105,2]	1.674	0.001934	0.404	0.3967	0.9631	1.648	2.547	42570.0	28540.0	0.2107	1.0
beta1t_sess[106,1]	1.157	0.001665	0.3874	0.3848	0.4956	1.125	2.002	52210.0	29280.0	0.2584	1.0
beta1t_sess[106,2]	1.364	0.001867	0.4169	0.4148	0.6406	1.33	2.264	47830.0	29090.0	0.2368	1.0
beta1t_sess[107,1]	1.336	0.002087	0.4554	0.4552	0.5525	1.302	2.32	44820.0	27190.0	0.2219	1.0
beta1t_sess[107,2]	1.198	0.001873	0.4009	0.3952	0.5283	1.159	2.091	43980.0	29410.0	0.2177	1.0
beta1t_sess[108,1]	2.137	0.003136	0.6234	0.6198	1.043	2.095	3.465	38090.0	26900.0	0.1885	1.0
beta1t_sess[108,2]	1.555	0.002076	0.4428	0.441	0.7796	1.525	2.504	44120.0	29320.0	0.2184	1.0
beta1t_sess[109,1]	1.558	0.002874	0.561	0.5287	0.6607	1.494	2.831	37540.0	29290.0	0.1858	1.0
beta1t_sess[109,2]	2.029	0.002852	0.5884	0.5783	0.991	1.99	3.292	41340.0	28630.0	0.2046	1.0
beta1t_sess[110,1]	1.784	0.002624	0.5305	0.5268	0.8516	1.748	2.928	39680.0	28200.0	0.1964	1.0
beta1t_sess[110,2]	2.309	0.003199	0.6664	0.6621	1.145	2.259	3.747	41120.0	27530.0	0.2036	1.0
beta1t_sess[111,1]	1.805	0.005189	0.9577	0.7706	0.5804	1.605	4.194	36040.0	29320.0	0.1784	1.0
beta1t_sess[111,2]	2.257	0.003355	0.7351	0.7028	1.016	2.193	3.892	46370.0	29290.0	0.2295	1.0
beta1t_sess[112,1]	1.546	0.002183	0.4976	0.4962	0.6895	1.506	2.625	49410.0	28220.0	0.2446	0.9999
beta1t_sess[112,2]	1.635	0.002376	0.5401	0.5281	0.7338	1.586	2.829	48700.0	28510.0	0.241	1.0
beta1t_sess[113,1]	1.306	0.001844	0.3811	0.3797	0.6229	1.285	2.109	41510.0	29710.0	0.2055	1.0
beta1t_sess[113,2]	0.9821	0.001302	0.2913	0.287	0.48	0.9597	1.614	47970.0	29760.0	0.2374	1.0
beta1t_sess[114,1]	2.185	0.003094	0.6452	0.6414	1.039	2.144	3.56	41380.0	27570.0	0.2048	1.0
beta1t_sess[114,2]	2.507	0.003184	0.6607	0.6546	1.312	2.475	3.896	41730.0	27750.0	0.2066	1.0
beta1t_sess[115,1]	1.637	0.002439	0.5049	0.4974	0.7746	1.596	2.74	42360.0	30450.0	0.2097	1.0
beta1t_sess[115,2]	1.789	0.003297	0.614	0.5863	0.7972	1.721	3.188	33880.0	28600.0	0.1677	1.0
beta1t_sess[116,1]	2.513	0.002295	0.5043	0.5037	1.585	2.492	3.562	47950.0	32660.0	0.2373	1.0
beta1t_sess[116,2]	4.811	0.004758	0.9643	0.9605	3.08	4.757	6.836	40620.0	33940.0	0.2011	1.0
beta1t_sess[117,1]	2.083	0.003377	0.6531	0.6499	0.9553	2.033	3.496	36600.0	29240.0	0.1811	1.0
beta1t_sess[117,2]	1.715	0.002658	0.5231	0.5174	0.8184	1.674	2.849	37070.0	26070.0	0.1835	1.0
beta1t_sess[118,1]	2.681	0.00274	0.641	0.6322	1.55	2.64	4.05	53280.0	30930.0	0.2637	1.0
beta1t_sess[118,2]	3.042	0.00396	0.825	0.8123	1.635	2.972	4.853	41100.0	28390.0	0.2034	1.0
beta1t_sess[119,1]	2.464	0.002716	0.5752	0.5685	1.455	2.422	3.696	43930.0	31160.0	0.2174	1.0
beta1t_sess[119,2]	1.987	0.002038	0.4337	0.4278	1.206	1.963	2.902	44490.0	31770.0	0.2202	1.0
beta1t_sess[120,1]	2.872	0.00365	0.7228	0.7048	1.61	2.813	4.431	39110.0	30680.0	0.1936	1.0
beta1t_sess[120,2]	2.935	0.005172	0.898	0.855	1.464	2.835	4.991	29150.0	28980.0	0.1443	1.0
beta1t_sess[121,1]	1.637	0.002405	0.5277	0.5172	0.7169	1.599	2.778	46150.0	28250.0	0.2285	1.0
beta1t_sess[121,2]	1.367	0.002504	0.504	0.4814	0.5655	1.303	2.538	38890.0	28520.0	0.1925	1.0
beta1t_sess[122,1]	2.907	0.005098	0.9708	0.9468	1.264	2.823	5.046	34260.0	27250.0	0.1696	1.0
beta1t_sess[122,2]	1.703	0.002372	0.5139	0.5053	0.8175	1.662	2.826	46060.0	30250.0	0.228	1.0
beta1t_sess[123,1]	1.211	0.002337	0.4999	0.4756	0.4407	1.142	2.369	44170.0	27570.0	0.2186	1.0
beta1t_sess[123,2]	1.424	0.002122	0.4811	0.48	0.603	1.385	2.474	48580.0	30360.0	0.2405	1.0
beta1t_sess[124,1]	1.038	0.001686	0.3501	0.3471	0.4467	1.007	1.803	41490.0	29240.0	0.2054	1.0
beta1t_sess[124,2]	0.9985	0.001353	0.3171	0.3154	0.4554	0.9734	1.69	52310.0	28040.0	0.2589	1.0
beta1t_sess[125,1]	2.109	0.002731	0.5648	0.5675	1.083	2.077	3.296	41440.0	29320.0	0.2051	1.0
beta1t_sess[125,2]	1.943	0.002565	0.537	0.5373	0.9975	1.909	3.08	42100.0	28180.0	0.2084	1.0
beta1t_sess[126,1]	1.989	0.002056	0.4899	0.4823	1.093	1.966	3.014	55090.0	30760.0	0.2727	1.0
beta1t_sess[126,2]	2.185	0.003666	0.6694	0.6515	1.059	2.123	3.658	32170.0	27020.0	0.1592	1.0
beta1t_sess[127,1]	1.885	0.001886	0.4289	0.4218	1.097	1.865	2.782	50140.0	29560.0	0.2482	1.0
beta1t_sess[127,2]	2.201	0.002553	0.5348	0.5207	1.259	2.164	3.353	41910.0	26850.0	0.2074	1.0
beta1t_sess[128,1]	1.063	0.001351	0.2935	0.2917	0.5418	1.044	1.686	45470.0	30230.0	0.2251	1.0
beta1t_sess[128,2]	1.341	0.001603	0.3438	0.3379	0.7283	1.318	2.078	45450.0	29620.0	0.2249	1.0
beta1t_sess[129,1]	1.04	0.00152	0.3368	0.3344	0.4637	1.013	1.776	47780.0	29890.0	0.2365	1.0
beta1t_sess[129,2]	1.29	0.001808	0.3882	0.3819	0.6254	1.256	2.143	44240.0	28880.0	0.219	1.0
beta1t_sess[130,1]	0.6741	0.0008789	0.2155	0.2126	0.3077	0.6562	1.145	58900.0	30000.0	0.2916	1.0
beta1t_sess[130,2]	0.9903	0.001692	0.3141	0.313	0.4293	0.9746	1.652	31960.0	23450.0	0.1582	1.0
beta1t_sess[131,1]	0.5485	0.001131	0.2311	0.2107	0.2046	0.5136	1.094	42330.0	31730.0	0.2095	1.0
beta1t_sess[131,2]	0.6203	0.0009393	0.2189	0.2167	0.2636	0.596	1.108	54190.0	30740.0	0.2683	1.0
beta1t_sess[132,1]	1.076	0.001639	0.3447	0.3348	0.4872	1.046	1.835	42250.0	30300.0	0.2091	1.0
beta1t_sess[132,2]	0.8766	0.001394	0.284	0.2782	0.4043	0.8493	1.501	40580.0	29920.0	0.2008	1.0
beta1t_sess[133,1]	1.426	0.0043	0.8169	0.6546	0.4096	1.245	3.473	39590.0	31630.0	0.196	1.0
beta1t_sess[133,2]	1.244	0.003474	0.6387	0.5303	0.4034	1.115	2.863	33620.0	32500.0	0.1664	1.0
beta1t_sess[134,1]	2.343	0.002884	0.6258	0.6233	1.233	2.307	3.68	45450.0	29860.0	0.225	1.0
beta1t_sess[134,2]	2.18	0.002494	0.5606	0.5505	1.199	2.145	3.403	48700.0	29190.0	0.2411	1.0
beta1t_sess[135,1]	1.79	0.002958	0.6126	0.6075	0.7433	1.737	3.124	40740.0	27240.0	0.2017	1.0
beta1t_sess[135,2]	1.261	0.001956	0.4221	0.4088	0.5626	1.218	2.205	45820.0	29400.0	0.2268	1.0
beta1t_sess[136,1]	2.541	0.003436	0.7005	0.6806	1.313	2.496	4.023	40870.0	28680.0	0.2023	1.0
beta1t_sess[136,2]	3.418	0.003709	0.8158	0.8028	1.938	3.382	5.125	47080.0	29530.0	0.233	1.0
beta1t_sess[137,1]	2.864	0.003297	0.74	0.7288	1.553	2.819	4.453	49060.0	30280.0	0.2429	1.0
beta1t_sess[137,2]	1.423	0.002127	0.4318	0.4241	0.687	1.385	2.37	40420.0	30760.0	0.2001	1.0
beta1t_sess[138,1]	2.483	0.003453	0.7245	0.7125	1.22	2.427	4.044	42740.0	30840.0	0.2116	1.0
beta1t_sess[138,2]	2.705	0.004074	0.8085	0.8075	1.301	2.645	4.444	37760.0	28620.0	0.1869	1.0
beta1t_sess[139,1]	1.108	0.001512	0.3534	0.3475	0.501	1.079	1.872	53910.0	31270.0	0.2668	1.0
beta1t_sess[139,2]	2.179	0.004222	0.7722	0.7585	0.9081	2.098	3.901	32650.0	29300.0	0.1616	1.0
beta1t_sess[140,1]	3.447	0.003147	0.6774	0.6671	2.192	3.421	4.873	46070.0	31950.0	0.2281	1.0
beta1t_sess[140,2]	3.656	0.004006	0.8079	0.7977	2.218	3.604	5.381	39730.0	30890.0	0.1967	0.9999
beta1t_sess[141,1]	1.325	0.002248	0.4684	0.4563	0.5499	1.275	2.38	41610.0	29300.0	0.2059	1.0
beta1t_sess[141,2]	1.508	0.001847	0.4292	0.4262	0.7571	1.48	2.422	51880.0	30310.0	0.2568	1.0
beta2_sess[1,1]	6.034	0.004456	0.9619	0.9275	4.377	5.955	8.143	48070.0	32430.0	0.238	1.0
beta2_sess[1,2]	5.695	0.003985	0.8694	0.8477	4.177	5.63	7.577	49150.0	32540.0	0.2433	1.0
beta2_sess[2,1]	8.877	0.008342	1.778	1.594	6.143	8.624	13.08	51820.0	30410.0	0.2565	1.0
beta2_sess[2,2]	7.307	0.01534	2.445	2.205	3.651	6.939	13.1	24740.0	26990.0	0.1225	1.0
beta2_sess[3,1]	6.556	0.004993	1.181	1.119	4.618	6.429	9.232	60800.0	31650.0	0.301	1.0
beta2_sess[3,2]	7.5	0.008616	1.688	1.522	4.918	7.252	11.49	43050.0	29640.0	0.2131	1.0
beta2_sess[4,1]	4.836	0.01348	1.78	1.44	2.564	4.428	9.352	17990.0	23910.0	0.08907	1.0
beta2_sess[4,2]	5.209	0.004571	0.9039	0.8297	3.746	5.108	7.249	43320.0	30140.0	0.2144	1.0
beta2_sess[5,1]	4.063	0.00476	0.8326	0.7765	2.702	3.974	5.968	32330.0	29150.0	0.16	1.0
beta2_sess[5,2]	3.756	0.002791	0.6391	0.6248	2.642	3.707	5.148	52860.0	30660.0	0.2616	1.0
beta2_sess[6,1]	5.031	0.003257	0.7744	0.7614	3.68	4.976	6.689	58410.0	30580.0	0.2891	1.0
beta2_sess[6,2]	4.664	0.003729	0.7705	0.7564	3.351	4.598	6.35	43220.0	31430.0	0.2139	1.0
beta2_sess[7,1]	20.91	0.01921	4.341	3.967	14.11	20.33	31.09	56780.0	33760.0	0.2811	1.0
beta2_sess[7,2]	16.65	0.02349	4.64	4.131	9.843	15.91	27.95	43520.0	29980.0	0.2154	1.0
beta2_sess[8,1]	6.137	0.004157	0.9957	0.956	4.418	6.055	8.329	58710.0	34210.0	0.2906	1.0
beta2_sess[8,2]	3.789	0.003026	0.654	0.6336	2.649	3.737	5.216	47460.0	34000.0	0.2349	1.0
beta2_sess[9,1]	6.033	0.004427	0.9881	0.9761	4.333	5.96	8.181	50060.0	34800.0	0.2478	1.0
beta2_sess[9,2]	6.829	0.00597	1.22	1.165	4.807	6.704	9.57	43840.0	32020.0	0.217	1.0
beta2_sess[10,1]	5.313	0.005661	1.088	0.9569	3.629	5.168	7.83	45340.0	25430.0	0.2244	1.0
beta2_sess[10,2]	4.342	0.005528	0.942	0.8264	2.905	4.208	6.577	32850.0	25880.0	0.1626	1.0
beta2_sess[11,1]	4.018	0.003736	0.7638	0.7289	2.765	3.942	5.738	44110.0	30210.0	0.2184	1.0
beta2_sess[11,2]	3.773	0.002998	0.668	0.636	2.646	3.709	5.254	51800.0	32810.0	0.2564	1.0
beta2_sess[12,1]	6.952	0.01623	2.998	2.489	2.918	6.361	14.48	35350.0	30050.0	0.175	1.0
beta2_sess[12,2]	7.48	0.01484	2.744	2.283	3.896	6.908	14.36	37930.0	30890.0	0.1878	1.0
beta2_sess[13,1]	7.679	0.01816	2.879	2.596	3.46	7.228	14.6	23760.0	25910.0	0.1176	1.0
beta2_sess[13,2]	11.77	0.01264	2.786	2.513	7.489	11.38	18.28	53080.0	32900.0	0.2628	1.0
beta2_sess[14,1]	6.506	0.004711	1.062	1.022	4.709	6.412	8.877	52840.0	33660.0	0.2615	1.0
beta2_sess[14,2]	5.145	0.003197	0.7448	0.7265	3.848	5.088	6.757	55310.0	33080.0	0.2738	1.0
beta2_sess[15,1]	6.275	0.005324	1.075	1.013	4.499	6.16	8.709	44000.0	30590.0	0.2178	1.0
beta2_sess[15,2]	5.204	0.005261	0.9544	0.8766	3.66	5.091	7.398	37010.0	27400.0	0.1832	1.0
beta2_sess[16,1]	6.635	0.004206	0.9943	0.9793	4.901	6.559	8.781	57270.0	32580.0	0.2835	1.0
beta2_sess[16,2]	7.226	0.005488	1.193	1.148	5.209	7.118	9.851	48800.0	30280.0	0.2415	1.0
beta2_sess[17,1]	2.754	0.003103	0.611	0.5512	1.785	2.682	4.137	44660.0	28320.0	0.2211	1.0
beta2_sess[17,2]	2.976	0.004128	0.7153	0.6432	1.868	2.883	4.638	32980.0	27880.0	0.1632	1.0
beta2_sess[18,1]	6.619	0.005823	1.191	1.155	4.629	6.51	9.271	42590.0	33250.0	0.2108	1.0
beta2_sess[18,2]	8.497	0.00728	1.535	1.429	5.98	8.319	11.99	47760.0	31290.0	0.2364	1.0
beta2_sess[19,1]	5.019	0.003754	0.8344	0.8009	3.603	4.947	6.872	51010.0	32360.0	0.2525	0.9999
beta2_sess[19,2]	4.756	0.003311	0.7515	0.7314	3.446	4.7	6.391	52180.0	31870.0	0.2583	1.0
beta2_sess[20,1]	6.275	0.003489	0.8792	0.8635	4.716	6.222	8.155	64400.0	32400.0	0.3188	1.0
beta2_sess[20,2]	6.565	0.006065	1.168	1.104	4.639	6.441	9.22	39220.0	29010.0	0.1941	1.0
beta2_sess[21,1]	6.063	0.005243	1.065	1.021	4.276	5.957	8.434	42670.0	31860.0	0.2112	1.0
beta2_sess[21,2]	6.456	0.005326	1.12	1.074	4.592	6.347	8.957	46100.0	31690.0	0.2282	1.0
beta2_sess[22,1]	3.562	0.002981	0.6888	0.6544	2.383	3.501	5.091	55500.0	33410.0	0.2747	1.0
beta2_sess[22,2]	3.666	0.006884	1.1	1.003	2.005	3.507	6.242	25810.0	29030.0	0.1278	1.0
beta2_sess[23,1]	5.294	0.004007	0.9105	0.8765	3.756	5.21	7.336	53900.0	32590.0	0.2668	1.0
beta2_sess[23,2]	3.487	0.002982	0.6214	0.5975	2.411	3.435	4.838	44800.0	32310.0	0.2218	1.0
beta2_sess[24,1]	4.628	0.009198	1.513	1.321	2.455	4.369	8.285	27400.0	28860.0	0.1356	1.0
beta2_sess[24,2]	4.252	0.005181	0.9858	0.864	2.759	4.112	6.58	41070.0	28450.0	0.2033	1.0
beta2_sess[25,1]	3.975	0.0107	1.926	1.564	1.496	3.567	8.753	33170.0	31470.0	0.1642	1.0
beta2_sess[25,2]	3.875	0.01052	1.8	1.466	1.586	3.49	8.377	29060.0	31010.0	0.1438	1.0
beta2_sess[26,1]	8.916	0.009434	1.935	1.772	5.891	8.657	13.46	45240.0	30810.0	0.2239	1.0
beta2_sess[26,2]	5.957	0.004092	0.9859	0.9552	4.27	5.868	8.113	59510.0	35130.0	0.2946	1.0
beta2_sess[27,1]	4.269	0.004196	0.9056	0.8608	2.786	4.172	6.322	48090.0	31910.0	0.238	1.0
beta2_sess[27,2]	4.11	0.003764	0.846	0.8061	2.712	4.021	6.024	53950.0	30280.0	0.267	1.0
beta2_sess[28,1]	4.021	0.003489	0.6908	0.6441	2.875	3.953	5.58	43040.0	29770.0	0.213	1.0
beta2_sess[28,2]	5.076	0.005011	0.9516	0.8963	3.517	4.971	7.21	38100.0	29040.0	0.1886	1.0
beta2_sess[29,1]	3.708	0.003118	0.6337	0.6103	2.62	3.656	5.089	43180.0	31990.0	0.2137	1.0
beta2_sess[29,2]	5.513	0.004731	1.002	0.9554	3.858	5.417	7.746	46500.0	33130.0	0.2301	1.0
beta2_sess[30,1]	5.534	0.00343	0.8314	0.8152	4.087	5.473	7.346	60010.0	32600.0	0.297	1.0
beta2_sess[30,2]	5.697	0.004839	1.019	0.9757	3.987	5.602	7.958	45700.0	30250.0	0.2262	1.0
beta2_sess[31,1]	4.518	0.006225	1.134	1.04	2.755	4.367	7.144	35330.0	29390.0	0.1749	1.0
beta2_sess[31,2]	3.887	0.002455	0.6173	0.603	2.801	3.843	5.22	64290.0	33190.0	0.3182	1.0
beta2_sess[32,1]	5.437	0.003142	0.7848	0.7732	4.053	5.385	7.124	63030.0	31360.0	0.312	1.0
beta2_sess[32,2]	5.444	0.003469	0.7968	0.7857	4.032	5.394	7.169	53120.0	31490.0	0.2629	1.0
beta2_sess[33,1]	3.023	0.01262	1.513	0.9376	1.453	2.565	7.22	15300.0	21530.0	0.07574	1.0
beta2_sess[33,2]	3.96	0.009714	1.39	1.025	2.207	3.671	7.496	24100.0	22680.0	0.1193	1.0
beta2_sess[34,1]	4.91	0.002716	0.6864	0.6806	3.679	4.873	6.368	63510.0	29620.0	0.3144	1.0
beta2_sess[34,2]	5.165	0.003473	0.7767	0.7564	3.813	5.104	6.856	51210.0	31360.0	0.2535	1.0
beta2_sess[35,1]	4.055	0.009932	1.637	1.381	1.874	3.735	8.132	26800.0	29530.0	0.1327	1.0
beta2_sess[35,2]	3.779	0.007863	1.384	1.174	1.855	3.523	7.178	31970.0	31160.0	0.1582	1.0
beta2_sess[36,1]	5.229	0.005942	1.122	1.033	3.452	5.093	7.814	39580.0	28900.0	0.1959	1.0
beta2_sess[36,2]	4.195	0.003273	0.6679	0.6298	3.067	4.135	5.655	44800.0	30200.0	0.2217	1.0
beta2_sess[37,1]	7.922	0.007437	1.562	1.426	5.46	7.726	11.56	47610.0	31850.0	0.2357	1.0
beta2_sess[37,2]	4.253	0.003916	0.7514	0.7271	2.991	4.181	5.926	37200.0	34580.0	0.1841	1.0
beta2_sess[38,1]	4.996	0.003995	0.8453	0.8211	3.521	4.925	6.836	45570.0	32640.0	0.2255	1.0
beta2_sess[38,2]	4.533	0.002737	0.6692	0.6565	3.348	4.488	5.956	60720.0	30280.0	0.3005	1.0
beta2_sess[39,1]	5.616	0.01308	2.317	1.954	2.443	5.182	11.35	34700.0	29120.0	0.1718	1.0
beta2_sess[39,2]	5.853	0.01141	2.109	1.753	2.999	5.435	11.12	39490.0	30270.0	0.1954	1.0
beta2_sess[40,1]	2.851	0.00241	0.4917	0.4801	2.008	2.814	3.929	42390.0	33710.0	0.2098	1.0
beta2_sess[40,2]	4.196	0.003308	0.7198	0.6861	2.991	4.126	5.8	50320.0	32430.0	0.2491	1.0
beta2_sess[41,1]	4.937	0.004493	0.9937	0.9603	3.266	4.847	7.124	48260.0	31420.0	0.2389	1.0
beta2_sess[41,2]	3.765	0.006015	0.9451	0.8455	2.322	3.625	6.017	26360.0	24960.0	0.1305	1.0
beta2_sess[42,1]	6.838	0.006804	1.313	1.207	4.761	6.674	9.87	41770.0	27750.0	0.2068	1.0
beta2_sess[42,2]	5.605	0.004082	0.887	0.8632	4.06	5.534	7.535	47960.0	32970.0	0.2374	1.0
beta2_sess[43,1]	12.15	0.01416	2.768	2.492	7.966	11.73	18.68	42940.0	31810.0	0.2125	1.0
beta2_sess[43,2]	12.72	0.0179	3.377	3.05	7.596	12.23	20.73	38190.0	28090.0	0.1891	1.0
beta2_sess[44,1]	5.613	0.01423	2.673	2.21	2.116	5.065	12.28	36770.0	29900.0	0.182	1.0
beta2_sess[44,2]	5.672	0.01437	2.608	2.113	2.299	5.13	12.19	33690.0	30030.0	0.1667	1.0
beta2_sess[45,1]	6.29	0.01191	2.043	1.738	3.506	5.901	11.33	33700.0	27770.0	0.1668	1.0
beta2_sess[45,2]	6.969	0.01091	2.156	1.922	3.784	6.634	12.02	42430.0	31840.0	0.21	1.0
beta2_sess[46,1]	15.55	0.02334	4.3	3.698	9.634	14.72	26.18	37870.0	32490.0	0.1874	1.0
beta2_sess[46,2]	18.98	0.0269	5.368	4.633	11.39	18.02	31.95	45020.0	30430.0	0.2228	1.0
beta2_sess[47,1]	19.05	0.02695	5.307	4.55	11.58	18.11	31.98	46660.0	28400.0	0.231	1.0
beta2_sess[47,2]	14.18	0.01333	3.01	2.852	9.442	13.8	21.04	55730.0	33530.0	0.2759	1.0
beta2_sess[48,1]	7.985	0.007164	1.438	1.323	5.679	7.802	11.31	44240.0	30570.0	0.219	1.0
beta2_sess[48,2]	7.948	0.00652	1.419	1.353	5.575	7.798	11.14	50160.0	33560.0	0.2483	1.0
beta2_sess[49,1]	6.971	0.005111	1.13	1.079	5.058	6.866	9.508	50980.0	35310.0	0.2523	1.0
beta2_sess[49,2]	4.112	0.003097	0.667	0.6435	2.946	4.067	5.559	47620.0	34450.0	0.2357	1.0
beta2_sess[50,1]	5.125	0.0119	2.519	2.061	1.852	4.597	11.43	52390.0	31290.0	0.2593	1.0
beta2_sess[50,2]	4.867	0.01086	2.305	1.919	1.817	4.405	10.55	50870.0	29970.0	0.2518	1.0
beta2_sess[51,1]	6.321	0.01222	2.327	2.063	2.984	5.929	11.95	38640.0	30920.0	0.1912	1.0
beta2_sess[51,2]	5.435	0.01172	2.081	1.808	2.505	5.056	10.51	31760.0	30870.0	0.1572	1.0
beta2_sess[52,1]	3.25	0.002193	0.5341	0.5211	2.326	3.209	4.406	60190.0	33820.0	0.2979	1.0
beta2_sess[52,2]	2.521	0.001714	0.4049	0.3975	1.796	2.497	3.377	55950.0	32500.0	0.2769	1.0
beta2_sess[53,1]	4.611	0.00578	1.144	1.031	2.865	4.448	7.281	43620.0	29080.0	0.2159	1.0
beta2_sess[53,2]	4.041	0.003652	0.8241	0.7993	2.652	3.969	5.86	51650.0	32750.0	0.2557	1.0
beta2_sess[54,1]	4.273	0.004797	0.8416	0.7808	2.896	4.176	6.169	33380.0	26370.0	0.1652	1.0
beta2_sess[54,2]	4.465	0.002551	0.6292	0.6139	3.356	4.422	5.828	62200.0	32720.0	0.3079	1.0
beta2_sess[55,1]	5.726	0.005025	1.042	0.9688	4.019	5.605	8.132	46610.0	30480.0	0.2307	1.0
beta2_sess[55,2]	4.842	0.003425	0.7845	0.7556	3.518	4.77	6.594	55840.0	31680.0	0.2764	1.0
beta2_sess[56,1]	5.669	0.005686	1.095	1.018	3.9	5.543	8.181	39650.0	29820.0	0.1963	1.0
beta2_sess[56,2]	7.129	0.006487	1.33	1.256	4.958	6.982	10.16	44490.0	31960.0	0.2202	1.0
beta2_sess[57,1]	2.106	0.001676	0.382	0.3758	1.43	2.085	2.925	52080.0	32730.0	0.2578	1.0
beta2_sess[57,2]	2.445	0.002318	0.4849	0.4725	1.606	2.408	3.497	43790.0	32870.0	0.2168	1.0
beta2_sess[58,1]	5.422	0.01272	2.534	2.095	2.086	4.922	11.73	42800.0	31050.0	0.2119	1.0
beta2_sess[58,2]	5.364	0.01203	2.418	2.025	2.1	4.893	11.37	43540.0	31340.0	0.2155	1.0
beta2_sess[59,1]	3.104	0.002464	0.5204	0.5068	2.199	3.066	4.234	45350.0	33660.0	0.2245	1.0
beta2_sess[59,2]	3.816	0.003293	0.7122	0.6839	2.615	3.748	5.386	47420.0	32560.0	0.2347	1.0
beta2_sess[60,1]	6.247	0.005014	1.082	1.033	4.438	6.137	8.682	48660.0	32600.0	0.2409	1.0
beta2_sess[60,2]	5.088	0.004216	0.9002	0.8717	3.542	5.015	7.073	46420.0	33680.0	0.2298	1.0
beta2_sess[61,1]	5.513	0.005723	1.035	0.9633	3.843	5.397	7.892	35840.0	27290.0	0.1774	1.0
beta2_sess[61,2]	5.501	0.005814	1.076	1.005	3.772	5.381	7.934	37220.0	29620.0	0.1842	1.0
beta2_sess[62,1]	7.023	0.01589	2.433	2.164	3.535	6.615	12.85	22680.0	28740.0	0.1122	1.0
beta2_sess[62,2]	9.3	0.008459	1.886	1.78	6.2	9.094	13.55	51820.0	31670.0	0.2565	1.0
beta2_sess[63,1]	10.8	0.01705	3.124	2.762	6.308	10.27	18.28	36420.0	31060.0	0.1803	1.0
beta2_sess[63,2]	6.721	0.00787	1.52	1.365	4.404	6.505	10.33	40770.0	31910.0	0.2018	1.0
beta2_sess[64,1]	16.09	0.02171	4.409	3.965	9.535	15.4	26.62	45440.0	31570.0	0.2249	1.0
beta2_sess[64,2]	20.09	0.02847	5.715	4.964	12.02	19.1	33.94	44990.0	32660.0	0.2227	1.0
beta2_sess[65,1]	4.808	0.01168	2.311	1.878	1.774	4.337	10.57	42430.0	30510.0	0.21	1.0
beta2_sess[65,2]	4.74	0.01118	2.184	1.806	1.827	4.311	10.14	41390.0	30030.0	0.2049	1.0
beta2_sess[66,1]	8.728	0.01732	3.174	2.771	4.225	8.17	16.32	35420.0	30330.0	0.1753	1.0
beta2_sess[66,2]	9.471	0.01297	2.715	2.422	5.396	9.066	15.92	47280.0	33170.0	0.234	1.0
beta2_sess[67,1]	4.648	0.01273	2.157	1.704	1.881	4.183	10.15	31290.0	30170.0	0.1549	1.0
beta2_sess[67,2]	4.792	0.01231	2.01	1.479	2.389	4.292	9.957	29370.0	28800.0	0.1454	1.0
beta2_sess[68,1]	5.698	0.01334	2.52	2.096	2.288	5.21	12.0	37250.0	30830.0	0.1844	1.0
beta2_sess[68,2]	5.619	0.01152	2.205	1.858	2.583	5.185	11.02	41060.0	32220.0	0.2033	1.0
beta2_sess[69,1]	11.36	0.01524	3.037	2.649	7.011	10.85	18.75	45990.0	30710.0	0.2276	1.0
beta2_sess[69,2]	9.389	0.01444	2.756	2.396	5.451	8.914	16.17	38680.0	30110.0	0.1915	1.0
beta2_sess[70,1]	5.451	0.01037	1.678	1.527	2.957	5.191	9.435	27330.0	27560.0	0.1353	1.0
beta2_sess[70,2]	4.781	0.004578	0.9473	0.8882	3.236	4.672	6.954	43980.0	33500.0	0.2177	1.0
beta2_sess[71,1]	4.789	0.0117	1.787	1.492	2.439	4.413	9.285	23430.0	28660.0	0.116	1.0
beta2_sess[71,2]	5.78	0.009979	1.824	1.575	3.169	5.469	10.21	35560.0	30490.0	0.176	1.0
beta2_sess[72,1]	5.811	0.01463	2.388	2.053	2.467	5.384	11.67	23770.0	18300.0	0.1177	1.0
beta2_sess[72,2]	5.784	0.01021	1.819	1.56	3.182	5.464	10.23	33140.0	29860.0	0.164	1.0
beta2_sess[73,1]	7.327	0.005098	1.173	1.137	5.33	7.227	9.922	55180.0	34820.0	0.2731	1.0
beta2_sess[73,2]	5.526	0.009115	1.359	1.171	3.596	5.289	8.879	23870.0	26880.0	0.1181	1.0
beta2_sess[74,1]	5.466	0.009417	1.816	1.623	2.807	5.169	9.834	40490.0	30040.0	0.2004	1.0
beta2_sess[74,2]	5.033	0.009319	1.717	1.528	2.494	4.76	9.167	35550.0	30130.0	0.176	1.0
beta2_sess[75,1]	9.715	0.0268	3.908	3.421	4.467	8.927	19.34	20880.0	26390.0	0.1033	1.0
beta2_sess[75,2]	11.28	0.0138	2.688	2.414	7.287	10.85	17.69	39680.0	33480.0	0.1964	1.0
beta2_sess[76,1]	8.171	0.007649	1.521	1.41	5.725	7.989	11.63	42670.0	29940.0	0.2112	1.0
beta2_sess[76,2]	6.619	0.007956	1.346	1.22	4.543	6.425	9.801	31130.0	29250.0	0.1541	1.0
beta2_sess[77,1]	3.057	0.001641	0.4198	0.4169	2.295	3.036	3.942	65380.0	31730.0	0.3236	1.0
beta2_sess[77,2]	3.828	0.003071	0.6449	0.6205	2.73	3.771	5.259	44890.0	33080.0	0.2222	1.0
beta2_sess[78,1]	4.173	0.002719	0.6509	0.6296	3.063	4.117	5.6	60270.0	31780.0	0.2984	1.0
beta2_sess[78,2]	4.437	0.003511	0.745	0.7117	3.197	4.364	6.125	49100.0	28790.0	0.243	1.0
beta2_sess[79,1]	7.006	0.008787	1.72	1.543	4.442	6.745	11.12	42820.0	30330.0	0.2119	1.0
beta2_sess[79,2]	4.636	0.003516	0.8457	0.8175	3.219	4.555	6.522	62020.0	31850.0	0.307	1.0
beta2_sess[80,1]	3.115	0.002753	0.5687	0.5531	2.136	3.068	4.367	43320.0	34080.0	0.2144	1.0
beta2_sess[80,2]	2.936	0.002117	0.4821	0.4722	2.087	2.902	3.97	51600.0	32430.0	0.2554	1.0
beta2_sess[81,1]	4.654	0.002496	0.6183	0.6073	3.543	4.613	5.966	61800.0	33500.0	0.3059	1.0
beta2_sess[81,2]	4.226	0.003742	0.7122	0.6682	3.034	4.159	5.819	39170.0	28960.0	0.1939	1.0
beta2_sess[82,1]	6.191	0.005546	1.083	0.9902	4.433	6.07	8.695	42730.0	28420.0	0.2115	1.0
beta2_sess[82,2]	6.463	0.005945	1.109	1.026	4.694	6.325	9.034	38230.0	29300.0	0.1892	1.0
beta2_sess[83,1]	2.415	0.001488	0.3691	0.3609	1.739	2.399	3.185	61210.0	31000.0	0.303	1.0
beta2_sess[83,2]	3.015	0.001985	0.475	0.4616	2.168	2.983	4.044	58140.0	33260.0	0.2878	1.0
beta2_sess[84,1]	4.922	0.008142	1.197	0.9738	3.222	4.745	7.658	31080.0	22410.0	0.1538	1.0
beta2_sess[84,2]	8.782	0.008372	1.719	1.607	6.009	8.588	12.71	45770.0	30040.0	0.2265	1.0
beta2_sess[85,1]	3.429	0.002597	0.5425	0.5187	2.492	3.387	4.622	45700.0	31940.0	0.2262	1.0
beta2_sess[85,2]	3.306	0.002331	0.5256	0.5118	2.375	3.27	4.423	51440.0	32410.0	0.2546	1.0
beta2_sess[86,1]	3.334	0.00234	0.5307	0.5188	2.382	3.302	4.466	52030.0	32790.0	0.2575	1.0
beta2_sess[86,2]	4.585	0.003765	0.807	0.7785	3.207	4.509	6.375	46620.0	33240.0	0.2307	1.0
beta2_sess[87,1]	4.656	0.01147	1.908	1.44	2.31	4.209	9.571	30830.0	28520.0	0.1526	1.0
beta2_sess[87,2]	3.77	0.01079	1.691	1.352	1.638	3.38	8.09	24140.0	28820.0	0.1195	1.0
beta2_sess[88,1]	4.604	0.01117	2.244	1.866	1.659	4.141	10.22	46720.0	30880.0	0.2313	1.0
beta2_sess[88,2]	4.271	0.01013	2.033	1.685	1.574	3.85	9.356	43110.0	30620.0	0.2134	1.0
beta2_sess[89,1]	4.973	0.003495	0.7699	0.7541	3.646	4.916	6.647	49340.0	32880.0	0.2442	1.0
beta2_sess[89,2]	4.541	0.002774	0.6572	0.6514	3.343	4.509	5.932	55500.0	31300.0	0.2747	1.0
beta2_sess[90,1]	8.266	0.007522	1.537	1.465	5.757	8.104	11.72	44510.0	31930.0	0.2203	1.0
beta2_sess[90,2]	6.229	0.004561	1.001	0.9535	4.515	6.141	8.453	49920.0	32060.0	0.2471	1.0
beta2_sess[91,1]	6.467	0.0169	3.015	2.499	2.466	5.849	13.95	30380.0	25590.0	0.1504	1.0
beta2_sess[91,2]	5.745	0.01489	2.548	2.138	2.34	5.247	12.06	28570.0	26180.0	0.1414	1.0
beta2_sess[92,1]	2.24	0.004819	0.6248	0.5232	1.344	2.131	3.81	18940.0	21410.0	0.09375	1.0
beta2_sess[92,2]	3.069	0.002533	0.5268	0.5059	2.15	3.029	4.218	44610.0	31940.0	0.2208	1.0
beta2_sess[93,1]	3.78	0.003127	0.7059	0.674	2.606	3.709	5.366	53430.0	32090.0	0.2645	1.0
beta2_sess[93,2]	3.198	0.002315	0.5603	0.5498	2.225	3.156	4.404	58670.0	32710.0	0.2904	1.0
beta2_sess[94,1]	2.693	0.00213	0.4731	0.4625	1.866	2.659	3.715	48880.0	33320.0	0.242	1.0
beta2_sess[94,2]	1.698	0.0047	0.5623	0.4349	0.9402	1.587	3.144	16660.0	19030.0	0.08247	1.0
beta2_sess[95,1]	2.972	0.002294	0.4824	0.4689	2.13	2.936	4.018	44390.0	31980.0	0.2197	1.0
beta2_sess[95,2]	3.261	0.002063	0.4911	0.4859	2.383	3.234	4.296	56730.0	31810.0	0.2808	1.0
beta2_sess[96,1]	4.946	0.004689	0.9076	0.8499	3.439	4.851	6.986	39770.0	31270.0	0.1969	1.0
beta2_sess[96,2]	6.871	0.005603	1.204	1.152	4.855	6.745	9.536	48140.0	33250.0	0.2383	1.0
beta2_sess[97,1]	6.857	0.004974	1.152	1.106	4.909	6.749	9.423	55660.0	34010.0	0.2755	1.0
beta2_sess[97,2]	4.073	0.004139	0.7537	0.7194	2.849	3.984	5.781	33460.0	33460.0	0.1656	1.0
beta2_sess[98,1]	3.18	0.002433	0.567	0.5429	2.203	3.133	4.432	55000.0	33140.0	0.2723	1.0
beta2_sess[98,2]	2.529	0.002977	0.5371	0.5068	1.651	2.471	3.736	34990.0	28390.0	0.1732	1.0
beta2_sess[99,1]	4.335	0.004995	0.9769	0.8842	2.809	4.2	6.604	39890.0	31070.0	0.1975	1.0
beta2_sess[99,2]	3.787	0.003626	0.7854	0.7572	2.471	3.711	5.523	47960.0	32290.0	0.2374	1.0
beta2_sess[100,1]	3.468	0.002549	0.5562	0.5432	2.467	3.432	4.646	47810.0	33110.0	0.2367	1.0
beta2_sess[100,2]	4.194	0.002761	0.6519	0.64	3.017	4.15	5.585	55730.0	31230.0	0.2759	1.0
beta2_sess[101,1]	4.49	0.0027	0.6783	0.6635	3.29	4.446	5.939	64380.0	29210.0	0.3187	1.0
beta2_sess[101,2]	4.321	0.004848	0.8626	0.8212	2.884	4.238	6.254	32610.0	30090.0	0.1614	1.0
beta2_sess[102,1]	8.32	0.01079	2.324	2.058	4.843	7.98	13.83	53460.0	30270.0	0.2646	1.0
beta2_sess[102,2]	6.677	0.01319	2.399	2.117	3.196	6.274	12.45	32720.0	28940.0	0.1619	1.0
beta2_sess[103,1]	4.143	0.003802	0.775	0.7276	2.882	4.054	5.905	44210.0	31910.0	0.2188	1.0
beta2_sess[103,2]	3.028	0.001639	0.4277	0.4209	2.254	3.005	3.93	68750.0	33000.0	0.3403	1.0
beta2_sess[104,1]	5.721	0.003818	0.8757	0.8553	4.185	5.66	7.622	53630.0	32640.0	0.2654	1.0
beta2_sess[104,2]	6.104	0.004857	1.05	1.01	4.349	5.999	8.423	49230.0	30880.0	0.2437	1.0
beta2_sess[105,1]	2.398	0.00149	0.387	0.3796	1.699	2.378	3.215	66840.0	30410.0	0.3309	1.0
beta2_sess[105,2]	2.252	0.00183	0.4142	0.4092	1.522	2.226	3.136	51440.0	31540.0	0.2546	1.0
beta2_sess[106,1]	5.203	0.003366	0.7732	0.765	3.828	5.153	6.851	53720.0	32030.0	0.2659	1.0
beta2_sess[106,2]	4.862	0.003365	0.7524	0.7392	3.518	4.815	6.469	50650.0	31240.0	0.2507	1.0
beta2_sess[107,1]	4.693	0.002702	0.6566	0.6482	3.508	4.656	6.084	59550.0	31870.0	0.2948	1.0
beta2_sess[107,2]	3.315	0.001788	0.4448	0.4417	2.505	3.295	4.242	61590.0	32340.0	0.3049	1.0
beta2_sess[108,1]	5.653	0.004634	0.9761	0.9404	4.001	5.566	7.824	46290.0	33120.0	0.2292	1.0
beta2_sess[108,2]	5.795	0.006428	1.158	1.088	3.907	5.663	8.427	34070.0	28200.0	0.1686	1.0
beta2_sess[109,1]	3.906	0.01029	1.488	1.187	1.989	3.583	7.695	22520.0	25580.0	0.1115	1.0
beta2_sess[109,2]	4.671	0.006952	1.28	1.098	2.789	4.463	7.777	38400.0	30220.0	0.1901	1.0
beta2_sess[110,1]	5.276	0.003147	0.757	0.7412	3.916	5.23	6.891	57990.0	30870.0	0.287	1.0
beta2_sess[110,2]	5.098	0.003933	0.7951	0.768	3.736	5.033	6.836	42100.0	31550.0	0.2084	1.0
beta2_sess[111,1]	5.41	0.01234	2.303	1.944	2.259	4.974	11.17	36570.0	30410.0	0.181	1.0
beta2_sess[111,2]	5.305	0.0103	1.941	1.638	2.695	4.925	10.08	38440.0	31550.0	0.1903	1.0
beta2_sess[112,1]	3.861	0.002331	0.5515	0.5454	2.855	3.835	5.014	55600.0	33130.0	0.2752	1.0
beta2_sess[112,2]	4.588	0.003204	0.7081	0.6831	3.36	4.538	6.147	49840.0	31060.0	0.2467	1.0
beta2_sess[113,1]	3.429	0.003071	0.6614	0.6244	2.317	3.362	4.898	48500.0	32530.0	0.2401	1.0
beta2_sess[113,2]	2.472	0.003246	0.5441	0.4891	1.61	2.407	3.713	31400.0	25630.0	0.1554	1.0
beta2_sess[114,1]	7.342	0.005128	1.141	1.091	5.385	7.246	9.886	51150.0	32530.0	0.2532	1.0
beta2_sess[114,2]	7.329	0.005688	1.187	1.116	5.347	7.214	9.989	46750.0	31030.0	0.2314	1.0
beta2_sess[115,1]	10.15	0.01619	2.994	2.633	5.864	9.639	17.42	38680.0	28480.0	0.1914	1.0
beta2_sess[115,2]	8.922	0.01071	2.188	2.008	5.559	8.621	14.08	45680.0	31830.0	0.2261	1.0
beta2_sess[116,1]	4.74	0.003536	0.7324	0.7083	3.475	4.68	6.331	43390.0	32990.0	0.2148	1.0
beta2_sess[116,2]	5.504	0.003235	0.7868	0.7764	4.117	5.45	7.187	59530.0	32920.0	0.2947	1.0
beta2_sess[117,1]	4.777	0.003391	0.7686	0.7481	3.435	4.721	6.432	52650.0	33060.0	0.2606	1.0
beta2_sess[117,2]	3.816	0.003054	0.6158	0.5914	2.754	3.765	5.173	42180.0	32190.0	0.2088	1.0
beta2_sess[118,1]	3.267	0.001942	0.4736	0.4668	2.404	3.243	4.261	59440.0	32800.0	0.2942	1.0
beta2_sess[118,2]	3.723	0.002533	0.5874	0.5802	2.672	3.689	4.964	53700.0	31350.0	0.2658	1.0
beta2_sess[119,1]	4.42	0.00351	0.7664	0.7331	3.131	4.348	6.118	49770.0	31620.0	0.2463	1.0
beta2_sess[119,2]	4.136	0.002979	0.6814	0.6585	2.958	4.082	5.633	53320.0	31690.0	0.2639	1.0
beta2_sess[120,1]	6.282	0.01145	2.036	1.765	3.393	5.925	11.17	35090.0	29140.0	0.1737	1.0
beta2_sess[120,2]	6.348	0.01235	2.107	1.899	3.258	6.01	11.38	29000.0	30680.0	0.1435	1.0
beta2_sess[121,1]	4.942	0.009732	1.613	1.341	2.731	4.631	8.949	30630.0	27210.0	0.1516	1.0
beta2_sess[121,2]	5.903	0.009576	1.755	1.516	3.377	5.612	10.18	36180.0	28810.0	0.1791	1.0
beta2_sess[122,1]	5.031	0.003439	0.7651	0.7546	3.691	4.977	6.666	50280.0	33630.0	0.2489	1.0
beta2_sess[122,2]	5.868	0.004449	0.9304	0.889	4.261	5.788	7.921	45100.0	32180.0	0.2232	1.0
beta2_sess[123,1]	7.914	0.007552	1.449	1.309	5.715	7.704	11.31	42800.0	29350.0	0.2118	1.0
beta2_sess[123,2]	6.645	0.004682	1.036	0.9829	4.906	6.549	8.934	53280.0	29740.0	0.2637	1.0
beta2_sess[124,1]	4.974	0.003808	0.7942	0.754	3.621	4.903	6.737	45420.0	32290.0	0.2248	1.0
beta2_sess[124,2]	5.014	0.003551	0.8105	0.7869	3.606	4.952	6.789	53300.0	31890.0	0.2638	1.0
beta2_sess[125,1]	5.678	0.003888	0.8945	0.8695	4.126	5.612	7.617	53870.0	32900.0	0.2666	1.0
beta2_sess[125,2]	5.14	0.003433	0.7905	0.7747	3.766	5.077	6.848	53130.0	32230.0	0.263	1.0
beta2_sess[126,1]	4.909	0.00411	0.822	0.7932	3.543	4.831	6.741	41530.0	30910.0	0.2056	1.0
beta2_sess[126,2]	4.867	0.003015	0.7279	0.7126	3.597	4.811	6.447	59070.0	30950.0	0.2924	1.0
beta2_sess[127,1]	5.702	0.003368	0.8517	0.8336	4.194	5.649	7.519	64230.0	30360.0	0.3179	1.0
beta2_sess[127,2]	4.638	0.003823	0.7962	0.7689	3.28	4.561	6.39	44770.0	31280.0	0.2216	1.0
beta2_sess[128,1]	1.934	0.001481	0.3422	0.3338	1.328	1.91	2.668	54120.0	33580.0	0.2679	1.0
beta2_sess[128,2]	2.683	0.002191	0.4793	0.4601	1.854	2.647	3.737	48940.0	32860.0	0.2423	1.0
beta2_sess[129,1]	6.382	0.006267	1.306	1.217	4.292	6.225	9.404	47720.0	29870.0	0.2362	1.0
beta2_sess[129,2]	6.021	0.005152	1.085	1.02	4.25	5.904	8.507	47390.0	31590.0	0.2346	1.0
beta2_sess[130,1]	2.501	0.004505	0.4976	0.4958	1.668	2.451	3.591	12490.0	25320.0	0.0618	1.0
beta2_sess[130,2]	2.647	0.01234	0.9108	0.8219	1.457	2.364	4.665	6444.0	23700.0	0.0319	1.0
beta2_sess[131,1]	2.811	0.003647	0.6325	0.5613	1.819	2.733	4.271	37290.0	27200.0	0.1846	1.0
beta2_sess[131,2]	2.305	0.001964	0.3864	0.3628	1.63	2.284	3.092	55980.0	29920.0	0.2771	1.0
beta2_sess[132,1]	2.906	0.002398	0.5329	0.5151	1.99	2.863	4.069	51150.0	33650.0	0.2532	1.0
beta2_sess[132,2]	2.232	0.003472	0.5507	0.4928	1.378	2.157	3.522	26590.0	27200.0	0.1316	1.0
beta2_sess[133,1]	5.035	0.01384	2.289	1.944	1.934	4.58	10.66	24330.0	22480.0	0.1204	1.0
beta2_sess[133,2]	5.877	0.01276	2.18	1.851	2.883	5.459	11.28	27950.0	30630.0	0.1384	1.0
beta2_sess[134,1]	4.854	0.002633	0.6731	0.6707	3.636	4.821	6.265	65780.0	30960.0	0.3256	1.0
beta2_sess[134,2]	5.083	0.003769	0.8185	0.7883	3.667	5.016	6.887	48200.0	31760.0	0.2386	1.0
beta2_sess[135,1]	5.265	0.003281	0.7828	0.7518	3.866	5.213	6.952	58800.0	30430.0	0.2911	1.0
beta2_sess[135,2]	5.656	0.004782	1.003	0.9714	3.923	5.573	7.858	44450.0	32400.0	0.22	1.0
beta2_sess[136,1]	4.834	0.009894	1.541	1.27	2.78	4.508	8.665	26230.0	27940.0	0.1299	1.0
beta2_sess[136,2]	4.602	0.007032	1.295	1.151	2.657	4.407	7.714	38570.0	28580.0	0.1909	1.0
beta2_sess[137,1]	4.956	0.003008	0.7188	0.6998	3.691	4.906	6.508	58250.0	31630.0	0.2883	1.0
beta2_sess[137,2]	4.734	0.002836	0.6699	0.6565	3.539	4.694	6.152	56410.0	31090.0	0.2792	1.0
beta2_sess[138,1]	5.728	0.004997	1.012	0.9481	4.06	5.613	8.036	44600.0	29640.0	0.2208	1.0
beta2_sess[138,2]	4.831	0.003535	0.7833	0.7697	3.476	4.771	6.523	50310.0	32360.0	0.249	1.0
beta2_sess[139,1]	4.772	0.003911	0.8096	0.7826	3.38	4.704	6.546	44550.0	32200.0	0.2205	1.0
beta2_sess[139,2]	4.445	0.003817	0.7861	0.7644	3.071	4.386	6.153	42470.0	30110.0	0.2102	1.0
beta2_sess[140,1]	10.09	0.01364	2.484	2.23	6.389	9.72	16.07	35980.0	28900.0	0.1781	1.0
beta2_sess[140,2]	6.213	0.006506	1.275	1.183	4.173	6.063	9.142	41890.0	29550.0	0.2073	1.0
beta2_sess[141,1]	3.086	0.005458	0.8659	0.7326	1.818	2.945	5.172	28620.0	24200.0	0.1417	1.0
beta2_sess[141,2]	3.653	0.003268	0.7051	0.6799	2.471	3.586	5.227	48040.0	33240.0	0.2378	1.0
betac_sess[1,1]	1.191	0.00125	0.2646	0.2637	0.6758	1.189	1.718	44930.0	30720.0	0.2224	1.0
betac_sess[1,2]	1.465	0.001269	0.2652	0.2641	0.9572	1.463	1.995	43970.0	31130.0	0.2176	0.9999
betac_sess[2,1]	1.501	0.001503	0.2924	0.2947	0.9386	1.497	2.082	38080.0	31760.0	0.1885	1.0
betac_sess[2,2]	1.081	0.000802	0.1892	0.1873	0.7092	1.079	1.45	55730.0	33240.0	0.2759	1.0
betac_sess[3,1]	0.686	0.001082	0.2253	0.2256	0.2502	0.6852	1.131	43440.0	32160.0	0.215	1.0
betac_sess[3,2]	0.848	0.00101	0.2337	0.2326	0.3922	0.8459	1.314	53800.0	31770.0	0.2663	1.0
betac_sess[4,1]	0.7382	0.0009846	0.2059	0.206	0.331	0.7394	1.138	43620.0	33030.0	0.2159	1.0
betac_sess[4,2]	1.571	0.003824	0.5185	0.5167	0.5838	1.56	2.609	18540.0	24110.0	0.09178	1.0
betac_sess[5,1]	0.6961	0.001281	0.2212	0.2215	0.2535	0.6994	1.121	29860.0	31080.0	0.1478	1.0
betac_sess[5,2]	1.069	0.0008971	0.2018	0.1996	0.6709	1.069	1.464	50780.0	33030.0	0.2514	1.0
betac_sess[6,1]	0.8741	0.0007644	0.1777	0.1768	0.5219	0.8754	1.219	54220.0	33090.0	0.2684	1.0
betac_sess[6,2]	1.127	0.001293	0.2471	0.2481	0.643	1.129	1.607	36590.0	31000.0	0.1811	1.0
betac_sess[7,1]	1.413	0.003046	0.5135	0.5049	0.4323	1.402	2.449	28680.0	26500.0	0.142	1.0
betac_sess[7,2]	1.306	0.001883	0.413	0.4113	0.4951	1.304	2.12	48260.0	31810.0	0.2389	1.0
betac_sess[8,1]	0.2454	0.001334	0.2626	0.2604	-0.2786	0.2476	0.7547	38750.0	30740.0	0.1918	1.0
betac_sess[8,2]	-0.03857	0.0008429	0.1975	0.1959	-0.4311	-0.03594	0.3437	55050.0	35210.0	0.2725	1.0
betac_sess[9,1]	1.575	0.001435	0.3006	0.2985	0.9991	1.571	2.18	44000.0	31850.0	0.2178	1.0
betac_sess[9,2]	1.692	0.001324	0.2895	0.2894	1.139	1.688	2.275	48300.0	31900.0	0.2391	1.0
betac_sess[10,1]	0.1476	0.0006164	0.1518	0.1512	-0.1531	0.149	0.4424	60690.0	31900.0	0.3004	1.0
betac_sess[10,2]	0.2373	0.0008165	0.1731	0.1722	-0.106	0.239	0.5683	44900.0	33170.0	0.2222	1.0
betac_sess[11,1]	0.4453	0.0008406	0.1816	0.1802	0.08734	0.4456	0.8022	46730.0	32890.0	0.2313	1.0
betac_sess[11,2]	0.5913	0.0008528	0.1861	0.1857	0.2265	0.5903	0.9545	47650.0	32370.0	0.2359	1.0
betac_sess[12,1]	0.147	0.000545	0.1374	0.1361	-0.1229	0.1473	0.4162	63580.0	31070.0	0.3147	1.0
betac_sess[12,2]	0.08763	0.0005425	0.1426	0.1425	-0.1897	0.08808	0.3681	69280.0	30690.0	0.3429	1.0
betac_sess[13,1]	0.5388	0.0009114	0.1941	0.1942	0.1539	0.5409	0.9121	45290.0	36080.0	0.2242	1.0
betac_sess[13,2]	1.818	0.002222	0.3822	0.3767	1.08	1.812	2.582	29660.0	31360.0	0.1468	1.0
betac_sess[14,1]	0.8547	0.001027	0.2358	0.2351	0.397	0.8533	1.319	52840.0	33100.0	0.2615	1.0
betac_sess[14,2]	0.9703	0.001521	0.2891	0.2873	0.3988	0.9724	1.532	36230.0	31120.0	0.1793	1.0
betac_sess[15,1]	1.268	0.001198	0.257	0.2568	0.7636	1.266	1.778	46150.0	31930.0	0.2284	1.0
betac_sess[15,2]	1.384	0.00134	0.2714	0.271	0.8459	1.387	1.909	41020.0	32960.0	0.203	1.0
betac_sess[16,1]	0.644	0.0009867	0.226	0.2256	0.2022	0.6441	1.087	52470.0	32320.0	0.2597	1.0
betac_sess[16,2]	0.855	0.001356	0.2677	0.2668	0.3231	0.8558	1.377	39010.0	32810.0	0.1931	1.0
betac_sess[17,1]	0.5672	0.001124	0.2095	0.2078	0.1475	0.5699	0.9705	34870.0	31430.0	0.1726	1.0
betac_sess[17,2]	0.3645	0.0006459	0.1603	0.1606	0.0476	0.3658	0.6777	61750.0	32410.0	0.3057	1.0
betac_sess[18,1]	1.491	0.001296	0.2853	0.2831	0.9383	1.488	2.061	48690.0	31540.0	0.241	1.0
betac_sess[18,2]	1.817	0.001407	0.308	0.3073	1.228	1.813	2.436	48010.0	32450.0	0.2376	1.0
betac_sess[19,1]	1.127	0.001269	0.2632	0.2636	0.6158	1.123	1.648	43210.0	30420.0	0.2139	1.0
betac_sess[19,2]	1.487	0.001157	0.2623	0.2612	0.978	1.484	2.009	51480.0	32200.0	0.2548	1.0
betac_sess[20,1]	0.794	0.001323	0.2682	0.2677	0.2659	0.7946	1.316	41110.0	33400.0	0.2035	1.0
betac_sess[20,2]	1.143	0.001271	0.2821	0.285	0.6002	1.14	1.705	49470.0	31200.0	0.2449	1.0
betac_sess[21,1]	0.7669	0.001476	0.2785	0.2778	0.2177	0.7692	1.309	35640.0	30530.0	0.1764	1.0
betac_sess[21,2]	0.5618	0.0009682	0.2208	0.2207	0.1288	0.5633	0.9908	52080.0	35000.0	0.2578	1.0
betac_sess[22,1]	0.5737	0.001076	0.2095	0.2105	0.159	0.5757	0.9799	37900.0	31660.0	0.1876	1.0
betac_sess[22,2]	0.5941	0.0008847	0.1939	0.1939	0.2084	0.5959	0.9673	48100.0	33100.0	0.2381	1.0
betac_sess[23,1]	0.9779	0.00187	0.3145	0.3129	0.3659	0.9773	1.597	28340.0	29330.0	0.1403	1.0
betac_sess[23,2]	0.8879	0.0009865	0.2277	0.228	0.4444	0.8871	1.335	53440.0	32300.0	0.2645	1.0
betac_sess[24,1]	1.004	0.0007562	0.1829	0.1826	0.6452	1.004	1.363	58600.0	33380.0	0.29	1.0
betac_sess[24,2]	1.51	0.001146	0.2453	0.2464	1.034	1.507	1.995	45880.0	32210.0	0.2271	1.0
betac_sess[25,1]	-0.2843	0.000578	0.1456	0.1456	-0.5735	-0.2826	-0.003931	63770.0	31170.0	0.3157	1.0
betac_sess[25,2]	-0.0405	0.0009103	0.1886	0.1872	-0.428	-0.03438	0.3139	43290.0	34250.0	0.2143	1.0
betac_sess[26,1]	0.9168	0.001214	0.2512	0.2495	0.4254	0.9146	1.412	42930.0	31260.0	0.2125	1.0
betac_sess[26,2]	0.997	0.0009961	0.231	0.231	0.5516	0.9946	1.455	53900.0	30740.0	0.2668	1.0
betac_sess[27,1]	-0.1165	0.001026	0.2068	0.2076	-0.5265	-0.1127	0.2829	40640.0	31400.0	0.2012	1.0
betac_sess[27,2]	0.01749	0.0008057	0.1944	0.195	-0.3653	0.01929	0.3957	58390.0	33480.0	0.289	1.0
betac_sess[28,1]	-0.4135	0.0006983	0.1644	0.1647	-0.741	-0.4117	-0.09852	55530.0	34210.0	0.2749	1.0
betac_sess[28,2]	0.1397	0.0008651	0.1961	0.1949	-0.2497	0.1409	0.5193	51480.0	35590.0	0.2548	1.0
betac_sess[29,1]	1.202	0.0009952	0.2153	0.2131	0.7795	1.201	1.627	46820.0	34400.0	0.2318	1.0
betac_sess[29,2]	1.083	0.001017	0.2275	0.2277	0.6353	1.083	1.528	50110.0	33860.0	0.248	1.0
betac_sess[30,1]	1.296	0.001709	0.3415	0.3376	0.6352	1.293	1.978	40070.0	31170.0	0.1984	1.0
betac_sess[30,2]	1.203	0.001282	0.2947	0.2932	0.6254	1.203	1.789	52920.0	32200.0	0.2619	1.0
betac_sess[31,1]	0.4128	0.0008407	0.1943	0.1928	0.02699	0.4137	0.793	53560.0	33480.0	0.2651	1.0
betac_sess[31,2]	0.7532	0.001272	0.2496	0.2502	0.2635	0.7518	1.246	38550.0	32420.0	0.1908	1.0
betac_sess[32,1]	0.9544	0.0008661	0.2145	0.2135	0.5404	0.9519	1.381	61340.0	32130.0	0.3036	1.0
betac_sess[32,2]	1.307	0.001253	0.2553	0.252	0.8082	1.306	1.814	41650.0	30580.0	0.2062	1.0
betac_sess[33,1]	0.5978	0.0009242	0.1835	0.1829	0.2384	0.5982	0.9554	39420.0	33030.0	0.1951	1.0
betac_sess[33,2]	1.541	0.001054	0.2302	0.2278	1.091	1.54	1.997	47770.0	35520.0	0.2365	1.0
betac_sess[34,1]	0.6197	0.0009214	0.2116	0.2115	0.2053	0.6205	1.034	52800.0	33590.0	0.2613	1.0
betac_sess[34,2]	0.4375	0.00112	0.2353	0.235	-0.02606	0.4394	0.8918	44190.0	34200.0	0.2187	1.0
betac_sess[35,1]	-0.08839	0.0006411	0.1536	0.1521	-0.394	-0.08675	0.2075	57520.0	34540.0	0.2847	1.0
betac_sess[35,2]	0.04964	0.0006906	0.1678	0.1662	-0.2824	0.05069	0.3751	59140.0	32390.0	0.2928	1.0
betac_sess[36,1]	0.4814	0.0008374	0.194	0.1938	0.0967	0.4815	0.8562	53690.0	35610.0	0.2658	1.0
betac_sess[36,2]	1.322	0.001353	0.2665	0.2647	0.7948	1.321	1.847	38870.0	32700.0	0.1924	1.0
betac_sess[37,1]	0.9825	0.001111	0.2308	0.2284	0.5269	0.9828	1.435	43210.0	32890.0	0.2139	1.0
betac_sess[37,2]	0.6587	0.0009683	0.2105	0.2107	0.2472	0.6584	1.072	47330.0	34440.0	0.2343	1.0
betac_sess[38,1]	0.5691	0.0008247	0.1879	0.1871	0.2018	0.5698	0.9346	52000.0	32400.0	0.2574	1.0
betac_sess[38,2]	0.6447	0.001156	0.234	0.2351	0.1863	0.6431	1.102	40990.0	33330.0	0.2029	1.0
betac_sess[39,1]	0.2642	0.0006246	0.1531	0.152	-0.03987	0.2657	0.5611	60300.0	30070.0	0.2985	1.0
betac_sess[39,2]	0.5398	0.0008835	0.1961	0.1951	0.1532	0.5395	0.9243	49490.0	30970.0	0.245	1.0
betac_sess[40,1]	-0.4106	0.0008674	0.1874	0.1844	-0.7905	-0.4064	-0.05468	46870.0	35950.0	0.232	1.0
betac_sess[40,2]	0.4911	0.001049	0.2266	0.2261	0.04468	0.492	0.9333	46680.0	34510.0	0.231	1.0
betac_sess[41,1]	0.8458	0.001348	0.2534	0.2538	0.3498	0.8451	1.344	35400.0	31500.0	0.1752	1.0
betac_sess[41,2]	0.6016	0.0007994	0.1871	0.1859	0.2304	0.6021	0.9653	54840.0	33780.0	0.2714	1.0
betac_sess[42,1]	1.544	0.001191	0.2745	0.272	1.011	1.541	2.091	53250.0	33040.0	0.2636	1.0
betac_sess[42,2]	1.312	0.00158	0.326	0.324	0.6722	1.315	1.948	42610.0	33360.0	0.2109	1.0
betac_sess[43,1]	1.138	0.001431	0.2888	0.2885	0.57	1.138	1.707	40790.0	32710.0	0.2019	1.0
betac_sess[43,2]	1.485	0.001334	0.282	0.2808	0.9372	1.484	2.044	44840.0	30710.0	0.2219	1.0
betac_sess[44,1]	0.3377	0.00054	0.1401	0.1405	0.06352	0.3372	0.6145	67630.0	34760.0	0.3348	1.0
betac_sess[44,2]	0.7793	0.0008162	0.1754	0.1739	0.4327	0.7793	1.118	46230.0	34010.0	0.2288	1.0
betac_sess[45,1]	0.277	0.0009427	0.2121	0.2113	-0.1421	0.279	0.6912	50680.0	31400.0	0.2509	1.0
betac_sess[45,2]	0.07727	0.0007941	0.194	0.1919	-0.3081	0.07969	0.4506	59790.0	33800.0	0.296	1.0
betac_sess[46,1]	1.448	0.00234	0.4758	0.4712	0.5182	1.449	2.391	41570.0	29690.0	0.2058	1.0
betac_sess[46,2]	1.842	0.00305	0.5487	0.5438	0.7843	1.835	2.938	32500.0	30580.0	0.1608	1.0
betac_sess[47,1]	1.37	0.003	0.5436	0.5406	0.3161	1.366	2.447	33120.0	28160.0	0.164	1.0
betac_sess[47,2]	1.524	0.00287	0.5452	0.5416	0.46	1.522	2.602	36330.0	30600.0	0.1799	1.0
betac_sess[48,1]	0.8729	0.001682	0.3156	0.3122	0.2523	0.8735	1.488	35260.0	32060.0	0.1745	1.0
betac_sess[48,2]	0.4944	0.000972	0.2323	0.2302	0.03844	0.4944	0.951	57330.0	32250.0	0.2838	1.0
betac_sess[49,1]	1.075	0.001368	0.2725	0.2721	0.5495	1.073	1.615	39740.0	31250.0	0.1967	1.0
betac_sess[49,2]	0.872	0.0009402	0.2228	0.221	0.4285	0.8723	1.308	56160.0	35550.0	0.278	1.0
betac_sess[50,1]	-0.5197	0.000553	0.1406	0.1407	-0.7945	-0.5186	-0.2455	63720.0	29230.0	0.3154	1.0
betac_sess[50,2]	-0.4819	0.0005958	0.1448	0.1445	-0.7689	-0.4806	-0.201	59150.0	30610.0	0.2928	1.0
betac_sess[51,1]	0.4803	0.0007268	0.1732	0.1744	0.1398	0.4806	0.8185	56770.0	31110.0	0.281	1.0
betac_sess[51,2]	0.1602	0.00064	0.1576	0.1573	-0.1499	0.1599	0.4671	60920.0	33610.0	0.3016	1.0
betac_sess[52,1]	1.016	0.0008193	0.2016	0.2032	0.6274	1.015	1.414	60850.0	32850.0	0.3012	1.0
betac_sess[52,2]	1.653	0.001012	0.2374	0.2348	1.2	1.648	2.133	55680.0	31510.0	0.2756	1.0
betac_sess[53,1]	0.3434	0.0007917	0.1947	0.1934	-0.03829	0.3432	0.7278	60890.0	30780.0	0.3014	1.0
betac_sess[53,2]	0.5819	0.001153	0.2418	0.2403	0.1045	0.5827	1.057	44090.0	31960.0	0.2182	1.0
betac_sess[54,1]	0.7863	0.0008351	0.1819	0.1807	0.4278	0.7866	1.142	47430.0	32450.0	0.2348	1.0
betac_sess[54,2]	0.8365	0.0008814	0.1965	0.1962	0.4491	0.8373	1.22	49740.0	32780.0	0.2462	1.0
betac_sess[55,1]	0.4214	0.0008352	0.1897	0.1895	0.05235	0.4212	0.7933	51600.0	34120.0	0.2554	1.0
betac_sess[55,2]	0.6158	0.00101	0.2153	0.2144	0.1903	0.6165	1.035	45510.0	33120.0	0.2253	1.0
betac_sess[56,1]	0.8008	0.0008222	0.1904	0.1895	0.4272	0.8005	1.174	53760.0	35010.0	0.2661	1.0
betac_sess[56,2]	1.961	0.00158	0.3038	0.3025	1.375	1.955	2.569	37050.0	33440.0	0.1834	1.0
betac_sess[57,1]	0.002843	0.0007948	0.1726	0.1719	-0.3413	0.003952	0.3361	47200.0	33650.0	0.2336	1.0
betac_sess[57,2]	0.2792	0.0008099	0.1829	0.1824	-0.08036	0.2782	0.6375	51120.0	34280.0	0.253	1.0
betac_sess[58,1]	0.2293	0.0006317	0.1517	0.1504	-0.07437	0.2303	0.5259	57870.0	31880.0	0.2864	1.0
betac_sess[58,2]	0.4061	0.0006752	0.165	0.1642	0.07717	0.4068	0.7292	59940.0	32580.0	0.2967	1.0
betac_sess[59,1]	1.301	0.0009241	0.2099	0.209	0.8938	1.3	1.715	51770.0	32290.0	0.2562	1.0
betac_sess[59,2]	1.393	0.0009861	0.2248	0.2251	0.9569	1.391	1.833	52100.0	33600.0	0.2579	1.0
betac_sess[60,1]	0.5085	0.0009655	0.2112	0.2126	0.09253	0.5104	0.9186	47930.0	32320.0	0.2372	1.0
betac_sess[60,2]	0.531	0.001151	0.221	0.2201	0.09181	0.5331	0.9618	36870.0	32320.0	0.1825	1.0
betac_sess[61,1]	0.6563	0.0006798	0.159	0.1588	0.3446	0.6564	0.9675	54740.0	32430.0	0.2709	1.0
betac_sess[61,2]	0.9454	0.0008419	0.1843	0.1837	0.5839	0.9438	1.31	48050.0	32390.0	0.2378	1.0
betac_sess[62,1]	0.7268	0.0007793	0.1776	0.1769	0.3776	0.7272	1.075	52040.0	34920.0	0.2576	1.0
betac_sess[62,2]	1.853	0.001653	0.3226	0.3224	1.228	1.852	2.491	38160.0	34130.0	0.1889	1.0
betac_sess[63,1]	1.044	0.001034	0.2236	0.2228	0.6089	1.042	1.492	46860.0	32970.0	0.2319	1.0
betac_sess[63,2]	0.8923	0.001063	0.2316	0.2297	0.434	0.8925	1.347	47500.0	33470.0	0.2351	1.0
betac_sess[64,1]	0.822	0.001036	0.2547	0.2531	0.326	0.8213	1.324	60670.0	32380.0	0.3003	1.0
betac_sess[64,2]	1.408	0.003325	0.5126	0.5103	0.4172	1.402	2.428	23930.0	28360.0	0.1184	1.0
betac_sess[65,1]	0.4288	0.0006143	0.1478	0.146	0.136	0.4286	0.7204	57950.0	29930.0	0.2869	1.0
betac_sess[65,2]	0.4023	0.0006899	0.1622	0.1638	0.08169	0.403	0.717	55440.0	32610.0	0.2744	1.0
betac_sess[66,1]	0.3579	0.0005799	0.1491	0.1477	0.06558	0.3576	0.6511	66340.0	32270.0	0.3284	1.0
betac_sess[66,2]	0.8915	0.00114	0.2307	0.2291	0.4322	0.895	1.334	41070.0	31840.0	0.2033	1.0
betac_sess[67,1]	-0.254	0.0006614	0.1721	0.1699	-0.5951	-0.2525	0.07933	67720.0	30850.0	0.3352	1.0
betac_sess[67,2]	0.307	0.0007062	0.1601	0.1606	-0.008002	0.3084	0.6205	51610.0	32790.0	0.2554	1.0
betac_sess[68,1]	0.3175	0.0005743	0.144	0.1444	0.03472	0.3171	0.6022	62940.0	33880.0	0.3115	1.0
betac_sess[68,2]	-0.1829	0.0006548	0.1519	0.1508	-0.4875	-0.1806	0.1108	53970.0	34500.0	0.2671	1.0
betac_sess[69,1]	0.4532	0.0006047	0.1477	0.1472	0.1681	0.4529	0.7446	59850.0	30700.0	0.2963	1.0
betac_sess[69,2]	0.5961	0.0007787	0.1767	0.1763	0.2518	0.5957	0.9401	51610.0	32680.0	0.2554	1.0
betac_sess[70,1]	0.3848	0.0007486	0.1717	0.1715	0.04325	0.3858	0.7169	52670.0	34360.0	0.2607	1.0
betac_sess[70,2]	0.8192	0.001226	0.2366	0.236	0.3472	0.8206	1.28	37290.0	32110.0	0.1846	1.0
betac_sess[71,1]	0.1442	0.0007979	0.1767	0.1743	-0.2138	0.1472	0.4818	49130.0	32980.0	0.2432	1.0
betac_sess[71,2]	-0.08925	0.0006396	0.1572	0.1567	-0.4026	-0.08634	0.2143	60610.0	32250.0	0.3	1.0
betac_sess[72,1]	-1.074	0.0006864	0.1572	0.1565	-1.387	-1.073	-0.7712	52700.0	32720.0	0.2608	1.0
betac_sess[72,2]	-0.473	0.0007855	0.173	0.1713	-0.8221	-0.4705	-0.1394	48430.0	35900.0	0.2397	1.0
betac_sess[73,1]	0.7803	0.001047	0.2148	0.2162	0.3647	0.7803	1.201	42160.0	31810.0	0.2087	1.0
betac_sess[73,2]	0.9679	0.0008605	0.2037	0.2037	0.5671	0.9687	1.367	56110.0	32900.0	0.2777	1.0
betac_sess[74,1]	0.3893	0.001035	0.2157	0.2132	-0.04049	0.3914	0.807	43560.0	30140.0	0.2156	1.0
betac_sess[74,2]	0.3016	0.0008902	0.2015	0.2006	-0.101	0.3049	0.6895	51310.0	34420.0	0.254	1.0
betac_sess[75,1]	0.8019	0.000739	0.1561	0.1554	0.5011	0.7995	1.112	44720.0	29450.0	0.2214	1.0
betac_sess[75,2]	1.579	0.003598	0.5085	0.5067	0.6229	1.563	2.624	20260.0	24660.0	0.1003	1.0
betac_sess[76,1]	1.26	0.001162	0.2449	0.2462	0.7857	1.26	1.74	44780.0	33690.0	0.2217	1.0
betac_sess[76,2]	0.632	0.001146	0.2485	0.248	0.1437	0.6342	1.116	47110.0	34380.0	0.2332	1.0
betac_sess[77,1]	1.373	0.00118	0.2545	0.2502	0.8721	1.371	1.878	46600.0	31810.0	0.2307	1.0
betac_sess[77,2]	1.653	0.001259	0.2763	0.2745	1.117	1.65	2.197	48550.0	31510.0	0.2403	1.0
betac_sess[78,1]	1.004	0.0008953	0.2194	0.2196	0.5856	1.002	1.443	60510.0	29960.0	0.2995	1.0
betac_sess[78,2]	1.051	0.001076	0.2489	0.2471	0.5728	1.047	1.549	53750.0	30610.0	0.2661	1.0
betac_sess[79,1]	0.6686	0.0008634	0.1954	0.1948	0.2881	0.6663	1.054	51390.0	33190.0	0.2544	1.0
betac_sess[79,2]	0.2772	0.0008014	0.2003	0.2014	-0.1166	0.2769	0.6717	62600.0	33510.0	0.3098	1.0
betac_sess[80,1]	0.4003	0.0007556	0.1694	0.1696	0.06503	0.4003	0.7305	50350.0	32780.0	0.2492	1.0
betac_sess[80,2]	0.3953	0.0009126	0.1958	0.1954	0.00824	0.3967	0.776	46060.0	32020.0	0.228	0.9999
betac_sess[81,1]	0.8349	0.0009156	0.214	0.2114	0.411	0.8354	1.254	54830.0	32050.0	0.2714	1.0
betac_sess[81,2]	1.014	0.001384	0.2718	0.2711	0.476	1.015	1.545	38630.0	31830.0	0.1912	1.0
betac_sess[82,1]	1.324	0.001373	0.2795	0.2775	0.7805	1.32	1.881	41660.0	33370.0	0.2062	1.0
betac_sess[82,2]	1.337	0.001571	0.313	0.3108	0.723	1.339	1.947	39740.0	30230.0	0.1967	1.0
betac_sess[83,1]	0.5622	0.0009082	0.1895	0.1899	0.1915	0.5619	0.9339	43620.0	31810.0	0.2159	1.0
betac_sess[83,2]	0.5389	0.0007776	0.1894	0.1875	0.1674	0.5385	0.9122	59340.0	31090.0	0.2937	1.0
betac_sess[84,1]	0.6948	0.001022	0.2153	0.216	0.2709	0.6966	1.118	44430.0	31340.0	0.2199	1.0
betac_sess[84,2]	1.797	0.002418	0.3928	0.3908	1.038	1.791	2.574	26480.0	29120.0	0.1311	1.0
betac_sess[85,1]	0.4683	0.001001	0.2055	0.205	0.05951	0.4703	0.8648	42310.0	33460.0	0.2094	1.0
betac_sess[85,2]	0.9974	0.001315	0.2581	0.2573	0.4907	0.9976	1.502	38560.0	32160.0	0.1909	1.0
betac_sess[86,1]	1.04	0.0009276	0.1949	0.1947	0.6551	1.041	1.42	44250.0	31750.0	0.219	1.0
betac_sess[86,2]	1.179	0.0008625	0.1964	0.1963	0.7978	1.178	1.569	52050.0	32690.0	0.2576	1.0
betac_sess[87,1]	0.2568	0.0006162	0.1517	0.1517	-0.04265	0.257	0.5529	60900.0	32060.0	0.3014	1.0
betac_sess[87,2]	0.1369	0.0005869	0.1489	0.1492	-0.1579	0.1378	0.4254	64600.0	32700.0	0.3197	1.0
betac_sess[88,1]	0.2182	0.0005446	0.1411	0.1412	-0.05607	0.2181	0.4943	67200.0	30870.0	0.3326	1.0
betac_sess[88,2]	0.03703	0.0005901	0.1492	0.1475	-0.2584	0.03853	0.3271	63990.0	32450.0	0.3167	1.0
betac_sess[89,1]	0.662	0.001107	0.2344	0.2333	0.2018	0.662	1.122	44880.0	31160.0	0.2222	1.0
betac_sess[89,2]	0.8939	0.001159	0.2453	0.2457	0.4119	0.8952	1.37	44820.0	32040.0	0.2219	1.0
betac_sess[90,1]	1.189	0.002495	0.4349	0.4349	0.3351	1.191	2.037	30380.0	29330.0	0.1504	1.0
betac_sess[90,2]	1.219	0.001431	0.3087	0.307	0.617	1.217	1.824	46680.0	33470.0	0.2311	1.0
betac_sess[91,1]	0.4715	0.0006386	0.1508	0.1504	0.175	0.4716	0.7665	55870.0	31160.0	0.2766	1.0
betac_sess[91,2]	0.5624	0.0007373	0.1671	0.1668	0.2299	0.5644	0.8861	51550.0	30870.0	0.2552	1.0
betac_sess[92,1]	-0.1755	0.00137	0.222	0.2192	-0.6356	-0.1659	0.234	26770.0	26990.0	0.1325	1.0
betac_sess[92,2]	0.3685	0.001152	0.2234	0.2232	-0.07972	0.3738	0.7939	37740.0	32880.0	0.1868	1.0
betac_sess[93,1]	0.5417	0.0008206	0.1924	0.1924	0.1675	0.5417	0.9199	55010.0	31980.0	0.2723	1.0
betac_sess[93,2]	0.5219	0.0009979	0.2156	0.2125	0.09518	0.5241	0.9386	46790.0	31440.0	0.2316	1.0
betac_sess[94,1]	0.3396	0.0007628	0.1845	0.1851	-0.01998	0.3392	0.703	58600.0	32280.0	0.2901	0.9999
betac_sess[94,2]	0.711	0.001	0.2219	0.2205	0.2759	0.711	1.147	49430.0	33490.0	0.2447	1.0
betac_sess[95,1]	0.6441	0.001079	0.2108	0.2104	0.2285	0.6453	1.053	38240.0	32360.0	0.1893	1.0
betac_sess[95,2]	0.6909	0.0009416	0.2064	0.208	0.2864	0.6921	1.09	48180.0	32280.0	0.2385	1.0
betac_sess[96,1]	0.74	0.0008228	0.1973	0.1973	0.3528	0.7416	1.123	57610.0	34670.0	0.2851	1.0
betac_sess[96,2]	1.434	0.001407	0.2867	0.2855	0.8783	1.43	2.008	41650.0	33000.0	0.2062	1.0
betac_sess[97,1]	0.9127	0.001561	0.2987	0.2971	0.3287	0.9131	1.501	36660.0	30080.0	0.1815	1.0
betac_sess[97,2]	0.5799	0.001123	0.2336	0.2337	0.1195	0.5819	1.036	43330.0	35330.0	0.2145	1.0
betac_sess[98,1]	1.282	0.001022	0.2184	0.216	0.8541	1.281	1.711	45740.0	33260.0	0.2264	1.0
betac_sess[98,2]	0.6035	0.000905	0.1946	0.1932	0.2141	0.6053	0.9825	46300.0	35330.0	0.2292	1.0
betac_sess[99,1]	0.8896	0.0009609	0.2068	0.2074	0.4867	0.8884	1.297	46370.0	34480.0	0.2295	1.0
betac_sess[99,2]	0.3889	0.0008735	0.1924	0.1918	0.01142	0.3891	0.7663	48590.0	33670.0	0.2405	1.0
betac_sess[100,1]	0.529	0.001055	0.2108	0.2104	0.1096	0.5304	0.9351	39950.0	33230.0	0.1978	1.0
betac_sess[100,2]	0.2865	0.00099	0.2197	0.2185	-0.153	0.2889	0.7132	49230.0	31500.0	0.2437	1.0
betac_sess[101,1]	0.1289	0.0008029	0.192	0.1917	-0.2538	0.1293	0.5004	57240.0	33710.0	0.2833	1.0
betac_sess[101,2]	0.777	0.00106	0.2251	0.2235	0.3338	0.7782	1.216	45150.0	33980.0	0.2235	1.0
betac_sess[102,1]	1.365	0.001208	0.2408	0.2416	0.8935	1.365	1.836	39810.0	34860.0	0.1971	1.0
betac_sess[102,2]	0.5082	0.0007403	0.1617	0.1601	0.1882	0.5089	0.8243	47750.0	35390.0	0.2364	1.0
betac_sess[103,1]	0.4795	0.0007732	0.187	0.1859	0.1158	0.4794	0.8478	58710.0	33470.0	0.2906	0.9999
betac_sess[103,2]	1.075	0.0008629	0.2089	0.2101	0.6751	1.073	1.491	58900.0	33000.0	0.2916	1.0
betac_sess[104,1]	0.5435	0.0009026	0.2015	0.2021	0.1469	0.5452	0.9335	49900.0	33350.0	0.247	1.0
betac_sess[104,2]	0.2154	0.001041	0.2296	0.2294	-0.2351	0.2168	0.6643	48650.0	34520.0	0.2408	1.0
betac_sess[105,1]	0.334	0.0007534	0.173	0.1733	-0.00784	0.3344	0.6731	52810.0	33470.0	0.2614	1.0
betac_sess[105,2]	0.606	0.0009573	0.201	0.2004	0.2098	0.6051	0.9964	44150.0	33390.0	0.2186	1.0
betac_sess[106,1]	1.235	0.0008764	0.2055	0.2053	0.8355	1.234	1.638	55050.0	33530.0	0.2725	1.0
betac_sess[106,2]	1.348	0.001054	0.232	0.2322	0.8959	1.347	1.804	48540.0	33550.0	0.2403	1.0
betac_sess[107,1]	1.02	0.0009093	0.2128	0.2114	0.6018	1.02	1.438	54910.0	32630.0	0.2718	1.0
betac_sess[107,2]	1.221	0.001107	0.2421	0.2412	0.7492	1.219	1.703	47910.0	32180.0	0.2372	1.0
betac_sess[108,1]	1.368	0.001337	0.2615	0.2614	0.8532	1.367	1.883	38510.0	31150.0	0.1906	1.0
betac_sess[108,2]	1.022	0.001089	0.2348	0.2346	0.5624	1.022	1.479	46690.0	35450.0	0.2311	1.0
betac_sess[109,1]	0.6837	0.001027	0.2004	0.2009	0.2849	0.6876	1.068	38170.0	33180.0	0.1889	1.0
betac_sess[109,2]	0.8408	0.001051	0.2228	0.2223	0.4057	0.8411	1.28	45090.0	30700.0	0.2232	1.0
betac_sess[110,1]	0.9635	0.001274	0.2586	0.2582	0.4588	0.9639	1.47	41400.0	32860.0	0.2049	1.0
betac_sess[110,2]	1.41	0.001415	0.2896	0.2873	0.8477	1.408	1.984	42050.0	32390.0	0.2081	1.0
betac_sess[111,1]	-0.08908	0.0005501	0.1447	0.1451	-0.3743	-0.0891	0.1925	69340.0	31020.0	0.3432	1.0
betac_sess[111,2]	0.099	0.000808	0.1854	0.1846	-0.2709	0.1009	0.4574	52800.0	31980.0	0.2614	1.0
betac_sess[112,1]	1.587	0.0009212	0.2242	0.226	1.158	1.583	2.041	59530.0	34120.0	0.2947	1.0
betac_sess[112,2]	1.703	0.001162	0.2636	0.2608	1.195	1.702	2.232	51680.0	32830.0	0.2558	1.0
betac_sess[113,1]	0.4389	0.0008693	0.1819	0.1816	0.07817	0.4413	0.7887	43950.0	32990.0	0.2175	1.0
betac_sess[113,2]	0.2387	0.0007377	0.1716	0.1708	-0.1025	0.2402	0.5718	54350.0	33400.0	0.269	1.0
betac_sess[114,1]	1.236	0.001179	0.265	0.2649	0.7233	1.234	1.761	50500.0	33790.0	0.25	1.0
betac_sess[114,2]	0.9385	0.001169	0.2622	0.2585	0.4217	0.9404	1.452	50390.0	32180.0	0.2494	1.0
betac_sess[115,1]	1.159	0.0009804	0.2197	0.2174	0.7309	1.157	1.598	50410.0	32350.0	0.2495	1.0
betac_sess[115,2]	1.293	0.001149	0.2461	0.244	0.8169	1.291	1.785	46150.0	32070.0	0.2285	1.0
betac_sess[116,1]	0.1399	0.0009273	0.2139	0.2134	-0.288	0.143	0.5502	53310.0	33330.0	0.2639	1.0
betac_sess[116,2]	0.2113	0.001497	0.2986	0.2989	-0.3801	0.2147	0.7874	39820.0	32620.0	0.1971	1.0
betac_sess[117,1]	1.025	0.001341	0.2607	0.26	0.5008	1.03	1.522	37820.0	32200.0	0.1872	1.0
betac_sess[117,2]	1.482	0.001454	0.2801	0.2812	0.9297	1.485	2.026	37110.0	30880.0	0.1837	1.0
betac_sess[118,1]	1.219	0.00115	0.2485	0.2471	0.7304	1.217	1.706	46700.0	32570.0	0.2312	1.0
betac_sess[118,2]	1.312	0.001237	0.26	0.2606	0.8057	1.311	1.822	44280.0	30370.0	0.2192	1.0
betac_sess[119,1]	0.4714	0.0008653	0.1929	0.1919	0.0921	0.471	0.8513	49790.0	30450.0	0.2465	1.0
betac_sess[119,2]	0.5647	0.00101	0.2141	0.2125	0.1416	0.5644	0.9863	45040.0	32730.0	0.2229	1.0
betac_sess[120,1]	0.2427	0.001064	0.2152	0.2151	-0.1868	0.2461	0.6543	41030.0	30430.0	0.2031	1.0
betac_sess[120,2]	0.2418	0.001063	0.2171	0.2185	-0.1931	0.2454	0.658	41710.0	32220.0	0.2065	1.0
betac_sess[121,1]	0.4482	0.0009269	0.1999	0.1994	0.0449	0.4513	0.8314	46420.0	34110.0	0.2298	1.0
betac_sess[121,2]	1.344	0.001157	0.2503	0.2471	0.8482	1.344	1.834	46990.0	32790.0	0.2326	0.9999
betac_sess[122,1]	1.633	0.001687	0.3185	0.3164	1.009	1.632	2.26	35690.0	31330.0	0.1767	1.0
betac_sess[122,2]	1.761	0.001199	0.2797	0.2795	1.221	1.76	2.316	54510.0	34540.0	0.2698	1.0
betac_sess[123,1]	1.219	0.0006223	0.1626	0.1635	0.9073	1.218	1.543	68530.0	30700.0	0.3392	1.0
betac_sess[123,2]	1.544	0.000927	0.2118	0.2127	1.135	1.542	1.966	52490.0	31980.0	0.2598	1.0
betac_sess[124,1]	0.8995	0.001032	0.2106	0.2119	0.4862	0.9006	1.313	41640.0	33200.0	0.2061	1.0
betac_sess[124,2]	0.8858	0.000778	0.1926	0.1925	0.5113	0.8861	1.264	61540.0	33210.0	0.3046	1.0
betac_sess[125,1]	0.4343	0.001093	0.2284	0.2279	-0.01833	0.4357	0.8785	43680.0	32260.0	0.2162	1.0
betac_sess[125,2]	0.8575	0.001193	0.2501	0.2499	0.3672	0.8567	1.35	44020.0	32520.0	0.2179	1.0
betac_sess[126,1]	0.5988	0.0009598	0.2194	0.2175	0.1669	0.5989	1.029	52340.0	32120.0	0.2591	1.0
betac_sess[126,2]	0.9991	0.001425	0.2748	0.2713	0.4618	0.9985	1.54	37230.0	31570.0	0.1843	1.0
betac_sess[127,1]	0.4149	0.0008316	0.1881	0.1883	0.03906	0.4164	0.7815	51200.0	32050.0	0.2535	1.0
betac_sess[127,2]	0.8387	0.0009789	0.2105	0.2105	0.4312	0.8371	1.258	46340.0	31030.0	0.2294	1.0
betac_sess[128,1]	0.6333	0.0008947	0.1844	0.1852	0.2738	0.6333	0.9964	42520.0	33570.0	0.2104	1.0
betac_sess[128,2]	0.7286	0.0009723	0.201	0.1987	0.3272	0.7288	1.117	42870.0	32510.0	0.2122	1.0
betac_sess[129,1]	0.2159	0.0008036	0.1908	0.1906	-0.1607	0.2177	0.5857	56500.0	33170.0	0.2797	1.0
betac_sess[129,2]	0.6199	0.0009293	0.211	0.2101	0.2042	0.6205	1.033	51610.0	32890.0	0.2555	1.0
betac_sess[130,1]	0.2735	0.0006018	0.1433	0.1431	-0.007031	0.2727	0.5545	56840.0	31400.0	0.2814	1.0
betac_sess[130,2]	0.6322	0.001546	0.1832	0.1843	0.2718	0.6334	0.983	14050.0	27720.0	0.06956	1.0
betac_sess[131,1]	0.3162	0.0005857	0.1428	0.1425	0.0364	0.3166	0.5958	59560.0	33320.0	0.2948	1.0
betac_sess[131,2]	0.732	0.000617	0.1557	0.1555	0.4279	0.731	1.037	63740.0	32820.0	0.3155	1.0
betac_sess[132,1]	0.6809	0.0008244	0.1788	0.1778	0.329	0.6808	1.028	47050.0	32640.0	0.2329	1.0
betac_sess[132,2]	0.7372	0.0008232	0.1786	0.1772	0.3855	0.7376	1.087	47090.0	32420.0	0.2331	1.0
betac_sess[133,1]	-1.083	0.0006963	0.1596	0.1605	-1.403	-1.08	-0.7771	52710.0	35010.0	0.2609	1.0
betac_sess[133,2]	-1.188	0.0007334	0.1693	0.1674	-1.53	-1.185	-0.8615	53390.0	32570.0	0.2643	1.0
betac_sess[134,1]	1.044	0.001086	0.2302	0.2292	0.5943	1.045	1.495	44960.0	32840.0	0.2226	1.0
betac_sess[134,2]	0.6576	0.0009927	0.225	0.2238	0.2161	0.6579	1.097	51440.0	34650.0	0.2546	1.0
betac_sess[135,1]	0.9776	0.001141	0.2432	0.2438	0.4955	0.9791	1.451	45530.0	32130.0	0.2254	1.0
betac_sess[135,2]	1.49	0.001066	0.2415	0.242	1.02	1.488	1.969	51380.0	32580.0	0.2543	1.0
betac_sess[136,1]	0.6832	0.0007728	0.1792	0.1788	0.3299	0.6838	1.036	53820.0	32580.0	0.2664	1.0
betac_sess[136,2]	0.5994	0.0008623	0.1964	0.1968	0.2117	0.5991	0.9821	51920.0	33450.0	0.257	1.0
betac_sess[137,1]	0.9747	0.001056	0.2361	0.2339	0.5106	0.9759	1.439	50110.0	31000.0	0.248	1.0
betac_sess[137,2]	1.453	0.001034	0.2436	0.2452	0.9837	1.45	1.938	55730.0	33470.0	0.2759	1.0
betac_sess[138,1]	1.622	0.00144	0.2962	0.2958	1.048	1.623	2.203	42570.0	32230.0	0.2107	1.0
betac_sess[138,2]	1.502	0.001455	0.2942	0.2908	0.9232	1.502	2.086	41070.0	32770.0	0.2033	1.0
betac_sess[139,1]	0.6019	0.0008195	0.1956	0.1955	0.2137	0.6052	0.9808	57070.0	35180.0	0.2825	1.0
betac_sess[139,2]	1.452	0.001621	0.2953	0.2954	0.8758	1.453	2.029	33300.0	32710.0	0.1648	1.0
betac_sess[140,1]	0.4887	0.001066	0.234	0.2328	0.02199	0.4905	0.9413	48270.0	31030.0	0.2389	1.0
betac_sess[140,2]	0.371	0.001024	0.2259	0.2263	-0.07849	0.3732	0.8073	48720.0	33360.0	0.2412	1.0
betac_sess[141,1]	1.474	0.001094	0.2327	0.231	1.021	1.474	1.935	45320.0	34500.0	0.2244	1.0
betac_sess[141,2]	1.025	0.00102	0.2279	0.2274	0.5714	1.028	1.467	50060.0	33910.0	0.2478	1.0
alpha1_common[1]	0.456	0.0002991	0.06157	0.06071	0.3401	0.4545	0.5805	42800.0	28340.0	0.2119	1.0
alpha1_common[2]	0.1405	0.001589	0.06245	0.06478	0.04476	0.1321	0.2773	1558.0	7750.0	0.007714	1.004
alpha1_common[3]	0.7857	0.0002664	0.04999	0.04969	0.6852	0.7865	0.8818	35140.0	28990.0	0.1739	1.0
alpha1_common[4]	0.2062	0.0008671	0.07853	0.07193	0.08746	0.1946	0.3948	11200.0	10170.0	0.05543	1.001
alpha1_common[5]	0.5982	0.002661	0.1098	0.1146	0.3801	0.6013	0.801	1741.0	6957.0	0.008618	1.004
alpha1_common[6]	0.7047	0.001052	0.07822	0.07731	0.5449	0.7069	0.8536	5609.0	13260.0	0.02776	1.001
alpha1_common[7]	0.2243	0.001705	0.07101	0.06996	0.11	0.216	0.3852	1718.0	8581.0	0.008502	1.003
alpha1_common[8]	0.6676	0.001737	0.08609	0.08688	0.5054	0.6649	0.8415	2482.0	10360.0	0.01228	1.002
alpha1_common[9]	0.5793	0.0003926	0.06058	0.05983	0.4617	0.5784	0.6998	23920.0	27910.0	0.1184	1.0
alpha1_common[10]	0.2787	0.001157	0.07504	0.07152	0.1541	0.2707	0.4478	4330.0	13860.0	0.02143	1.001
alpha1_common[11]	0.9445	0.0002181	0.04459	0.04086	0.8331	0.955	0.9979	34130.0	23970.0	0.1689	1.0
alpha1_common[12]	0.0686	0.0004947	0.04409	0.03692	0.01238	0.05889	0.18	6942.0	17190.0	0.03436	1.001
alpha1_common[13]	0.139	0.001307	0.05629	0.05659	0.0527	0.1317	0.2659	1816.0	8569.0	0.008989	1.004
alpha1_common[14]	0.6098	0.000918	0.06219	0.06021	0.4775	0.6133	0.7237	4779.0	11170.0	0.02366	1.001
alpha1_common[15]	0.2982	0.0004391	0.05372	0.05265	0.196	0.2967	0.4081	14810.0	20230.0	0.0733	1.0
alpha1_common[16]	0.5156	0.000751	0.05798	0.05706	0.4106	0.5128	0.6368	6075.0	15350.0	0.03007	1.001
alpha1_common[17]	0.4721	0.0007262	0.1202	0.1185	0.2468	0.4683	0.7223	28230.0	24600.0	0.1397	1.0
alpha1_common[18]	0.448	0.00101	0.07469	0.07429	0.3	0.4483	0.5935	5511.0	14320.0	0.02728	1.001
alpha1_common[19]	0.7158	0.001101	0.09131	0.08942	0.522	0.7206	0.8855	7281.0	12600.0	0.03604	1.001
alpha1_common[20]	0.6673	0.00206	0.07725	0.08102	0.5147	0.6694	0.8123	1439.0	6326.0	0.007125	1.004
alpha1_common[21]	0.5431	0.0006445	0.0582	0.05764	0.429	0.543	0.658	8201.0	20710.0	0.04059	1.001
alpha1_common[22]	0.4567	0.001914	0.1222	0.1272	0.224	0.4571	0.6959	4106.0	10720.0	0.02032	1.002
alpha1_common[23]	0.6403	0.003759	0.1299	0.1463	0.3965	0.6452	0.8735	1249.0	5952.0	0.00618	1.005
alpha1_common[24]	0.215	0.0004638	0.07754	0.07401	0.09114	0.2053	0.3926	28520.0	28250.0	0.1412	1.0
alpha1_common[25]	0.09929	0.001038	0.07401	0.05466	0.01621	0.07897	0.2961	5201.0	10470.0	0.02574	1.001
alpha1_common[26]	0.6908	0.0003504	0.05609	0.05576	0.5792	0.6916	0.7991	25560.0	28420.0	0.1265	1.0
alpha1_common[27]	0.895	0.000797	0.05673	0.05699	0.7688	0.9009	0.9861	5479.0	11010.0	0.02712	1.001
alpha1_common[28]	0.4176	0.0004915	0.07389	0.07246	0.2747	0.4167	0.566	22280.0	25020.0	0.1103	1.0
alpha1_common[29]	0.4951	0.002795	0.1075	0.1141	0.3014	0.4904	0.7094	1513.0	7675.0	0.007489	1.004
alpha1_common[30]	0.7398	0.0003911	0.05521	0.0549	0.6306	0.7398	0.8476	19980.0	21650.0	0.0989	1.0
alpha1_common[31]	0.4193	0.004339	0.1443	0.1657	0.1785	0.4113	0.7015	1150.0	5768.0	0.005693	1.006
alpha1_common[32]	0.6298	0.001563	0.07087	0.07012	0.4811	0.6338	0.7581	2084.0	8516.0	0.01032	1.003
alpha1_common[33]	0.4424	0.001496	0.1901	0.2109	0.1025	0.4423	0.8079	15850.0	17800.0	0.07847	1.0
alpha1_common[34]	0.6339	0.0003903	0.06276	0.06236	0.5124	0.6334	0.7581	25960.0	19970.0	0.1285	1.0
alpha1_common[35]	0.1562	0.0005965	0.08038	0.06721	0.04976	0.1395	0.3587	20940.0	20090.0	0.1037	1.0
alpha1_common[36]	0.3526	0.001519	0.07998	0.07981	0.2128	0.3474	0.5247	2806.0	10640.0	0.01389	1.002
alpha1_common[37]	0.7241	0.0007919	0.07428	0.07376	0.5799	0.7231	0.8709	8945.0	15280.0	0.04428	1.001
alpha1_common[38]	0.6467	0.001166	0.07419	0.07356	0.5015	0.647	0.7924	4049.0	12770.0	0.02004	1.002
alpha1_common[39]	0.05971	0.0003092	0.03015	0.02577	0.01782	0.05408	0.1338	9330.0	21130.0	0.04618	1.0
alpha1_common[40]	0.7144	0.0008968	0.08344	0.08183	0.5491	0.7147	0.8786	8816.0	15400.0	0.04364	1.0
alpha1_common[41]	0.6191	0.001544	0.1293	0.1258	0.338	0.6282	0.8521	7878.0	10670.0	0.039	1.001
alpha1_common[42]	0.6528	0.001717	0.08427	0.08405	0.4761	0.6569	0.8078	2433.0	8822.0	0.01204	1.002
alpha1_common[43]	0.1777	0.0007022	0.04384	0.04376	0.1007	0.1746	0.2714	3893.0	15160.0	0.01927	1.002
alpha1_common[44]	0.09438	0.0009016	0.0648	0.05191	0.01419	0.07945	0.2615	4789.0	15450.0	0.0237	1.002
alpha1_common[45]	0.06657	0.0004175	0.02661	0.02361	0.02769	0.06221	0.1307	4372.0	9848.0	0.02164	1.002
alpha1_common[46]	0.1696	0.000813	0.04691	0.0469	0.08651	0.1666	0.2694	3312.0	12810.0	0.01639	1.002
alpha1_common[47]	0.1305	0.0002219	0.03557	0.03427	0.07232	0.1267	0.2106	29430.0	22130.0	0.1457	1.0
alpha1_common[48]	0.5691	0.0002825	0.05617	0.05606	0.4623	0.5681	0.6821	39900.0	30550.0	0.1975	1.0
alpha1_common[49]	0.3942	0.001233	0.07051	0.06944	0.2558	0.3944	0.5328	3278.0	10260.0	0.01623	1.002
alpha1_common[50]	0.009929	6.187e-05	0.01071	0.006853	0.0002283	0.006618	0.03883	29170.0	26740.0	0.1444	1.0
alpha1_common[51]	0.0712	0.0003774	0.03187	0.02936	0.02466	0.06609	0.1469	6139.0	15840.0	0.03039	1.001
alpha1_common[52]	0.9581	0.0001997	0.03699	0.03066	0.8624	0.9681	0.9987	33920.0	25490.0	0.1679	1.0
alpha1_common[53]	0.8949	0.001296	0.07383	0.06651	0.7116	0.9104	0.9924	3734.0	9059.0	0.01848	1.002
alpha1_common[54]	0.4773	0.002252	0.09753	0.1007	0.2941	0.4759	0.6722	1887.0	8150.0	0.009343	1.003
alpha1_common[55]	0.8197	0.0007304	0.06264	0.06279	0.6929	0.8213	0.9381	7479.0	18960.0	0.03702	1.001
alpha1_common[56]	0.5277	0.000326	0.06761	0.06742	0.3976	0.5267	0.6614	43290.0	29460.0	0.2143	1.0
alpha1_common[57]	0.7888	0.001762	0.09838	0.1032	0.5825	0.796	0.9565	3263.0	9590.0	0.01615	1.002
alpha1_common[58]	0.0601	0.0002625	0.04139	0.0337	0.008246	0.05097	0.164	24290.0	24530.0	0.1202	1.0
alpha1_common[59]	0.8109	0.0007869	0.0862	0.08754	0.6316	0.8146	0.965	12520.0	18630.0	0.06196	1.0
alpha1_common[60]	0.5033	0.002026	0.09274	0.0946	0.3159	0.5067	0.6752	2137.0	9709.0	0.01058	1.002
alpha1_common[61]	0.4167	0.0009458	0.08021	0.07996	0.2605	0.4164	0.5743	7178.0	19210.0	0.03553	1.001
alpha1_common[62]	0.229	0.001461	0.07427	0.0764	0.1017	0.2239	0.3863	2519.0	9662.0	0.01247	1.002
alpha1_common[63]	0.77	0.0003098	0.0526	0.05179	0.6646	0.7707	0.8714	28500.0	21470.0	0.1411	1.0
alpha1_common[64]	0.1127	0.0007273	0.03839	0.0336	0.05821	0.1056	0.2081	2897.0	8127.0	0.01434	1.002
alpha1_common[65]	0.04716	0.0002858	0.03574	0.02808	0.004837	0.03882	0.1379	14510.0	21840.0	0.07184	1.0
alpha1_common[66]	0.1162	0.0009503	0.04653	0.04379	0.04693	0.1087	0.2261	2353.0	9331.0	0.01165	1.002
alpha1_common[67]	0.08594	0.0009175	0.06446	0.04851	0.01277	0.06902	0.2547	4645.0	13270.0	0.02299	1.001
alpha1_common[68]	0.03971	0.0002521	0.02897	0.02183	0.006258	0.03233	0.1147	12020.0	21050.0	0.05951	1.0
alpha1_common[69]	0.04363	0.0002706	0.01779	0.01574	0.01807	0.04048	0.08694	4359.0	10800.0	0.02158	1.001
alpha1_common[70]	0.3316	0.003183	0.1176	0.1276	0.139	0.3222	0.5751	1383.0	6566.0	0.006846	1.004
alpha1_common[71]	0.1395	0.001265	0.07895	0.06588	0.0393	0.1209	0.3406	3875.0	10390.0	0.01918	1.001
alpha1_common[72]	0.09559	0.000396	0.04827	0.03876	0.03072	0.08707	0.2123	12960.0	17530.0	0.06415	1.0
alpha1_common[73]	0.2748	0.001938	0.0821	0.08728	0.1189	0.2762	0.431	1829.0	8002.0	0.009055	1.003
alpha1_common[74]	0.1294	0.0004141	0.04616	0.04488	0.05431	0.1244	0.2335	11370.0	20720.0	0.05628	1.0
alpha1_common[75]	0.1006	0.0006386	0.03694	0.03598	0.04315	0.0957	0.185	3265.0	11860.0	0.01616	1.002
alpha1_common[76]	0.3944	0.0004619	0.06707	0.06627	0.2671	0.3928	0.5317	21790.0	20530.0	0.1079	1.0
alpha1_common[77]	0.8957	0.0003512	0.06337	0.06569	0.7545	0.9029	0.9921	28690.0	21890.0	0.142	1.0
alpha1_common[78]	0.9732	0.0001642	0.0248	0.01943	0.9093	0.9802	0.9992	26280.0	25790.0	0.1301	1.0
alpha1_common[79]	0.9213	0.0004764	0.04225	0.04287	0.8281	0.9257	0.9893	8472.0	19010.0	0.04194	1.0
alpha1_common[80]	0.7558	0.0005407	0.09502	0.09712	0.5675	0.7564	0.9377	29880.0	22270.0	0.1479	1.0
alpha1_common[81]	0.3815	0.001707	0.08211	0.08404	0.2246	0.3813	0.5428	2340.0	9252.0	0.01158	1.003
alpha1_common[82]	0.2903	0.0004784	0.06404	0.06291	0.1781	0.2855	0.4285	19280.0	23250.0	0.09545	1.0
alpha1_common[83]	0.921	0.000819	0.06528	0.0576	0.754	0.9373	0.9974	8695.0	8318.0	0.04304	1.001
alpha1_common[84]	0.4589	0.001695	0.1053	0.107	0.2575	0.4581	0.6664	3907.0	15540.0	0.01934	1.001
alpha1_common[85]	0.594	0.001849	0.08646	0.0857	0.4238	0.5938	0.7641	2194.0	8706.0	0.01086	1.003
alpha1_common[86]	0.6244	0.0006347	0.08459	0.08502	0.4627	0.6229	0.7933	17740.0	24240.0	0.08783	1.001
alpha1_common[87]	0.1482	0.001693	0.09065	0.08509	0.02854	0.1287	0.367	2701.0	10770.0	0.01337	1.002
alpha1_common[88]	0.02235	0.0001276	0.02142	0.01472	0.0009482	0.01637	0.0786	26960.0	26200.0	0.1334	1.0
alpha1_common[89]	0.6606	0.001114	0.07492	0.07334	0.5055	0.6637	0.8012	4644.0	10200.0	0.02298	1.001
alpha1_common[90]	0.3749	0.0006907	0.07812	0.07854	0.228	0.3732	0.5327	12430.0	16930.0	0.06155	1.0
alpha1_common[91]	0.1174	0.0005083	0.07059	0.05384	0.03133	0.1014	0.2983	21680.0	21410.0	0.1073	1.0
alpha1_common[92]	0.4876	0.001315	0.1051	0.1023	0.273	0.4895	0.6914	6539.0	10750.0	0.03237	1.001
alpha1_common[93]	0.945	0.0003686	0.0412	0.03879	0.8448	0.9535	0.9974	13990.0	16830.0	0.06925	1.0
alpha1_common[94]	0.8121	0.003081	0.1849	0.1267	0.2963	0.8757	0.9948	5195.0	6896.0	0.02571	1.001
alpha1_common[95]	0.6563	0.000612	0.1002	0.09976	0.4612	0.6548	0.8559	26690.0	23220.0	0.1321	1.0
alpha1_common[96]	0.4122	0.0008195	0.07524	0.07536	0.2702	0.4099	0.5666	8518.0	21980.0	0.04216	1.0
alpha1_common[97]	0.6583	0.003629	0.1213	0.137	0.4265	0.6651	0.8713	1181.0	5741.0	0.005848	1.006
alpha1_common[98]	0.6493	0.002239	0.1295	0.1322	0.3803	0.6547	0.8853	3427.0	11130.0	0.01697	1.001
alpha1_common[99]	0.8836	0.0007632	0.07234	0.0717	0.7171	0.8938	0.9901	9728.0	16380.0	0.04815	1.0
alpha1_common[100]	0.5579	0.0005895	0.08223	0.08081	0.4084	0.5536	0.7327	20410.0	21610.0	0.101	1.0
alpha1_common[101]	0.5636	0.001242	0.08772	0.08565	0.3822	0.5664	0.7309	5104.0	10360.0	0.02526	1.001
alpha1_common[102]	0.1736	0.002135	0.08256	0.08288	0.05245	0.1601	0.3603	1519.0	7123.0	0.007519	1.004
alpha1_common[103]	0.9621	0.0002036	0.0317	0.02742	0.8815	0.97	0.9986	26470.0	23780.0	0.131	1.0
alpha1_common[104]	0.6411	0.0007203	0.05957	0.05897	0.5257	0.6402	0.7608	6867.0	17640.0	0.03399	1.001
alpha1_common[105]	0.929	0.0003962	0.05694	0.05088	0.786	0.9427	0.9971	22660.0	20720.0	0.1122	1.0
alpha1_common[106]	0.6543	0.0003232	0.06207	0.06157	0.5332	0.6542	0.777	37370.0	24130.0	0.185	1.0
alpha1_common[107]	0.5626	0.003668	0.1207	0.1385	0.348	0.5642	0.7881	1139.0	5807.0	0.005636	1.005
alpha1_common[108]	0.4945	0.0004674	0.07489	0.07338	0.3457	0.4946	0.6406	26420.0	21580.0	0.1308	1.0
alpha1_common[109]	0.2519	0.0007411	0.0862	0.08524	0.1072	0.2441	0.4416	16150.0	17930.0	0.07996	1.0
alpha1_common[110]	0.5065	0.00115	0.07452	0.0737	0.3557	0.5078	0.6493	4256.0	10990.0	0.02107	1.001
alpha1_common[111]	0.07883	0.0007635	0.04325	0.04006	0.0166	0.07165	0.1816	2953.0	10950.0	0.01462	1.002
alpha1_common[112]	0.6557	0.0007423	0.07018	0.06988	0.5249	0.6533	0.8001	9008.0	21000.0	0.04459	1.001
alpha1_common[113]	0.5246	0.0007602	0.1155	0.114	0.3005	0.5233	0.755	23050.0	19060.0	0.1141	1.0
alpha1_common[114]	0.3219	0.00176	0.0698	0.06997	0.1973	0.3176	0.4688	1601.0	7019.0	0.007924	1.004
alpha1_common[115]	0.8047	0.001138	0.05852	0.05719	0.6755	0.8101	0.9056	2672.0	9350.0	0.01323	1.002
alpha1_common[116]	0.5032	0.000685	0.0572	0.05598	0.3969	0.5015	0.62	6984.0	19580.0	0.03457	1.001
alpha1_common[117]	0.5303	0.0004115	0.07894	0.07654	0.3757	0.5294	0.6887	36940.0	21800.0	0.1828	1.0
alpha1_common[118]	0.7498	0.0005329	0.07597	0.07535	0.598	0.7505	0.8977	20540.0	24400.0	0.1017	1.0
alpha1_common[119]	0.8991	0.0002944	0.0534	0.05594	0.7842	0.9028	0.9884	30290.0	21910.0	0.1499	1.0
alpha1_common[120]	0.2289	0.001523	0.0827	0.08183	0.09829	0.2187	0.4155	2915.0	13230.0	0.01443	1.002
alpha1_common[121]	0.287	0.001337	0.1037	0.1021	0.1201	0.2747	0.5225	5922.0	17270.0	0.02932	1.001
alpha1_common[122]	0.5174	0.0003909	0.06658	0.0652	0.3865	0.5172	0.6492	29060.0	22010.0	0.1439	1.0
alpha1_common[123]	0.1698	0.001259	0.05175	0.05316	0.08204	0.166	0.2794	1696.0	8171.0	0.008394	1.004
alpha1_common[124]	0.6887	0.0006513	0.06114	0.06048	0.5707	0.6879	0.8103	8867.0	18270.0	0.04389	1.001
alpha1_common[125]	0.644	0.0003021	0.05799	0.05691	0.5312	0.6432	0.7597	37260.0	28520.0	0.1844	1.0
alpha1_common[126]	0.7366	0.0007909	0.05785	0.05699	0.6217	0.7365	0.849	5385.0	13680.0	0.02665	1.001
alpha1_common[127]	0.7511	0.001923	0.08506	0.08879	0.5823	0.7531	0.9088	1994.0	7587.0	0.009871	1.003
alpha1_common[128]	0.8705	0.0004606	0.0852	0.0876	0.6749	0.8827	0.9922	32840.0	24470.0	0.1626	1.0
alpha1_common[129]	0.7767	0.0009654	0.06032	0.05864	0.6476	0.7803	0.8853	4015.0	10760.0	0.01987	1.001
alpha1_common[130]	0.6285	0.004064	0.2535	0.2657	0.1281	0.6953	0.9731	4666.0	5617.0	0.0231	1.0
alpha1_common[131]	0.4968	0.002056	0.1201	0.1208	0.2638	0.4962	0.7336	3411.0	12200.0	0.01688	1.002
alpha1_common[132]	0.6767	0.001642	0.1319	0.1277	0.3881	0.6861	0.9124	6798.0	13440.0	0.03365	1.001
alpha1_common[133]	0.1488	0.001002	0.08515	0.06726	0.04334	0.1281	0.371	6593.0	18250.0	0.03263	1.001
alpha1_common[134]	0.6703	0.001814	0.07316	0.07383	0.5248	0.6709	0.8104	1643.0	6499.0	0.008132	1.004
alpha1_common[135]	0.5679	0.0005556	0.0889	0.08745	0.3911	0.5682	0.7408	25700.0	27360.0	0.1272	1.0
alpha1_common[136]	0.09654	0.0004769	0.03368	0.03072	0.045	0.09179	0.1767	5390.0	11260.0	0.02668	1.001
alpha1_common[137]	0.672	0.0005392	0.07435	0.07205	0.5197	0.6733	0.814	19640.0	15870.0	0.09722	1.0
alpha1_common[138]	0.5587	0.002326	0.105	0.1075	0.3452	0.5631	0.7507	2062.0	9114.0	0.0102	1.003
alpha1_common[139]	0.5175	0.0004545	0.08241	0.0825	0.3584	0.5169	0.681	32960.0	28330.0	0.1632	1.0
alpha1_common[140]	0.2133	0.0002967	0.04791	0.04742	0.1298	0.2098	0.3166	26390.0	28610.0	0.1306	1.0
alpha1_common[141]	0.5512	0.0009066	0.1236	0.1231	0.3089	0.5507	0.7963	18660.0	20520.0	0.09236	1.0
forget_common[1]	0.2027	0.0003775	0.05695	0.05662	0.1048	0.1981	0.3254	25230.0	24430.0	0.1249	1.0
forget_common[2]	0.2482	0.001986	0.09366	0.08933	0.1086	0.2331	0.469	2154.0	9175.0	0.01066	1.003
forget_common[3]	0.1938	0.0003386	0.04698	0.04631	0.1051	0.1924	0.2903	18490.0	17870.0	0.09155	1.0
forget_common[4]	0.1606	0.002281	0.08441	0.07871	0.04809	0.141	0.3625	1353.0	6776.0	0.006699	1.004
forget_common[5]	0.2664	0.0006825	0.09109	0.08878	0.1115	0.2586	0.4677	16950.0	24420.0	0.08391	1.0
forget_common[6]	0.2285	0.001081	0.06851	0.06617	0.1094	0.2229	0.3809	4018.0	13200.0	0.01989	1.001
forget_common[7]	0.1938	0.002313	0.08276	0.09033	0.06498	0.1834	0.3671	1310.0	6814.0	0.006483	1.004
forget_common[8]	0.3838	0.0015	0.09468	0.09872	0.2171	0.379	0.5799	3926.0	12250.0	0.01944	1.001
forget_common[9]	0.2463	0.000324	0.05336	0.05318	0.1508	0.2432	0.3595	28150.0	30750.0	0.1394	1.0
forget_common[10]	0.15	0.0008253	0.05543	0.04946	0.06928	0.1406	0.2847	4864.0	11230.0	0.02408	1.001
forget_common[11]	0.3457	0.0005141	0.08697	0.08683	0.1846	0.3424	0.5249	27700.0	24710.0	0.1371	1.0
forget_common[12]	0.1946	0.001776	0.108	0.09492	0.04893	0.1704	0.4625	4567.0	9455.0	0.02261	1.001
forget_common[13]	0.263	0.001159	0.07821	0.0698	0.1459	0.2498	0.4521	5198.0	11370.0	0.02573	1.001
forget_common[14]	0.1556	0.0006484	0.048	0.04723	0.07356	0.1516	0.2603	5447.0	17890.0	0.02696	1.001
forget_common[15]	0.1844	0.0003235	0.05933	0.05656	0.08908	0.1778	0.3198	36030.0	27520.0	0.1783	1.0
forget_common[16]	0.2068	0.001838	0.07392	0.07524	0.08747	0.1981	0.3695	1619.0	8864.0	0.008016	1.003
forget_common[17]	0.3113	0.001136	0.09608	0.09379	0.1514	0.3014	0.5249	7061.0	18730.0	0.03495	1.0
forget_common[18]	0.1968	0.0007595	0.05412	0.05239	0.1058	0.1913	0.3179	5428.0	12900.0	0.02687	1.001
forget_common[19]	0.2941	0.0003612	0.07226	0.07245	0.1656	0.29	0.4461	39850.0	30080.0	0.1972	1.0
forget_common[20]	0.1587	0.0004476	0.04125	0.0403	0.08546	0.156	0.2471	8788.0	18960.0	0.0435	1.0
forget_common[21]	0.3039	0.001257	0.07514	0.07613	0.1733	0.2987	0.4632	3550.0	14480.0	0.01757	1.002
forget_common[22]	0.5901	0.0007006	0.1218	0.1265	0.3555	0.5893	0.8258	30430.0	28150.0	0.1506	1.0
forget_common[23]	0.4136	0.001458	0.1009	0.1026	0.2364	0.4075	0.6264	4773.0	16250.0	0.02362	1.001
forget_common[24]	0.3542	0.002818	0.1346	0.1458	0.1364	0.343	0.6367	2273.0	10180.0	0.01125	1.003
forget_common[25]	0.334	0.0008552	0.1419	0.1453	0.1031	0.3201	0.6433	24800.0	26290.0	0.1228	1.0
forget_common[26]	0.2121	0.0006247	0.05575	0.05511	0.1159	0.2078	0.3332	7787.0	19240.0	0.03855	1.001
forget_common[27]	0.7477	0.0007479	0.08872	0.08722	0.5532	0.7556	0.899	14490.0	22000.0	0.07173	1.0
forget_common[28]	0.217	0.001138	0.06503	0.06634	0.1013	0.2142	0.3526	3189.0	11610.0	0.01579	1.001
forget_common[29]	0.256	0.0005248	0.06717	0.06504	0.1418	0.2501	0.403	17580.0	25410.0	0.087	1.0
forget_common[30]	0.2411	0.001208	0.06514	0.06644	0.1231	0.2382	0.374	2891.0	11840.0	0.01431	1.002
forget_common[31]	0.297	0.001419	0.08207	0.08249	0.1563	0.2907	0.4732	3299.0	13560.0	0.01633	1.001
forget_common[32]	0.2085	0.001111	0.05416	0.05418	0.114	0.2047	0.3244	2367.0	10700.0	0.01172	1.002
forget_common[33]	0.5239	0.0009525	0.1183	0.119	0.2961	0.5229	0.7561	15560.0	24900.0	0.07704	1.0
forget_common[34]	0.1273	0.0003282	0.05432	0.054	0.03728	0.1221	0.2467	26530.0	27010.0	0.1313	1.0
forget_common[35]	0.3303	0.000568	0.09975	0.09689	0.1627	0.3206	0.5524	27920.0	25520.0	0.1382	1.0
forget_common[36]	0.2489	0.0004073	0.07421	0.0713	0.1291	0.2402	0.4184	35200.0	28500.0	0.1742	1.0
forget_common[37]	0.2098	0.0007088	0.06566	0.06365	0.09953	0.2035	0.3556	9947.0	13760.0	0.04924	1.0
forget_common[38]	0.2596	0.0008519	0.07238	0.0727	0.1299	0.2556	0.4117	7151.0	20480.0	0.0354	1.001
forget_common[39]	0.1349	0.0006689	0.09154	0.06605	0.02933	0.1102	0.382	21890.0	22660.0	0.1083	1.0
forget_common[40]	0.264	0.0005089	0.09492	0.09371	0.1089	0.2535	0.4763	36420.0	31640.0	0.1803	1.0
forget_common[41]	0.6678	0.0006939	0.09045	0.09099	0.4821	0.6717	0.835	17050.0	25000.0	0.08438	1.0
forget_common[42]	0.2436	0.0002933	0.0575	0.0563	0.1438	0.2389	0.369	40460.0	27570.0	0.2003	1.0
forget_common[43]	0.2493	0.0007726	0.0549	0.05351	0.1508	0.246	0.366	4934.0	14300.0	0.02442	1.001
forget_common[44]	0.5532	0.001282	0.1563	0.1591	0.2297	0.5585	0.8376	15730.0	16820.0	0.07784	1.0
forget_common[45]	0.1096	0.0002376	0.03692	0.03477	0.04836	0.1058	0.193	25350.0	24690.0	0.1255	1.0
forget_common[46]	0.05151	0.0005428	0.03227	0.02665	0.01063	0.0444	0.1348	4128.0	7915.0	0.02043	1.001
forget_common[47]	0.02361	0.0001174	0.01565	0.01357	0.003614	0.02028	0.06265	18840.0	24280.0	0.09324	1.0
forget_common[48]	0.1198	0.000513	0.04445	0.04246	0.04763	0.1145	0.2211	7765.0	17370.0	0.03844	1.0
forget_common[49]	0.1596	0.0002404	0.04406	0.0428	0.08644	0.1555	0.2582	35440.0	29550.0	0.1754	1.0
forget_common[50]	0.2348	0.0007383	0.1583	0.1589	0.02355	0.2049	0.6083	46820.0	31570.0	0.2318	1.0
forget_common[51]	0.2756	0.000411	0.07719	0.07266	0.1454	0.2682	0.4506	39660.0	27220.0	0.1963	1.0
forget_common[52]	0.2937	0.000379	0.0755	0.07262	0.1647	0.2874	0.4591	42190.0	27290.0	0.2088	1.0
forget_common[53]	0.5914	0.001892	0.108	0.1092	0.3677	0.5975	0.7881	3345.0	9489.0	0.01656	1.001
forget_common[54]	0.151	0.0007061	0.05576	0.0539	0.0595	0.1454	0.2764	6255.0	17950.0	0.03096	1.001
forget_common[55]	0.1849	0.0003149	0.06078	0.0598	0.08479	0.1787	0.3209	38250.0	31290.0	0.1893	1.0
forget_common[56]	0.2555	0.0005189	0.07235	0.07133	0.1309	0.2495	0.4121	21000.0	26390.0	0.104	1.0
forget_common[57]	0.3511	0.001465	0.1037	0.1017	0.1767	0.3411	0.58	4986.0	19920.0	0.02468	1.001
forget_common[58]	0.365	0.0009009	0.1632	0.1726	0.08512	0.3539	0.7064	32160.0	27050.0	0.1592	1.0
forget_common[59]	0.4046	0.0009324	0.09235	0.09284	0.2241	0.4044	0.5857	9762.0	16260.0	0.04832	1.0
forget_common[60]	0.2379	0.0002891	0.05653	0.05598	0.1386	0.2342	0.3587	38610.0	31710.0	0.1911	1.0
forget_common[61]	0.251	0.0003423	0.05955	0.05884	0.1454	0.2472	0.3787	30930.0	30400.0	0.1531	1.0
forget_common[62]	0.3927	0.0004712	0.0793	0.07714	0.2537	0.387	0.5633	30410.0	23140.0	0.1505	1.0
forget_common[63]	0.3652	0.0008808	0.0811	0.08084	0.2195	0.3608	0.5369	8588.0	20570.0	0.04251	1.001
forget_common[64]	0.08423	0.000996	0.04025	0.038	0.0248	0.07748	0.1783	1669.0	6231.0	0.008261	1.003
forget_common[65]	0.3649	0.0007198	0.151	0.1567	0.1109	0.3523	0.6858	44130.0	31230.0	0.2185	1.0
forget_common[66]	0.3199	0.0005394	0.08315	0.07892	0.1614	0.3163	0.4951	22370.0	13470.0	0.1107	1.0
forget_common[67]	0.2036	0.0006506	0.13	0.1301	0.02598	0.1809	0.5095	37220.0	32670.0	0.1843	1.0
forget_common[68]	0.1589	0.0006823	0.1077	0.09625	0.02682	0.1332	0.4293	24550.0	29790.0	0.1215	1.0
forget_common[69]	0.05763	0.0002079	0.02311	0.02156	0.02277	0.05444	0.1119	13330.0	21740.0	0.06597	1.001
forget_common[70]	0.345	0.0005481	0.08302	0.08165	0.2029	0.338	0.5255	21530.0	28940.0	0.1065	1.0
forget_common[71]	0.2641	0.002692	0.12	0.126	0.07639	0.2485	0.5252	2033.0	8990.0	0.01006	1.003
forget_common[72]	0.1895	0.0006697	0.06626	0.05996	0.08379	0.181	0.3452	12180.0	12890.0	0.06028	1.0
forget_common[73]	0.1885	0.0004273	0.05102	0.04941	0.1008	0.1848	0.3007	14950.0	24900.0	0.07398	1.0
forget_common[74]	0.421	0.001563	0.1356	0.1411	0.1884	0.4107	0.7053	7493.0	21540.0	0.03709	1.001
forget_common[75]	0.09655	0.0007036	0.04266	0.03795	0.0328	0.09038	0.1972	3728.0	10170.0	0.01845	1.001
forget_common[76]	0.2876	0.0005957	0.07198	0.07237	0.1632	0.2823	0.4422	14880.0	23620.0	0.07365	1.001
forget_common[77]	0.271	0.001664	0.08279	0.08319	0.1317	0.2635	0.4512	2480.0	11170.0	0.01228	1.002
forget_common[78]	0.1608	0.0004627	0.04818	0.04791	0.07494	0.158	0.2624	10340.0	18830.0	0.05118	1.0
forget_common[79]	0.2384	0.0003826	0.0564	0.05609	0.136	0.2355	0.3559	21720.0	29980.0	0.1075	1.0
forget_common[80]	0.3764	0.0006589	0.09325	0.09325	0.2072	0.3724	0.5701	20460.0	28960.0	0.1013	1.0
forget_common[81]	0.155	0.0002919	0.04068	0.039	0.08773	0.1509	0.2466	19610.0	26790.0	0.09709	1.0
forget_common[82]	0.1346	0.0003595	0.03697	0.03539	0.07408	0.1308	0.218	11310.0	19170.0	0.05597	1.0
forget_common[83]	0.28	0.0004184	0.07711	0.07689	0.137	0.2773	0.4391	33390.0	22100.0	0.1653	1.0
forget_common[84]	0.2916	0.001181	0.07263	0.07224	0.1721	0.2837	0.4531	4004.0	12770.0	0.01982	1.001
forget_common[85]	0.1723	0.0004455	0.07085	0.0679	0.06192	0.1629	0.3353	25200.0	24560.0	0.1247	1.0
forget_common[86]	0.1861	0.0007876	0.07687	0.07751	0.05963	0.1789	0.3546	9199.0	20010.0	0.04553	1.001
forget_common[87]	0.1851	0.0006775	0.1063	0.09739	0.04127	0.1644	0.4466	19620.0	24090.0	0.0971	1.0
forget_common[88]	0.2918	0.0007457	0.1624	0.1692	0.04154	0.2725	0.6518	46350.0	31460.0	0.2294	1.0
forget_common[89]	0.2185	0.0003036	0.05649	0.05446	0.1234	0.2135	0.3437	36510.0	28300.0	0.1807	1.0
forget_common[90]	0.1975	0.0005744	0.0522	0.05118	0.1093	0.1927	0.3113	8239.0	21020.0	0.04078	1.001
forget_common[91]	0.4575	0.0008616	0.1515	0.1597	0.1746	0.4553	0.7539	31170.0	29450.0	0.1543	1.0
forget_common[92]	0.2572	0.001333	0.1275	0.1159	0.07377	0.2329	0.569	10720.0	15660.0	0.05306	1.0
forget_common[93]	0.6169	0.001003	0.09902	0.09963	0.4141	0.62	0.8006	10010.0	16770.0	0.04957	1.0
forget_common[94]	0.3656	0.0009231	0.1207	0.1199	0.1403	0.3613	0.6171	17620.0	23010.0	0.08722	1.0
forget_common[95]	0.2143	0.0006318	0.09463	0.09502	0.06469	0.2023	0.4265	24920.0	28670.0	0.1234	1.0
forget_common[96]	0.2638	0.0009545	0.06074	0.05957	0.1613	0.2579	0.3974	4168.0	11880.0	0.02063	1.001
forget_common[97]	0.3002	0.001622	0.1187	0.1198	0.1169	0.2825	0.5663	6482.0	11610.0	0.03209	1.001
forget_common[98]	0.4351	0.000876	0.1004	0.1015	0.2489	0.4323	0.6399	12950.0	22890.0	0.06408	1.0
forget_common[99]	0.6557	0.0007982	0.1141	0.1135	0.4061	0.6636	0.8531	21250.0	19920.0	0.1052	1.0
forget_common[100]	0.3241	0.001111	0.0877	0.08666	0.1789	0.3149	0.5178	6413.0	17620.0	0.03174	1.001
forget_common[101]	0.3017	0.002285	0.09993	0.1069	0.123	0.2983	0.5018	1923.0	9173.0	0.009517	1.002
forget_common[102]	0.4895	0.0005123	0.09077	0.0886	0.3202	0.486	0.6771	31980.0	20200.0	0.1583	1.0
forget_common[103]	0.2303	0.001279	0.06719	0.06811	0.1179	0.2241	0.3754	2782.0	10490.0	0.01377	1.002
forget_common[104]	0.257	0.001079	0.05666	0.05621	0.1516	0.2554	0.3739	2718.0	9433.0	0.01345	1.002
forget_common[105]	0.5646	0.00222	0.1148	0.119	0.3382	0.5676	0.7785	2714.0	8042.0	0.01344	1.002
forget_common[106]	0.2441	0.001097	0.0648	0.06542	0.1281	0.2413	0.378	3460.0	12430.0	0.01713	1.002
forget_common[107]	0.1068	0.0002467	0.03487	0.03394	0.04614	0.1042	0.183	19960.0	26320.0	0.0988	1.0
forget_common[108]	0.3287	0.001029	0.0801	0.07979	0.1871	0.3235	0.5009	5964.0	19240.0	0.02952	1.001
forget_common[109]	0.38	0.001867	0.09938	0.1022	0.2123	0.3713	0.5919	2896.0	12950.0	0.01433	1.002
forget_common[110]	0.2602	0.00106	0.0645	0.06523	0.1453	0.2563	0.3957	3629.0	11830.0	0.01796	1.001
forget_common[111]	0.2238	0.001039	0.0999	0.09372	0.06305	0.211	0.4568	10500.0	16870.0	0.05195	1.0
forget_common[112]	0.09084	0.0006224	0.04532	0.04215	0.02332	0.08358	0.1987	5588.0	11490.0	0.02766	1.002
forget_common[113]	0.2339	0.001029	0.08386	0.08285	0.09211	0.2267	0.418	6024.0	12710.0	0.02982	1.001
forget_common[114]	0.1621	0.0002584	0.04372	0.042	0.089	0.1578	0.2596	31740.0	29980.0	0.1571	1.0
forget_common[115]	0.3861	0.0004791	0.08148	0.08278	0.2349	0.3832	0.5506	29100.0	29750.0	0.144	1.0
forget_common[116]	0.1917	0.0008461	0.05789	0.0576	0.09057	0.1877	0.3161	4761.0	12250.0	0.02357	1.001
forget_common[117]	0.3269	0.0005204	0.08867	0.08867	0.1711	0.321	0.5155	27610.0	21270.0	0.1367	1.0
forget_common[118]	0.2322	0.000296	0.06224	0.06115	0.1266	0.2268	0.3677	46080.0	30370.0	0.2281	1.0
forget_common[119]	0.3141	0.0009622	0.0705	0.07073	0.1802	0.313	0.4566	5306.0	12550.0	0.02626	1.001
forget_common[120]	0.586	0.0006719	0.1071	0.1072	0.37	0.5874	0.7917	25740.0	23050.0	0.1274	1.0
forget_common[121]	0.473	0.0005261	0.09497	0.09486	0.3009	0.4678	0.6717	32820.0	26840.0	0.1625	1.0
forget_common[122]	0.2687	0.0002893	0.05844	0.05699	0.1664	0.2643	0.3956	42010.0	30680.0	0.2079	1.0
forget_common[123]	0.05018	0.0005363	0.02908	0.02339	0.0129	0.04357	0.1259	3141.0	7255.0	0.01555	1.002
forget_common[124]	0.1915	0.000409	0.06074	0.05889	0.0922	0.1848	0.3292	23080.0	28350.0	0.1142	1.0
forget_common[125]	0.2662	0.0006406	0.0615	0.06125	0.1546	0.263	0.3953	8996.0	21380.0	0.04453	1.001
forget_common[126]	0.218	0.0008125	0.06022	0.0594	0.1147	0.213	0.3493	5763.0	12880.0	0.02852	1.001
forget_common[127]	0.1652	0.000495	0.05602	0.05517	0.07239	0.1601	0.2882	13950.0	22490.0	0.06907	1.0
forget_common[128]	0.3663	0.0006039	0.1162	0.1194	0.1501	0.3633	0.5993	36640.0	28190.0	0.1814	1.0
forget_common[129]	0.2895	0.001732	0.08409	0.08558	0.1288	0.289	0.4572	2357.0	9952.0	0.01167	1.002
forget_common[130]	0.06468	0.0004618	0.04461	0.04292	0.007194	0.05569	0.1719	8306.0	20300.0	0.04112	1.0
forget_common[131]	0.1129	0.0009846	0.06174	0.05561	0.02772	0.1011	0.264	3824.0	13370.0	0.01893	1.001
forget_common[132]	0.2583	0.000792	0.0955	0.09036	0.1034	0.2467	0.4773	18400.0	18710.0	0.09109	1.0
forget_common[133]	0.2737	0.0003833	0.07174	0.0689	0.1526	0.2668	0.4342	35500.0	23760.0	0.1757	1.0
forget_common[134]	0.1732	0.001099	0.05479	0.055	0.08132	0.1679	0.2923	2521.0	10300.0	0.01248	1.003
forget_common[135]	0.3425	0.0008773	0.07856	0.07702	0.1913	0.3403	0.5023	7813.0	11750.0	0.03867	1.0
forget_common[136]	0.1083	0.0002799	0.04346	0.04164	0.03748	0.1034	0.2061	24110.0	25990.0	0.1193	1.0
forget_common[137]	0.1427	0.0004652	0.04487	0.04245	0.06984	0.138	0.2446	9820.0	20240.0	0.04861	1.001
forget_common[138]	0.2745	0.001249	0.07117	0.07124	0.1512	0.2692	0.427	3210.0	13120.0	0.01589	1.002
forget_common[139]	0.4216	0.0006347	0.08465	0.08503	0.2698	0.4167	0.5973	18980.0	27760.0	0.09397	1.0
forget_common[140]	0.2166	0.0008212	0.055	0.05175	0.1283	0.2101	0.3435	4619.0	12840.0	0.02286	1.001
forget_common[141]	0.4426	0.002525	0.1199	0.127	0.2233	0.4396	0.6817	2274.0	9702.0	0.01126	1.002
beta1m_common[1]	3.152	0.00443	0.7844	0.7801	1.702	3.122	4.775	30000.0	21070.0	0.1485	1.0
beta1m_common[2]	1.454	0.004713	0.9417	0.8467	0.2409	1.253	3.757	36450.0	26390.0	0.1804	1.0
beta1m_common[3]	3.753	0.003874	0.5926	0.5809	2.649	3.734	4.978	22670.0	22460.0	0.1122	1.0
beta1m_common[4]	0.4531	0.001946	0.3411	0.2361	0.08742	0.3646	1.336	36130.0	28730.0	0.1788	1.0
beta1m_common[5]	0.8501	0.001669	0.3404	0.3408	0.2681	0.8228	1.586	36990.0	22130.0	0.1831	1.0
beta1m_common[6]	0.3421	0.0008598	0.178	0.1654	0.08633	0.3125	0.7655	40810.0	26920.0	0.202	1.0
beta1m_common[7]	0.905	0.002731	0.6164	0.5182	0.1568	0.7575	2.475	49860.0	27600.0	0.2468	1.0
beta1m_common[8]	0.7557	0.002089	0.3303	0.3174	0.2262	0.7205	1.504	25450.0	23630.0	0.126	1.0
beta1m_common[9]	3.015	0.00408	0.7566	0.7489	1.636	2.976	4.596	32600.0	24400.0	0.1614	1.0
beta1m_common[10]	0.6256	0.001476	0.3244	0.3121	0.1494	0.5757	1.382	43260.0	26640.0	0.2141	1.0
beta1m_common[11]	0.7247	0.001122	0.2406	0.241	0.2931	0.7115	1.226	42700.0	24680.0	0.2113	1.0
beta1m_common[12]	0.6203	0.002096	0.4251	0.3348	0.1177	0.5165	1.719	42630.0	28790.0	0.211	1.0
beta1m_common[13]	1.122	0.003797	0.813	0.6568	0.1763	0.9163	3.207	43800.0	29940.0	0.2168	1.0
beta1m_common[14]	0.8498	0.001866	0.3902	0.3908	0.2215	0.8085	1.721	38560.0	24450.0	0.1909	1.0
beta1m_common[15]	1.443	0.003353	0.6976	0.7006	0.3295	1.371	2.983	38300.0	24170.0	0.1896	1.0
beta1m_common[16]	2.304	0.003308	0.5745	0.5685	1.231	2.288	3.475	29240.0	23290.0	0.1448	1.0
beta1m_common[17]	0.334	0.0007968	0.1787	0.1628	0.08429	0.3015	0.765	47550.0	28030.0	0.2354	1.0
beta1m_common[18]	0.7603	0.00196	0.4486	0.4167	0.1545	0.674	1.864	48150.0	28910.0	0.2383	1.0
beta1m_common[19]	0.8572	0.001829	0.4159	0.4147	0.2098	0.8076	1.797	43130.0	24250.0	0.2135	1.0
beta1m_common[20]	4.227	0.004206	0.7955	0.7769	2.81	4.183	5.935	35370.0	29380.0	0.1751	1.0
beta1m_common[21]	2.778	0.002687	0.5617	0.5551	1.721	2.758	3.93	42260.0	24980.0	0.2092	1.0
beta1m_common[22]	0.5049	0.001178	0.2612	0.2428	0.1256	0.4598	1.129	44300.0	27910.0	0.2193	1.0
beta1m_common[23]	0.4237	0.001066	0.2381	0.2166	0.09712	0.3784	0.9989	47870.0	28500.0	0.237	1.0
beta1m_common[24]	1.279	0.003512	0.6906	0.6722	0.2648	1.177	2.875	34400.0	25090.0	0.1703	1.0
beta1m_common[25]	0.6061	0.002472	0.4624	0.3209	0.1131	0.4881	1.792	40310.0	30360.0	0.1995	1.0
beta1m_common[26]	2.722	0.003584	0.596	0.5743	1.672	2.685	4.024	28700.0	27890.0	0.1421	1.0
beta1m_common[27]	0.525	0.001149	0.269	0.261	0.127	0.4833	1.156	47450.0	26530.0	0.2349	1.0
beta1m_common[28]	0.5544	0.001308	0.266	0.259	0.1448	0.5188	1.166	38760.0	25860.0	0.1919	1.0
beta1m_common[29]	1.756	0.002823	0.534	0.5281	0.7766	1.729	2.873	34140.0	22430.0	0.169	1.0
beta1m_common[30]	3.183	0.007251	0.8144	0.801	1.671	3.154	4.877	12210.0	16030.0	0.06042	1.0
beta1m_common[31]	1.216	0.002572	0.5142	0.5057	0.3532	1.173	2.342	35790.0	22720.0	0.1772	1.0
beta1m_common[32]	3.353	0.005112	0.6198	0.6055	2.207	3.327	4.656	14540.0	21550.0	0.07195	1.0
beta1m_common[33]	0.4675	0.001563	0.285	0.2294	0.1093	0.4049	1.197	34460.0	29210.0	0.1706	1.0
beta1m_common[34]	2.9	0.005102	0.6353	0.6243	1.763	2.863	4.249	15000.0	21080.0	0.07426	1.0
beta1m_common[35]	0.631	0.002247	0.4427	0.3408	0.1191	0.5238	1.765	40530.0	29580.0	0.2006	1.0
beta1m_common[36]	1.064	0.002732	0.5133	0.5056	0.2632	0.9982	2.231	32390.0	24710.0	0.1603	1.0
beta1m_common[37]	1.205	0.001854	0.3469	0.3469	0.5481	1.197	1.906	33780.0	22710.0	0.1672	1.0
beta1m_common[38]	1.583	0.003551	0.4657	0.4592	0.7313	1.559	2.562	17000.0	22040.0	0.08415	1.0
beta1m_common[39]	1.011	0.003669	0.7222	0.5817	0.1676	0.8327	2.856	39890.0	30400.0	0.1975	1.0
beta1m_common[40]	0.7946	0.002559	0.3376	0.328	0.2457	0.756	1.556	17770.0	25060.0	0.08796	1.0
beta1m_common[41]	0.6496	0.001558	0.312	0.299	0.1733	0.6063	1.362	36190.0	25730.0	0.1792	1.0
beta1m_common[42]	0.8986	0.002169	0.4779	0.4589	0.1999	0.8278	2.025	41580.0	27140.0	0.2058	1.0
beta1m_common[43]	0.6756	0.00203	0.4517	0.3736	0.1263	0.5675	1.832	51480.0	27820.0	0.2548	1.0
beta1m_common[44]	1.277	0.004395	0.9199	0.7342	0.2015	1.059	3.601	42550.0	26940.0	0.2106	1.0
beta1m_common[45]	0.8582	0.002687	0.5854	0.4805	0.1497	0.7166	2.344	48020.0	28930.0	0.2377	1.0
beta1m_common[46]	1.388	0.006502	1.237	0.8051	0.1764	1.014	4.73	45190.0	30940.0	0.2237	1.0
beta1m_common[47]	1.116	0.003907	0.8453	0.6605	0.167	0.8916	3.303	49790.0	29700.0	0.2465	1.0
beta1m_common[48]	3.404	0.004865	0.7229	0.705	2.032	3.384	4.872	21300.0	18900.0	0.1054	1.0
beta1m_common[49]	1.094	0.003325	0.5627	0.5403	0.2586	1.013	2.41	28000.0	25280.0	0.1386	1.0
beta1m_common[50]	0.9774	0.004757	0.9019	0.5338	0.1446	0.7244	3.316	50740.0	29820.0	0.2512	1.0
beta1m_common[51]	3.456	0.01173	2.039	1.714	0.7022	3.073	8.461	27140.0	23840.0	0.1344	1.0
beta1m_common[52]	0.5753	0.001125	0.2638	0.2637	0.1596	0.542	1.173	47660.0	25650.0	0.2359	1.0
beta1m_common[53]	0.3397	0.0008148	0.1867	0.1703	0.08381	0.3031	0.7949	49650.0	27450.0	0.2458	1.0
beta1m_common[54]	0.7091	0.001449	0.3118	0.3122	0.198	0.6754	1.406	41340.0	24420.0	0.2046	1.0
beta1m_common[55]	0.7338	0.001344	0.2917	0.2933	0.238	0.7114	1.364	41870.0	23780.0	0.2073	1.0
beta1m_common[56]	0.6324	0.001468	0.3166	0.3103	0.1568	0.5882	1.363	41570.0	27060.0	0.2058	1.0
beta1m_common[57]	0.5476	0.001269	0.2348	0.2309	0.1689	0.5221	1.077	32490.0	23820.0	0.1608	1.0
beta1m_common[58]	1.049	0.00433	0.8875	0.5856	0.1576	0.8012	3.361	45580.0	29500.0	0.2256	1.0
beta1m_common[59]	0.9844	0.001713	0.3212	0.32	0.3987	0.9695	1.656	33700.0	23560.0	0.1668	1.0
beta1m_common[60]	1.496	0.003358	0.5045	0.5027	0.6181	1.461	2.574	21810.0	22530.0	0.1079	1.0
beta1m_common[61]	0.3467	0.0008326	0.1858	0.1686	0.08617	0.3118	0.7952	47570.0	29030.0	0.2355	1.0
beta1m_common[62]	0.8706	0.002557	0.551	0.4872	0.1614	0.7502	2.249	43890.0	29590.0	0.2172	1.0
beta1m_common[63]	1.812	0.001922	0.4001	0.3964	1.065	1.803	2.628	42380.0	27210.0	0.2098	1.0
beta1m_common[64]	0.8566	0.003295	0.6782	0.4844	0.1367	0.6707	2.675	48130.0	30820.0	0.2382	1.0
beta1m_common[65]	1.108	0.004733	0.9342	0.6213	0.1649	0.8498	3.531	48350.0	31250.0	0.2393	1.0
beta1m_common[66]	1.175	0.003347	0.7413	0.6772	0.2037	1.025	2.971	45310.0	29530.0	0.2243	1.0
beta1m_common[67]	0.7306	0.002453	0.5016	0.3955	0.1401	0.6115	1.991	43620.0	27790.0	0.2159	1.0
beta1m_common[68]	0.7713	0.002877	0.5781	0.4271	0.135	0.6161	2.295	45510.0	30130.0	0.2253	1.0
beta1m_common[69]	0.7096	0.00231	0.5034	0.3878	0.1294	0.5838	2.012	51050.0	29590.0	0.2527	1.0
beta1m_common[70]	0.3418	0.0009594	0.2001	0.1739	0.07861	0.3002	0.8452	45000.0	28480.0	0.2227	1.0
beta1m_common[71]	1.344	0.004522	0.832	0.7102	0.2671	1.171	3.426	33170.0	29450.0	0.1642	1.0
beta1m_common[72]	0.6816	0.001996	0.4307	0.368	0.1359	0.5871	1.743	45250.0	27090.0	0.224	1.0
beta1m_common[73]	1.623	0.003957	0.5841	0.5678	0.619	1.575	2.897	21550.0	24480.0	0.1066	1.0
beta1m_common[74]	1.163	0.003521	0.7583	0.6538	0.2079	1.001	3.037	43760.0	28270.0	0.2166	1.0
beta1m_common[75]	0.7525	0.002713	0.5442	0.4059	0.1364	0.6123	2.173	44400.0	29850.0	0.2198	1.0
beta1m_common[76]	0.7678	0.001764	0.4001	0.3913	0.1727	0.7099	1.695	43870.0	26630.0	0.2172	1.0
beta1m_common[77]	1.578	0.002483	0.4839	0.4799	0.7115	1.548	2.6	36090.0	22770.0	0.1787	1.0
beta1m_common[78]	4.226	0.004868	0.7025	0.669	3.008	4.17	5.763	21030.0	28870.0	0.1041	1.0
beta1m_common[79]	3.049	0.002909	0.4666	0.4529	2.17	3.034	4.013	25230.0	20710.0	0.1249	1.0
beta1m_common[80]	0.503	0.0009583	0.2109	0.211	0.1571	0.4832	0.9701	43620.0	24410.0	0.2159	1.0
beta1m_common[81]	1.43	0.002632	0.4919	0.4903	0.5522	1.402	2.466	32850.0	24290.0	0.1626	1.0
beta1m_common[82]	0.5508	0.001446	0.3306	0.2937	0.1159	0.4812	1.365	50480.0	27140.0	0.2498	1.0
beta1m_common[83]	1.943	0.002719	0.3755	0.3662	1.234	1.934	2.711	18500.0	18810.0	0.09159	1.0
beta1m_common[84]	0.4925	0.001491	0.2996	0.2582	0.1089	0.4281	1.235	40930.0	28310.0	0.2026	1.0
beta1m_common[85]	1.29	0.002399	0.436	0.4383	0.5048	1.266	2.204	30860.0	21970.0	0.1528	1.0
beta1m_common[86]	0.6764	0.00172	0.3107	0.3096	0.1781	0.6437	1.376	31210.0	25900.0	0.1545	1.0
beta1m_common[87]	0.5998	0.001979	0.3916	0.3056	0.1298	0.5123	1.571	41170.0	28710.0	0.2038	1.0
beta1m_common[88]	1.493	0.007567	1.46	0.8497	0.1757	1.052	5.437	52990.0	30980.0	0.2623	1.0
beta1m_common[89]	2.275	0.003545	0.5354	0.5322	1.286	2.255	3.383	22390.0	24000.0	0.1108	1.0
beta1m_common[90]	0.7558	0.002071	0.4712	0.4125	0.1453	0.6565	1.923	46930.0	26800.0	0.2323	1.0
beta1m_common[91]	0.9761	0.003533	0.7161	0.555	0.1597	0.7959	2.812	43230.0	29910.0	0.214	1.0
beta1m_common[92]	0.4079	0.0009729	0.2121	0.1978	0.1019	0.3729	0.913	44620.0	28180.0	0.2208	1.0
beta1m_common[93]	0.4172	0.0009494	0.2178	0.2045	0.1051	0.3807	0.9363	46950.0	27120.0	0.2324	1.0
beta1m_common[94]	0.3536	0.000831	0.1755	0.165	0.09538	0.327	0.7696	41960.0	27590.0	0.2077	1.0
beta1m_common[95]	0.371	0.0008368	0.1891	0.1786	0.09664	0.3412	0.8201	46580.0	27730.0	0.2306	1.0
beta1m_common[96]	1.068	0.002275	0.4896	0.4815	0.2847	1.014	2.169	41050.0	24680.0	0.2032	1.0
beta1m_common[97]	0.7425	0.001566	0.3405	0.3424	0.1946	0.7089	1.505	41080.0	24030.0	0.2033	1.0
beta1m_common[98]	0.8012	0.001501	0.2973	0.2962	0.2864	0.7807	1.443	36440.0	24850.0	0.1804	1.0
beta1m_common[99]	0.4666	0.0009489	0.2212	0.2167	0.1262	0.4387	0.9726	47420.0	25590.0	0.2347	1.0
beta1m_common[100]	1.266	0.002134	0.4301	0.4287	0.5058	1.238	2.179	36690.0	22200.0	0.1816	1.0
beta1m_common[101]	0.8522	0.002357	0.3488	0.3448	0.2746	0.8182	1.628	21500.0	23970.0	0.1064	1.0
beta1m_common[102]	0.6248	0.001844	0.4008	0.3322	0.1256	0.5345	1.629	49780.0	29470.0	0.2464	1.0
beta1m_common[103]	2.876	0.002921	0.4522	0.4359	2.073	2.848	3.846	24370.0	27890.0	0.1206	1.0
beta1m_common[104]	2.252	0.00436	0.521	0.5171	1.286	2.234	3.33	14150.0	22940.0	0.07005	1.0
beta1m_common[105]	0.2864	0.0005842	0.1366	0.133	0.08071	0.2661	0.6036	49410.0	27010.0	0.2446	1.0
beta1m_common[106]	1.361	0.00271	0.4028	0.3955	0.6309	1.339	2.214	21820.0	23680.0	0.108	1.0
beta1m_common[107]	2.455	0.005589	0.5799	0.576	1.362	2.44	3.641	10510.0	14850.0	0.05203	1.0
beta1m_common[108]	0.7355	0.001914	0.3504	0.3405	0.1952	0.6906	1.536	32070.0	25300.0	0.1587	1.0
beta1m_common[109]	0.5706	0.00167	0.3433	0.2957	0.1224	0.4987	1.42	42070.0	27630.0	0.2082	1.0
beta1m_common[110]	2.107	0.003963	0.6023	0.5923	1.014	2.079	3.378	22470.0	22100.0	0.1112	1.0
beta1m_common[111]	0.6832	0.002085	0.4586	0.3747	0.128	0.5773	1.854	50820.0	29660.0	0.2516	1.0
beta1m_common[112]	2.394	0.004564	0.5921	0.5778	1.337	2.355	3.665	16870.0	24640.0	0.08348	1.0
beta1m_common[113]	0.476	0.0009622	0.2174	0.2142	0.1321	0.4513	0.963	45720.0	25330.0	0.2263	1.0
beta1m_common[114]	1.984	0.004268	0.7972	0.8041	0.5786	1.936	3.68	32240.0	21590.0	0.1596	1.0
beta1m_common[115]	2.338	0.005715	0.5364	0.5277	1.362	2.309	3.47	8636.0	15610.0	0.04275	1.0
beta1m_common[116]	0.5617	0.001262	0.2794	0.272	0.141	0.5215	1.207	43190.0	24940.0	0.2138	1.0
beta1m_common[117]	0.4959	0.001191	0.2623	0.2458	0.1202	0.4511	1.119	43600.0	25840.0	0.2158	1.0
beta1m_common[118]	0.5731	0.001425	0.3062	0.2909	0.1341	0.5216	1.302	41940.0	25230.0	0.2076	1.0
beta1m_common[119]	0.9685	0.003347	0.3257	0.3238	0.4048	0.9423	1.67	9548.0	20980.0	0.04726	1.0
beta1m_common[120]	0.5004	0.001504	0.3159	0.2635	0.1036	0.4301	1.294	43590.0	27850.0	0.2158	1.0
beta1m_common[121]	0.7478	0.002087	0.424	0.3784	0.1706	0.6692	1.781	38510.0	28370.0	0.1906	1.0
beta1m_common[122]	1.138	0.002558	0.5519	0.5513	0.2694	1.075	2.372	39260.0	23060.0	0.1944	1.0
beta1m_common[123]	0.4842	0.001242	0.2802	0.2524	0.1079	0.4291	1.171	48700.0	27440.0	0.241	1.0
beta1m_common[124]	2.036	0.001995	0.4138	0.4085	1.274	2.022	2.889	41730.0	27200.0	0.2066	1.0
beta1m_common[125]	2.432	0.002945	0.5083	0.5002	1.487	2.418	3.478	29050.0	24930.0	0.1438	1.0
beta1m_common[126]	2.667	0.007664	0.6222	0.614	1.553	2.634	3.978	6481.0	15820.0	0.03208	1.0
beta1m_common[127]	1.036	0.001546	0.3232	0.3244	0.4437	1.023	1.703	41020.0	22860.0	0.203	1.0
beta1m_common[128]	0.4844	0.0009442	0.2068	0.209	0.1481	0.4633	0.9437	42460.0	25280.0	0.2101	1.0
beta1m_common[129]	2.963	0.002139	0.431	0.4223	2.163	2.948	3.845	40270.0	30120.0	0.1993	1.0
beta1m_common[130]	0.2568	0.0007875	0.1339	0.1199	0.06925	0.2327	0.5849	28710.0	26600.0	0.1421	1.0
beta1m_common[131]	0.3289	0.0007932	0.1704	0.1581	0.08672	0.2997	0.7364	44990.0	28170.0	0.2227	1.0
beta1m_common[132]	0.5808	0.001207	0.2412	0.2426	0.1817	0.5588	1.109	35990.0	25010.0	0.1782	1.0
beta1m_common[133]	0.8474	0.002778	0.563	0.4545	0.1626	0.72	2.276	41150.0	29870.0	0.2037	1.0
beta1m_common[134]	2.499	0.002548	0.5116	0.5091	1.537	2.487	3.538	39000.0	25790.0	0.193	1.0
beta1m_common[135]	1.068	0.002846	0.4471	0.435	0.3235	1.026	2.063	23950.0	23750.0	0.1185	1.0
beta1m_common[136]	0.7371	0.002165	0.4797	0.4071	0.1392	0.6273	1.947	49170.0	29590.0	0.2434	1.0
beta1m_common[137]	1.515	0.002236	0.4567	0.4524	0.6815	1.493	2.473	39630.0	23830.0	0.1962	1.0
beta1m_common[138]	0.9094	0.002177	0.4824	0.4662	0.1992	0.8325	2.031	42420.0	25280.0	0.21	1.0
beta1m_common[139]	0.4781	0.001217	0.2605	0.238	0.1128	0.4317	1.106	43030.0	26580.0	0.213	1.0
beta1m_common[140]	0.492	0.001303	0.2951	0.2581	0.1068	0.4287	1.219	49770.0	28180.0	0.2464	1.0
beta1m_common[141]	0.4931	0.001275	0.2593	0.2415	0.1204	0.4507	1.111	41000.0	26770.0	0.2029	1.0
beta1t_common[1]	2.121	0.005551	0.5526	0.5601	1.119	2.096	3.272	9848.0	22360.0	0.04875	1.0
beta1t_common[2]	1.972	0.008416	0.6481	0.6572	0.8907	1.911	3.364	5845.0	23690.0	0.02893	1.0
beta1t_common[3]	1.687	0.002032	0.4162	0.4125	0.9364	1.665	2.564	40410.0	26410.0	0.2	1.0
beta1t_common[4]	3.275	0.03048	1.399	1.298	1.358	2.997	6.632	2018.0	9832.0	0.009989	1.001
beta1t_common[5]	1.45	0.004602	0.4198	0.4051	0.7344	1.415	2.38	8743.0	16020.0	0.04328	1.0
beta1t_common[6]	1.294	0.00656	0.3821	0.3673	0.6692	1.248	2.162	3518.0	9983.0	0.01741	1.0
beta1t_common[7]	6.219	0.04117	2.178	2.135	2.867	5.942	11.2	2620.0	11250.0	0.01297	1.001
beta1t_common[8]	2.573	0.01172	0.5635	0.5779	1.586	2.536	3.761	2300.0	10730.0	0.01139	1.001
beta1t_common[9]	2.178	0.004763	0.6042	0.6045	1.12	2.135	3.477	15950.0	26080.0	0.07893	1.0
beta1t_common[10]	1.368	0.001942	0.3813	0.3787	0.6974	1.342	2.187	36910.0	28220.0	0.1827	1.0
beta1t_common[11]	1.348	0.002975	0.2886	0.2881	0.8172	1.336	1.942	9428.0	22470.0	0.04667	1.0
beta1t_common[12]	1.191	0.00283	0.5252	0.4548	0.4527	1.096	2.474	36180.0	29500.0	0.1791	1.0
beta1t_common[13]	3.101	0.00592	1.0	0.9558	1.443	3.0	5.308	27330.0	26000.0	0.1353	1.0
beta1t_common[14]	2.915	0.004005	0.5458	0.5432	1.905	2.896	4.044	18030.0	21060.0	0.08923	1.0
beta1t_common[15]	2.124	0.003	0.5748	0.5782	1.081	2.098	3.322	35920.0	26980.0	0.1778	1.0
beta1t_common[16]	2.253	0.003259	0.4961	0.4911	1.343	2.233	3.286	23520.0	27980.0	0.1164	1.0
beta1t_common[17]	1.213	0.004421	0.3479	0.3465	0.6253	1.182	1.974	6408.0	16770.0	0.03172	1.0
beta1t_common[18]	2.733	0.006368	0.6438	0.6442	1.555	2.704	4.08	9986.0	20980.0	0.04943	1.0
beta1t_common[19]	2.653	0.01215	0.7335	0.7201	1.428	2.587	4.276	3569.0	15060.0	0.01767	1.001
beta1t_common[20]	2.396	0.003121	0.5688	0.5616	1.371	2.363	3.593	32660.0	28050.0	0.1617	1.0
beta1t_common[21]	2.012	0.00562	0.4934	0.4925	1.128	1.988	3.049	7796.0	21740.0	0.03859	1.0
beta1t_common[22]	1.502	0.002619	0.3958	0.395	0.7975	1.478	2.336	22120.0	27180.0	0.1095	1.0
beta1t_common[23]	2.805	0.006561	0.6381	0.6326	1.676	2.765	4.154	9457.0	26020.0	0.04681	1.0
beta1t_common[24]	1.041	0.002492	0.3677	0.3566	0.4509	0.9956	1.87	21980.0	30710.0	0.1088	1.0
beta1t_common[25]	1.921	0.004183	0.7884	0.6693	0.805	1.785	3.811	38130.0	29790.0	0.1888	1.0
beta1t_common[26]	2.258	0.01327	0.6576	0.6516	1.19	2.185	3.736	2441.0	10690.0	0.01208	1.001
beta1t_common[27]	3.391	0.003301	0.5102	0.503	2.466	3.367	4.469	23390.0	25180.0	0.1158	1.0
beta1t_common[28]	1.434	0.003266	0.3595	0.3611	0.7848	1.417	2.183	12370.0	23570.0	0.06123	1.0
beta1t_common[29]	1.265	0.002534	0.3827	0.3809	0.6044	1.234	2.091	23220.0	28680.0	0.1149	1.0
beta1t_common[30]	4.17	0.02269	1.341	1.273	2.069	3.99	7.239	3309.0	11310.0	0.01638	1.0
beta1t_common[31]	2.285	0.002663	0.4477	0.4478	1.453	2.27	3.202	28150.0	27210.0	0.1394	1.0
beta1t_common[32]	0.9864	0.00396	0.326	0.3136	0.4606	0.9485	1.729	7387.0	13120.0	0.03656	1.0
beta1t_common[33]	0.878	0.001781	0.3034	0.2831	0.3986	0.8418	1.574	29550.0	28900.0	0.1463	1.0
beta1t_common[34]	2.234	0.006711	0.4932	0.4861	1.352	2.204	3.275	5413.0	17270.0	0.0268	1.0
beta1t_common[35]	1.764	0.003671	0.6295	0.5714	0.7888	1.678	3.232	28830.0	29120.0	0.1427	1.0
beta1t_common[36]	1.847	0.002417	0.4595	0.4551	1.002	1.827	2.803	35450.0	24970.0	0.1755	1.0
beta1t_common[37]	1.72	0.002973	0.3619	0.3581	1.055	1.703	2.477	15180.0	26360.0	0.07515	1.0
beta1t_common[38]	2.126	0.005951	0.4455	0.4379	1.327	2.099	3.073	5635.0	17420.0	0.02789	1.0
beta1t_common[39]	1.813	0.004108	0.7059	0.6479	0.7311	1.721	3.442	32920.0	26050.0	0.163	1.0
beta1t_common[40]	1.999	0.0078	0.4479	0.4465	1.216	1.968	2.959	3270.0	13380.0	0.01619	1.001
beta1t_common[41]	1.527	0.007744	0.4375	0.4405	0.7949	1.484	2.475	3260.0	12600.0	0.01613	1.001
beta1t_common[42]	3.287	0.005191	0.7503	0.7371	1.964	3.239	4.906	20970.0	25670.0	0.1038	1.0
beta1t_common[43]	3.313	0.004614	0.7768	0.7693	1.883	3.278	4.933	27460.0	24310.0	0.1359	1.0
beta1t_common[44]	1.116	0.002659	0.4899	0.4165	0.4367	1.029	2.311	35120.0	30370.0	0.1738	1.0
beta1t_common[45]	4.099	0.005953	0.8641	0.8318	2.59	4.042	5.976	20820.0	25380.0	0.103	1.0
beta1t_common[46]	6.085	0.01619	2.101	1.945	2.732	5.84	10.91	17270.0	24730.0	0.08548	1.0
beta1t_common[47]	7.388	0.02379	2.522	2.335	3.397	7.078	13.2	10190.0	18750.0	0.05044	1.0
beta1t_common[48]	2.715	0.009207	0.6675	0.6602	1.55	2.667	4.15	5290.0	18580.0	0.02618	1.0
beta1t_common[49]	2.827	0.006199	0.5645	0.5661	1.785	2.805	3.995	8247.0	20740.0	0.04082	1.0
beta1t_common[50]	1.836	0.004714	0.9628	0.7731	0.6078	1.633	4.249	48590.0	30000.0	0.2405	1.0
beta1t_common[51]	1.567	0.003758	0.6655	0.5954	0.6005	1.455	3.172	32770.0	30610.0	0.1622	1.0
beta1t_common[52]	2.159	0.002515	0.4709	0.4495	1.334	2.123	3.186	36050.0	28680.0	0.1784	1.0
beta1t_common[53]	3.021	0.01338	0.7432	0.6991	1.787	2.947	4.702	2881.0	9741.0	0.01426	1.001
beta1t_common[54]	1.351	0.001875	0.3226	0.3213	0.7703	1.336	2.036	30470.0	28600.0	0.1508	1.0
beta1t_common[55]	2.234	0.003702	0.3665	0.3616	1.556	2.22	2.988	9824.0	24050.0	0.04863	1.0
beta1t_common[56]	1.518	0.005041	0.4372	0.4208	0.7771	1.476	2.498	8128.0	13250.0	0.04023	1.0
beta1t_common[57]	1.393	0.002513	0.2884	0.2881	0.8638	1.382	1.99	13210.0	24940.0	0.06538	1.0
beta1t_common[58]	1.582	0.003819	0.7507	0.6326	0.5711	1.436	3.442	41210.0	30170.0	0.204	1.0
beta1t_common[59]	0.9935	0.002103	0.2892	0.2859	0.4986	0.9694	1.627	19870.0	23830.0	0.09838	1.0
beta1t_common[60]	2.176	0.00245	0.4373	0.4316	1.352	2.165	3.07	30980.0	23820.0	0.1533	1.0
beta1t_common[61]	0.907	0.002792	0.2759	0.2666	0.4459	0.8821	1.52	10440.0	17520.0	0.05167	1.0
beta1t_common[62]	1.678	0.005238	0.5929	0.5719	0.7325	1.606	3.038	12890.0	26720.0	0.06382	1.0
beta1t_common[63]	1.585	0.002573	0.378	0.378	0.8949	1.569	2.378	21550.0	25350.0	0.1067	1.0
beta1t_common[64]	5.67	0.02799	1.752	1.637	3.025	5.409	9.749	3797.0	15170.0	0.0188	1.001
beta1t_common[65]	1.741	0.003989	0.8136	0.6843	0.6373	1.589	3.754	45620.0	30840.0	0.2258	1.0
beta1t_common[66]	1.807	0.004443	0.6045	0.5882	0.8201	1.745	3.164	17060.0	29220.0	0.08446	1.0
beta1t_common[67]	1.257	0.003134	0.5607	0.4782	0.4797	1.155	2.631	35000.0	31410.0	0.1732	1.0
beta1t_common[68]	1.813	0.003937	0.805	0.7056	0.6738	1.67	3.768	43990.0	30940.0	0.2177	1.0
beta1t_common[69]	2.593	0.004188	0.7405	0.7303	1.308	2.542	4.188	28830.0	24950.0	0.1427	1.0
beta1t_common[70]	1.936	0.003061	0.5074	0.5012	1.038	1.908	3.023	25710.0	24440.0	0.1273	1.0
beta1t_common[71]	1.579	0.003024	0.5629	0.5273	0.7026	1.506	2.877	35280.0	30320.0	0.1746	1.0
beta1t_common[72]	2.033	0.006171	0.7475	0.7089	0.8617	1.94	3.76	12640.0	20490.0	0.06258	1.0
beta1t_common[73]	1.229	0.00257	0.3773	0.3721	0.5853	1.198	2.051	22350.0	28470.0	0.1106	1.0
beta1t_common[74]	2.695	0.004933	0.7063	0.683	1.471	2.638	4.246	18640.0	21700.0	0.09225	1.0
beta1t_common[75]	2.95	0.02686	1.311	1.267	1.08	2.732	5.986	2265.0	12690.0	0.01121	1.001
beta1t_common[76]	2.421	0.00564	0.5242	0.5274	1.456	2.4	3.494	8601.0	22380.0	0.04257	1.0
beta1t_common[77]	2.044	0.002987	0.4874	0.4828	1.181	2.013	3.085	25710.0	28790.0	0.1273	1.0
beta1t_common[78]	2.0	0.002783	0.4367	0.4276	1.229	1.969	2.933	24890.0	29500.0	0.1232	1.0
beta1t_common[79]	1.262	0.001592	0.3083	0.3032	0.7079	1.244	1.921	36620.0	28180.0	0.1813	1.0
beta1t_common[80]	1.278	0.002723	0.2839	0.2808	0.7646	1.264	1.877	11220.0	21030.0	0.05556	1.0
beta1t_common[81]	1.71	0.008071	0.5063	0.5029	0.8612	1.66	2.818	4067.0	13110.0	0.02013	1.0
beta1t_common[82]	3.014	0.006751	0.7103	0.7134	1.719	2.98	4.496	10990.0	21670.0	0.0544	1.0
beta1t_common[83]	1.204	0.00152	0.2917	0.2915	0.6792	1.19	1.818	36090.0	29660.0	0.1787	1.0
beta1t_common[84]	2.718	0.01283	0.8122	0.759	1.439	2.6	4.581	4244.0	12060.0	0.02101	1.0
beta1t_common[85]	2.23	0.005551	0.4699	0.4578	1.396	2.199	3.243	7369.0	17020.0	0.03648	1.0
beta1t_common[86]	1.106	0.002635	0.3189	0.316	0.556	1.082	1.794	14960.0	26370.0	0.07407	1.0
beta1t_common[87]	1.347	0.002809	0.5144	0.4632	0.5706	1.27	2.549	35210.0	29550.0	0.1743	1.0
beta1t_common[88]	1.841	0.004532	0.9517	0.7686	0.6138	1.638	4.266	52770.0	30530.0	0.2612	1.0
beta1t_common[89]	2.081	0.002339	0.4679	0.4594	1.225	2.061	3.058	39100.0	26410.0	0.1936	1.0
beta1t_common[90]	4.48	0.01889	1.257	1.229	2.372	4.371	7.258	4338.0	14880.0	0.02147	1.0
beta1t_common[91]	1.15	0.002573	0.4859	0.4323	0.4494	1.069	2.314	35770.0	31210.0	0.1771	1.0
beta1t_common[92]	1.941	0.003238	0.4571	0.4336	1.164	1.902	2.955	21150.0	23040.0	0.1047	1.0
beta1t_common[93]	3.114	0.007928	0.5998	0.5741	2.107	3.06	4.443	5552.0	17320.0	0.02748	1.0
beta1t_common[94]	1.506	0.007595	0.4056	0.4187	0.8101	1.479	2.356	2833.0	12020.0	0.01402	1.001
beta1t_common[95]	1.909	0.002025	0.3905	0.3925	1.191	1.892	2.713	35920.0	27810.0	0.1778	1.0
beta1t_common[96]	1.862	0.006996	0.4974	0.4892	1.0	1.822	2.931	5133.0	15430.0	0.02541	1.0
beta1t_common[97]	2.97	0.01317	0.6925	0.7055	1.763	2.927	4.435	2751.0	13380.0	0.01362	1.001
beta1t_common[98]	1.14	0.00159	0.3101	0.3089	0.5896	1.121	1.795	37330.0	28220.0	0.1848	1.0
beta1t_common[99]	2.024	0.001777	0.3779	0.3722	1.326	2.007	2.807	44540.0	27890.0	0.2205	1.0
beta1t_common[100]	2.405	0.005937	0.5007	0.4998	1.478	2.383	3.436	7130.0	20700.0	0.03529	1.0
beta1t_common[101]	1.916	0.004683	0.389	0.3912	1.168	1.912	2.687	6871.0	14950.0	0.03401	1.0
beta1t_common[102]	1.589	0.003663	0.5508	0.5428	0.6947	1.53	2.828	22050.0	28690.0	0.1091	1.0
beta1t_common[103]	1.212	0.005267	0.3419	0.3268	0.6451	1.174	1.982	4403.0	12270.0	0.02179	1.001
beta1t_common[104]	1.861	0.002313	0.3987	0.3932	1.116	1.846	2.686	29320.0	27840.0	0.1451	1.0
beta1t_common[105]	1.463	0.003552	0.3028	0.2954	0.9217	1.446	2.113	7435.0	17010.0	0.0368	1.0
beta1t_common[106]	1.272	0.001961	0.3381	0.3374	0.6666	1.256	1.989	30670.0	28430.0	0.1518	1.0
beta1t_common[107]	1.272	0.002163	0.3567	0.3585	0.6434	1.25	2.03	26540.0	27770.0	0.1313	1.0
beta1t_common[108]	1.796	0.005097	0.4464	0.4439	0.9993	1.767	2.743	7749.0	23160.0	0.03836	1.0
beta1t_common[109]	1.769	0.004059	0.4814	0.4776	0.9295	1.738	2.803	14040.0	26120.0	0.06948	1.0
beta1t_common[110]	2.004	0.004648	0.4986	0.4934	1.111	1.975	3.059	11780.0	25890.0	0.05831	1.0
beta1t_common[111]	1.973	0.004277	0.6901	0.6527	0.8757	1.893	3.565	21120.0	22950.0	0.1045	1.0
beta1t_common[112]	1.581	0.001995	0.4243	0.4225	0.827	1.556	2.484	43920.0	28730.0	0.2174	1.0
beta1t_common[113]	1.149	0.003214	0.2932	0.2913	0.6323	1.13	1.775	8526.0	19850.0	0.0422	1.0
beta1t_common[114]	2.286	0.003545	0.5302	0.5315	1.301	2.269	3.373	22020.0	25620.0	0.109	1.0
beta1t_common[115]	1.698	0.002577	0.4625	0.4511	0.8945	1.661	2.697	32020.0	29700.0	0.1585	1.0
beta1t_common[116]	3.411	0.01786	0.7913	0.8276	2.039	3.369	5.061	1952.0	8819.0	0.009662	1.001
beta1t_common[117]	1.856	0.003686	0.4832	0.4862	0.9936	1.827	2.876	17200.0	25310.0	0.08514	1.0
beta1t_common[118]	2.757	0.003925	0.5811	0.5728	1.725	2.719	3.997	22120.0	26470.0	0.1095	1.0
beta1t_common[119]	2.162	0.003831	0.4073	0.406	1.424	2.141	3.017	11310.0	23280.0	0.05599	1.0
beta1t_common[120]	2.793	0.004028	0.653	0.6286	1.658	2.737	4.214	26680.0	28390.0	0.1321	1.0
beta1t_common[121]	1.489	0.002875	0.4341	0.4293	0.7351	1.455	2.434	21600.0	25630.0	0.1069	1.0
beta1t_common[122]	2.159	0.009368	0.6296	0.6222	1.1	2.103	3.548	4633.0	14060.0	0.02293	1.0
beta1t_common[123]	1.322	0.002275	0.4108	0.4113	0.6188	1.289	2.212	31110.0	26780.0	0.154	1.0
beta1t_common[124]	1.041	0.00158	0.2819	0.281	0.542	1.024	1.637	31180.0	27170.0	0.1543	1.0
beta1t_common[125]	1.983	0.002376	0.4411	0.44	1.168	1.971	2.889	33630.0	25460.0	0.1665	1.0
beta1t_common[126]	2.048	0.002635	0.4715	0.4559	1.209	2.019	3.06	32110.0	28410.0	0.1589	1.0
beta1t_common[127]	2.012	0.002964	0.3883	0.377	1.296	1.993	2.829	17730.0	24110.0	0.08774	1.0
beta1t_common[128]	1.219	0.002271	0.2725	0.2693	0.7263	1.205	1.795	14800.0	23090.0	0.07324	1.0
beta1t_common[129]	1.182	0.002157	0.3101	0.3061	0.6365	1.161	1.846	21060.0	27410.0	0.1043	1.0
beta1t_common[130]	0.8571	0.002575	0.24	0.2318	0.4436	0.838	1.386	9422.0	12950.0	0.04664	1.0
beta1t_common[131]	0.6177	0.001333	0.2012	0.1951	0.2917	0.5957	1.069	23280.0	26190.0	0.1153	1.0
beta1t_common[132]	0.9941	0.002465	0.2733	0.2682	0.5233	0.973	1.59	12910.0	22780.0	0.06389	1.0
beta1t_common[133]	1.321	0.003556	0.6107	0.5193	0.4807	1.204	2.832	29460.0	30040.0	0.1458	1.0
beta1t_common[134]	2.203	0.002335	0.4686	0.461	1.346	2.185	3.188	39230.0	28690.0	0.1942	1.0
beta1t_common[135]	1.493	0.004741	0.4388	0.437	0.7375	1.458	2.446	8789.0	21620.0	0.0435	1.0
beta1t_common[136]	2.856	0.007556	0.6341	0.6302	1.694	2.83	4.184	6914.0	18230.0	0.03422	1.0
beta1t_common[137]	1.982	0.011	0.5572	0.5654	1.03	1.937	3.171	2549.0	12090.0	0.01262	1.001
beta1t_common[138]	2.511	0.003659	0.6167	0.6115	1.4	2.472	3.822	28510.0	29100.0	0.1411	1.0
beta1t_common[139]	1.587	0.008622	0.5221	0.4862	0.764	1.516	2.812	3840.0	10930.0	0.01901	1.0
beta1t_common[140]	3.392	0.004181	0.5929	0.5865	2.308	3.364	4.635	20440.0	28800.0	0.1012	1.0
beta1t_common[141]	1.419	0.001969	0.3733	0.3727	0.7561	1.397	2.212	34600.0	27720.0	0.1712	1.0
beta2_common[1]	5.799	0.003652	0.7449	0.7213	4.463	5.753	7.397	41930.0	31400.0	0.2075	1.0
beta2_common[2]	7.826	0.01402	1.843	1.661	4.699	7.653	12.04	13760.0	12300.0	0.06813	1.0
beta2_common[3]	6.893	0.01131	1.213	1.121	4.952	6.743	9.697	12140.0	21810.0	0.06011	1.0
beta2_common[4]	4.979	0.009257	1.168	1.029	3.167	4.827	7.731	11570.0	13720.0	0.05727	1.0
beta2_common[5]	3.924	0.003744	0.6195	0.5968	2.863	3.876	5.281	30040.0	23360.0	0.1487	1.0
beta2_common[6]	4.831	0.003206	0.6374	0.6262	3.699	4.791	6.195	39570.0	30610.0	0.1959	1.0
beta2_common[7]	17.55	0.03471	3.733	3.454	11.29	17.17	25.95	9970.0	13410.0	0.04935	1.0
beta2_common[8]	4.823	0.01874	0.8775	0.8737	3.334	4.752	6.739	2182.0	10510.0	0.0108	1.002
beta2_common[9]	6.341	0.009915	0.9394	0.8996	4.715	6.269	8.392	8969.0	19360.0	0.0444	1.0
beta2_common[10]	4.783	0.008067	0.8797	0.7787	3.398	4.675	6.827	11280.0	22480.0	0.05585	1.001
beta2_common[11]	3.915	0.003093	0.5978	0.5751	2.904	3.864	5.252	38900.0	30230.0	0.1926	1.0
beta2_common[12]	7.028	0.0145	2.498	2.154	3.537	6.572	13.19	28180.0	28250.0	0.1395	1.0
beta2_common[13]	9.281	0.03836	2.651	2.537	4.74	9.07	15.11	4294.0	8986.0	0.02125	1.001
beta2_common[14]	5.727	0.01005	0.777	0.7561	4.375	5.661	7.417	5999.0	15050.0	0.02969	1.001
beta2_common[15]	5.655	0.00824	0.8648	0.8196	4.195	5.576	7.588	10580.0	18650.0	0.05235	1.0
beta2_common[16]	6.819	0.008277	0.913	0.8888	5.227	6.755	8.796	12320.0	23950.0	0.06099	1.0
beta2_common[17]	2.916	0.004227	0.5883	0.528	1.982	2.847	4.267	22490.0	25150.0	0.1113	1.0
beta2_common[18]	7.386	0.01916	1.24	1.205	5.245	7.286	10.12	4057.0	12150.0	0.02008	1.001
beta2_common[19]	4.87	0.003085	0.6499	0.6327	3.738	4.82	6.27	45230.0	32580.0	0.2239	1.0
beta2_common[20]	6.337	0.005947	0.8453	0.8046	4.885	6.27	8.197	21860.0	21500.0	0.1082	1.0
beta2_common[21]	6.181	0.006535	0.9063	0.875	4.627	6.103	8.176	19240.0	26910.0	0.09524	1.0
beta2_common[22]	3.64	0.004911	0.7915	0.7224	2.355	3.552	5.457	27670.0	24210.0	0.137	1.0
beta2_common[23]	4.309	0.01417	0.7631	0.7426	3.007	4.245	5.981	2860.0	12420.0	0.01415	1.002
beta2_common[24]	4.42	0.006519	1.079	0.9474	2.794	4.257	6.982	29370.0	26770.0	0.1454	1.0
beta2_common[25]	3.917	0.009802	1.686	1.411	1.675	3.579	8.081	29260.0	30350.0	0.1448	1.0
beta2_common[26]	7.148	0.02245	1.334	1.235	5.006	6.987	10.25	3414.0	11350.0	0.0169	1.002
beta2_common[27]	4.197	0.003525	0.7363	0.7111	2.951	4.133	5.815	44680.0	32620.0	0.2211	1.0
beta2_common[28]	4.54	0.01103	0.7519	0.7136	3.32	4.453	6.251	4620.0	17420.0	0.02287	1.001
beta2_common[29]	4.569	0.01711	0.8536	0.8245	3.176	4.473	6.485	2457.0	9603.0	0.01216	1.002
beta2_common[30]	5.569	0.004331	0.7613	0.7386	4.247	5.511	7.216	33420.0	28780.0	0.1654	1.0
beta2_common[31]	4.192	0.005139	0.742	0.6819	2.979	4.113	5.883	26160.0	16760.0	0.1295	1.0
beta2_common[32]	5.406	0.003076	0.6415	0.6376	4.25	5.37	6.763	43650.0	29780.0	0.2161	1.0
beta2_common[33]	3.499	0.01372	1.36	1.015	1.872	3.176	7.042	7126.0	16390.0	0.03527	1.001
beta2_common[34]	5.022	0.004117	0.6034	0.5878	3.938	4.985	6.304	21900.0	26500.0	0.1084	1.0
beta2_common[35]	3.914	0.008265	1.35	1.168	2.013	3.672	7.211	26800.0	29700.0	0.1327	1.0
beta2_common[36]	4.672	0.008304	0.775	0.7072	3.435	4.574	6.458	9229.0	16390.0	0.04568	1.001
beta2_common[37]	5.775	0.02898	1.259	1.241	3.757	5.629	8.597	1836.0	8947.0	0.009086	1.003
beta2_common[38]	4.749	0.003713	0.6234	0.6057	3.643	4.709	6.101	29750.0	26450.0	0.1472	1.0
beta2_common[39]	5.648	0.01131	1.947	1.672	2.896	5.299	10.38	30650.0	27910.0	0.1517	1.0
beta2_common[40]	3.533	0.01283	0.643	0.6158	2.48	3.46	5.002	2495.0	10030.0	0.01235	1.002
beta2_common[41]	4.31	0.01009	0.8713	0.8403	2.853	4.225	6.245	7153.0	17430.0	0.03541	1.001
beta2_common[42]	6.106	0.00901	0.9146	0.8609	4.568	6.02	8.147	10460.0	18370.0	0.05176	1.0
beta2_common[43]	11.91	0.01652	2.535	2.333	7.92	11.57	17.83	25170.0	27160.0	0.1246	1.0
beta2_common[44]	5.545	0.01296	2.344	1.974	2.372	5.092	11.26	33240.0	29540.0	0.1645	1.0
beta2_common[45]	6.501	0.01194	1.817	1.623	3.864	6.205	10.86	23410.0	28290.0	0.1159	1.0
beta2_common[46]	16.27	0.03997	4.029	3.641	10.25	15.65	25.9	8775.0	14700.0	0.04343	1.001
beta2_common[47]	15.53	0.03512	3.378	3.093	10.3	15.06	23.47	8580.0	18620.0	0.04247	1.0
beta2_common[48]	7.779	0.006524	1.16	1.098	5.811	7.675	10.38	31820.0	30460.0	0.1575	1.0
beta2_common[49]	5.335	0.02235	0.9889	0.993	3.662	5.25	7.478	1926.0	8657.0	0.009536	1.003
beta2_common[50]	4.928	0.01016	2.151	1.839	1.985	4.525	10.2	50790.0	29830.0	0.2514	1.0
beta2_common[51]	5.762	0.01116	1.944	1.747	2.904	5.438	10.36	30210.0	30900.0	0.1495	1.0
beta2_common[52]	2.915	0.006054	0.435	0.4177	2.158	2.88	3.88	5296.0	12140.0	0.02622	1.001
beta2_common[53]	4.313	0.005048	0.8297	0.7744	2.95	4.224	6.184	30100.0	26050.0	0.149	1.0
beta2_common[54]	4.379	0.003862	0.6184	0.5904	3.284	4.336	5.722	23610.0	24530.0	0.1169	1.0
beta2_common[55]	5.228	0.006326	0.7619	0.7186	3.939	5.151	6.952	14860.0	25450.0	0.07356	1.001
beta2_common[56]	6.298	0.01534	1.094	1.042	4.46	6.191	8.741	4898.0	13570.0	0.02424	1.001
beta2_common[57]	2.338	0.003945	0.3935	0.3804	1.656	2.306	3.195	10560.0	19220.0	0.05227	1.0
beta2_common[58]	5.309	0.01089	2.193	1.883	2.247	4.908	10.73	42620.0	31990.0	0.211	1.0
beta2_common[59]	3.493	0.007593	0.5672	0.5415	2.542	3.437	4.765	5758.0	14540.0	0.0285	1.001
beta2_common[60]	5.581	0.008869	0.8446	0.8127	4.111	5.518	7.417	8857.0	19130.0	0.04384	1.001
beta2_common[61]	5.46	0.005002	0.878	0.8288	4.001	5.372	7.433	33200.0	28310.0	0.1644	1.0
beta2_common[62]	7.904	0.02335	1.952	1.854	4.562	7.743	12.19	6209.0	11320.0	0.03073	1.001
beta2_common[63]	8.286	0.0302	2.051	1.852	5.229	7.969	13.17	4222.0	15140.0	0.0209	1.001
beta2_common[64]	16.99	0.04428	4.212	3.847	10.43	16.39	26.85	8025.0	15240.0	0.03972	1.0
beta2_common[65]	4.721	0.01035	2.002	1.686	1.966	4.347	9.633	40160.0	29950.0	0.1988	1.0
beta2_common[66]	8.799	0.01504	2.518	2.269	4.927	8.442	14.74	23550.0	23460.0	0.1166	1.0
beta2_common[67]	4.684	0.01171	1.868	1.452	2.282	4.26	9.433	27040.0	29630.0	0.1339	1.0
beta2_common[68]	5.562	0.01119	2.079	1.784	2.603	5.178	10.65	36750.0	29700.0	0.1819	1.0
beta2_common[69]	9.941	0.01719	2.436	2.177	6.295	9.559	15.73	18180.0	21830.0	0.09	1.0
beta2_common[70]	5.057	0.007528	1.117	1.024	3.283	4.918	7.652	25720.0	24800.0	0.1273	1.0
beta2_common[71]	5.226	0.01317	1.616	1.431	2.93	4.945	9.114	13040.0	23160.0	0.06455	1.0
beta2_common[72]	5.7	0.01133	1.832	1.624	2.976	5.42	10.1	23860.0	18950.0	0.1181	1.0
beta2_common[73]	6.263	0.01425	1.132	1.096	4.328	6.173	8.76	5687.0	12650.0	0.02815	1.001
beta2_common[74]	5.187	0.008425	1.551	1.404	2.839	4.955	8.872	35370.0	30180.0	0.1751	1.0
beta2_common[75]	10.08	0.02514	2.854	2.621	5.555	9.69	16.75	10320.0	10770.0	0.0511	1.0
beta2_common[76]	7.201	0.01253	1.225	1.161	5.176	7.069	9.976	8864.0	15450.0	0.04388	1.0
beta2_common[77]	3.478	0.007831	0.504	0.4695	2.646	3.425	4.618	4298.0	10660.0	0.02127	1.001
beta2_common[78]	4.318	0.004143	0.5856	0.5672	3.321	4.265	5.597	21720.0	24140.0	0.1075	1.0
beta2_common[79]	5.635	0.01848	1.159	1.051	3.853	5.471	8.385	3836.0	11880.0	0.01899	1.001
beta2_common[80]	3.072	0.002434	0.4498	0.4396	2.277	3.042	4.041	34970.0	30500.0	0.1731	1.0
beta2_common[81]	4.438	0.003342	0.5526	0.5347	3.457	4.406	5.614	25880.0	27350.0	0.1281	1.0
beta2_common[82]	6.249	0.006234	0.9099	0.8443	4.735	6.155	8.327	20920.0	25610.0	0.1035	1.0
beta2_common[83]	2.771	0.006208	0.4048	0.3843	2.075	2.734	3.667	4473.0	9358.0	0.02214	1.001
beta2_common[84]	6.586	0.03429	1.588	1.57	4.035	6.426	10.03	2027.0	8888.0	0.01003	1.003
beta2_common[85]	3.409	0.002323	0.4476	0.4345	2.613	3.379	4.366	38730.0	29660.0	0.1917	1.0
beta2_common[86]	3.963	0.01233	0.6698	0.6291	2.855	3.889	5.494	2940.0	11070.0	0.01455	1.002
beta2_common[87]	4.174	0.01107	1.622	1.319	2.071	3.82	8.248	19880.0	27450.0	0.0984	1.0
beta2_common[88]	4.397	0.009631	1.916	1.648	1.762	4.031	9.138	42890.0	31050.0	0.2123	1.0
beta2_common[89]	4.742	0.003322	0.5815	0.5683	3.693	4.712	5.962	31130.0	30630.0	0.1541	1.0
beta2_common[90]	7.04	0.01474	1.101	1.054	5.172	6.932	9.484	5408.0	18590.0	0.02677	1.001
beta2_common[91]	5.976	0.01493	2.474	2.115	2.564	5.51	12.05	26640.0	25460.0	0.1319	1.0
beta2_common[92]	2.696	0.008899	0.5644	0.5521	1.766	2.637	3.946	3863.0	15450.0	0.01912	1.002
beta2_common[93]	3.51	0.004582	0.5424	0.5275	2.572	3.465	4.684	14750.0	22000.0	0.07299	1.0
beta2_common[94]	2.204	0.009201	0.5337	0.5225	1.349	2.144	3.393	3194.0	13380.0	0.01581	1.002
beta2_common[95]	3.167	0.00377	0.4236	0.4109	2.416	3.139	4.078	12800.0	23210.0	0.06336	1.0
beta2_common[96]	5.815	0.0186	1.025	1.005	4.068	5.727	8.051	2980.0	11860.0	0.01475	1.002
beta2_common[97]	5.266	0.02194	1.02	1.037	3.546	5.184	7.438	2128.0	9823.0	0.01053	1.003
beta2_common[98]	2.886	0.005678	0.5003	0.4889	2.024	2.847	3.978	7684.0	21040.0	0.03803	1.001
beta2_common[99]	4.062	0.004744	0.7469	0.7	2.813	3.984	5.734	25570.0	28740.0	0.1265	1.0
beta2_common[100]	3.855	0.007658	0.5544	0.5369	2.878	3.82	5.039	5281.0	14080.0	0.02614	1.001
beta2_common[101]	4.407	0.003359	0.6417	0.6177	3.269	4.365	5.797	36970.0	28850.0	0.183	1.0
beta2_common[102]	7.26	0.01469	2.058	1.867	4.033	6.997	12.06	16920.0	20240.0	0.08375	1.0
beta2_common[103]	3.578	0.009164	0.5628	0.5205	2.67	3.514	4.876	3894.0	10780.0	0.01928	1.001
beta2_common[104]	5.854	0.006121	0.8013	0.7771	4.466	5.789	7.594	18020.0	28200.0	0.0892	1.0
beta2_common[105]	2.387	0.002046	0.3491	0.3459	1.757	2.368	3.122	29340.0	29730.0	0.1452	1.0
beta2_common[106]	5.008	0.002925	0.6199	0.6094	3.872	4.975	6.314	44830.0	32420.0	0.2219	1.0
beta2_common[107]	3.973	0.01082	0.5601	0.5442	2.989	3.929	5.197	2702.0	9719.0	0.01338	1.002
beta2_common[108]	5.669	0.005399	0.8933	0.8558	4.163	5.588	7.654	29590.0	27920.0	0.1465	1.0
beta2_common[109]	4.274	0.01053	1.249	1.087	2.474	4.061	7.306	11060.0	19430.0	0.05473	1.0
beta2_common[110]	5.16	0.003048	0.6353	0.6231	4.025	5.121	6.507	44260.0	30540.0	0.2191	1.0
beta2_common[111]	5.285	0.0102	1.868	1.606	2.65	4.958	9.843	34440.0	28370.0	0.1705	1.0
beta2_common[112]	4.238	0.007675	0.5616	0.5375	3.253	4.194	5.466	5538.0	12780.0	0.02741	1.001
beta2_common[113]	2.961	0.008081	0.5729	0.5408	2.016	2.901	4.261	4932.0	16220.0	0.02442	1.001
beta2_common[114]	7.195	0.005009	0.9434	0.9038	5.551	7.125	9.271	35440.0	31380.0	0.1754	1.0
beta2_common[115]	9.188	0.01276	2.142	1.954	5.924	8.889	14.27	30180.0	26760.0	0.1494	1.0
beta2_common[116]	5.102	0.008376	0.668	0.66	3.902	5.062	6.523	6274.0	17960.0	0.03106	1.0
beta2_common[117]	4.279	0.007357	0.6119	0.5954	3.205	4.238	5.611	6904.0	18670.0	0.03417	1.001
beta2_common[118]	3.536	0.00528	0.4688	0.4551	2.709	3.505	4.551	8234.0	16480.0	0.04076	1.001
beta2_common[119]	4.284	0.002854	0.5956	0.5729	3.238	4.24	5.597	44870.0	29160.0	0.2221	1.0
beta2_common[120]	6.203	0.01081	1.801	1.629	3.534	5.919	10.48	29110.0	30370.0	0.1441	1.0
beta2_common[121]	5.362	0.01204	1.5	1.321	3.192	5.111	8.97	13560.0	25220.0	0.06712	1.0
beta2_common[122]	5.41	0.009108	0.7438	0.7164	4.114	5.355	7.028	6661.0	17900.0	0.03297	1.001
beta2_common[123]	7.107	0.009787	1.019	0.9418	5.427	6.993	9.399	10810.0	23130.0	0.05353	1.001
beta2_common[124]	4.975	0.003388	0.658	0.6401	3.822	4.927	6.401	38240.0	30080.0	0.1893	1.0
beta2_common[125]	5.365	0.003744	0.6911	0.6772	4.141	5.321	6.838	33590.0	29610.0	0.1663	1.0
beta2_common[126]	4.876	0.003146	0.6334	0.6225	3.762	4.831	6.24	41060.0	31760.0	0.2032	1.0
beta2_common[127]	5.113	0.007592	0.7081	0.7011	3.82	5.076	6.609	8451.0	16680.0	0.04183	1.001
beta2_common[128]	2.36	0.007398	0.4221	0.3961	1.665	2.313	3.316	3366.0	9669.0	0.01666	1.001
beta2_common[129]	6.112	0.004917	0.9801	0.924	4.498	6.013	8.31	41920.0	30800.0	0.2075	1.0
beta2_common[130]	2.629	0.008828	0.6625	0.6345	1.683	2.485	4.135	6369.0	10160.0	0.03153	1.0
beta2_common[131]	2.602	0.004515	0.4553	0.402	1.868	2.557	3.623	11920.0	13870.0	0.05899	1.001
beta2_common[132]	2.603	0.006079	0.5082	0.4914	1.747	2.555	3.713	6673.0	20880.0	0.03303	1.001
beta2_common[133]	5.378	0.01444	2.005	1.753	2.482	5.033	10.2	15060.0	17120.0	0.07453	1.0
beta2_common[134]	4.956	0.004081	0.6222	0.6083	3.859	4.915	6.294	24870.0	22940.0	0.1231	1.0
beta2_common[135]	5.423	0.005362	0.7496	0.7183	4.109	5.365	7.064	20490.0	25050.0	0.1014	1.0
beta2_common[136]	4.689	0.007618	1.218	1.067	2.937	4.48	7.641	28700.0	27900.0	0.1421	1.0
beta2_common[137]	4.832	0.002484	0.561	0.5522	3.811	4.802	6.015	51400.0	31900.0	0.2544	1.0
beta2_common[138]	5.225	0.006638	0.7531	0.7236	3.934	5.163	6.888	12930.0	23980.0	0.06401	1.0
beta2_common[139]	4.598	0.003438	0.6616	0.6471	3.424	4.554	6.011	37140.0	29390.0	0.1838	1.0
beta2_common[140]	7.735	0.02963	1.73	1.611	5.032	7.505	11.8	3185.0	11470.0	0.01576	1.002
beta2_common[141]	3.403	0.00731	0.7114	0.6693	2.24	3.328	5.011	8559.0	19690.0	0.04236	1.0
betac_common[1]	1.293	0.001339	0.2171	0.2166	0.8671	1.292	1.72	26230.0	28960.0	0.1298	1.0
betac_common[2]	1.268	0.006565	0.2525	0.2602	0.8147	1.254	1.791	1493.0	7764.0	0.007391	1.004
betac_common[3]	0.767	0.0008857	0.1838	0.1836	0.4106	0.7659	1.13	43190.0	31330.0	0.2138	1.0
betac_common[4]	1.12	0.007254	0.3489	0.3396	0.5285	1.083	1.893	2492.0	7870.0	0.01233	1.003
betac_common[5]	0.8724	0.002363	0.1787	0.1772	0.5129	0.8758	1.211	5820.0	14740.0	0.02881	1.001
betac_common[6]	0.9859	0.0009892	0.1723	0.1706	0.6469	0.9864	1.324	30500.0	25120.0	0.151	1.0
betac_common[7]	1.327	0.003779	0.4089	0.4037	0.5551	1.318	2.163	12110.0	23230.0	0.05992	1.0
betac_common[8]	0.1477	0.004328	0.2158	0.2077	-0.2441	0.134	0.6114	2630.0	6280.0	0.01302	1.002
betac_common[9]	1.584	0.001779	0.2497	0.2489	1.108	1.581	2.087	19900.0	28720.0	0.09852	1.0
betac_common[10]	0.2261	0.0008764	0.1317	0.1307	-0.03257	0.2261	0.4854	22670.0	25640.0	0.1122	1.0
betac_common[11]	0.5326	0.0007586	0.1469	0.1468	0.2447	0.5322	0.8219	37660.0	31300.0	0.1864	1.0
betac_common[12]	0.1574	0.001965	0.1222	0.1204	-0.07159	0.1535	0.4108	3972.0	9108.0	0.01966	1.001
betac_common[13]	1.136	0.0115	0.3609	0.3897	0.5071	1.117	1.865	1011.0	5473.0	0.005003	1.007
betac_common[14]	0.9039	0.001123	0.2129	0.2096	0.4845	0.9052	1.324	36100.0	29900.0	0.1787	1.0
betac_common[15]	1.295	0.001341	0.2198	0.2192	0.8609	1.295	1.727	26930.0	30130.0	0.1333	1.0
betac_common[16]	0.7489	0.00103	0.1987	0.1987	0.3583	0.7494	1.136	37400.0	31450.0	0.1851	1.0
betac_common[17]	0.4883	0.003645	0.1736	0.1701	0.1722	0.4777	0.8536	2358.0	6502.0	0.01167	1.003
betac_common[18]	1.6	0.001792	0.2488	0.2479	1.12	1.598	2.094	19310.0	22750.0	0.0956	1.0
betac_common[19]	1.272	0.001884	0.2195	0.2198	0.8382	1.272	1.701	13720.0	19310.0	0.06793	1.0
betac_common[20]	0.9539	0.001904	0.2281	0.2268	0.5087	0.9535	1.402	14390.0	25450.0	0.07125	1.001
betac_common[21]	0.675	0.003934	0.224	0.2215	0.2571	0.6679	1.135	3331.0	9082.0	0.01649	1.002
betac_common[22]	0.5958	0.00136	0.1661	0.1648	0.2707	0.5941	0.9257	15080.0	17470.0	0.07464	1.0
betac_common[23]	0.9257	0.002823	0.2351	0.2325	0.4854	0.9171	1.408	7189.0	11270.0	0.03559	1.001
betac_common[24]	1.223	0.003449	0.1901	0.1902	0.8586	1.221	1.605	3058.0	11510.0	0.01514	1.002
betac_common[25]	-0.1111	0.002006	0.1474	0.1449	-0.3946	-0.1143	0.1856	5556.0	8884.0	0.0275	1.001
betac_common[26]	0.9466	0.001152	0.1965	0.1965	0.5677	0.9442	1.335	29560.0	29740.0	0.1463	1.0
betac_common[27]	-0.002957	0.001259	0.1675	0.1669	-0.3354	-0.001642	0.3245	17710.0	25530.0	0.08768	1.0
betac_common[28]	-0.09149	0.00505	0.1919	0.1895	-0.4347	-0.1048	0.3141	1503.0	5053.0	0.007439	1.004
betac_common[29]	1.125	0.003309	0.1962	0.1952	0.7351	1.128	1.505	3547.0	12100.0	0.01756	1.002
betac_common[30]	1.225	0.003236	0.2752	0.2736	0.6969	1.22	1.778	7332.0	20920.0	0.03629	1.001
betac_common[31]	0.5904	0.002117	0.1849	0.1834	0.2357	0.5876	0.9617	7738.0	13910.0	0.0383	1.001
betac_common[32]	1.106	0.001987	0.1939	0.1927	0.7295	1.104	1.489	9641.0	23530.0	0.04772	1.001
betac_common[33]	1.04	0.007988	0.2541	0.2722	0.558	1.043	1.525	1041.0	5537.0	0.005154	1.007
betac_common[34]	0.5474	0.003546	0.1964	0.1959	0.1628	0.5475	0.9335	3098.0	10170.0	0.01534	1.002
betac_common[35]	0.02529	0.001087	0.135	0.1344	-0.2382	0.02439	0.2924	15480.0	22040.0	0.07661	1.0
betac_common[36]	0.8837	0.007223	0.2508	0.2608	0.4146	0.8791	1.38	1234.0	6950.0	0.006107	1.006
betac_common[37]	0.8239	0.005223	0.2157	0.2191	0.4152	0.8186	1.257	1728.0	7868.0	0.008553	1.004
betac_common[38]	0.617	0.0009831	0.1693	0.1689	0.2799	0.6182	0.9466	29930.0	30530.0	0.1481	1.0
betac_common[39]	0.4209	0.001652	0.143	0.1406	0.1474	0.4184	0.709	7770.0	14330.0	0.03846	1.001
betac_common[40]	0.07031	0.008481	0.2631	0.2741	-0.3942	0.04871	0.6053	1002.0	5098.0	0.00496	1.007
betac_common[41]	0.7319	0.004372	0.2061	0.2021	0.3599	0.72	1.17	2296.0	7161.0	0.01137	1.003
betac_common[42]	1.395	0.004837	0.2725	0.269	0.8391	1.402	1.915	3229.0	8672.0	0.01598	1.002
betac_common[43]	1.277	0.001791	0.2392	0.2381	0.8045	1.279	1.744	18000.0	26370.0	0.08909	1.0
betac_common[44]	0.5655	0.003283	0.1465	0.1446	0.2904	0.5606	0.865	2042.0	7478.0	0.01011	1.003
betac_common[45]	0.2159	0.003385	0.1831	0.1793	-0.1284	0.2091	0.5962	3016.0	7676.0	0.01493	1.002
betac_common[46]	1.59	0.003003	0.4509	0.4469	0.7165	1.587	2.489	22640.0	26270.0	0.1121	1.0
betac_common[47]	1.407	0.002719	0.4784	0.4778	0.4813	1.404	2.354	31230.0	27200.0	0.1546	1.0
betac_common[48]	0.6957	0.005915	0.2634	0.2604	0.2213	0.68	1.257	2046.0	7330.0	0.01013	1.003
betac_common[49]	0.9661	0.004033	0.2227	0.2206	0.5496	0.9587	1.425	3104.0	10550.0	0.01536	1.002
betac_common[50]	-0.427	0.001538	0.132	0.1313	-0.6726	-0.4321	-0.1544	7533.0	14840.0	0.03729	1.0
betac_common[51]	0.3523	0.004799	0.1746	0.1742	0.03858	0.3407	0.7181	1363.0	5676.0	0.006747	1.005
betac_common[52]	1.294	0.004678	0.209	0.2099	0.8826	1.297	1.699	2016.0	7309.0	0.009981	1.003
betac_common[53]	0.4782	0.001184	0.1767	0.1761	0.1331	0.4769	0.8297	22720.0	22240.0	0.1125	1.0
betac_common[54]	0.8105	0.001359	0.1526	0.1522	0.5091	0.8111	1.107	12720.0	28220.0	0.06295	1.001
betac_common[55]	0.5321	0.0008668	0.1612	0.1595	0.2152	0.5326	0.8456	34810.0	33070.0	0.1723	1.0
betac_common[56]	1.33	0.01014	0.3139	0.3369	0.7493	1.331	1.935	991.0	4900.0	0.004905	1.007
betac_common[57]	0.1748	0.001911	0.1516	0.1511	-0.122	0.1728	0.4735	6333.0	14950.0	0.03135	1.001
betac_common[58]	0.3427	0.0008192	0.1274	0.1258	0.09279	0.3421	0.5981	24390.0	26260.0	0.1207	1.0
betac_common[59]	1.314	0.001446	0.1792	0.1793	0.9591	1.315	1.661	15460.0	24720.0	0.07651	1.0
betac_common[60]	0.5357	0.001425	0.1764	0.1774	0.192	0.5353	0.8812	15550.0	25580.0	0.07697	1.0
betac_common[61]	0.7963	0.001467	0.1395	0.1384	0.5251	0.7966	1.072	9186.0	21760.0	0.04547	1.001
betac_common[62]	1.244	0.00984	0.3103	0.334	0.6838	1.238	1.861	1023.0	5386.0	0.005064	1.007
betac_common[63]	0.9609	0.003524	0.2026	0.2024	0.5662	0.9592	1.362	3334.0	14590.0	0.0165	1.002
betac_common[64]	1.087	0.004656	0.3395	0.3317	0.4709	1.066	1.807	5712.0	11610.0	0.02828	1.001
betac_common[65]	0.4377	0.001721	0.1297	0.1295	0.1826	0.4383	0.6945	5704.0	15130.0	0.02823	1.001
betac_common[66]	0.627	0.004184	0.1808	0.1799	0.2985	0.6161	1.003	1929.0	6849.0	0.009546	1.003
betac_common[67]	0.06245	0.005049	0.1809	0.1824	-0.278	0.055	0.4256	1319.0	5238.0	0.006528	1.005
betac_common[68]	0.1167	0.00641	0.1958	0.2007	-0.2222	0.09565	0.5209	984.4	4415.0	0.004872	1.007
betac_common[69]	0.5383	0.0006391	0.1277	0.1279	0.2923	0.5378	0.7904	40070.0	31850.0	0.1984	1.0
betac_common[70]	0.6064	0.003107	0.1797	0.1769	0.2662	0.6016	0.9747	3424.0	9942.0	0.01695	1.002
betac_common[71]	0.07544	0.003605	0.1629	0.1583	-0.2205	0.0657	0.421	2150.0	5452.0	0.01064	1.003
betac_common[72]	-0.6931	0.006186	0.2101	0.2007	-1.047	-0.7208	-0.2303	1250.0	4069.0	0.006186	1.005
betac_common[73]	0.8666	0.0008241	0.1689	0.1685	0.5345	0.8675	1.196	42130.0	29230.0	0.2085	1.0
betac_common[74]	0.3727	0.002364	0.1782	0.1765	0.02759	0.3706	0.7317	5790.0	11240.0	0.02866	1.001
betac_common[75]	1.156	0.006296	0.3202	0.3046	0.6391	1.113	1.881	2851.0	8165.0	0.01411	1.002
betac_common[76]	0.9473	0.008663	0.2844	0.2993	0.3999	0.9469	1.492	1106.0	6091.0	0.005477	1.007
betac_common[77]	1.469	0.001382	0.2196	0.2195	1.04	1.467	1.902	25130.0	27880.0	0.1244	1.0
betac_common[78]	1.014	0.001443	0.1909	0.1888	0.6422	1.012	1.392	17480.0	23560.0	0.08655	1.0
betac_common[79]	0.4978	0.005599	0.2061	0.2101	0.1128	0.4918	0.9134	1383.0	6104.0	0.006846	1.005
betac_common[80]	0.4207	0.001536	0.1498	0.149	0.1243	0.4216	0.7129	9511.0	23420.0	0.04708	1.001
betac_common[81]	0.9141	0.0009771	0.1957	0.1942	0.5264	0.9139	1.3	40200.0	31180.0	0.199	1.0
betac_common[82]	1.3	0.002139	0.25	0.2475	0.8065	1.301	1.788	13890.0	22590.0	0.06876	1.0
betac_common[83]	0.5654	0.001775	0.1563	0.1545	0.2619	0.5642	0.8752	7844.0	14270.0	0.03883	1.001
betac_common[84]	1.203	0.009602	0.3388	0.3518	0.6004	1.187	1.897	1264.0	7323.0	0.006256	1.005
betac_common[85]	0.7289	0.004114	0.2094	0.2091	0.3276	0.7242	1.151	2640.0	10050.0	0.01307	1.002
betac_common[86]	1.09	0.0009046	0.1574	0.1567	0.7797	1.091	1.396	30510.0	29480.0	0.151	1.0
betac_common[87]	0.2331	0.002602	0.1358	0.1343	-0.02142	0.2284	0.513	2809.0	7029.0	0.0139	1.002
betac_common[88]	0.1684	0.003209	0.1395	0.1377	-0.08862	0.162	0.4581	1945.0	5549.0	0.009628	1.003
betac_common[89]	0.7759	0.001104	0.1948	0.1951	0.3922	0.7767	1.154	31210.0	30080.0	0.1545	1.0
betac_common[90]	1.179	0.002115	0.3221	0.3176	0.5598	1.174	1.824	23400.0	22320.0	0.1158	1.0
betac_common[91]	0.5321	0.0007859	0.1276	0.1271	0.2813	0.5321	0.7823	26640.0	29040.0	0.1318	1.0
betac_common[92]	0.1289	0.004816	0.218	0.2164	-0.3108	0.1304	0.5491	2061.0	7229.0	0.0102	1.003
betac_common[93]	0.5468	0.001795	0.1681	0.1669	0.2129	0.5482	0.8752	8826.0	21790.0	0.04369	1.001
betac_common[94]	0.5354	0.002547	0.1714	0.171	0.2076	0.5324	0.8789	4587.0	12660.0	0.0227	1.001
betac_common[95]	0.6747	0.001233	0.1691	0.1681	0.3454	0.6749	1.008	19160.0	22470.0	0.09483	1.0
betac_common[96]	1.06	0.005482	0.2347	0.2368	0.6221	1.051	1.542	1850.0	8978.0	0.009158	1.004
betac_common[97]	0.7538	0.005329	0.2516	0.2512	0.2903	0.7437	1.272	2281.0	8481.0	0.01129	1.002
betac_common[98]	0.9448	0.008971	0.2722	0.2964	0.4449	0.9406	1.466	953.3	5807.0	0.004719	1.007
betac_common[99]	0.6556	0.006909	0.2291	0.2396	0.2368	0.6481	1.116	1125.0	6125.0	0.005567	1.006
betac_common[100]	0.4333	0.003895	0.1974	0.1977	0.05393	0.431	0.8263	2603.0	8525.0	0.01288	1.003
betac_common[101]	0.4634	0.005568	0.2123	0.2136	0.06304	0.4567	0.8926	1482.0	7046.0	0.007338	1.004
betac_common[102]	0.9415	0.01103	0.3084	0.3452	0.4122	0.9276	1.546	818.7	5117.0	0.004053	1.008
betac_common[103]	0.7699	0.004681	0.1908	0.1931	0.4017	0.7685	1.144	1673.0	7579.0	0.00828	1.004
betac_common[104]	0.4082	0.004957	0.2088	0.2103	0.002775	0.407	0.8186	1790.0	7809.0	0.008862	1.004
betac_common[105]	0.485	0.001548	0.1529	0.1509	0.1852	0.4845	0.787	9938.0	20230.0	0.04919	1.001
betac_common[106]	1.261	0.001185	0.1789	0.1781	0.9088	1.261	1.614	22820.0	27980.0	0.113	1.0
betac_common[107]	1.1	0.0009293	0.1818	0.1793	0.74	1.1	1.455	38340.0	32560.0	0.1898	1.0
betac_common[108]	1.177	0.005815	0.2453	0.2485	0.7069	1.175	1.659	1800.0	8983.0	0.008912	1.003
betac_common[109]	0.7617	0.0008672	0.1707	0.1696	0.4213	0.762	1.093	38800.0	31660.0	0.192	1.0
betac_common[110]	1.158	0.00302	0.2348	0.2352	0.6933	1.158	1.615	6102.0	17600.0	0.03021	1.001
betac_common[111]	0.04738	0.001282	0.138	0.1359	-0.2179	0.0448	0.3256	12120.0	14070.0	0.05999	1.0
betac_common[112]	1.595	0.001801	0.2041	0.2024	1.192	1.595	1.994	12920.0	18670.0	0.06393	1.001
betac_common[113]	0.3683	0.003609	0.1652	0.1629	0.05928	0.3625	0.71	2166.0	6878.0	0.01072	1.003
betac_common[114]	1.074	0.00518	0.247	0.249	0.5959	1.074	1.56	2295.0	9407.0	0.01136	1.003
betac_common[115]	1.2	0.00115	0.1895	0.1876	0.8265	1.198	1.572	27120.0	28370.0	0.1343	1.0
betac_common[116]	0.2103	0.001209	0.2103	0.2075	-0.2102	0.2133	0.6189	30470.0	30940.0	0.1508	1.0
betac_common[117]	1.221	0.003084	0.2336	0.2344	0.7541	1.225	1.666	5841.0	15720.0	0.02891	1.001
betac_common[118]	1.237	0.001479	0.21	0.2089	0.8271	1.237	1.653	20290.0	29090.0	0.1005	1.0
betac_common[119]	0.5331	0.0009056	0.1636	0.1633	0.2129	0.5337	0.854	32850.0	31520.0	0.1626	1.0
betac_common[120]	0.2744	0.001552	0.1797	0.179	-0.08265	0.2748	0.6249	13300.0	17650.0	0.06585	1.0
betac_common[121]	0.8776	0.007733	0.258	0.2699	0.3858	0.8762	1.38	1137.0	6541.0	0.005626	1.006
betac_common[122]	1.643	0.001776	0.2545	0.2523	1.149	1.642	2.147	20560.0	26520.0	0.1018	1.0
betac_common[123]	1.344	0.001496	0.1544	0.1546	1.045	1.343	1.652	10710.0	22640.0	0.053	1.001
betac_common[124]	0.8873	0.002028	0.1678	0.1656	0.5644	0.8858	1.224	6974.0	18100.0	0.03452	1.001
betac_common[125]	0.6481	0.003069	0.2045	0.2041	0.2436	0.6479	1.05	4463.0	13940.0	0.02209	1.001
betac_common[126]	0.7929	0.002589	0.2087	0.2072	0.3886	0.7903	1.208	6600.0	16370.0	0.03267	1.001
betac_common[127]	0.6302	0.002965	0.1729	0.1726	0.299	0.6288	0.9719	3421.0	12230.0	0.01693	1.002
betac_common[128]	0.6869	0.0008853	0.1553	0.1541	0.3793	0.6877	0.9901	30970.0	29800.0	0.1533	1.0
betac_common[129]	0.4339	0.002862	0.1739	0.1729	0.09876	0.4329	0.7784	3738.0	11710.0	0.0185	1.001
betac_common[130]	0.4668	0.00259	0.1427	0.1424	0.1974	0.4633	0.7562	3098.0	8609.0	0.01533	1.002
betac_common[131]	0.5336	0.002988	0.1364	0.1367	0.2735	0.5311	0.8081	2110.0	8027.0	0.01044	1.003
betac_common[132]	0.7138	0.001052	0.1449	0.1433	0.4305	0.7134	1.002	19280.0	26000.0	0.09543	1.0
betac_common[133]	-1.024	0.002587	0.1699	0.1667	-1.333	-1.034	-0.6633	4504.0	8535.0	0.02229	1.001
betac_common[134]	0.8538	0.005919	0.231	0.2374	0.4129	0.8502	1.309	1545.0	8240.0	0.007647	1.004
betac_common[135]	1.202	0.003623	0.2142	0.2118	0.7704	1.206	1.61	3563.0	9930.0	0.01763	1.002
betac_common[136]	0.6512	0.002455	0.1594	0.1587	0.3419	0.6519	0.9625	4261.0	14910.0	0.02109	1.001
betac_common[137]	1.183	0.003223	0.207	0.2034	0.7682	1.186	1.585	4172.0	11770.0	0.02065	1.001
betac_common[138]	1.52	0.003885	0.2623	0.2627	1.008	1.521	2.033	4584.0	14330.0	0.02269	1.001
betac_common[139]	1.001	0.007121	0.2612	0.2698	0.5185	0.9917	1.528	1366.0	7318.0	0.006764	1.004
betac_common[140]	0.4525	0.002787	0.1979	0.1974	0.07048	0.4503	0.8464	5126.0	11880.0	0.02537	1.001
betac_common[141]	1.231	0.006927	0.2497	0.2554	0.7408	1.235	1.709	1324.0	6089.0	0.006554	1.005
alpha1_divergent[1]	0.1101	0.001206	0.2442	0.2416	-0.3633	0.1088	0.5974	41090.0	31590.0	0.2034	1.0
alpha1_divergent[2]	-0.6593	0.002705	0.2987	0.2927	-1.231	-0.6632	-0.0591	12260.0	26420.0	0.06069	1.0
alpha1_divergent[3]	0.09935	0.003025	0.2787	0.2718	-0.4458	0.09854	0.6501	8470.0	20420.0	0.04193	1.001
alpha1_divergent[4]	-0.1139	0.003464	0.3873	0.3931	-0.8681	-0.114	0.6343	12590.0	19300.0	0.0623	1.0
alpha1_divergent[5]	0.8072	0.001652	0.3136	0.3077	0.2015	0.8042	1.431	36250.0	30180.0	0.1794	1.0
alpha1_divergent[6]	-0.1984	0.002774	0.3289	0.3192	-0.844	-0.1974	0.4524	14100.0	23950.0	0.06981	1.0
alpha1_divergent[7]	0.6691	0.003222	0.283	0.2831	0.1155	0.667	1.228	7729.0	24760.0	0.03826	1.001
alpha1_divergent[8]	0.5906	0.001721	0.3207	0.3132	-0.0145	0.5815	1.251	35200.0	27650.0	0.1742	1.0
alpha1_divergent[9]	0.1779	0.001193	0.2432	0.241	-0.2927	0.1766	0.6603	41410.0	31630.0	0.205	1.0
alpha1_divergent[10]	0.4193	0.002576	0.2922	0.2903	-0.1483	0.4196	0.9985	13180.0	27500.0	0.06526	1.0
alpha1_divergent[11]	0.111	0.005856	0.4979	0.4854	-0.9028	0.1193	1.069	7284.0	17610.0	0.03606	1.001
alpha1_divergent[12]	0.4581	0.00553	0.3898	0.3823	-0.2586	0.4414	1.272	4966.0	17710.0	0.02458	1.001
alpha1_divergent[13]	0.7097	0.004562	0.2959	0.2963	0.1347	0.7083	1.292	4219.0	14320.0	0.02089	1.001
alpha1_divergent[14]	-0.1376	0.00168	0.2433	0.2395	-0.6058	-0.1421	0.3519	21030.0	28310.0	0.1041	1.0
alpha1_divergent[15]	-0.03039	0.001628	0.2378	0.2359	-0.5002	-0.03084	0.4372	21480.0	29490.0	0.1063	1.0
alpha1_divergent[16]	0.2784	0.001057	0.2217	0.2197	-0.1498	0.2764	0.7174	44250.0	31690.0	0.219	1.0
alpha1_divergent[17]	0.194	0.002016	0.3844	0.3811	-0.5434	0.191	0.9679	36700.0	29570.0	0.1817	1.0
alpha1_divergent[18]	-0.1634	0.001266	0.2767	0.275	-0.7051	-0.161	0.3799	47820.0	32520.0	0.2367	1.0
alpha1_divergent[19]	-0.2125	0.002937	0.3748	0.3625	-0.9232	-0.2222	0.5582	16370.0	27170.0	0.08105	1.001
alpha1_divergent[20]	0.6768	0.0013	0.2266	0.2237	0.242	0.6733	1.134	30450.0	31930.0	0.1507	1.0
alpha1_divergent[21]	-0.06707	0.001249	0.2297	0.2276	-0.5107	-0.06984	0.3898	34180.0	30290.0	0.1692	1.0
alpha1_divergent[22]	-0.3889	0.00236	0.3854	0.3764	-1.11	-0.4002	0.4121	27050.0	27810.0	0.1339	1.0
alpha1_divergent[23]	1.152	0.001693	0.3306	0.3248	0.5305	1.141	1.833	38540.0	31100.0	0.1908	1.0
alpha1_divergent[24]	0.05558	0.002552	0.34	0.3354	-0.6045	0.05301	0.7313	17770.0	28670.0	0.08795	1.0
alpha1_divergent[25]	0.6373	0.005092	0.4264	0.4219	-0.1743	0.6234	1.506	7009.0	19050.0	0.03469	1.001
alpha1_divergent[26]	0.1758	0.002002	0.2539	0.2526	-0.3172	0.1735	0.6753	16020.0	27380.0	0.0793	1.0
alpha1_divergent[27]	0.5147	0.004144	0.4295	0.4068	-0.3709	0.5235	1.345	10720.0	23680.0	0.05307	1.0
alpha1_divergent[28]	-0.02261	0.001454	0.2785	0.2756	-0.5635	-0.02578	0.5314	36760.0	32490.0	0.182	1.0
alpha1_divergent[29]	-0.6345	0.001714	0.2908	0.2852	-1.218	-0.6316	-0.06779	28960.0	28810.0	0.1434	1.0
alpha1_divergent[30]	0.2045	0.002437	0.2712	0.2658	-0.3204	0.2033	0.7474	12350.0	23670.0	0.06112	1.0
alpha1_divergent[31]	1.276	0.002406	0.3052	0.3043	0.6926	1.269	1.891	16180.0	26700.0	0.08011	1.0
alpha1_divergent[32]	-0.3241	0.002089	0.2383	0.2358	-0.7925	-0.3236	0.1444	13090.0	27150.0	0.06481	1.0
alpha1_divergent[33]	0.03523	0.003336	0.4805	0.4803	-0.9389	0.0452	0.9407	20690.0	27170.0	0.1024	1.0
alpha1_divergent[34]	0.05862	0.001937	0.2538	0.2489	-0.4288	0.05311	0.5741	17210.0	26130.0	0.08518	1.0
alpha1_divergent[35]	-0.03105	0.003436	0.3551	0.3454	-0.7517	-0.02424	0.6504	10580.0	21540.0	0.05238	1.0
alpha1_divergent[36]	0.5007	0.001884	0.2841	0.2807	-0.06326	0.502	1.056	22760.0	29270.0	0.1127	1.0
alpha1_divergent[37]	0.3231	0.002336	0.3472	0.3361	-0.323	0.3109	1.042	22460.0	26760.0	0.1112	1.0
alpha1_divergent[38]	-0.2223	0.002247	0.2884	0.2831	-0.8045	-0.2193	0.3374	16660.0	28390.0	0.08249	1.0
alpha1_divergent[39]	0.3156	0.005249	0.345	0.3418	-0.3239	0.3024	1.023	4326.0	16580.0	0.02141	1.001
alpha1_divergent[40]	0.3248	0.002342	0.3528	0.3394	-0.3786	0.3261	1.014	22860.0	24880.0	0.1132	1.0
alpha1_divergent[41]	-0.2391	0.003242	0.4532	0.4535	-1.092	-0.2534	0.6874	19620.0	27480.0	0.09712	1.0
alpha1_divergent[42]	-0.3885	0.002445	0.3002	0.2979	-0.9973	-0.3819	0.1823	15400.0	25690.0	0.07621	1.0
alpha1_divergent[43]	-0.1781	0.002457	0.2358	0.2365	-0.6309	-0.1807	0.2901	9321.0	20900.0	0.04614	1.0
alpha1_divergent[44]	0.6033	0.00507	0.4046	0.3963	-0.1473	0.5904	1.433	6382.0	19850.0	0.03159	1.001
alpha1_divergent[45]	-0.2135	0.004367	0.2797	0.2792	-0.7484	-0.2186	0.3462	4134.0	13800.0	0.02046	1.001
alpha1_divergent[46]	-0.2405	0.002568	0.2709	0.271	-0.7754	-0.2409	0.2911	11160.0	23140.0	0.05525	1.0
alpha1_divergent[47]	0.152	0.003616	0.2795	0.2811	-0.3907	0.1497	0.706	6008.0	18560.0	0.02974	1.001
alpha1_divergent[48]	0.07086	0.001245	0.2263	0.2233	-0.3828	0.07363	0.5102	33620.0	30020.0	0.1664	1.0
alpha1_divergent[49]	-0.2281	0.001318	0.258	0.2545	-0.7341	-0.228	0.2799	38400.0	31230.0	0.1901	1.0
alpha1_divergent[50]	0.1014	0.007793	0.5006	0.4941	-0.8629	0.09813	1.106	4132.0	16590.0	0.02045	1.001
alpha1_divergent[51]	-0.2038	0.004246	0.2933	0.2909	-0.7647	-0.2074	0.3799	4765.0	17200.0	0.02359	1.001
alpha1_divergent[52]	0.006791	0.006632	0.5065	0.4954	-0.996	0.01302	0.993	5830.0	17990.0	0.02886	1.001
alpha1_divergent[53]	-0.5565	0.005924	0.4936	0.4748	-1.513	-0.5657	0.4597	6901.0	19370.0	0.03416	1.001
alpha1_divergent[54]	0.6655	0.001537	0.2934	0.2903	0.0968	0.6636	1.246	36430.0	30110.0	0.1803	1.0
alpha1_divergent[55]	0.3907	0.003087	0.3533	0.3405	-0.2947	0.3864	1.113	13100.0	24610.0	0.06482	1.0
alpha1_divergent[56]	0.1299	0.001349	0.2692	0.2646	-0.3965	0.1266	0.6668	40020.0	31040.0	0.1981	1.0
alpha1_divergent[57]	0.7221	0.002548	0.4172	0.4071	-0.09836	0.7194	1.55	26980.0	27940.0	0.1335	1.0
alpha1_divergent[58]	0.01092	0.004953	0.411	0.3957	-0.7835	0.005383	0.8376	6903.0	18030.0	0.03417	1.001
alpha1_divergent[59]	0.3535	0.003169	0.4277	0.4095	-0.5222	0.3596	1.183	18480.0	23040.0	0.09145	1.0
alpha1_divergent[60]	-0.4172	0.00164	0.2875	0.2792	-0.9697	-0.4231	0.1637	31140.0	26770.0	0.1541	1.0
alpha1_divergent[61]	-0.1452	0.001487	0.2889	0.2863	-0.7185	-0.1435	0.4168	37800.0	30390.0	0.1871	1.0
alpha1_divergent[62]	0.5837	0.003085	0.3068	0.3067	-0.02356	0.5846	1.179	9893.0	22050.0	0.04897	1.001
alpha1_divergent[63]	0.1641	0.002743	0.2823	0.2778	-0.3717	0.1594	0.7359	10620.0	23300.0	0.05259	1.0
alpha1_divergent[64]	0.4353	0.004247	0.2837	0.2838	-0.1149	0.4338	0.994	4498.0	17040.0	0.02226	1.001
alpha1_divergent[65]	0.3178	0.005916	0.4315	0.4184	-0.505	0.3051	1.197	5324.0	18360.0	0.02635	1.001
alpha1_divergent[66]	0.5768	0.004394	0.2757	0.2764	0.05283	0.5721	1.126	3962.0	16050.0	0.01961	1.001
alpha1_divergent[67]	0.6308	0.005346	0.4296	0.4245	-0.1688	0.6154	1.523	6467.0	22150.0	0.03201	1.001
alpha1_divergent[68]	0.3057	0.006131	0.4151	0.4112	-0.4524	0.2888	1.165	4594.0	17090.0	0.02274	1.001
alpha1_divergent[69]	-0.1859	0.004966	0.2802	0.2838	-0.7158	-0.1911	0.3749	3226.0	11870.0	0.01597	1.001
alpha1_divergent[70]	1.016	0.00275	0.2928	0.2913	0.4462	1.015	1.593	11410.0	27730.0	0.05649	1.001
alpha1_divergent[71]	-0.4412	0.003208	0.3412	0.3373	-1.129	-0.4346	0.2101	11200.0	22330.0	0.05542	1.0
alpha1_divergent[72]	0.2393	0.00463	0.3606	0.3459	-0.4631	0.2342	0.964	6013.0	17540.0	0.02976	1.001
alpha1_divergent[73]	-0.5112	0.001896	0.304	0.3085	-1.108	-0.5075	0.07509	25770.0	30410.0	0.1276	1.0
alpha1_divergent[74]	-0.1018	0.003223	0.2908	0.2893	-0.6784	-0.1023	0.4615	8118.0	22270.0	0.04018	1.001
alpha1_divergent[75]	0.4445	0.004793	0.3081	0.3145	-0.1498	0.4426	1.05	4153.0	15500.0	0.02056	1.001
alpha1_divergent[76]	0.1851	0.001505	0.2663	0.2655	-0.3345	0.1826	0.7083	31580.0	30340.0	0.1563	1.0
alpha1_divergent[77]	0.06175	0.004911	0.4598	0.4405	-0.8709	0.0627	0.9657	8834.0	19920.0	0.04373	1.001
alpha1_divergent[78]	-0.0371	0.007329	0.5056	0.5033	-1.044	-0.03297	0.9429	4771.0	15030.0	0.02362	1.001
alpha1_divergent[79]	0.4067	0.004852	0.4236	0.4043	-0.4438	0.4089	1.236	7607.0	17960.0	0.03765	1.0
alpha1_divergent[80]	0.0005044	0.003111	0.41	0.3931	-0.8323	0.006346	0.7964	17690.0	25910.0	0.08758	1.0
alpha1_divergent[81]	-0.3533	0.001408	0.2789	0.2759	-0.8903	-0.3568	0.2007	39410.0	31020.0	0.1951	1.0
alpha1_divergent[82]	0.2056	0.002102	0.2819	0.2828	-0.3562	0.2073	0.7521	18110.0	29080.0	0.08962	1.0
alpha1_divergent[83]	0.5325	0.005001	0.518	0.5045	-0.5592	0.5522	1.496	10920.0	21960.0	0.05407	1.0
alpha1_divergent[84]	-0.3359	0.001891	0.337	0.3333	-0.9918	-0.3408	0.3316	31980.0	27220.0	0.1583	1.0
alpha1_divergent[85]	-0.4005	0.002105	0.2795	0.2738	-0.9733	-0.3942	0.1279	18060.0	27680.0	0.08937	1.0
alpha1_divergent[86]	0.2437	0.001759	0.3258	0.318	-0.3965	0.2446	0.8892	34570.0	29600.0	0.1711	1.0
alpha1_divergent[87]	-0.6668	0.002964	0.3623	0.3605	-1.382	-0.6655	0.04328	14960.0	27060.0	0.07403	1.0
alpha1_divergent[88]	0.09978	0.006908	0.4784	0.4637	-0.8265	0.08427	1.089	4787.0	17540.0	0.02369	1.001
alpha1_divergent[89]	-0.1964	0.002511	0.2967	0.288	-0.77	-0.1997	0.3965	13930.0	24840.0	0.06893	1.0
alpha1_divergent[90]	-0.07816	0.001555	0.3015	0.3	-0.6665	-0.08026	0.5221	37730.0	30570.0	0.1868	1.0
alpha1_divergent[91]	0.03226	0.004035	0.3507	0.342	-0.6377	0.02591	0.7403	7591.0	20420.0	0.03757	1.001
alpha1_divergent[92]	0.3961	0.002386	0.3643	0.3626	-0.3076	0.3918	1.121	23400.0	29120.0	0.1158	1.0
alpha1_divergent[93]	-0.1448	0.006338	0.4839	0.4725	-1.092	-0.1447	0.8227	5827.0	18740.0	0.02884	1.001
alpha1_divergent[94]	-0.7996	0.008131	0.7779	0.7976	-2.392	-0.7405	0.5861	9323.0	18240.0	0.04615	1.0
alpha1_divergent[95]	0.02103	0.002423	0.3715	0.3597	-0.6738	0.007994	0.7872	23610.0	28830.0	0.1168	1.0
alpha1_divergent[96]	-0.1092	0.001373	0.2746	0.2725	-0.6413	-0.1122	0.4385	40150.0	31060.0	0.1987	1.0
alpha1_divergent[97]	1.139	0.001452	0.2972	0.2867	0.5949	1.126	1.764	42950.0	30650.0	0.2126	1.0
alpha1_divergent[98]	-0.4974	0.003086	0.4139	0.4014	-1.33	-0.4931	0.2987	18220.0	28290.0	0.09019	1.0
alpha1_divergent[99]	-0.2517	0.005198	0.4783	0.4622	-1.205	-0.2531	0.6915	8431.0	21070.0	0.04173	1.001
alpha1_divergent[100]	-0.03268	0.001676	0.3067	0.2967	-0.6577	-0.02477	0.5471	34200.0	27550.0	0.1693	1.0
alpha1_divergent[101]	-0.2006	0.002015	0.3154	0.308	-0.8091	-0.2049	0.4393	24580.0	29220.0	0.1217	1.0
alpha1_divergent[102]	-0.7775	0.002124	0.2946	0.291	-1.365	-0.7765	-0.2016	19250.0	27290.0	0.09531	1.0
alpha1_divergent[103]	-0.02622	0.006412	0.4947	0.4835	-1.008	-0.02474	0.9427	5942.0	17830.0	0.02941	1.001
alpha1_divergent[104]	0.2839	0.001449	0.2459	0.2435	-0.1939	0.2838	0.7733	29010.0	29060.0	0.1436	1.0
alpha1_divergent[105]	-0.09712	0.005967	0.5013	0.4905	-1.092	-0.09548	0.888	7108.0	18860.0	0.03518	1.001
alpha1_divergent[106]	0.116	0.001799	0.2727	0.2649	-0.4087	0.113	0.6711	23070.0	25880.0	0.1142	1.0
alpha1_divergent[107]	1.071	0.001337	0.2526	0.244	0.6095	1.057	1.608	37110.0	28950.0	0.1837	1.0
alpha1_divergent[108]	0.001583	0.001418	0.284	0.2817	-0.559	0.002511	0.553	40180.0	31930.0	0.1989	1.0
alpha1_divergent[109]	-0.06749	0.002526	0.3384	0.3359	-0.7156	-0.0716	0.6116	18190.0	25310.0	0.09005	1.0
alpha1_divergent[110]	-0.1982	0.001343	0.2636	0.2603	-0.702	-0.2007	0.3314	38790.0	30230.0	0.192	1.0
alpha1_divergent[111]	0.6448	0.005372	0.3873	0.3797	-0.05505	0.6225	1.467	5213.0	16280.0	0.02581	1.001
alpha1_divergent[112]	0.2808	0.001715	0.2787	0.2691	-0.2554	0.2787	0.8407	26520.0	28710.0	0.1313	1.0
alpha1_divergent[113]	-0.02728	0.002183	0.3859	0.3798	-0.7753	-0.03032	0.7412	31390.0	29370.0	0.1554	1.0
alpha1_divergent[114]	-0.4058	0.001103	0.2243	0.2218	-0.8453	-0.4054	0.03746	41480.0	30600.0	0.2053	1.0
alpha1_divergent[115]	-0.313	0.003748	0.2987	0.2937	-0.9084	-0.3089	0.2613	6383.0	19960.0	0.03159	1.001
alpha1_divergent[116]	-0.07794	0.001094	0.2229	0.2192	-0.5203	-0.07823	0.3626	41760.0	30950.0	0.2067	1.0
alpha1_divergent[117]	0.04572	0.001517	0.2965	0.2938	-0.5337	0.04435	0.6331	38360.0	30980.0	0.1899	1.0
alpha1_divergent[118]	-0.02607	0.002986	0.3513	0.3391	-0.7194	-0.02474	0.6644	14190.0	25790.0	0.07026	1.0
alpha1_divergent[119]	0.1488	0.0048	0.4394	0.4119	-0.7469	0.1542	1.011	8428.0	18860.0	0.04172	1.001
alpha1_divergent[120]	-0.4116	0.001954	0.2806	0.281	-0.9532	-0.4132	0.1453	20680.0	26760.0	0.1024	1.0
alpha1_divergent[121]	-0.2877	0.002041	0.3244	0.32	-0.9408	-0.2849	0.3368	25270.0	29720.0	0.1251	1.0
alpha1_divergent[122]	0.01586	0.001285	0.2582	0.2547	-0.5022	0.01773	0.5216	40480.0	31260.0	0.2004	1.0
alpha1_divergent[123]	0.6052	0.003757	0.2623	0.2649	0.09497	0.6037	1.119	4915.0	17270.0	0.02433	1.001
alpha1_divergent[124]	0.2796	0.001881	0.2673	0.2592	-0.238	0.2745	0.8135	20270.0	30820.0	0.1003	1.0
alpha1_divergent[125]	0.1356	0.001664	0.25	0.2453	-0.3521	0.133	0.6386	22340.0	27460.0	0.1106	1.0
alpha1_divergent[126]	-0.1391	0.00286	0.273	0.2654	-0.69	-0.1366	0.3831	9123.0	20960.0	0.04516	1.0
alpha1_divergent[127]	0.7394	0.002083	0.3383	0.329	0.1072	0.727	1.445	26380.0	26820.0	0.1306	1.0
alpha1_divergent[128]	0.2021	0.004438	0.4863	0.4688	-0.7836	0.2094	1.137	12160.0	21090.0	0.06018	1.0
alpha1_divergent[129]	-0.2282	0.003421	0.2967	0.2899	-0.8137	-0.226	0.3533	7537.0	21940.0	0.03731	1.001
alpha1_divergent[130]	-0.487	0.009254	0.7123	0.8177	-1.796	-0.4216	0.7795	6411.0	19320.0	0.03173	1.0
alpha1_divergent[131]	0.6095	0.001829	0.3692	0.3656	-0.1091	0.6073	1.346	40860.0	30330.0	0.2023	1.0
alpha1_divergent[132]	-0.3328	0.003153	0.4482	0.4345	-1.214	-0.3345	0.5577	20210.0	27670.0	0.1	1.0
alpha1_divergent[133]	0.4588	0.004196	0.351	0.3436	-0.1971	0.4474	1.173	7030.0	20320.0	0.0348	1.0
alpha1_divergent[134]	0.6049	0.001416	0.2403	0.2352	0.1475	0.5995	1.089	28690.0	27020.0	0.142	1.0
alpha1_divergent[135]	0.2085	0.001657	0.3291	0.3275	-0.4251	0.2046	0.8657	39540.0	30520.0	0.1957	1.0
alpha1_divergent[136]	-0.1701	0.003692	0.2735	0.2736	-0.7063	-0.1714	0.3691	5519.0	15540.0	0.02732	1.001
alpha1_divergent[137]	-0.005527	0.002237	0.314	0.3076	-0.6052	-0.01217	0.6287	19760.0	28400.0	0.0978	1.0
alpha1_divergent[138]	-0.5219	0.001914	0.3126	0.3065	-1.145	-0.519	0.08967	26970.0	31120.0	0.1335	1.0
alpha1_divergent[139]	0.02081	0.001532	0.3052	0.2992	-0.5793	0.02094	0.6209	39780.0	31290.0	0.1969	1.0
alpha1_divergent[140]	0.01776	0.002385	0.2558	0.2587	-0.4829	0.01767	0.5194	11570.0	23120.0	0.05727	1.0
alpha1_divergent[141]	0.3038	0.002036	0.3914	0.3839	-0.4676	0.3019	1.077	37090.0	31170.0	0.1836	1.0
forget_divergent[1]	-0.08696	0.001956	0.3108	0.3103	-0.6874	-0.09093	0.536	25460.0	31150.0	0.126	1.0
forget_divergent[2]	0.697	0.001887	0.3552	0.3503	0.04101	0.6843	1.438	36240.0	28310.0	0.1794	1.0
forget_divergent[3]	0.1516	0.002175	0.2747	0.272	-0.3697	0.1449	0.7079	16080.0	27450.0	0.07958	1.0
forget_divergent[4]	-0.9814	0.004728	0.364	0.3618	-1.719	-0.9738	-0.2931	5845.0	16170.0	0.02893	1.001
forget_divergent[5]	-0.1705	0.001842	0.3804	0.3701	-0.9306	-0.1641	0.5662	42940.0	30510.0	0.2125	1.0
forget_divergent[6]	0.4069	0.001566	0.3129	0.3076	-0.1795	0.3963	1.053	40670.0	30050.0	0.2013	1.0
forget_divergent[7]	0.9775	0.001839	0.2947	0.2912	0.4139	0.9713	1.578	25730.0	29660.0	0.1274	1.0
forget_divergent[8]	0.4509	0.003853	0.3456	0.3403	-0.2215	0.4471	1.136	8070.0	22370.0	0.03995	1.001
forget_divergent[9]	-0.0578	0.001236	0.2618	0.2607	-0.5663	-0.05982	0.4628	44940.0	32200.0	0.2224	1.0
forget_divergent[10]	0.3767	0.003503	0.329	0.322	-0.289	0.3829	1.007	9019.0	17450.0	0.04464	1.0
forget_divergent[11]	-0.09327	0.002522	0.3432	0.3391	-0.7625	-0.09509	0.5892	18550.0	22430.0	0.09181	1.0
forget_divergent[12]	-0.5787	0.004099	0.5045	0.5006	-1.548	-0.5886	0.4327	15460.0	19980.0	0.07653	1.0
forget_divergent[13]	-0.3334	0.001811	0.3425	0.3321	-1.032	-0.3278	0.33	35850.0	29250.0	0.1774	1.0
forget_divergent[14]	0.3205	0.003	0.3045	0.3026	-0.2677	0.3168	0.926	10270.0	23790.0	0.05082	1.0
forget_divergent[15]	0.003204	0.002306	0.3264	0.3219	-0.6361	0.002796	0.6471	20020.0	24660.0	0.09911	1.0
forget_divergent[16]	0.7289	0.001538	0.2938	0.2915	0.1675	0.7225	1.323	36590.0	33040.0	0.1811	1.0
forget_divergent[17]	-0.2955	0.001872	0.3713	0.3631	-1.05	-0.2888	0.4119	39560.0	31090.0	0.1958	1.0
forget_divergent[18]	-0.2257	0.002241	0.2832	0.2816	-0.7745	-0.2265	0.3357	16110.0	29710.0	0.07974	1.0
forget_divergent[19]	-0.01569	0.001644	0.3156	0.3123	-0.6384	-0.01504	0.599	36850.0	31540.0	0.1824	1.0
forget_divergent[20]	0.2157	0.002938	0.272	0.2696	-0.328	0.2189	0.7378	8636.0	22160.0	0.04275	1.0
forget_divergent[21]	-0.3571	0.001557	0.288	0.2843	-0.9275	-0.3552	0.2092	34170.0	31700.0	0.1692	1.0
forget_divergent[22]	0.08679	0.008363	0.4743	0.468	-0.822	0.07629	1.044	3222.0	11840.0	0.01595	1.002
forget_divergent[23]	0.4048	0.004657	0.3763	0.3706	-0.3111	0.3949	1.176	6586.0	17470.0	0.0326	1.001
forget_divergent[24]	-0.825	0.002502	0.4214	0.4082	-1.636	-0.8307	0.0221	28880.0	23120.0	0.143	1.0
forget_divergent[25]	0.2402	0.002775	0.479	0.4738	-0.7049	0.2399	1.177	30040.0	31720.0	0.1487	1.0
forget_divergent[26]	0.2546	0.001489	0.2892	0.2844	-0.318	0.2545	0.8264	38140.0	28790.0	0.1888	1.0
forget_divergent[27]	0.1327	0.01208	0.5088	0.5285	-0.8114	0.1193	1.147	1791.0	8572.0	0.008864	1.003
forget_divergent[28]	0.4479	0.001606	0.3106	0.3094	-0.156	0.4435	1.07	37550.0	31480.0	0.1859	1.0
forget_divergent[29]	-0.1173	0.001453	0.3012	0.2968	-0.7177	-0.1144	0.468	43110.0	31520.0	0.2134	1.0
forget_divergent[30]	0.4496	0.00139	0.2848	0.28	-0.1089	0.4467	1.018	42100.0	29790.0	0.2084	1.0
forget_divergent[31]	0.4641	0.002134	0.3189	0.3137	-0.146	0.4583	1.105	22620.0	29610.0	0.112	1.0
forget_divergent[32]	0.453	0.001287	0.2516	0.2483	-0.0315	0.4475	0.9615	38280.0	30750.0	0.1895	1.0
forget_divergent[33]	-0.2106	0.006462	0.4444	0.4395	-1.084	-0.2118	0.6616	4734.0	17630.0	0.02343	1.001
forget_divergent[34]	-0.02368	0.004756	0.3899	0.3787	-0.8286	-0.0121	0.7052	6810.0	18300.0	0.03371	1.001
forget_divergent[35]	0.1578	0.002514	0.3812	0.3719	-0.6079	0.1616	0.8966	23060.0	28660.0	0.1142	1.0
forget_divergent[36]	-0.03481	0.001656	0.3404	0.3349	-0.7039	-0.03571	0.6408	42320.0	30190.0	0.2095	1.0
forget_divergent[37]	0.2456	0.001953	0.3325	0.3218	-0.4434	0.2564	0.8666	30330.0	24900.0	0.1501	1.0
forget_divergent[38]	-0.2337	0.001537	0.3218	0.3149	-0.8701	-0.2347	0.4016	43920.0	32270.0	0.2174	1.0
forget_divergent[39]	-0.1411	0.005219	0.471	0.4645	-1.108	-0.1233	0.7331	8165.0	26970.0	0.04041	1.0
forget_divergent[40]	-0.03686	0.001774	0.3834	0.379	-0.7892	-0.03865	0.7258	46740.0	31740.0	0.2314	1.0
forget_divergent[41]	-0.09451	0.009719	0.45	0.4639	-0.9397	-0.09935	0.7873	2155.0	10320.0	0.01067	1.002
forget_divergent[42]	0.06562	0.001351	0.2859	0.2804	-0.4996	0.06542	0.6281	44790.0	31610.0	0.2217	1.0
forget_divergent[43]	0.2923	0.001203	0.2476	0.2455	-0.1768	0.2855	0.7942	42680.0	30780.0	0.2113	1.0
forget_divergent[44]	0.2609	0.007638	0.5121	0.5049	-0.7473	0.2636	1.262	4496.0	16900.0	0.02226	1.001
forget_divergent[45]	-0.008697	0.005142	0.3309	0.3251	-0.6561	-0.01018	0.6481	4119.0	15880.0	0.02039	1.001
forget_divergent[46]	-0.4163	0.009629	0.4504	0.4589	-1.306	-0.4134	0.4489	2193.0	10210.0	0.01085	1.002
forget_divergent[47]	0.0842	0.01217	0.5078	0.5209	-0.9277	0.09878	1.022	1752.0	8177.0	0.008672	1.003
forget_divergent[48]	-0.2019	0.005034	0.3449	0.3432	-0.8933	-0.1973	0.4583	4698.0	15840.0	0.02325	1.001
forget_divergent[49]	-0.0221	0.003215	0.2939	0.2932	-0.6108	-0.01798	0.5462	8388.0	24470.0	0.04152	1.001
forget_divergent[50]	-0.02309	0.002385	0.5191	0.5077	-1.064	-0.02179	0.9971	47580.0	27890.0	0.2355	1.0
forget_divergent[51]	-0.05098	0.001551	0.3392	0.3294	-0.7115	-0.05152	0.6234	48170.0	29550.0	0.2384	1.0
forget_divergent[52]	0.05973	0.001695	0.327	0.317	-0.5584	0.04934	0.7322	38860.0	26230.0	0.1924	1.0
forget_divergent[53]	-0.5117	0.00738	0.4088	0.4099	-1.29	-0.5207	0.3044	3086.0	11270.0	0.01528	1.002
forget_divergent[54]	-0.2679	0.003773	0.3495	0.3443	-0.9842	-0.2565	0.3861	8619.0	23390.0	0.04266	1.001
forget_divergent[55]	0.0665	0.002406	0.3322	0.3279	-0.5967	0.06858	0.7106	19020.0	32010.0	0.09416	1.0
forget_divergent[56]	-0.1108	0.001569	0.3197	0.3169	-0.7473	-0.1056	0.5017	41430.0	30510.0	0.2051	1.0
forget_divergent[57]	0.4203	0.003053	0.3781	0.3703	-0.2974	0.4096	1.198	15710.0	26340.0	0.07777	1.0
forget_divergent[58]	0.2068	0.00329	0.496	0.4825	-0.7665	0.2027	1.195	22820.0	29990.0	0.1129	1.0
forget_divergent[59]	0.2705	0.004123	0.3622	0.3601	-0.4374	0.2705	0.985	7761.0	23340.0	0.03842	1.0
forget_divergent[60]	0.06062	0.001366	0.2767	0.2743	-0.4867	0.05951	0.6058	41110.0	30790.0	0.2035	1.0
forget_divergent[61]	-0.03721	0.001421	0.2852	0.2828	-0.593	-0.03821	0.5338	40400.0	30560.0	0.2	1.0
forget_divergent[62]	-0.05457	0.003579	0.3329	0.3271	-0.7298	-0.04681	0.57	8643.0	21590.0	0.04278	1.001
forget_divergent[63]	0.2647	0.003291	0.3019	0.2992	-0.3116	0.2563	0.8751	8484.0	20690.0	0.042	1.001
forget_divergent[64]	-0.6484	0.007613	0.3668	0.3678	-1.424	-0.6285	0.003398	2296.0	9290.0	0.01137	1.002
forget_divergent[65]	-0.0178	0.002881	0.4719	0.4638	-0.935	-0.02276	0.9199	27370.0	28860.0	0.1355	1.0
forget_divergent[66]	0.1338	0.002465	0.369	0.3603	-0.5859	0.1297	0.868	22370.0	29530.0	0.1107	1.0
forget_divergent[67]	-0.02503	0.002962	0.5016	0.4933	-1.046	-0.01419	0.9319	29210.0	25480.0	0.1446	1.0
forget_divergent[68]	-0.1645	0.004507	0.4865	0.4805	-1.149	-0.154	0.7582	11810.0	21960.0	0.05846	1.0
forget_divergent[69]	0.1713	0.007976	0.3641	0.3778	-0.5395	0.1809	0.8568	2102.0	9358.0	0.01041	1.002
forget_divergent[70]	0.1337	0.002818	0.333	0.3251	-0.539	0.1414	0.7686	13860.0	26590.0	0.06862	1.0
forget_divergent[71]	-0.886	0.002506	0.4105	0.4052	-1.707	-0.883	-0.0935	26830.0	28930.0	0.1328	1.0
forget_divergent[72]	-0.1865	0.00256	0.3559	0.3457	-0.8998	-0.1832	0.5113	19310.0	28810.0	0.09558	1.0
forget_divergent[73]	0.1747	0.002043	0.2869	0.2834	-0.3959	0.1754	0.7347	19770.0	26320.0	0.09785	1.0
forget_divergent[74]	0.4309	0.004744	0.4451	0.4398	-0.4067	0.4173	1.339	8961.0	18910.0	0.04435	1.001
forget_divergent[75]	-0.3697	0.006468	0.3546	0.3542	-1.094	-0.3585	0.2882	2987.0	13740.0	0.01478	1.001
forget_divergent[76]	0.1788	0.001792	0.3033	0.3035	-0.4039	0.1745	0.7882	29230.0	30990.0	0.1447	1.0
forget_divergent[77]	0.5625	0.00173	0.323	0.3195	-0.06582	0.5605	1.201	35050.0	29420.0	0.1735	1.0
forget_divergent[78]	0.225	0.002918	0.3084	0.3049	-0.367	0.2212	0.8476	11160.0	25250.0	0.05525	1.0
forget_divergent[79]	-0.08586	0.001365	0.279	0.2744	-0.6236	-0.08983	0.4743	42060.0	29200.0	0.2082	1.0
forget_divergent[80]	-0.1179	0.003192	0.3666	0.361	-0.8448	-0.1171	0.6021	13190.0	24200.0	0.06531	1.0
forget_divergent[81]	0.1366	0.003097	0.2767	0.2758	-0.4047	0.1356	0.6778	7977.0	21620.0	0.03949	1.0
forget_divergent[82]	0.1765	0.003863	0.2806	0.2801	-0.3837	0.1798	0.714	5318.0	17190.0	0.02632	1.001
forget_divergent[83]	0.07662	0.001775	0.3453	0.3453	-0.6012	0.07692	0.7524	38010.0	32100.0	0.1881	1.0
forget_divergent[84]	-0.3246	0.001617	0.3036	0.3008	-0.9153	-0.327	0.2841	35390.0	31760.0	0.1752	1.0
forget_divergent[85]	0.1233	0.003334	0.3989	0.3978	-0.6462	0.1188	0.912	14360.0	27880.0	0.07109	1.0
forget_divergent[86]	0.3424	0.002466	0.3946	0.3868	-0.433	0.3416	1.121	25580.0	31290.0	0.1266	1.0
forget_divergent[87]	-0.1775	0.003633	0.5011	0.489	-1.154	-0.1847	0.8216	18730.0	22520.0	0.0927	1.0
forget_divergent[88]	0.04528	0.002131	0.498	0.4906	-0.9256	0.04098	1.031	54740.0	29360.0	0.2709	1.0
forget_divergent[89]	0.06897	0.001583	0.2961	0.2902	-0.5044	0.06877	0.656	35060.0	30500.0	0.1735	1.0
forget_divergent[90]	-0.1695	0.002053	0.2843	0.283	-0.7342	-0.1658	0.3749	19490.0	27890.0	0.09645	1.0
forget_divergent[91]	0.1485	0.005207	0.4802	0.4775	-0.7804	0.1396	1.102	8477.0	20930.0	0.04196	1.001
forget_divergent[92]	-0.323	0.003067	0.4794	0.4712	-1.325	-0.3011	0.5573	25040.0	25970.0	0.1239	1.0
forget_divergent[93]	0.2365	0.008657	0.4365	0.4484	-0.5857	0.2291	1.1	2550.0	11110.0	0.01262	1.002
forget_divergent[94]	0.2492	0.003429	0.44	0.4253	-0.6012	0.2434	1.136	16530.0	24970.0	0.0818	1.0
forget_divergent[95]	-0.09776	0.002353	0.4172	0.4165	-0.8958	-0.103	0.7394	31680.0	29610.0	0.1568	1.0
forget_divergent[96]	-0.2788	0.001262	0.2649	0.2629	-0.8032	-0.2755	0.2334	44180.0	30140.0	0.2187	1.0
forget_divergent[97]	0.4629	0.00306	0.4643	0.4678	-0.4514	0.4666	1.363	23000.0	24540.0	0.1139	1.0
forget_divergent[98]	0.252	0.004838	0.3816	0.3799	-0.48	0.2442	1.021	6236.0	20260.0	0.03087	1.001
forget_divergent[99]	0.101	0.00953	0.4868	0.4952	-0.8253	0.09601	1.069	2618.0	11740.0	0.01296	1.001
forget_divergent[100]	-0.2951	0.001916	0.343	0.3387	-0.9787	-0.2905	0.3643	32530.0	31840.0	0.161	1.0
forget_divergent[101]	0.7473	0.002577	0.3555	0.3517	0.05571	0.7418	1.458	19070.0	28170.0	0.0944	1.0
forget_divergent[102]	0.03527	0.005979	0.385	0.3736	-0.6617	0.01334	0.8554	4200.0	15340.0	0.02079	1.001
forget_divergent[103]	-0.4146	0.001763	0.2963	0.2904	-1.003	-0.4127	0.1599	28600.0	29700.0	0.1416	1.0
forget_divergent[104]	0.3907	0.001257	0.2417	0.2381	-0.07375	0.3854	0.881	37300.0	30800.0	0.1847	1.0
forget_divergent[105]	0.6168	0.008128	0.4329	0.4358	-0.2007	0.6071	1.488	2841.0	13060.0	0.01406	1.002
forget_divergent[106]	0.4076	0.001396	0.2936	0.2892	-0.158	0.4039	1.001	44410.0	32360.0	0.2198	1.0
forget_divergent[107]	-0.07332	0.005344	0.3341	0.3288	-0.7715	-0.05937	0.5438	3914.0	14580.0	0.01938	1.001
forget_divergent[108]	0.3104	0.002434	0.3126	0.3102	-0.2905	0.3037	0.9426	16820.0	26850.0	0.08326	1.0
forget_divergent[109]	-0.5035	0.003056	0.3538	0.3464	-1.213	-0.4977	0.1777	13440.0	24810.0	0.06651	1.0
forget_divergent[110]	-0.3279	0.001319	0.2763	0.2731	-0.8737	-0.3279	0.2093	43960.0	32500.0	0.2176	1.0
forget_divergent[111]	-0.3067	0.00233	0.4409	0.4316	-1.178	-0.3038	0.5545	35980.0	29760.0	0.1781	1.0
forget_divergent[112]	0.4282	0.006035	0.4081	0.399	-0.3663	0.423	1.243	4528.0	12570.0	0.02241	1.001
forget_divergent[113]	-0.335	0.002128	0.3839	0.3744	-1.103	-0.3302	0.4131	32770.0	29770.0	0.1622	1.0
forget_divergent[114]	-0.02334	0.002978	0.2881	0.2895	-0.5921	-0.02055	0.5366	9412.0	25600.0	0.04659	1.0
forget_divergent[115]	-0.03244	0.003382	0.3177	0.3169	-0.6524	-0.03298	0.5896	8812.0	27130.0	0.04362	1.0
forget_divergent[116]	-0.29	0.002591	0.3076	0.3026	-0.905	-0.2896	0.3071	14250.0	27110.0	0.07052	1.0
forget_divergent[117]	-0.05543	0.002337	0.3628	0.3558	-0.7439	-0.0653	0.6866	24930.0	21600.0	0.1234	1.0
forget_divergent[118]	0.04032	0.001424	0.3086	0.3035	-0.5688	0.03982	0.6493	47070.0	30160.0	0.233	1.0
forget_divergent[119]	0.3017	0.002135	0.2968	0.2949	-0.2677	0.2981	0.894	19420.0	29780.0	0.09615	1.0
forget_divergent[120]	-0.02977	0.008069	0.4428	0.4423	-0.8694	-0.04017	0.8615	3020.0	9954.0	0.01495	1.001
forget_divergent[121]	-0.04928	0.005353	0.3795	0.3731	-0.7906	-0.05125	0.7014	4991.0	16450.0	0.0247	1.001
forget_divergent[122]	0.00388	0.00129	0.2753	0.2703	-0.5279	0.002047	0.5526	45630.0	31480.0	0.2258	1.0
forget_divergent[123]	0.5491	0.008321	0.411	0.4173	-0.2737	0.5584	1.319	2453.0	9349.0	0.01214	1.002
forget_divergent[124]	-0.09288	0.002356	0.3255	0.3241	-0.7364	-0.09171	0.5427	19460.0	30020.0	0.09632	1.0
forget_divergent[125]	-0.1714	0.001321	0.2819	0.2783	-0.7305	-0.1703	0.3794	45620.0	32500.0	0.2258	1.0
forget_divergent[126]	-0.2413	0.001915	0.298	0.2944	-0.8207	-0.2422	0.3492	24340.0	30830.0	0.1205	1.0
forget_divergent[127]	0.2229	0.002849	0.3357	0.3287	-0.4598	0.2303	0.8615	14240.0	21680.0	0.07046	1.0
forget_divergent[128]	-0.02081	0.003176	0.4237	0.4183	-0.846	-0.02234	0.82	17830.0	31280.0	0.08824	1.0
forget_divergent[129]	-0.532	0.001767	0.3161	0.3065	-1.199	-0.5177	0.0506	32440.0	29790.0	0.1606	1.0
forget_divergent[130]	0.149	0.008645	0.4781	0.4688	-0.8324	0.1645	1.051	3082.0	9531.0	0.01525	1.001
forget_divergent[131]	-0.4827	0.005988	0.4334	0.4301	-1.373	-0.4677	0.3292	5264.0	19740.0	0.02606	1.001
forget_divergent[132]	0.2185	0.002162	0.4064	0.3917	-0.5978	0.2205	1.018	35570.0	27650.0	0.1761	1.0
forget_divergent[133]	0.08267	0.001635	0.3317	0.323	-0.59	0.08985	0.7169	41750.0	29230.0	0.2067	1.0
forget_divergent[134]	0.4832	0.002511	0.2889	0.2818	-0.09444	0.4836	1.051	13340.0	23710.0	0.06605	1.0
forget_divergent[135]	0.2646	0.002782	0.3235	0.3185	-0.3596	0.2624	0.9095	13580.0	29170.0	0.06724	1.0
forget_divergent[136]	0.05425	0.005279	0.3709	0.3675	-0.6503	0.04577	0.8041	4916.0	18010.0	0.02433	1.001
forget_divergent[137]	0.2182	0.003672	0.3112	0.3116	-0.3828	0.2169	0.8308	7208.0	19410.0	0.03568	1.0
forget_divergent[138]	-0.3757	0.001469	0.2889	0.2862	-0.948	-0.3735	0.1877	38820.0	32890.0	0.1922	1.0
forget_divergent[139]	-0.106	0.003989	0.3426	0.3407	-0.7833	-0.1051	0.5583	7377.0	21040.0	0.03651	1.001
forget_divergent[140]	0.3079	0.001421	0.2616	0.258	-0.1967	0.3041	0.8329	33650.0	29700.0	0.1666	1.0
forget_divergent[141]	-0.6849	0.004099	0.3857	0.3804	-1.456	-0.6789	0.05978	8811.0	20150.0	0.04361	1.0
beta1m_divergent[1]	-0.03909	0.00242	0.3408	0.3222	-0.6826	-0.05307	0.6843	20380.0	23420.0	0.1009	1.0
beta1m_divergent[2]	-0.3327	0.001989	0.408	0.3762	-1.203	-0.3131	0.4332	42710.0	29650.0	0.2114	1.0
beta1m_divergent[3]	-0.07523	0.002418	0.281	0.2754	-0.6154	-0.08028	0.501	13680.0	21790.0	0.06771	1.0
beta1m_divergent[4]	-0.08557	0.002034	0.4134	0.3733	-0.9034	-0.09533	0.7725	41660.0	26560.0	0.2062	1.0
beta1m_divergent[5]	-0.09204	0.001682	0.3727	0.3479	-0.8134	-0.1019	0.6736	49520.0	30930.0	0.2451	1.0
beta1m_divergent[6]	-0.06418	0.002181	0.398	0.3661	-0.8533	-0.06899	0.746	33840.0	26140.0	0.1675	1.0
beta1m_divergent[7]	-0.2059	0.001818	0.4047	0.3667	-1.046	-0.1964	0.5945	50720.0	28700.0	0.251	1.0
beta1m_divergent[8]	-0.4339	0.002431	0.402	0.383	-1.278	-0.4105	0.3093	27660.0	30440.0	0.1369	1.0
beta1m_divergent[9]	-0.07635	0.002334	0.334	0.3194	-0.7119	-0.08746	0.611	20900.0	24270.0	0.1035	1.0
beta1m_divergent[10]	-0.2092	0.001846	0.3873	0.3551	-1.01	-0.2008	0.5562	44740.0	28060.0	0.2215	1.0
beta1m_divergent[11]	-0.2839	0.001663	0.3501	0.3268	-1.015	-0.2709	0.3804	45520.0	29150.0	0.2253	1.0
beta1m_divergent[12]	-0.2186	0.001902	0.4024	0.369	-1.057	-0.2088	0.567	45920.0	28890.0	0.2273	1.0
beta1m_divergent[13]	-0.1686	0.001715	0.4024	0.3651	-0.9804	-0.1684	0.6493	55240.0	29490.0	0.2734	1.0
beta1m_divergent[14]	-0.3106	0.001887	0.386	0.3566	-1.128	-0.2941	0.4192	42920.0	30090.0	0.2124	1.0
beta1m_divergent[15]	-0.2359	0.001742	0.3845	0.358	-1.018	-0.229	0.5255	48920.0	31040.0	0.2421	1.0
beta1m_divergent[16]	-0.04541	0.002136	0.3316	0.3192	-0.671	-0.05775	0.6399	24760.0	25820.0	0.1226	1.0
beta1m_divergent[17]	-0.1888	0.002171	0.3922	0.3603	-0.9976	-0.1824	0.582	33260.0	24870.0	0.1646	1.0
beta1m_divergent[18]	-0.1275	0.001728	0.3978	0.3639	-0.9306	-0.1315	0.6902	53330.0	29660.0	0.264	1.0
beta1m_divergent[19]	-0.1671	0.001636	0.3809	0.3515	-0.9324	-0.1659	0.5915	54270.0	30670.0	0.2686	1.0
beta1m_divergent[20]	-0.2583	0.002416	0.3057	0.2966	-0.8605	-0.2559	0.3469	16060.0	23760.0	0.07949	1.0
beta1m_divergent[21]	-0.1603	0.002089	0.3054	0.2927	-0.7538	-0.1662	0.4605	21610.0	25030.0	0.107	1.0
beta1m_divergent[22]	-0.2667	0.001921	0.3934	0.3632	-1.093	-0.2546	0.4936	42770.0	27560.0	0.2117	1.0
beta1m_divergent[23]	-0.2439	0.002171	0.398	0.363	-1.079	-0.2311	0.5246	34590.0	26850.0	0.1712	1.0
beta1m_divergent[24]	-0.07676	0.001876	0.397	0.3662	-0.8582	-0.08405	0.7431	44930.0	29980.0	0.2224	1.0
beta1m_divergent[25]	-0.2262	0.001875	0.3996	0.3645	-1.05	-0.2141	0.5474	46220.0	26430.0	0.2288	1.0
beta1m_divergent[26]	-0.3315	0.002132	0.3176	0.3083	-0.9648	-0.3274	0.2901	22360.0	26700.0	0.1107	1.0
beta1m_divergent[27]	-0.1581	0.001807	0.389	0.3568	-0.954	-0.1536	0.6209	47150.0	27290.0	0.2334	1.0
beta1m_divergent[28]	-0.3292	0.002096	0.3932	0.3659	-1.161	-0.309	0.4142	36020.0	28620.0	0.1783	1.0
beta1m_divergent[29]	-0.3175	0.001794	0.3462	0.3296	-1.037	-0.3033	0.337	37420.0	30800.0	0.1852	1.0
beta1m_divergent[30]	0.1526	0.003053	0.3599	0.3431	-0.487	0.1265	0.9341	14460.0	21160.0	0.07155	1.0
beta1m_divergent[31]	-0.2316	0.001754	0.3823	0.3536	-1.014	-0.2265	0.5254	47630.0	29440.0	0.2357	1.0
beta1m_divergent[32]	-0.4517	0.002149	0.2946	0.2909	-1.048	-0.4446	0.1029	18790.0	29360.0	0.09303	1.0
beta1m_divergent[33]	-0.2266	0.001968	0.3934	0.3593	-1.054	-0.2145	0.5317	40910.0	28250.0	0.2025	1.0
beta1m_divergent[34]	-0.4432	0.002242	0.3179	0.3132	-1.095	-0.4348	0.1551	20090.0	27350.0	0.09943	1.0
beta1m_divergent[35]	-0.1551	0.001868	0.4003	0.3676	-0.9631	-0.1543	0.6488	46850.0	29230.0	0.2319	1.0
beta1m_divergent[36]	-0.3913	0.002048	0.397	0.3738	-1.233	-0.37	0.347	38060.0	30920.0	0.1884	1.0
beta1m_divergent[37]	-0.05483	0.001705	0.337	0.3169	-0.6935	-0.06813	0.6444	39740.0	30400.0	0.1967	1.0
beta1m_divergent[38]	0.122	0.002309	0.3517	0.3406	-0.5205	0.1035	0.8591	23710.0	28470.0	0.1174	1.0
beta1m_divergent[39]	-0.1654	0.001772	0.3993	0.3642	-0.9667	-0.1634	0.6335	51280.0	29070.0	0.2539	1.0
beta1m_divergent[40]	0.1896	0.002403	0.4023	0.3898	-0.5486	0.1685	1.022	27760.0	30080.0	0.1374	1.0
beta1m_divergent[41]	-0.1128	0.001748	0.3848	0.3568	-0.8851	-0.1181	0.6692	48620.0	28760.0	0.2407	1.0
beta1m_divergent[42]	-0.2342	0.001742	0.388	0.3575	-1.036	-0.2245	0.5189	50150.0	29710.0	0.2482	1.0
beta1m_divergent[43]	-0.1546	0.001805	0.4025	0.3701	-0.9722	-0.1553	0.6536	50070.0	28940.0	0.2479	1.0
beta1m_divergent[44]	-0.1469	0.001754	0.403	0.3717	-0.9457	-0.1502	0.6744	53030.0	31150.0	0.2625	1.0
beta1m_divergent[45]	-0.216	0.001768	0.4054	0.3685	-1.048	-0.2094	0.5779	53250.0	28130.0	0.2636	1.0
beta1m_divergent[46]	-0.1749	0.001743	0.4035	0.366	-0.9997	-0.1738	0.6413	53800.0	30110.0	0.2663	1.0
beta1m_divergent[47]	-0.1981	0.001785	0.4044	0.3682	-1.022	-0.1915	0.6084	51560.0	30270.0	0.2552	1.0
beta1m_divergent[48]	-0.0226	0.002562	0.333	0.3184	-0.6433	-0.03652	0.6819	17340.0	23960.0	0.08585	1.0
beta1m_divergent[49]	-0.4533	0.002354	0.4206	0.3978	-1.366	-0.4226	0.3039	32300.0	30680.0	0.1599	1.0
beta1m_divergent[50]	-0.2105	0.001832	0.409	0.3754	-1.054	-0.203	0.5972	50370.0	28440.0	0.2493	1.0
beta1m_divergent[51]	-0.2627	0.002352	0.4	0.3702	-1.087	-0.2529	0.5335	28920.0	28020.0	0.1431	1.0
beta1m_divergent[52]	-0.2407	0.001821	0.3782	0.3523	-1.025	-0.2283	0.4863	44320.0	27290.0	0.2194	1.0
beta1m_divergent[53]	-0.217	0.002207	0.3951	0.3611	-1.044	-0.2065	0.5493	32830.0	26500.0	0.1625	1.0
beta1m_divergent[54]	-0.1599	0.00168	0.37	0.3408	-0.9074	-0.1593	0.5713	48750.0	30470.0	0.2413	1.0
beta1m_divergent[55]	-0.1267	0.001627	0.3643	0.3339	-0.8671	-0.1249	0.5993	50780.0	30360.0	0.2513	1.0
beta1m_divergent[56]	-0.1102	0.001755	0.39	0.3591	-0.8889	-0.1141	0.6768	50510.0	28300.0	0.25	1.0
beta1m_divergent[57]	-0.3474	0.002186	0.3808	0.3538	-1.152	-0.3279	0.3692	31400.0	29950.0	0.1554	1.0
beta1m_divergent[58]	-0.2199	0.001804	0.4063	0.3706	-1.054	-0.2127	0.5863	50890.0	29590.0	0.2519	1.0
beta1m_divergent[59]	-0.04848	0.001631	0.3482	0.3246	-0.7264	-0.05807	0.6673	45970.0	31640.0	0.2275	1.0
beta1m_divergent[60]	-0.4824	0.002203	0.3702	0.3557	-1.276	-0.4568	0.1801	28920.0	28480.0	0.1432	1.0
beta1m_divergent[61]	-0.1143	0.002088	0.3968	0.367	-0.9154	-0.116	0.6782	36870.0	27630.0	0.1825	1.0
beta1m_divergent[62]	-0.1334	0.001723	0.3983	0.3632	-0.9397	-0.1348	0.6735	53800.0	30940.0	0.2663	1.0
beta1m_divergent[63]	-0.1557	0.001643	0.3031	0.2894	-0.7516	-0.1585	0.4551	34340.0	28590.0	0.17	1.0
beta1m_divergent[64]	-0.1275	0.001829	0.4072	0.3738	-0.9401	-0.132	0.7018	50050.0	28610.0	0.2477	1.0
beta1m_divergent[65]	-0.1891	0.001751	0.4075	0.3713	-1.012	-0.1851	0.6234	54340.0	29580.0	0.269	1.0
beta1m_divergent[66]	-0.1814	0.001745	0.3971	0.3658	-0.9929	-0.1804	0.6147	51810.0	28910.0	0.2565	1.0
beta1m_divergent[67]	-0.2401	0.001946	0.4033	0.3697	-1.081	-0.2307	0.5455	43330.0	27540.0	0.2145	1.0
beta1m_divergent[68]	-0.2025	0.001793	0.4064	0.3697	-1.047	-0.1963	0.6095	51730.0	28100.0	0.256	1.0
beta1m_divergent[69]	-0.1954	0.001793	0.3999	0.363	-1.027	-0.1875	0.5934	50190.0	28700.0	0.2484	1.0
beta1m_divergent[70]	-0.1646	0.002099	0.3965	0.3621	-0.97	-0.1597	0.6269	36600.0	27080.0	0.1812	1.0
beta1m_divergent[71]	-0.2636	0.001845	0.3919	0.3638	-1.085	-0.2513	0.4912	45970.0	30860.0	0.2276	1.0
beta1m_divergent[72]	-0.2011	0.001847	0.4008	0.368	-1.033	-0.1936	0.5864	47900.0	28480.0	0.2371	1.0
beta1m_divergent[73]	-0.4802	0.002201	0.3756	0.3625	-1.284	-0.4572	0.2011	29380.0	29660.0	0.1454	1.0
beta1m_divergent[74]	-0.2227	0.001775	0.398	0.367	-1.043	-0.2145	0.5544	50820.0	29220.0	0.2516	1.0
beta1m_divergent[75]	-0.1448	0.001836	0.4029	0.3666	-0.9539	-0.1483	0.6792	48200.0	27980.0	0.2386	1.0
beta1m_divergent[76]	-0.1492	0.001731	0.3885	0.3572	-0.9306	-0.1456	0.6329	50460.0	29350.0	0.2498	1.0
beta1m_divergent[77]	-0.1548	0.001774	0.3419	0.3206	-0.8404	-0.1552	0.5289	37040.0	30260.0	0.1833	1.0
beta1m_divergent[78]	-0.3498	0.002415	0.2868	0.2864	-0.9276	-0.3453	0.1947	14140.0	25640.0	0.06998	1.0
beta1m_divergent[79]	-0.09737	0.002128	0.2673	0.2592	-0.6166	-0.1023	0.4429	15940.0	23900.0	0.07891	1.0
beta1m_divergent[80]	-0.2235	0.001871	0.3756	0.3475	-1.003	-0.2133	0.5038	41400.0	26700.0	0.2049	1.0
beta1m_divergent[81]	-0.3653	0.001924	0.366	0.3461	-1.147	-0.3459	0.3155	36460.0	30010.0	0.1805	1.0
beta1m_divergent[82]	-0.1907	0.001865	0.3955	0.3619	-1.004	-0.1861	0.5881	45770.0	28070.0	0.2266	1.0
beta1m_divergent[83]	-0.007953	0.002044	0.2902	0.2833	-0.5561	-0.01772	0.5877	20620.0	26660.0	0.1021	1.0
beta1m_divergent[84]	-0.08128	0.001942	0.4056	0.3689	-0.8889	-0.08908	0.7625	43980.0	28500.0	0.2177	1.0
beta1m_divergent[85]	-0.2665	0.001695	0.3539	0.3305	-0.9987	-0.2555	0.4113	43990.0	30820.0	0.2177	1.0
beta1m_divergent[86]	0.002322	0.001849	0.3828	0.3572	-0.7368	-0.01248	0.7991	42770.0	29090.0	0.2117	1.0
beta1m_divergent[87]	-0.2033	0.001924	0.3949	0.3632	-1.019	-0.1976	0.5631	43200.0	27900.0	0.2138	1.0
beta1m_divergent[88]	-0.1676	0.001769	0.4145	0.3747	-1.003	-0.1694	0.662	55360.0	29520.0	0.274	1.0
beta1m_divergent[89]	-0.009734	0.002068	0.3201	0.3096	-0.6271	-0.01838	0.6475	24230.0	27900.0	0.1199	1.0
beta1m_divergent[90]	-0.2361	0.001821	0.4035	0.37	-1.077	-0.2239	0.5477	49680.0	28540.0	0.2459	1.0
beta1m_divergent[91]	-0.1004	0.001765	0.4036	0.3665	-0.8899	-0.1101	0.7468	52620.0	29130.0	0.2605	1.0
beta1m_divergent[92]	-0.2408	0.002067	0.3939	0.3626	-1.061	-0.2264	0.5109	37410.0	27500.0	0.1852	1.0
beta1m_divergent[93]	-0.2325	0.002107	0.3915	0.3573	-1.047	-0.2222	0.5321	35140.0	27870.0	0.1739	1.0
beta1m_divergent[94]	-0.2456	0.00229	0.3932	0.3627	-1.06	-0.2332	0.5079	30830.0	25660.0	0.1526	1.0
beta1m_divergent[95]	-0.1756	0.0021	0.3927	0.3624	-0.9772	-0.1684	0.6065	36120.0	24810.0	0.1788	1.0
beta1m_divergent[96]	-0.2368	0.001736	0.379	0.3498	-1.017	-0.2265	0.5027	48340.0	30490.0	0.2393	1.0
beta1m_divergent[97]	-0.1785	0.001677	0.3809	0.3518	-0.9493	-0.1766	0.581	52060.0	29310.0	0.2577	1.0
beta1m_divergent[98]	-0.06461	0.001696	0.3629	0.3373	-0.7728	-0.07259	0.6863	45920.0	30600.0	0.2273	1.0
beta1m_divergent[99]	-0.2164	0.001825	0.3814	0.3505	-1.003	-0.2089	0.5329	44310.0	27540.0	0.2193	1.0
beta1m_divergent[100]	-0.2516	0.0016	0.3531	0.3335	-0.9758	-0.242	0.432	49050.0	30970.0	0.2428	1.0
beta1m_divergent[101]	-0.5246	0.002564	0.4009	0.3843	-1.395	-0.4963	0.1828	24790.0	28510.0	0.1227	1.0
beta1m_divergent[102]	-0.1708	0.001807	0.4012	0.365	-1.003	-0.1668	0.6349	49970.0	27990.0	0.2474	1.0
beta1m_divergent[103]	-0.3324	0.001925	0.2632	0.2591	-0.8598	-0.3273	0.1772	18870.0	25760.0	0.09341	1.0
beta1m_divergent[104]	0.1015	0.002398	0.3196	0.3108	-0.4786	0.08466	0.7763	18190.0	27260.0	0.09005	1.0
beta1m_divergent[105]	-0.1929	0.002177	0.3891	0.3578	-0.9938	-0.1858	0.576	32940.0	24130.0	0.1631	1.0
beta1m_divergent[106]	-0.4429	0.001968	0.3502	0.3367	-1.179	-0.4225	0.1969	31860.0	30160.0	0.1577	1.0
beta1m_divergent[107]	0.1748	0.002653	0.3385	0.328	-0.4256	0.1512	0.8997	16850.0	23580.0	0.08338	1.0
beta1m_divergent[108]	-0.3879	0.002197	0.4009	0.3718	-1.246	-0.3619	0.3549	34170.0	28600.0	0.1691	1.0
beta1m_divergent[109]	-0.2064	0.001904	0.3928	0.3623	-1.007	-0.1993	0.5662	43140.0	29810.0	0.2135	1.0
beta1m_divergent[110]	-0.4401	0.002066	0.3534	0.3385	-1.189	-0.4199	0.2063	29740.0	28990.0	0.1472	1.0
beta1m_divergent[111]	-0.2081	0.001798	0.3998	0.3609	-1.035	-0.2007	0.5833	49930.0	29770.0	0.2472	1.0
beta1m_divergent[112]	-0.4603	0.002067	0.3254	0.3203	-1.139	-0.446	0.1358	24850.0	30070.0	0.123	1.0
beta1m_divergent[113]	-0.2523	0.001897	0.3794	0.348	-1.049	-0.2394	0.4778	40840.0	27340.0	0.2021	1.0
beta1m_divergent[114]	-0.3237	0.001953	0.3804	0.3561	-1.116	-0.3089	0.4101	37600.0	29240.0	0.1861	1.0
beta1m_divergent[115]	0.1923	0.002569	0.3172	0.3132	-0.3782	0.1716	0.867	15710.0	24780.0	0.07778	1.0
beta1m_divergent[116]	-0.299	0.002054	0.3922	0.3639	-1.13	-0.2819	0.4374	37190.0	29600.0	0.1841	1.0
beta1m_divergent[117]	-0.3034	0.002037	0.3965	0.3683	-1.133	-0.2871	0.4524	38930.0	29740.0	0.1927	1.0
beta1m_divergent[118]	-0.1037	0.001832	0.3942	0.3606	-0.8889	-0.1048	0.7005	46730.0	27560.0	0.2313	1.0
beta1m_divergent[119]	0.3486	0.002813	0.3884	0.3847	-0.3372	0.3249	1.175	18990.0	28040.0	0.094	1.0
beta1m_divergent[120]	-0.08241	0.001923	0.4056	0.3728	-0.8891	-0.09002	0.7469	44650.0	27440.0	0.221	1.0
beta1m_divergent[121]	-0.2046	0.001721	0.3903	0.3621	-0.999	-0.1982	0.5672	51790.0	29970.0	0.2563	1.0
beta1m_divergent[122]	-0.2581	0.001773	0.3889	0.3584	-1.06	-0.2477	0.5033	48580.0	30040.0	0.2405	1.0
beta1m_divergent[123]	-0.2277	0.002	0.3994	0.3684	-1.059	-0.2161	0.547	41270.0	27160.0	0.2043	1.0
beta1m_divergent[124]	-0.2147	0.001787	0.2944	0.2846	-0.7945	-0.2118	0.3706	27240.0	28210.0	0.1348	1.0
beta1m_divergent[125]	-0.07455	0.002095	0.3027	0.2928	-0.6558	-0.08352	0.5483	21300.0	27000.0	0.1054	1.0
beta1m_divergent[126]	0.2889	0.002846	0.3258	0.325	-0.2951	0.2705	0.9744	13340.0	21300.0	0.06605	1.0
beta1m_divergent[127]	-0.2568	0.001556	0.3431	0.3209	-0.9602	-0.2485	0.4097	48730.0	31440.0	0.2412	1.0
beta1m_divergent[128]	-0.128	0.001754	0.3721	0.3437	-0.8819	-0.1269	0.6147	45790.0	27470.0	0.2267	1.0
beta1m_divergent[129]	-0.26	0.0019	0.257	0.2539	-0.7656	-0.2607	0.245	18420.0	27830.0	0.09119	1.0
beta1m_divergent[130]	-0.1341	0.002336	0.3904	0.3559	-0.9332	-0.1329	0.6482	28600.0	25890.0	0.1416	1.0
beta1m_divergent[131]	-0.2431	0.002225	0.3911	0.3594	-1.066	-0.2268	0.5083	32270.0	25080.0	0.1597	1.0
beta1m_divergent[132]	-0.3288	0.002032	0.3798	0.351	-1.138	-0.31	0.3824	35400.0	28010.0	0.1752	1.0
beta1m_divergent[133]	-0.2996	0.001942	0.4119	0.3797	-1.181	-0.2802	0.4822	45940.0	28530.0	0.2274	1.0
beta1m_divergent[134]	-0.1168	0.001967	0.305	0.2944	-0.7097	-0.122	0.5056	24370.0	24340.0	0.1206	1.0
beta1m_divergent[135]	-0.4355	0.002178	0.3921	0.3707	-1.278	-0.4108	0.2937	32810.0	30380.0	0.1624	1.0
beta1m_divergent[136]	-0.1884	0.001723	0.3982	0.3674	-1.002	-0.1829	0.602	53830.0	27780.0	0.2664	1.0
beta1m_divergent[137]	-0.1165	0.001742	0.342	0.3232	-0.8012	-0.1162	0.5657	38480.0	29620.0	0.1905	1.0
beta1m_divergent[138]	-0.1946	0.001753	0.3846	0.3526	-0.9819	-0.188	0.5686	48570.0	29880.0	0.2404	1.0
beta1m_divergent[139]	-0.1012	0.00185	0.3959	0.3661	-0.8919	-0.1053	0.7072	46110.0	29070.0	0.2283	1.0
beta1m_divergent[140]	-0.201	0.001935	0.3985	0.3621	-1.023	-0.194	0.5846	42940.0	29160.0	0.2125	1.0
beta1m_divergent[141]	-0.3383	0.002208	0.3984	0.3687	-1.197	-0.3133	0.3973	33760.0	27770.0	0.1671	1.0
beta1t_divergent[1]	-0.2847	0.002	0.3649	0.3599	-1.022	-0.2777	0.4238	33500.0	28810.0	0.1658	1.0
beta1t_divergent[2]	-0.4729	0.002204	0.424	0.42	-1.326	-0.4661	0.3429	37210.0	30060.0	0.1842	1.0
beta1t_divergent[3]	0.006904	0.00181	0.3565	0.3433	-0.6989	0.008031	0.7003	39100.0	30070.0	0.1935	1.0
beta1t_divergent[4]	1.099	0.004348	0.4569	0.4511	0.2113	1.093	2.016	11120.0	23930.0	0.05504	1.0
beta1t_divergent[5]	-0.3125	0.002647	0.386	0.3703	-1.067	-0.3172	0.4679	21590.0	27130.0	0.1069	1.0
beta1t_divergent[6]	0.5475	0.003935	0.3795	0.3684	-0.1867	0.5431	1.314	9333.0	21990.0	0.0462	1.0
beta1t_divergent[7]	-0.7429	0.01012	0.4903	0.5176	-1.711	-0.7312	0.1551	2380.0	12190.0	0.01178	1.001
beta1t_divergent[8]	-0.5341	0.003209	0.2799	0.2855	-1.08	-0.5324	0.004626	7616.0	20890.0	0.0377	1.0
beta1t_divergent[9]	-0.2262	0.001979	0.3802	0.3736	-0.9826	-0.2233	0.5129	37450.0	31030.0	0.1854	1.0
beta1t_divergent[10]	0.03839	0.003085	0.3933	0.3784	-0.7331	0.03713	0.8295	16480.0	25330.0	0.08157	1.0
beta1t_divergent[11]	-0.2275	0.002699	0.3245	0.3129	-0.8829	-0.2216	0.3958	14390.0	24940.0	0.07124	1.0
beta1t_divergent[12]	-0.0752	0.00436	0.4787	0.4653	-1.015	-0.07777	0.8846	12150.0	21410.0	0.06012	1.0
beta1t_divergent[13]	0.1103	0.004314	0.4213	0.4172	-0.7399	0.1188	0.9159	9575.0	25010.0	0.04739	1.0
beta1t_divergent[14]	-0.1254	0.003866	0.3061	0.3109	-0.7258	-0.1241	0.4602	6287.0	19660.0	0.03112	1.0
beta1t_divergent[15]	0.04701	0.00179	0.3686	0.3573	-0.6864	0.04894	0.766	42600.0	30240.0	0.2109	1.0
beta1t_divergent[16]	0.135	0.001928	0.3325	0.3256	-0.5161	0.1342	0.7881	29720.0	29460.0	0.1471	1.0
beta1t_divergent[17]	-0.3949	0.003872	0.3897	0.3782	-1.172	-0.3921	0.3729	10180.0	21150.0	0.05038	1.0
beta1t_divergent[18]	-0.2447	0.003535	0.3546	0.3519	-0.9473	-0.2439	0.4431	10030.0	26220.0	0.04964	1.0
beta1t_divergent[19]	-0.5299	0.003417	0.3624	0.3636	-1.26	-0.5229	0.1538	11250.0	25970.0	0.05567	1.0
beta1t_divergent[20]	-0.05518	0.002324	0.3475	0.3452	-0.7442	-0.05455	0.6212	22320.0	30560.0	0.1105	1.0
beta1t_divergent[21]	-0.2993	0.001777	0.3407	0.3293	-0.985	-0.296	0.3651	37210.0	31390.0	0.1842	1.0
beta1t_divergent[22]	-0.1662	0.002397	0.3704	0.3573	-0.909	-0.1628	0.5566	24410.0	29410.0	0.1208	1.0
beta1t_divergent[23]	-0.2184	0.00369	0.3376	0.3392	-0.8792	-0.2189	0.4428	8454.0	25800.0	0.04185	1.0
beta1t_divergent[24]	0.1986	0.005512	0.4628	0.4523	-0.6954	0.1952	1.131	7054.0	19740.0	0.03492	1.0
beta1t_divergent[25]	0.005883	0.00211	0.4571	0.4436	-0.8909	0.006374	0.912	47170.0	28660.0	0.2335	1.0
beta1t_divergent[26]	-0.673	0.002417	0.3506	0.3497	-1.384	-0.6651	-0.008192	21050.0	29650.0	0.1042	1.0
beta1t_divergent[27]	0.008778	0.005061	0.289	0.296	-0.5559	0.009533	0.5593	3284.0	12930.0	0.01626	1.001
beta1t_divergent[28]	0.2417	0.002861	0.3561	0.3433	-0.4411	0.2347	0.9723	15690.0	25890.0	0.07769	1.0
beta1t_divergent[29]	0.1766	0.003903	0.41	0.3975	-0.6306	0.1743	0.9993	11140.0	26190.0	0.05512	1.0
beta1t_divergent[30]	-0.6045	0.007027	0.4279	0.4375	-1.474	-0.5909	0.1827	3715.0	15280.0	0.01839	1.001
beta1t_divergent[31]	0.1024	0.001993	0.3063	0.3012	-0.4975	0.103	0.7065	23520.0	30270.0	0.1164	1.0
beta1t_divergent[32]	0.4042	0.00599	0.4446	0.4359	-0.471	0.4028	1.286	5515.0	17540.0	0.0273	1.001
beta1t_divergent[33]	0.02234	0.006705	0.4639	0.4531	-0.8822	0.01948	0.937	4795.0	16470.0	0.02373	1.0
beta1t_divergent[34]	0.3431	0.001772	0.3159	0.3108	-0.2675	0.3433	0.9672	31680.0	31390.0	0.1568	0.9999
beta1t_divergent[35]	0.07932	0.002107	0.4167	0.4067	-0.739	0.08066	0.9112	39370.0	29120.0	0.1949	1.0
beta1t_divergent[36]	0.1123	0.001769	0.3509	0.3393	-0.5756	0.1067	0.8165	39930.0	30730.0	0.1976	1.0
beta1t_divergent[37]	-0.1634	0.001584	0.3163	0.3091	-0.7846	-0.164	0.4683	40260.0	28550.0	0.1993	1.0
beta1t_divergent[38]	0.3227	0.001629	0.301	0.2965	-0.2657	0.3228	0.9121	34140.0	30590.0	0.169	1.0
beta1t_divergent[39]	-0.1378	0.002098	0.4524	0.4435	-1.044	-0.1372	0.7495	46630.0	31230.0	0.2308	1.0
beta1t_divergent[40]	0.464	0.00156	0.2914	0.2845	-0.1041	0.4615	1.049	34960.0	29780.0	0.1731	1.0
beta1t_divergent[41]	-0.5829	0.002302	0.3638	0.3538	-1.324	-0.5735	0.1092	25340.0	26060.0	0.1254	1.0
beta1t_divergent[42]	0.1561	0.004632	0.3549	0.359	-0.539	0.1576	0.8403	5881.0	20800.0	0.02911	1.0
beta1t_divergent[43]	-0.0005936	0.004699	0.3689	0.3724	-0.7254	0.001794	0.7103	6183.0	21390.0	0.03061	1.001
beta1t_divergent[44]	-0.06426	0.005007	0.4835	0.4713	-1.008	-0.06622	0.9026	9343.0	19150.0	0.04625	1.0
beta1t_divergent[45]	0.1049	0.006508	0.3638	0.3775	-0.6048	0.1055	0.7972	3161.0	14390.0	0.01565	1.0
beta1t_divergent[46]	0.1879	0.009189	0.4923	0.5056	-0.7507	0.1847	1.15	2893.0	13110.0	0.01432	1.0
beta1t_divergent[47]	-0.238	0.011	0.5204	0.5401	-1.285	-0.2209	0.7187	2262.0	10220.0	0.0112	1.001
beta1t_divergent[48]	-0.3613	0.003543	0.3502	0.3511	-1.055	-0.3578	0.3129	9865.0	26300.0	0.04883	1.0
beta1t_divergent[49]	-0.2252	0.003805	0.3133	0.3173	-0.8406	-0.2222	0.3754	6785.0	26440.0	0.03359	1.0
beta1t_divergent[50]	0.04333	0.002126	0.495	0.4824	-0.9376	0.04347	1.013	54320.0	28370.0	0.2689	1.0
beta1t_divergent[51]	-0.176	0.002603	0.4668	0.4572	-1.105	-0.1774	0.7456	32660.0	24790.0	0.1617	1.0
beta1t_divergent[52]	0.08932	0.001812	0.3313	0.3265	-0.566	0.09075	0.7406	33610.0	30820.0	0.1664	1.0
beta1t_divergent[53]	-0.5198	0.004498	0.3463	0.3454	-1.228	-0.5084	0.1232	5891.0	16870.0	0.02916	1.001
beta1t_divergent[54]	-0.09379	0.003008	0.3575	0.3394	-0.7927	-0.09794	0.6358	14300.0	26730.0	0.0708	1.0
beta1t_divergent[55]	0.1893	0.001717	0.2554	0.2559	-0.3081	0.1872	0.6917	22270.0	30680.0	0.1103	1.0
beta1t_divergent[56]	0.3424	0.002687	0.3905	0.3772	-0.4351	0.3435	1.111	21280.0	26110.0	0.1053	1.0
beta1t_divergent[57]	0.1895	0.002998	0.3196	0.3077	-0.4272	0.1832	0.8403	11610.0	23320.0	0.05747	1.0
beta1t_divergent[58]	-0.0207	0.002468	0.4801	0.4652	-0.9716	-0.02059	0.9363	38290.0	28180.0	0.1895	1.0
beta1t_divergent[59]	0.178	0.005725	0.4232	0.4118	-0.6611	0.1777	1.02	5444.0	19480.0	0.02695	1.0
beta1t_divergent[60]	-0.04699	0.001967	0.3125	0.3083	-0.6837	-0.0408	0.5422	25170.0	29520.0	0.1246	1.0
beta1t_divergent[61]	0.2868	0.006594	0.4439	0.4339	-0.5794	0.2826	1.17	4520.0	16260.0	0.02237	1.0
beta1t_divergent[62]	0.3405	0.002563	0.4304	0.4217	-0.5042	0.3369	1.201	28460.0	30330.0	0.1409	1.0
beta1t_divergent[63]	-0.1419	0.001918	0.3444	0.328	-0.8315	-0.1387	0.5409	32900.0	29610.0	0.1629	1.0
beta1t_divergent[64]	0.5642	0.008699	0.4646	0.4841	-0.3065	0.558	1.483	2882.0	12700.0	0.01427	1.0
beta1t_divergent[65]	0.02159	0.002263	0.4739	0.4579	-0.9108	0.02025	0.9639	44110.0	30090.0	0.2184	1.0
beta1t_divergent[66]	0.2714	0.002149	0.428	0.4184	-0.5513	0.2644	1.136	39950.0	29140.0	0.1978	1.0
beta1t_divergent[67]	-0.1423	0.003971	0.4817	0.4674	-1.091	-0.1449	0.8203	14810.0	24920.0	0.07332	1.0
beta1t_divergent[68]	0.08618	0.00215	0.4757	0.4631	-0.847	0.08527	1.028	49150.0	30680.0	0.2433	1.0
beta1t_divergent[69]	0.1594	0.002899	0.4038	0.3965	-0.6294	0.1607	0.9526	19260.0	25510.0	0.09534	1.0
beta1t_divergent[70]	0.1152	0.001944	0.3718	0.3611	-0.5986	0.1101	0.863	36790.0	29870.0	0.1821	0.9999
beta1t_divergent[71]	0.07694	0.00229	0.4194	0.4105	-0.753	0.07855	0.8976	33720.0	30970.0	0.1669	1.0
beta1t_divergent[72]	0.3455	0.002169	0.4407	0.4267	-0.5113	0.3395	1.23	41570.0	29660.0	0.2058	1.0
beta1t_divergent[73]	-0.1733	0.00366	0.4154	0.4045	-0.9953	-0.1745	0.6531	13050.0	21710.0	0.06459	1.001
beta1t_divergent[74]	-0.1755	0.003495	0.3745	0.3729	-0.9198	-0.173	0.553	11430.0	25530.0	0.05657	1.0
beta1t_divergent[75]	1.11	0.00375	0.494	0.4913	0.1797	1.1	2.113	17110.0	28280.0	0.08472	1.0
beta1t_divergent[76]	0.2984	0.00226	0.3163	0.3138	-0.3118	0.2974	0.9252	19500.0	28550.0	0.0965	1.0
beta1t_divergent[77]	-0.1295	0.001693	0.3434	0.3365	-0.8214	-0.1237	0.5261	41360.0	30860.0	0.2047	1.0
beta1t_divergent[78]	0.1518	0.001591	0.3169	0.3146	-0.4695	0.1506	0.7725	40000.0	30930.0	0.198	1.0
beta1t_divergent[79]	0.03554	0.003593	0.3658	0.349	-0.6934	0.03421	0.7639	10420.0	21750.0	0.05158	1.0
beta1t_divergent[80]	0.229	0.003481	0.3372	0.3259	-0.4286	0.2244	0.9113	9452.0	22290.0	0.04678	1.0
beta1t_divergent[81]	0.5423	0.002255	0.3718	0.3606	-0.1755	0.537	1.29	27530.0	28690.0	0.1363	1.0
beta1t_divergent[82]	-0.2202	0.00427	0.3531	0.3558	-0.9238	-0.2176	0.4583	6855.0	25430.0	0.03393	1.0
beta1t_divergent[83]	0.02377	0.003795	0.3655	0.3535	-0.685	0.02153	0.7636	9304.0	21210.0	0.04605	1.0
beta1t_divergent[84]	0.5458	0.003173	0.3832	0.3792	-0.2055	0.546	1.293	14580.0	26120.0	0.07217	1.0
beta1t_divergent[85]	0.2958	0.001914	0.3041	0.3003	-0.3086	0.2962	0.8851	25250.0	30390.0	0.125	1.0
beta1t_divergent[86]	-0.237	0.004593	0.4071	0.3884	-1.05	-0.235	0.5658	7851.0	19190.0	0.03886	1.0
beta1t_divergent[87]	0.09966	0.003704	0.4448	0.4302	-0.7788	0.09932	0.9858	14380.0	27700.0	0.07119	1.0
beta1t_divergent[88]	0.04655	0.002122	0.4875	0.4729	-0.9197	0.04149	1.024	53010.0	27630.0	0.2624	1.0
beta1t_divergent[89]	-0.01307	0.001718	0.3389	0.333	-0.7002	-0.00762	0.6335	39230.0	30580.0	0.1942	1.0
beta1t_divergent[90]	-0.4418	0.007355	0.4154	0.4284	-1.275	-0.4308	0.3347	3222.0	15450.0	0.01595	1.0
beta1t_divergent[91]	0.1038	0.004991	0.4767	0.4637	-0.8234	0.09802	1.061	9128.0	22360.0	0.04518	1.0
beta1t_divergent[92]	-0.06944	0.001907	0.3246	0.3189	-0.729	-0.06206	0.5489	29190.0	29190.0	0.1445	1.0
beta1t_divergent[93]	0.3052	0.004148	0.3039	0.3057	-0.2822	0.3032	0.9015	5377.0	18580.0	0.02662	1.001
beta1t_divergent[94]	-0.6133	0.002685	0.3588	0.3466	-1.347	-0.6041	0.07281	18080.0	26060.0	0.08949	1.0
beta1t_divergent[95]	-0.04192	0.001543	0.3034	0.2968	-0.6445	-0.04012	0.5534	38780.0	30670.0	0.192	1.0
beta1t_divergent[96]	0.4317	0.001792	0.3547	0.3456	-0.267	0.4285	1.138	39420.0	30900.0	0.1951	1.0
beta1t_divergent[97]	-0.4975	0.004267	0.3187	0.3251	-1.124	-0.4957	0.1164	5637.0	19240.0	0.0279	1.0
beta1t_divergent[98]	-0.06828	0.004363	0.3929	0.3774	-0.8488	-0.06658	0.7071	8081.0	20140.0	0.04	1.0
beta1t_divergent[99]	0.04439	0.001446	0.2922	0.2874	-0.5312	0.04444	0.6217	40960.0	30960.0	0.2027	1.0
beta1t_divergent[100]	0.3032	0.002227	0.3063	0.3026	-0.2906	0.3012	0.9081	18640.0	26400.0	0.09224	1.0
beta1t_divergent[101]	-0.2761	0.001584	0.302	0.2983	-0.8975	-0.2661	0.2884	36750.0	30820.0	0.1819	1.0
beta1t_divergent[102]	-0.224	0.002432	0.4359	0.4286	-1.087	-0.2205	0.6279	32460.0	30200.0	0.1607	1.0
beta1t_divergent[103]	-0.4804	0.00368	0.3743	0.3633	-1.227	-0.4784	0.2581	10340.0	21640.0	0.05116	1.0
beta1t_divergent[104]	0.1166	0.00155	0.3218	0.3097	-0.519	0.1162	0.7576	43400.0	29520.0	0.2148	1.0
beta1t_divergent[105]	0.2593	0.002477	0.3094	0.2997	-0.3368	0.2561	0.885	15600.0	24490.0	0.07721	1.0
beta1t_divergent[106]	0.1318	0.003594	0.3862	0.3721	-0.618	0.1278	0.9089	11590.0	23530.0	0.05739	1.0
beta1t_divergent[107]	-0.1281	0.003564	0.403	0.3893	-0.9238	-0.1289	0.671	12930.0	25470.0	0.06399	1.0
beta1t_divergent[108]	-0.2971	0.001785	0.3463	0.3363	-0.9961	-0.2929	0.3741	37920.0	29520.0	0.1877	1.0
beta1t_divergent[109]	0.2604	0.001946	0.3699	0.3555	-0.4566	0.2548	1.007	36700.0	30070.0	0.1817	1.0
beta1t_divergent[110]	0.2487	0.001749	0.3487	0.3388	-0.4306	0.2457	0.9453	39910.0	29860.0	0.1976	1.0
beta1t_divergent[111]	0.2742	0.002144	0.445	0.4295	-0.6017	0.2711	1.173	43120.0	31570.0	0.2134	1.0
beta1t_divergent[112]	0.03684	0.002223	0.3814	0.3702	-0.7226	0.03842	0.7873	29890.0	28950.0	0.148	1.0
beta1t_divergent[113]	-0.3037	0.004046	0.3687	0.358	-1.044	-0.3026	0.4208	8290.0	21180.0	0.04103	1.0
beta1t_divergent[114]	0.1537	0.001923	0.3359	0.3291	-0.5093	0.1539	0.8209	30310.0	30630.0	0.15	1.0
beta1t_divergent[115]	0.06563	0.001906	0.3685	0.3557	-0.6648	0.06876	0.7885	37580.0	29910.0	0.186	1.0
beta1t_divergent[116]	0.6553	0.004594	0.2959	0.3004	0.07199	0.6597	1.219	4199.0	12360.0	0.02078	1.0
beta1t_divergent[117]	-0.1778	0.001777	0.3539	0.3447	-0.8805	-0.1751	0.5158	39880.0	30720.0	0.1974	1.0
beta1t_divergent[118]	0.1423	0.003342	0.3305	0.3326	-0.5039	0.1427	0.7842	9808.0	26970.0	0.04855	1.0
beta1t_divergent[119]	-0.1847	0.001797	0.2828	0.281	-0.7422	-0.1842	0.3649	24680.0	31660.0	0.1221	1.0
beta1t_divergent[120]	0.03836	0.003483	0.3377	0.3379	-0.6194	0.0393	0.6999	9418.0	27790.0	0.04662	1.0
beta1t_divergent[121]	-0.1994	0.002515	0.3924	0.3774	-0.993	-0.1923	0.5575	24510.0	28180.0	0.1213	1.0
beta1t_divergent[122]	-0.4763	0.002135	0.3748	0.3678	-1.23	-0.4702	0.243	30700.0	29690.0	0.152	1.0
beta1t_divergent[123]	0.1476	0.003622	0.4271	0.4112	-0.6693	0.1424	1.021	14160.0	21020.0	0.07009	1.0
beta1t_divergent[124]	-0.07593	0.005058	0.4076	0.3954	-0.8703	-0.08157	0.7474	6482.0	17340.0	0.03208	1.0
beta1t_divergent[125]	-0.07345	0.00167	0.3331	0.3247	-0.7378	-0.07	0.581	40000.0	31510.0	0.198	1.0
beta1t_divergent[126]	0.07984	0.001809	0.3413	0.3313	-0.6122	0.08298	0.7393	35830.0	29690.0	0.1774	1.0
beta1t_divergent[127]	0.1485	0.00148	0.2965	0.2896	-0.4359	0.1484	0.7321	40250.0	30720.0	0.1992	1.0
beta1t_divergent[128]	0.1889	0.003818	0.3392	0.3282	-0.472	0.1846	0.8738	7883.0	22920.0	0.03902	1.0
beta1t_divergent[129]	0.1716	0.004317	0.3817	0.368	-0.5696	0.1677	0.9433	7819.0	18920.0	0.0387	1.0
beta1t_divergent[130]	0.2956	0.006856	0.4349	0.4189	-0.5741	0.296	1.151	4004.0	14170.0	0.01982	1.001
beta1t_divergent[131]	0.04608	0.009387	0.4988	0.4955	-0.9051	0.03697	1.054	2817.0	11280.0	0.01394	1.001
beta1t_divergent[132]	-0.2407	0.00538	0.3993	0.388	-1.035	-0.2392	0.5428	5483.0	16510.0	0.02714	1.0
beta1t_divergent[133]	-0.1339	0.003975	0.4808	0.4724	-1.081	-0.1343	0.8162	14640.0	26300.0	0.07249	1.0
beta1t_divergent[134]	-0.04965	0.001819	0.3227	0.3168	-0.684	-0.04687	0.587	31490.0	31510.0	0.1559	1.0
beta1t_divergent[135]	-0.3409	0.00239	0.3927	0.3838	-1.123	-0.3386	0.4278	27370.0	25890.0	0.1355	1.0
beta1t_divergent[136]	0.3198	0.003613	0.3347	0.3334	-0.3339	0.3208	0.9728	8537.0	24510.0	0.04226	1.0
beta1t_divergent[137]	-0.6601	0.002017	0.3571	0.3514	-1.39	-0.6502	0.01591	31460.0	31470.0	0.1557	1.0
beta1t_divergent[138]	0.1016	0.002596	0.3527	0.3474	-0.6027	0.1038	0.7859	18500.0	30310.0	0.0916	1.0
beta1t_divergent[139]	0.6032	0.002825	0.3984	0.3887	-0.1821	0.6029	1.394	20020.0	25760.0	0.09911	1.0
beta1t_divergent[140]	0.09859	0.004837	0.3053	0.3135	-0.4931	0.1011	0.6919	4008.0	16900.0	0.01984	1.0
beta1t_divergent[141]	0.12	0.002862	0.3761	0.3601	-0.5982	0.1128	0.8895	17670.0	23130.0	0.08745	1.0
beta2_divergent[1]	-0.05308	0.001038	0.1885	0.1864	-0.4232	-0.05212	0.3191	33150.0	32630.0	0.1641	1.0
beta2_divergent[2]	-0.2128	0.0026	0.2959	0.2927	-0.7975	-0.2118	0.3669	13030.0	24750.0	0.06451	1.0
beta2_divergent[3]	0.1254	0.001817	0.2344	0.231	-0.3207	0.1204	0.603	16790.0	25730.0	0.0831	1.0
beta2_divergent[4]	0.1113	0.001979	0.2876	0.2841	-0.4841	0.1223	0.6454	21260.0	26000.0	0.1052	1.0
beta2_divergent[5]	-0.07569	0.001518	0.216	0.2137	-0.5038	-0.07417	0.3461	20260.0	28540.0	0.1003	1.0
beta2_divergent[6]	-0.07626	0.0009035	0.1909	0.19	-0.4473	-0.07738	0.3024	44740.0	32490.0	0.2214	1.0
beta2_divergent[7]	-0.2121	0.006263	0.3196	0.3267	-0.8216	-0.2174	0.4201	2623.0	11260.0	0.01298	1.002
beta2_divergent[8]	-0.4655	0.0009907	0.203	0.2018	-0.8726	-0.4622	-0.07568	42060.0	30840.0	0.2082	1.0
beta2_divergent[9]	0.1193	0.001499	0.2042	0.2034	-0.2748	0.1168	0.5265	18540.0	29820.0	0.09175	1.0
beta2_divergent[10]	-0.1973	0.001142	0.2184	0.2157	-0.6243	-0.1972	0.2303	36600.0	29400.0	0.1812	1.0
beta2_divergent[11]	-0.06419	0.001433	0.2123	0.2101	-0.4843	-0.06372	0.3529	21950.0	27980.0	0.1086	1.0
beta2_divergent[12]	0.09643	0.001931	0.3052	0.3004	-0.4942	0.09467	0.7024	25140.0	24910.0	0.1245	1.0
beta2_divergent[13]	0.4561	0.003403	0.3219	0.3172	-0.1554	0.4498	1.108	8872.0	20800.0	0.04391	1.001
beta2_divergent[14]	-0.2209	0.001032	0.1889	0.1876	-0.5994	-0.2169	0.1426	33700.0	32820.0	0.1668	1.0
beta2_divergent[15]	-0.18	0.001131	0.2008	0.1987	-0.5765	-0.179	0.2141	31780.0	31700.0	0.1573	1.0
beta2_divergent[16]	0.08378	0.0016	0.1985	0.1964	-0.3028	0.08287	0.4784	15390.0	26640.0	0.07616	1.0
beta2_divergent[17]	0.05904	0.002928	0.2462	0.2449	-0.416	0.05749	0.5467	7128.0	21840.0	0.03528	1.0
beta2_divergent[18]	0.2447	0.002048	0.2144	0.2129	-0.167	0.2417	0.6741	10970.0	28600.0	0.0543	1.0
beta2_divergent[19]	-0.05214	0.0008805	0.1919	0.1914	-0.4315	-0.05168	0.3219	47490.0	32400.0	0.2351	0.9999
beta2_divergent[20]	0.04086	0.001293	0.1971	0.1956	-0.3386	0.03812	0.4366	23300.0	27930.0	0.1153	1.0
beta2_divergent[21]	0.06302	0.001309	0.2038	0.2024	-0.3396	0.06401	0.4649	24360.0	30520.0	0.1206	1.0
beta2_divergent[22]	-0.00236	0.002112	0.2654	0.2616	-0.5293	-0.001427	0.5124	15860.0	24340.0	0.07851	1.0
beta2_divergent[23]	-0.405	0.001132	0.2089	0.2093	-0.8211	-0.4026	-0.003691	34170.0	30120.0	0.1691	1.0
beta2_divergent[24]	-0.0624	0.001508	0.2654	0.2606	-0.5918	-0.06105	0.4589	30980.0	28060.0	0.1533	1.0
beta2_divergent[25]	-0.02328	0.001874	0.3124	0.3087	-0.629	-0.02567	0.5965	27900.0	26550.0	0.1381	1.0
beta2_divergent[26]	-0.3718	0.002058	0.228	0.2272	-0.8348	-0.3661	0.06217	12300.0	23450.0	0.06089	1.0
beta2_divergent[27]	-0.03981	0.001281	0.2308	0.2299	-0.495	-0.0392	0.4183	32620.0	28420.0	0.1615	1.0
beta2_divergent[28]	0.217	0.001128	0.2054	0.2033	-0.1803	0.2161	0.6253	33250.0	30650.0	0.1646	1.0
beta2_divergent[29]	0.3746	0.001221	0.2062	0.2034	-0.02191	0.3724	0.7914	28530.0	32120.0	0.1412	1.0
beta2_divergent[30]	0.02404	0.0009718	0.1976	0.1951	-0.3619	0.02432	0.4137	41490.0	30900.0	0.2054	1.0
beta2_divergent[31]	-0.1321	0.001364	0.2377	0.2359	-0.6046	-0.1297	0.3276	30360.0	27010.0	0.1503	1.0
beta2_divergent[32]	0.001067	0.0008843	0.18	0.1799	-0.3489	0.0005335	0.3564	41700.0	32480.0	0.2064	1.0
beta2_divergent[33]	0.2883	0.002752	0.2863	0.2836	-0.2777	0.2887	0.8455	10830.0	23980.0	0.05361	1.0
beta2_divergent[34]	0.0457	0.0008173	0.1803	0.1786	-0.3056	0.04381	0.405	48870.0	29970.0	0.2419	1.0
beta2_divergent[35]	-0.06331	0.001755	0.2883	0.281	-0.6329	-0.06269	0.5078	26910.0	29710.0	0.1332	1.0
beta2_divergent[36]	-0.2041	0.001073	0.2135	0.2112	-0.6289	-0.2026	0.2096	39790.0	31670.0	0.1969	1.0
beta2_divergent[37]	-0.5911	0.001313	0.2219	0.2203	-1.042	-0.5866	-0.1706	28910.0	28980.0	0.1431	1.0
beta2_divergent[38]	-0.09238	0.0009084	0.1908	0.1902	-0.4688	-0.09168	0.2829	44640.0	32670.0	0.221	1.0
beta2_divergent[39]	0.0567	0.001415	0.3001	0.2945	-0.5239	0.05203	0.6572	45120.0	30610.0	0.2233	1.0
beta2_divergent[40]	0.3623	0.002155	0.2118	0.212	-0.04155	0.3581	0.785	9695.0	25830.0	0.04799	1.001
beta2_divergent[41]	-0.2722	0.001342	0.2383	0.2358	-0.7433	-0.2706	0.1927	31600.0	30440.0	0.1564	1.0
beta2_divergent[42]	-0.183	0.001319	0.2088	0.2063	-0.6069	-0.1786	0.213	25540.0	30500.0	0.1264	1.0
beta2_divergent[43]	0.04899	0.004415	0.2815	0.2813	-0.493	0.04507	0.6116	4081.0	15060.0	0.0202	1.001
beta2_divergent[44]	0.01676	0.001386	0.3101	0.3071	-0.5832	0.01483	0.6276	50310.0	29530.0	0.249	1.0
beta2_divergent[45]	0.1029	0.00165	0.2784	0.2706	-0.4451	0.1022	0.6571	28470.0	31110.0	0.1409	1.0
beta2_divergent[46]	0.2086	0.005852	0.3154	0.3169	-0.3977	0.2073	0.8258	2910.0	12040.0	0.0144	1.002
beta2_divergent[47]	-0.2488	0.005703	0.3067	0.3098	-0.8675	-0.2407	0.3289	2901.0	11920.0	0.01436	1.002
beta2_divergent[48]	0.002276	0.002432	0.2172	0.213	-0.4271	0.004213	0.427	8003.0	21430.0	0.03961	1.0
beta2_divergent[49]	-0.5061	0.001022	0.1976	0.1946	-0.905	-0.5006	-0.1295	37370.0	31920.0	0.185	1.0
beta2_divergent[50]	-0.04615	0.001327	0.3182	0.3107	-0.6743	-0.04701	0.581	57420.0	29200.0	0.2842	1.0
beta2_divergent[51]	-0.1475	0.001396	0.2926	0.2865	-0.7319	-0.1466	0.4282	43960.0	31570.0	0.2176	1.0
beta2_divergent[52]	-0.2541	0.00275	0.2142	0.2137	-0.681	-0.2523	0.1579	6088.0	19180.0	0.03014	1.001
beta2_divergent[53]	-0.1225	0.001239	0.2411	0.2371	-0.6039	-0.1206	0.3471	37800.0	30960.0	0.1871	1.0
beta2_divergent[54]	0.04661	0.001134	0.2023	0.2002	-0.3484	0.04682	0.4467	31840.0	28910.0	0.1576	1.0
beta2_divergent[55]	-0.1582	0.0009298	0.1997	0.1986	-0.5586	-0.1558	0.2262	46370.0	31700.0	0.2295	1.0
beta2_divergent[56]	0.2228	0.001413	0.2147	0.2133	-0.1952	0.2223	0.6514	23070.0	30410.0	0.1142	1.0
beta2_divergent[57]	0.1243	0.003862	0.2529	0.2518	-0.3735	0.125	0.6215	4300.0	15480.0	0.02128	1.001
beta2_divergent[58]	-0.007639	0.001397	0.3163	0.3102	-0.63	-0.009447	0.6178	51320.0	30580.0	0.254	1.0
beta2_divergent[59]	0.1864	0.002099	0.2145	0.2131	-0.2324	0.1865	0.608	10460.0	22270.0	0.0518	1.001
beta2_divergent[60]	-0.1967	0.001069	0.2051	0.2051	-0.6056	-0.194	0.1974	37000.0	31750.0	0.1832	1.0
beta2_divergent[61]	-0.003108	0.001152	0.2103	0.2078	-0.4147	-0.00332	0.4118	33450.0	29430.0	0.1656	1.0
beta2_divergent[62]	0.3099	0.002622	0.2946	0.291	-0.2712	0.3118	0.8869	12730.0	22330.0	0.063	1.0
beta2_divergent[63]	-0.4305	0.002746	0.2694	0.2637	-0.9831	-0.4211	0.07591	9713.0	23770.0	0.04808	1.0
beta2_divergent[64]	0.2314	0.005998	0.3256	0.3293	-0.3907	0.2249	0.8811	2961.0	12270.0	0.01466	1.002
beta2_divergent[65]	-0.01058	0.001443	0.3152	0.3069	-0.6312	-0.0127	0.6205	47940.0	30140.0	0.2373	1.0
beta2_divergent[66]	0.1081	0.002878	0.2959	0.2898	-0.4774	0.109	0.6871	10610.0	21110.0	0.05254	1.0
beta2_divergent[67]	0.04333	0.001449	0.3028	0.297	-0.5414	0.03895	0.6561	43810.0	30740.0	0.2168	1.0
beta2_divergent[68]	0.003341	0.001414	0.3078	0.3014	-0.6002	0.002603	0.61	47410.0	30830.0	0.2347	1.0
beta2_divergent[69]	-0.1784	0.003418	0.2796	0.2767	-0.7331	-0.1788	0.3745	6718.0	20420.0	0.03325	1.001
beta2_divergent[70]	-0.102	0.001445	0.2603	0.2566	-0.623	-0.09861	0.4081	32520.0	27340.0	0.161	1.0
beta2_divergent[71]	0.192	0.00152	0.2771	0.2749	-0.3447	0.189	0.7442	33320.0	28900.0	0.1649	1.0
beta2_divergent[72]	0.02617	0.001589	0.2995	0.2905	-0.5644	0.02507	0.6157	35630.0	28550.0	0.1764	1.0
beta2_divergent[73]	-0.2817	0.001673	0.2321	0.2277	-0.7231	-0.2879	0.1914	19500.0	25730.0	0.09654	1.0
beta2_divergent[74]	-0.08311	0.001338	0.2823	0.2773	-0.6434	-0.08253	0.4719	44590.0	31850.0	0.2207	1.0
beta2_divergent[75]	0.2002	0.003673	0.3229	0.3244	-0.4511	0.2059	0.8162	7753.0	18120.0	0.03838	1.001
beta2_divergent[76]	-0.199	0.002147	0.2177	0.2127	-0.6276	-0.2	0.2301	10330.0	23510.0	0.05116	1.0
beta2_divergent[77]	0.2033	0.001988	0.1985	0.1974	-0.1841	0.2032	0.5946	9949.0	21650.0	0.04925	1.0
beta2_divergent[78]	0.05288	0.001045	0.1949	0.1934	-0.328	0.05101	0.44	34800.0	31170.0	0.1722	1.0
beta2_divergent[79]	-0.3833	0.001266	0.24	0.2351	-0.8776	-0.3767	0.06729	36550.0	30270.0	0.1809	1.0
beta2_divergent[80]	-0.06459	0.002592	0.2148	0.2141	-0.4865	-0.06479	0.3547	6854.0	22070.0	0.03393	1.001
beta2_divergent[81]	-0.1007	0.001001	0.1862	0.1862	-0.4608	-0.1018	0.2663	34800.0	30860.0	0.1723	1.0
beta2_divergent[82]	0.04431	0.001403	0.1982	0.1949	-0.3432	0.0424	0.437	20160.0	28500.0	0.0998	1.0
beta2_divergent[83]	0.1996	0.003165	0.2161	0.2195	-0.2153	0.1976	0.6268	4674.0	15900.0	0.02313	1.001
beta2_divergent[84]	0.564	0.001703	0.2365	0.2328	0.1025	0.5634	1.03	19510.0	23440.0	0.09659	1.0
beta2_divergent[85]	-0.04397	0.002067	0.2012	0.2015	-0.4375	-0.04329	0.3498	9486.0	22590.0	0.04695	1.0
beta2_divergent[86]	0.2968	0.001536	0.2055	0.2054	-0.09926	0.2946	0.704	18010.0	26110.0	0.08913	1.0
beta2_divergent[87]	-0.2223	0.001776	0.293	0.2881	-0.8112	-0.2174	0.3412	27350.0	31100.0	0.1354	1.0
beta2_divergent[88]	-0.07155	0.00154	0.3194	0.3122	-0.7031	-0.06917	0.5509	43110.0	29200.0	0.2134	1.0
beta2_divergent[89]	-0.08794	0.0008679	0.1852	0.1846	-0.4545	-0.0859	0.2686	45650.0	32550.0	0.226	1.0
beta2_divergent[90]	-0.2617	0.001942	0.2095	0.2095	-0.6826	-0.2576	0.1389	11710.0	22310.0	0.05796	1.0
beta2_divergent[91]	-0.1022	0.001415	0.3031	0.3002	-0.7015	-0.1011	0.4912	45980.0	31300.0	0.2276	1.0
beta2_divergent[92]	0.3065	0.003481	0.2638	0.2645	-0.2044	0.3048	0.8303	5767.0	17850.0	0.02855	1.0
beta2_divergent[93]	-0.1663	0.001873	0.2176	0.2176	-0.5998	-0.1653	0.2547	13540.0	23700.0	0.06704	1.0
beta2_divergent[94]	-0.4854	0.004528	0.3093	0.3055	-1.089	-0.4836	0.1271	4661.0	15110.0	0.02307	1.001
beta2_divergent[95]	0.08077	0.002407	0.2046	0.203	-0.3179	0.08052	0.4849	7226.0	20440.0	0.03577	1.001
beta2_divergent[96]	0.3168	0.001149	0.2079	0.2063	-0.08624	0.3137	0.7314	32830.0	29270.0	0.1625	1.0
beta2_divergent[97]	-0.5018	0.001116	0.2042	0.203	-0.9057	-0.5017	-0.107	33650.0	30250.0	0.1666	1.0
beta2_divergent[98]	-0.2362	0.002839	0.2347	0.2342	-0.7021	-0.2346	0.2171	6856.0	21560.0	0.03394	1.001
beta2_divergent[99]	-0.1318	0.001444	0.2363	0.2338	-0.6045	-0.1286	0.3228	26950.0	31290.0	0.1334	1.0
beta2_divergent[100]	0.1764	0.001537	0.1976	0.1955	-0.2112	0.175	0.5686	16550.0	28860.0	0.08192	1.0
beta2_divergent[101]	-0.04797	0.001171	0.2097	0.2081	-0.4628	-0.048	0.3622	32150.0	31580.0	0.1591	1.0
beta2_divergent[102]	-0.2285	0.00213	0.2942	0.2894	-0.809	-0.2269	0.346	19170.0	27000.0	0.09487	1.0
beta2_divergent[103]	-0.3015	0.001839	0.2085	0.2073	-0.713	-0.3002	0.1039	12850.0	23950.0	0.06362	1.0
beta2_divergent[104]	0.06073	0.001157	0.1965	0.1958	-0.3187	0.05984	0.4485	29030.0	30740.0	0.1437	1.0
beta2_divergent[105]	-0.07874	0.003678	0.2376	0.2402	-0.5494	-0.07829	0.378	4198.0	14350.0	0.02078	1.001
beta2_divergent[106]	-0.06697	0.0008515	0.1855	0.1851	-0.4324	-0.0678	0.2941	47530.0	31930.0	0.2353	1.0
beta2_divergent[107]	-0.338	0.001305	0.176	0.1751	-0.6865	-0.3369	0.008024	18330.0	29300.0	0.09074	1.0
beta2_divergent[108]	0.02004	0.001157	0.2088	0.206	-0.3856	0.01788	0.4403	32680.0	28940.0	0.1618	1.0
beta2_divergent[109]	0.192	0.00169	0.2798	0.2742	-0.3592	0.1921	0.7454	27550.0	30160.0	0.1364	1.0
beta2_divergent[110]	-0.03527	0.0008706	0.182	0.1805	-0.3898	-0.03705	0.3265	43630.0	31590.0	0.216	1.0
beta2_divergent[111]	0.0008407	0.00135	0.2997	0.2939	-0.5821	-0.001005	0.5996	49400.0	30540.0	0.2445	1.0
beta2_divergent[112]	0.1596	0.001209	0.1886	0.1873	-0.2017	0.1566	0.5392	24710.0	29480.0	0.1223	1.0
beta2_divergent[113]	-0.3284	0.002727	0.2343	0.2333	-0.7979	-0.3275	0.1216	7381.0	20810.0	0.03654	1.001
beta2_divergent[114]	0.002749	0.002084	0.1986	0.197	-0.3835	0.0004025	0.3967	9107.0	23950.0	0.04508	1.001
beta2_divergent[115]	-0.1022	0.003147	0.2745	0.2701	-0.6605	-0.09796	0.4274	7654.0	20010.0	0.03789	1.001
beta2_divergent[116]	0.1437	0.0008738	0.1809	0.179	-0.2113	0.143	0.5039	42900.0	32670.0	0.2124	1.0
beta2_divergent[117]	-0.2196	0.001052	0.1915	0.1889	-0.5977	-0.219	0.1568	33200.0	31530.0	0.1644	1.0
beta2_divergent[118]	0.1155	0.001886	0.195	0.1953	-0.265	0.1148	0.4986	10830.0	25460.0	0.05362	1.001
beta2_divergent[119]	-0.06667	0.001092	0.2019	0.2013	-0.4677	-0.06574	0.3261	34350.0	29940.0	0.17	1.0
beta2_divergent[120]	0.007686	0.001565	0.2735	0.2679	-0.5332	0.006142	0.551	30700.0	31490.0	0.152	1.0
beta2_divergent[121]	0.1748	0.001389	0.2602	0.2543	-0.3326	0.1728	0.6935	35170.0	31730.0	0.1741	1.0
beta2_divergent[122]	0.1467	0.0009222	0.1868	0.1876	-0.217	0.1461	0.5164	41150.0	31120.0	0.2037	1.0
beta2_divergent[123]	-0.1583	0.00195	0.2033	0.2012	-0.5709	-0.1558	0.2319	10990.0	25410.0	0.05438	1.0
beta2_divergent[124]	0.005656	0.0009052	0.1907	0.1886	-0.3713	0.005786	0.3805	44480.0	32220.0	0.2202	1.0
beta2_divergent[125]	-0.09519	0.0008848	0.188	0.1859	-0.4681	-0.09418	0.2728	45340.0	32030.0	0.2244	1.0
beta2_divergent[126]	-0.007716	0.0008969	0.1889	0.188	-0.3791	-0.007242	0.3625	44450.0	30760.0	0.22	1.0
beta2_divergent[127]	-0.2021	0.0009158	0.1959	0.1942	-0.5858	-0.202	0.1864	45870.0	31580.0	0.227	1.0
beta2_divergent[128]	0.2979	0.003953	0.2423	0.2464	-0.1695	0.2969	0.7727	3780.0	14420.0	0.01871	1.001
beta2_divergent[129]	-0.04925	0.001245	0.2173	0.214	-0.4777	-0.04882	0.3718	30750.0	29400.0	0.1522	1.0
beta2_divergent[130]	0.007958	0.004083	0.277	0.2868	-0.5301	0.009339	0.5396	4640.0	14260.0	0.02297	1.001
beta2_divergent[131]	-0.1947	0.003327	0.2415	0.2415	-0.671	-0.1956	0.2729	5265.0	18200.0	0.02606	1.001
beta2_divergent[132]	-0.2768	0.003369	0.2492	0.2482	-0.7736	-0.2748	0.2058	5483.0	18380.0	0.02714	1.0
beta2_divergent[133]	0.1748	0.001578	0.3012	0.2953	-0.4043	0.1694	0.778	36680.0	28980.0	0.1816	1.0
beta2_divergent[134]	0.03973	0.0008316	0.1831	0.1819	-0.3156	0.03983	0.3986	48220.0	32520.0	0.2387	1.0
beta2_divergent[135]	0.06454	0.0009581	0.1972	0.1963	-0.3217	0.06505	0.4523	42390.0	31110.0	0.2098	1.0
beta2_divergent[136]	-0.04224	0.001406	0.2694	0.2645	-0.5872	-0.0375	0.4729	36820.0	31100.0	0.1823	1.0
beta2_divergent[137]	-0.04542	0.0007964	0.1781	0.1762	-0.3929	-0.04501	0.3027	50090.0	31370.0	0.248	1.0
beta2_divergent[138]	-0.1617	0.0009612	0.1973	0.1944	-0.5566	-0.1604	0.2218	42380.0	30980.0	0.2098	1.0
beta2_divergent[139]	-0.07242	0.001003	0.2018	0.2003	-0.4701	-0.072	0.3214	40550.0	30080.0	0.2007	1.0
beta2_divergent[140]	-0.4491	0.002545	0.2496	0.2481	-0.9585	-0.4425	0.02009	9639.0	22670.0	0.04771	1.0
beta2_divergent[141]	0.1679	0.002325	0.248	0.2439	-0.3202	0.1677	0.6581	11440.0	25590.0	0.05662	1.0
betac_divergent[1]	0.2183	0.005411	0.3317	0.3295	-0.4297	0.2154	0.8818	3800.0	14380.0	0.01881	1.002
betac_divergent[2]	-0.4331	0.004443	0.3249	0.3259	-1.087	-0.425	0.1769	5413.0	19300.0	0.02679	1.001
betac_divergent[3]	0.1608	0.00132	0.2776	0.2758	-0.3864	0.1617	0.7043	44350.0	31370.0	0.2195	1.0
betac_divergent[4]	0.7541	0.004617	0.4566	0.4507	-0.0857	0.7331	1.71	10410.0	15290.0	0.05152	1.0
betac_divergent[5]	0.3493	0.001643	0.2548	0.2523	-0.1498	0.3488	0.8522	24340.0	28210.0	0.1205	1.0
betac_divergent[6]	0.2264	0.002455	0.2624	0.2602	-0.28	0.2229	0.752	11670.0	25910.0	0.05777	1.001
betac_divergent[7]	-0.1399	0.00552	0.4592	0.4551	-1.072	-0.1302	0.7407	7005.0	21410.0	0.03467	1.001
betac_divergent[8]	-0.201	0.006227	0.3222	0.3271	-0.8192	-0.2029	0.4322	2716.0	11530.0	0.01345	1.002
betac_divergent[9]	0.04297	0.007821	0.3774	0.3794	-0.6953	0.04403	0.7881	2346.0	10660.0	0.01161	1.003
betac_divergent[10]	0.1434	0.005131	0.2399	0.2435	-0.3342	0.1492	0.6009	2225.0	11120.0	0.01101	1.003
betac_divergent[11]	0.1678	0.002235	0.2341	0.2352	-0.292	0.1694	0.6293	11050.0	27840.0	0.05472	1.001
betac_divergent[12]	0.009503	0.005924	0.2337	0.2404	-0.4453	0.008488	0.4589	1583.0	9799.0	0.007838	1.004
betac_divergent[13]	1.174	0.005302	0.3752	0.3745	0.4867	1.157	1.957	5107.0	16690.0	0.02528	1.001
betac_divergent[14]	0.1048	0.001812	0.306	0.3064	-0.4934	0.1038	0.7053	28660.0	29640.0	0.1419	1.0
betac_divergent[15]	0.06906	0.005179	0.3232	0.3233	-0.5598	0.06724	0.7094	3950.0	15350.0	0.01955	1.001
betac_divergent[16]	0.2086	0.001412	0.2924	0.2901	-0.3669	0.2068	0.7854	42920.0	30780.0	0.2125	1.0
betac_divergent[17]	-0.1561	0.002938	0.2444	0.2431	-0.6314	-0.1582	0.3302	7026.0	19780.0	0.03478	1.001
betac_divergent[18]	0.2382	0.008203	0.3842	0.3892	-0.4963	0.2336	1.007	2216.0	10790.0	0.01097	1.003
betac_divergent[19]	0.3	0.005234	0.3258	0.3244	-0.3383	0.2981	0.9407	3940.0	15920.0	0.0195	1.001
betac_divergent[20]	0.3204	0.002109	0.3205	0.3202	-0.296	0.314	0.9628	23600.0	28990.0	0.1168	1.0
betac_divergent[21]	-0.1754	0.001564	0.2982	0.2976	-0.76	-0.1762	0.4111	36410.0	30210.0	0.1802	1.0
betac_divergent[22]	0.04423	0.00188	0.2465	0.247	-0.4392	0.04249	0.5285	17270.0	29910.0	0.0855	1.0
betac_divergent[23]	-0.09024	0.00204	0.3236	0.3213	-0.7338	-0.08775	0.5359	25470.0	28260.0	0.1261	1.0
betac_divergent[24]	0.4421	0.004824	0.2831	0.2843	-0.08845	0.4357	1.019	3482.0	14030.0	0.01723	1.002
betac_divergent[25]	0.3199	0.00807	0.2912	0.3075	-0.258	0.3309	0.8513	1342.0	6887.0	0.006644	1.005
betac_divergent[26]	0.06739	0.002065	0.2925	0.2903	-0.5124	0.06828	0.641	20300.0	30390.0	0.1005	1.0
betac_divergent[27]	0.2064	0.007264	0.3028	0.3105	-0.3805	0.2086	0.7942	1767.0	8383.0	0.008744	1.004
betac_divergent[28]	0.609	0.007726	0.295	0.3035	0.01943	0.6206	1.155	1500.0	6135.0	0.007424	1.005
betac_divergent[29]	-0.1371	0.003257	0.2737	0.2734	-0.6723	-0.138	0.4034	7131.0	17220.0	0.0353	1.001
betac_divergent[30]	-0.1211	0.004446	0.369	0.3658	-0.8579	-0.1165	0.5918	7028.0	25000.0	0.03479	1.001
betac_divergent[31]	0.3455	0.001736	0.269	0.2671	-0.1852	0.346	0.8713	24270.0	23300.0	0.1201	1.0
betac_divergent[32]	0.3085	0.003594	0.2921	0.2922	-0.2559	0.3069	0.8913	6722.0	18780.0	0.03327	1.001
betac_divergent[33]	0.8701	0.003644	0.267	0.2673	0.3625	0.8627	1.406	5414.0	20370.0	0.0268	1.001
betac_divergent[34]	-0.1424	0.002523	0.2762	0.2763	-0.6864	-0.1401	0.3919	12170.0	28000.0	0.06023	1.0
betac_divergent[35]	0.2078	0.006891	0.2649	0.2728	-0.3133	0.2123	0.708	1505.0	7382.0	0.007451	1.004
betac_divergent[36]	0.7884	0.002213	0.2828	0.2811	0.2452	0.782	1.357	16640.0	27560.0	0.08234	1.0
betac_divergent[37]	-0.3009	0.001419	0.2693	0.265	-0.8344	-0.2979	0.2202	36290.0	29060.0	0.1796	1.0
betac_divergent[38]	0.09396	0.001635	0.2586	0.2556	-0.416	0.09328	0.604	25190.0	29410.0	0.1247	1.0
betac_divergent[39]	0.3003	0.003228	0.2331	0.2337	-0.1643	0.3026	0.7486	5286.0	14500.0	0.02617	1.001
betac_divergent[40]	0.9219	0.005933	0.2955	0.2968	0.3248	0.9294	1.481	2535.0	7477.0	0.01255	1.003
betac_divergent[41]	-0.2175	0.001471	0.2756	0.2742	-0.7583	-0.2172	0.321	35180.0	30690.0	0.1742	1.0
betac_divergent[42]	-0.2679	0.005689	0.3596	0.3565	-0.9693	-0.2677	0.445	4034.0	13000.0	0.01997	1.002
betac_divergent[43]	0.2873	0.005246	0.3421	0.3438	-0.3753	0.2859	0.96	4295.0	18180.0	0.02126	1.001
betac_divergent[44]	0.443	0.001549	0.2028	0.202	0.04003	0.444	0.8362	17350.0	28560.0	0.08587	1.0
betac_divergent[45]	-0.1278	0.005466	0.286	0.2897	-0.6848	-0.1288	0.4319	2777.0	14270.0	0.01375	1.003
betac_divergent[46]	0.2988	0.007862	0.4777	0.4749	-0.61	0.2889	1.269	3738.0	13210.0	0.0185	1.002
betac_divergent[47]	0.09416	0.006282	0.4751	0.4696	-0.8455	0.09464	1.025	5782.0	19210.0	0.02862	1.001
betac_divergent[48]	-0.3399	0.001825	0.331	0.328	-0.9915	-0.3387	0.3083	33010.0	29920.0	0.1634	1.0
betac_divergent[49]	-0.2002	0.001933	0.3027	0.3004	-0.7997	-0.1964	0.3849	24750.0	29760.0	0.1225	1.0
betac_divergent[50]	0.1554	0.01126	0.3371	0.373	-0.4803	0.162	0.7751	938.4	5273.0	0.004645	1.007
betac_divergent[51]	-0.254	0.004361	0.2354	0.2374	-0.7075	-0.2553	0.207	2952.0	12540.0	0.01461	1.002
betac_divergent[52]	0.558	0.00561	0.2983	0.3006	-0.01349	0.5529	1.15	2855.0	11980.0	0.01413	1.002
betac_divergent[53]	0.2602	0.002541	0.2722	0.27	-0.2813	0.2636	0.7896	11760.0	24090.0	0.05823	1.0
betac_divergent[54]	0.05214	0.001072	0.2322	0.2323	-0.401	0.05118	0.5056	47010.0	32400.0	0.2327	1.0
betac_divergent[55]	0.2134	0.00233	0.255	0.2565	-0.2902	0.2154	0.7109	12160.0	23090.0	0.06019	1.0
betac_divergent[56]	1.046	0.006693	0.3386	0.3443	0.4115	1.037	1.737	2582.0	12040.0	0.01278	1.002
betac_divergent[57]	0.3238	0.005479	0.2583	0.2622	-0.189	0.327	0.8177	2255.0	8734.0	0.01116	1.003
betac_divergent[58]	0.2146	0.003942	0.223	0.2248	-0.2275	0.2173	0.6427	3230.0	11320.0	0.01599	1.002
betac_divergent[59]	0.04426	0.005211	0.2902	0.2931	-0.5123	0.04021	0.6199	3145.0	12950.0	0.01557	1.002
betac_divergent[60]	0.05151	0.00235	0.2666	0.2652	-0.4784	0.05407	0.5714	13040.0	25400.0	0.06453	1.001
betac_divergent[61]	0.2778	0.0009948	0.2144	0.213	-0.1374	0.2768	0.7012	46540.0	32560.0	0.2304	1.0
betac_divergent[62]	1.022	0.005898	0.3369	0.3413	0.3972	1.013	1.713	3312.0	15000.0	0.0164	1.002
betac_divergent[63]	-0.1518	0.001737	0.2728	0.2735	-0.6873	-0.1501	0.3749	24800.0	32540.0	0.1228	1.0
betac_divergent[64]	0.5268	0.004068	0.4437	0.4334	-0.3022	0.5085	1.444	12430.0	22180.0	0.06151	1.0
betac_divergent[65]	0.01424	0.003208	0.2118	0.2144	-0.4009	0.01569	0.4246	4394.0	18120.0	0.02175	1.002
betac_divergent[66]	0.5233	0.001324	0.2416	0.2389	0.03847	0.5254	0.9903	33750.0	29340.0	0.1671	1.0
betac_divergent[67]	0.6019	0.006252	0.2643	0.2703	0.07975	0.6058	1.102	1824.0	7589.0	0.009029	1.004
betac_divergent[68]	-0.402	0.006632	0.253	0.2638	-0.8802	-0.4058	0.09302	1487.0	6246.0	0.007362	1.005
betac_divergent[69]	0.1644	0.002161	0.2141	0.2133	-0.261	0.1674	0.5809	9930.0	26800.0	0.04915	1.001
betac_divergent[70]	0.432	0.001386	0.2495	0.2455	-0.06059	0.433	0.9212	32470.0	30410.0	0.1607	1.0
betac_divergent[71]	-0.1467	0.006835	0.2703	0.2804	-0.6537	-0.1514	0.3861	1596.0	8706.0	0.007898	1.004
betac_divergent[72]	0.7106	0.01326	0.3934	0.4297	-0.06592	0.738	1.4	930.7	4877.0	0.004607	1.008
betac_divergent[73]	0.1755	0.001371	0.2561	0.2554	-0.3203	0.1735	0.6792	35010.0	29980.0	0.1733	1.0
betac_divergent[74]	-0.03704	0.00394	0.2692	0.2711	-0.5616	-0.0374	0.4902	4742.0	20800.0	0.02347	1.001
betac_divergent[75]	0.6994	0.004965	0.4584	0.4446	-0.1431	0.6716	1.668	9125.0	13920.0	0.04517	1.0
betac_divergent[76]	-0.598	0.001811	0.2961	0.295	-1.186	-0.5956	-0.0251	27040.0	31080.0	0.1338	1.0
betac_divergent[77]	0.2062	0.006801	0.3448	0.3466	-0.4569	0.2022	0.8928	2604.0	12940.0	0.01289	1.002
betac_divergent[78]	0.02998	0.002358	0.2885	0.2863	-0.5348	0.02744	0.6018	15130.0	27600.0	0.07487	1.0
betac_divergent[79]	-0.3344	0.003185	0.26	0.2602	-0.8483	-0.3314	0.1657	6665.0	25870.0	0.03299	1.001
betac_divergent[80]	0.03621	0.003259	0.2402	0.2445	-0.4381	0.03903	0.4941	5502.0	17740.0	0.02724	1.001
betac_divergent[81]	0.1626	0.001696	0.2907	0.288	-0.4038	0.1608	0.7402	29510.0	30530.0	0.1461	1.0
betac_divergent[82]	-0.02861	0.005076	0.3475	0.3504	-0.6973	-0.03143	0.6539	4761.0	16670.0	0.02356	1.001
betac_divergent[83]	0.005766	0.002077	0.2408	0.2407	-0.4732	0.006753	0.4788	13500.0	28100.0	0.06681	1.0
betac_divergent[84]	1.001	0.005404	0.3825	0.3808	0.2968	0.9852	1.788	5140.0	16220.0	0.02544	1.001
betac_divergent[85]	0.5094	0.001425	0.2738	0.271	-0.02139	0.5068	1.053	37020.0	30690.0	0.1832	1.0
betac_divergent[86]	0.1099	0.003207	0.2518	0.2523	-0.3764	0.1084	0.6073	6262.0	17270.0	0.031	1.001
betac_divergent[87]	-0.05476	0.005265	0.232	0.2382	-0.5051	-0.05505	0.3953	1974.0	10510.0	0.009771	1.003
betac_divergent[88]	-0.1062	0.00578	0.2367	0.2456	-0.5649	-0.1072	0.349	1706.0	8789.0	0.008442	1.004
betac_divergent[89]	0.2261	0.001358	0.2841	0.2831	-0.3261	0.2257	0.7866	43850.0	31720.0	0.217	1.0
betac_divergent[90]	-0.001374	0.00398	0.4124	0.41	-0.8292	0.006143	0.7956	10920.0	25340.0	0.05407	1.001
betac_divergent[91]	0.1162	0.002301	0.2056	0.205	-0.2909	0.1182	0.5133	8051.0	23970.0	0.03985	1.001
betac_divergent[92]	0.5793	0.005752	0.2883	0.2864	0.01204	0.5809	1.138	2543.0	8658.0	0.01259	1.003
betac_divergent[93]	0.01096	0.00222	0.2563	0.2551	-0.5005	0.01396	0.5053	13470.0	29180.0	0.06669	1.001
betac_divergent[94]	0.3795	0.001988	0.2547	0.2526	-0.1205	0.3804	0.8808	16520.0	27420.0	0.08178	1.0
betac_divergent[95]	0.06098	0.001344	0.2531	0.2527	-0.4339	0.06131	0.5561	35650.0	32480.0	0.1764	1.0
betac_divergent[96]	0.6331	0.003493	0.301	0.2999	0.06189	0.6268	1.239	7608.0	21910.0	0.03766	1.001
betac_divergent[97]	-0.3026	0.001729	0.3171	0.3145	-0.935	-0.2993	0.3174	33880.0	29230.0	0.1677	1.0
betac_divergent[98]	-0.6458	0.001685	0.2564	0.2564	-1.154	-0.6436	-0.1521	23200.0	29220.0	0.1148	1.0
betac_divergent[99]	-0.4518	0.001879	0.2514	0.2494	-0.946	-0.4502	0.03864	17970.0	30700.0	0.08896	1.0
betac_divergent[100]	-0.1885	0.003354	0.2714	0.2695	-0.7232	-0.1856	0.3399	6534.0	22340.0	0.03234	1.001
betac_divergent[101]	0.6464	0.002521	0.2619	0.2612	0.1324	0.6449	1.161	10920.0	21960.0	0.05407	1.0
betac_divergent[102]	-0.8128	0.001791	0.2671	0.2664	-1.345	-0.8091	-0.2999	22440.0	30150.0	0.1111	1.0
betac_divergent[103]	0.5685	0.001187	0.2492	0.2474	0.08386	0.5664	1.061	44250.0	31210.0	0.219	1.0
betac_divergent[104]	-0.2663	0.003952	0.2766	0.2775	-0.8207	-0.2626	0.2625	4932.0	20030.0	0.02442	1.001
betac_divergent[105]	0.2911	0.002618	0.2391	0.2381	-0.1794	0.2925	0.7564	8562.0	22510.0	0.04238	1.001
betac_divergent[106]	0.06883	0.004922	0.2879	0.2884	-0.4914	0.0659	0.6353	3449.0	13490.0	0.01707	1.002
betac_divergent[107]	0.1668	0.003514	0.2864	0.2844	-0.3887	0.1636	0.7394	6689.0	19040.0	0.03311	1.001
betac_divergent[108]	-0.3537	0.003833	0.3044	0.3035	-0.955	-0.3526	0.2375	6398.0	20960.0	0.03167	1.001
betac_divergent[109]	0.1566	0.001243	0.2512	0.2515	-0.3339	0.1537	0.6513	40930.0	31850.0	0.2026	1.0
betac_divergent[110]	0.3916	0.004241	0.3219	0.3208	-0.2307	0.3885	1.032	5825.0	22180.0	0.02883	1.001
betac_divergent[111]	0.2526	0.006536	0.2682	0.276	-0.2829	0.2617	0.7525	1716.0	7646.0	0.008493	1.004
betac_divergent[112]	0.04069	0.008013	0.346	0.3517	-0.6162	0.03438	0.7281	1898.0	7993.0	0.009394	1.003
betac_divergent[113]	-0.1427	0.004217	0.2423	0.2446	-0.6195	-0.1412	0.3303	3327.0	17930.0	0.01647	1.002
betac_divergent[114]	-0.2989	0.00288	0.3135	0.3113	-0.9212	-0.2976	0.3085	11870.0	26110.0	0.05876	1.0
betac_divergent[115]	0.09386	0.00407	0.2917	0.2899	-0.4674	0.09089	0.674	5200.0	15840.0	0.02574	1.001
betac_divergent[116]	0.1278	0.005323	0.3267	0.3243	-0.5347	0.1351	0.7484	3817.0	12940.0	0.0189	1.001
betac_divergent[117]	0.3959	0.004706	0.3207	0.3212	-0.2176	0.3929	1.037	4683.0	18630.0	0.02318	1.001
betac_divergent[118]	0.05237	0.004683	0.3134	0.3153	-0.5566	0.05208	0.6623	4526.0	19610.0	0.0224	1.001
betac_divergent[119]	0.1182	0.002241	0.2531	0.2532	-0.3794	0.1196	0.6118	12960.0	27730.0	0.06417	1.0
betac_divergent[120]	0.05392	0.004838	0.2813	0.2829	-0.4975	0.05576	0.5998	3420.0	16540.0	0.01693	1.002
betac_divergent[121]	0.8409	0.002086	0.274	0.2738	0.3255	0.8348	1.394	17480.0	28770.0	0.0865	1.0
betac_divergent[122]	0.04841	0.008517	0.3882	0.3955	-0.7059	0.04798	0.8031	2112.0	11490.0	0.01046	1.003
betac_divergent[123]	0.2604	0.005677	0.2709	0.2759	-0.251	0.2539	0.8055	2316.0	11660.0	0.01146	1.003
betac_divergent[124]	-0.01524	0.001369	0.2499	0.2506	-0.5056	-0.01531	0.4726	33540.0	31530.0	0.166	1.0
betac_divergent[125]	0.4175	0.001382	0.2843	0.2825	-0.1349	0.4153	0.9774	42350.0	32330.0	0.2096	1.0
betac_divergent[126]	0.3825	0.001458	0.2895	0.286	-0.1826	0.3799	0.9617	39490.0	31780.0	0.1955	1.0
betac_divergent[127]	0.4202	0.001366	0.2464	0.2459	-0.05848	0.4178	0.9039	32590.0	30350.0	0.1613	1.0
betac_divergent[128]	0.1058	0.001201	0.2339	0.2328	-0.3574	0.1062	0.5621	38040.0	31640.0	0.1883	1.0
betac_divergent[129]	0.4199	0.002913	0.2576	0.2559	-0.08809	0.4217	0.9244	7901.0	20990.0	0.03911	1.001
betac_divergent[130]	0.3741	0.002695	0.2131	0.2138	-0.04726	0.3784	0.7857	6305.0	15020.0	0.03121	1.001
betac_divergent[131]	0.4218	0.001932	0.1998	0.1992	0.03047	0.4218	0.8137	10800.0	23980.0	0.05346	1.0
betac_divergent[132]	0.06643	0.001044	0.2201	0.218	-0.3651	0.06671	0.4977	44520.0	32140.0	0.2204	1.0
betac_divergent[133]	0.07615	0.01684	0.4705	0.5414	-0.7995	0.08619	0.9191	821.8	4496.0	0.004068	1.008
betac_divergent[134]	-0.3624	0.001409	0.2761	0.2737	-0.9096	-0.36	0.1757	38390.0	31190.0	0.19	1.0
betac_divergent[135]	0.4496	0.004519	0.302	0.3046	-0.1283	0.4467	1.047	4556.0	19750.0	0.02255	1.001
betac_divergent[136]	-0.05981	0.00138	0.2372	0.2369	-0.5291	-0.05919	0.3988	30040.0	31690.0	0.1487	1.0
betac_divergent[137]	0.4194	0.00445	0.3041	0.3025	-0.1673	0.4172	1.019	4733.0	18140.0	0.02343	1.001
betac_divergent[138]	-0.1738	0.006965	0.3662	0.3706	-0.8893	-0.1762	0.5447	2800.0	10590.0	0.01386	1.002
betac_divergent[139]	0.7852	0.003299	0.3008	0.3013	0.2189	0.7789	1.392	8482.0	24860.0	0.04198	1.001
betac_divergent[140]	-0.07276	0.003057	0.2842	0.2853	-0.6342	-0.07261	0.486	8743.0	28120.0	0.04328	1.001
betac_divergent[141]	-0.4565	0.004069	0.2909	0.2893	-1.034	-0.4538	0.1107	5153.0	16110.0	0.02551	1.001
